t_s,setpoint_front,setpoint_middle,setpoint_back,setpoint_nozzle,sensor_front,sensor_middle,sensor_back,sensor_nozzle,steel_front,steel_middle,steel_back,steel_nozzle,band_front,band_middle,band_back,band_nozzle,duty_front,duty_middle,duty_back,duty_nozzle,power_w_front,power_w_middle,power_w_back,power_w_nozzle
0.01,180.000,180.000,170.000,175.000,22.000,22.000,22.000,22.000,22.000,22.000,22.000,22.000,22.012,22.012,22.012,22.021,1.0000,1.0000,1.0000,0.9500,700.00,700.00,700.00,200.00
1.00,180.000,180.000,170.000,175.000,22.000,22.000,22.000,22.000,22.001,22.001,22.001,22.001,23.245,23.245,23.245,23.987,1.0000,1.0000,1.0000,0.9500,700.00,700.00,700.00,0.00
2.00,180.000,180.000,170.000,175.000,22.000,22.000,22.000,22.000,22.005,22.005,22.005,22.005,24.481,24.481,24.481,25.959,1.0000,1.0000,1.0000,0.9500,700.00,700.00,700.00,0.00
3.00,180.000,180.000,170.000,175.000,22.000,22.000,22.000,22.000,22.010,22.010,22.010,22.012,25.707,25.707,25.707,27.917,1.0000,1.0000,1.0000,0.9500,700.00,700.00,700.00,0.00
4.00,180.000,180.000,170.000,175.000,22.001,22.001,22.001,22.001,22.018,22.018,22.018,22.020,26.925,26.925,26.925,29.860,1.0000,1.0000,1.0000,0.9500,700.00,700.00,700.00,0.00
5.00,180.000,180.000,170.000,175.000,22.002,22.002,22.002,22.002,22.028,22.028,22.028,22.031,28.135,28.135,28.135,31.789,1.0000,1.0000,1.0000,0.9500,700.00,700.00,700.00,0.00
6.00,180.000,180.000,170.000,175.000,22.003,22.003,22.003,22.004,22.040,22.040,22.040,22.044,29.335,29.335,29.335,33.702,1.0000,1.0000,1.0000,0.9500,700.00,700.00,700.00,0.00
7.00,180.000,180.000,170.000,175.000,22.005,22.005,22.005,22.006,22.055,22.055,22.055,22.059,30.527,30.527,30.527,35.602,1.0000,1.0000,1.0000,0.9500,700.00,700.00,700.00,0.00
8.00,180.000,180.000,170.000,175.000,22.008,22.008,22.008,22.009,22.072,22.072,22.072,22.076,31.711,31.711,31.711,37.487,1.0000,1.0000,1.0000,0.9500,700.00,700.00,700.00,0.00
9.00,180.000,180.000,170.000,175.000,22.011,22.011,22.011,22.012,22.090,22.090,22.090,22.095,32.886,32.886,32.886,39.358,1.0000,1.0000,1.0000,0.9500,700.00,700.00,700.00,0.00
10.00,180.000,180.000,170.000,175.000,22.015,22.015,22.015,22.016,22.111,22.111,22.111,22.116,34.052,34.052,34.052,41.215,1.0000,1.0000,1.0000,0.9500,700.00,700.00,700.00,0.00
11.00,180.000,180.000,170.000,175.000,22.020,22.020,22.020,22.022,22.134,22.134,22.134,22.138,35.211,35.211,35.210,43.058,1.0000,1.0000,1.0000,0.9500,700.00,700.00,700.00,0.00
12.00,180.000,180.000,170.000,175.000,22.026,22.026,22.026,22.028,22.159,22.159,22.159,22.163,36.361,36.361,36.361,44.887,1.0000,1.0000,1.0000,0.9500,700.00,700.00,700.00,0.00
13.00,180.000,180.000,170.000,175.000,22.033,22.033,22.033,22.034,22.186,22.186,22.186,22.188,37.502,37.503,37.502,46.702,1.0000,1.0000,1.0000,0.9500,700.00,700.00,700.00,0.00
14.00,180.000,180.000,170.000,175.000,22.041,22.041,22.041,22.042,22.215,22.215,22.215,22.215,38.636,38.636,38.636,48.503,1.0000,1.0000,1.0000,0.9500,700.00,700.00,700.00,0.00
15.00,180.000,180.000,170.000,175.000,22.050,22.050,22.050,22.051,22.246,22.246,22.246,22.244,39.762,39.762,39.762,50.291,1.0000,1.0000,1.0000,0.9500,700.00,700.00,700.00,0.00
16.00,180.000,180.000,170.000,175.000,22.060,22.060,22.060,22.061,22.279,22.279,22.279,22.274,40.880,40.880,40.880,52.065,1.0000,1.0000,1.0000,0.9500,700.00,700.00,700.00,0.00
17.00,180.000,180.000,170.000,175.000,22.071,22.071,22.071,22.072,22.314,22.314,22.314,22.306,41.990,41.990,41.990,53.826,1.0000,1.0000,1.0000,0.9500,700.00,700.00,700.00,0.00
18.00,180.000,180.000,170.000,175.000,22.083,22.083,22.083,22.083,22.351,22.351,22.351,22.339,43.092,43.093,43.092,55.574,1.0000,1.0000,1.0000,0.9500,700.00,700.00,700.00,0.00
19.00,180.000,180.000,170.000,175.000,22.097,22.097,22.097,22.096,22.390,22.390,22.390,22.373,44.187,44.187,44.187,57.308,1.0000,1.0000,1.0000,0.9500,700.00,700.00,700.00,0.00
20.00,180.000,180.000,170.000,175.000,22.111,22.111,22.111,22.110,22.431,22.431,22.431,22.408,45.274,45.274,45.273,59.029,1.0000,1.0000,1.0000,0.9500,700.00,700.00,700.00,0.00
21.00,180.000,180.000,170.000,175.000,22.127,22.127,22.127,22.125,22.473,22.473,22.473,22.444,46.353,46.353,46.353,60.737,1.0000,1.0000,1.0000,0.9500,700.00,700.00,700.00,0.00
22.00,180.000,180.000,170.000,175.000,22.145,22.145,22.145,22.141,22.518,22.518,22.518,22.482,47.425,47.425,47.424,62.433,1.0000,1.0000,1.0000,0.9500,700.00,700.00,700.00,0.00
23.00,180.000,180.000,170.000,175.000,22.164,22.164,22.164,22.158,22.564,22.564,22.564,22.521,48.489,48.490,48.489,64.115,1.0000,1.0000,1.0000,0.9500,700.00,700.00,700.00,0.00
24.00,180.000,180.000,170.000,175.000,22.184,22.184,22.184,22.176,22.612,22.612,22.612,22.560,49.546,49.547,49.546,65.785,1.0000,1.0000,1.0000,0.9500,700.00,700.00,700.00,0.00
25.00,180.000,180.000,170.000,175.000,22.205,22.205,22.205,22.196,22.663,22.663,22.663,22.601,50.595,50.596,50.595,67.442,1.0000,1.0000,1.0000,0.9500,700.00,700.00,700.00,0.00
26.00,180.000,180.000,170.000,175.000,22.228,22.228,22.228,22.216,22.714,22.714,22.714,22.643,51.638,51.639,51.637,69.086,1.0000,1.0000,1.0000,0.9500,700.00,700.00,700.00,0.00
27.00,180.000,180.000,170.000,175.000,22.253,22.253,22.253,22.237,22.768,22.768,22.768,22.685,52.673,52.674,52.672,70.718,1.0000,1.0000,1.0000,0.9500,700.00,700.00,700.00,0.00
28.00,180.000,180.000,170.000,175.000,22.278,22.278,22.278,22.260,22.824,22.824,22.824,22.729,53.701,53.702,53.700,72.338,1.0000,1.0000,1.0000,0.9500,700.00,700.00,700.00,0.00
29.00,180.000,180.000,170.000,175.000,22.306,22.306,22.306,22.283,22.881,22.881,22.881,22.773,54.722,54.723,54.721,73.945,1.0000,1.0000,1.0000,0.9500,700.00,700.00,700.00,0.00
30.00,180.000,180.000,170.000,175.000,22.334,22.334,22.334,22.308,22.940,22.940,22.940,22.819,55.735,55.737,55.735,75.540,1.0000,1.0000,1.0000,0.9500,700.00,700.00,700.00,0.00
31.00,180.000,180.000,170.000,175.000,22.365,22.365,22.365,22.333,23.000,23.000,23.000,22.865,56.742,56.744,56.742,77.124,1.0000,1.0000,1.0000,0.9500,700.00,700.00,700.00,0.00
32.00,180.000,180.000,170.000,175.000,22.396,22.396,22.396,22.360,23.063,23.063,23.063,22.912,57.742,57.745,57.742,78.695,1.0000,1.0000,1.0000,0.9500,700.00,700.00,700.00,0.00
33.00,180.000,180.000,170.000,175.000,22.430,22.430,22.430,22.387,23.127,23.127,23.127,22.960,58.736,58.738,58.736,80.254,1.0000,1.0000,1.0000,0.9500,700.00,700.00,700.00,0.00
34.00,180.000,180.000,170.000,175.000,22.465,22.465,22.465,22.416,23.193,23.193,23.193,23.008,59.722,59.725,59.722,81.801,1.0000,1.0000,1.0000,0.9500,700.00,700.00,700.00,0.00
35.00,180.000,180.000,170.000,175.000,22.501,22.501,22.501,22.445,23.260,23.260,23.260,23.057,60.702,60.705,60.702,83.337,1.0000,1.0000,1.0000,0.9500,700.00,700.00,700.00,0.00
36.00,180.000,180.000,170.000,175.000,22.539,22.539,22.539,22.476,23.329,23.329,23.329,23.107,61.675,61.678,61.675,84.861,1.0000,1.0000,1.0000,0.9500,700.00,700.00,700.00,0.00
37.00,180.000,180.000,170.000,175.000,22.578,22.578,22.578,22.507,23.400,23.400,23.400,23.158,62.642,62.645,62.642,86.374,1.0000,1.0000,1.0000,0.9500,700.00,700.00,700.00,0.00
38.00,180.000,180.000,170.000,175.000,22.619,22.619,22.619,22.539,23.472,23.472,23.472,23.209,63.602,63.606,63.602,87.875,1.0000,1.0000,1.0000,0.9500,700.00,700.00,700.00,0.00
39.00,180.000,180.000,170.000,175.000,22.662,22.662,22.662,22.573,23.546,23.546,23.546,23.261,64.555,64.560,64.555,89.364,1.0000,1.0000,1.0000,0.9500,700.00,700.00,700.00,0.00
40.00,180.000,180.000,170.000,175.000,22.706,22.706,22.706,22.607,23.622,23.622,23.622,23.313,65.503,65.507,65.502,90.843,1.0000,1.0000,1.0000,0.9500,700.00,700.00,700.00,0.00
41.00,180.000,180.000,170.000,175.000,22.751,22.751,22.751,22.642,23.699,23.699,23.699,23.366,66.443,66.448,66.443,92.310,1.0000,1.0000,1.0000,0.9500,700.00,700.00,700.00,0.00
42.00,180.000,180.000,170.000,175.000,22.799,22.799,22.798,22.678,23.778,23.778,23.777,23.420,67.378,67.383,67.378,93.766,1.0000,1.0000,1.0000,0.9500,700.00,700.00,700.00,0.00
43.00,180.000,180.000,170.000,175.000,22.847,22.847,22.847,22.715,23.858,23.858,23.858,23.474,68.306,68.312,68.306,95.211,1.0000,1.0000,1.0000,0.9500,700.00,700.00,700.00,0.00
44.00,180.000,180.000,170.000,175.000,22.898,22.898,22.897,22.752,23.940,23.940,23.939,23.529,69.228,69.235,69.228,96.645,1.0000,1.0000,1.0000,0.9500,700.00,700.00,700.00,0.00
45.00,180.000,180.000,170.000,175.000,22.949,22.949,22.949,22.791,24.023,24.023,24.023,23.584,70.144,70.151,70.144,98.068,1.0000,1.0000,1.0000,0.9500,700.00,700.00,700.00,0.00
46.00,180.000,180.000,170.000,175.000,23.003,23.003,23.003,22.830,24.108,24.108,24.107,23.640,71.054,71.062,71.054,99.481,1.0000,1.0000,1.0000,0.9500,700.00,700.00,700.00,0.00
47.00,180.000,180.000,170.000,175.000,23.058,23.058,23.058,22.871,24.194,24.194,24.194,23.697,71.958,71.966,71.958,100.882,1.0000,1.0000,1.0000,0.9500,700.00,700.00,700.00,0.00
48.00,180.000,180.000,170.000,175.000,23.114,23.114,23.114,22.912,24.282,24.282,24.281,23.754,72.856,72.865,72.856,102.273,1.0000,1.0000,1.0000,0.9500,700.00,700.00,700.00,0.00
49.00,180.000,180.000,170.000,175.000,23.172,23.172,23.172,22.953,24.371,24.371,24.371,23.811,73.748,73.757,73.748,103.654,1.0000,1.0000,1.0000,0.9500,700.00,700.00,700.00,0.00
50.00,180.000,180.000,170.000,175.000,23.232,23.232,23.232,22.996,24.461,24.462,24.461,23.869,74.634,74.644,74.634,105.024,1.0000,1.0000,1.0000,0.9500,700.00,700.00,700.00,0.00
51.00,180.000,180.000,170.000,175.000,23.293,23.293,23.293,23.039,24.553,24.554,24.553,23.927,75.515,75.525,75.515,106.384,1.0000,1.0000,1.0000,0.9500,700.00,700.00,700.00,0.00
52.00,180.000,180.000,170.000,175.000,23.356,23.356,23.355,23.083,24.647,24.648,24.647,23.986,76.389,76.400,76.390,107.733,1.0000,1.0000,1.0000,0.9500,700.00,700.00,700.00,0.00
53.00,180.000,180.000,170.000,175.000,23.420,23.420,23.420,23.128,24.742,24.743,24.742,24.045,77.258,77.270,77.258,109.072,1.0000,1.0000,1.0000,0.9500,700.00,700.00,700.00,0.00
54.00,180.000,180.000,170.000,175.000,23.485,23.486,23.485,23.173,24.838,24.839,24.838,24.105,78.121,78.134,78.122,110.401,1.0000,1.0000,1.0000,0.9500,700.00,700.00,700.00,0.00
55.00,180.000,180.000,170.000,175.000,23.553,23.553,23.552,23.220,24.936,24.937,24.936,24.165,78.979,78.992,78.979,111.720,1.0000,1.0000,1.0000,0.9500,700.00,700.00,700.00,0.00
56.00,180.000,180.000,170.000,175.000,23.621,23.621,23.621,23.266,25.035,25.036,25.035,24.225,79.831,79.845,79.832,113.029,1.0000,1.0000,1.0000,0.9500,700.00,700.00,700.00,0.00
57.00,180.000,180.000,170.000,175.000,23.691,23.692,23.691,23.314,25.135,25.136,25.135,24.286,80.678,80.693,80.678,114.329,1.0000,1.0000,1.0000,0.9500,700.00,700.00,700.00,0.00
58.00,180.000,180.000,170.000,175.000,23.763,23.763,23.763,23.362,25.237,25.238,25.237,24.347,81.519,81.535,81.519,115.618,1.0000,1.0000,1.0000,0.9500,700.00,700.00,700.00,0.00
59.00,180.000,180.000,170.000,175.000,23.836,23.837,23.836,23.411,25.340,25.341,25.340,24.409,82.354,82.371,82.355,116.897,1.0000,1.0000,1.0000,0.9500,700.00,700.00,700.00,0.00
60.00,180.000,180.000,170.000,175.000,23.911,23.911,23.911,23.460,25.445,25.446,25.444,24.471,83.185,83.202,83.186,118.167,1.0000,1.0000,1.0000,0.9500,700.00,700.00,700.00,0.00
61.00,180.000,180.000,170.000,175.000,23.987,23.987,23.987,23.510,25.550,25.552,25.550,24.533,84.010,84.028,84.011,119.427,1.0000,1.0000,1.0000,0.9500,700.00,700.00,700.00,0.00
62.00,180.000,180.000,170.000,175.000,24.065,24.065,24.064,23.561,25.657,25.659,25.657,24.596,84.829,84.849,84.831,120.678,1.0000,1.0000,1.0000,0.9500,700.00,700.00,700.00,0.00
63.00,180.000,180.000,170.000,175.000,24.144,24.144,24.143,23.612,25.766,25.767,25.765,24.659,85.644,85.665,85.645,121.919,1.0000,1.0000,1.0000,0.9500,700.00,700.00,700.00,0.00
64.00,180.000,180.000,170.000,175.000,24.224,24.225,24.224,23.664,25.875,25.877,25.874,24.723,86.453,86.475,86.455,123.151,1.0000,1.0000,1.0000,0.9500,700.00,700.00,700.00,0.00
65.00,180.000,180.000,170.000,175.000,24.306,24.307,24.306,23.717,25.986,25.988,25.985,24.786,87.258,87.281,87.259,124.373,1.0000,1.0000,1.0000,0.9500,700.00,700.00,700.00,0.00
66.00,180.000,180.000,170.000,175.000,24.389,24.390,24.389,23.770,26.098,26.100,26.097,24.850,88.057,88.081,88.058,125.586,1.0000,1.0000,1.0000,0.9500,700.00,700.00,700.00,0.00
67.00,180.000,180.000,170.000,175.000,24.474,24.475,24.474,23.823,26.211,26.214,26.210,24.915,88.851,88.876,88.852,126.791,1.0000,1.0000,1.0000,0.9500,700.00,700.00,700.00,0.00
68.00,180.000,180.000,170.000,175.000,24.560,24.561,24.560,23.877,26.326,26.328,26.325,24.980,89.640,89.667,89.642,127.985,1.0000,1.0000,1.0000,0.9500,700.00,700.00,700.00,0.00
69.00,180.000,180.000,170.000,175.000,24.648,24.649,24.647,23.932,26.442,26.444,26.441,25.045,90.424,90.452,90.426,129.171,1.0000,1.0000,1.0000,0.9500,700.00,700.00,700.00,0.00
70.00,180.000,180.000,170.000,175.000,24.737,24.738,24.736,23.987,26.558,26.561,26.557,25.110,91.203,91.232,91.205,130.348,1.0000,1.0000,1.0000,0.9500,700.00,700.00,700.00,0.00
71.00,180.000,180.000,170.000,175.000,24.827,24.828,24.826,24.042,26.677,26.680,26.675,25.176,91.977,92.008,91.980,131.516,1.0000,1.0000,1.0000,0.9500,700.00,700.00,700.00,0.00
72.00,180.000,180.000,170.000,175.000,24.919,24.920,24.918,24.098,26.796,26.799,26.795,25.241,92.747,92.779,92.749,132.675,1.0000,1.0000,1.0000,0.9500,700.00,700.00,700.00,0.00
73.00,180.000,180.000,170.000,175.000,25.012,25.013,25.011,24.155,26.916,26.920,26.915,25.308,93.512,93.545,93.514,133.826,1.0000,1.0000,1.0000,0.9500,700.00,700.00,700.00,0.00
74.00,180.000,180.000,170.000,175.000,25.106,25.107,25.105,24.212,27.038,27.042,27.036,25.374,94.272,94.307,94.274,134.968,1.0000,1.0000,1.0000,0.9500,700.00,700.00,700.00,0.00
75.00,180.000,180.000,170.000,175.000,25.202,25.203,25.201,24.270,27.161,27.165,27.159,25.441,95.027,95.064,95.030,136.101,1.0000,1.0000,1.0000,0.9500,700.00,700.00,700.00,0.00
76.00,180.000,180.000,170.000,175.000,25.299,25.300,25.298,24.327,27.284,27.289,27.283,25.508,95.777,95.816,95.781,137.225,1.0000,1.0000,1.0000,0.9500,700.00,700.00,700.00,0.00
77.00,180.000,180.000,170.000,175.000,25.397,25.399,25.396,24.386,27.409,27.414,27.408,25.575,96.523,96.564,96.527,138.341,1.0000,1.0000,1.0000,0.9500,700.00,700.00,700.00,0.00
78.00,180.000,180.000,170.000,175.000,25.497,25.499,25.496,24.445,27.535,27.540,27.534,25.643,97.265,97.307,97.269,139.449,1.0000,1.0000,1.0000,0.9500,700.00,700.00,700.00,0.00
79.00,180.000,180.000,170.000,175.000,25.598,25.600,25.597,24.504,27.663,27.668,27.661,25.711,98.002,98.046,98.006,140.548,1.0000,1.0000,1.0000,0.9500,700.00,700.00,700.00,0.00
80.00,180.000,180.000,170.000,175.000,25.700,25.702,25.699,24.564,27.791,27.796,27.789,25.779,98.734,98.780,98.738,141.639,1.0000,1.0000,1.0000,0.9500,700.00,700.00,700.00,0.00
81.00,180.000,180.000,170.000,175.000,25.804,25.806,25.803,24.624,27.920,27.926,27.918,25.847,99.462,99.510,99.467,142.722,1.0000,1.0000,1.0000,0.9500,700.00,700.00,700.00,0.00
82.00,180.000,180.000,170.000,175.000,25.908,25.911,25.908,24.684,28.051,28.057,28.048,25.915,100.186,100.235,100.190,143.796,1.0000,1.0000,1.0000,0.9500,700.00,700.00,700.00,0.00
83.00,180.000,180.000,170.000,175.000,26.015,26.017,26.014,24.745,28.182,28.189,28.180,25.984,100.905,100.956,100.910,144.863,1.0000,1.0000,1.0000,0.9500,700.00,700.00,700.00,0.00
84.00,180.000,180.000,170.000,175.000,26.122,26.125,26.121,24.806,28.314,28.322,28.312,26.053,101.620,101.673,101.625,145.921,1.0000,1.0000,1.0000,0.9500,700.00,700.00,700.00,0.00
85.00,180.000,180.000,170.000,175.000,26.230,26.234,26.229,24.868,28.448,28.456,28.446,26.123,102.330,102.386,102.336,146.971,1.0000,1.0000,1.0000,0.9500,700.00,700.00,700.00,0.00
86.00,180.000,180.000,170.000,175.000,26.340,26.344,26.339,24.930,28.583,28.591,28.580,26.192,103.036,103.094,103.042,148.014,1.0000,1.0000,1.0000,0.9500,700.00,700.00,700.00,0.00
87.00,180.000,180.000,170.000,175.000,26.451,26.455,26.450,24.993,28.718,28.727,28.715,26.262,103.738,103.798,103.744,149.048,1.0000,1.0000,1.0000,0.9500,700.00,700.00,700.00,0.00
88.00,180.000,180.000,170.000,175.000,26.564,26.567,26.562,25.055,28.855,28.864,28.852,26.332,104.436,104.498,104.443,150.075,1.0000,1.0000,1.0000,0.9500,700.00,700.00,700.00,0.00
89.00,180.000,180.000,170.000,175.000,26.677,26.681,26.676,25.118,28.992,29.002,28.989,26.402,105.130,105.194,105.137,151.094,1.0000,1.0000,1.0000,0.9500,700.00,700.00,700.00,0.00
90.00,180.000,180.000,170.000,175.000,26.792,26.796,26.790,25.182,29.131,29.141,29.128,26.472,105.819,105.886,105.826,152.106,1.0000,1.0000,1.0000,0.9500,700.00,700.00,700.00,0.00
91.00,180.000,180.000,170.000,175.000,26.907,26.912,26.906,25.246,29.270,29.281,29.267,26.543,106.505,106.574,106.512,153.109,1.0000,1.0000,1.0000,0.9500,700.00,700.00,700.00,0.00
92.00,180.000,180.000,170.000,175.000,27.024,27.029,27.023,25.310,29.411,29.422,29.407,26.614,107.186,107.258,107.194,154.106,1.0000,1.0000,1.0000,0.9500,700.00,700.00,700.00,0.00
93.00,180.000,180.000,170.000,175.000,27.143,27.148,27.141,25.374,29.552,29.564,29.549,26.684,107.864,107.938,107.872,155.094,1.0000,1.0000,1.0000,0.9500,700.00,700.00,700.00,0.00
94.00,180.000,180.000,170.000,175.000,27.262,27.267,27.260,25.439,29.694,29.707,29.691,26.756,108.537,108.614,108.546,156.076,1.0000,1.0000,1.0000,0.9500,700.00,700.00,700.00,0.00
95.00,180.000,180.000,170.000,175.000,27.382,27.388,27.380,25.504,29.838,29.851,29.834,26.827,109.207,109.286,109.215,157.050,1.0000,1.0000,1.0000,0.9500,700.00,700.00,700.00,0.00
96.00,180.000,180.000,170.000,175.000,27.504,27.510,27.502,25.570,29.982,29.996,29.978,26.899,109.872,109.954,109.881,158.016,1.0000,1.0000,1.0000,0.9500,700.00,700.00,700.00,0.00
97.00,180.000,180.000,170.000,175.000,27.626,27.633,27.624,25.635,30.127,30.142,30.123,26.970,110.534,110.619,110.543,158.975,1.0000,1.0000,1.0000,0.9500,700.00,700.00,700.00,0.00
98.00,180.000,180.000,170.000,175.000,27.750,27.757,27.748,25.701,30.273,30.288,30.269,27.042,111.192,111.279,111.202,159.927,1.0000,1.0000,1.0000,0.9500,700.00,700.00,700.00,0.00
99.00,180.000,180.000,170.000,175.000,27.875,27.882,27.873,25.768,30.420,30.436,30.416,27.115,111.846,111.936,111.856,160.872,1.0000,1.0000,1.0000,0.9500,700.00,700.00,700.00,0.00
100.00,180.000,180.000,170.000,175.000,28.001,28.009,27.999,25.834,30.568,30.585,30.563,27.187,112.496,112.589,112.507,161.810,1.0000,1.0000,1.0000,0.9500,700.00,700.00,700.00,0.00
101.00,180.000,180.000,170.000,175.000,28.128,28.136,28.126,25.901,30.716,30.734,30.712,27.259,113.143,113.239,113.154,162.741,1.0000,1.0000,1.0000,0.9500,700.00,700.00,700.00,0.00
102.00,180.000,180.000,170.000,175.000,28.256,28.265,28.254,25.968,30.866,30.885,30.861,27.332,113.785,113.885,113.797,163.665,1.0000,1.0000,1.0000,0.9500,700.00,700.00,700.00,0.00
103.00,180.000,180.000,170.000,175.000,28.385,28.395,28.383,26.036,31.016,31.036,31.012,27.405,114.425,114.527,114.437,164.581,1.0000,1.0000,1.0000,0.9500,700.00,700.00,700.00,0.00
104.00,180.000,180.000,170.000,175.000,28.515,28.525,28.513,26.103,31.168,31.188,31.163,27.478,115.060,115.166,115.073,165.491,1.0000,1.0000,1.0000,0.9500,700.00,700.00,700.00,0.00
105.00,180.000,180.000,170.000,175.000,28.647,28.657,28.644,26.171,31.320,31.341,31.315,27.551,115.692,115.801,115.705,166.394,1.0000,1.0000,1.0000,0.9500,700.00,700.00,700.00,0.00
106.00,180.000,180.000,170.000,175.000,28.779,28.790,28.776,26.239,31.473,31.495,31.467,27.625,116.320,116.433,116.334,167.291,1.0000,1.0000,1.0000,0.9500,700.00,700.00,700.00,0.00
107.00,180.000,180.000,170.000,175.000,28.912,28.924,28.909,26.308,31.626,31.650,31.621,27.698,116.945,117.061,116.959,168.180,1.0000,1.0000,1.0000,0.9500,700.00,700.00,700.00,0.00
108.00,180.000,180.000,170.000,175.000,29.046,29.059,29.043,26.377,31.781,31.805,31.775,27.772,117.566,117.685,117.581,169.063,1.0000,1.0000,1.0000,0.9500,700.00,700.00,700.00,0.00
109.00,180.000,180.000,170.000,175.000,29.182,29.194,29.178,26.446,31.936,31.962,31.931,27.846,118.184,118.307,118.199,169.940,1.0000,1.0000,1.0000,0.9500,700.00,700.00,700.00,0.00
110.00,180.000,180.000,170.000,175.000,29.318,29.331,29.315,26.515,32.093,32.119,32.087,27.920,118.798,118.924,118.814,170.809,1.0000,1.0000,1.0000,0.9500,700.00,700.00,700.00,0.00
111.00,180.000,180.000,170.000,175.000,29.455,29.469,29.452,26.584,32.250,32.277,32.243,27.994,119.409,119.539,119.426,171.673,1.0000,1.0000,1.0000,0.9500,700.00,700.00,700.00,0.00
112.00,180.000,180.000,170.000,175.000,29.594,29.608,29.590,26.654,32.407,32.436,32.401,28.069,120.017,120.150,120.034,172.529,1.0000,1.0000,1.0000,0.9500,700.00,700.00,700.00,0.00
113.00,180.000,180.000,170.000,175.000,29.733,29.748,29.729,26.724,32.566,32.596,32.559,28.143,120.621,120.758,120.639,173.380,1.0000,1.0000,1.0000,0.9500,700.00,700.00,700.00,0.00
114.00,180.000,180.000,170.000,175.000,29.873,29.889,29.869,26.794,32.725,32.756,32.718,28.218,121.222,121.363,121.240,174.224,1.0000,1.0000,1.0000,0.9500,700.00,700.00,700.00,0.00
115.00,180.000,180.000,170.000,175.000,30.014,30.031,30.010,26.864,32.885,32.918,32.878,28.293,121.819,121.964,121.838,175.062,1.0000,1.0000,1.0000,0.9500,700.00,700.00,700.00,0.00
116.00,180.000,180.000,170.000,175.000,30.156,30.174,30.152,26.935,33.046,33.080,33.039,28.368,122.413,122.562,122.433,175.893,1.0000,1.0000,1.0000,0.9500,700.00,700.00,700.00,0.00
117.00,180.000,180.000,170.000,175.000,30.299,30.317,30.294,27.006,33.207,33.243,33.200,28.443,123.004,123.157,123.024,176.718,1.0000,1.0000,1.0000,0.9500,700.00,700.00,700.00,0.00
118.00,180.000,180.000,170.000,175.000,30.443,30.462,30.438,27.077,33.370,33.407,33.362,28.519,123.592,123.749,123.613,177.537,1.0000,1.0000,1.0000,0.9500,700.00,700.00,700.00,0.00
119.00,180.000,180.000,170.000,175.000,30.588,30.608,30.583,27.148,33.533,33.571,33.525,28.594,124.177,124.338,124.198,178.350,1.0000,1.0000,1.0000,0.9500,700.00,700.00,700.00,0.00
120.00,180.000,180.000,170.000,175.000,30.733,30.754,30.728,27.220,33.696,33.736,33.688,28.670,124.758,124.923,124.780,179.157,1.0000,1.0000,1.0000,0.9500,700.00,700.00,700.00,0.00
121.00,180.000,180.000,170.000,175.000,30.880,30.902,30.875,27.291,33.861,33.902,33.853,28.746,125.336,125.506,125.359,179.958,1.0000,1.0000,1.0000,0.9500,700.00,700.00,700.00,0.00
122.00,180.000,180.000,170.000,175.000,31.027,31.050,31.022,27.363,34.026,34.069,34.018,28.822,125.911,126.085,125.935,180.753,1.0000,1.0000,1.0000,0.9500,700.00,700.00,700.00,0.00
123.00,180.000,180.000,170.000,175.000,31.175,31.199,31.170,27.435,34.192,34.236,34.183,28.898,126.483,126.662,126.507,181.542,1.0000,1.0000,1.0000,0.9500,700.00,700.00,700.00,0.00
124.00,180.000,180.000,170.000,175.000,31.325,31.350,31.319,27.508,34.358,34.404,34.349,28.974,127.052,127.235,127.077,182.325,1.0000,1.0000,1.0000,0.9500,700.00,700.00,700.00,0.00
125.00,180.000,180.000,170.000,175.000,31.475,31.501,31.469,27.580,34.525,34.573,34.516,29.050,127.618,127.806,127.644,183.102,1.0000,1.0000,1.0000,0.9500,700.00,700.00,700.00,0.00
126.00,180.000,180.000,170.000,175.000,31.626,31.653,31.620,27.653,34.693,34.743,34.684,29.127,128.181,128.373,128.207,183.874,1.0000,1.0000,1.0000,0.9500,700.00,700.00,700.00,0.00
127.00,180.000,180.000,170.000,175.000,31.777,31.805,31.771,27.726,34.862,34.913,34.852,29.204,128.741,128.938,128.768,184.639,1.0000,1.0000,1.0000,0.9500,700.00,700.00,700.00,0.00
128.00,180.000,180.000,170.000,175.000,31.930,31.959,31.924,27.799,35.031,35.084,35.021,29.280,129.298,129.500,129.326,185.400,1.0000,1.0000,1.0000,0.9500,700.00,700.00,700.00,0.00
129.00,180.000,180.000,170.000,175.000,32.083,32.114,32.077,27.872,35.201,35.256,35.191,29.357,129.852,130.059,129.881,186.154,1.0000,1.0000,1.0000,0.9500,700.00,700.00,700.00,0.00
130.00,180.000,180.000,170.000,175.000,32.237,32.269,32.231,27.945,35.371,35.428,35.361,29.434,130.403,130.615,130.433,186.903,1.0000,1.0000,1.0000,0.9500,700.00,700.00,700.00,0.00
131.00,180.000,180.000,170.000,175.000,32.392,32.425,32.385,28.019,35.542,35.601,35.532,29.512,130.952,131.168,130.982,187.646,1.0000,1.0000,1.0000,0.9500,700.00,700.00,700.00,0.00
132.00,180.000,180.000,170.000,175.000,32.548,32.582,32.541,28.093,35.714,35.775,35.703,29.589,131.497,131.718,131.528,188.384,1.0000,1.0000,1.0000,0.9500,700.00,700.00,700.00,0.00
133.00,180.000,180.000,170.000,175.000,32.704,32.740,32.697,28.166,35.886,35.950,35.876,29.666,132.040,132.266,132.071,189.116,1.0000,1.0000,1.0000,0.9500,700.00,700.00,700.00,0.00
134.00,180.000,180.000,170.000,175.000,32.862,32.899,32.855,28.241,36.059,36.125,36.048,29.744,132.579,132.811,132.612,189.843,1.0000,1.0000,1.0000,0.9500,700.00,700.00,700.00,0.00
135.00,180.000,180.000,170.000,175.000,33.020,33.058,33.012,28.315,36.233,36.300,36.222,29.822,133.116,133.353,133.150,190.564,1.0000,1.0000,1.0000,0.9500,700.00,700.00,700.00,0.00
136.00,180.000,180.000,170.000,175.000,33.179,33.219,33.171,28.389,36.407,36.477,36.396,29.900,133.651,133.893,133.685,191.280,1.0000,1.0000,1.0000,0.9500,700.00,700.00,700.00,0.00
137.00,180.000,180.000,170.000,175.000,33.338,33.380,33.331,28.464,36.582,36.654,36.570,29.978,134.182,134.430,134.217,191.991,1.0000,1.0000,1.0000,0.9500,700.00,700.00,700.00,0.00
138.00,180.000,180.000,170.000,175.000,33.499,33.542,33.491,28.539,36.757,36.832,36.745,30.056,134.711,134.964,134.747,192.697,1.0000,1.0000,1.0000,0.9500,700.00,700.00,700.00,0.00
139.00,180.000,180.000,170.000,175.000,33.660,33.704,33.652,28.614,36.933,37.010,36.921,30.134,135.237,135.496,135.274,193.397,1.0000,1.0000,1.0000,0.9500,700.00,700.00,700.00,0.00
140.00,180.000,180.000,170.000,175.000,33.822,33.868,33.813,28.689,37.110,37.189,37.097,30.212,135.760,136.025,135.798,194.092,1.0000,1.0000,1.0000,0.9500,700.00,700.00,700.00,0.00
141.00,180.000,180.000,170.000,175.000,33.984,34.032,33.976,28.764,37.287,37.368,37.274,30.291,136.281,136.552,136.320,194.782,1.0000,1.0000,1.0000,0.9500,700.00,700.00,700.00,0.00
142.00,180.000,180.000,170.000,175.000,34.147,34.197,34.139,28.839,37.464,37.549,37.451,30.369,136.799,137.076,136.839,195.467,1.0000,1.0000,1.0000,0.9500,700.00,700.00,700.00,0.00
143.00,180.000,180.000,170.000,175.000,34.311,34.363,34.302,28.915,37.642,37.729,37.629,30.448,137.315,137.597,137.355,196.147,1.0000,1.0000,1.0000,0.9500,700.00,700.00,700.00,0.00
144.00,180.000,180.000,170.000,175.000,34.476,34.529,34.467,28.991,37.821,37.911,37.808,30.527,137.828,138.116,137.869,196.822,1.0000,1.0000,1.0000,0.9500,700.00,700.00,700.00,0.00
145.00,180.000,180.000,170.000,175.000,34.641,34.696,34.632,29.067,38.001,38.093,37.987,30.606,138.338,138.633,138.381,197.492,1.0000,1.0000,1.0000,0.9500,700.00,700.00,700.00,0.00
146.00,180.000,180.000,170.000,175.000,34.807,34.864,34.798,29.143,38.180,38.275,38.166,30.685,138.846,139.147,138.890,198.157,1.0000,1.0000,1.0000,0.9500,700.00,700.00,700.00,0.00
147.00,180.000,180.000,170.000,175.000,34.974,35.033,34.964,29.219,38.361,38.459,38.347,30.764,139.352,139.658,139.396,198.817,1.0000,1.0000,1.0000,0.9500,700.00,700.00,700.00,0.00
148.00,180.000,180.000,170.000,175.000,35.142,35.202,35.132,29.295,38.542,38.642,38.527,30.843,139.855,140.167,139.900,199.472,1.0000,1.0000,1.0000,0.9500,700.00,700.00,700.00,0.00
149.00,180.000,180.000,170.000,175.000,35.310,35.372,35.299,29.372,38.723,38.827,38.708,30.923,140.355,140.674,140.402,200.122,1.0000,1.0000,1.0000,0.9500,700.00,700.00,700.00,0.00
150.00,180.000,180.000,170.000,175.000,35.478,35.543,35.468,29.448,38.905,39.012,38.890,31.002,140.853,141.179,140.901,200.768,1.0000,1.0000,1.0000,0.9500,700.00,700.00,700.00,0.00
151.00,180.000,180.000,170.000,175.000,35.648,35.714,35.637,29.525,39.087,39.197,39.072,31.082,141.349,141.681,141.397,201.409,1.0000,1.0000,1.0000,0.9500,700.00,700.00,700.00,0.00
152.00,180.000,180.000,170.000,175.000,35.818,35.887,35.807,29.602,39.270,39.383,39.255,31.162,141.842,142.181,141.892,202.045,1.0000,1.0000,1.0000,0.9500,700.00,700.00,700.00,0.00
153.00,180.000,180.000,170.000,175.000,35.988,36.059,35.977,29.679,39.454,39.570,39.438,31.242,142.333,142.678,142.384,202.677,1.0000,1.0000,1.0000,0.9500,700.00,700.00,700.00,0.00
154.00,180.000,180.000,170.000,175.000,36.160,36.233,36.148,29.756,39.637,39.757,39.622,31.322,142.821,143.173,142.873,203.304,1.0000,1.0000,1.0000,0.9500,700.00,700.00,700.00,0.00
155.00,180.000,180.000,170.000,175.000,36.332,36.407,36.320,29.834,39.822,39.945,39.806,31.402,143.307,143.666,143.360,203.926,1.0000,1.0000,1.0000,0.9500,700.00,700.00,700.00,0.00
156.00,180.000,180.000,170.000,175.000,36.504,36.582,36.492,29.911,40.007,40.133,39.991,31.482,143.791,144.157,143.845,204.544,1.0000,1.0000,1.0000,0.9500,700.00,700.00,700.00,0.00
157.00,180.000,180.000,170.000,175.000,36.677,36.757,36.665,29.989,40.192,40.321,40.176,31.562,144.273,144.646,144.328,205.157,1.0000,1.0000,1.0000,0.9500,700.00,700.00,700.00,0.00
158.00,180.000,180.000,170.000,175.000,36.851,36.934,36.839,30.067,40.378,40.511,40.361,31.643,144.752,145.132,144.808,205.766,1.0000,1.0000,1.0000,0.9500,700.00,700.00,700.00,0.00
159.00,180.000,180.000,170.000,175.000,37.025,37.110,37.013,30.144,40.564,40.701,40.547,31.723,145.229,145.616,145.286,206.370,1.0000,1.0000,1.0000,0.9500,700.00,700.00,700.00,0.00
160.00,180.000,180.000,170.000,175.000,37.200,37.288,37.187,30.222,40.751,40.891,40.734,31.804,145.704,146.098,145.762,206.970,1.0000,1.0000,1.0000,0.9500,700.00,700.00,700.00,0.00
161.00,180.000,180.000,170.000,175.000,37.376,37.466,37.363,30.301,40.938,41.082,40.921,31.885,146.176,146.578,146.236,207.566,1.0000,1.0000,1.0000,0.9500,700.00,700.00,700.00,0.00
162.00,180.000,180.000,170.000,175.000,37.552,37.645,37.539,30.379,41.126,41.273,41.108,31.966,146.646,147.055,146.707,208.157,1.0000,1.0000,1.0000,0.9500,700.00,700.00,700.00,0.00
163.00,180.000,180.000,170.000,175.000,37.728,37.824,37.715,30.457,41.314,41.465,41.296,32.047,147.114,147.531,147.177,208.744,1.0000,1.0000,1.0000,0.9500,700.00,700.00,700.00,0.00
164.00,180.000,180.000,170.000,175.000,37.906,38.004,37.892,30.536,41.502,41.657,41.484,32.128,147.580,148.004,147.644,209.326,1.0000,1.0000,1.0000,0.9500,700.00,700.00,700.00,0.00
165.00,180.000,180.000,170.000,175.000,38.083,38.185,38.069,30.614,41.691,41.850,41.673,32.209,148.044,148.476,148.109,209.905,1.0000,1.0000,1.0000,0.9500,700.00,700.00,700.00,0.00
166.00,180.000,180.000,170.000,175.000,38.262,38.366,38.248,30.693,41.880,42.043,41.862,32.290,148.506,148.945,148.572,210.479,1.0000,1.0000,1.0000,0.9500,700.00,700.00,700.00,0.00
167.00,180.000,180.000,170.000,175.000,38.440,38.547,38.426,30.772,42.070,42.237,42.051,32.372,148.965,149.413,149.032,211.049,1.0000,1.0000,1.0000,0.9500,700.00,700.00,700.00,0.00
168.00,180.000,180.000,170.000,175.000,38.620,38.730,38.605,30.851,42.260,42.432,42.241,32.453,149.423,149.878,149.491,211.615,1.0000,1.0000,1.0000,0.9500,700.00,700.00,700.00,0.00
169.00,180.000,180.000,170.000,175.000,38.800,38.913,38.785,30.930,42.451,42.626,42.432,32.535,149.878,150.341,149.948,212.177,1.0000,1.0000,1.0000,0.9500,700.00,700.00,700.00,0.00
170.00,180.000,180.000,170.000,175.000,38.980,39.096,38.965,31.010,42.642,42.822,42.622,32.616,150.331,150.803,150.402,212.735,1.0000,1.0000,1.0000,0.9500,700.00,700.00,700.00,0.00
171.00,180.000,180.000,170.000,175.000,39.161,39.280,39.146,31.089,42.833,43.017,42.814,32.698,150.783,151.262,150.855,213.289,1.0000,1.0000,1.0000,0.9500,700.00,700.00,700.00,0.00
172.00,180.000,180.000,170.000,175.000,39.343,39.465,39.327,31.168,43.025,43.214,43.005,32.780,151.232,151.719,151.306,213.838,1.0000,1.0000,1.0000,0.9500,700.00,700.00,700.00,0.00
173.00,180.000,180.000,170.000,175.000,39.525,39.650,39.509,31.248,43.217,43.410,43.197,32.862,151.679,152.175,151.754,214.384,1.0000,1.0000,1.0000,0.9500,700.00,700.00,700.00,0.00
174.00,180.000,180.000,170.000,175.000,39.707,39.836,39.691,31.328,43.410,43.607,43.389,32.944,152.124,152.629,152.201,214.926,1.0000,1.0000,1.0000,0.9500,700.00,700.00,700.00,0.00
175.00,180.000,180.000,170.000,175.000,39.890,40.023,39.874,31.408,43.603,43.805,43.582,33.026,152.568,153.080,152.645,215.464,1.0000,1.0000,1.0000,0.9500,700.00,700.00,700.00,0.00
176.00,180.000,180.000,170.000,175.000,40.073,40.209,40.057,31.488,43.796,44.003,43.775,33.109,153.009,153.530,153.088,215.998,1.0000,1.0000,1.0000,0.9500,700.00,700.00,700.00,0.00
177.00,180.000,180.000,170.000,175.000,40.257,40.397,40.241,31.568,43.990,44.201,43.969,33.191,153.448,153.978,153.529,216.528,1.0000,1.0000,1.0000,0.9500,700.00,700.00,700.00,0.00
178.00,180.000,180.000,170.000,175.000,40.442,40.585,40.425,31.648,44.184,44.400,44.163,33.274,153.886,154.424,153.968,217.055,1.0000,1.0000,1.0000,0.9500,700.00,700.00,700.00,0.00
179.00,180.000,180.000,170.000,175.000,40.627,40.773,40.610,31.728,44.378,44.599,44.357,33.356,154.321,154.869,154.405,217.577,1.0000,1.0000,1.0000,0.9500,700.00,700.00,700.00,0.00
180.00,180.000,180.000,170.000,175.000,40.812,40.962,40.795,31.809,44.573,44.799,44.551,33.439,154.755,155.311,154.840,218.096,1.0000,1.0000,1.0000,0.9500,700.00,700.00,700.00,0.00
181.00,180.000,180.000,170.000,175.000,40.998,41.152,40.981,31.889,44.768,44.999,44.746,33.522,155.187,155.752,155.273,218.612,1.0000,1.0000,1.0000,0.9500,700.00,700.00,700.00,0.00
182.00,180.000,180.000,170.000,175.000,41.184,41.342,41.167,31.970,44.963,45.200,44.941,33.604,155.617,156.191,155.704,219.123,1.0000,1.0000,1.0000,0.9500,700.00,700.00,700.00,0.00
183.00,180.000,180.000,170.000,175.000,41.371,41.533,41.353,32.051,45.159,45.401,45.137,33.687,156.045,156.628,156.134,219.631,1.0000,1.0000,1.0000,0.9500,700.00,700.00,700.00,0.00
184.00,180.000,180.000,170.000,175.000,41.558,41.724,41.540,32.131,45.355,45.602,45.333,33.770,156.471,157.064,156.562,220.135,1.0000,1.0000,1.0000,0.9500,700.00,700.00,700.00,0.00
185.00,180.000,180.000,170.000,175.000,41.746,41.916,41.728,32.212,45.552,45.804,45.529,33.854,156.895,157.497,156.988,220.636,1.0000,1.0000,1.0000,0.9500,700.00,700.00,700.00,0.00
186.00,180.000,180.000,170.000,175.000,41.934,42.108,41.915,32.293,45.749,46.006,45.726,33.937,157.318,157.929,157.412,221.133,1.0000,1.0000,1.0000,0.9500,700.00,700.00,700.00,0.00
187.00,180.000,180.000,170.000,175.000,42.122,42.300,42.104,32.375,45.946,46.209,45.923,34.020,157.739,158.360,157.834,221.626,1.0000,1.0000,1.0000,0.9500,700.00,700.00,700.00,0.00
188.00,180.000,180.000,170.000,175.000,42.311,42.493,42.292,32.456,46.143,46.412,46.120,34.103,158.158,158.788,158.255,222.116,1.0000,1.0000,1.0000,0.9500,700.00,700.00,700.00,0.00
189.00,180.000,180.000,170.000,175.000,42.501,42.687,42.482,32.537,46.341,46.615,46.318,34.187,158.575,159.215,158.674,222.603,1.0000,1.0000,1.0000,0.9500,700.00,700.00,700.00,0.00
190.00,180.000,180.000,170.000,175.000,42.690,42.881,42.671,32.619,46.539,46.819,46.516,34.271,158.991,159.641,159.091,223.086,1.0000,1.0000,1.0000,0.9500,700.00,700.00,700.00,0.00
191.00,180.000,180.000,170.000,175.000,42.881,43.076,42.861,32.700,46.738,47.023,46.714,34.354,159.405,160.064,159.506,223.566,1.0000,1.0000,1.0000,0.9500,700.00,700.00,700.00,0.00
192.00,180.000,180.000,170.000,175.000,43.071,43.271,43.051,32.782,46.936,47.228,46.912,34.438,159.817,160.486,159.920,224.042,1.0000,1.0000,1.0000,0.9500,700.00,700.00,700.00,0.00
193.00,180.000,180.000,170.000,175.000,43.262,43.466,43.242,32.864,47.135,47.433,47.111,34.522,160.227,160.907,160.332,224.515,1.0000,1.0000,1.0000,0.9500,700.00,700.00,700.00,0.00
194.00,180.000,180.000,170.000,175.000,43.453,43.662,43.433,32.946,47.335,47.638,47.310,34.606,160.636,161.326,160.743,224.985,1.0000,1.0000,1.0000,0.9500,700.00,700.00,700.00,0.00
195.00,180.000,180.000,170.000,175.000,43.645,43.859,43.625,33.028,47.534,47.844,47.510,34.690,161.043,161.743,161.151,225.451,1.0000,1.0000,1.0000,0.9500,700.00,700.00,700.00,0.00
196.00,180.000,180.000,170.000,175.000,43.837,44.056,43.817,33.110,47.734,48.050,47.710,34.774,161.449,162.159,161.558,225.914,1.0000,1.0000,1.0000,0.9500,700.00,700.00,700.00,0.00
197.00,180.000,180.000,170.000,175.000,44.030,44.253,44.009,33.192,47.934,48.256,47.910,34.858,161.853,162.573,161.964,226.373,1.0000,1.0000,1.0000,0.9500,700.00,700.00,700.00,0.00
198.00,180.000,180.000,170.000,175.000,44.223,44.451,44.202,33.274,48.135,48.463,48.110,34.942,162.255,162.986,162.368,226.830,1.0000,1.0000,1.0000,0.9500,700.00,700.00,700.00,0.00
199.00,180.000,180.000,170.000,175.000,44.416,44.649,44.395,33.357,48.335,48.670,48.310,35.027,162.655,163.397,162.770,227.283,1.0000,1.0000,1.0000,0.9500,700.00,700.00,700.00,0.00
200.00,180.000,180.000,170.000,175.000,44.610,44.848,44.588,33.439,48.537,48.877,48.511,35.111,163.054,163.806,163.171,227.733,1.0000,1.0000,1.0000,0.9500,700.00,700.00,700.00,0.00
201.00,180.000,180.000,170.000,175.000,44.804,45.047,44.782,33.522,48.738,49.085,48.712,35.196,163.452,164.214,163.570,228.180,1.0000,1.0000,1.0000,0.9500,700.00,700.00,700.00,0.00
202.00,180.000,180.000,170.000,175.000,44.998,45.246,44.976,33.605,48.939,49.293,48.914,35.280,163.848,164.621,163.968,228.624,1.0000,1.0000,1.0000,0.9500,700.00,700.00,700.00,0.00
203.00,180.000,180.000,170.000,175.000,45.193,45.446,45.171,33.687,49.141,49.502,49.116,35.365,164.242,165.026,164.364,229.065,1.0000,1.0000,1.0000,0.9500,700.00,700.00,700.00,0.00
204.00,180.000,180.000,170.000,175.000,45.388,45.647,45.366,33.770,49.343,49.711,49.317,35.450,164.635,165.430,164.758,229.502,1.0000,1.0000,1.0000,0.9500,700.00,700.00,700.00,0.00
205.00,180.000,180.000,170.000,175.000,45.583,45.847,45.561,33.853,49.546,49.920,49.520,35.535,165.026,165.832,165.151,229.937,1.0000,1.0000,1.0000,0.9500,700.00,700.00,700.00,0.00
206.00,180.000,180.000,170.000,175.000,45.779,46.049,45.757,33.936,49.748,50.130,49.722,35.620,165.416,166.233,165.543,230.368,1.0000,1.0000,1.0000,0.9500,700.00,700.00,700.00,0.00
207.00,180.000,180.000,170.000,175.000,45.975,46.250,45.953,34.019,49.951,50.339,49.925,35.705,165.804,166.632,165.933,230.797,1.0000,1.0000,1.0000,0.9500,700.00,700.00,700.00,0.00
208.00,180.000,180.000,170.000,175.000,46.172,46.452,46.149,34.103,50.154,50.550,50.128,35.790,166.191,167.030,166.321,231.223,1.0000,1.0000,1.0000,0.9500,700.00,700.00,700.00,0.00
209.00,180.000,180.000,170.000,175.000,46.368,46.655,46.345,34.186,50.357,50.760,50.331,35.875,166.576,167.427,166.708,231.645,1.0000,1.0000,1.0000,0.9500,700.00,700.00,700.00,0.00
210.00,180.000,180.000,170.000,175.000,46.565,46.858,46.542,34.269,50.561,50.971,50.534,35.960,166.960,167.822,167.094,232.065,1.0000,1.0000,1.0000,0.9500,700.00,700.00,700.00,0.00
211.00,180.000,180.000,170.000,175.000,46.763,47.061,46.739,34.353,50.765,51.182,50.738,36.046,167.342,168.216,167.478,232.482,1.0000,1.0000,1.0000,0.9500,700.00,700.00,700.00,0.00
212.00,180.000,180.000,170.000,175.000,46.960,47.264,46.937,34.437,50.969,51.393,50.942,36.131,167.723,168.608,167.861,232.895,1.0000,1.0000,1.0000,0.9500,700.00,700.00,700.00,0.00
213.00,180.000,180.000,170.000,175.000,47.158,47.468,47.135,34.520,51.173,51.605,51.146,36.217,168.102,168.999,168.242,233.306,1.0000,1.0000,1.0000,0.9500,700.00,700.00,700.00,0.00
214.00,180.000,180.000,170.000,175.000,47.357,47.673,47.333,34.604,51.378,51.817,51.351,36.302,168.480,169.389,168.622,233.715,1.0000,1.0000,1.0000,0.9500,700.00,700.00,700.00,0.00
215.00,180.000,180.000,170.000,175.000,47.555,47.878,47.532,34.688,51.582,52.030,51.555,36.388,168.857,169.778,169.000,234.120,1.0000,1.0000,1.0000,0.9500,700.00,700.00,700.00,0.00
216.00,180.000,180.000,170.000,175.000,47.754,48.083,47.730,34.772,51.787,52.242,51.760,36.474,169.232,170.165,169.378,234.523,1.0000,1.0000,1.0000,0.9500,700.00,700.00,700.00,0.00
217.00,180.000,180.000,170.000,175.000,47.954,48.288,47.929,34.856,51.992,52.455,51.965,36.560,169.606,170.551,169.753,234.922,1.0000,1.0000,1.0000,0.9500,700.00,700.00,700.00,0.00
218.00,180.000,180.000,170.000,175.000,48.153,48.494,48.129,34.940,52.198,52.669,52.170,36.646,169.978,170.935,170.128,235.320,1.0000,1.0000,1.0000,0.9500,700.00,700.00,700.00,0.00
219.00,180.000,180.000,170.000,175.000,48.353,48.700,48.328,35.024,52.403,52.882,52.376,36.732,170.349,171.319,170.501,235.714,1.0000,1.0000,1.0000,0.9500,700.00,700.00,700.00,0.00
220.00,180.000,180.000,170.000,175.000,48.553,48.907,48.528,35.109,52.609,53.096,52.582,36.818,170.719,171.701,170.872,236.106,1.0000,1.0000,1.0000,0.9500,700.00,700.00,700.00,0.00
221.00,180.000,180.000,170.000,175.000,48.753,49.114,48.729,35.193,52.815,53.310,52.788,36.904,171.088,172.082,171.243,236.495,1.0000,1.0000,1.0000,0.9500,700.00,700.00,700.00,0.00
222.00,180.000,180.000,170.000,175.000,48.954,49.321,48.929,35.278,53.021,53.525,52.994,36.990,171.455,172.461,171.612,236.881,1.0000,1.0000,1.0000,0.9500,700.00,700.00,700.00,0.00
223.00,180.000,180.000,170.000,175.000,49.155,49.529,49.130,35.362,53.228,53.739,53.200,37.076,171.820,172.839,171.980,237.265,1.0000,1.0000,1.0000,0.9500,700.00,700.00,700.00,0.00
224.00,180.000,180.000,170.000,175.000,49.356,49.737,49.331,35.447,53.434,53.954,53.407,37.163,172.185,173.217,172.346,237.646,1.0000,1.0000,1.0000,0.9500,700.00,700.00,700.00,0.00
225.00,180.000,180.000,170.000,175.000,49.558,49.945,49.532,35.532,53.641,54.170,53.613,37.249,172.548,173.592,172.711,238.024,1.0000,1.0000,1.0000,0.9500,700.00,700.00,700.00,0.00
226.00,180.000,180.000,170.000,175.000,49.759,50.154,49.734,35.617,53.848,54.385,53.820,37.336,172.910,173.967,173.075,238.400,1.0000,1.0000,1.0000,0.9500,700.00,700.00,700.00,0.00
227.00,180.000,180.000,170.000,175.000,49.961,50.363,49.936,35.701,54.055,54.601,54.027,37.422,173.270,174.341,173.438,238.773,1.0000,1.0000,1.0000,0.9500,700.00,700.00,700.00,0.00
228.00,180.000,180.000,170.000,175.000,50.164,50.572,50.138,35.786,54.263,54.817,54.235,37.509,173.630,174.713,173.799,239.144,1.0000,1.0000,1.0000,0.9500,700.00,700.00,700.00,0.00
229.00,180.000,180.000,170.000,175.000,50.366,50.782,50.340,35.872,54.470,55.033,54.442,37.596,173.988,175.084,174.159,239.513,1.0000,1.0000,1.0000,0.9500,700.00,700.00,700.00,0.00
230.00,180.000,180.000,170.000,175.000,50.569,50.992,50.543,35.957,54.678,55.250,54.650,37.683,174.345,175.454,174.518,239.879,1.0000,1.0000,1.0000,0.9500,700.00,700.00,700.00,0.00
231.00,180.000,180.000,170.000,175.000,50.772,51.202,50.746,36.042,54.886,55.467,54.858,37.770,174.700,175.823,174.876,240.242,1.0000,1.0000,1.0000,0.9500,700.00,700.00,700.00,0.00
232.00,180.000,180.000,170.000,175.000,50.975,51.413,50.949,36.127,55.094,55.684,55.066,37.857,175.055,176.191,175.233,240.603,1.0000,1.0000,1.0000,0.9500,700.00,700.00,700.00,0.00
233.00,180.000,180.000,170.000,175.000,51.178,51.624,51.152,36.213,55.302,55.901,55.274,37.944,175.408,176.557,175.588,240.962,1.0000,1.0000,1.0000,0.9500,700.00,700.00,700.00,0.00
234.00,180.000,180.000,170.000,175.000,51.382,51.835,51.356,36.298,55.511,56.119,55.482,38.031,175.760,176.923,175.942,241.318,1.0000,1.0000,1.0000,0.9500,700.00,700.00,700.00,0.00
235.00,180.000,180.000,170.000,175.000,51.586,52.047,51.560,36.384,55.719,56.337,55.691,38.118,176.110,177.287,176.295,241.671,1.0000,1.0000,1.0000,0.9500,700.00,700.00,700.00,0.00
236.00,180.000,180.000,170.000,175.000,51.790,52.259,51.764,36.469,55.928,56.555,55.900,38.205,176.460,177.651,176.647,242.023,1.0000,1.0000,1.0000,0.9500,700.00,700.00,700.00,0.00
237.00,180.000,180.000,170.000,175.000,51.995,52.471,51.968,36.555,56.137,56.773,56.108,38.293,176.808,178.013,176.997,242.372,1.0000,1.0000,1.0000,0.9500,700.00,700.00,700.00,0.00
238.00,180.000,180.000,170.000,175.000,52.199,52.684,52.173,36.641,56.346,56.992,56.318,38.380,177.156,178.374,177.347,242.719,1.0000,1.0000,1.0000,0.9500,700.00,700.00,700.00,0.00
239.00,180.000,180.000,170.000,175.000,52.404,52.896,52.377,36.727,56.555,57.211,56.527,38.467,177.502,178.734,177.695,243.063,1.0000,1.0000,1.0000,0.9500,700.00,700.00,700.00,0.00
240.00,180.000,180.000,170.000,175.000,52.609,53.110,52.582,36.813,56.764,57.430,56.736,38.555,177.847,179.093,178.042,243.405,1.0000,1.0000,1.0000,0.9500,700.00,700.00,700.00,0.00
241.00,180.000,180.000,170.000,175.000,52.814,53.323,52.787,36.899,56.974,57.649,56.946,38.643,178.191,179.451,178.388,243.745,1.0000,1.0000,1.0000,0.9500,700.00,700.00,700.00,0.00
242.00,180.000,180.000,170.000,175.000,53.020,53.537,52.993,36.985,57.184,57.869,57.155,38.730,178.533,179.808,178.733,244.083,1.0000,1.0000,1.0000,0.9500,700.00,700.00,700.00,0.00
243.00,180.000,180.000,170.000,175.000,53.225,53.751,53.198,37.071,57.393,58.089,57.365,38.818,178.875,180.164,179.077,244.418,1.0000,1.0000,1.0000,0.9500,700.00,700.00,700.00,0.00
244.00,180.000,180.000,170.000,175.000,53.431,53.965,53.404,37.158,57.603,58.309,57.575,38.906,179.215,180.519,179.420,244.751,1.0000,1.0000,1.0000,0.9500,700.00,700.00,700.00,0.00
245.00,180.000,180.000,170.000,175.000,53.637,54.180,53.610,37.244,57.813,58.529,57.785,38.994,179.555,180.873,179.761,245.082,1.0000,1.0000,1.0000,0.9500,700.00,700.00,700.00,0.00
246.00,180.000,180.000,170.000,175.000,53.844,54.394,53.816,37.330,58.024,58.749,57.995,39.082,179.893,181.225,180.102,245.411,1.0000,1.0000,1.0000,0.9500,700.00,700.00,700.00,0.00
247.00,180.000,180.000,170.000,175.000,54.050,54.610,54.023,37.417,58.234,58.970,58.206,39.170,180.230,181.577,180.441,245.738,1.0000,1.0000,1.0000,0.9500,700.00,700.00,700.00,0.00
248.00,180.000,180.000,170.000,175.000,54.257,54.825,54.230,37.503,58.444,59.191,58.416,39.258,180.566,181.928,180.780,246.063,1.0000,1.0000,1.0000,0.9500,700.00,700.00,700.00,0.00
249.00,180.000,180.000,170.000,175.000,54.464,55.041,54.436,37.590,58.655,59.412,58.627,39.346,180.901,182.278,181.117,246.385,1.0000,1.0000,1.0000,0.9500,700.00,700.00,700.00,0.00
250.00,180.000,180.000,170.000,175.000,54.671,55.257,54.643,37.677,58.866,59.633,58.838,39.434,181.235,182.627,181.454,246.705,1.0000,1.0000,1.0000,0.9500,700.00,700.00,700.00,0.00
251.00,180.000,180.000,170.000,175.000,54.878,55.473,54.851,37.764,59.077,59.855,59.049,39.523,181.568,182.975,181.789,247.024,1.0000,1.0000,1.0000,0.9500,700.00,700.00,700.00,0.00
252.00,180.000,180.000,170.000,175.000,55.085,55.689,55.058,37.851,59.288,60.077,59.260,39.611,181.900,183.322,182.123,247.340,1.0000,1.0000,1.0000,0.9500,700.00,700.00,700.00,0.00
253.00,180.000,180.000,170.000,175.000,55.293,55.906,55.265,37.938,59.499,60.299,59.471,39.700,182.231,183.668,182.456,247.654,1.0000,1.0000,1.0000,0.9500,700.00,700.00,700.00,0.00
254.00,180.000,180.000,170.000,175.000,55.501,56.123,55.473,38.025,59.710,60.521,59.682,39.788,182.561,184.013,182.789,247.966,1.0000,1.0000,1.0000,0.9500,700.00,700.00,700.00,0.00
255.00,180.000,180.000,170.000,175.000,55.709,56.340,55.681,38.112,59.922,60.743,59.894,39.877,182.890,184.357,183.120,248.276,1.0000,1.0000,1.0000,0.9500,700.00,700.00,700.00,0.00
256.00,180.000,180.000,170.000,175.000,55.917,56.558,55.889,38.199,60.133,60.966,60.105,39.965,183.218,184.701,183.450,248.584,1.0000,1.0000,1.0000,0.9500,700.00,700.00,700.00,0.00
257.00,180.000,180.000,170.000,175.000,56.125,56.775,56.097,38.286,60.345,61.189,60.317,40.054,183.545,185.043,183.780,248.890,1.0000,1.0000,1.0000,0.9500,700.00,700.00,700.00,0.00
258.00,180.000,180.000,170.000,175.000,56.333,56.993,56.306,38.373,60.556,61.412,60.529,40.143,183.871,185.385,184.108,249.194,1.0000,1.0000,1.0000,0.9500,700.00,700.00,700.00,0.00
259.00,180.000,180.000,170.000,175.000,56.542,57.212,56.514,38.461,60.768,61.635,60.741,40.232,184.195,185.725,184.435,249.496,1.0000,1.0000,1.0000,0.9500,700.00,700.00,700.00,0.00
260.00,180.000,180.000,170.000,175.000,56.751,57.430,56.723,38.548,60.980,61.858,60.953,40.321,184.519,186.065,184.762,249.797,1.0000,1.0000,1.0000,0.9500,700.00,700.00,700.00,0.00
261.00,180.000,180.000,170.000,175.000,56.960,57.649,56.932,38.636,61.192,62.082,61.165,40.410,184.842,186.404,185.087,250.095,1.0000,1.0000,1.0000,0.9500,700.00,700.00,700.00,0.00
262.00,180.000,180.000,170.000,175.000,57.169,57.868,57.141,38.723,61.404,62.306,61.377,40.499,185.164,186.742,185.412,250.391,1.0000,1.0000,1.0000,0.9500,700.00,700.00,700.00,0.00
263.00,180.000,180.000,170.000,175.000,57.378,58.087,57.350,38.811,61.616,62.530,61.590,40.588,185.485,187.079,185.735,250.686,1.0000,1.0000,1.0000,0.9500,700.00,700.00,700.00,0.00
264.00,180.000,180.000,170.000,175.000,57.587,58.307,57.560,38.899,61.829,62.754,61.802,40.677,185.806,187.415,186.058,250.979,1.0000,1.0000,1.0000,0.9500,700.00,700.00,700.00,0.00
265.00,180.000,180.000,170.000,175.000,57.797,58.526,57.769,38.987,62.041,62.978,62.015,40.766,186.125,187.750,186.379,251.270,1.0000,1.0000,1.0000,0.9500,700.00,700.00,700.00,0.00
266.00,180.000,180.000,170.000,175.000,58.006,58.746,57.979,39.075,62.254,63.203,62.227,40.855,186.443,188.085,186.700,251.559,1.0000,1.0000,1.0000,0.9500,700.00,700.00,700.00,0.00
267.00,180.000,180.000,170.000,175.000,58.216,58.966,58.189,39.163,62.466,63.427,62.440,40.945,186.760,188.419,187.020,251.846,1.0000,1.0000,1.0000,0.9500,700.00,700.00,700.00,0.00
268.00,180.000,180.000,170.000,175.000,58.426,59.187,58.399,39.251,62.679,63.652,62.653,41.034,187.077,188.752,187.339,252.131,1.0000,1.0000,1.0000,0.9500,700.00,700.00,700.00,0.00
269.00,180.000,180.000,170.000,175.000,58.636,59.407,58.609,39.339,62.892,63.877,62.866,41.124,187.392,189.084,187.657,252.415,1.0000,1.0000,1.0000,0.9500,700.00,700.00,700.00,0.00
270.00,180.000,180.000,170.000,175.000,58.846,59.628,58.819,39.427,63.105,64.103,63.079,41.213,187.707,189.415,187.974,252.696,1.0000,1.0000,1.0000,0.9500,700.00,700.00,700.00,0.00
271.00,180.000,180.000,170.000,175.000,59.057,59.849,59.030,39.515,63.318,64.328,63.292,41.303,188.021,189.745,188.291,252.976,1.0000,1.0000,1.0000,0.9500,700.00,700.00,700.00,0.00
272.00,180.000,180.000,170.000,175.000,59.267,60.070,59.240,39.603,63.531,64.553,63.506,41.392,188.333,190.075,188.606,253.255,1.0000,1.0000,1.0000,0.9500,700.00,700.00,700.00,0.00
273.00,180.000,180.000,170.000,175.000,59.478,60.292,59.451,39.692,63.744,64.779,63.719,41.482,188.645,190.404,188.921,253.531,1.0000,1.0000,1.0000,0.9500,700.00,700.00,700.00,0.00
274.00,180.000,180.000,170.000,175.000,59.688,60.513,59.662,39.780,63.957,65.005,63.932,41.572,188.957,190.732,189.235,253.806,1.0000,1.0000,1.0000,0.9500,700.00,700.00,700.00,0.00
275.00,180.000,180.000,170.000,175.000,59.899,60.735,59.873,39.869,64.171,65.231,64.146,41.662,189.267,191.059,189.547,254.079,1.0000,1.0000,1.0000,0.9500,700.00,700.00,700.00,0.00
276.00,180.000,180.000,170.000,175.000,60.110,60.957,60.084,39.957,64.384,65.457,64.359,41.752,189.576,191.386,189.859,254.351,1.0000,1.0000,1.0000,0.9500,700.00,700.00,700.00,0.00
277.00,180.000,180.000,170.000,175.000,60.321,61.180,60.295,40.046,64.597,65.684,64.573,41.842,189.885,191.712,190.171,254.620,1.0000,1.0000,1.0000,0.9500,700.00,700.00,700.00,0.00
278.00,180.000,180.000,170.000,175.000,60.532,61.402,60.506,40.135,64.811,65.910,64.787,41.932,190.193,192.037,190.481,254.888,1.0000,1.0000,1.0000,0.9500,700.00,700.00,700.00,0.00
279.00,180.000,180.000,170.000,175.000,60.744,61.625,60.718,40.223,65.025,66.137,65.001,42.022,190.499,192.361,190.791,255.155,1.0000,1.0000,1.0000,0.9500,700.00,700.00,700.00,0.00
280.00,180.000,180.000,170.000,175.000,60.955,61.848,60.929,40.312,65.238,66.364,65.215,42.112,190.805,192.684,191.099,255.420,1.0000,1.0000,1.0000,0.9500,700.00,700.00,700.00,0.00
281.00,180.000,180.000,170.000,175.000,61.167,62.071,61.141,40.401,65.452,66.591,65.429,42.202,191.111,193.007,191.407,255.683,1.0000,1.0000,1.0000,0.9500,700.00,700.00,700.00,0.00
282.00,180.000,180.000,170.000,175.000,61.378,62.294,61.353,40.490,65.666,66.818,65.643,42.293,191.415,193.329,191.714,255.944,1.0000,1.0000,1.0000,0.9500,700.00,700.00,700.00,0.00
283.00,180.000,180.000,170.000,175.000,61.590,62.517,61.564,40.579,65.880,67.046,65.857,42.383,191.719,193.651,192.021,256.204,1.0000,1.0000,1.0000,0.9500,700.00,700.00,700.00,0.00
284.00,180.000,180.000,170.000,175.000,61.802,62.741,61.776,40.668,66.094,67.273,66.071,42.473,192.022,193.971,192.326,256.463,1.0000,1.0000,1.0000,0.9500,700.00,700.00,700.00,0.00
285.00,180.000,180.000,170.000,175.000,62.014,62.965,61.989,40.757,66.308,67.501,66.285,42.564,192.324,194.291,192.631,256.720,1.0000,1.0000,1.0000,0.9500,700.00,700.00,700.00,0.00
286.00,180.000,180.000,170.000,175.000,62.226,63.189,62.201,40.847,66.522,67.729,66.500,42.654,192.625,194.610,192.935,256.975,1.0000,1.0000,1.0000,0.9500,700.00,700.00,700.00,0.00
287.00,180.000,180.000,170.000,175.000,62.438,63.413,62.413,40.936,66.736,67.957,66.714,42.745,192.925,194.929,193.238,257.229,1.0000,1.0000,1.0000,0.9500,700.00,700.00,700.00,0.00
288.00,180.000,180.000,170.000,175.000,62.650,63.638,62.625,41.025,66.950,68.185,66.929,42.835,193.225,195.247,193.541,257.481,1.0000,1.0000,1.0000,0.9500,700.00,700.00,700.00,0.00
289.00,180.000,180.000,170.000,175.000,62.863,63.862,62.838,41.115,67.164,68.413,67.143,42.926,193.524,195.564,193.842,257.732,1.0000,1.0000,1.0000,0.9500,700.00,700.00,700.00,0.00
290.00,180.000,180.000,170.000,175.000,63.075,64.087,63.051,41.204,67.379,68.641,67.358,43.017,193.822,195.880,194.143,257.981,1.0000,1.0000,1.0000,0.9500,700.00,700.00,700.00,0.00
291.00,180.000,180.000,170.000,175.000,63.288,64.312,63.263,41.294,67.593,68.870,67.572,43.108,194.119,196.196,194.443,258.229,1.0000,1.0000,1.0000,0.9500,700.00,700.00,700.00,0.00
292.00,180.000,180.000,170.000,175.000,63.500,64.537,63.476,41.383,67.808,69.098,67.787,43.199,194.416,196.511,194.743,258.475,1.0000,1.0000,1.0000,0.9500,700.00,700.00,700.00,0.00
293.00,180.000,180.000,170.000,175.000,63.713,64.762,63.689,41.473,68.022,69.327,68.002,43.290,194.712,196.826,195.042,258.720,1.0000,1.0000,1.0000,0.9500,700.00,700.00,700.00,0.00
294.00,180.000,180.000,170.000,175.000,63.926,64.988,63.902,41.563,68.237,69.556,68.217,43.380,195.007,197.139,195.340,258.963,1.0000,1.0000,1.0000,0.9500,700.00,700.00,700.00,0.00
295.00,180.000,180.000,170.000,175.000,64.139,65.213,64.115,41.652,68.451,69.785,68.432,43.472,195.301,197.453,195.637,259.205,1.0000,1.0000,1.0000,0.9500,700.00,700.00,700.00,0.00
296.00,180.000,180.000,170.000,175.000,64.352,65.439,64.328,41.742,68.666,70.014,68.646,43.563,195.595,197.765,195.933,259.445,1.0000,1.0000,1.0000,0.9500,700.00,700.00,700.00,0.00
297.00,180.000,180.000,170.000,175.000,64.565,65.665,64.542,41.832,68.880,70.244,68.861,43.654,195.888,198.077,196.229,259.684,1.0000,1.0000,1.0000,0.9500,700.00,700.00,700.00,0.00
298.00,180.000,180.000,170.000,175.000,64.778,65.891,64.755,41.922,69.095,70.473,69.076,43.745,196.180,198.388,196.524,259.922,1.0000,1.0000,1.0000,0.9500,700.00,700.00,700.00,0.00
299.00,180.000,180.000,170.000,175.000,64.991,66.118,64.968,42.012,69.310,70.703,69.292,43.836,196.472,198.699,196.819,260.158,1.0000,1.0000,1.0000,0.9500,700.00,700.00,700.00,0.00
300.00,180.000,180.000,170.000,175.000,65.205,66.344,65.182,42.102,69.525,70.932,69.507,43.928,196.762,199.009,197.112,260.393,1.0000,1.0000,1.0000,0.9500,700.00,700.00,700.00,0.00
301.00,180.000,180.000,170.000,175.000,65.418,66.571,65.395,42.192,69.740,71.162,69.722,44.019,197.053,199.318,197.405,260.627,1.0000,1.0000,1.0000,0.9500,700.00,700.00,700.00,0.00
302.00,180.000,180.000,170.000,175.000,65.631,66.798,65.609,42.283,69.954,71.392,69.937,44.110,197.342,199.627,197.698,260.859,1.0000,1.0000,1.0000,0.9500,700.00,700.00,700.00,0.00
303.00,180.000,180.000,170.000,175.000,65.845,67.024,65.823,42.373,70.169,71.622,70.152,44.202,197.631,199.935,197.989,261.090,1.0000,1.0000,1.0000,0.9500,700.00,700.00,700.00,0.00
304.00,180.000,180.000,170.000,175.000,66.058,67.252,66.037,42.463,70.384,71.853,70.368,44.293,197.919,200.242,198.280,261.319,1.0000,1.0000,1.0000,0.9500,700.00,700.00,700.00,0.00
305.00,180.000,180.000,170.000,175.000,66.272,67.479,66.251,42.554,70.599,72.083,70.583,44.385,198.206,200.549,198.571,261.547,1.0000,1.0000,1.0000,0.9500,700.00,700.00,700.00,0.00
306.00,180.000,180.000,170.000,175.000,66.486,67.706,66.465,42.644,70.814,72.313,70.798,44.477,198.493,200.856,198.860,261.774,1.0000,1.0000,1.0000,0.9500,700.00,700.00,700.00,0.00
307.00,180.000,180.000,170.000,175.000,66.700,67.934,66.679,42.735,71.029,72.544,71.014,44.568,198.779,201.161,199.149,262.000,1.0000,1.0000,1.0000,0.9500,700.00,700.00,700.00,0.00
308.00,180.000,180.000,170.000,175.000,66.913,68.161,66.893,42.825,71.244,72.775,71.229,44.660,199.064,201.467,199.438,262.224,1.0000,1.0000,1.0000,0.9500,700.00,700.00,700.00,0.00
309.00,180.000,180.000,170.000,175.000,67.127,68.389,67.107,42.916,71.460,73.005,71.445,44.752,199.349,201.771,199.725,262.447,1.0000,1.0000,1.0000,0.9500,700.00,700.00,700.00,0.00
310.00,180.000,180.000,170.000,175.000,67.341,68.617,67.321,43.006,71.675,73.236,71.660,44.844,199.633,202.075,200.013,262.669,1.0000,1.0000,1.0000,0.9500,700.00,700.00,700.00,0.00
311.00,180.000,180.000,170.000,175.000,67.555,68.845,67.535,43.097,71.890,73.467,71.876,44.936,199.916,202.379,200.299,262.889,1.0000,1.0000,1.0000,0.9500,700.00,700.00,700.00,0.00
312.00,180.000,180.000,170.000,175.000,67.769,69.074,67.750,43.188,72.105,73.699,72.092,45.028,200.199,202.681,200.585,263.108,1.0000,1.0000,1.0000,0.9500,700.00,700.00,700.00,0.00
313.00,180.000,180.000,170.000,175.000,67.983,69.302,67.964,43.279,72.320,73.930,72.307,45.120,200.481,202.984,200.870,263.326,1.0000,1.0000,1.0000,0.9500,700.00,700.00,700.00,0.00
314.00,180.000,180.000,170.000,175.000,68.198,69.531,68.179,43.370,72.535,74.161,72.523,45.212,200.763,203.286,201.154,263.543,1.0000,1.0000,1.0000,0.9500,700.00,700.00,700.00,0.00
315.00,180.000,180.000,170.000,175.000,68.412,69.759,68.393,43.461,72.751,74.393,72.739,45.304,201.044,203.587,201.438,263.759,1.0000,1.0000,1.0000,0.9500,700.00,700.00,700.00,0.00
316.00,180.000,180.000,170.000,175.000,68.626,69.988,68.608,43.552,72.966,74.624,72.954,45.396,201.324,203.888,201.722,263.973,1.0000,1.0000,1.0000,0.9500,700.00,700.00,700.00,0.00
317.00,180.000,180.000,170.000,175.000,68.840,70.217,68.822,43.643,73.181,74.856,73.170,45.488,201.603,204.188,202.004,264.186,1.0000,1.0000,1.0000,0.9500,700.00,700.00,700.00,0.00
318.00,180.000,180.000,170.000,175.000,69.055,70.446,69.037,43.734,73.397,75.088,73.386,45.581,201.882,204.487,202.286,264.398,1.0000,1.0000,1.0000,0.9500,700.00,700.00,700.00,0.00
319.00,180.000,180.000,170.000,175.000,69.269,70.676,69.252,43.825,73.612,75.320,73.602,45.673,202.161,204.786,202.568,264.609,1.0000,1.0000,1.0000,0.9500,700.00,700.00,700.00,0.00
320.00,180.000,180.000,170.000,175.000,69.484,70.905,69.467,43.916,73.827,75.552,73.818,45.765,202.439,205.085,202.849,264.819,1.0000,1.0000,1.0000,0.9500,700.00,700.00,700.00,0.00
321.00,180.000,180.000,170.000,175.000,69.698,71.134,69.682,44.008,74.043,75.784,74.033,45.858,202.716,205.383,203.129,265.027,1.0000,1.0000,1.0000,0.9500,700.00,700.00,700.00,0.00
322.00,180.000,180.000,170.000,175.000,69.913,71.364,69.897,44.099,74.258,76.016,74.249,45.950,202.992,205.680,203.409,265.234,1.0000,1.0000,1.0000,0.9500,700.00,700.00,700.00,0.00
323.00,180.000,180.000,170.000,175.000,70.127,71.594,70.112,44.191,74.474,76.248,74.465,46.043,203.268,205.977,203.688,265.441,1.0000,1.0000,1.0000,0.9500,700.00,700.00,700.00,0.00
324.00,180.000,180.000,170.000,175.000,70.342,71.824,70.327,44.282,74.689,76.481,74.681,46.135,203.544,206.274,203.967,265.646,1.0000,1.0000,1.0000,0.9500,700.00,700.00,700.00,0.00
325.00,180.000,180.000,170.000,175.000,70.557,72.054,70.542,44.374,74.904,76.713,74.897,46.228,203.819,206.570,204.245,265.850,1.0000,1.0000,1.0000,0.9500,700.00,700.00,700.00,0.00
326.00,180.000,180.000,170.000,175.000,70.771,72.284,70.757,44.465,75.120,76.946,75.113,46.321,204.093,206.865,204.522,266.052,1.0000,1.0000,1.0000,0.9500,700.00,700.00,700.00,0.00
327.00,180.000,180.000,170.000,175.000,70.986,72.514,70.972,44.557,75.335,77.178,75.329,46.413,204.367,207.160,204.799,266.254,1.0000,1.0000,1.0000,0.9500,700.00,700.00,700.00,0.00
328.00,180.000,180.000,170.000,175.000,71.201,72.744,71.187,44.649,75.551,77.411,75.545,46.506,204.640,207.455,205.075,266.455,1.0000,1.0000,1.0000,0.9500,700.00,700.00,700.00,0.00
329.00,180.000,180.000,170.000,175.000,71.416,72.975,71.402,44.740,75.766,77.644,75.761,46.599,204.912,207.749,205.351,266.654,1.0000,1.0000,1.0000,0.9500,700.00,700.00,700.00,0.00
330.00,180.000,180.000,170.000,175.000,71.631,73.205,71.617,44.832,75.982,77.877,75.977,46.692,205.184,208.043,205.626,266.853,1.0000,1.0000,1.0000,0.9500,700.00,700.00,700.00,0.00
331.00,180.000,180.000,170.000,175.000,71.845,73.436,71.833,44.924,76.197,78.110,76.193,46.785,205.456,208.336,205.901,267.050,1.0000,1.0000,1.0000,0.9500,700.00,700.00,700.00,0.00
332.00,180.000,180.000,170.000,175.000,72.060,73.667,72.048,45.016,76.413,78.343,76.409,46.878,205.726,208.628,206.175,267.247,1.0000,1.0000,1.0000,0.9500,700.00,700.00,700.00,0.00
333.00,180.000,180.000,170.000,175.000,72.275,73.898,72.263,45.108,76.628,78.576,76.625,46.971,205.997,208.920,206.448,267.442,1.0000,1.0000,1.0000,0.9500,700.00,700.00,700.00,0.00
334.00,180.000,180.000,170.000,175.000,72.490,74.129,72.479,45.200,76.844,78.810,76.841,47.064,206.267,209.212,206.721,267.637,1.0000,1.0000,1.0000,0.9500,700.00,700.00,700.00,0.00
335.00,180.000,180.000,170.000,175.000,72.705,74.360,72.694,45.292,77.059,79.043,77.057,47.157,206.536,209.503,206.994,267.830,1.0000,1.0000,1.0000,0.9500,700.00,700.00,700.00,0.00
336.00,180.000,180.000,170.000,175.000,72.920,74.591,72.910,45.384,77.275,79.277,77.273,47.250,206.805,209.794,207.266,268.022,1.0000,1.0000,1.0000,0.9500,700.00,700.00,700.00,0.00
337.00,180.000,180.000,170.000,175.000,73.135,74.823,73.125,45.476,77.490,79.510,77.489,47.344,207.073,210.084,207.537,268.214,1.0000,1.0000,1.0000,0.9500,700.00,700.00,700.00,0.00
338.00,180.000,180.000,170.000,175.000,73.350,75.054,73.341,45.568,77.706,79.744,77.705,47.437,207.340,210.374,207.808,268.404,1.0000,1.0000,1.0000,0.9500,700.00,700.00,700.00,0.00
339.00,180.000,180.000,170.000,175.000,73.566,75.286,73.556,45.661,77.921,79.977,77.922,47.530,207.608,210.664,208.079,268.593,1.0000,1.0000,1.0000,0.9500,700.00,700.00,700.00,0.00
340.00,180.000,180.000,170.000,175.000,73.781,75.518,73.772,45.753,78.137,80.211,78.138,47.624,207.874,210.953,208.349,268.782,1.0000,1.0000,1.0000,0.9500,700.00,700.00,700.00,0.00
341.00,180.000,180.000,170.000,175.000,73.996,75.749,73.987,45.845,78.352,80.445,78.354,47.717,208.140,211.241,208.618,268.969,1.0000,1.0000,1.0000,0.9500,700.00,700.00,700.00,0.00
342.00,180.000,180.000,170.000,175.000,74.211,75.981,74.203,45.938,78.568,80.679,78.570,47.811,208.406,211.529,208.887,269.155,1.0000,1.0000,1.0000,0.9500,700.00,700.00,700.00,0.00
343.00,180.000,180.000,170.000,175.000,74.426,76.213,74.419,46.030,78.783,80.913,78.786,47.904,208.671,211.817,209.155,269.341,1.0000,1.0000,1.0000,0.9500,700.00,700.00,700.00,0.00
344.00,180.000,180.000,170.000,175.000,74.641,76.446,74.634,46.123,78.999,81.147,79.002,47.998,208.936,212.104,209.423,269.525,1.0000,1.0000,1.0000,0.9500,700.00,700.00,700.00,0.00
345.00,180.000,180.000,170.000,175.000,74.856,76.678,74.850,46.216,79.214,81.382,79.218,48.091,209.200,212.391,209.691,269.709,1.0000,1.0000,1.0000,0.9500,700.00,700.00,700.00,0.00
346.00,180.000,180.000,170.000,175.000,75.072,76.910,75.066,46.308,79.430,81.616,79.434,48.185,209.463,212.677,209.958,269.892,1.0000,1.0000,1.0000,0.9500,700.00,700.00,700.00,0.00
347.00,180.000,180.000,170.000,175.000,75.287,77.142,75.282,46.401,79.645,81.850,79.650,48.279,209.726,212.963,210.224,270.073,1.0000,1.0000,1.0000,0.9500,700.00,700.00,700.00,0.00
348.00,180.000,180.000,170.000,175.000,75.502,77.375,75.497,46.494,79.861,82.085,79.867,48.373,209.989,213.249,210.490,270.254,1.0000,1.0000,1.0000,0.9500,700.00,700.00,700.00,0.00
349.00,180.000,180.000,170.000,175.000,75.717,77.608,75.713,46.586,80.076,82.319,80.083,48.466,210.251,213.534,210.756,270.434,1.0000,1.0000,1.0000,0.9500,700.00,700.00,700.00,0.00
350.00,180.000,180.000,170.000,175.000,75.933,77.840,75.929,46.679,80.292,82.554,80.299,48.560,210.513,213.819,211.021,270.613,1.0000,1.0000,1.0000,0.9500,700.00,700.00,700.00,0.00
351.00,180.000,180.000,170.000,175.000,76.148,78.073,76.145,46.772,80.507,82.788,80.515,48.654,210.774,214.103,211.285,270.791,1.0000,1.0000,1.0000,0.9500,700.00,700.00,700.00,0.00
352.00,180.000,180.000,170.000,175.000,76.363,78.306,76.360,46.865,80.723,83.023,80.731,48.748,211.034,214.387,211.549,270.968,1.0000,1.0000,1.0000,0.9500,700.00,700.00,700.00,0.00
353.00,180.000,180.000,170.000,175.000,76.578,78.539,76.576,46.958,80.938,83.258,80.947,48.842,211.295,214.670,211.813,271.145,1.0000,1.0000,1.0000,0.9500,700.00,700.00,700.00,0.00
354.00,180.000,180.000,170.000,175.000,76.794,78.772,76.792,47.051,81.153,83.493,81.163,48.936,211.554,214.954,212.076,271.320,1.0000,1.0000,1.0000,0.9500,700.00,700.00,700.00,0.00
355.00,180.000,180.000,170.000,175.000,77.009,79.005,77.008,47.144,81.369,83.728,81.379,49.030,211.814,215.236,212.339,271.495,1.0000,1.0000,1.0000,0.9500,700.00,700.00,700.00,0.00
356.00,180.000,180.000,170.000,175.000,77.224,79.238,77.224,47.237,81.584,83.963,81.595,49.124,212.073,215.519,212.601,271.669,1.0000,1.0000,1.0000,0.9500,700.00,700.00,700.00,0.00
357.00,180.000,180.000,170.000,175.000,77.440,79.472,77.440,47.331,81.800,84.198,81.811,49.219,212.331,215.801,212.863,271.842,1.0000,1.0000,1.0000,0.9500,700.00,700.00,700.00,0.00
358.00,180.000,180.000,170.000,175.000,77.655,79.705,77.656,47.424,82.015,84.433,82.027,49.313,212.589,216.082,213.124,272.014,1.0000,1.0000,1.0000,0.9500,700.00,700.00,700.00,0.00
359.00,180.000,180.000,170.000,175.000,77.870,79.939,77.872,47.517,82.230,84.668,82.243,49.407,212.846,216.364,213.385,272.185,1.0000,1.0000,1.0000,0.9500,700.00,700.00,700.00,0.00
360.00,180.000,180.000,170.000,175.000,78.086,80.172,78.087,47.611,82.446,84.903,82.459,49.501,213.103,216.644,213.646,272.355,1.0000,1.0000,1.0000,0.9500,700.00,700.00,700.00,0.00
361.00,180.000,180.000,170.000,175.000,78.301,80.406,78.303,47.704,82.661,85.138,82.675,49.596,213.360,216.925,213.906,272.525,1.0000,1.0000,1.0000,0.9500,700.00,700.00,700.00,0.00
362.00,180.000,180.000,170.000,175.000,78.516,80.639,78.519,47.797,82.876,85.374,82.891,49.690,213.616,217.205,214.165,272.694,1.0000,1.0000,1.0000,0.9500,700.00,700.00,700.00,0.00
363.00,180.000,180.000,170.000,175.000,78.732,80.873,78.735,47.891,83.091,85.609,83.107,49.785,213.872,217.485,214.425,272.862,1.0000,1.0000,1.0000,0.9500,700.00,700.00,700.00,0.00
364.00,180.000,180.000,170.000,175.000,78.947,81.107,78.951,47.984,83.307,85.845,83.323,49.879,214.127,217.764,214.683,273.029,1.0000,1.0000,1.0000,0.9500,700.00,700.00,700.00,0.00
365.00,180.000,180.000,170.000,175.000,79.162,81.341,79.167,48.078,83.522,86.080,83.539,49.974,214.382,218.043,214.942,273.195,1.0000,1.0000,1.0000,0.9500,700.00,700.00,700.00,0.00
366.00,180.000,180.000,170.000,175.000,79.377,81.575,79.383,48.172,83.737,86.316,83.755,50.068,214.636,218.322,215.200,273.361,1.0000,1.0000,1.0000,0.9500,700.00,700.00,700.00,0.00
367.00,180.000,180.000,170.000,175.000,79.593,81.809,79.599,48.265,83.952,86.552,83.971,50.163,214.890,218.600,215.457,273.526,1.0000,1.0000,1.0000,0.9500,700.00,700.00,700.00,0.00
368.00,180.000,180.000,170.000,175.000,79.808,82.044,79.815,48.359,84.167,86.787,84.187,50.258,215.144,218.878,215.714,273.690,1.0000,1.0000,1.0000,0.9500,700.00,700.00,700.00,0.00
369.00,180.000,180.000,170.000,175.000,80.023,82.278,80.031,48.453,84.383,87.023,84.403,50.352,215.397,219.156,215.971,273.853,1.0000,1.0000,1.0000,0.9500,700.00,700.00,700.00,0.00
370.00,180.000,180.000,170.000,175.000,80.239,82.512,80.247,48.547,84.598,87.259,84.619,50.447,215.649,219.433,216.227,274.016,1.0000,1.0000,1.0000,0.9500,700.00,700.00,700.00,0.00
371.00,180.000,180.000,170.000,175.000,80.454,82.747,80.463,48.640,84.813,87.495,84.835,50.542,215.902,219.710,216.483,274.178,1.0000,1.0000,1.0000,0.9500,700.00,700.00,700.00,0.00
372.00,180.000,180.000,170.000,175.000,80.669,82.981,80.678,48.734,85.028,87.731,85.051,50.637,216.154,219.987,216.738,274.339,1.0000,1.0000,1.0000,0.9500,700.00,700.00,700.00,0.00
373.00,180.000,180.000,170.000,175.000,80.884,83.216,80.894,48.828,85.243,87.967,85.267,50.732,216.405,220.263,216.994,274.499,1.0000,1.0000,1.0000,0.9500,700.00,700.00,700.00,0.00
374.00,180.000,180.000,170.000,175.000,81.100,83.450,81.110,48.922,85.458,88.203,85.482,50.827,216.656,220.539,217.248,274.659,1.0000,1.0000,1.0000,0.9500,700.00,700.00,700.00,0.00
375.00,180.000,180.000,170.000,175.000,81.315,83.685,81.326,49.016,85.673,88.439,85.698,50.921,216.907,220.815,217.502,274.818,1.0000,1.0000,1.0000,0.9500,700.00,700.00,700.00,0.00
376.00,180.000,180.000,170.000,175.000,81.530,83.920,81.542,49.110,85.888,88.675,85.914,51.017,217.157,221.090,217.756,274.976,1.0000,1.0000,1.0000,0.9500,700.00,700.00,700.00,0.00
377.00,180.000,180.000,170.000,175.000,81.745,84.155,81.758,49.205,86.103,88.911,86.130,51.112,217.407,221.365,218.010,275.133,1.0000,1.0000,1.0000,0.9500,700.00,700.00,700.00,0.00
378.00,180.000,180.000,170.000,175.000,81.960,84.390,81.974,49.299,86.318,89.147,86.345,51.207,217.657,221.640,218.263,275.290,1.0000,1.0000,1.0000,0.9500,700.00,700.00,700.00,0.00
379.00,180.000,180.000,170.000,175.000,82.176,84.625,82.190,49.393,86.533,89.384,86.561,51.302,217.906,221.914,218.516,275.446,1.0000,1.0000,1.0000,0.9500,700.00,700.00,700.00,0.00
380.00,180.000,180.000,170.000,175.000,82.391,84.860,82.406,49.487,86.747,89.620,86.777,51.397,218.154,222.188,218.768,275.602,1.0000,1.0000,1.0000,0.9500,700.00,700.00,700.00,0.00
381.00,180.000,180.000,170.000,175.000,82.606,85.095,82.621,49.582,86.962,89.856,86.993,51.492,218.403,222.462,219.020,275.756,1.0000,1.0000,1.0000,0.9500,700.00,700.00,700.00,0.00
382.00,180.000,180.000,170.000,175.000,82.821,85.330,82.837,49.676,87.177,90.093,87.208,51.588,218.651,222.735,219.272,275.910,1.0000,1.0000,1.0000,0.9500,700.00,700.00,700.00,0.00
383.00,180.000,180.000,170.000,175.000,83.036,85.565,83.053,49.770,87.392,90.329,87.424,51.683,218.898,223.008,219.523,276.064,1.0000,1.0000,1.0000,0.9500,700.00,700.00,700.00,0.00
384.00,180.000,180.000,170.000,175.000,83.251,85.800,83.269,49.865,87.607,90.566,87.639,51.778,219.145,223.281,219.774,276.216,1.0000,1.0000,1.0000,0.9500,700.00,700.00,700.00,0.00
385.00,180.000,180.000,170.000,175.000,83.466,86.036,83.485,49.959,87.821,90.803,87.855,51.874,219.392,223.553,220.024,276.368,1.0000,1.0000,1.0000,0.9500,700.00,700.00,700.00,0.00
386.00,180.000,180.000,170.000,175.000,83.681,86.271,83.701,50.054,88.036,91.039,88.070,51.969,219.639,223.826,220.274,276.520,1.0000,1.0000,1.0000,0.9500,700.00,700.00,700.00,0.00
387.00,180.000,180.000,170.000,175.000,83.896,86.507,83.916,50.148,88.251,91.276,88.286,52.064,219.885,224.098,220.524,276.670,1.0000,1.0000,1.0000,0.9500,700.00,700.00,700.00,0.00
388.00,180.000,180.000,170.000,175.000,84.111,86.742,84.132,50.243,88.465,91.513,88.501,52.160,220.130,224.369,220.774,276.820,1.0000,1.0000,1.0000,0.9500,700.00,700.00,700.00,0.00
389.00,180.000,180.000,170.000,175.000,84.326,86.978,84.348,50.338,88.680,91.749,88.717,52.256,220.376,224.640,221.023,276.970,1.0000,1.0000,1.0000,0.9500,700.00,700.00,700.00,0.00
390.00,180.000,180.000,170.000,175.000,84.541,87.213,84.564,50.432,88.894,91.986,88.932,52.351,220.621,224.911,221.271,277.118,1.0000,1.0000,1.0000,0.9500,700.00,700.00,700.00,0.00
391.00,180.000,180.000,170.000,175.000,84.756,87.449,84.779,50.527,89.109,92.223,89.148,52.447,220.865,225.182,221.520,277.267,1.0000,1.0000,1.0000,0.9500,700.00,700.00,700.00,0.00
392.00,180.000,180.000,170.000,175.000,84.971,87.685,84.995,50.622,89.323,92.460,89.363,52.542,221.110,225.453,221.768,277.414,1.0000,1.0000,1.0000,0.9500,700.00,700.00,700.00,0.00
393.00,180.000,180.000,170.000,175.000,85.186,87.921,85.211,50.717,89.538,92.697,89.578,52.638,221.354,225.723,222.015,277.561,1.0000,1.0000,1.0000,0.9500,700.00,700.00,700.00,0.00
394.00,180.000,180.000,170.000,175.000,85.401,88.156,85.427,50.812,89.752,92.934,89.794,52.734,221.597,225.993,222.263,277.707,1.0000,1.0000,1.0000,0.9500,700.00,700.00,700.00,0.00
395.00,180.000,180.000,170.000,175.000,85.616,88.392,85.642,50.907,89.966,93.171,90.009,52.830,221.840,226.262,222.510,277.853,1.0000,1.0000,1.0000,0.9500,700.00,700.00,700.00,0.00
396.00,180.000,180.000,170.000,175.000,85.831,88.628,85.858,51.002,90.181,93.408,90.224,52.926,222.083,226.531,222.756,277.998,1.0000,1.0000,1.0000,0.9500,700.00,700.00,700.00,0.00
397.00,180.000,180.000,170.000,175.000,86.046,88.864,86.073,51.097,90.395,93.645,90.440,53.021,222.326,226.800,223.003,278.143,1.0000,1.0000,1.0000,0.9500,700.00,700.00,700.00,0.00
398.00,180.000,180.000,170.000,175.000,86.260,89.100,86.289,51.192,90.609,93.882,90.655,53.117,222.568,227.069,223.249,278.286,1.0000,1.0000,1.0000,0.9500,700.00,700.00,700.00,0.00
399.00,180.000,180.000,170.000,175.000,86.475,89.337,86.505,51.287,90.823,94.119,90.870,53.213,222.810,227.338,223.494,278.430,1.0000,1.0000,1.0000,0.9500,700.00,700.00,700.00,0.00
400.00,180.000,180.000,170.000,175.000,86.690,89.573,86.720,51.382,91.038,94.356,91.085,53.309,223.051,227.606,223.740,278.572,1.0000,1.0000,1.0000,0.9500,700.00,700.00,700.00,0.00
401.00,180.000,180.000,170.000,175.000,86.905,89.809,86.936,51.477,91.252,94.593,91.300,53.405,223.293,227.874,223.985,278.715,1.0000,1.0000,1.0000,0.9500,700.00,700.00,700.00,0.00
402.00,180.000,180.000,170.000,175.000,87.119,90.045,87.151,51.572,91.466,94.831,91.515,53.501,223.534,228.142,224.229,278.856,1.0000,1.0000,1.0000,0.9500,700.00,700.00,700.00,0.00
403.00,180.000,180.000,170.000,175.000,87.334,90.282,87.367,51.668,91.680,95.068,91.730,53.598,223.774,228.409,224.474,278.997,1.0000,1.0000,1.0000,0.9500,700.00,700.00,700.00,0.00
404.00,180.000,180.000,170.000,175.000,87.548,90.518,87.582,51.763,91.894,95.305,91.945,53.694,224.014,228.676,224.718,279.138,1.0000,1.0000,1.0000,0.9500,700.00,700.00,700.00,0.00
405.00,180.000,180.000,170.000,175.000,87.763,90.754,87.798,51.858,92.108,95.543,92.160,53.790,224.254,228.943,224.961,279.277,1.0000,1.0000,1.0000,0.9500,700.00,700.00,700.00,0.00
406.00,180.000,180.000,170.000,175.000,87.978,90.991,88.013,51.954,92.322,95.780,92.375,53.886,224.494,229.210,225.205,279.417,1.0000,1.0000,1.0000,0.9500,700.00,700.00,700.00,0.00
407.00,180.000,180.000,170.000,175.000,88.192,91.227,88.229,52.049,92.536,96.017,92.590,53.982,224.733,229.476,225.448,279.556,1.0000,1.0000,1.0000,0.9500,700.00,700.00,700.00,0.00
408.00,180.000,180.000,170.000,175.000,88.407,91.464,88.444,52.145,92.750,96.255,92.805,54.079,224.972,229.742,225.691,279.694,1.0000,1.0000,1.0000,0.9500,700.00,700.00,700.00,0.00
409.00,180.000,180.000,170.000,175.000,88.621,91.701,88.659,52.240,92.963,96.492,93.020,54.175,225.210,230.008,225.933,279.831,1.0000,1.0000,1.0000,0.9500,700.00,700.00,700.00,0.00
410.00,180.000,180.000,170.000,175.000,88.835,91.937,88.875,52.336,93.177,96.730,93.234,54.271,225.449,230.274,226.175,279.969,1.0000,1.0000,1.0000,0.9500,700.00,700.00,700.00,0.00
411.00,180.000,180.000,170.000,175.000,89.050,92.174,89.090,52.431,93.391,96.967,93.449,54.368,225.687,230.539,226.417,280.105,1.0000,1.0000,1.0000,0.9500,700.00,700.00,700.00,0.00
412.00,180.000,180.000,170.000,175.000,89.264,92.411,89.305,52.527,93.605,97.205,93.664,54.464,225.924,230.804,226.659,280.241,1.0000,1.0000,1.0000,0.9500,700.00,700.00,700.00,0.00
413.00,180.000,180.000,170.000,175.000,89.479,92.647,89.520,52.623,93.818,97.442,93.879,54.561,226.162,231.069,226.900,280.377,1.0000,1.0000,1.0000,0.9500,700.00,700.00,700.00,0.00
414.00,180.000,180.000,170.000,175.000,89.693,92.884,89.736,52.718,94.032,97.680,94.093,54.657,226.399,231.334,227.141,280.512,1.0000,1.0000,1.0000,0.9500,700.00,700.00,700.00,0.00
415.00,180.000,180.000,170.000,175.000,89.907,93.121,89.951,52.814,94.245,97.918,94.308,54.754,226.635,231.598,227.381,280.647,1.0000,1.0000,1.0000,0.9500,700.00,700.00,700.00,0.00
416.00,180.000,180.000,170.000,175.000,90.121,93.358,90.166,52.910,94.459,98.155,94.522,54.851,226.872,231.863,227.622,280.781,1.0000,1.0000,1.0000,0.9500,700.00,700.00,700.00,0.00
417.00,180.000,180.000,170.000,175.000,90.336,93.595,90.381,53.006,94.672,98.393,94.737,54.947,227.108,232.127,227.862,280.914,1.0000,1.0000,1.0000,0.9500,700.00,700.00,700.00,0.00
418.00,180.000,180.000,170.000,175.000,90.550,93.832,90.596,53.102,94.886,98.631,94.951,55.044,227.344,232.390,228.102,281.047,1.0000,1.0000,1.0000,0.9500,700.00,700.00,700.00,0.00
419.00,180.000,180.000,170.000,175.000,90.764,94.069,90.811,53.198,95.099,98.868,95.166,55.141,227.579,232.654,228.341,281.180,1.0000,1.0000,1.0000,0.9500,700.00,700.00,700.00,0.00
420.00,180.000,180.000,170.000,175.000,90.978,94.306,91.026,53.294,95.312,99.106,95.380,55.237,227.815,232.917,228.580,281.312,1.0000,1.0000,1.0000,0.9500,700.00,700.00,700.00,0.00
421.00,180.000,180.000,170.000,175.000,91.192,94.543,91.241,53.390,95.526,99.344,95.595,55.334,228.050,233.180,228.819,281.444,1.0000,1.0000,1.0000,0.9500,700.00,700.00,700.00,0.00
422.00,180.000,180.000,170.000,175.000,91.406,94.780,91.456,53.486,95.739,99.582,95.809,55.431,228.284,233.443,229.058,281.575,1.0000,1.0000,1.0000,0.9500,700.00,700.00,700.00,0.00
423.00,180.000,180.000,170.000,175.000,91.620,95.017,91.671,53.582,95.952,99.820,96.023,55.528,228.519,233.706,229.296,281.706,1.0000,1.0000,1.0000,0.9500,700.00,700.00,700.00,0.00
424.00,180.000,180.000,170.000,175.000,91.834,95.254,91.886,53.678,96.165,100.058,96.237,55.625,228.753,233.968,229.534,281.836,1.0000,1.0000,1.0000,0.9500,700.00,700.00,700.00,0.00
425.00,180.000,180.000,170.000,175.000,92.048,95.491,92.101,53.774,96.378,100.295,96.452,55.722,228.987,234.230,229.772,281.965,1.0000,1.0000,1.0000,0.9500,700.00,700.00,700.00,0.00
426.00,180.000,180.000,170.000,175.000,92.262,95.729,92.316,53.870,96.591,100.533,96.666,55.819,229.220,234.492,230.010,282.095,1.0000,1.0000,1.0000,0.9500,700.00,700.00,700.00,0.00
427.00,180.000,180.000,170.000,175.000,92.475,95.966,92.531,53.966,96.804,100.771,96.880,55.916,229.454,234.754,230.247,282.224,1.0000,1.0000,1.0000,0.9500,700.00,700.00,700.00,0.00
428.00,180.000,180.000,170.000,175.000,92.689,96.203,92.745,54.063,97.017,101.009,97.094,56.013,229.687,235.015,230.484,282.352,1.0000,1.0000,1.0000,0.9500,700.00,700.00,700.00,0.00
429.00,180.000,180.000,170.000,175.000,92.903,96.441,92.960,54.159,97.230,101.247,97.308,56.110,229.919,235.277,230.720,282.480,1.0000,1.0000,1.0000,0.9500,700.00,700.00,700.00,0.00
430.00,180.000,180.000,170.000,175.000,93.117,96.678,93.175,54.255,97.443,101.485,97.522,56.207,230.152,235.538,230.957,282.607,1.0000,1.0000,1.0000,0.9500,700.00,700.00,700.00,0.00
431.00,180.000,180.000,170.000,175.000,93.330,96.915,93.389,54.352,97.656,101.723,97.736,56.304,230.384,235.799,231.193,282.734,1.0000,1.0000,1.0000,0.9500,700.00,700.00,700.00,0.00
432.00,180.000,180.000,170.000,175.000,93.544,97.153,93.604,54.448,97.869,101.961,97.950,56.401,230.616,236.059,231.429,282.861,1.0000,1.0000,1.0000,0.9500,700.00,700.00,700.00,0.00
433.00,180.000,180.000,170.000,175.000,93.757,97.390,93.819,54.545,98.081,102.199,98.164,56.498,230.847,236.320,231.665,282.987,1.0000,1.0000,1.0000,0.9500,700.00,700.00,700.00,0.00
434.00,180.000,180.000,170.000,175.000,93.971,97.628,94.033,54.641,98.294,102.437,98.377,56.596,231.079,236.580,231.900,283.113,1.0000,1.0000,1.0000,0.9500,700.00,700.00,700.00,0.00
435.00,180.000,180.000,170.000,175.000,94.184,97.865,94.248,54.738,98.507,102.676,98.591,56.693,231.310,236.840,232.135,283.238,1.0000,1.0000,1.0000,0.9500,700.00,700.00,700.00,0.00
436.00,180.000,180.000,170.000,175.000,94.398,98.103,94.462,54.834,98.719,102.914,98.805,56.790,231.541,237.100,232.370,283.363,1.0000,1.0000,1.0000,0.9500,700.00,700.00,700.00,0.00
437.00,180.000,180.000,170.000,175.000,94.611,98.340,94.677,54.931,98.932,103.152,99.019,56.888,231.771,237.359,232.605,283.487,1.0000,1.0000,1.0000,0.9500,700.00,700.00,700.00,0.00
438.00,180.000,180.000,170.000,175.000,94.824,98.578,94.891,55.027,99.144,103.390,99.232,56.985,232.001,237.619,232.839,283.611,1.0000,1.0000,1.0000,0.9500,700.00,700.00,700.00,0.00
439.00,180.000,180.000,170.000,175.000,95.038,98.816,95.105,55.124,99.356,103.628,99.446,57.082,232.231,237.878,233.073,283.735,1.0000,1.0000,1.0000,0.9500,700.00,700.00,700.00,0.00
440.00,180.000,180.000,170.000,175.000,95.251,99.053,95.320,55.221,99.569,103.866,99.659,57.180,232.461,238.137,233.307,283.858,1.0000,1.0000,1.0000,0.9500,700.00,700.00,700.00,0.00
441.00,180.000,180.000,170.000,175.000,95.464,99.291,95.534,55.318,99.781,104.104,99.873,57.277,232.691,238.396,233.541,283.981,1.0000,1.0000,1.0000,0.9500,700.00,700.00,700.00,0.00
442.00,180.000,180.000,170.000,175.000,95.677,99.529,95.748,55.414,99.993,104.343,100.086,57.375,232.920,238.655,233.774,284.103,1.0000,1.0000,1.0000,0.9500,700.00,700.00,700.00,0.00
443.00,180.000,180.000,170.000,175.000,95.891,99.766,95.963,55.511,100.206,104.581,100.300,57.472,233.149,238.913,234.007,284.225,1.0000,1.0000,1.0000,0.9500,700.00,700.00,700.00,0.00
444.00,180.000,180.000,170.000,175.000,96.104,100.004,96.177,55.608,100.418,104.819,100.513,57.570,233.378,239.172,234.240,284.347,1.0000,1.0000,1.0000,0.9500,700.00,700.00,700.00,0.00
445.00,180.000,180.000,170.000,175.000,96.317,100.242,96.391,55.705,100.630,105.057,100.726,57.668,233.606,239.430,234.472,284.468,1.0000,1.0000,1.0000,0.9500,700.00,700.00,700.00,0.00
446.00,180.000,180.000,170.000,175.000,96.530,100.480,96.605,55.802,100.842,105.296,100.940,57.765,233.835,239.688,234.705,284.589,1.0000,1.0000,1.0000,0.9500,700.00,700.00,700.00,0.00
447.00,180.000,180.000,170.000,175.000,96.743,100.718,96.819,55.899,101.054,105.534,101.153,57.863,234.063,239.945,234.937,284.709,1.0000,1.0000,1.0000,0.9500,700.00,700.00,700.00,0.00
448.00,180.000,180.000,170.000,175.000,96.955,100.955,97.033,55.996,101.266,105.772,101.366,57.961,234.290,240.203,235.169,284.830,1.0000,1.0000,1.0000,0.9500,700.00,700.00,700.00,0.00
449.00,180.000,180.000,170.000,175.000,97.168,101.193,97.247,56.093,101.478,106.010,101.579,58.059,234.518,240.460,235.401,284.949,1.0000,1.0000,1.0000,0.9500,700.00,700.00,700.00,0.00
450.00,180.000,180.000,170.000,175.000,97.381,101.431,97.461,56.190,101.689,106.249,101.792,58.156,234.745,240.717,235.632,285.069,1.0000,1.0000,1.0000,0.9500,700.00,700.00,700.00,0.00
451.00,180.000,180.000,170.000,175.000,97.594,101.669,97.675,56.287,101.901,106.487,102.005,58.254,234.972,240.974,235.863,285.187,1.0000,1.0000,1.0000,0.9500,700.00,700.00,700.00,0.00
452.00,180.000,180.000,170.000,175.000,97.807,101.907,97.889,56.384,102.113,106.725,102.218,58.352,235.199,241.231,236.094,285.306,1.0000,1.0000,1.0000,0.9500,700.00,700.00,700.00,0.00
453.00,180.000,180.000,170.000,175.000,98.019,102.145,98.102,56.481,102.325,106.964,102.431,58.450,235.426,241.488,236.325,285.424,1.0000,1.0000,1.0000,0.9500,700.00,700.00,700.00,0.00
454.00,180.000,180.000,170.000,175.000,98.232,102.383,98.316,56.579,102.536,107.202,102.644,58.548,235.652,241.744,236.555,285.542,1.0000,1.0000,1.0000,0.9500,700.00,700.00,700.00,0.00
455.00,180.000,180.000,170.000,175.000,98.444,102.621,98.530,56.676,102.748,107.440,102.857,58.646,235.878,242.001,236.786,285.660,1.0000,1.0000,1.0000,0.9500,700.00,700.00,700.00,0.00
456.00,180.000,180.000,170.000,175.000,98.657,102.859,98.744,56.773,102.959,107.679,103.070,58.744,236.104,242.257,237.016,285.777,1.0000,1.0000,1.0000,0.9500,700.00,700.00,700.00,0.00
457.00,180.000,180.000,170.000,175.000,98.869,103.097,98.957,56.870,103.171,107.917,103.282,58.842,236.330,242.513,237.246,285.894,1.0000,1.0000,1.0000,0.9500,700.00,700.00,700.00,0.00
458.00,180.000,180.000,170.000,175.000,99.082,103.335,99.171,56.968,103.382,108.156,103.495,58.940,236.555,242.768,237.475,286.010,1.0000,1.0000,1.0000,0.9500,700.00,700.00,700.00,0.00
459.00,180.000,180.000,170.000,175.000,99.294,103.573,99.384,57.065,103.593,108.394,103.708,59.038,236.780,243.024,237.705,286.126,1.0000,1.0000,1.0000,0.9500,700.00,700.00,700.00,0.00
460.00,180.000,180.000,170.000,175.000,99.506,103.811,99.598,57.163,103.805,108.632,103.920,59.136,237.005,243.280,237.934,286.242,1.0000,1.0000,1.0000,0.9500,700.00,700.00,700.00,0.00
461.00,180.000,180.000,170.000,175.000,99.719,104.049,99.811,57.260,104.016,108.871,104.133,59.234,237.230,243.535,238.163,286.357,1.0000,1.0000,1.0000,0.9500,700.00,700.00,700.00,0.00
462.00,180.000,180.000,170.000,175.000,99.931,104.287,100.025,57.358,104.227,109.109,104.345,59.332,237.455,243.790,238.391,286.472,1.0000,1.0000,1.0000,0.9500,700.00,700.00,700.00,0.00
463.00,180.000,180.000,170.000,175.000,100.143,104.525,100.238,57.455,104.438,109.348,104.558,59.431,237.679,244.045,238.620,286.587,1.0000,1.0000,1.0000,0.9500,700.00,700.00,700.00,0.00
464.00,180.000,180.000,170.000,175.000,100.355,104.764,100.451,57.553,104.649,109.586,104.770,59.529,237.903,244.300,238.848,286.702,1.0000,1.0000,1.0000,0.9500,700.00,700.00,700.00,0.00
465.00,180.000,180.000,170.000,175.000,100.567,105.002,100.665,57.650,104.860,109.825,104.982,59.627,238.127,244.554,239.076,286.816,1.0000,1.0000,1.0000,0.9500,700.00,700.00,700.00,0.00
466.00,180.000,180.000,170.000,175.000,100.779,105.240,100.878,57.748,105.071,110.063,105.195,59.725,238.351,244.809,239.304,286.929,1.0000,1.0000,1.0000,0.9500,700.00,700.00,700.00,0.00
467.00,180.000,180.000,170.000,175.000,100.991,105.478,101.091,57.846,105.282,110.302,105.407,59.824,238.574,245.063,239.532,287.043,1.0000,1.0000,1.0000,0.9500,700.00,700.00,700.00,0.00
468.00,180.000,180.000,170.000,175.000,101.203,105.716,101.304,57.943,105.493,110.540,105.619,59.922,238.797,245.317,239.759,287.156,1.0000,1.0000,1.0000,0.9500,700.00,700.00,700.00,0.00
469.00,180.000,180.000,170.000,175.000,101.415,105.955,101.517,58.041,105.704,110.779,105.831,60.021,239.020,245.571,239.986,287.269,1.0000,1.0000,1.0000,0.9500,700.00,700.00,700.00,0.00
470.00,180.000,180.000,170.000,175.000,101.626,106.193,101.730,58.139,105.914,111.017,106.043,60.119,239.243,245.825,240.213,287.381,1.0000,1.0000,1.0000,0.9500,700.00,700.00,700.00,0.00
471.00,180.000,180.000,170.000,175.000,101.838,106.431,101.943,58.237,106.125,111.255,106.255,60.217,239.466,246.079,240.440,287.494,1.0000,1.0000,1.0000,0.9500,700.00,700.00,700.00,0.00
472.00,180.000,180.000,170.000,175.000,102.050,106.669,102.156,58.334,106.336,111.494,106.467,60.316,239.688,246.332,240.667,287.606,1.0000,1.0000,1.0000,0.9500,700.00,700.00,700.00,0.00
473.00,180.000,180.000,170.000,175.000,102.262,106.908,102.369,58.432,106.546,111.732,106.679,60.415,239.910,246.585,240.893,287.717,1.0000,1.0000,1.0000,0.9500,700.00,700.00,700.00,0.00
474.00,180.000,180.000,170.000,175.000,102.473,107.146,102.582,58.530,106.757,111.971,106.891,60.513,240.132,246.839,241.120,287.828,1.0000,1.0000,1.0000,0.9500,700.00,700.00,700.00,0.00
475.00,180.000,180.000,170.000,175.000,102.685,107.384,102.795,58.628,106.967,112.209,107.103,60.612,240.354,247.092,241.346,287.939,1.0000,1.0000,1.0000,0.9500,700.00,700.00,700.00,0.00
476.00,180.000,180.000,170.000,175.000,102.896,107.622,103.007,58.726,107.177,112.448,107.315,60.710,240.575,247.345,241.571,288.050,1.0000,1.0000,1.0000,0.9500,700.00,700.00,700.00,0.00
477.00,180.000,180.000,170.000,175.000,103.107,107.861,103.220,58.824,107.388,112.686,107.526,60.809,240.797,247.597,241.797,288.161,1.0000,1.0000,1.0000,0.9500,700.00,700.00,700.00,0.00
478.00,180.000,180.000,170.000,175.000,103.319,108.099,103.433,58.922,107.598,112.925,107.738,60.908,241.018,247.850,242.022,288.271,1.0000,1.0000,1.0000,0.9500,700.00,700.00,700.00,0.00
479.00,180.000,180.000,170.000,175.000,103.530,108.337,103.645,59.020,107.808,113.163,107.950,61.006,241.239,248.102,242.248,288.381,1.0000,1.0000,1.0000,0.9500,700.00,700.00,700.00,0.00
480.00,180.000,180.000,170.000,175.000,103.741,108.576,103.858,59.118,108.018,113.402,108.161,61.105,241.459,248.355,242.473,288.490,1.0000,1.0000,1.0000,0.9500,700.00,700.00,700.00,0.00
481.00,180.000,180.000,170.000,175.000,103.953,108.814,104.070,59.216,108.228,113.640,108.373,61.204,241.680,248.607,242.697,288.599,1.0000,1.0000,1.0000,0.9500,700.00,700.00,700.00,0.00
482.00,180.000,180.000,170.000,175.000,104.164,109.052,104.283,59.315,108.438,113.879,108.584,61.303,241.900,248.859,242.922,288.708,1.0000,1.0000,1.0000,0.9500,700.00,700.00,700.00,0.00
483.00,180.000,180.000,170.000,175.000,104.375,109.291,104.495,59.413,108.648,114.117,108.795,61.401,242.120,249.111,243.147,288.817,1.0000,1.0000,1.0000,0.9500,700.00,700.00,700.00,0.00
484.00,180.000,180.000,170.000,175.000,104.586,109.529,104.707,59.511,108.858,114.356,109.007,61.500,242.340,249.362,243.371,288.925,1.0000,1.0000,1.0000,0.9500,700.00,700.00,700.00,0.00
485.00,180.000,180.000,170.000,175.000,104.797,109.767,104.920,59.609,109.068,114.595,109.218,61.599,242.560,249.614,243.595,289.034,1.0000,1.0000,1.0000,0.9500,700.00,700.00,700.00,0.00
486.00,180.000,180.000,170.000,175.000,105.008,110.006,105.132,59.707,109.278,114.833,109.429,61.698,242.779,249.866,243.819,289.142,1.0000,1.0000,1.0000,0.9500,700.00,700.00,700.00,0.00
487.00,180.000,180.000,170.000,175.000,105.219,110.244,105.344,59.806,109.487,115.072,109.640,61.797,242.999,250.117,244.042,289.249,1.0000,1.0000,1.0000,0.9500,700.00,700.00,700.00,0.00
488.00,180.000,180.000,170.000,175.000,105.429,110.483,105.556,59.904,109.697,115.310,109.852,61.896,243.218,250.368,244.266,289.357,1.0000,1.0000,1.0000,0.9500,700.00,700.00,700.00,0.00
489.00,180.000,180.000,170.000,175.000,105.640,110.721,105.768,60.002,109.907,115.549,110.063,61.995,243.437,250.619,244.489,289.464,1.0000,1.0000,1.0000,0.9500,700.00,700.00,700.00,0.00
490.00,180.000,180.000,170.000,175.000,105.851,110.959,105.980,60.101,110.116,115.787,110.274,62.094,243.656,250.870,244.712,289.570,1.0000,1.0000,1.0000,0.9500,700.00,700.00,700.00,0.00
491.00,180.000,180.000,170.000,175.000,106.061,111.198,106.192,60.199,110.326,116.026,110.485,62.193,243.874,251.121,244.935,289.677,1.0000,1.0000,1.0000,0.9500,700.00,700.00,700.00,0.00
492.00,180.000,180.000,170.000,175.000,106.272,111.436,106.404,60.298,110.535,116.264,110.695,62.292,244.093,251.371,245.158,289.783,1.0000,1.0000,1.0000,0.9500,700.00,700.00,700.00,0.00
493.00,180.000,180.000,170.000,175.000,106.482,111.675,106.616,60.396,110.745,116.503,110.906,62.391,244.311,251.622,245.381,289.889,1.0000,1.0000,1.0000,0.9500,700.00,700.00,700.00,0.00
494.00,180.000,180.000,170.000,175.000,106.693,111.913,106.828,60.495,110.954,116.741,111.117,62.490,244.529,251.872,245.603,289.995,1.0000,1.0000,1.0000,0.9500,700.00,700.00,700.00,0.00
495.00,180.000,180.000,170.000,175.000,106.903,112.151,107.040,60.593,111.163,116.980,111.328,62.590,244.747,252.122,245.825,290.101,1.0000,1.0000,1.0000,0.9500,700.00,700.00,700.00,0.00
496.00,180.000,180.000,170.000,175.000,107.114,112.390,107.252,60.692,111.372,117.218,111.538,62.689,244.964,252.373,246.047,290.206,1.0000,1.0000,1.0000,0.9500,700.00,700.00,700.00,0.00
497.00,180.000,180.000,170.000,175.000,107.324,112.628,107.463,60.791,111.581,117.457,111.749,62.788,245.182,252.623,246.269,290.311,1.0000,1.0000,1.0000,0.9500,700.00,700.00,700.00,0.00
498.00,180.000,180.000,170.000,175.000,107.534,112.867,107.675,60.889,111.790,117.695,111.960,62.887,245.399,252.872,246.491,290.416,1.0000,1.0000,1.0000,0.9500,700.00,700.00,700.00,0.00
499.00,180.000,180.000,170.000,175.000,107.744,113.105,107.887,60.988,111.999,117.934,112.170,62.987,245.616,253.122,246.712,290.521,1.0000,1.0000,1.0000,0.9500,700.00,700.00,700.00,0.00
500.00,180.000,180.000,170.000,175.000,107.954,113.344,108.098,61.087,112.208,118.172,112.381,63.086,245.833,253.372,246.934,290.625,1.0000,1.0000,1.0000,0.9500,700.00,700.00,700.00,0.00
501.00,180.000,180.000,170.000,175.000,108.165,113.582,108.310,61.185,112.417,118.411,112.591,63.185,246.050,253.621,247.155,290.729,1.0000,1.0000,1.0000,0.9500,700.00,700.00,700.00,0.00
502.00,180.000,180.000,170.000,175.000,108.375,113.821,108.521,61.284,112.626,118.649,112.801,63.285,246.267,253.871,247.376,290.833,1.0000,1.0000,1.0000,0.9500,700.00,700.00,700.00,0.00
503.00,180.000,180.000,170.000,175.000,108.584,114.059,108.732,61.383,112.835,118.888,113.012,63.384,246.483,254.120,247.597,290.937,1.0000,1.0000,1.0000,0.9500,700.00,700.00,700.00,0.00
504.00,180.000,180.000,170.000,175.000,108.794,114.297,108.944,61.482,113.044,119.126,113.222,63.483,246.699,254.369,247.817,291.040,1.0000,1.0000,1.0000,0.9500,700.00,700.00,700.00,0.00
505.00,180.000,180.000,170.000,175.000,109.004,114.536,109.155,61.581,113.252,119.364,113.432,63.583,246.915,254.618,248.038,291.143,1.0000,1.0000,1.0000,0.9500,700.00,700.00,700.00,0.00
506.00,180.000,180.000,170.000,175.000,109.214,114.774,109.366,61.679,113.461,119.603,113.642,63.682,247.131,254.867,248.258,291.246,1.0000,1.0000,1.0000,0.9500,700.00,700.00,700.00,0.00
507.00,180.000,180.000,170.000,175.000,109.424,115.013,109.577,61.778,113.669,119.841,113.852,63.782,247.347,255.115,248.478,291.349,1.0000,1.0000,1.0000,0.9500,700.00,700.00,700.00,0.00
508.00,180.000,180.000,170.000,175.000,109.633,115.251,109.788,61.877,113.878,120.080,114.062,63.881,247.563,255.364,248.698,291.452,1.0000,1.0000,1.0000,0.9500,700.00,700.00,700.00,0.00
509.00,180.000,180.000,170.000,175.000,109.843,115.490,109.999,61.976,114.086,120.318,114.272,63.981,247.778,255.613,248.918,291.554,1.0000,1.0000,1.0000,0.9500,700.00,700.00,700.00,0.00
510.00,180.000,180.000,170.000,175.000,110.052,115.728,110.210,62.075,114.294,120.557,114.482,64.081,247.993,255.861,249.138,291.656,1.0000,1.0000,1.0000,0.9500,700.00,700.00,700.00,0.00
511.00,180.000,180.000,170.000,175.000,110.262,115.967,110.421,62.174,114.503,120.795,114.692,64.180,248.208,256.109,249.357,291.758,1.0000,1.0000,1.0000,0.9500,700.00,700.00,700.00,0.00
512.00,180.000,180.000,170.000,175.000,110.471,116.205,110.632,62.273,114.711,121.034,114.902,64.280,248.423,256.357,249.577,291.860,1.0000,1.0000,1.0000,0.9500,700.00,700.00,700.00,0.00
513.00,180.000,180.000,170.000,175.000,110.681,116.443,110.843,62.373,114.919,121.272,115.111,64.380,248.638,256.605,249.796,291.961,1.0000,1.0000,1.0000,0.9500,700.00,700.00,700.00,0.00
514.00,180.000,180.000,170.000,175.000,110.890,116.682,111.054,62.472,115.127,121.510,115.321,64.479,248.852,256.853,250.015,292.062,1.0000,1.0000,1.0000,0.9500,700.00,700.00,700.00,0.00
515.00,180.000,180.000,170.000,175.000,111.099,116.920,111.265,62.571,115.335,121.749,115.531,64.579,249.067,257.101,250.234,292.163,1.0000,1.0000,1.0000,0.9500,700.00,700.00,700.00,0.00
516.00,180.000,180.000,170.000,175.000,111.308,117.159,111.475,62.670,115.543,121.987,115.740,64.679,249.281,257.349,250.452,292.264,1.0000,1.0000,1.0000,0.9500,700.00,700.00,700.00,0.00
517.00,180.000,180.000,170.000,175.000,111.517,117.397,111.686,62.769,115.751,122.226,115.950,64.778,249.495,257.596,250.671,292.365,1.0000,1.0000,1.0000,0.9500,700.00,700.00,700.00,0.00
518.00,180.000,180.000,170.000,175.000,111.726,117.636,111.896,62.868,115.959,122.464,116.159,64.878,249.709,257.844,250.889,292.465,1.0000,1.0000,1.0000,0.9500,700.00,700.00,700.00,0.00
519.00,180.000,180.000,170.000,175.000,111.935,117.874,112.107,62.968,116.167,122.702,116.369,64.978,249.923,258.091,251.108,292.566,1.0000,1.0000,1.0000,0.9500,700.00,700.00,700.00,0.00
520.00,180.000,180.000,170.000,175.000,112.144,118.113,112.317,63.067,116.374,122.941,116.578,65.078,250.136,258.338,251.326,292.666,1.0000,1.0000,1.0000,0.9500,700.00,700.00,700.00,0.00
521.00,180.000,180.000,170.000,175.000,112.353,118.351,112.528,63.166,116.582,123.179,116.787,65.178,250.350,258.585,251.544,292.766,1.0000,1.0000,1.0000,0.9500,700.00,700.00,700.00,0.00
522.00,180.000,180.000,170.000,175.000,112.562,118.589,112.738,63.266,116.789,123.417,116.996,65.278,250.563,258.832,251.761,292.865,1.0000,1.0000,1.0000,0.9500,700.00,700.00,700.00,0.00
523.00,180.000,180.000,170.000,175.000,112.771,118.828,112.948,63.365,116.997,123.656,117.206,65.378,250.776,259.079,251.979,292.965,1.0000,1.0000,1.0000,0.9500,700.00,700.00,700.00,0.00
524.00,180.000,180.000,170.000,175.000,112.979,119.066,113.159,63.464,117.204,123.894,117.415,65.478,250.989,259.326,252.196,293.064,1.0000,1.0000,1.0000,0.9500,700.00,700.00,700.00,0.00
525.00,180.000,180.000,170.000,175.000,113.188,119.305,113.369,63.564,117.412,124.132,117.624,65.578,251.202,259.573,252.414,293.163,1.0000,1.0000,1.0000,0.9500,700.00,700.00,700.00,0.00
526.00,180.000,180.000,170.000,175.000,113.397,119.543,113.579,63.663,117.619,124.371,117.833,65.678,251.414,259.819,252.631,293.262,1.0000,1.0000,1.0000,0.9500,700.00,700.00,700.00,0.00
527.00,180.000,180.000,170.000,175.000,113.605,119.781,113.789,63.763,117.826,124.609,118.042,65.778,251.627,260.066,252.848,293.361,1.0000,1.0000,1.0000,0.9500,700.00,700.00,700.00,0.00
528.00,180.000,180.000,170.000,175.000,113.814,120.020,113.999,63.862,118.034,124.847,118.250,65.878,251.839,260.312,253.065,293.459,1.0000,1.0000,1.0000,0.9500,700.00,700.00,700.00,0.00
529.00,180.000,180.000,170.000,175.000,114.022,120.258,114.209,63.962,118.241,125.086,118.459,65.978,252.051,260.558,253.281,293.558,1.0000,1.0000,1.0000,0.9500,700.00,700.00,700.00,0.00
530.00,180.000,180.000,170.000,175.000,114.230,120.497,114.419,64.061,118.448,125.324,118.668,66.078,252.263,260.804,253.498,293.656,1.0000,1.0000,1.0000,0.9500,700.00,700.00,700.00,0.00
531.00,180.000,180.000,170.000,175.000,114.439,120.735,114.629,64.161,118.655,125.562,118.877,66.178,252.475,261.050,253.714,293.754,1.0000,1.0000,1.0000,0.9500,700.00,700.00,700.00,0.00
532.00,180.000,180.000,170.000,175.000,114.647,120.973,114.838,64.261,118.862,125.800,119.085,66.278,252.687,261.296,253.931,293.852,1.0000,1.0000,1.0000,0.9500,700.00,700.00,700.00,0.00
533.00,180.000,180.000,170.000,175.000,114.855,121.212,115.048,64.360,119.069,126.039,119.294,66.378,252.898,261.542,254.147,293.949,1.0000,1.0000,1.0000,0.9500,700.00,700.00,700.00,0.00
534.00,180.000,180.000,170.000,175.000,115.063,121.450,115.258,64.460,119.276,126.277,119.502,66.479,253.110,261.788,254.363,294.047,1.0000,1.0000,1.0000,0.9500,700.00,700.00,700.00,0.00
535.00,180.000,180.000,170.000,175.000,115.271,121.688,115.467,64.560,119.482,126.515,119.711,66.579,253.321,262.033,254.579,294.144,1.0000,1.0000,1.0000,0.9500,700.00,700.00,700.00,0.00
536.00,180.000,180.000,170.000,175.000,115.479,121.927,115.677,64.659,119.689,126.753,119.919,66.679,253.532,262.279,254.794,294.241,1.0000,1.0000,1.0000,0.9500,700.00,700.00,700.00,0.00
537.00,180.000,180.000,170.000,175.000,115.687,122.165,115.886,64.759,119.896,126.991,120.128,66.779,253.743,262.524,255.010,294.338,1.0000,1.0000,1.0000,0.9500,700.00,700.00,700.00,0.00
538.00,180.000,180.000,170.000,175.000,115.895,122.403,116.096,64.859,120.102,127.230,120.336,66.880,253.954,262.770,255.225,294.435,1.0000,1.0000,1.0000,0.9500,700.00,700.00,700.00,0.00
539.00,180.000,180.000,170.000,175.000,116.102,122.642,116.305,64.959,120.309,127.468,120.544,66.980,254.165,263.015,255.441,294.532,1.0000,1.0000,1.0000,0.9500,700.00,700.00,700.00,0.00
540.00,180.000,180.000,170.000,175.000,116.310,122.880,116.514,65.058,120.515,127.706,120.752,67.080,254.375,263.260,255.656,294.628,1.0000,1.0000,1.0000,0.9500,700.00,700.00,700.00,0.00
541.00,180.000,180.000,170.000,175.000,116.518,123.118,116.724,65.158,120.722,127.944,120.961,67.181,254.586,263.505,255.871,294.724,1.0000,1.0000,1.0000,0.9500,700.00,700.00,700.00,0.00
542.00,180.000,180.000,170.000,175.000,116.725,123.357,116.933,65.258,120.928,128.182,121.169,67.281,254.796,263.750,256.086,294.820,1.0000,1.0000,1.0000,0.9500,700.00,700.00,700.00,0.00
543.00,180.000,180.000,170.000,175.000,116.933,123.595,117.142,65.358,121.134,128.420,121.377,67.382,255.006,263.995,256.300,294.916,1.0000,1.0000,1.0000,0.9500,700.00,700.00,700.00,0.00
544.00,180.000,180.000,170.000,175.000,117.140,123.833,117.351,65.458,121.341,128.658,121.585,67.482,255.216,264.240,256.515,295.012,1.0000,1.0000,1.0000,0.9500,700.00,700.00,700.00,0.00
545.00,180.000,180.000,170.000,175.000,117.348,124.072,117.560,65.558,121.547,128.896,121.792,67.583,255.426,264.484,256.729,295.108,1.0000,1.0000,1.0000,0.9500,700.00,700.00,700.00,0.00
546.00,180.000,180.000,170.000,175.000,117.555,124.310,117.769,65.658,121.753,129.134,122.000,67.683,255.636,264.729,256.944,295.203,1.0000,1.0000,1.0000,0.9500,700.00,700.00,700.00,0.00
547.00,180.000,180.000,170.000,175.000,117.762,124.548,117.978,65.758,121.959,129.373,122.208,67.784,255.845,264.973,257.158,295.299,1.0000,1.0000,1.0000,0.9500,700.00,700.00,700.00,0.00
548.00,180.000,180.000,170.000,175.000,117.970,124.786,118.187,65.858,122.165,129.611,122.416,67.884,256.054,265.218,257.372,295.394,1.0000,1.0000,1.0000,0.9500,700.00,700.00,700.00,0.00
549.00,180.000,180.000,170.000,175.000,118.177,125.025,118.396,65.958,122.371,129.849,122.623,67.985,256.264,265.462,257.586,295.489,1.0000,1.0000,1.0000,0.9500,700.00,700.00,700.00,0.00
550.00,180.000,180.000,170.000,175.000,118.384,125.263,118.605,66.058,122.576,130.087,122.831,68.085,256.473,265.706,257.799,295.584,1.0000,1.0000,1.0000,0.9500,700.00,700.00,700.00,0.00
551.00,180.000,180.000,170.000,175.000,118.591,125.501,118.813,66.158,122.782,130.325,123.038,68.186,256.682,265.950,258.013,295.679,1.0000,1.0000,1.0000,0.9500,700.00,700.00,700.00,0.00
552.00,180.000,180.000,170.000,175.000,118.798,125.739,119.022,66.258,122.988,130.563,123.246,68.287,256.891,266.194,258.227,295.773,1.0000,1.0000,1.0000,0.9500,700.00,700.00,700.00,0.00
553.00,180.000,180.000,170.000,175.000,119.005,125.977,119.230,66.359,123.194,130.801,123.453,68.387,257.100,266.438,258.440,295.868,1.0000,1.0000,1.0000,0.9500,700.00,700.00,700.00,0.00
554.00,180.000,180.000,170.000,175.000,119.212,126.216,119.439,66.459,123.399,131.039,123.661,68.488,257.308,266.682,258.653,295.962,1.0000,1.0000,1.0000,0.9500,700.00,700.00,700.00,0.00
555.00,180.000,180.000,170.000,175.000,119.418,126.454,119.647,66.559,123.605,131.276,123.868,68.589,257.517,266.925,258.866,296.056,1.0000,1.0000,1.0000,0.9500,700.00,700.00,700.00,0.00
556.00,180.000,180.000,170.000,175.000,119.625,126.692,119.856,66.659,123.810,131.514,124.075,68.689,257.725,267.169,259.079,296.150,1.0000,1.0000,1.0000,0.9500,700.00,700.00,700.00,0.00
557.00,180.000,180.000,170.000,175.000,119.832,126.930,120.064,66.760,124.015,131.752,124.282,68.790,257.933,267.413,259.292,296.244,1.0000,1.0000,1.0000,0.9500,700.00,700.00,700.00,0.00
558.00,180.000,180.000,170.000,175.000,120.038,127.168,120.273,66.860,124.221,131.990,124.490,68.891,258.141,267.656,259.505,296.338,1.0000,1.0000,1.0000,0.9500,700.00,700.00,700.00,0.00
559.00,180.000,180.000,170.000,175.000,120.245,127.406,120.481,66.960,124.426,132.228,124.697,68.992,258.349,267.899,259.718,296.432,1.0000,1.0000,1.0000,0.9500,700.00,700.00,700.00,0.00
560.00,180.000,180.000,170.000,175.000,120.451,127.644,120.689,67.060,124.631,132.466,124.904,69.093,258.557,268.143,259.930,296.525,1.0000,1.0000,1.0000,0.9500,700.00,700.00,700.00,0.00
561.00,180.000,180.000,170.000,175.000,120.658,127.882,120.897,67.161,124.836,132.704,125.111,69.194,258.765,268.386,260.142,296.619,1.0000,1.0000,1.0000,0.9500,700.00,700.00,700.00,0.00
562.00,180.000,180.000,170.000,175.000,120.864,128.121,121.105,67.261,125.041,132.942,125.317,69.294,258.972,268.629,260.355,296.712,1.0000,1.0000,1.0000,0.9500,700.00,700.00,700.00,0.00
563.00,180.000,180.000,170.000,175.000,121.070,128.359,121.313,67.362,125.246,133.179,125.524,69.395,259.180,268.872,260.567,296.805,1.0000,1.0000,1.0000,0.9500,700.00,700.00,700.00,0.00
564.00,180.000,180.000,170.000,175.000,121.277,128.597,121.521,67.462,125.451,133.417,125.731,69.496,259.387,269.115,260.779,296.898,1.0000,1.0000,1.0000,0.9500,700.00,700.00,700.00,0.00
565.00,180.000,180.000,170.000,175.000,121.483,128.835,121.729,67.563,125.656,133.655,125.938,69.597,259.594,269.358,260.990,296.991,1.0000,1.0000,1.0000,0.9500,700.00,700.00,700.00,0.00
566.00,180.000,180.000,170.000,175.000,121.689,129.073,121.937,67.663,125.861,133.893,126.144,69.698,259.801,269.600,261.202,297.083,1.0000,1.0000,1.0000,0.9500,700.00,700.00,700.00,0.00
567.00,180.000,180.000,170.000,175.000,121.895,129.311,122.145,67.764,126.066,134.130,126.351,69.799,260.008,269.843,261.414,297.176,1.0000,1.0000,1.0000,0.9500,700.00,700.00,700.00,0.00
568.00,180.000,180.000,170.000,175.000,122.101,129.549,122.352,67.864,126.271,134.368,126.558,69.900,260.215,270.086,261.625,297.268,1.0000,1.0000,1.0000,0.9500,700.00,700.00,700.00,0.00
569.00,180.000,180.000,170.000,175.000,122.307,129.787,122.560,67.965,126.475,134.606,126.764,70.001,260.421,270.328,261.837,297.361,1.0000,1.0000,1.0000,0.9500,700.00,700.00,700.00,0.00
570.00,180.000,180.000,170.000,175.000,122.512,130.025,122.768,68.065,126.680,134.844,126.970,70.102,260.628,270.571,262.048,297.453,1.0000,1.0000,1.0000,0.9500,700.00,700.00,700.00,0.00
571.00,180.000,180.000,170.000,175.000,122.718,130.263,122.975,68.166,126.884,135.081,127.177,70.203,260.834,270.813,262.259,297.545,1.0000,1.0000,1.0000,0.9500,700.00,700.00,700.00,0.00
572.00,180.000,180.000,170.000,175.000,122.924,130.501,123.183,68.266,127.089,135.319,127.383,70.304,261.041,271.055,262.470,297.637,1.0000,1.0000,1.0000,0.9500,700.00,700.00,700.00,0.00
573.00,180.000,180.000,170.000,175.000,123.130,130.739,123.390,68.367,127.293,135.557,127.589,70.406,261.247,271.297,262.681,297.729,1.0000,1.0000,1.0000,0.9500,700.00,700.00,700.00,0.00
574.00,180.000,180.000,170.000,175.000,123.335,130.977,123.597,68.468,127.497,135.794,127.796,70.507,261.453,271.539,262.892,297.821,1.0000,1.0000,1.0000,0.9500,700.00,700.00,700.00,0.00
575.00,180.000,180.000,170.000,175.000,123.541,131.214,123.805,68.568,127.702,136.032,128.002,70.608,261.659,271.781,263.102,297.912,1.0000,1.0000,1.0000,0.9500,700.00,700.00,700.00,0.00
576.00,180.000,180.000,170.000,175.000,123.746,131.452,124.012,68.669,127.906,136.269,128.208,70.709,261.865,272.023,263.313,298.004,1.0000,1.0000,1.0000,0.9500,700.00,700.00,700.00,0.00
577.00,180.000,180.000,170.000,175.000,123.952,131.690,124.219,68.770,128.110,136.507,128.414,70.810,262.070,272.265,263.523,298.095,1.0000,1.0000,1.0000,0.9500,700.00,700.00,700.00,0.00
578.00,180.000,180.000,170.000,175.000,124.157,131.928,124.426,68.871,128.314,136.745,128.620,70.911,262.276,272.507,263.734,298.186,1.0000,1.0000,1.0000,0.9500,700.00,700.00,700.00,0.00
579.00,180.000,180.000,170.000,175.000,124.362,132.166,124.633,68.971,128.518,136.982,128.826,71.013,262.481,272.749,263.944,298.278,1.0000,1.0000,1.0000,0.9500,700.00,700.00,700.00,0.00
580.00,180.000,180.000,170.000,175.000,124.567,132.404,124.840,69.072,128.722,137.220,129.031,71.114,262.687,272.990,264.154,298.369,1.0000,1.0000,1.0000,0.9500,700.00,700.00,700.00,0.00
581.00,180.000,180.000,170.000,175.000,124.773,132.642,125.047,69.173,128.926,137.457,129.237,71.215,262.892,273.232,264.364,298.460,1.0000,1.0000,1.0000,0.9500,700.00,700.00,700.00,0.00
582.00,180.000,180.000,170.000,175.000,124.978,132.879,125.254,69.274,129.130,137.694,129.443,71.317,263.097,273.473,264.574,298.550,1.0000,1.0000,1.0000,0.9500,700.00,700.00,700.00,0.00
583.00,180.000,180.000,170.000,175.000,125.183,133.117,125.461,69.375,129.333,137.932,129.649,71.418,263.302,273.714,264.783,298.641,1.0000,1.0000,1.0000,0.9500,700.00,700.00,700.00,0.00
584.00,180.000,180.000,170.000,175.000,125.388,133.355,125.668,69.476,129.537,138.169,129.854,71.519,263.507,273.956,264.993,298.732,1.0000,1.0000,1.0000,0.9500,700.00,700.00,700.00,0.00
585.00,180.000,180.000,170.000,175.000,125.593,133.593,125.874,69.577,129.741,138.407,130.060,71.621,263.711,274.197,265.202,298.822,1.0000,1.0000,1.0000,0.9500,700.00,700.00,700.00,0.00
586.00,180.000,180.000,170.000,175.000,125.797,133.830,126.081,69.678,129.944,138.644,130.265,71.722,263.916,274.438,265.412,298.913,1.0000,1.0000,1.0000,0.9500,700.00,700.00,700.00,0.00
587.00,180.000,180.000,170.000,175.000,126.002,134.068,126.288,69.779,130.148,138.882,130.471,71.824,264.121,274.679,265.621,299.003,1.0000,1.0000,1.0000,0.9500,700.00,700.00,700.00,0.00
588.00,180.000,180.000,170.000,175.000,126.207,134.306,126.494,69.880,130.351,139.119,130.676,71.925,264.325,274.920,265.830,299.093,1.0000,1.0000,1.0000,0.9500,700.00,700.00,700.00,0.00
589.00,180.000,180.000,170.000,175.000,126.411,134.543,126.701,69.981,130.555,139.356,130.881,72.026,264.529,275.161,266.039,299.183,1.0000,1.0000,1.0000,0.9500,700.00,700.00,700.00,0.00
590.00,180.000,180.000,170.000,175.000,126.616,134.781,126.907,70.082,130.758,139.594,131.087,72.128,264.733,275.402,266.248,299.273,1.0000,1.0000,1.0000,0.9500,700.00,700.00,700.00,0.00
591.00,180.000,180.000,170.000,175.000,126.821,135.019,127.114,70.183,130.961,139.831,131.292,72.229,264.937,275.642,266.457,299.363,1.0000,1.0000,1.0000,0.9500,700.00,700.00,700.00,0.00
592.00,180.000,180.000,170.000,175.000,127.025,135.256,127.320,70.284,131.164,140.068,131.497,72.331,265.141,275.883,266.666,299.453,1.0000,1.0000,1.0000,0.9500,700.00,700.00,700.00,0.00
593.00,180.000,180.000,170.000,175.000,127.229,135.494,127.526,70.385,131.367,140.305,131.702,72.433,265.345,276.124,266.874,299.543,1.0000,1.0000,1.0000,0.9500,700.00,700.00,700.00,0.00
594.00,180.000,180.000,170.000,175.000,127.434,135.732,127.732,70.486,131.570,140.543,131.907,72.534,265.549,276.364,267.083,299.632,1.0000,1.0000,1.0000,0.9500,700.00,700.00,700.00,0.00
595.00,180.000,180.000,170.000,175.000,127.638,135.969,127.939,70.587,131.773,140.780,132.112,72.636,265.753,276.605,267.291,299.722,1.0000,1.0000,1.0000,0.9500,700.00,700.00,700.00,0.00
596.00,180.000,180.000,170.000,175.000,127.842,136.207,128.145,70.688,131.976,141.017,132.317,72.737,265.956,276.845,267.500,299.811,1.0000,1.0000,1.0000,0.9500,700.00,700.00,700.00,0.00
597.00,180.000,180.000,170.000,175.000,128.046,136.444,128.351,70.789,132.179,141.254,132.522,72.839,266.159,277.085,267.708,299.900,1.0000,1.0000,1.0000,0.9500,700.00,700.00,700.00,0.00
598.00,180.000,180.000,170.000,175.000,128.250,136.682,128.557,70.891,132.382,141.491,132.726,72.941,266.363,277.303,267.916,299.989,1.0000,0.9831,1.0000,0.9500,700.00,140.00,700.00,0.00
599.00,180.000,180.000,170.000,175.000,128.454,136.919,128.762,70.992,132.585,141.728,132.931,73.042,266.566,277.527,268.124,300.079,1.0000,0.9878,1.0000,0.9500,700.00,280.00,700.00,0.00
600.00,180.000,180.000,170.000,175.000,128.658,137.157,128.968,71.093,132.787,141.965,133.136,73.144,266.769,277.718,268.332,300.168,1.0000,0.9334,1.0000,0.9500,700.00,0.00,700.00,0.00
601.00,180.000,180.000,170.000,175.000,128.862,137.394,129.174,71.194,132.990,142.202,133.340,73.246,266.972,277.876,268.540,300.257,1.0000,0.9381,1.0000,0.9500,700.00,0.00,700.00,0.00
602.00,180.000,180.000,170.000,175.000,129.066,137.632,129.380,71.296,133.193,142.439,133.545,73.347,267.175,278.041,268.747,300.345,1.0000,0.9432,1.0000,0.9500,700.00,0.00,700.00,0.00
603.00,180.000,180.000,170.000,175.000,129.270,137.869,129.586,71.397,133.395,142.675,133.749,73.449,267.377,278.134,268.955,300.434,1.0000,0.8891,1.0000,0.9500,700.00,0.00,700.00,0.00
604.00,180.000,180.000,170.000,175.000,129.474,138.106,129.791,71.498,133.597,142.912,133.954,73.551,267.580,278.236,269.162,300.523,1.0000,0.8934,1.0000,0.9500,700.00,0.00,700.00,0.00
605.00,180.000,180.000,170.000,175.000,129.677,138.344,129.997,71.600,133.800,143.148,134.158,73.653,267.783,278.344,269.370,300.611,1.0000,0.8981,1.0000,0.9500,700.00,0.00,700.00,0.00
606.00,180.000,180.000,170.000,175.000,129.881,138.581,130.202,71.701,134.002,143.383,134.363,73.754,267.985,278.380,269.577,300.700,1.0000,0.8436,1.0000,0.9500,700.00,0.00,700.00,0.00
607.00,180.000,180.000,170.000,175.000,130.084,138.818,130.408,71.803,134.204,143.619,134.567,73.856,268.187,278.424,269.784,300.788,1.0000,0.8483,1.0000,0.9500,700.00,0.00,700.00,0.00
608.00,180.000,180.000,170.000,175.000,130.288,139.055,130.613,71.904,134.407,143.853,134.771,73.958,268.389,278.437,269.991,300.877,1.0000,0.7939,1.0000,0.9500,700.00,0.00,700.00,0.00
609.00,180.000,180.000,170.000,175.000,130.491,139.292,130.818,72.005,134.609,144.088,134.975,74.060,268.592,278.417,270.198,300.965,1.0000,0.7985,1.0000,0.9500,700.00,0.00,700.00,0.00
610.00,180.000,180.000,170.000,175.000,130.694,139.529,131.024,72.107,134.811,144.322,135.179,74.162,268.794,278.407,270.405,301.053,1.0000,0.8035,1.0000,0.9500,700.00,0.00,700.00,0.00
611.00,180.000,180.000,170.000,175.000,130.898,139.765,131.229,72.208,135.013,144.555,135.383,74.264,268.995,278.365,270.611,301.141,1.0000,0.7487,1.0000,0.9500,700.00,0.00,700.00,0.00
612.00,180.000,180.000,170.000,175.000,131.101,140.002,131.434,72.310,135.215,144.788,135.587,74.366,269.197,278.292,270.818,301.229,1.0000,0.7530,1.0000,0.9500,700.00,0.00,700.00,0.00
613.00,180.000,180.000,170.000,175.000,131.304,140.238,131.639,72.411,135.417,145.020,135.791,74.468,269.399,278.226,271.025,301.317,1.0000,0.7576,1.0000,0.9500,700.00,0.00,700.00,0.00
614.00,180.000,180.000,170.000,175.000,131.507,140.474,131.844,72.513,135.618,145.252,135.995,74.570,269.600,278.090,271.231,301.405,1.0000,0.7032,1.0000,0.9500,700.00,0.00,700.00,0.00
615.00,180.000,180.000,170.000,175.000,131.710,140.710,132.049,72.615,135.820,145.483,136.199,74.672,269.802,277.963,271.437,301.493,1.0000,0.7078,1.0000,0.9500,700.00,0.00,700.00,0.00
616.00,180.000,180.000,170.000,175.000,131.913,140.946,132.254,72.716,136.022,145.713,136.402,74.774,270.003,277.844,271.644,301.580,1.0000,0.7121,1.0000,0.9500,700.00,0.00,700.00,0.00
617.00,180.000,180.000,170.000,175.000,132.116,141.181,132.459,72.818,136.223,145.943,136.606,74.876,270.205,277.656,271.850,301.668,1.0000,0.6574,1.0000,0.9500,700.00,0.00,700.00,0.00
618.00,180.000,180.000,170.000,175.000,132.319,141.416,132.664,72.919,136.425,146.172,136.810,74.978,270.406,277.475,272.056,301.755,1.0000,0.6617,1.0000,0.9500,700.00,0.00,700.00,0.00
619.00,180.000,180.000,170.000,175.000,132.521,141.651,132.868,73.021,136.626,146.400,137.013,75.080,270.607,277.264,272.262,301.843,1.0000,0.6070,1.0000,0.9500,700.00,0.00,700.00,0.00
620.00,180.000,180.000,170.000,175.000,132.724,141.885,133.073,73.123,136.828,146.627,137.217,75.182,270.808,277.022,272.467,301.930,1.0000,0.6113,1.0000,0.9500,700.00,0.00,700.00,0.00
621.00,180.000,180.000,170.000,175.000,132.927,142.120,133.278,73.224,137.029,146.853,137.420,75.284,271.009,276.790,272.673,302.017,1.0000,0.6153,1.0000,0.9500,700.00,0.00,700.00,0.00
622.00,180.000,180.000,170.000,175.000,133.129,142.353,133.482,73.326,137.230,147.079,137.624,75.386,271.209,276.527,272.879,302.105,1.0000,0.5603,1.0000,0.9500,700.00,0.00,700.00,0.00
623.00,180.000,180.000,170.000,175.000,133.332,142.586,133.687,73.428,137.432,147.303,137.827,75.488,271.410,276.233,273.084,302.192,1.0000,0.5644,1.0000,0.9500,700.00,0.00,700.00,0.00
624.00,180.000,180.000,170.000,175.000,133.534,142.819,133.891,73.530,137.633,147.527,138.030,75.590,271.611,275.949,273.290,302.279,1.0000,0.5681,1.0000,0.9500,700.00,0.00,700.00,0.00
625.00,180.000,180.000,170.000,175.000,133.737,143.052,134.095,73.631,137.834,147.749,138.233,75.692,271.811,275.646,273.495,302.366,1.0000,0.5129,1.0000,0.9500,700.00,0.00,700.00,0.00
626.00,180.000,180.000,170.000,175.000,133.939,143.283,134.300,73.733,138.035,147.971,138.436,75.795,272.011,275.319,273.700,302.453,1.0000,0.5167,1.0000,0.9500,700.00,0.00,700.00,0.00
627.00,180.000,180.000,170.000,175.000,134.141,143.515,134.504,73.835,138.236,148.191,138.640,75.897,272.212,274.990,273.906,302.540,1.0000,0.5202,1.0000,0.9500,700.00,0.00,700.00,0.00
628.00,180.000,180.000,170.000,175.000,134.344,143.746,134.708,73.937,138.437,148.411,138.843,75.999,272.412,274.663,274.111,302.626,1.0000,0.5235,1.0000,0.9500,700.00,0.00,700.00,0.00
629.00,180.000,180.000,170.000,175.000,134.546,143.976,134.912,74.039,138.638,148.629,139.046,76.101,272.612,274.345,274.316,302.713,1.0000,0.4677,1.0000,0.9500,700.00,0.00,700.00,0.00
630.00,180.000,180.000,170.000,175.000,134.748,144.205,135.116,74.140,138.839,148.846,139.248,76.203,272.812,274.034,274.520,302.800,1.0000,0.4704,1.0000,0.9500,700.00,0.00,700.00,0.00
631.00,180.000,180.000,170.000,175.000,134.950,144.434,135.321,74.242,139.039,149.063,139.451,76.306,273.012,273.652,274.725,302.886,1.0000,0.4736,1.0000,0.9500,700.00,0.00,700.00,0.00
632.00,180.000,180.000,170.000,175.000,135.152,144.663,135.524,74.344,139.240,149.278,139.654,76.408,273.211,273.278,274.930,302.973,1.0000,0.4170,1.0000,0.9500,700.00,0.00,700.00,0.00
633.00,180.000,180.000,170.000,175.000,135.354,144.891,135.728,74.446,139.441,149.492,139.857,76.510,273.411,272.912,275.134,303.059,1.0000,0.4196,1.0000,0.9500,700.00,0.00,700.00,0.00
634.00,180.000,180.000,170.000,175.000,135.555,145.118,135.932,74.548,139.641,149.705,140.060,76.613,273.611,272.514,275.339,303.146,1.0000,0.4220,1.0000,0.9500,700.00,0.00,700.00,0.00
635.00,180.000,180.000,170.000,175.000,135.757,145.344,136.136,74.650,139.842,149.917,140.262,76.715,273.810,272.085,275.543,303.232,1.0000,0.4242,1.0000,0.9500,700.00,0.00,700.00,0.00
636.00,180.000,180.000,170.000,175.000,135.959,145.570,136.340,74.752,140.042,150.128,140.465,76.817,274.009,271.663,275.747,303.318,1.0000,0.3674,1.0000,0.9500,700.00,0.00,700.00,0.00
637.00,180.000,180.000,170.000,175.000,136.160,145.795,136.544,74.854,140.243,150.338,140.667,76.920,274.209,271.249,275.952,303.404,1.0000,0.3692,1.0000,0.9500,700.00,0.00,700.00,0.00
638.00,180.000,180.000,170.000,175.000,136.362,146.019,136.747,74.956,140.443,150.546,140.870,77.022,274.408,270.763,276.156,303.491,1.0000,0.3714,1.0000,0.9500,700.00,0.00,700.00,0.00
639.00,180.000,180.000,170.000,175.000,136.564,146.242,136.951,75.058,140.643,150.753,141.072,77.125,274.607,270.285,276.360,303.577,1.0000,0.3727,1.0000,0.9500,700.00,0.00,700.00,0.00
640.00,180.000,180.000,170.000,175.000,136.765,146.465,137.154,75.160,140.843,150.959,141.274,77.227,274.806,269.813,276.564,303.663,1.0000,0.3151,1.0000,0.9500,700.00,0.00,700.00,0.00
641.00,180.000,180.000,170.000,175.000,136.966,146.686,137.358,75.262,141.044,151.163,141.477,77.329,275.005,269.348,276.767,303.749,1.0000,0.3161,1.0000,0.9500,700.00,0.00,700.00,0.00
642.00,180.000,180.000,170.000,175.000,137.168,146.907,137.561,75.364,141.244,151.366,141.679,77.432,275.203,268.849,276.971,303.834,1.0000,0.3169,1.0000,0.9500,700.00,0.00,700.00,0.00
643.00,180.000,180.000,170.000,175.000,137.369,147.127,137.764,75.466,141.444,151.568,141.881,77.534,275.402,268.319,277.175,303.920,1.0000,0.3175,1.0000,0.9500,700.00,0.00,700.00,0.00
644.00,180.000,180.000,170.000,175.000,137.570,147.346,137.968,75.569,141.644,151.769,142.083,77.637,275.601,267.794,277.378,304.006,1.0000,0.3174,1.0000,0.9500,700.00,0.00,700.00,0.00
645.00,180.000,180.000,170.000,175.000,137.771,147.564,138.171,75.671,141.843,151.968,142.285,77.739,275.799,267.274,277.582,304.092,1.0000,0.2584,1.0000,0.9500,700.00,0.00,700.00,0.00
646.00,180.000,180.000,170.000,175.000,137.972,147.782,138.374,75.773,142.043,152.166,142.487,77.842,275.997,266.759,277.785,304.177,1.0000,0.2580,1.0000,0.9500,700.00,0.00,700.00,0.00
647.00,180.000,180.000,170.000,175.000,138.173,147.998,138.577,75.875,142.243,152.362,142.689,77.945,276.196,266.248,277.988,304.263,1.0000,0.2569,1.0000,0.9500,700.00,0.00,700.00,0.00
648.00,180.000,180.000,170.000,175.000,138.374,148.213,138.780,75.977,142.443,152.557,142.891,78.047,276.394,265.664,278.191,304.348,1.0000,0.2564,1.0000,0.9500,700.00,0.00,700.00,0.00
649.00,180.000,180.000,170.000,175.000,138.575,148.427,138.983,76.079,142.642,152.751,143.093,78.150,276.592,265.083,278.394,304.434,1.0000,0.2552,1.0000,0.9500,700.00,0.00,700.00,0.00
650.00,180.000,180.000,170.000,175.000,138.776,148.641,139.186,76.182,142.842,152.943,143.295,78.252,276.790,264.507,278.597,304.519,1.0000,0.2532,1.0000,0.9500,700.00,0.00,700.00,0.00
651.00,180.000,180.000,170.000,175.000,138.977,148.853,139.389,76.284,143.041,153.134,143.496,78.355,276.988,263.933,278.795,304.605,1.0000,0.1918,0.9912,0.9500,700.00,0.00,420.00,0.00
652.00,180.000,180.000,170.000,175.000,139.178,149.064,139.592,76.386,143.241,153.323,143.698,78.458,277.186,263.361,278.969,304.690,1.0000,0.1899,0.9733,0.9500,700.00,0.00,0.00,0.00
653.00,180.000,180.000,170.000,175.000,139.378,149.274,139.795,76.489,143.440,153.511,143.899,78.560,277.383,262.792,279.121,304.775,1.0000,0.1873,0.9561,0.9500,700.00,0.00,0.00,0.00
654.00,180.000,180.000,170.000,175.000,139.579,149.483,139.997,76.591,143.639,153.698,144.101,78.663,277.581,262.225,279.249,304.861,1.0000,0.1840,0.9388,0.9500,700.00,0.00,0.00,0.00
655.00,180.000,180.000,170.000,175.000,139.779,149.691,140.200,76.693,143.839,153.883,144.302,78.766,277.778,261.659,279.355,304.946,1.0000,0.1801,0.9213,0.9500,700.00,0.00,0.00,0.00
656.00,180.000,180.000,170.000,175.000,139.980,149.898,140.402,76.796,144.038,154.067,144.503,78.868,277.976,261.093,279.440,305.031,1.0000,0.1756,0.9051,0.9500,700.00,0.00,0.00,0.00
657.00,180.000,180.000,170.000,175.000,140.180,150.103,140.605,76.898,144.237,154.249,144.703,78.971,278.173,260.487,279.504,305.116,1.0000,0.1713,0.8887,0.9500,700.00,0.00,0.00,0.00
658.00,180.000,180.000,170.000,175.000,140.380,150.308,140.807,77.000,144.436,154.430,144.904,79.074,278.370,259.843,279.546,305.201,1.0000,0.1671,0.8721,0.9500,700.00,0.00,0.00,0.00
659.00,180.000,180.000,170.000,175.000,140.581,150.511,141.009,77.103,144.635,154.610,145.103,79.177,278.567,259.198,279.567,305.286,1.0000,0.1623,0.8553,0.9500,700.00,0.00,0.00,0.00
660.00,180.000,180.000,170.000,175.000,140.781,150.713,141.212,77.205,144.834,154.787,145.303,79.279,278.764,258.553,279.567,305.371,1.0000,0.1570,0.8382,0.9500,700.00,0.00,0.00,0.00
661.00,180.000,180.000,170.000,175.000,140.981,150.914,141.414,77.308,145.033,154.964,145.502,79.382,278.961,257.907,279.546,305.456,1.0000,0.1512,0.8210,0.9500,700.00,0.00,0.00,0.00
662.00,180.000,180.000,170.000,175.000,141.181,151.114,141.615,77.410,145.232,155.138,145.701,79.485,279.158,257.259,279.503,305.540,1.0000,0.1449,0.8036,0.9500,700.00,0.00,0.00,0.00
663.00,180.000,180.000,170.000,175.000,141.381,151.312,141.817,77.512,145.430,155.312,145.899,79.588,279.354,256.608,279.437,305.625,1.0000,0.1381,0.7861,0.9500,700.00,0.00,0.00,0.00
664.00,180.000,180.000,170.000,175.000,141.581,151.509,142.019,77.615,145.629,155.483,146.096,79.691,279.551,255.953,279.351,305.710,1.0000,0.1309,0.7683,0.9500,700.00,0.00,0.00,0.00
665.00,180.000,180.000,170.000,175.000,141.781,151.705,142.220,77.717,145.828,155.654,146.293,79.793,279.747,255.294,279.242,305.794,1.0000,0.1233,0.7504,0.9500,700.00,0.00,0.00,0.00
666.00,180.000,180.000,170.000,175.000,141.981,151.900,142.421,77.820,146.026,155.822,146.489,79.896,279.944,254.632,279.113,305.879,1.0000,0.1154,0.7324,0.9500,700.00,0.00,0.00,0.00
667.00,180.000,180.000,170.000,175.000,142.181,152.093,142.622,77.922,146.225,155.989,146.685,79.999,280.140,254.044,278.961,305.964,1.0000,0.1056,0.7141,0.9500,700.00,0.00,0.00,0.00
668.00,180.000,180.000,170.000,175.000,142.380,152.285,142.822,78.025,146.423,156.155,146.880,80.102,280.336,253.447,278.787,306.048,1.0000,0.0956,0.6958,0.9500,700.00,0.00,0.00,0.00
669.00,180.000,180.000,170.000,175.000,142.580,152.476,143.023,78.128,146.621,156.319,147.074,80.205,280.532,252.843,278.590,306.133,1.0000,0.0854,0.6772,0.9500,700.00,0.00,0.00,0.00
670.00,180.000,180.000,170.000,175.000,142.779,152.666,143.223,78.230,146.820,156.482,147.267,80.308,280.728,252.231,278.371,306.217,1.0000,0.0749,0.6586,0.9500,700.00,0.00,0.00,0.00
671.00,180.000,180.000,170.000,175.000,142.979,152.854,143.422,78.333,147.018,156.644,147.460,80.411,280.924,251.610,278.130,306.301,1.0000,0.0642,0.6397,0.9500,700.00,0.00,0.00,0.00
672.00,180.000,180.000,170.000,175.000,143.178,153.041,143.622,78.435,147.216,156.804,147.652,80.514,281.120,250.980,277.867,306.386,1.0000,0.1113,0.6208,0.9500,700.00,0.00,0.00,0.00
673.00,180.000,180.000,170.000,175.000,143.378,153.226,143.821,78.538,147.414,156.963,147.842,80.617,281.315,250.341,277.583,306.470,1.0000,0.0988,0.6017,0.9500,700.00,0.00,0.00,0.00
674.00,180.000,180.000,170.000,175.000,143.577,153.410,144.019,78.641,147.612,157.120,148.032,80.720,281.511,249.690,277.277,306.554,1.0000,0.0862,0.5825,0.9500,700.00,0.00,0.00,0.00
675.00,180.000,180.000,170.000,175.000,143.776,153.593,144.217,78.743,147.810,157.275,148.221,80.823,281.706,249.069,276.949,306.638,1.0000,0.0728,0.5631,0.9500,700.00,0.00,0.00,0.00
676.00,180.000,180.000,170.000,175.000,143.976,153.775,144.415,78.846,148.008,157.430,148.409,80.926,281.902,248.473,276.598,306.723,1.0000,0.0586,0.5436,0.9500,700.00,0.00,0.00,0.00
677.00,180.000,180.000,170.000,175.000,144.175,153.955,144.612,78.949,148.206,157.582,148.596,81.029,282.097,247.865,276.226,306.807,1.0000,0.0444,0.5240,0.9500,700.00,0.00,0.00,0.00
678.00,180.000,180.000,170.000,175.000,144.374,154.134,144.808,79.052,148.404,157.734,148.781,81.132,282.292,247.242,275.830,306.891,1.0000,0.0882,0.5043,0.9500,700.00,0.00,0.00,0.00
679.00,180.000,180.000,170.000,175.000,144.573,154.311,145.005,79.154,148.601,157.884,148.966,81.235,282.487,246.606,275.414,306.975,1.0000,0.0726,0.4845,0.9500,700.00,0.00,0.00,0.00
680.00,180.000,180.000,170.000,175.000,144.772,154.487,145.200,79.257,148.799,158.032,149.149,81.338,282.682,245.994,274.974,307.059,1.0000,0.0564,0.4645,0.9500,700.00,0.00,0.00,0.00
681.00,180.000,180.000,170.000,175.000,144.970,154.662,145.395,79.360,148.996,158.180,149.331,81.441,282.877,245.404,274.608,307.143,1.0000,0.0395,0.4430,0.9500,700.00,0.00,0.00,0.00
682.00,180.000,180.000,170.000,175.000,145.169,154.835,145.589,79.463,149.194,158.325,149.512,81.544,283.071,244.796,274.217,307.227,1.0000,0.0808,0.4215,0.9500,700.00,0.00,0.00,0.00
683.00,180.000,180.000,170.000,175.000,145.368,155.007,145.783,79.565,149.391,158.470,149.692,81.647,283.266,244.171,273.801,307.311,1.0000,0.0629,0.3999,0.9500,700.00,0.00,0.00,0.00
684.00,180.000,180.000,170.000,175.000,145.567,155.178,145.976,79.668,149.589,158.613,149.871,81.751,283.461,243.566,273.362,307.395,1.0000,0.0444,0.3783,0.9500,700.00,0.00,0.00,0.00
685.00,180.000,180.000,170.000,175.000,145.765,155.347,146.168,79.771,149.786,158.754,150.049,81.854,283.655,242.982,272.898,307.478,1.0000,0.0841,0.3567,0.9500,700.00,0.00,0.00,0.00
686.00,180.000,180.000,170.000,175.000,145.964,155.515,146.359,79.874,149.983,158.895,150.225,81.957,283.849,242.376,272.410,307.562,1.0000,0.0640,0.3350,0.9500,700.00,0.00,0.00,0.00
687.00,180.000,180.000,170.000,175.000,146.162,155.682,146.550,79.977,150.180,159.034,150.400,82.060,284.043,241.789,271.897,307.646,1.0000,0.0435,0.3852,0.9500,700.00,0.00,0.00,0.00
688.00,180.000,180.000,170.000,175.000,146.361,155.847,146.740,80.080,150.377,159.171,150.574,82.163,284.237,241.218,271.360,307.730,1.0000,0.0813,0.3620,0.9500,700.00,0.00,0.00,0.00
689.00,180.000,180.000,170.000,175.000,146.559,156.011,146.929,80.183,150.574,159.308,150.746,82.266,284.431,240.623,270.797,307.813,1.0000,0.0593,0.3388,0.9500,700.00,0.00,0.00,0.00
690.00,180.000,180.000,170.000,175.000,146.757,156.173,147.117,80.285,150.771,159.443,150.917,82.370,284.625,240.044,270.208,307.897,1.0000,0.0371,0.3157,0.9500,700.00,0.00,0.00,0.00
691.00,180.000,180.000,170.000,175.000,146.955,156.334,147.305,80.388,150.968,159.576,151.086,82.473,284.819,239.480,269.594,307.980,1.0000,0.0732,0.2925,0.9500,700.00,0.00,0.00,0.00
692.00,180.000,180.000,170.000,175.000,147.154,156.494,147.491,80.491,151.165,159.709,151.254,82.576,285.013,238.891,269.003,308.064,1.0000,0.0497,0.2687,0.9500,700.00,0.00,0.00,0.00
693.00,180.000,180.000,170.000,175.000,147.352,156.653,147.677,80.594,151.361,159.840,151.420,82.679,285.206,238.353,268.434,308.147,1.0000,0.0253,0.2442,0.9500,700.00,0.00,0.00,0.00
694.00,180.000,180.000,170.000,175.000,147.550,156.810,147.861,80.697,151.558,159.970,151.586,82.783,285.400,237.788,267.836,308.231,1.0000,0.0595,0.2197,0.9500,700.00,0.00,0.00,0.00
695.00,180.000,180.000,170.000,175.000,147.748,156.965,148.045,80.800,151.754,160.099,151.749,82.886,285.593,237.273,267.212,308.314,1.0000,0.0334,0.2673,0.9500,700.00,0.00,0.00,0.00
696.00,180.000,180.000,170.000,175.000,147.945,157.120,148.228,80.903,151.951,160.226,151.911,82.989,285.786,236.728,266.559,308.398,1.0000,0.0659,0.2416,0.9500,700.00,0.00,0.00,0.00
697.00,180.000,180.000,170.000,175.000,148.143,157.273,148.409,81.006,152.147,160.352,152.072,83.093,285.979,236.191,265.879,308.481,1.0000,0.0389,0.2160,0.9500,700.00,0.00,0.00,0.00
698.00,180.000,180.000,170.000,175.000,148.341,157.425,148.590,81.109,152.343,160.478,152.230,83.196,286.172,235.662,265.220,308.565,1.0000,0.0700,0.1898,0.9500,700.00,0.00,0.00,0.00
699.00,180.000,180.000,170.000,175.000,148.539,157.575,148.769,81.212,152.540,160.601,152.388,83.299,286.365,235.140,264.577,308.648,1.0000,0.0416,0.1630,0.9500,700.00,0.00,0.00,0.00
700.00,180.000,180.000,170.000,175.000,148.736,157.724,148.948,81.315,152.736,160.724,152.544,83.403,286.558,234.622,263.906,308.731,1.0000,0.0713,0.2084,0.9500,700.00,0.00,0.00,0.00
701.00,180.000,180.000,170.000,175.000,148.934,157.872,149.125,81.419,152.932,160.846,152.698,83.506,286.750,234.111,263.204,308.814,1.0000,0.0417,0.1805,0.9500,700.00,0.00,0.00,0.00
702.00,180.000,180.000,170.000,175.000,149.131,158.019,149.301,81.522,153.128,160.966,152.850,83.610,286.943,233.603,262.473,308.898,1.0000,0.0702,0.1529,0.9500,700.00,0.00,0.00,0.00
703.00,180.000,180.000,170.000,175.000,149.328,158.164,149.476,81.625,153.324,161.085,153.001,83.713,287.135,233.098,261.806,308.981,1.0000,0.0394,0.1240,0.9500,700.00,0.00,0.00,0.00
704.00,180.000,180.000,170.000,175.000,149.526,158.308,149.650,81.728,153.520,161.204,153.150,83.816,287.328,232.596,261.107,309.064,1.0000,0.0669,0.0954,0.9500,700.00,0.00,0.00,0.00
705.00,180.000,180.000,170.000,175.000,149.723,158.450,149.823,81.831,153.715,161.321,153.298,83.920,287.520,232.134,260.375,309.147,1.0000,0.0344,0.1383,0.9500,700.00,0.00,0.00,0.00
706.00,180.000,180.000,170.000,175.000,149.920,158.592,149.994,81.934,153.911,161.437,153.444,84.023,287.712,231.635,259.611,309.230,1.0000,0.0610,0.1087,0.9500,700.00,0.00,0.00,0.00
707.00,180.000,180.000,170.000,175.000,150.117,158.732,150.164,82.037,154.107,161.552,153.588,84.127,287.904,231.175,258.909,309.313,1.0000,0.0864,0.0781,0.9500,700.00,0.00,0.00,0.00
708.00,180.000,180.000,170.000,175.000,150.314,158.871,150.333,82.141,154.302,161.665,153.731,84.230,288.096,230.713,258.174,309.396,1.0000,0.0520,0.1190,0.9500,700.00,0.00,0.00,0.00
709.00,180.000,180.000,170.000,175.000,150.511,159.009,150.500,82.244,154.497,161.778,153.872,84.334,288.288,230.248,257.402,309.479,1.0000,0.0760,0.0876,0.9500,700.00,0.00,0.00,0.00
710.00,180.000,180.000,170.000,175.000,150.708,159.145,150.666,82.347,154.693,161.890,154.011,84.437,288.479,229.819,256.691,309.562,1.0000,0.0990,0.0552,0.9500,700.00,0.00,0.00,0.00
711.00,180.000,180.000,170.000,175.000,150.905,159.280,150.831,82.450,154.888,162.001,154.149,84.541,288.671,229.384,255.943,309.645,1.0000,0.0624,0.0944,0.9500,700.00,0.00,0.00,0.00
712.00,180.000,180.000,170.000,175.000,151.101,159.414,150.995,82.553,155.083,162.111,154.285,84.644,288.862,228.944,255.157,309.728,1.0000,0.0843,0.0614,0.9500,700.00,0.00,0.00,0.00
713.00,180.000,180.000,170.000,175.000,151.298,159.547,151.157,82.657,155.278,162.220,154.419,84.748,289.054,228.537,254.430,309.811,1.0000,0.1053,0.0275,0.9500,700.00,0.00,0.00,0.00
714.00,180.000,180.000,170.000,175.000,151.494,159.679,151.318,82.760,155.473,162.328,154.552,84.852,289.245,228.120,253.664,309.894,1.0000,0.0667,0.0652,0.9500,700.00,0.00,0.00,0.00
715.00,180.000,180.000,170.000,175.000,151.691,159.809,151.477,82.863,155.668,162.435,154.682,84.955,289.436,227.697,252.911,309.977,1.0000,0.0868,0.0301,0.9500,700.00,0.00,0.00,0.00
716.00,180.000,180.000,170.000,175.000,151.887,159.939,151.635,82.967,155.863,162.541,154.812,85.059,289.627,227.303,252.161,310.060,1.0000,0.1060,0.0668,0.9500,700.00,0.00,0.00,0.00
717.00,180.000,180.000,170.000,175.000,152.084,160.067,151.791,83.070,156.058,162.646,154.939,85.162,289.818,226.900,251.388,310.142,1.0000,0.0658,0.0308,0.9500,700.00,0.00,0.00,0.00
718.00,180.000,180.000,170.000,175.000,152.280,160.194,151.947,83.173,156.252,162.750,155.065,85.266,290.008,226.486,250.652,310.225,1.0000,0.0844,0.0659,0.9500,700.00,0.00,0.00,0.00
719.00,180.000,180.000,170.000,175.000,152.476,160.320,152.100,83.277,156.447,162.854,155.189,85.370,290.199,226.100,249.892,310.308,1.0000,0.1022,0.0282,0.9500,700.00,0.00,0.00,0.00
720.00,180.000,180.000,170.000,175.000,152.672,160.445,152.252,83.380,156.641,162.956,155.312,85.473,290.390,225.703,249.163,310.391,1.0000,0.1194,0.0000,0.9500,700.00,0.00,0.00,0.00
721.00,180.000,180.000,170.000,175.000,152.868,160.569,152.403,83.483,156.836,163.058,155.433,85.577,290.580,225.331,248.415,310.473,1.0000,0.0765,0.0235,0.9500,700.00,0.00,0.00,0.00
722.00,180.000,180.000,170.000,175.000,153.064,160.691,152.552,83.587,157.030,163.159,155.552,85.681,290.770,224.945,247.692,310.556,1.0000,0.0925,0.0000,0.9500,700.00,0.00,0.00,0.00
723.00,180.000,180.000,170.000,175.000,153.260,160.813,152.700,83.690,157.224,163.259,155.669,85.784,290.960,224.583,246.957,310.638,1.0000,0.1079,0.0160,0.9500,700.00,0.00,0.00,0.00
724.00,180.000,180.000,170.000,175.000,153.456,160.933,152.846,83.793,157.418,163.358,155.786,85.888,291.150,224.244,246.239,310.721,1.0000,0.1221,0.0468,0.9500,700.00,0.00,0.00,0.00
725.00,180.000,180.000,170.000,175.000,153.651,161.053,152.991,83.897,157.612,163.456,155.900,85.992,291.340,223.888,245.515,310.804,1.0000,0.0771,0.0053,0.9500,700.00,0.00,0.00,0.00
726.00,180.000,180.000,170.000,175.000,153.847,161.171,153.134,84.000,157.806,163.554,156.013,86.095,291.530,223.554,244.802,310.886,1.0000,0.0904,0.0350,0.9500,700.00,0.00,0.00,0.00
727.00,180.000,180.000,170.000,175.000,154.042,161.289,153.276,84.104,158.000,163.651,156.124,86.199,291.720,223.200,244.100,310.969,1.0000,0.1032,0.0000,0.9500,700.00,0.00,0.00,0.00
728.00,180.000,180.000,170.000,175.000,154.238,161.405,153.416,84.207,158.194,163.747,156.234,86.303,291.909,222.867,243.395,311.051,1.0000,0.1150,0.0195,0.9500,700.00,0.00,0.00,0.00
729.00,180.000,180.000,170.000,175.000,154.433,161.520,153.555,84.311,158.388,163.842,156.342,86.407,292.093,222.552,242.695,311.134,0.9890,0.1264,0.0000,0.9500,350.00,0.00,0.00,0.00
730.00,180.000,180.000,170.000,175.000,154.628,161.635,153.693,84.414,158.581,163.936,156.449,86.510,292.248,222.254,242.001,311.216,0.9688,0.1369,0.0025,0.9500,0.00,0.00,0.00,0.00
731.00,180.000,180.000,170.000,175.000,154.824,161.748,153.828,84.518,158.775,164.030,156.554,86.614,292.378,221.935,241.316,311.299,0.9486,0.1471,0.0285,0.9500,0.00,0.00,0.00,0.00
732.00,180.000,180.000,170.000,175.000,155.019,161.861,153.963,84.621,158.968,164.123,156.658,86.718,292.481,221.632,240.637,311.381,0.9285,0.0976,0.0000,0.9500,0.00,0.00,0.00,0.00
733.00,180.000,180.000,170.000,175.000,155.214,161.972,154.095,84.725,159.161,164.216,156.760,86.822,292.557,221.344,239.960,311.464,0.9083,0.1066,0.0063,0.9500,0.00,0.00,0.00,0.00
734.00,180.000,180.000,170.000,175.000,155.409,162.083,154.226,84.828,159.353,164.308,156.861,86.926,292.608,221.031,239.294,311.546,0.8882,0.1154,0.0298,0.9500,0.00,0.00,0.00,0.00
735.00,180.000,180.000,170.000,175.000,155.603,162.192,154.356,84.932,159.545,164.399,156.960,87.029,292.632,220.733,238.632,311.628,0.8680,0.1234,0.0000,0.9500,0.00,0.00,0.00,0.00
736.00,180.000,180.000,170.000,175.000,155.798,162.301,154.484,85.036,159.737,164.489,157.058,87.133,292.631,220.447,237.972,311.711,0.8470,0.1305,0.0032,0.9500,0.00,0.00,0.00,0.00
737.00,180.000,180.000,170.000,175.000,155.992,162.409,154.611,85.139,159.929,164.579,157.155,87.237,292.601,220.174,237.319,311.793,0.8251,0.1376,0.0238,0.9500,0.00,0.00,0.00,0.00
738.00,180.000,180.000,170.000,175.000,156.187,162.516,154.736,85.243,160.119,164.668,157.250,87.341,292.545,219.913,236.686,311.875,0.8034,0.1438,0.0437,0.9500,0.00,0.00,0.00,0.00
739.00,180.000,180.000,170.000,175.000,156.381,162.622,154.860,85.346,160.310,164.757,157.343,87.445,292.460,219.662,236.054,311.957,0.7817,0.1494,0.0000,0.9500,0.00,0.00,0.00,0.00
740.00,180.000,180.000,170.000,175.000,156.575,162.727,154.982,85.450,160.499,164.845,157.435,87.549,292.349,219.420,235.415,312.040,0.7601,0.1543,0.0101,0.9500,0.00,0.00,0.00,0.00
741.00,180.000,180.000,170.000,175.000,156.769,162.832,155.103,85.554,160.688,164.932,157.526,87.653,292.211,219.149,234.789,312.122,0.7385,0.1591,0.0277,0.9500,0.00,0.00,0.00,0.00
742.00,180.000,180.000,170.000,175.000,156.962,162.935,155.222,85.657,160.877,165.019,157.616,87.757,292.047,218.887,234.180,312.204,0.7170,0.1634,0.0446,0.9500,0.00,0.00,0.00,0.00
743.00,180.000,180.000,170.000,175.000,157.155,163.038,155.340,85.761,161.064,165.105,157.704,87.861,291.856,218.632,233.568,312.286,0.6955,0.1670,0.0608,0.9500,0.00,0.00,0.00,0.00
744.00,180.000,180.000,170.000,175.000,157.348,163.140,155.457,85.865,161.251,165.191,157.791,87.964,291.687,218.383,232.972,312.369,0.7460,0.1700,0.0038,0.9500,0.00,0.00,0.00,0.00
745.00,180.000,180.000,170.000,175.000,157.541,163.241,155.572,85.968,161.437,165.276,157.877,88.068,291.539,218.142,232.393,312.451,0.7229,0.1725,0.0180,0.9500,0.00,0.00,0.00,0.00
746.00,180.000,180.000,170.000,175.000,157.733,163.341,155.685,86.072,161.622,165.360,157.961,88.172,291.363,217.906,231.796,312.533,0.6999,0.1744,0.0318,0.9500,0.00,0.00,0.00,0.00
747.00,180.000,180.000,170.000,175.000,157.925,163.441,155.797,86.176,161.807,165.444,158.044,88.276,291.160,217.675,231.215,312.615,0.6770,0.1758,0.0443,0.9500,0.00,0.00,0.00,0.00
748.00,180.000,180.000,170.000,175.000,158.117,163.539,155.908,86.280,161.990,165.528,158.126,88.380,290.927,217.447,230.655,312.697,0.6541,0.1768,0.0564,0.9500,0.00,0.00,0.00,0.00
749.00,180.000,180.000,170.000,175.000,158.308,163.637,156.017,86.383,162.173,165.611,158.206,88.484,290.667,217.223,230.115,312.779,0.6313,0.1773,0.0673,0.9500,0.00,0.00,0.00,0.00
750.00,180.000,180.000,170.000,175.000,158.499,163.735,156.125,86.487,162.355,165.693,158.286,88.588,290.381,217.001,229.594,312.861,0.6086,0.1774,0.0772,0.9500,0.00,0.00,0.00,0.00
751.00,180.000,180.000,170.000,175.000,158.689,163.831,156.231,86.591,162.536,165.775,158.364,88.692,290.066,216.781,229.043,312.943,0.5843,0.1771,0.0867,0.9500,0.00,0.00,0.00,0.00
752.00,180.000,180.000,170.000,175.000,158.879,163.927,156.336,86.695,162.716,165.856,158.441,88.796,289.723,216.563,228.507,313.025,0.5601,0.1764,0.0952,0.9500,0.00,0.00,0.00,0.00
753.00,180.000,180.000,170.000,175.000,159.068,164.022,156.440,86.798,162.895,165.937,158.517,88.900,289.350,216.346,227.987,313.107,0.5360,0.1754,0.1027,0.9500,0.00,0.00,0.00,0.00
754.00,180.000,180.000,170.000,175.000,159.257,164.117,156.542,86.902,163.073,166.018,158.592,89.004,288.966,216.168,227.480,313.189,0.5121,0.1733,0.1094,0.9500,0.00,0.00,0.00,0.00
755.00,180.000,180.000,170.000,175.000,159.445,164.210,156.643,87.006,163.249,166.098,158.666,89.108,288.606,215.989,226.986,313.271,0.5602,0.1709,0.1151,0.9500,0.00,0.00,0.00,0.00
756.00,180.000,180.000,170.000,175.000,159.633,164.303,156.742,87.110,163.425,166.177,158.738,89.212,288.245,215.809,226.504,313.353,0.5348,0.1683,0.1201,0.9500,0.00,0.00,0.00,0.00
757.00,180.000,180.000,170.000,175.000,159.820,164.396,156.841,87.214,163.599,166.256,158.810,89.316,287.855,215.627,226.031,313.435,0.5095,0.1648,0.1242,0.9500,0.00,0.00,0.00,0.00
758.00,180.000,180.000,170.000,175.000,160.007,164.487,156.938,87.317,163.773,166.335,158.880,89.420,287.435,215.441,225.566,313.517,0.4844,0.1610,0.1276,0.9500,0.00,0.00,0.00,0.00
759.00,180.000,180.000,170.000,175.000,160.192,164.578,157.033,87.421,163.945,166.413,158.950,89.524,287.032,215.253,225.111,313.599,0.4586,0.1570,0.1303,0.9500,0.00,0.00,0.00,0.00
760.00,180.000,180.000,170.000,175.000,160.378,164.669,157.128,87.525,164.116,166.491,159.019,89.628,286.648,215.099,224.662,313.681,0.4322,0.1522,0.1323,0.9500,0.00,0.00,0.00,0.00
761.00,180.000,180.000,170.000,175.000,160.562,164.759,157.221,87.629,164.286,166.568,159.086,89.732,286.232,214.942,224.219,313.763,0.4060,0.1472,0.1336,0.9500,0.00,0.00,0.00,0.00
762.00,180.000,180.000,170.000,175.000,160.746,164.848,157.312,87.733,164.454,166.645,159.153,89.836,285.785,214.779,223.828,313.845,0.4520,0.2008,0.1336,0.9500,0.00,0.00,0.00,0.00
763.00,180.000,180.000,170.000,175.000,160.929,164.937,157.403,87.837,164.622,166.722,159.219,89.940,285.308,214.610,223.440,313.926,0.4244,0.1949,0.1331,0.9500,0.00,0.00,0.00,0.00
764.00,180.000,180.000,170.000,175.000,161.111,165.025,157.492,87.941,164.788,166.798,159.284,90.044,284.800,214.436,223.054,314.008,0.3972,0.1889,0.1313,0.9500,0.00,0.00,0.00,0.00
765.00,180.000,180.000,170.000,175.000,161.292,165.112,157.581,88.045,164.952,166.874,159.348,90.148,284.308,214.294,222.669,314.090,0.3693,0.1821,0.1291,0.9500,0.00,0.00,0.00,0.00
766.00,180.000,180.000,170.000,175.000,161.473,165.199,157.668,88.148,165.116,166.950,159.411,90.252,283.831,214.144,222.330,314.172,0.3409,0.1754,0.1257,0.9500,0.00,0.00,0.00,0.00
767.00,180.000,180.000,170.000,175.000,161.652,165.285,157.753,88.252,165.278,167.025,159.473,90.356,283.321,213.988,221.990,314.254,0.3128,0.1679,0.1219,0.9500,0.00,0.00,0.00,0.00
768.00,180.000,180.000,170.000,175.000,161.831,165.371,157.838,88.356,165.439,167.100,159.535,90.460,282.779,213.861,221.648,314.335,0.3561,0.1597,0.1897,0.9500,0.00,0.00,0.00,0.00
769.00,180.000,180.000,170.000,175.000,162.009,165.456,157.922,88.460,165.598,167.174,159.596,90.564,282.202,213.725,221.302,314.417,0.3269,0.1515,0.1844,0.9500,0.00,0.00,0.00,0.00
770.00,180.000,180.000,170.000,175.000,162.186,165.541,158.004,88.564,165.756,167.248,159.656,90.668,281.640,213.580,220.999,314.499,0.2972,0.2021,0.1782,0.9500,0.00,0.00,0.00,0.00
771.00,180.000,180.000,170.000,175.000,162.362,165.625,158.085,88.668,165.913,167.322,159.716,90.772,281.091,213.426,220.691,314.581,0.2670,0.1934,0.1710,0.9500,0.00,0.00,0.00,0.00
772.00,180.000,180.000,170.000,175.000,162.537,165.709,158.166,88.772,166.068,167.395,159.775,90.876,280.507,213.300,220.422,314.662,0.3083,0.1840,0.1629,0.9500,0.00,0.00,0.00,0.00
773.00,180.000,180.000,170.000,175.000,162.711,165.792,158.245,88.876,166.222,167.469,159.833,90.980,279.887,213.163,220.144,314.744,0.2773,0.1748,0.2266,0.9500,0.00,0.00,0.00,0.00
774.00,180.000,180.000,170.000,175.000,162.885,165.875,158.323,88.980,166.374,167.541,159.890,91.084,279.279,213.015,219.857,314.826,0.2458,0.1649,0.2175,0.9500,0.00,0.00,0.00,0.00
775.00,180.000,180.000,170.000,175.000,163.057,165.957,158.400,89.084,166.525,167.614,159.947,91.187,278.682,212.895,219.608,314.907,0.2138,0.1545,0.2075,0.9500,0.00,0.00,0.00,0.00
776.00,180.000,180.000,170.000,175.000,163.228,166.039,158.476,89.187,166.674,167.686,160.003,91.291,278.048,212.763,219.347,314.989,0.2536,0.2030,0.1968,0.9500,0.00,0.00,0.00,0.00
777.00,180.000,180.000,170.000,175.000,163.398,166.120,158.551,89.291,166.821,167.758,160.059,91.395,277.377,212.619,219.121,315.071,0.2210,0.1922,0.1853,0.9500,0.00,0.00,0.00,0.00
778.00,180.000,180.000,170.000,175.000,163.566,166.201,158.626,89.395,166.967,167.829,160.114,91.499,276.764,212.500,218.882,315.152,0.1871,0.1809,0.2458,0.9500,0.00,0.00,0.00,0.00
779.00,180.000,180.000,170.000,175.000,163.734,166.281,158.699,89.499,167.112,167.900,160.169,91.602,276.113,212.367,218.675,315.234,0.2259,0.1692,0.2329,0.9500,0.00,0.00,0.00,0.00
780.00,180.000,180.000,170.000,175.000,163.901,166.361,158.771,89.603,167.255,167.971,160.223,91.706,275.421,212.258,218.454,315.315,0.1915,0.1569,0.2194,0.9500,0.00,0.00,0.00,0.00
781.00,180.000,180.000,170.000,175.000,164.066,166.440,158.843,89.707,167.396,168.042,160.277,91.810,274.784,212.136,218.265,315.397,0.1560,0.2037,0.2772,0.9500,0.00,0.00,0.00,0.00
782.00,180.000,180.000,170.000,175.000,164.230,166.519,158.913,89.811,167.536,168.112,160.330,91.913,274.106,211.999,218.057,315.479,0.1923,0.1913,0.2625,0.9500,0.00,0.00,0.00,0.00
783.00,180.000,180.000,170.000,175.000,164.393,166.598,158.983,89.914,167.674,168.182,160.382,92.017,273.386,211.885,217.879,315.560,0.1564,0.1785,0.2465,0.9500,0.00,0.00,0.00,0.00
784.00,180.000,180.000,170.000,175.000,164.555,166.676,159.052,90.018,167.811,168.251,160.435,92.120,272.720,211.756,217.727,315.642,0.1195,0.1653,0.2300,0.9500,0.00,0.00,0.00,0.00
785.00,180.000,180.000,170.000,175.000,164.715,166.753,159.120,90.122,167.946,168.321,160.486,92.224,272.012,211.649,217.556,315.723,0.1545,0.1517,0.2858,0.9500,0.00,0.00,0.00,0.00
786.00,180.000,180.000,170.000,175.000,164.874,166.831,159.187,90.226,168.079,168.390,160.538,92.327,271.308,211.527,217.409,315.805,0.1165,0.1972,0.2684,0.9500,0.00,0.00,0.00,0.00
787.00,180.000,180.000,170.000,175.000,165.032,166.908,159.254,90.330,168.211,168.458,160.589,92.431,270.607,211.388,217.288,315.886,0.1505,0.1835,0.2498,0.9500,0.00,0.00,0.00,0.00
788.00,180.000,180.000,170.000,175.000,165.189,166.984,159.320,90.433,168.341,168.527,160.639,92.534,269.861,211.270,217.146,315.968,0.1116,0.1689,0.3036,0.9500,0.00,0.00,0.00,0.00
789.00,180.000,180.000,170.000,175.000,165.344,167.060,159.385,90.537,168.469,168.595,160.690,92.637,269.165,211.173,217.026,316.049,0.1438,0.1539,0.2843,0.9500,0.00,0.00,0.00,0.00
790.00,180.000,180.000,170.000,175.000,165.498,167.136,159.449,90.641,168.596,168.663,160.740,92.740,268.421,211.058,216.930,316.130,0.1032,0.1980,0.3359,0.9500,0.00,0.00,0.00,0.00
791.00,180.000,180.000,170.000,175.000,165.651,167.211,159.512,90.744,168.721,168.730,160.789,92.844,267.726,210.925,216.808,316.212,0.0618,0.1832,0.3153,0.9500,0.00,0.00,0.00,0.00
792.00,180.000,180.000,170.000,175.000,165.802,167.286,159.575,90.848,168.844,168.798,160.839,92.947,266.982,210.813,216.705,316.293,0.0925,0.1673,0.2937,0.9500,0.00,0.00,0.00,0.00
793.00,180.000,180.000,170.000,175.000,165.952,167.361,159.638,90.952,168.966,168.865,160.888,93.050,266.284,210.719,216.623,316.375,0.0497,0.1513,0.3439,0.9500,0.00,0.00,0.00,0.00
794.00,180.000,180.000,170.000,175.000,166.101,167.435,159.699,91.055,169.086,168.931,160.937,93.153,265.536,210.606,216.513,316.456,0.0790,0.1944,0.3219,0.9500,0.00,0.00,0.00,0.00
795.00,180.000,180.000,170.000,175.000,166.248,167.509,159.760,91.159,169.205,168.998,160.985,93.256,264.831,210.475,216.469,316.537,0.1069,0.1785,0.2983,0.9500,0.00,0.00,0.00,0.00
796.00,180.000,180.000,170.000,175.000,166.393,167.582,159.820,91.262,169.322,169.064,161.034,93.359,264.074,210.361,216.394,316.619,0.0622,0.1617,0.3472,0.9500,0.00,0.00,0.00,0.00
797.00,180.000,180.000,170.000,175.000,166.538,167.655,159.880,91.366,169.437,169.130,161.082,93.462,263.358,210.265,216.336,316.700,0.0889,0.1448,0.3233,0.9500,0.00,0.00,0.00,0.00
798.00,180.000,180.000,170.000,175.000,166.680,167.728,159.939,91.469,169.550,169.196,161.130,93.564,262.637,210.149,216.294,316.781,0.0422,0.1870,0.3705,0.9500,0.00,0.00,0.00,0.00
799.00,180.000,180.000,170.000,175.000,166.822,167.800,159.998,91.573,169.662,169.261,161.177,93.667,261.909,210.049,216.221,316.863,0.0681,0.1697,0.3458,0.9500,0.00,0.00,0.00,0.00
800.00,180.000,180.000,170.000,175.000,166.962,167.872,160.056,91.676,169.772,169.326,161.225,93.770,261.175,209.928,216.209,316.944,0.0206,0.1522,0.3195,0.9500,0.00,0.00,0.00,0.00
801.00,180.000,180.000,170.000,175.000,167.100,167.944,160.114,91.780,169.881,169.391,161.272,93.872,260.430,209.825,216.164,317.025,0.0447,0.1933,0.3659,0.9500,0.00,0.00,0.00,0.00
802.00,180.000,180.000,170.000,175.000,167.237,168.016,160.171,91.883,169.988,169.456,161.319,93.975,259.721,209.701,216.132,317.106,0.0676,0.1755,0.3389,0.9500,0.00,0.00,0.00,0.00
803.00,180.000,180.000,170.000,175.000,167.373,168.087,160.227,91.986,170.093,169.520,161.367,94.077,259.004,209.591,216.113,317.188,0.0174,0.1576,0.3839,0.9500,0.00,0.00,0.00,0.00
804.00,180.000,180.000,170.000,175.000,167.507,168.157,160.284,92.090,170.197,169.584,161.413,94.180,258.276,209.498,216.104,317.269,0.0390,0.1389,0.3563,0.9500,0.00,0.00,0.00,0.00
805.00,180.000,180.000,170.000,175.000,167.639,168.228,160.339,92.193,170.299,169.648,161.460,94.282,257.576,209.383,216.107,317.350,0.0595,0.1795,0.4000,0.9500,0.00,0.00,0.00,0.00
806.00,180.000,180.000,170.000,175.000,167.770,168.298,160.395,92.296,170.400,169.711,161.507,94.384,256.869,209.282,216.073,317.431,0.0071,0.1606,0.3719,0.9500,0.00,0.00,0.00,0.00
807.00,180.000,180.000,170.000,175.000,167.900,168.367,160.449,92.399,170.499,169.774,161.554,94.486,256.151,209.196,216.096,317.512,0.0266,0.1409,0.4144,0.9500,0.00,0.00,0.00,0.00
808.00,180.000,180.000,170.000,175.000,168.028,168.437,160.504,92.502,170.597,169.837,161.600,94.588,255.452,209.087,216.080,317.593,0.0451,0.1806,0.3850,0.9500,0.00,0.00,0.00,0.00
809.00,180.000,180.000,170.000,175.000,168.154,168.506,160.558,92.605,170.693,169.900,161.647,94.690,254.753,208.954,216.120,317.675,0.0000,0.1616,0.3544,0.9500,0.00,0.00,0.00,0.00
810.00,180.000,180.000,170.000,175.000,168.279,168.575,160.612,92.708,170.787,169.963,161.693,94.792,254.070,208.836,216.121,317.756,0.0079,0.1417,0.3968,0.9500,0.00,0.00,0.00,0.00
811.00,180.000,180.000,170.000,175.000,168.403,168.643,160.665,92.811,170.880,170.025,161.739,94.894,253.376,208.732,216.129,317.837,0.0239,0.1806,0.3659,0.9500,0.00,0.00,0.00,0.00
812.00,180.000,180.000,170.000,175.000,168.525,168.711,160.718,92.914,170.971,170.087,161.785,94.995,252.698,208.603,216.145,317.918,0.0392,0.1608,0.4072,0.9500,0.00,0.00,0.00,0.00
813.00,180.000,180.000,170.000,175.000,168.645,168.779,160.770,93.016,171.061,170.148,161.832,95.097,252.016,208.487,216.166,317.999,0.0538,0.1402,0.3753,0.9500,0.00,0.00,0.00,0.00
814.00,180.000,180.000,170.000,175.000,168.764,168.847,160.823,93.119,171.150,170.210,161.878,95.198,251.349,208.384,216.193,318.080,0.0000,0.1783,0.4157,0.9500,0.00,0.00,0.00,0.00
815.00,180.000,180.000,170.000,175.000,168.881,168.914,160.875,93.222,171.237,170.271,161.924,95.300,250.671,208.256,216.226,318.161,0.0085,0.1578,0.3829,0.9500,0.00,0.00,0.00,0.00
816.00,180.000,180.000,170.000,175.000,168.997,168.981,160.927,93.324,171.322,170.331,161.970,95.401,250.004,208.139,216.263,318.242,0.0204,0.1366,0.4224,0.9500,0.00,0.00,0.00,0.00
817.00,180.000,180.000,170.000,175.000,169.112,169.047,160.978,93.427,171.406,170.392,162.016,95.502,249.351,208.036,216.304,318.323,0.0318,0.1742,0.3896,0.9500,0.00,0.00,0.00,0.00
818.00,180.000,180.000,170.000,175.000,169.225,169.114,161.029,93.529,171.489,170.452,162.062,95.603,248.711,207.906,216.349,318.404,0.0418,0.1531,0.4284,0.9500,0.00,0.00,0.00,0.00
819.00,180.000,180.000,170.000,175.000,169.336,169.180,161.080,93.632,171.570,170.512,162.108,95.704,248.062,207.789,216.397,318.485,0.0515,0.1313,0.3948,0.9500,0.00,0.00,0.00,0.00
820.00,180.000,180.000,170.000,175.000,169.446,169.245,161.131,93.734,171.650,170.572,162.154,95.805,247.424,207.682,216.450,318.565,0.0598,0.1684,0.4328,0.9500,0.00,0.00,0.00,0.00
821.00,180.000,180.000,170.000,175.000,169.554,169.311,161.181,93.836,171.728,170.631,162.200,95.906,246.796,207.549,216.503,318.646,0.0000,0.1468,0.3985,0.9500,0.00,0.00,0.00,0.00
822.00,180.000,180.000,170.000,175.000,169.661,169.376,161.232,93.938,171.805,170.690,162.246,96.006,246.178,207.426,216.559,318.727,0.0021,0.1246,0.4359,0.9500,0.00,0.00,0.00,0.00
823.00,180.000,180.000,170.000,175.000,169.767,169.441,161.282,94.041,171.881,170.749,162.292,96.107,245.572,207.314,216.614,318.808,0.0078,0.1612,0.4010,0.9500,0.00,0.00,0.00,0.00
824.00,180.000,180.000,170.000,175.000,169.871,169.505,161.332,94.143,171.955,170.808,162.338,96.207,244.977,207.175,216.673,318.889,0.0125,0.1392,0.4378,0.9500,0.00,0.00,0.00,0.00
825.00,180.000,180.000,170.000,175.000,169.974,169.570,161.381,94.245,172.028,170.866,162.385,96.307,244.393,207.046,216.731,318.970,0.0161,0.1166,0.4023,0.9500,0.00,0.00,0.00,0.00
826.00,180.000,180.000,170.000,175.000,170.075,169.634,161.431,94.346,172.100,170.924,162.431,96.408,243.818,206.928,216.790,319.050,0.0189,0.1529,0.4385,0.9500,0.00,0.00,0.00,0.00
827.00,180.000,180.000,170.000,175.000,170.174,169.697,161.480,94.448,172.170,170.981,162.477,96.508,243.251,206.819,216.849,319.131,0.0207,0.1299,0.4026,0.9500,0.00,0.00,0.00,0.00
828.00,180.000,180.000,170.000,175.000,170.273,169.761,161.529,94.550,172.240,171.039,162.523,96.608,242.690,206.722,216.910,319.212,0.0218,0.1063,0.4383,0.9500,0.00,0.00,0.00,0.00
829.00,180.000,180.000,170.000,175.000,170.369,169.824,161.578,94.651,172.308,171.096,162.569,96.707,242.135,206.595,216.969,319.292,0.0221,0.1423,0.4019,0.9500,0.00,0.00,0.00,0.00
830.00,180.000,180.000,170.000,175.000,170.465,169.886,161.627,94.753,172.375,171.153,162.616,96.807,241.585,206.478,217.026,319.373,0.0217,0.1191,0.4372,0.9500,0.00,0.00,0.00,0.00
831.00,180.000,180.000,170.000,175.000,170.559,169.949,161.676,94.854,172.440,171.209,162.662,96.907,241.038,206.369,217.083,319.454,0.0206,0.1540,0.4003,0.9500,0.00,0.00,0.00,0.00
832.00,180.000,180.000,170.000,175.000,170.651,170.011,161.725,94.956,172.505,171.266,162.708,97.006,240.494,206.231,217.138,319.534,0.0189,0.1304,0.4352,0.9500,0.00,0.00,0.00,0.00
833.00,180.000,180.000,170.000,175.000,170.742,170.073,161.773,95.057,172.568,171.322,162.755,97.106,239.952,206.102,217.192,319.615,0.0886,0.1063,0.3973,0.9500,0.00,0.00,0.00,0.00
834.00,180.000,180.000,170.000,175.000,170.832,170.135,161.822,95.158,172.630,171.378,162.801,97.205,239.411,205.982,217.244,319.695,0.0849,0.1412,0.4318,0.9500,0.00,0.00,0.00,0.00
835.00,180.000,180.000,170.000,175.000,170.921,170.196,161.870,95.259,172.691,171.433,162.847,97.304,238.868,205.868,217.293,319.776,0.0807,0.1168,0.3936,0.9500,0.00,0.00,0.00,0.00
836.00,180.000,180.000,170.000,175.000,171.008,170.257,161.918,95.360,172.751,171.488,162.894,97.403,238.370,205.764,217.340,319.856,0.0752,0.0920,0.4278,0.9500,0.00,0.00,0.00,0.00
837.00,180.000,180.000,170.000,175.000,171.094,170.318,161.966,95.461,172.810,171.543,162.940,97.502,237.869,205.628,217.384,319.937,0.0693,0.1268,0.3893,0.9500,0.00,0.00,0.00,0.00
838.00,180.000,180.000,170.000,175.000,171.178,170.378,162.014,95.562,172.868,171.598,162.986,97.601,237.364,205.500,217.425,320.017,0.0623,0.1017,0.4233,0.9500,0.00,0.00,0.00,0.00
839.00,180.000,180.000,170.000,175.000,171.261,170.438,162.062,95.662,172.924,171.652,163.033,97.699,236.901,205.379,217.463,320.097,0.0540,0.1356,0.3844,0.9500,0.00,0.00,0.00,0.00
840.00,180.000,180.000,170.000,175.000,171.343,170.498,162.110,95.763,172.980,171.706,163.079,97.798,236.430,205.227,217.498,320.178,0.1175,0.1110,0.4182,0.9500,0.00,0.00,0.00,0.00
841.00,180.000,180.000,170.000,175.000,171.423,170.558,162.158,95.863,173.034,171.760,163.125,97.896,235.951,205.121,217.575,320.258,0.1080,0.0853,0.3784,0.9500,0.00,0.00,0.00,0.00
842.00,180.000,180.000,170.000,175.000,171.503,170.617,162.206,95.964,173.088,171.813,163.172,97.994,235.510,204.984,217.603,320.338,0.0976,0.1192,0.4119,0.9500,0.00,0.00,0.00,0.00
843.00,180.000,180.000,170.000,175.000,171.581,170.676,162.254,96.064,173.141,171.866,163.218,98.092,235.059,204.853,217.671,320.419,0.0861,0.0934,0.3719,0.9500,0.00,0.00,0.00,0.00
844.00,180.000,180.000,170.000,175.000,171.657,170.735,162.301,96.164,173.192,171.919,163.265,98.190,234.644,204.729,217.690,320.499,0.0738,0.1265,0.4053,0.9500,0.00,0.00,0.00,0.00
845.00,180.000,180.000,170.000,175.000,171.733,170.793,162.349,96.264,173.243,171.972,163.311,98.288,234.216,204.610,217.752,320.579,0.1335,0.1006,0.4371,0.9500,0.00,0.00,0.00,0.00
846.00,180.000,180.000,170.000,175.000,171.807,170.851,162.396,96.364,173.293,172.024,163.357,98.386,233.775,204.497,217.761,320.659,0.1203,0.0742,0.3977,0.9500,0.00,0.00,0.00,0.00
847.00,180.000,180.000,170.000,175.000,171.880,170.909,162.444,96.464,173.342,172.076,163.404,98.483,233.365,204.352,217.813,320.739,0.1055,0.1076,0.4294,0.9500,0.00,0.00,0.00,0.00
848.00,180.000,180.000,170.000,175.000,171.952,170.967,162.491,96.564,173.390,172.128,163.450,98.581,232.987,204.213,217.812,320.819,0.0901,0.0812,0.3898,0.9500,0.00,0.00,0.00,0.00
849.00,180.000,180.000,170.000,175.000,172.023,171.024,162.538,96.663,173.437,172.179,163.496,98.678,232.593,204.079,217.854,320.899,0.1468,0.1138,0.4214,0.9500,0.00,0.00,0.00,0.00
850.00,180.000,180.000,170.000,175.000,172.092,171.081,162.586,96.763,173.483,172.230,163.543,98.775,232.226,203.950,217.844,320.979,0.1300,0.0873,0.3817,0.9500,0.00,0.00,0.00,0.00
851.00,180.000,180.000,170.000,175.000,172.161,171.138,162.633,96.862,173.529,172.281,163.589,98.872,231.886,203.826,217.874,321.059,0.1118,0.1192,0.4131,0.9500,0.00,0.00,0.00,0.00
852.00,180.000,180.000,170.000,175.000,172.228,171.194,162.680,96.961,173.573,172.331,163.635,98.969,231.527,203.670,217.900,321.139,0.1659,0.0927,0.3726,0.9500,0.00,0.00,0.00,0.00
853.00,180.000,180.000,170.000,175.000,172.294,171.250,162.727,97.060,173.617,172.382,163.681,99.066,231.192,203.557,217.920,321.219,0.1467,0.0652,0.4041,0.9500,0.00,0.00,0.00,0.00
854.00,180.000,180.000,170.000,175.000,172.359,171.306,162.774,97.159,173.661,172.431,163.727,99.162,230.882,203.410,217.935,321.299,0.1263,0.0975,0.3635,0.9500,0.00,0.00,0.00,0.00
855.00,180.000,180.000,170.000,175.000,172.423,171.361,162.821,97.258,173.703,172.481,163.773,99.259,230.548,203.305,217.943,321.379,0.1783,0.0693,0.3948,0.9500,0.00,0.00,0.00,0.00
856.00,180.000,180.000,170.000,175.000,172.486,171.417,162.868,97.357,173.745,172.530,163.819,99.355,230.237,203.166,217.946,321.459,0.1570,0.1010,0.3535,0.9500,0.00,0.00,0.00,0.00
857.00,180.000,180.000,170.000,175.000,172.548,171.472,162.915,97.456,173.786,172.579,163.865,99.451,229.947,203.029,217.942,321.539,0.2067,0.0729,0.3848,0.9500,0.00,0.00,0.00,0.00
858.00,180.000,180.000,170.000,175.000,172.609,171.526,162.962,97.554,173.827,172.628,163.911,99.547,229.630,202.898,217.933,321.618,0.1840,0.1040,0.3435,0.9500,0.00,0.00,0.00,0.00
859.00,180.000,180.000,170.000,175.000,172.669,171.580,163.009,97.652,173.867,172.677,163.957,99.643,229.332,202.768,217.918,321.698,0.1603,0.0761,0.3748,0.9500,0.00,0.00,0.00,0.00
860.00,180.000,180.000,170.000,175.000,172.728,171.635,163.056,97.751,173.906,172.725,164.003,99.739,229.053,202.642,217.942,321.778,0.2084,0.1066,0.3327,0.9500,0.00,0.00,0.00,0.00
861.00,180.000,180.000,170.000,175.000,172.786,171.688,163.103,97.849,173.944,172.773,164.048,99.834,228.790,202.518,217.915,321.857,0.1835,0.0781,0.3640,0.9500,0.00,0.00,0.00,0.00
862.00,180.000,180.000,170.000,175.000,172.843,171.742,163.149,97.947,173.982,172.820,164.094,99.930,228.545,202.397,217.926,321.937,0.2297,0.1082,0.3938,0.9500,0.00,0.00,0.00,0.00
863.00,180.000,180.000,170.000,175.000,172.899,171.795,163.196,98.045,174.020,172.867,164.139,100.025,228.267,202.239,217.885,322.016,0.2038,0.0799,0.3525,0.9500,0.00,0.00,0.00,0.00
864.00,180.000,180.000,170.000,175.000,172.954,171.848,163.242,98.143,174.057,172.914,164.184,100.120,228.051,202.124,217.883,322.096,0.1762,0.1094,0.3824,0.9500,0.00,0.00,0.00,0.00
865.00,180.000,180.000,170.000,175.000,173.008,171.900,163.289,98.240,174.093,172.961,164.230,100.215,227.802,201.971,217.829,322.175,0.2215,0.0807,0.3411,0.9500,0.00,0.00,0.00,0.00
866.00,180.000,180.000,170.000,175.000,173.061,171.953,163.335,98.338,174.129,173.007,164.275,100.310,227.611,201.858,217.813,322.255,0.1922,0.0511,0.3711,0.9500,0.00,0.00,0.00,0.00
867.00,180.000,180.000,170.000,175.000,173.114,172.005,163.382,98.435,174.164,173.053,164.320,100.405,227.386,201.709,217.790,322.334,0.2360,0.0813,0.3291,0.9500,0.00,0.00,0.00,0.00
868.00,180.000,180.000,170.000,175.000,173.166,172.056,163.428,98.532,174.199,173.099,164.365,100.499,227.170,201.599,217.761,322.413,0.2061,0.0512,0.3591,0.9500,0.00,0.00,0.00,0.00
869.00,180.000,180.000,170.000,175.000,173.216,172.108,163.474,98.629,174.234,173.145,164.409,100.594,226.966,201.454,217.724,322.493,0.2485,0.0811,0.3172,0.9500,0.00,0.00,0.00,0.00
870.00,180.000,180.000,170.000,175.000,173.267,172.159,163.520,98.726,174.267,173.190,164.454,100.688,226.769,201.347,217.681,322.572,0.2173,0.0506,0.3472,0.9500,0.00,0.00,0.00,0.00
871.00,180.000,180.000,170.000,175.000,173.316,172.210,163.567,98.823,174.301,173.235,164.498,100.782,226.582,201.202,217.629,322.651,0.2584,0.0801,0.3047,0.9500,0.00,0.00,0.00,0.00
872.00,180.000,180.000,170.000,175.000,173.364,172.260,163.613,98.920,174.334,173.279,164.543,100.876,226.399,201.095,217.571,322.730,0.2260,0.0493,0.3348,0.9500,0.00,0.00,0.00,0.00
873.00,180.000,180.000,170.000,175.000,173.412,172.311,163.658,99.017,174.367,173.324,164.587,100.970,226.225,200.952,217.551,322.809,0.2660,0.0785,0.2916,0.9500,0.00,0.00,0.00,0.00
874.00,180.000,180.000,170.000,175.000,173.459,172.361,163.704,99.113,174.399,173.368,164.631,101.064,226.102,200.845,217.478,322.888,0.2318,0.0474,0.3218,0.9500,0.00,0.00,0.00,0.00
875.00,180.000,180.000,170.000,175.000,173.505,172.410,163.750,99.209,174.431,173.412,164.675,101.158,225.938,200.702,217.443,322.967,0.2708,0.0763,0.3507,0.9500,0.00,0.00,0.00,0.00
876.00,180.000,180.000,170.000,175.000,173.551,172.460,163.796,99.305,174.463,173.455,164.718,101.251,225.823,200.595,217.354,323.046,0.2357,0.0449,0.3083,0.9500,0.00,0.00,0.00,0.00
877.00,180.000,180.000,170.000,175.000,173.596,172.509,163.841,99.402,174.494,173.498,164.762,101.344,225.667,200.451,217.304,323.125,0.2739,0.0735,0.3373,0.9500,0.00,0.00,0.00,0.00
878.00,180.000,180.000,170.000,175.000,173.640,172.558,163.887,99.497,174.525,173.541,164.805,101.438,225.558,200.344,217.200,323.204,0.3100,0.0419,0.2951,0.9500,0.00,0.00,0.00,0.00
879.00,180.000,180.000,170.000,175.000,173.683,172.606,163.932,99.593,174.556,173.584,164.848,101.531,225.403,200.198,217.135,323.283,0.2747,0.0703,0.3241,0.9500,0.00,0.00,0.00,0.00
880.00,180.000,180.000,170.000,175.000,173.726,172.654,163.977,99.689,174.586,173.626,164.891,101.624,225.296,200.089,217.062,323.361,0.3101,0.0384,0.2813,0.9500,0.00,0.00,0.00,0.00
881.00,180.000,180.000,170.000,175.000,173.769,172.702,164.022,99.784,174.616,173.668,164.933,101.716,225.189,199.941,216.981,323.440,0.2725,0.0666,0.3105,0.9500,0.00,0.00,0.00,0.00
882.00,180.000,180.000,170.000,175.000,173.810,172.750,164.067,99.880,174.646,173.710,164.976,101.809,225.082,199.829,216.891,323.519,0.3074,0.0933,0.2671,0.9500,0.00,0.00,0.00,0.00
883.00,180.000,180.000,170.000,175.000,173.851,172.797,164.112,99.975,174.676,173.752,165.018,101.902,225.019,199.678,216.794,323.597,0.2685,0.0618,0.2964,0.9500,0.00,0.00,0.00,0.00
884.00,180.000,180.000,170.000,175.000,173.892,172.844,164.157,100.070,174.705,173.793,165.060,101.994,224.909,199.564,216.735,323.676,0.3031,0.0884,0.2524,0.9500,0.00,0.00,0.00,0.00
885.00,180.000,180.000,170.000,175.000,173.932,172.891,164.201,100.165,174.734,173.834,165.102,102.086,224.843,199.408,216.622,323.754,0.3358,0.0568,0.2819,0.9500,0.00,0.00,0.00,0.00
886.00,180.000,180.000,170.000,175.000,173.971,172.938,164.246,100.260,174.763,173.874,165.143,102.178,224.773,199.289,216.547,323.833,0.2964,0.0832,0.3101,0.9500,0.00,0.00,0.00,0.00
887.00,180.000,180.000,170.000,175.000,174.010,172.984,164.290,100.355,174.792,173.915,165.184,102.270,224.699,199.167,216.417,323.911,0.3289,0.0509,0.2671,0.9500,0.00,0.00,0.00,0.00
888.00,180.000,180.000,170.000,175.000,174.049,173.030,164.334,100.449,174.820,173.955,165.226,102.362,224.667,199.043,216.324,323.990,0.3597,0.0772,0.2954,0.9500,0.00,0.00,0.00,0.00
889.00,180.000,180.000,170.000,175.000,174.087,173.075,164.378,100.544,174.849,173.995,165.266,102.454,224.583,198.916,216.222,324.068,0.3192,0.0448,0.2518,0.9500,0.00,0.00,0.00,0.00
890.00,180.000,180.000,170.000,175.000,174.124,173.121,164.422,100.638,174.877,174.034,165.307,102.545,224.540,198.786,216.113,324.146,0.3499,0.0710,0.2803,0.9500,0.00,0.00,0.00,0.00
891.00,180.000,180.000,170.000,175.000,174.161,173.166,164.466,100.732,174.905,174.073,165.347,102.637,224.490,198.653,215.995,324.224,0.3078,0.0378,0.2362,0.9500,0.00,0.00,0.00,0.00
892.00,180.000,180.000,170.000,175.000,174.198,173.210,164.509,100.826,174.933,174.112,165.387,102.728,224.433,198.517,215.868,324.303,0.3385,0.0641,0.2649,0.9500,0.00,0.00,0.00,0.00
893.00,180.000,180.000,170.000,175.000,174.234,173.255,164.552,100.920,174.961,174.151,165.427,102.819,224.415,198.415,215.778,324.381,0.3676,0.0302,0.2203,0.9500,0.00,0.00,0.00,0.00
894.00,180.000,180.000,170.000,175.000,174.270,173.299,164.596,101.014,174.989,174.189,165.466,102.910,224.389,198.273,215.633,324.459,0.3248,0.0564,0.2492,0.9500,0.00,0.00,0.00,0.00
895.00,180.000,180.000,170.000,175.000,174.306,173.343,164.638,101.107,175.017,174.228,165.505,103.001,224.354,198.164,215.526,324.537,0.3540,0.0813,0.2768,0.9500,0.00,0.00,0.00,0.00
896.00,180.000,180.000,170.000,175.000,174.341,173.387,164.681,101.201,175.044,174.265,165.544,103.091,224.356,198.013,215.408,324.615,0.3817,0.0481,0.2325,0.9500,0.00,0.00,0.00,0.00
897.00,180.000,180.000,170.000,175.000,174.375,173.430,164.724,101.294,175.072,174.303,165.583,103.182,224.346,197.896,215.282,324.692,0.3376,0.0730,0.2603,0.9500,0.00,0.00,0.00,0.00
898.00,180.000,180.000,170.000,175.000,174.410,173.473,164.766,101.387,175.099,174.340,165.621,103.273,224.329,197.773,215.146,324.770,0.3656,0.0392,0.2156,0.9500,0.00,0.00,0.00,0.00
899.00,180.000,180.000,170.000,175.000,174.444,173.516,164.808,101.480,175.127,174.377,165.659,103.363,224.346,197.647,215.001,324.848,0.3921,0.0642,0.2436,0.9500,0.00,0.00,0.00,0.00
900.00,180.000,180.000,170.000,175.000,174.477,173.558,164.850,101.573,175.154,174.414,165.697,103.453,224.306,197.553,214.892,324.926,0.3477,0.0291,0.1984,0.9500,0.00,0.00,0.00,0.00
901.00,180.000,180.000,170.000,175.000,174.511,173.600,164.892,101.666,175.181,174.450,165.735,103.543,224.302,197.417,214.728,325.003,0.3747,0.0542,0.2267,0.9500,0.00,0.00,0.00,0.00
902.00,180.000,180.000,170.000,175.000,174.544,173.642,164.934,101.759,175.209,174.487,165.772,103.633,224.330,197.313,214.599,325.081,0.4001,0.0780,0.2537,0.9500,0.00,0.00,0.00,0.00
903.00,180.000,180.000,170.000,175.000,174.576,173.684,164.975,101.851,175.236,174.523,165.809,103.723,224.299,197.165,214.460,325.159,0.3548,0.0438,0.2089,0.9500,0.00,0.00,0.00,0.00
904.00,180.000,180.000,170.000,175.000,174.609,173.725,165.016,101.944,175.263,174.558,165.845,103.813,224.303,197.051,214.312,325.236,0.3808,0.0678,0.2362,0.9500,0.00,0.00,0.00,0.00
905.00,180.000,180.000,170.000,175.000,174.641,173.766,165.057,102.036,175.290,174.594,165.881,103.902,224.340,196.931,214.200,325.313,0.4054,0.0324,0.1903,0.9500,0.00,0.00,0.00,0.00
906.00,180.000,180.000,170.000,175.000,174.673,173.807,165.098,102.128,175.317,174.629,165.917,103.992,224.361,196.804,214.031,325.391,0.3584,0.0565,0.2179,0.9500,0.00,0.00,0.00,0.00
907.00,180.000,180.000,170.000,175.000,174.705,173.848,165.138,102.220,175.344,174.664,165.953,104.081,224.371,196.708,213.899,325.468,0.3838,0.0794,0.2443,0.9500,0.00,0.00,0.00,0.00
908.00,180.000,180.000,170.000,175.000,174.736,173.888,165.178,102.312,175.372,174.698,165.988,104.170,224.412,196.569,213.755,325.545,0.4077,0.0444,0.1988,0.9500,0.00,0.00,0.00,0.00
909.00,180.000,180.000,170.000,175.000,174.768,173.928,165.218,102.404,175.399,174.733,166.023,104.259,224.436,196.460,213.600,325.623,0.3601,0.0675,0.2255,0.9500,0.00,0.00,0.00,0.00
910.00,180.000,180.000,170.000,175.000,174.799,173.967,165.258,102.495,175.426,174.767,166.058,104.348,224.447,196.344,213.481,325.700,0.3848,0.0313,0.1790,0.9500,0.00,0.00,0.00,0.00
911.00,180.000,180.000,170.000,175.000,174.830,174.007,165.297,102.587,175.453,174.801,166.092,104.437,224.488,196.220,213.304,325.777,0.4082,0.0547,0.2060,0.9500,0.00,0.00,0.00,0.00
912.00,180.000,180.000,170.000,175.000,174.860,174.046,165.337,102.678,175.480,174.834,166.126,104.526,224.512,196.128,213.163,325.854,0.3592,0.0769,0.2318,0.9500,0.00,0.00,0.00,0.00
913.00,180.000,180.000,170.000,175.000,174.891,174.085,165.375,102.769,175.508,174.867,166.160,104.614,224.522,195.989,213.010,325.931,0.3834,0.0412,0.1859,0.9500,0.00,0.00,0.00,0.00
914.00,180.000,180.000,170.000,175.000,174.921,174.123,165.414,102.860,175.535,174.900,166.193,104.703,224.562,195.881,212.846,326.008,0.4064,0.0637,0.2121,0.9500,0.00,0.00,0.00,0.00
915.00,180.000,180.000,170.000,175.000,174.952,174.162,165.453,102.951,175.562,174.933,166.226,104.791,224.629,195.765,212.716,326.084,0.3561,0.0270,0.1651,0.9500,0.00,0.00,0.00,0.00
916.00,180.000,180.000,170.000,175.000,174.982,174.200,165.491,103.042,175.589,174.966,166.259,104.879,224.635,195.642,212.528,326.161,0.3800,0.0498,0.1917,0.9500,0.00,0.00,0.00,0.00
917.00,180.000,180.000,170.000,175.000,175.012,174.238,165.529,103.133,175.617,174.998,166.291,104.967,224.670,195.548,212.376,326.238,0.4027,0.0714,0.2171,0.9500,0.00,0.00,0.00,0.00
918.00,180.000,180.000,170.000,175.000,175.042,174.275,165.566,103.223,175.644,175.030,166.324,105.055,224.734,195.446,212.211,326.315,0.4241,0.0346,0.1700,0.9500,0.00,0.00,0.00,0.00
919.00,180.000,180.000,170.000,175.000,175.071,174.312,165.604,103.314,175.672,175.062,166.355,105.143,224.778,195.335,212.034,326.391,0.3741,0.0566,0.1959,0.9500,0.00,0.00,0.00,0.00
920.00,180.000,180.000,170.000,175.000,175.101,174.349,165.641,103.404,175.699,175.094,166.387,105.231,224.805,195.252,211.891,326.468,0.3966,0.0775,0.2205,0.9500,0.00,0.00,0.00,0.00
921.00,180.000,180.000,170.000,175.000,175.131,174.386,165.677,103.494,175.727,175.125,166.418,105.318,224.860,195.123,211.734,326.544,0.4178,0.0406,0.1734,0.9500,0.00,0.00,0.00,0.00
922.00,180.000,180.000,170.000,175.000,175.160,174.422,165.714,103.584,175.754,175.156,166.448,105.406,224.895,195.022,211.566,326.621,0.3668,0.0619,0.1985,0.9500,0.00,0.00,0.00,0.00
923.00,180.000,180.000,170.000,175.000,175.189,174.459,165.750,103.674,175.782,175.187,166.479,105.493,224.914,194.949,211.429,326.697,0.3892,0.0234,0.1505,0.9500,0.00,0.00,0.00,0.00
924.00,180.000,180.000,170.000,175.000,175.219,174.494,165.786,103.764,175.810,175.218,166.509,105.581,224.959,194.828,211.235,326.773,0.4104,0.0453,0.1762,0.9500,0.00,0.00,0.00,0.00
925.00,180.000,180.000,170.000,175.000,175.248,174.530,165.822,103.854,175.837,175.248,166.538,105.668,225.031,194.736,211.074,326.849,0.4304,0.0660,0.2006,0.9500,0.00,0.00,0.00,0.00
926.00,180.000,180.000,170.000,175.000,175.277,174.566,165.857,103.943,175.865,175.279,166.568,105.755,225.037,194.634,210.944,326.926,0.3799,0.0275,0.1519,0.9500,0.00,0.00,0.00,0.00
927.00,180.000,180.000,170.000,175.000,175.306,174.601,165.892,104.033,175.893,175.309,166.597,105.842,225.071,194.522,210.755,327.002,0.4011,0.0487,0.1769,0.9500,0.00,0.00,0.00,0.00
928.00,180.000,180.000,170.000,175.000,175.335,174.636,165.927,104.122,175.921,175.339,166.626,105.929,225.131,194.436,210.599,327.078,0.4212,0.0689,0.2008,0.9500,0.00,0.00,0.00,0.00
929.00,180.000,180.000,170.000,175.000,175.364,174.670,165.961,104.211,175.949,175.368,166.654,106.015,225.169,194.340,210.427,327.154,0.3690,0.0306,0.1522,0.9500,0.00,0.00,0.00,0.00
930.00,180.000,180.000,170.000,175.000,175.393,174.705,165.995,104.300,175.977,175.398,166.682,106.102,225.188,194.235,210.243,327.230,0.3903,0.0512,0.1767,0.9500,0.00,0.00,0.00,0.00
931.00,180.000,180.000,170.000,175.000,175.421,174.739,166.029,104.389,176.005,175.427,166.710,106.188,225.235,194.154,210.091,327.305,0.4104,0.0708,0.2000,0.9500,0.00,0.00,0.00,0.00
932.00,180.000,180.000,170.000,175.000,175.450,174.773,166.063,104.478,176.033,175.456,166.737,106.275,225.307,194.063,209.924,327.381,0.3575,0.0320,0.1509,0.9500,0.00,0.00,0.00,0.00
933.00,180.000,180.000,170.000,175.000,175.479,174.806,166.096,104.567,176.061,175.485,166.764,106.361,225.312,193.962,209.742,327.457,0.3789,0.0522,0.1749,0.9500,0.00,0.00,0.00,0.00
934.00,180.000,180.000,170.000,175.000,175.508,174.840,166.129,104.655,176.089,175.513,166.791,106.447,225.344,193.887,209.592,327.533,0.3992,0.0713,0.1977,0.9500,0.00,0.00,0.00,0.00
935.00,180.000,180.000,170.000,175.000,175.536,174.873,166.161,104.744,176.117,175.542,166.817,106.533,225.401,193.800,209.424,327.608,0.4184,0.0321,0.1482,0.9500,0.00,0.00,0.00,0.00
936.00,180.000,180.000,170.000,175.000,175.565,174.906,166.194,104.832,176.146,175.570,166.843,106.619,225.436,193.702,209.244,327.684,0.3662,0.0519,0.1717,0.9500,0.00,0.00,0.00,0.00
937.00,180.000,180.000,170.000,175.000,175.594,174.939,166.226,104.920,176.174,175.598,166.868,106.705,225.453,193.629,209.093,327.759,0.3867,0.0707,0.1941,0.9500,0.00,0.00,0.00,0.00
938.00,180.000,180.000,170.000,175.000,175.622,174.971,166.257,105.008,176.202,175.626,166.894,106.791,225.494,193.542,208.971,327.835,0.4060,0.0311,0.1435,0.9500,0.00,0.00,0.00,0.00
939.00,180.000,180.000,170.000,175.000,175.651,175.003,166.289,105.096,176.231,175.653,166.919,106.877,225.559,193.444,208.788,327.910,0.3524,0.0506,0.1667,0.9500,0.00,0.00,0.00,0.00
940.00,180.000,180.000,170.000,175.000,175.680,175.035,166.320,105.184,176.259,175.680,166.944,106.962,225.558,193.371,208.634,327.985,0.3731,0.0690,0.1887,0.9500,0.00,0.00,0.00,0.00
941.00,180.000,180.000,170.000,175.000,175.708,175.067,166.350,105.272,176.288,175.708,166.968,107.048,225.582,193.285,208.509,328.060,0.3927,0.0291,0.1378,0.9500,0.00,0.00,0.00,0.00
942.00,180.000,180.000,170.000,175.000,175.737,175.099,166.381,105.360,176.316,175.735,166.992,107.133,225.630,193.186,208.322,328.136,0.4112,0.0483,0.1607,0.9500,0.00,0.00,0.00,0.00
943.00,180.000,180.000,170.000,175.000,175.766,175.130,166.411,105.447,176.345,175.762,167.016,107.218,225.656,193.114,208.165,328.211,0.3585,0.0664,0.1825,0.9500,0.00,0.00,0.00,0.00
944.00,180.000,180.000,170.000,175.000,175.794,175.161,166.441,105.535,176.373,175.788,167.039,107.303,225.663,193.026,208.037,328.286,0.3784,0.0256,0.2032,0.9500,0.00,0.00,0.00,0.00
945.00,180.000,180.000,170.000,175.000,175.823,175.192,166.470,105.622,176.402,175.815,167.063,107.389,225.694,192.925,207.890,328.361,0.3972,0.0446,0.1525,0.9500,0.00,0.00,0.00,0.00
946.00,180.000,180.000,170.000,175.000,175.851,175.223,166.499,105.709,176.431,175.841,167.086,107.474,225.747,192.850,207.726,328.435,0.3430,0.0625,0.1741,0.9500,0.00,0.00,0.00,0.00
947.00,180.000,180.000,170.000,175.000,175.880,175.253,166.528,105.796,176.459,175.867,167.108,107.558,225.735,192.797,207.591,328.510,0.3632,0.0208,0.1947,0.9500,0.00,0.00,0.00,0.00
948.00,180.000,180.000,170.000,175.000,175.909,175.284,166.557,105.883,176.488,175.893,167.130,107.643,225.747,192.693,207.482,328.585,0.3823,0.0396,0.1423,0.9500,0.00,0.00,0.00,0.00
949.00,180.000,180.000,170.000,175.000,175.937,175.314,166.585,105.970,176.517,175.918,167.153,107.728,225.782,192.613,207.309,328.660,0.4004,0.0574,0.1639,0.9500,0.00,0.00,0.00,0.00
950.00,180.000,180.000,170.000,175.000,175.966,175.343,166.613,106.057,176.545,175.944,167.174,107.812,225.795,192.556,207.164,328.734,0.3472,0.0743,0.1844,0.9500,0.00,0.00,0.00,0.00
951.00,180.000,180.000,170.000,175.000,175.994,175.373,166.641,106.144,176.574,175.969,167.196,107.897,225.788,192.447,207.047,328.809,0.3667,0.0336,0.2039,0.9500,0.00,0.00,0.00,0.00
952.00,180.000,180.000,170.000,175.000,176.023,175.402,166.668,106.230,176.603,175.994,167.217,107.981,225.805,192.362,206.908,328.883,0.3851,0.0514,0.1520,0.9500,0.00,0.00,0.00,0.00
953.00,180.000,180.000,170.000,175.000,176.052,175.432,166.695,106.317,176.632,176.019,167.238,108.066,225.844,192.300,206.752,328.958,0.3306,0.0682,0.1725,0.9500,0.00,0.00,0.00,0.00
954.00,180.000,180.000,170.000,175.000,176.080,175.461,166.722,106.403,176.660,176.044,167.259,108.150,225.816,192.222,206.623,329.032,0.3504,0.0261,0.1921,0.9500,0.00,0.00,0.00,0.00
955.00,180.000,180.000,170.000,175.000,176.109,175.489,166.748,106.489,176.689,176.069,167.279,108.234,225.813,192.130,206.518,329.106,0.3692,0.0438,0.2107,0.9500,0.00,0.00,0.00,0.00
956.00,180.000,180.000,170.000,175.000,176.138,175.518,166.774,106.575,176.718,176.093,167.299,108.318,225.833,192.062,206.346,329.181,0.3870,0.0606,0.1586,0.9500,0.00,0.00,0.00,0.00
957.00,180.000,180.000,170.000,175.000,176.166,175.546,166.800,106.661,176.747,176.117,167.319,108.402,225.831,192.014,206.204,329.255,0.3335,0.0765,0.1782,0.9500,0.00,0.00,0.00,0.00
958.00,180.000,180.000,170.000,175.000,176.195,175.574,166.826,106.747,176.775,176.142,167.339,108.486,225.808,191.913,206.085,329.329,0.3527,0.0349,0.1970,0.9500,0.00,0.00,0.00,0.00
959.00,180.000,180.000,170.000,175.000,176.224,175.602,166.851,106.833,176.804,176.165,167.358,108.569,225.809,191.834,205.990,329.403,0.3708,0.0518,0.1428,0.9500,0.00,0.00,0.00,0.00
960.00,180.000,180.000,170.000,175.000,176.252,175.630,166.876,106.919,176.833,176.189,167.377,108.653,225.833,191.778,205.831,329.477,0.3160,0.0678,0.1626,0.9500,0.00,0.00,0.00,0.00
961.00,180.000,180.000,170.000,175.000,176.281,175.658,166.901,107.004,176.861,176.213,167.396,108.736,225.789,191.705,205.696,329.551,0.3356,0.0249,0.1815,0.9500,0.00,0.00,0.00,0.00
962.00,180.000,180.000,170.000,175.000,176.310,175.685,166.925,107.090,176.890,176.236,167.415,108.820,225.770,191.616,205.586,329.625,0.3541,0.0420,0.1995,0.9500,0.00,0.00,0.00,0.00
963.00,180.000,180.000,170.000,175.000,176.338,175.712,166.949,107.175,176.918,176.260,167.433,108.903,225.774,191.550,205.498,329.698,0.3716,0.0581,0.2166,0.9500,0.00,0.00,0.00,0.00
964.00,180.000,180.000,170.000,175.000,176.367,175.739,166.973,107.261,176.947,176.283,167.451,108.987,225.754,191.504,205.343,329.772,0.3179,0.0733,0.1631,0.9500,0.00,0.00,0.00,0.00
965.00,180.000,180.000,170.000,175.000,176.395,175.766,166.997,107.346,176.975,176.306,167.469,109.070,225.713,191.440,205.212,329.846,0.3368,0.0304,0.1814,0.9500,0.00,0.00,0.00,0.00
966.00,180.000,180.000,170.000,175.000,176.424,175.793,167.020,107.431,177.004,176.328,167.487,109.153,225.696,191.361,205.105,329.919,0.3547,0.0468,0.1989,0.9500,0.00,0.00,0.00,0.00
967.00,180.000,180.000,170.000,175.000,176.453,175.819,167.043,107.516,177.032,176.351,167.504,109.236,225.701,191.302,205.022,329.993,0.2997,0.0622,0.2155,0.9500,0.00,0.00,0.00,0.00
968.00,180.000,180.000,170.000,175.000,176.481,175.845,167.066,107.601,177.060,176.374,167.522,109.319,225.640,191.264,204.914,330.066,0.3190,0.0769,0.1608,0.9500,0.00,0.00,0.00,0.00
969.00,180.000,180.000,170.000,175.000,176.510,175.871,167.088,107.686,177.088,176.396,167.539,109.402,225.603,191.171,204.785,330.140,0.3374,0.0341,0.1786,0.9500,0.00,0.00,0.00,0.00
970.00,180.000,180.000,170.000,175.000,176.538,175.897,167.110,107.770,177.117,176.418,167.555,109.484,225.588,191.099,204.679,330.213,0.3547,0.0498,0.1956,0.9500,0.00,0.00,0.00,0.00
971.00,180.000,180.000,170.000,175.000,176.567,175.923,167.132,107.855,177.145,176.440,167.572,109.567,225.549,191.047,204.594,330.286,0.3008,0.0647,0.2118,0.9500,0.00,0.00,0.00,0.00
972.00,180.000,180.000,170.000,175.000,176.596,175.948,167.154,107.939,177.173,176.462,167.589,109.649,225.490,191.013,204.530,330.359,0.3195,0.0788,0.1553,0.9500,0.00,0.00,0.00,0.00
973.00,180.000,180.000,170.000,175.000,176.624,175.974,167.175,108.024,177.201,176.484,167.605,109.732,225.455,190.923,204.396,330.432,0.3373,0.0355,0.1728,0.9500,0.00,0.00,0.00,0.00
974.00,180.000,180.000,170.000,175.000,176.653,175.999,167.196,108.108,177.228,176.506,167.621,109.814,225.443,190.854,204.286,330.505,0.2820,0.0508,0.1895,0.9500,0.00,0.00,0.00,0.00
975.00,180.000,180.000,170.000,175.000,176.681,176.024,167.217,108.192,177.256,176.527,167.637,109.897,225.362,190.806,204.197,330.578,0.3012,0.0653,0.2055,0.9500,0.00,0.00,0.00,0.00
976.00,180.000,180.000,170.000,175.000,176.709,176.049,167.238,108.277,177.284,176.549,167.653,109.979,225.307,190.775,204.129,330.651,0.3194,0.0790,0.2207,0.9500,0.00,0.00,0.00,0.00
977.00,180.000,180.000,170.000,175.000,176.738,176.073,167.258,108.361,177.311,176.570,167.668,110.061,225.274,190.687,204.035,330.724,0.3365,0.0353,0.1639,0.9500,0.00,0.00,0.00,0.00
978.00,180.000,180.000,170.000,175.000,176.766,176.098,167.279,108.445,177.339,176.591,167.683,110.143,225.217,190.620,203.916,330.797,0.2825,0.0501,0.1805,0.9500,0.00,0.00,0.00,0.00
979.00,180.000,180.000,170.000,175.000,176.794,176.122,167.298,108.528,177.366,176.612,167.699,110.225,225.139,190.573,203.818,330.870,0.3010,0.0642,0.1963,0.9500,0.00,0.00,0.00,0.00
980.00,180.000,180.000,170.000,175.000,176.823,176.146,167.318,108.612,177.393,176.633,167.714,110.307,225.084,190.543,203.740,330.942,0.3186,0.0776,0.2113,0.9500,0.00,0.00,0.00,0.00
981.00,180.000,180.000,170.000,175.000,176.851,176.170,167.338,108.696,177.420,176.654,167.728,110.389,225.052,190.458,203.683,331.015,0.2632,0.0336,0.2257,0.9500,0.00,0.00,0.00,0.00
982.00,180.000,180.000,170.000,175.000,176.879,176.194,167.357,108.779,177.447,176.674,167.743,110.470,224.951,190.391,203.598,331.087,0.2823,0.0482,0.1681,0.9500,0.00,0.00,0.00,0.00
983.00,180.000,180.000,170.000,175.000,176.907,176.218,167.376,108.863,177.474,176.694,167.758,110.552,224.877,190.343,203.488,331.160,0.3003,0.0620,0.1839,0.9500,0.00,0.00,0.00,0.00
984.00,180.000,180.000,170.000,175.000,176.935,176.241,167.395,108.946,177.501,176.715,167.772,110.634,224.824,190.313,203.398,331.232,0.3173,0.0750,0.1990,0.9500,0.00,0.00,0.00,0.00
985.00,180.000,180.000,170.000,175.000,176.963,176.265,167.413,109.030,177.527,176.735,167.786,110.715,224.747,190.262,203.328,331.305,0.2622,0.0301,0.2134,0.9500,0.00,0.00,0.00,0.00
986.00,180.000,180.000,170.000,175.000,176.991,176.288,167.432,109.113,177.554,176.755,167.800,110.796,224.649,190.194,203.276,331.377,0.2807,0.0445,0.2271,0.9500,0.00,0.00,0.00,0.00
987.00,180.000,180.000,170.000,175.000,177.018,176.311,167.450,109.196,177.580,176.775,167.814,110.878,224.575,190.143,203.242,331.449,0.2982,0.0581,0.2401,0.9500,0.00,0.00,0.00,0.00
988.00,180.000,180.000,170.000,175.000,177.046,176.334,167.468,109.279,177.606,176.795,167.828,110.959,224.523,190.110,203.135,331.521,0.3147,0.0710,0.1828,0.9500,0.00,0.00,0.00,0.00
989.00,180.000,180.000,170.000,175.000,177.074,176.356,167.485,109.362,177.632,176.815,167.842,111.040,224.402,190.055,203.047,331.593,0.2609,0.0251,0.1974,0.9500,0.00,0.00,0.00,0.00
990.00,180.000,180.000,170.000,175.000,177.101,176.379,167.503,109.445,177.658,176.834,167.855,111.121,224.306,189.982,202.978,331.665,0.2788,0.0394,0.2113,0.9500,0.00,0.00,0.00,0.00
991.00,180.000,180.000,170.000,175.000,177.129,176.402,167.520,109.527,177.684,176.854,167.869,111.202,224.232,189.927,202.926,331.737,0.2958,0.0529,0.2245,0.9500,0.00,0.00,0.00,0.00
992.00,180.000,180.000,170.000,175.000,177.156,176.424,167.538,109.610,177.709,176.873,167.882,111.283,224.180,189.889,202.892,331.809,0.2398,0.0656,0.2371,0.9500,0.00,0.00,0.00,0.00
993.00,180.000,180.000,170.000,175.000,177.183,176.446,167.554,109.693,177.734,176.892,167.895,111.364,224.060,189.869,202.827,331.881,0.2584,0.0777,0.1779,0.9500,0.00,0.00,0.00,0.00
994.00,180.000,180.000,170.000,175.000,177.211,176.468,167.571,109.775,177.759,176.911,167.908,111.444,223.964,189.789,202.736,331.952,0.2758,0.0325,0.1922,0.9500,0.00,0.00,0.00,0.00
995.00,180.000,180.000,170.000,175.000,177.238,176.490,167.588,109.858,177.784,176.930,167.921,111.525,223.890,189.728,202.663,332.024,0.2923,0.0459,0.2058,0.9500,0.00,0.00,0.00,0.00
996.00,180.000,180.000,170.000,175.000,177.265,176.512,167.604,109.940,177.809,176.949,167.934,111.605,223.793,189.684,202.607,332.096,0.2376,0.0587,0.2188,0.9500,0.00,0.00,0.00,0.00
997.00,180.000,180.000,170.000,175.000,177.292,176.533,167.620,110.022,177.834,176.968,167.947,111.686,223.673,189.656,202.569,332.167,0.2556,0.0708,0.2311,0.9500,0.00,0.00,0.00,0.00
998.00,180.000,180.000,170.000,175.000,177.318,176.555,167.637,110.104,177.858,176.987,167.959,111.766,223.576,189.643,202.547,332.238,0.2726,0.0234,0.2429,0.9500,0.00,0.00,0.00,0.00
999.00,180.000,180.000,170.000,175.000,177.345,176.576,167.652,110.186,177.882,177.005,167.972,111.847,223.501,189.572,202.539,332.310,0.2887,0.0370,0.1822,0.9500,0.00,0.00,0.00,0.00
1000.00,180.000,180.000,170.000,175.000,177.371,176.597,167.668,110.268,177.906,177.024,167.984,111.927,223.357,189.517,202.456,332.381,0.2343,0.0498,0.1957,0.9500,0.00,0.00,0.00,0.00
1001.00,180.000,180.000,170.000,175.000,177.398,176.618,167.684,110.350,177.930,177.042,167.997,112.007,223.237,189.481,202.390,332.452,0.2519,0.0619,0.2086,0.9500,0.00,0.00,0.00,0.00
1002.00,180.000,180.000,170.000,175.000,177.424,176.639,167.699,110.432,177.954,177.060,168.009,112.087,223.141,189.460,202.340,332.524,0.2684,0.0734,0.2209,0.9500,0.00,0.00,0.00,0.00
1003.00,180.000,180.000,170.000,175.000,177.450,176.660,167.714,110.514,177.977,177.079,168.021,112.167,223.065,189.414,202.307,332.595,0.2120,0.0263,0.2327,0.9500,0.00,0.00,0.00,0.00
1004.00,180.000,180.000,170.000,175.000,177.476,176.680,167.730,110.595,178.001,177.097,168.033,112.247,222.921,189.349,202.288,332.666,0.2302,0.0393,0.2438,0.9500,0.00,0.00,0.00,0.00
1005.00,180.000,180.000,170.000,175.000,177.502,176.701,167.745,110.677,178.024,177.114,168.045,112.327,222.800,189.299,202.283,332.737,0.2473,0.0516,0.2545,0.9500,0.00,0.00,0.00,0.00
1006.00,180.000,180.000,170.000,175.000,177.528,176.721,167.759,110.758,178.046,177.132,168.058,112.406,222.700,189.265,202.246,332.808,0.2634,0.0632,0.1941,0.9500,0.00,0.00,0.00,0.00
1007.00,180.000,180.000,170.000,175.000,177.553,176.742,167.774,110.840,178.069,177.150,168.070,112.486,222.622,189.246,202.179,332.878,0.2066,0.0743,0.2065,0.9500,0.00,0.00,0.00,0.00
1008.00,180.000,180.000,170.000,175.000,177.579,176.762,167.789,110.921,178.091,177.168,168.081,112.565,222.474,189.205,202.128,332.949,0.2244,0.0274,0.2184,0.9500,0.00,0.00,0.00,0.00
1009.00,180.000,180.000,170.000,175.000,177.604,176.782,167.803,111.002,178.114,177.185,168.093,112.645,222.350,189.143,202.092,333.020,0.2412,0.0399,0.2297,0.9500,0.00,0.00,0.00,0.00
1010.00,180.000,180.000,170.000,175.000,177.629,176.802,167.817,111.083,178.136,177.203,168.105,112.724,222.247,189.098,202.072,333.091,0.2570,0.0518,0.2405,0.9500,0.00,0.00,0.00,0.00
1011.00,180.000,180.000,170.000,175.000,177.654,176.821,167.832,111.164,178.158,177.220,168.117,112.804,222.165,189.067,202.064,333.161,0.1999,0.0630,0.2508,0.9500,0.00,0.00,0.00,0.00
1012.00,180.000,180.000,170.000,175.000,177.679,176.841,167.846,111.245,178.179,177.237,168.128,112.883,222.012,189.050,202.070,333.232,0.2174,0.0737,0.2606,0.9500,0.00,0.00,0.00,0.00
1013.00,180.000,180.000,170.000,175.000,177.704,176.861,167.860,111.326,178.200,177.255,168.140,112.962,221.883,189.011,202.043,333.302,0.2339,0.0264,0.1994,0.9500,0.00,0.00,0.00,0.00
1014.00,180.000,180.000,170.000,175.000,177.728,176.880,167.873,111.407,178.222,177.272,168.152,113.041,221.774,188.950,201.986,333.373,0.2494,0.0386,0.2111,0.9500,0.00,0.00,0.00,0.00
1015.00,180.000,180.000,170.000,175.000,177.752,176.899,167.887,111.487,178.243,177.289,168.163,113.120,221.686,188.905,201.943,333.443,0.1921,0.0502,0.2222,0.9500,0.00,0.00,0.00,0.00
1016.00,180.000,180.000,170.000,175.000,177.777,176.919,167.901,111.568,178.263,177.305,168.175,113.199,221.528,188.875,201.914,333.513,0.2093,0.0611,0.2328,0.9500,0.00,0.00,0.00,0.00
1017.00,180.000,180.000,170.000,175.000,177.801,176.938,167.914,111.649,178.284,177.322,168.186,113.278,221.393,188.858,201.900,333.583,0.2256,0.0714,0.2429,0.9500,0.00,0.00,0.00,0.00
1018.00,180.000,180.000,170.000,175.000,177.824,176.957,167.928,111.729,178.304,177.339,168.198,113.356,221.278,188.816,201.898,333.654,0.2409,0.0232,0.2526,0.9500,0.00,0.00,0.00,0.00
1019.00,180.000,180.000,170.000,175.000,177.848,176.975,167.941,111.809,178.324,177.356,168.209,113.435,221.185,188.752,201.907,333.724,0.2554,0.0352,0.2618,0.9500,0.00,0.00,0.00,0.00
1020.00,180.000,180.000,170.000,175.000,177.872,176.994,167.954,111.890,178.344,177.372,168.220,113.514,221.020,188.704,201.883,333.794,0.1996,0.0465,0.1993,0.9500,0.00,0.00,0.00,0.00
1021.00,180.000,180.000,170.000,175.000,177.895,177.013,167.967,111.970,178.364,177.388,168.232,113.592,220.877,188.671,201.828,333.863,0.2157,0.0573,0.2104,0.9500,0.00,0.00,0.00,0.00
1022.00,180.000,180.000,170.000,175.000,177.918,177.031,167.980,112.050,178.383,177.405,168.243,113.670,220.755,188.651,201.785,333.933,0.2309,0.0674,0.2211,0.9500,0.00,0.00,0.00,0.00
1023.00,180.000,180.000,170.000,175.000,177.941,177.050,167.993,112.130,178.402,177.421,168.254,113.749,220.652,188.643,201.757,334.003,0.2452,0.0770,0.2312,0.9500,0.00,0.00,0.00,0.00
1024.00,180.000,180.000,170.000,175.000,177.964,177.068,168.006,112.210,178.421,177.437,168.265,113.827,220.523,188.574,201.742,334.073,0.1885,0.0295,0.2409,0.9500,0.00,0.00,0.00,0.00
1025.00,180.000,180.000,170.000,175.000,177.986,177.086,168.019,112.290,178.440,177.453,168.277,113.905,220.372,188.520,201.740,334.143,0.2045,0.0407,0.2501,0.9500,0.00,0.00,0.00,0.00
1026.00,180.000,180.000,170.000,175.000,178.009,177.104,168.032,112.369,178.458,177.469,168.288,113.983,220.241,188.481,201.747,334.212,0.2197,0.0514,0.2589,0.9500,0.00,0.00,0.00,0.00
1027.00,180.000,180.000,170.000,175.000,178.031,177.122,168.044,112.449,178.477,177.485,168.299,114.061,220.129,188.456,201.767,334.282,0.2339,0.0614,0.2673,0.9500,0.00,0.00,0.00,0.00
1028.00,180.000,180.000,170.000,175.000,178.053,177.140,168.057,112.529,178.495,177.501,168.310,114.139,220.036,188.443,201.752,334.351,0.1754,0.0710,0.2047,0.9500,0.00,0.00,0.00,0.00
1029.00,180.000,180.000,170.000,175.000,178.074,177.158,168.069,112.608,178.512,177.516,168.321,114.217,219.871,188.405,201.704,334.421,0.1915,0.0220,0.2151,0.9500,0.00,0.00,0.00,0.00
1030.00,180.000,180.000,170.000,175.000,178.096,177.176,168.082,112.688,178.530,177.532,168.332,114.295,219.728,188.345,201.670,334.490,0.2067,0.0332,0.2250,0.9500,0.00,0.00,0.00,0.00
1031.00,180.000,180.000,170.000,175.000,178.117,177.193,168.094,112.767,178.547,177.547,168.343,114.372,219.605,188.298,201.648,334.559,0.2210,0.0439,0.2345,0.9500,0.00,0.00,0.00,0.00
1032.00,180.000,180.000,170.000,175.000,178.139,177.211,168.106,112.846,178.564,177.563,168.354,114.450,219.500,188.266,201.638,334.628,0.2345,0.0540,0.2435,0.9500,0.00,0.00,0.00,0.00
1033.00,180.000,180.000,170.000,175.000,178.160,177.228,168.119,112.925,178.581,177.578,168.365,114.527,219.367,188.246,201.640,334.698,0.1761,0.0635,0.2521,0.9500,0.00,0.00,0.00,0.00
1034.00,180.000,180.000,170.000,175.000,178.180,177.245,168.131,113.004,178.598,177.593,168.376,114.605,219.208,188.238,201.651,334.767,0.1914,0.0726,0.2603,0.9500,0.00,0.00,0.00,0.00
1035.00,180.000,180.000,170.000,175.000,178.201,177.262,168.143,113.083,178.615,177.609,168.387,114.682,219.071,188.205,201.673,334.836,0.2059,0.0238,0.2681,0.9500,0.00,0.00,0.00,0.00
1036.00,180.000,180.000,170.000,175.000,178.221,177.280,168.155,113.162,178.631,177.624,168.398,114.759,218.952,188.147,201.659,334.905,0.2195,0.0345,0.2043,0.9500,0.00,0.00,0.00,0.00
1037.00,180.000,180.000,170.000,175.000,178.241,177.297,168.167,113.241,178.647,177.639,168.409,114.836,218.850,188.104,201.612,334.973,0.2324,0.0447,0.2142,0.9500,0.00,0.00,0.00,0.00
1038.00,180.000,180.000,170.000,175.000,178.261,177.313,168.179,113.320,178.663,177.654,168.420,114.913,218.719,188.074,201.578,335.042,0.1743,0.0543,0.2236,0.9500,0.00,0.00,0.00,0.00
1039.00,180.000,180.000,170.000,175.000,178.281,177.330,168.191,113.399,178.678,177.669,168.431,114.990,218.564,188.056,201.556,335.111,0.1890,0.0635,0.2326,0.9500,0.00,0.00,0.00,0.00
1040.00,180.000,180.000,170.000,175.000,178.301,177.347,168.203,113.477,178.693,177.683,168.442,115.067,218.428,188.050,201.545,335.180,0.2029,0.0721,0.2412,0.9500,0.00,0.00,0.00,0.00
1041.00,180.000,180.000,170.000,175.000,178.320,177.363,168.214,113.556,178.709,177.698,168.452,115.144,218.311,187.982,201.546,335.248,0.2160,0.0236,0.2494,0.9500,0.00,0.00,0.00,0.00
1042.00,180.000,180.000,170.000,175.000,178.339,177.380,168.226,113.634,178.723,177.713,168.463,115.221,218.210,187.927,201.556,335.317,0.2283,0.0340,0.2572,0.9500,0.00,0.00,0.00,0.00
1043.00,180.000,180.000,170.000,175.000,178.358,177.396,168.238,113.712,178.738,177.727,168.474,115.297,218.079,187.886,201.575,335.385,0.1689,0.0438,0.2646,0.9500,0.00,0.00,0.00,0.00
1044.00,180.000,180.000,170.000,175.000,178.377,177.413,168.249,113.791,178.753,177.741,168.485,115.374,217.923,187.858,201.603,335.454,0.1832,0.0531,0.2717,0.9500,0.00,0.00,0.00,0.00
1045.00,180.000,180.000,170.000,175.000,178.395,177.429,168.261,113.869,178.767,177.756,168.496,115.450,217.785,187.840,201.552,335.522,0.1967,0.0619,0.2087,0.9500,0.00,0.00,0.00,0.00
1046.00,180.000,180.000,170.000,175.000,178.414,177.445,168.273,113.947,178.781,177.770,168.507,115.527,217.665,187.835,201.511,335.590,0.2094,0.0703,0.2179,0.9500,0.00,0.00,0.00,0.00
1047.00,180.000,180.000,170.000,175.000,178.432,177.461,168.284,114.025,178.795,177.784,168.517,115.603,217.562,187.802,201.483,335.659,0.2214,0.0208,0.2266,0.9500,0.00,0.00,0.00,0.00
1048.00,180.000,180.000,170.000,175.000,178.450,177.477,168.296,114.103,178.808,177.798,168.528,115.679,217.474,187.746,201.465,335.727,0.2327,0.0309,0.2350,0.9500,0.00,0.00,0.00,0.00
1049.00,180.000,180.000,170.000,175.000,178.467,177.493,168.307,114.181,178.822,177.812,168.539,115.755,217.312,187.702,201.457,335.795,0.1740,0.0405,0.2430,0.9500,0.00,0.00,0.00,0.00
1050.00,180.000,180.000,170.000,175.000,178.485,177.509,168.319,114.258,178.835,177.826,168.550,115.832,217.167,187.671,201.459,335.863,0.1873,0.0496,0.2506,0.9500,0.00,0.00,0.00,0.00
1051.00,180.000,180.000,170.000,175.000,178.502,177.524,168.330,114.336,178.848,177.840,168.560,115.907,217.041,187.652,201.471,335.931,0.1998,0.0582,0.2578,0.9500,0.00,0.00,0.00,0.00
1052.00,180.000,180.000,170.000,175.000,178.519,177.540,168.341,114.414,178.861,177.854,168.571,115.983,216.930,187.643,201.493,335.999,0.2117,0.0663,0.2647,0.9500,0.00,0.00,0.00,0.00
1053.00,180.000,180.000,170.000,175.000,178.536,177.555,168.353,114.491,178.873,177.868,168.582,116.059,216.836,187.608,201.522,336.067,0.2228,0.0160,0.1993,0.9500,0.00,0.00,0.00,0.00
1054.00,180.000,180.000,170.000,175.000,178.552,177.571,168.364,114.569,178.886,177.881,168.593,116.135,216.756,187.548,201.472,336.134,0.1613,0.0260,0.2085,0.9500,0.00,0.00,0.00,0.00
1055.00,180.000,180.000,170.000,175.000,178.569,177.586,168.375,114.646,178.898,177.895,168.603,116.210,216.601,187.501,201.432,336.202,0.1746,0.0354,0.2172,0.9500,0.00,0.00,0.00,0.00
1056.00,180.000,180.000,170.000,175.000,178.585,177.601,168.387,114.723,178.910,177.908,168.614,116.286,216.463,187.466,201.405,336.270,0.1872,0.0444,0.2254,0.9500,0.00,0.00,0.00,0.00
1057.00,180.000,180.000,170.000,175.000,178.601,177.616,168.398,114.800,178.922,177.922,168.624,116.361,216.343,187.442,201.388,336.337,0.1990,0.0528,0.2333,0.9500,0.00,0.00,0.00,0.00
1058.00,180.000,180.000,170.000,175.000,178.617,177.631,168.409,114.877,178.934,177.935,168.635,116.437,216.237,187.429,201.381,336.405,0.2102,0.0609,0.2409,0.9500,0.00,0.00,0.00,0.00
1059.00,180.000,180.000,170.000,175.000,178.632,177.646,168.420,114.954,178.945,177.948,168.646,116.512,216.146,187.425,201.382,336.472,0.2207,0.0685,0.2481,0.9500,0.00,0.00,0.00,0.00
1060.00,180.000,180.000,170.000,175.000,178.648,177.661,168.431,115.031,178.956,177.962,168.656,116.587,216.069,187.358,201.393,336.540,0.2306,0.0190,0.2549,0.9500,0.00,0.00,0.00,0.00
1061.00,180.000,180.000,170.000,175.000,178.663,177.676,168.442,115.108,178.967,177.975,168.667,116.662,215.914,187.303,201.412,336.607,0.1705,0.0284,0.2614,0.9500,0.00,0.00,0.00,0.00
1062.00,180.000,180.000,170.000,175.000,178.678,177.691,168.453,115.185,178.978,177.988,168.677,116.737,215.776,187.261,201.394,336.674,0.1826,0.0374,0.1964,0.9500,0.00,0.00,0.00,0.00
1063.00,180.000,180.000,170.000,175.000,178.693,177.706,168.464,115.261,178.989,178.000,168.688,116.812,215.654,187.230,201.341,336.741,0.1939,0.0458,0.2052,0.9500,0.00,0.00,0.00,0.00
1064.00,180.000,180.000,170.000,175.000,178.707,177.720,168.476,115.338,179.000,178.013,168.698,116.887,215.549,187.211,201.300,336.809,0.2046,0.0538,0.2135,0.9500,0.00,0.00,0.00,0.00
1065.00,180.000,180.000,170.000,175.000,178.722,177.735,168.487,115.415,179.010,178.026,168.709,116.962,215.456,187.201,201.270,336.876,0.2147,0.0614,0.2215,0.9500,0.00,0.00,0.00,0.00
1066.00,180.000,180.000,170.000,175.000,178.736,177.749,168.497,115.491,179.020,178.039,168.719,117.037,215.376,187.200,201.250,336.943,0.2243,0.0686,0.2290,0.9500,0.00,0.00,0.00,0.00
1067.00,180.000,180.000,170.000,175.000,178.750,177.763,168.508,115.567,179.030,178.051,168.730,117.111,215.309,187.135,201.238,337.010,0.2333,0.0187,0.2363,0.9500,0.00,0.00,0.00,0.00
1068.00,180.000,180.000,170.000,175.000,178.764,177.777,168.519,115.643,179.040,178.064,168.740,117.186,215.164,187.083,201.236,337.076,0.1723,0.0277,0.2431,0.9500,0.00,0.00,0.00,0.00
1069.00,180.000,180.000,170.000,175.000,178.777,177.792,168.530,115.720,179.050,178.076,168.750,117.260,215.035,187.042,201.241,337.143,0.1835,0.0363,0.2497,0.9500,0.00,0.00,0.00,0.00
1070.00,180.000,180.000,170.000,175.000,178.791,177.806,168.541,115.796,179.059,178.089,168.761,117.334,214.920,187.012,201.256,337.210,0.1941,0.0444,0.2560,0.9500,0.00,0.00,0.00,0.00
1071.00,180.000,180.000,170.000,175.000,178.804,177.820,168.552,115.872,179.069,178.101,168.771,117.409,214.821,186.993,201.277,337.277,0.2041,0.0521,0.1900,0.9500,0.00,0.00,0.00,0.00
1072.00,180.000,180.000,170.000,175.000,178.817,177.833,168.563,115.947,179.078,178.113,168.781,117.483,214.733,186.983,201.218,337.343,0.2135,0.0594,0.1985,0.9500,0.00,0.00,0.00,0.00
1073.00,180.000,180.000,170.000,175.000,178.830,177.847,168.574,116.023,179.087,178.125,168.792,117.557,214.658,186.981,201.169,337.410,0.2223,0.0663,0.2066,0.9500,0.00,0.00,0.00,0.00
1074.00,180.000,180.000,170.000,175.000,178.842,177.861,168.584,116.099,179.096,178.138,168.802,117.631,214.595,186.915,201.131,337.476,0.2307,0.0161,0.2144,0.9500,0.00,0.00,0.00,0.00
1075.00,180.000,180.000,170.000,175.000,178.855,177.875,168.595,116.175,179.105,178.150,168.812,117.705,214.496,186.862,201.103,337.543,0.1675,0.0249,0.2218,0.9500,0.00,0.00,0.00,0.00
1076.00,180.000,180.000,170.000,175.000,178.867,177.888,168.606,116.250,179.114,178.161,168.822,117.779,214.367,186.820,201.085,337.609,0.1783,0.0332,0.2288,0.9500,0.00,0.00,0.00,0.00
1077.00,180.000,180.000,170.000,175.000,178.879,177.902,168.616,116.326,179.122,178.173,168.832,117.852,214.252,186.788,201.075,337.675,0.1884,0.0411,0.2355,0.9500,0.00,0.00,0.00,0.00
1078.00,180.000,180.000,170.000,175.000,178.891,177.915,168.627,116.401,179.130,178.185,168.842,117.926,214.151,186.766,201.074,337.741,0.1980,0.0486,0.2419,0.9500,0.00,0.00,0.00,0.00
1079.00,180.000,180.000,170.000,175.000,178.903,177.928,168.638,116.476,179.138,178.197,168.853,118.000,214.061,186.754,201.081,337.808,0.2070,0.0556,0.2480,0.9500,0.00,0.00,0.00,0.00
1080.00,180.000,180.000,170.000,175.000,178.915,177.942,168.648,116.551,179.147,178.208,168.863,118.073,213.984,186.750,201.094,337.874,0.2155,0.0623,0.2538,0.9500,0.00,0.00,0.00,0.00
1081.00,180.000,180.000,170.000,175.000,178.926,177.955,168.659,116.627,179.155,178.220,168.873,118.146,213.918,186.718,201.026,337.940,0.2236,0.0106,0.1895,0.9500,0.00,0.00,0.00,0.00
1082.00,180.000,180.000,170.000,175.000,178.937,177.968,168.669,116.702,179.162,178.232,168.883,118.220,213.863,186.660,200.970,338.006,0.2311,0.0193,0.1976,0.9500,0.00,0.00,0.00,0.00
1083.00,180.000,180.000,170.000,175.000,178.948,177.981,168.680,116.777,179.170,178.243,168.893,118.293,213.817,186.612,200.924,338.071,0.2383,0.0275,0.2052,0.9500,0.00,0.00,0.00,0.00
1084.00,180.000,180.000,170.000,175.000,178.959,177.994,168.690,116.851,179.178,178.254,168.902,118.366,213.691,186.574,200.886,338.137,0.1756,0.0353,0.2125,0.9500,0.00,0.00,0.00,0.00
1085.00,180.000,180.000,170.000,175.000,178.970,178.007,168.701,116.926,179.185,178.266,168.912,118.439,213.578,186.547,200.858,338.203,0.1852,0.0427,0.2194,0.9500,0.00,0.00,0.00,0.00
1086.00,180.000,180.000,170.000,175.000,178.981,178.019,168.711,117.001,179.193,178.277,168.922,118.512,213.479,186.530,200.839,338.269,0.1942,0.0497,0.2261,0.9500,0.00,0.00,0.00,0.00
1087.00,180.000,180.000,170.000,175.000,178.991,178.032,168.722,117.076,179.200,178.288,168.932,118.585,213.391,186.521,200.828,338.334,0.2027,0.0563,0.2324,0.9500,0.00,0.00,0.00,0.00
1088.00,180.000,180.000,170.000,175.000,179.001,178.045,168.732,117.150,179.207,178.299,168.941,118.658,213.313,186.520,200.826,338.400,0.2108,0.0626,0.2384,0.9500,0.00,0.00,0.00,0.00
1089.00,180.000,180.000,170.000,175.000,179.011,178.057,168.742,117.224,179.214,178.310,168.951,118.731,213.246,186.491,200.830,338.465,0.2183,0.0111,0.2441,0.9500,0.00,0.00,0.00,0.00
1090.00,180.000,180.000,170.000,175.000,179.021,178.070,168.753,117.299,179.221,178.321,168.961,118.803,213.189,186.435,200.797,338.531,0.2255,0.0194,0.1783,0.9500,0.00,0.00,0.00,0.00
1091.00,180.000,180.000,170.000,175.000,179.031,178.082,168.763,117.373,179.228,178.332,168.970,118.876,213.142,186.389,200.728,338.596,0.2323,0.0272,0.1863,0.9500,0.00,0.00,0.00,0.00
1092.00,180.000,180.000,170.000,175.000,179.041,178.094,168.773,117.447,179.234,178.343,168.980,118.948,213.103,186.354,200.670,338.661,0.2386,0.0346,0.1940,0.9500,0.00,0.00,0.00,0.00
1093.00,180.000,180.000,170.000,175.000,179.050,178.107,168.783,117.521,179.241,178.353,168.989,119.021,213.073,186.329,200.622,338.727,0.1726,0.0417,0.2013,0.9500,0.00,0.00,0.00,0.00
1094.00,180.000,180.000,170.000,175.000,179.060,178.119,168.794,117.595,179.248,178.364,168.998,119.093,212.962,186.311,200.582,338.792,0.1817,0.0483,0.2082,0.9500,0.00,0.00,0.00,0.00
1095.00,180.000,180.000,170.000,175.000,179.069,178.131,168.804,117.669,179.254,178.375,169.008,119.165,212.863,186.303,200.552,338.857,0.1902,0.0546,0.2148,0.9500,0.00,0.00,0.00,0.00
1096.00,180.000,180.000,170.000,175.000,179.078,178.143,168.814,117.743,179.261,178.385,169.017,119.237,212.775,186.302,200.531,338.922,0.1982,0.0605,0.2211,0.9500,0.00,0.00,0.00,0.00
1097.00,180.000,180.000,170.000,175.000,179.087,178.155,168.824,117.817,179.267,178.396,169.026,119.309,212.698,186.271,200.516,338.987,0.2058,0.0081,0.2271,0.9500,0.00,0.00,0.00,0.00
1098.00,180.000,180.000,170.000,175.000,179.096,178.167,168.834,117.891,179.273,178.406,169.035,119.381,212.631,186.215,200.510,339.052,0.2130,0.0162,0.2328,0.9500,0.00,0.00,0.00,0.00
1099.00,180.000,180.000,170.000,175.000,179.105,178.179,168.844,117.964,179.279,178.417,169.044,119.453,212.572,186.169,200.511,339.117,0.2197,0.0238,0.2382,0.9500,0.00,0.00,0.00,0.00
1100.00,180.000,180.000,170.000,175.000,179.113,178.190,168.854,118.038,179.285,178.427,169.053,119.525,212.523,186.131,200.474,339.182,0.2261,0.0310,0.1722,0.9500,0.00,0.00,0.00,0.00
1101.00,180.000,180.000,170.000,175.000,179.122,178.202,168.863,118.111,179.291,178.437,169.063,119.596,212.482,186.103,200.400,339.246,0.2321,0.0378,0.1800,0.9500,0.00,0.00,0.00,0.00
1102.00,180.000,180.000,170.000,175.000,179.130,178.214,168.873,118.184,179.297,178.447,169.071,119.668,212.448,186.083,200.338,339.311,0.2378,0.0443,0.1873,0.9500,0.00,0.00,0.00,0.00
1103.00,180.000,180.000,170.000,175.000,179.138,178.225,168.883,118.258,179.303,178.457,169.080,119.740,212.422,186.072,200.285,339.375,0.2431,0.0504,0.1944,0.9500,0.00,0.00,0.00,0.00
1104.00,180.000,180.000,170.000,175.000,179.146,178.236,168.893,118.331,179.309,178.467,169.089,119.811,212.403,186.068,200.241,339.440,0.2482,0.0561,0.2011,0.9500,0.00,0.00,0.00,0.00
1105.00,180.000,180.000,170.000,175.000,179.154,178.248,168.902,118.404,179.315,178.477,169.098,119.882,212.345,186.072,200.204,339.504,0.1827,0.0616,0.2075,0.9500,0.00,0.00,0.00,0.00
1106.00,180.000,180.000,170.000,175.000,179.162,178.259,168.912,118.477,179.321,178.487,169.106,119.954,212.252,186.010,200.177,339.569,0.1904,0.0101,0.2136,0.9500,0.00,0.00,0.00,0.00
1107.00,180.000,180.000,170.000,175.000,179.170,178.270,168.922,118.550,179.326,178.497,169.115,120.025,212.170,185.959,200.158,339.633,0.1978,0.0177,0.2194,0.9500,0.00,0.00,0.00,0.00
1108.00,180.000,180.000,170.000,175.000,179.178,178.282,168.931,118.623,179.332,178.507,169.123,120.096,212.097,185.915,200.145,339.697,0.2047,0.0248,0.2249,0.9500,0.00,0.00,0.00,0.00
1109.00,180.000,180.000,170.000,175.000,179.185,178.293,168.941,118.695,179.337,178.516,169.132,120.167,212.033,185.882,200.139,339.762,0.2112,0.0315,0.2302,0.9500,0.00,0.00,0.00,0.00
1110.00,180.000,180.000,170.000,175.000,179.193,178.304,168.950,118.768,179.343,178.526,169.141,120.238,211.977,185.857,200.140,339.826,0.2173,0.0379,0.1632,0.9500,0.00,0.00,0.00,0.00
1111.00,180.000,180.000,170.000,175.000,179.200,178.315,168.959,118.841,179.348,178.535,169.149,120.309,211.930,185.840,200.058,339.890,0.2231,0.0440,0.1708,0.9500,0.00,0.00,0.00,0.00
1112.00,180.000,180.000,170.000,175.000,179.208,178.326,168.969,118.913,179.353,178.545,169.157,120.380,211.890,185.831,199.986,339.954,0.2286,0.0497,0.1781,0.9500,0.00,0.00,0.00,0.00
1113.00,180.000,180.000,170.000,175.000,179.215,178.336,168.978,118.985,179.359,178.554,169.166,120.450,211.857,185.829,199.925,340.018,0.2338,0.0551,0.1850,0.9500,0.00,0.00,0.00,0.00
1114.00,180.000,180.000,170.000,175.000,179.222,178.347,168.987,119.058,179.364,178.564,169.174,120.521,211.832,185.833,199.872,340.082,0.2387,0.0603,0.1916,0.9500,0.00,0.00,0.00,0.00
1115.00,180.000,180.000,170.000,175.000,179.229,178.358,168.997,119.130,179.369,178.573,169.182,120.592,211.812,185.808,199.828,340.145,0.2433,0.0078,0.1979,0.9500,0.00,0.00,0.00,0.00
1116.00,180.000,180.000,170.000,175.000,179.236,178.368,169.006,119.202,179.374,178.583,169.190,120.662,211.798,185.753,199.792,340.209,0.2476,0.0150,0.2038,0.9500,0.00,0.00,0.00,0.00
1117.00,180.000,180.000,170.000,175.000,179.243,178.379,169.015,119.274,179.380,178.592,169.198,120.732,211.791,185.710,199.764,340.273,0.2517,0.0219,0.2095,0.9500,0.00,0.00,0.00,0.00
1118.00,180.000,180.000,170.000,175.000,179.249,178.390,169.024,119.346,179.385,178.601,169.206,120.803,211.789,185.675,199.743,340.337,0.2556,0.0284,0.2150,0.9500,0.00,0.00,0.00,0.00
1119.00,180.000,180.000,170.000,175.000,179.256,178.400,169.033,119.418,179.390,178.610,169.214,120.873,211.701,185.648,199.729,340.400,0.1898,0.0346,0.2201,0.9500,0.00,0.00,0.00,0.00
1120.00,180.000,180.000,170.000,175.000,179.263,178.410,169.042,119.490,179.395,178.619,169.222,120.943,211.623,185.628,199.722,340.464,0.1965,0.0404,0.2251,0.9500,0.00,0.00,0.00,0.00
1121.00,180.000,180.000,170.000,175.000,179.269,178.421,169.051,119.562,179.400,178.628,169.229,121.013,211.554,185.617,199.719,340.527,0.2028,0.0459,0.1578,0.9500,0.00,0.00,0.00,0.00
1122.00,180.000,180.000,170.000,175.000,179.276,178.431,169.059,119.633,179.405,178.637,169.237,121.083,211.493,185.612,199.636,340.590,0.2088,0.0512,0.1651,0.9500,0.00,0.00,0.00,0.00
1123.00,180.000,180.000,170.000,175.000,179.282,178.441,169.068,119.705,179.410,178.646,169.245,121.153,211.440,185.613,199.560,340.654,0.2144,0.0561,0.1721,0.9500,0.00,0.00,0.00,0.00
1124.00,180.000,180.000,170.000,175.000,179.288,178.451,169.077,119.776,179.415,178.655,169.252,121.223,211.394,185.622,199.496,340.717,0.2197,0.0021,0.1787,0.9500,0.00,0.00,0.00,0.00
1125.00,180.000,180.000,170.000,175.000,179.294,178.461,169.086,119.848,179.420,178.664,169.260,121.292,211.356,185.563,199.439,340.780,0.2247,0.0092,0.1850,0.9500,0.00,0.00,0.00,0.00
1126.00,180.000,180.000,170.000,175.000,179.301,178.471,169.094,119.919,179.425,178.673,169.267,121.362,211.323,185.514,199.391,340.843,0.2294,0.0160,0.1910,0.9500,0.00,0.00,0.00,0.00
1127.00,180.000,180.000,170.000,175.000,179.307,178.481,169.103,119.990,179.429,178.681,169.274,121.432,211.297,185.473,199.350,340.906,0.2338,0.0225,0.1968,0.9500,0.00,0.00,0.00,0.00
1128.00,180.000,180.000,170.000,175.000,179.313,178.491,169.111,120.062,179.434,178.690,169.282,121.501,211.277,185.441,199.317,340.969,0.2380,0.0285,0.2022,0.9500,0.00,0.00,0.00,0.00
1129.00,180.000,180.000,170.000,175.000,179.319,178.501,169.120,120.133,179.439,178.698,169.289,121.571,211.262,185.416,199.290,341.032,0.2420,0.0343,0.2074,0.9500,0.00,0.00,0.00,0.00
1130.00,180.000,180.000,170.000,175.000,179.325,178.510,169.128,120.204,179.444,178.707,169.296,121.640,211.253,185.399,199.270,341.095,0.2457,0.0398,0.2124,0.9500,0.00,0.00,0.00,0.00
1131.00,180.000,180.000,170.000,175.000,179.331,178.520,169.136,120.275,179.448,178.715,169.303,121.709,211.247,185.388,199.257,341.158,0.2493,0.0449,0.2171,0.9500,0.00,0.00,0.00,0.00
1132.00,180.000,180.000,170.000,175.000,179.336,178.530,169.144,120.345,179.453,178.724,169.310,121.778,211.246,185.384,199.249,341.220,0.2526,0.0498,0.2216,0.9500,0.00,0.00,0.00,0.00
1133.00,180.000,180.000,170.000,175.000,179.342,178.539,169.153,120.416,179.458,178.732,169.317,121.847,211.249,185.386,199.202,341.283,0.2558,0.0544,0.1546,0.9500,0.00,0.00,0.00,0.00
1134.00,180.000,180.000,170.000,175.000,179.348,178.549,169.161,120.487,179.463,178.740,169.324,121.917,211.256,185.394,199.118,341.346,0.2588,0.0588,0.1615,0.9500,0.00,0.00,0.00,0.00
1135.00,180.000,180.000,170.000,175.000,179.354,178.558,169.169,120.557,179.468,178.749,169.331,121.985,211.223,185.334,199.044,341.408,0.1914,0.0063,0.1681,0.9500,0.00,0.00,0.00,0.00
1136.00,180.000,180.000,170.000,175.000,179.359,178.568,169.177,120.628,179.473,178.757,169.338,122.054,211.151,185.283,198.978,341.471,0.1973,0.0128,0.1743,0.9500,0.00,0.00,0.00,0.00
1137.00,180.000,180.000,170.000,175.000,179.365,178.577,169.185,120.698,179.478,178.765,169.344,122.123,211.087,185.241,198.919,341.533,0.2029,0.0190,0.1803,0.9500,0.00,0.00,0.00,0.00
1138.00,180.000,180.000,170.000,175.000,179.370,178.586,169.193,120.769,179.483,178.773,169.351,122.192,211.031,185.207,198.869,341.595,0.2082,0.0249,0.1859,0.9500,0.00,0.00,0.00,0.00
1139.00,180.000,180.000,170.000,175.000,179.376,178.595,169.200,120.839,179.487,178.781,169.357,122.260,210.982,185.180,198.827,341.658,0.2132,0.0305,0.1913,0.9500,0.00,0.00,0.00,0.00
1140.00,180.000,180.000,170.000,175.000,179.381,178.605,169.208,120.909,179.492,178.789,169.364,122.329,210.939,185.160,198.791,341.720,0.2179,0.0357,0.1964,0.9500,0.00,0.00,0.00,0.00
1141.00,180.000,180.000,170.000,175.000,179.387,178.614,169.216,120.979,179.496,178.797,169.370,122.397,210.904,185.146,198.762,341.782,0.2223,0.0407,0.2013,0.9500,0.00,0.00,0.00,0.00
1142.00,180.000,180.000,170.000,175.000,179.392,178.623,169.223,121.049,179.501,178.804,169.376,122.466,210.873,185.139,198.739,341.844,0.2265,0.0454,0.2060,0.9500,0.00,0.00,0.00,0.00
1143.00,180.000,180.000,170.000,175.000,179.398,178.632,169.231,121.119,179.506,178.812,169.383,122.534,210.848,185.137,198.723,341.906,0.2304,0.0499,0.2104,0.9500,0.00,0.00,0.00,0.00
1144.00,180.000,180.000,170.000,175.000,179.403,178.641,169.238,121.189,179.510,178.820,169.389,122.602,210.828,185.142,198.711,341.968,0.2341,0.0541,0.2146,0.9500,0.00,0.00,0.00,0.00
1145.00,180.000,180.000,170.000,175.000,179.408,178.649,169.246,121.259,179.515,178.828,169.395,122.671,210.813,185.152,198.705,342.030,0.2377,0.0581,0.2187,0.9500,0.00,0.00,0.00,0.00
1146.00,180.000,180.000,170.000,175.000,179.413,178.658,169.253,121.328,179.519,178.835,169.401,122.739,210.803,185.094,198.660,342.092,0.2410,0.0052,0.1513,0.9500,0.00,0.00,0.00,0.00
1147.00,180.000,180.000,170.000,175.000,179.419,178.667,169.260,121.398,179.524,178.843,169.407,122.807,210.796,185.045,198.576,342.153,0.2441,0.0114,0.1577,0.9500,0.00,0.00,0.00,0.00
1148.00,180.000,180.000,170.000,175.000,179.424,178.676,169.268,121.468,179.529,178.851,169.413,122.875,210.794,185.003,198.501,342.215,0.2471,0.0173,0.1639,0.9500,0.00,0.00,0.00,0.00
1149.00,180.000,180.000,170.000,175.000,179.429,178.684,169.275,121.537,179.533,178.858,169.419,122.943,210.795,184.968,198.435,342.277,0.2499,0.0229,0.1697,0.9500,0.00,0.00,0.00,0.00
1150.00,180.000,180.000,170.000,175.000,179.434,178.693,169.282,121.606,179.538,178.865,169.425,123.010,210.800,184.941,198.376,342.338,0.2526,0.0282,0.1753,0.9500,0.00,0.00,0.00,0.00
1151.00,180.000,180.000,170.000,175.000,179.439,178.701,169.289,121.676,179.543,178.873,169.430,123.078,210.808,184.921,198.325,342.400,0.2551,0.0332,0.1806,0.9500,0.00,0.00,0.00,0.00
1152.00,180.000,180.000,170.000,175.000,179.444,178.710,169.296,121.745,179.548,178.880,169.436,123.146,210.819,184.906,198.280,342.461,0.2575,0.0379,0.1857,0.9500,0.00,0.00,0.00,0.00
1153.00,180.000,180.000,170.000,175.000,179.450,178.718,169.303,121.814,179.553,178.887,169.441,123.213,210.833,184.897,198.242,342.523,0.2598,0.0423,0.1905,0.9500,0.00,0.00,0.00,0.00
1154.00,180.000,180.000,170.000,175.000,179.455,178.726,169.310,121.883,179.558,178.894,169.447,123.281,210.760,184.895,198.210,342.584,0.1924,0.0466,0.1951,0.9500,0.00,0.00,0.00,0.00
1155.00,180.000,180.000,170.000,175.000,179.460,178.735,169.316,121.952,179.563,178.902,169.452,123.348,210.695,184.898,198.184,342.645,0.1977,0.0506,0.1994,0.9500,0.00,0.00,0.00,0.00
1156.00,180.000,180.000,170.000,175.000,179.465,178.743,169.323,122.021,179.567,178.909,169.458,123.416,210.638,184.906,198.162,342.706,0.2026,0.0544,0.2036,0.9500,0.00,0.00,0.00,0.00
1157.00,180.000,180.000,170.000,175.000,179.470,178.751,169.330,122.090,179.572,178.916,169.463,123.483,210.586,184.919,198.146,342.767,0.2072,0.0000,0.2075,0.9500,0.00,0.00,0.00,0.00
1158.00,180.000,180.000,170.000,175.000,179.475,178.759,169.336,122.159,179.577,178.923,169.468,123.550,210.539,184.863,198.135,342.829,0.2116,0.0054,0.2113,0.9500,0.00,0.00,0.00,0.00
1159.00,180.000,180.000,170.000,175.000,179.480,178.767,169.343,122.227,179.581,178.930,169.474,123.617,210.501,184.816,198.129,342.890,0.2158,0.0112,0.2149,0.9500,0.00,0.00,0.00,0.00
1160.00,180.000,180.000,170.000,175.000,179.485,178.775,169.349,122.296,179.586,178.937,169.479,123.684,210.467,184.776,198.128,342.950,0.2197,0.0167,0.2183,0.9500,0.00,0.00,0.00,0.00
1161.00,180.000,180.000,170.000,175.000,179.490,178.783,169.356,122.365,179.590,178.944,169.484,123.751,210.438,184.743,198.043,343.011,0.2233,0.0219,0.1518,0.9500,0.00,0.00,0.00,0.00
1162.00,180.000,180.000,170.000,175.000,179.495,178.791,169.362,122.433,179.595,178.951,169.489,123.818,210.413,184.716,197.966,343.072,0.2268,0.0268,0.1576,0.9500,0.00,0.00,0.00,0.00
1163.00,180.000,180.000,170.000,175.000,179.500,178.799,169.368,122.501,179.600,178.958,169.494,123.885,210.393,184.696,197.896,343.133,0.2301,0.0315,0.1632,0.9500,0.00,0.00,0.00,0.00
1164.00,180.000,180.000,170.000,175.000,179.505,178.807,169.374,122.570,179.604,178.964,169.499,123.952,210.379,184.680,197.834,343.194,0.2332,0.0359,0.1685,0.9500,0.00,0.00,0.00,0.00
1165.00,180.000,180.000,170.000,175.000,179.510,178.815,169.381,122.638,179.609,178.971,169.504,124.018,210.367,184.672,197.778,343.254,0.2361,0.0401,0.1735,0.9500,0.00,0.00,0.00,0.00
1166.00,180.000,180.000,170.000,175.000,179.515,178.822,169.387,122.706,179.613,178.978,169.509,124.085,210.359,184.669,197.729,343.315,0.2389,0.0440,0.1783,0.9500,0.00,0.00,0.00,0.00
1167.00,180.000,180.000,170.000,175.000,179.519,178.830,169.393,122.774,179.618,178.984,169.513,124.152,210.355,184.672,197.687,343.375,0.2415,0.0478,0.1829,0.9500,0.00,0.00,0.00,0.00
1168.00,180.000,180.000,170.000,175.000,179.524,178.838,169.399,122.842,179.623,178.991,169.518,124.218,210.353,184.677,197.650,343.436,0.2439,0.0513,0.1872,0.9500,0.00,0.00,0.00,0.00
1169.00,180.000,180.000,170.000,175.000,179.529,178.845,169.405,122.910,179.627,178.998,169.523,124.284,210.355,184.687,197.618,343.496,0.2463,0.0547,0.1914,0.9500,0.00,0.00,0.00,0.00
1170.00,180.000,180.000,170.000,175.000,179.534,178.853,169.410,122.978,179.632,179.004,169.527,124.351,210.360,184.666,197.592,343.556,0.2485,0.0000,0.1953,0.9500,0.00,0.00,0.00,0.00
1171.00,180.000,180.000,170.000,175.000,179.539,178.860,169.416,123.046,179.637,179.011,169.531,124.417,210.368,184.613,197.570,343.617,0.2506,0.0055,0.1991,0.9500,0.00,0.00,0.00,0.00
1172.00,180.000,180.000,170.000,175.000,179.544,178.868,169.422,123.113,179.642,179.017,169.536,124.483,210.378,184.567,197.554,343.677,0.2526,0.0109,0.2026,0.9500,0.00,0.00,0.00,0.00
1173.00,180.000,180.000,170.000,175.000,179.549,178.875,169.427,123.181,179.647,179.024,169.540,124.549,210.390,184.529,197.543,343.737,0.2544,0.0161,0.2060,0.9500,0.00,0.00,0.00,0.00
1174.00,180.000,180.000,170.000,175.000,179.553,178.882,169.433,123.249,179.652,179.030,169.545,124.615,210.360,184.498,197.537,343.797,0.1859,0.0209,0.2093,0.9500,0.00,0.00,0.00,0.00
1175.00,180.000,180.000,170.000,175.000,179.558,178.890,169.438,123.316,179.657,179.036,169.549,124.681,210.292,184.472,197.534,343.857,0.1908,0.0255,0.2124,0.9500,0.00,0.00,0.00,0.00
1176.00,180.000,180.000,170.000,175.000,179.563,178.897,169.444,123.384,179.662,179.042,169.554,124.747,210.230,184.452,197.536,343.917,0.1955,0.0298,0.2153,0.9500,0.00,0.00,0.00,0.00
1177.00,180.000,180.000,170.000,175.000,179.568,178.904,169.449,123.451,179.666,179.048,169.558,124.813,210.174,184.436,197.540,343.977,0.1999,0.0339,0.2181,0.9500,0.00,0.00,0.00,0.00
1178.00,180.000,180.000,170.000,175.000,179.573,178.911,169.455,123.518,179.671,179.054,169.562,124.879,210.125,184.427,197.459,344.037,0.2040,0.0378,0.1510,0.9500,0.00,0.00,0.00,0.00
1179.00,180.000,180.000,170.000,175.000,179.578,178.918,169.460,123.585,179.676,179.060,169.567,124.945,210.082,184.422,197.385,344.096,0.2079,0.0415,0.1563,0.9500,0.00,0.00,0.00,0.00
1180.00,180.000,180.000,170.000,175.000,179.583,178.925,169.465,123.652,179.680,179.067,169.571,125.010,210.044,184.422,197.319,344.156,0.2116,0.0450,0.1613,0.9500,0.00,0.00,0.00,0.00
1181.00,180.000,180.000,170.000,175.000,179.587,178.932,169.470,123.719,179.685,179.073,169.575,125.076,210.008,184.427,197.259,344.216,0.2150,0.0483,0.1661,0.9500,0.00,0.00,0.00,0.00
1182.00,180.000,180.000,170.000,175.000,179.592,178.939,169.476,123.786,179.690,179.079,169.579,125.141,209.978,184.436,197.206,344.275,0.2183,0.0514,0.1707,0.9500,0.00,0.00,0.00,0.00
1183.00,180.000,180.000,170.000,175.000,179.597,178.946,169.481,123.853,179.694,179.085,169.583,125.207,209.954,184.448,197.158,344.335,0.2214,0.0544,0.1750,0.9500,0.00,0.00,0.00,0.00
1184.00,180.000,180.000,170.000,175.000,179.602,178.953,169.486,123.920,179.699,179.091,169.587,125.272,209.932,184.429,197.116,344.394,0.2243,0.0000,0.1791,0.9500,0.00,0.00,0.00,0.00
1185.00,180.000,180.000,170.000,175.000,179.607,178.960,169.491,123.987,179.703,179.097,169.590,125.337,209.914,184.377,197.079,344.454,0.2270,0.0045,0.1830,0.9500,0.00,0.00,0.00,0.00
1186.00,180.000,180.000,170.000,175.000,179.611,178.966,169.496,124.054,179.708,179.103,169.594,125.403,209.900,184.333,197.047,344.513,0.2296,0.0096,0.1868,0.9500,0.00,0.00,0.00,0.00
1187.00,180.000,180.000,170.000,175.000,179.616,178.973,169.500,124.120,179.712,179.108,169.598,125.468,209.889,184.295,197.020,344.572,0.2320,0.0143,0.1903,0.9500,0.00,0.00,0.00,0.00
1188.00,180.000,180.000,170.000,175.000,179.621,178.980,169.505,124.187,179.717,179.114,169.601,125.533,209.881,184.264,196.999,344.631,0.2343,0.0189,0.1937,0.9500,0.00,0.00,0.00,0.00
1189.00,180.000,180.000,170.000,175.000,179.626,178.986,169.510,124.253,179.722,179.120,169.605,125.598,209.877,184.238,196.982,344.690,0.2365,0.0232,0.1970,0.9500,0.00,0.00,0.00,0.00
1190.00,180.000,180.000,170.000,175.000,179.630,178.993,169.515,124.320,179.727,179.125,169.608,125.663,209.875,184.217,196.968,344.750,0.2386,0.0273,0.2000,0.9500,0.00,0.00,0.00,0.00
1191.00,180.000,180.000,170.000,175.000,179.635,178.999,169.519,124.386,179.731,179.131,169.612,125.728,209.875,184.202,196.959,344.809,0.2405,0.0311,0.2030,0.9500,0.00,0.00,0.00,0.00
1192.00,180.000,180.000,170.000,175.000,179.640,179.006,169.524,124.452,179.736,179.136,169.616,125.793,209.878,184.191,196.953,344.867,0.2424,0.0348,0.2057,0.9500,0.00,0.00,0.00,0.00
1193.00,180.000,180.000,170.000,175.000,179.645,179.012,169.528,124.518,179.741,179.142,169.619,125.857,209.884,184.186,196.951,344.926,0.2441,0.0382,0.2084,0.9500,0.00,0.00,0.00,0.00
1194.00,180.000,180.000,170.000,175.000,179.649,179.019,169.533,124.584,179.746,179.147,169.623,125.922,209.892,184.184,196.952,344.985,0.2458,0.0415,0.2109,0.9500,0.00,0.00,0.00,0.00
1195.00,180.000,180.000,170.000,175.000,179.654,179.025,169.537,124.650,179.751,179.153,169.626,125.987,209.812,184.187,196.956,345.044,0.1779,0.0446,0.2134,0.9500,0.00,0.00,0.00,0.00
1196.00,180.000,180.000,170.000,175.000,179.659,179.031,169.542,124.716,179.755,179.158,169.630,126.051,209.740,184.194,196.963,345.103,0.1826,0.0475,0.2157,0.9500,0.00,0.00,0.00,0.00
1197.00,180.000,180.000,170.000,175.000,179.664,179.038,169.546,124.782,179.760,179.164,169.634,126.116,209.674,184.203,196.973,345.161,0.1870,0.0503,0.2179,0.9500,0.00,0.00,0.00,0.00
1198.00,180.000,180.000,170.000,175.000,179.668,179.044,169.550,124.848,179.765,179.169,169.637,126.180,209.613,184.217,196.986,345.220,0.1911,0.0529,0.1480,0.9500,0.00,0.00,0.00,0.00
1199.00,180.000,180.000,170.000,175.000,179.673,179.050,169.555,124.914,179.769,179.174,169.641,126.244,209.558,184.234,196.913,345.278,0.1950,0.0554,0.1528,0.9500,0.00,0.00,0.00,0.00
1200.00,180.000,180.000,170.000,175.000,179.678,179.056,169.559,124.980,179.774,179.180,169.645,126.309,209.508,184.182,196.846,345.337,0.1987,0.0010,0.1574,0.9500,0.00,0.00,0.00,0.00
1201.00,180.000,180.000,170.000,175.000,179.683,179.062,169.563,125.045,179.778,179.185,169.648,126.373,209.463,184.135,196.784,345.395,0.2022,0.0059,0.1618,0.9500,0.00,0.00,0.00,0.00
1202.00,180.000,180.000,170.000,175.000,179.687,179.068,169.567,125.111,179.783,179.190,169.651,126.437,209.424,184.094,196.730,345.454,0.2054,0.0105,0.1660,0.9500,0.00,0.00,0.00,0.00
1203.00,180.000,180.000,170.000,175.000,179.692,179.074,169.571,125.176,179.787,179.196,169.655,126.501,209.388,184.060,196.682,345.512,0.2085,0.0148,0.1699,0.9500,0.00,0.00,0.00,0.00
1204.00,180.000,180.000,170.000,175.000,179.697,179.080,169.576,125.242,179.791,179.201,169.658,126.565,209.357,184.031,196.639,345.570,0.2114,0.0190,0.1737,0.9500,0.00,0.00,0.00,0.00
1205.00,180.000,180.000,170.000,175.000,179.701,179.086,169.580,125.307,179.796,179.206,169.661,126.629,209.329,184.007,196.600,345.628,0.2142,0.0229,0.1773,0.9500,0.00,0.00,0.00,0.00
1206.00,180.000,180.000,170.000,175.000,179.706,179.092,169.584,125.372,179.800,179.211,169.664,126.693,209.306,183.989,196.565,345.686,0.2167,0.0265,0.1807,0.9500,0.00,0.00,0.00,0.00
1207.00,180.000,180.000,170.000,175.000,179.711,179.098,169.588,125.437,179.804,179.216,169.667,126.757,209.286,183.975,196.536,345.744,0.2192,0.0300,0.1839,0.9500,0.00,0.00,0.00,0.00
1208.00,180.000,180.000,170.000,175.000,179.715,179.104,169.591,125.503,179.809,179.221,169.670,126.821,209.268,183.966,196.510,345.802,0.2215,0.0333,0.1870,0.9500,0.00,0.00,0.00,0.00
1209.00,180.000,180.000,170.000,175.000,179.720,179.110,169.595,125.568,179.813,179.226,169.673,126.884,209.254,183.960,196.488,345.860,0.2236,0.0365,0.1900,0.9500,0.00,0.00,0.00,0.00
1210.00,180.000,180.000,170.000,175.000,179.724,179.115,169.599,125.633,179.817,179.230,169.676,126.948,209.242,183.960,196.471,345.918,0.2257,0.0394,0.1928,0.9500,0.00,0.00,0.00,0.00
1211.00,180.000,180.000,170.000,175.000,179.729,179.121,169.603,125.698,179.822,179.235,169.679,127.011,209.233,183.961,196.457,345.976,0.2276,0.0422,0.1955,0.9500,0.00,0.00,0.00,0.00
1212.00,180.000,180.000,170.000,175.000,179.734,179.127,169.607,125.762,179.826,179.240,169.682,127.075,209.226,183.967,196.446,346.034,0.2294,0.0449,0.1980,0.9500,0.00,0.00,0.00,0.00
1213.00,180.000,180.000,170.000,175.000,179.738,179.132,169.610,125.827,179.831,179.245,169.685,127.138,209.222,183.976,196.438,346.092,0.2311,0.0474,0.2004,0.9500,0.00,0.00,0.00,0.00
1214.00,180.000,180.000,170.000,175.000,179.743,179.138,169.614,125.892,179.835,179.250,169.688,127.202,209.221,183.988,196.434,346.149,0.2328,0.0498,0.2027,0.9500,0.00,0.00,0.00,0.00
1215.00,180.000,180.000,170.000,175.000,179.747,179.143,169.618,125.957,179.840,179.255,169.691,127.265,209.221,184.002,196.433,346.207,0.2343,0.0520,0.2049,0.9500,0.00,0.00,0.00,0.00
1216.00,180.000,180.000,170.000,175.000,179.752,179.149,169.621,126.021,179.844,179.260,169.694,127.328,209.179,184.020,196.434,346.264,0.1646,0.0542,0.2070,0.9500,0.00,0.00,0.00,0.00
1217.00,180.000,180.000,170.000,175.000,179.756,179.154,169.625,126.086,179.849,179.265,169.697,127.391,209.096,183.971,196.438,346.322,0.1693,0.0000,0.2090,0.9500,0.00,0.00,0.00,0.00
1218.00,180.000,180.000,170.000,175.000,179.761,179.160,169.628,126.150,179.853,179.270,169.700,127.455,209.019,183.923,196.445,346.379,0.1737,0.0041,0.2109,0.9500,0.00,0.00,0.00,0.00
1219.00,180.000,180.000,170.000,175.000,179.766,179.165,169.632,126.215,179.857,179.274,169.703,127.518,208.950,183.883,196.454,346.436,0.1778,0.0084,0.2127,0.9500,0.00,0.00,0.00,0.00
1220.00,180.000,180.000,170.000,175.000,179.770,179.171,169.635,126.279,179.861,179.279,169.706,127.581,208.887,183.848,196.464,346.494,0.1817,0.0124,0.2145,0.9500,0.00,0.00,0.00,0.00
1221.00,180.000,180.000,170.000,175.000,179.775,179.176,169.639,126.343,179.865,179.283,169.709,127.644,208.827,183.819,196.477,346.551,0.1854,0.0163,0.2161,0.9500,0.00,0.00,0.00,0.00
1222.00,180.000,180.000,170.000,175.000,179.779,179.181,169.642,126.407,179.869,179.288,169.712,127.706,208.773,183.795,196.492,346.608,0.1888,0.0199,0.2177,0.9500,0.00,0.00,0.00,0.00
1223.00,180.000,180.000,170.000,175.000,179.783,179.186,169.646,126.472,179.873,179.292,169.715,127.769,208.723,183.773,196.509,346.665,0.1921,0.0234,0.2192,0.9500,0.00,0.00,0.00,0.00
1224.00,180.000,180.000,170.000,175.000,179.788,179.192,169.649,126.536,179.877,179.297,169.719,127.832,208.678,183.757,196.528,346.722,0.1951,0.0267,0.2206,0.9500,0.00,0.00,0.00,0.00
1225.00,180.000,180.000,170.000,175.000,179.792,179.197,169.653,126.600,179.881,179.301,169.722,127.895,208.637,183.746,196.459,346.779,0.1980,0.0297,0.1522,0.9500,0.00,0.00,0.00,0.00
1226.00,180.000,180.000,170.000,175.000,179.797,179.202,169.656,126.664,179.885,179.305,169.725,127.957,208.600,183.737,196.396,346.836,0.2007,0.0327,0.1562,0.9500,0.00,0.00,0.00,0.00
1227.00,180.000,180.000,170.000,175.000,179.801,179.207,169.659,126.727,179.889,179.310,169.728,128.020,208.567,183.734,196.339,346.893,0.2033,0.0354,0.1601,0.9500,0.00,0.00,0.00,0.00
1228.00,180.000,180.000,170.000,175.000,179.805,179.212,169.663,126.791,179.893,179.314,169.731,128.082,208.537,183.733,196.287,346.950,0.2057,0.0381,0.1637,0.9500,0.00,0.00,0.00,0.00
1229.00,180.000,180.000,170.000,175.000,179.810,179.217,169.666,126.855,179.897,179.318,169.734,128.145,208.509,183.735,196.239,347.007,0.2080,0.0405,0.1672,0.9500,0.00,0.00,0.00,0.00
1230.00,180.000,180.000,170.000,175.000,179.814,179.222,169.670,126.919,179.900,179.323,169.736,128.207,208.486,183.741,196.196,347.063,0.2101,0.0429,0.1705,0.9500,0.00,0.00,0.00,0.00
1231.00,180.000,180.000,170.000,175.000,179.818,179.227,169.673,126.982,179.904,179.327,169.739,128.269,208.466,183.750,196.157,347.120,0.2121,0.0451,0.1736,0.9500,0.00,0.00,0.00,0.00
1232.00,180.000,180.000,170.000,175.000,179.822,179.232,169.676,127.046,179.908,179.331,169.742,128.331,208.448,183.761,196.122,347.176,0.2140,0.0472,0.1766,0.9500,0.00,0.00,0.00,0.00
1233.00,180.000,180.000,170.000,175.000,179.827,179.237,169.679,127.109,179.912,179.336,169.744,128.394,208.433,183.775,196.091,347.233,0.2158,0.0492,0.1795,0.9500,0.00,0.00,0.00,0.00
1234.00,180.000,180.000,170.000,175.000,179.831,179.242,169.683,127.173,179.916,179.340,169.747,128.456,208.419,183.791,196.064,347.289,0.2175,0.0511,0.1822,0.9500,0.00,0.00,0.00,0.00
1235.00,180.000,180.000,170.000,175.000,179.835,179.247,169.686,127.236,179.920,179.344,169.749,128.518,208.408,183.810,196.040,347.346,0.2191,0.0529,0.1848,0.9500,0.00,0.00,0.00,0.00
1236.00,180.000,180.000,170.000,175.000,179.839,179.251,169.689,127.299,179.923,179.349,169.752,128.580,208.398,183.796,196.021,347.402,0.2206,0.0000,0.1872,0.9500,0.00,0.00,0.00,0.00
1237.00,180.000,180.000,170.000,175.000,179.843,179.256,169.692,127.362,179.927,179.353,169.754,128.642,208.392,183.749,196.004,347.458,0.2220,0.0008,0.1896,0.9500,0.00,0.00,0.00,0.00
1238.00,180.000,180.000,170.000,175.000,179.848,179.261,169.695,127.426,179.931,179.357,169.757,128.703,208.387,183.706,195.989,347.515,0.2233,0.0049,0.1918,0.9500,0.00,0.00,0.00,0.00
1239.00,180.000,180.000,170.000,175.000,179.852,179.266,169.698,127.489,179.935,179.361,169.759,128.765,208.338,183.668,195.978,347.571,0.1534,0.0088,0.1939,0.9500,0.00,0.00,0.00,0.00
1240.00,180.000,180.000,170.000,175.000,179.856,179.270,169.701,127.552,179.939,179.365,169.762,128.827,208.250,183.635,195.970,347.627,0.1579,0.0124,0.1959,0.9500,0.00,0.00,0.00,0.00
1241.00,180.000,180.000,170.000,175.000,179.860,179.275,169.704,127.615,179.943,179.369,169.764,128.889,208.169,183.608,195.965,347.683,0.1621,0.0159,0.1978,0.9500,0.00,0.00,0.00,0.00
1242.00,180.000,180.000,170.000,175.000,179.864,179.280,169.707,127.678,179.946,179.373,169.767,128.950,208.093,183.583,195.962,347.739,0.1661,0.0192,0.1997,0.9500,0.00,0.00,0.00,0.00
1243.00,180.000,180.000,170.000,175.000,179.868,179.284,169.710,127.740,179.950,179.377,169.769,129.012,208.023,183.564,195.961,347.795,0.1699,0.0223,0.2014,0.9500,0.00,0.00,0.00,0.00
1244.00,180.000,180.000,170.000,175.000,179.872,179.289,169.713,127.803,179.953,179.381,169.772,129.073,207.957,183.548,195.962,347.851,0.1734,0.0252,0.2031,0.9500,0.00,0.00,0.00,0.00
1245.00,180.000,180.000,170.000,175.000,179.876,179.294,169.716,127.866,179.957,179.385,169.774,129.135,207.895,183.537,195.965,347.907,0.1767,0.0280,0.2047,0.9500,0.00,0.00,0.00,0.00
1246.00,180.000,180.000,170.000,175.000,179.880,179.298,169.719,127.929,179.960,179.389,169.777,129.196,207.839,183.527,195.970,347.962,0.1798,0.0306,0.2062,0.9500,0.00,0.00,0.00,0.00
1247.00,180.000,180.000,170.000,175.000,179.884,179.302,169.722,127.991,179.963,179.392,169.779,129.257,207.788,183.522,195.978,348.018,0.1827,0.0331,0.2076,0.9500,0.00,0.00,0.00,0.00
1248.00,180.000,180.000,170.000,175.000,179.888,179.307,169.724,128.054,179.966,179.396,169.782,129.319,207.740,183.521,195.986,348.074,0.1854,0.0354,0.2090,0.9500,0.00,0.00,0.00,0.00
1249.00,180.000,180.000,170.000,175.000,179.892,179.311,169.727,128.116,179.969,179.400,169.785,129.380,207.695,183.522,195.996,348.129,0.1880,0.0376,0.2103,0.9500,0.00,0.00,0.00,0.00
1250.00,180.000,180.000,170.000,175.000,179.896,179.316,169.730,128.178,179.973,179.404,169.787,129.441,207.655,183.525,196.008,348.185,0.1904,0.0398,0.2115,0.9500,0.00,0.00,0.00,0.00
1251.00,180.000,180.000,170.000,175.000,179.899,179.320,169.733,128.241,179.976,179.407,169.790,129.502,207.617,183.531,196.022,348.240,0.1927,0.0418,0.2127,0.9500,0.00,0.00,0.00,0.00
1252.00,180.000,180.000,170.000,175.000,179.903,179.324,169.736,128.303,179.979,179.411,169.793,129.563,207.584,183.540,196.036,348.296,0.1949,0.0436,0.2138,0.9500,0.00,0.00,0.00,0.00
1253.00,180.000,180.000,170.000,175.000,179.907,179.329,169.738,128.365,179.982,179.415,169.795,129.624,207.553,183.551,196.052,348.351,0.1969,0.0454,0.2149,0.9500,0.00,0.00,0.00,0.00
1254.00,180.000,180.000,170.000,175.000,179.911,179.333,169.741,128.427,179.985,179.419,169.798,129.685,207.525,183.564,196.069,348.407,0.1988,0.0471,0.2160,0.9500,0.00,0.00,0.00,0.00
1255.00,180.000,180.000,170.000,175.000,179.914,179.337,169.744,128.489,179.988,179.422,169.801,129.745,207.498,183.578,196.089,348.462,0.2006,0.0487,0.2170,0.9500,0.00,0.00,0.00,0.00
1256.00,180.000,180.000,170.000,175.000,179.918,179.341,169.747,128.551,179.991,179.426,169.804,129.806,207.475,183.595,196.108,348.517,0.2023,0.0502,0.2179,0.9500,0.00,0.00,0.00,0.00
1257.00,180.000,180.000,170.000,175.000,179.921,179.345,169.750,128.613,179.994,179.430,169.807,129.867,207.454,183.615,196.128,348.572,0.2039,0.0517,0.2188,0.9500,0.00,0.00,0.00,0.00
1258.00,180.000,180.000,170.000,175.000,179.925,179.350,169.753,128.675,179.997,179.434,169.810,129.927,207.436,183.635,196.062,348.627,0.2054,0.0530,0.1498,0.9500,0.00,0.00,0.00,0.00
1259.00,180.000,180.000,170.000,175.000,179.929,179.354,169.755,128.737,180.000,179.438,169.813,129.988,207.419,183.590,195.999,348.682,0.2068,0.0000,0.1534,0.9500,0.00,0.00,0.00,0.00
1260.00,180.000,180.000,170.000,175.000,179.932,179.358,169.758,128.799,180.003,179.442,169.816,130.049,207.404,183.544,195.941,348.737,0.2081,0.0015,0.1568,0.9500,0.00,0.00,0.00,0.00
1261.00,180.000,180.000,170.000,175.000,179.936,179.362,169.761,128.861,180.006,179.445,169.818,130.109,207.391,183.503,195.888,348.792,0.2093,0.0052,0.1600,0.9500,0.00,0.00,0.00,0.00
1262.00,180.000,180.000,170.000,175.000,179.939,179.366,169.764,128.922,180.009,179.449,169.821,130.169,207.380,183.467,195.840,348.847,0.2105,0.0086,0.1630,0.9500,0.00,0.00,0.00,0.00
1263.00,180.000,180.000,170.000,175.000,179.942,179.370,169.767,128.984,180.012,179.452,169.823,130.230,207.370,183.437,195.795,348.902,0.2116,0.0119,0.1659,0.9500,0.00,0.00,0.00,0.00
1264.00,180.000,180.000,170.000,175.000,179.946,179.374,169.769,129.045,180.015,179.456,169.826,130.290,207.361,183.409,195.755,348.957,0.2127,0.0150,0.1687,0.9500,0.00,0.00,0.00,0.00
1265.00,180.000,180.000,170.000,175.000,179.949,179.378,169.772,129.107,180.018,179.459,169.828,130.350,207.354,183.386,195.718,349.011,0.2136,0.0179,0.1713,0.9500,0.00,0.00,0.00,0.00
1266.00,180.000,180.000,170.000,175.000,179.953,179.382,169.775,129.168,180.021,179.462,169.830,130.410,207.259,183.366,195.685,349.066,0.1451,0.0207,0.1738,0.9500,0.00,0.00,0.00,0.00
1267.00,180.000,180.000,170.000,175.000,179.956,179.386,169.778,129.229,180.024,179.466,169.833,130.470,207.170,183.351,195.655,349.121,0.1492,0.0233,0.1762,0.9500,0.00,0.00,0.00,0.00
1268.00,180.000,180.000,170.000,175.000,179.959,179.390,169.780,129.291,180.027,179.469,169.835,130.530,207.086,183.339,195.628,349.175,0.1530,0.0258,0.1785,0.9500,0.00,0.00,0.00,0.00
1269.00,180.000,180.000,170.000,175.000,179.963,179.394,169.783,129.352,180.030,179.472,169.837,130.590,207.008,183.329,195.604,349.230,0.1566,0.0281,0.1806,0.9500,0.00,0.00,0.00,0.00
1270.00,180.000,180.000,170.000,175.000,179.966,179.398,169.786,129.413,180.032,179.475,169.839,130.650,206.935,183.324,195.583,349.284,0.1600,0.0303,0.1826,0.9500,0.00,0.00,0.00,0.00
1271.00,180.000,180.000,170.000,175.000,179.969,179.402,169.788,129.474,180.035,179.479,169.842,130.710,206.867,183.320,195.564,349.338,0.1631,0.0324,0.1846,0.9500,0.00,0.00,0.00,0.00
1272.00,180.000,180.000,170.000,175.000,179.973,179.406,169.791,129.535,180.037,179.482,169.844,130.770,206.803,183.319,195.548,349.393,0.1661,0.0344,0.1864,0.9500,0.00,0.00,0.00,0.00
1273.00,180.000,180.000,170.000,175.000,179.976,179.409,169.794,129.596,180.040,179.485,169.846,130.830,206.744,183.321,195.534,349.447,0.1689,0.0363,0.1882,0.9500,0.00,0.00,0.00,0.00
1274.00,180.000,180.000,170.000,175.000,179.979,179.413,169.796,129.657,180.042,179.488,169.848,130.889,206.688,183.325,195.523,349.501,0.1715,0.0381,0.1899,0.9500,0.00,0.00,0.00,0.00
1275.00,180.000,180.000,170.000,175.000,179.982,179.417,169.799,129.718,180.044,179.491,169.850,130.949,206.636,183.332,195.515,349.555,0.1740,0.0398,0.1915,0.9500,0.00,0.00,0.00,0.00
1276.00,180.000,180.000,170.000,175.000,179.985,179.420,169.801,129.779,180.047,179.495,169.852,131.008,206.588,183.340,195.508,349.609,0.1763,0.0414,0.1930,0.9500,0.00,0.00,0.00,0.00
1277.00,180.000,180.000,170.000,175.000,179.988,179.424,169.804,129.839,180.049,179.498,169.854,131.068,206.543,183.350,195.503,349.663,0.1785,0.0429,0.1945,0.9500,0.00,0.00,0.00,0.00
1278.00,180.000,180.000,170.000,175.000,179.991,179.428,169.806,129.900,180.051,179.501,169.857,131.127,206.500,183.362,195.500,349.717,0.1806,0.0443,0.1958,0.9500,0.00,0.00,0.00,0.00
1279.00,180.000,180.000,170.000,175.000,179.994,179.431,169.809,129.961,180.053,179.504,169.859,131.187,206.461,183.376,195.498,349.771,0.1825,0.0457,0.1971,0.9500,0.00,0.00,0.00,0.00
1280.00,180.000,180.000,170.000,175.000,179.997,179.435,169.811,130.021,180.055,179.508,169.861,131.246,206.424,183.391,195.497,349.825,0.1843,0.0470,0.1984,0.9500,0.00,0.00,0.00,0.00
1281.00,180.000,180.000,170.000,175.000,180.000,179.439,169.814,130.082,180.057,179.511,169.863,131.305,206.390,183.407,195.499,349.879,0.1860,0.0482,0.1996,0.9500,0.00,0.00,0.00,0.00
1282.00,180.000,180.000,170.000,175.000,180.003,179.442,169.816,130.142,180.059,179.514,169.865,131.364,206.359,183.426,195.503,349.933,0.1876,0.0493,0.2007,0.9500,0.00,0.00,0.00,0.00
1283.00,180.000,180.000,170.000,175.000,180.005,179.446,169.819,130.202,180.061,179.518,169.867,131.423,206.330,183.444,195.507,349.987,0.1891,0.0504,0.2018,0.9500,0.00,0.00,0.00,0.00
1284.00,180.000,180.000,170.000,175.000,180.008,179.449,169.821,130.263,180.063,179.521,169.870,131.482,206.302,183.465,195.513,350.040,0.1905,0.0514,0.2028,0.9500,0.00,0.00,0.00,0.00
1285.00,180.000,180.000,170.000,175.000,180.011,179.453,169.823,130.323,180.065,179.524,169.872,131.541,206.276,183.421,195.520,350.094,0.1918,0.0000,0.2038,0.9500,0.00,0.00,0.00,0.00
1286.00,180.000,180.000,170.000,175.000,180.013,179.456,169.826,130.383,180.067,179.528,169.874,131.600,206.253,183.378,195.528,350.147,0.1930,0.0000,0.2047,0.9500,0.00,0.00,0.00,0.00
1287.00,180.000,180.000,170.000,175.000,180.016,179.460,169.828,130.443,180.069,179.531,169.877,131.659,206.230,183.336,195.538,350.201,0.1942,0.0027,0.2056,0.9500,0.00,0.00,0.00,0.00
1288.00,180.000,180.000,170.000,175.000,180.019,179.463,169.831,130.503,180.071,179.534,169.879,131.718,206.211,183.299,195.549,350.254,0.1953,0.0059,0.2065,0.9500,0.00,0.00,0.00,0.00
1289.00,180.000,180.000,170.000,175.000,180.021,179.467,169.833,130.563,180.073,179.537,169.881,131.777,206.192,183.265,195.561,350.308,0.1963,0.0089,0.2073,0.9500,0.00,0.00,0.00,0.00
1290.00,180.000,180.000,170.000,175.000,180.024,179.470,169.835,130.623,180.075,179.540,169.884,131.836,206.175,183.237,195.572,350.361,0.1973,0.0117,0.2081,0.9500,0.00,0.00,0.00,0.00
1291.00,180.000,180.000,170.000,175.000,180.026,179.474,169.838,130.683,180.077,179.543,169.886,131.894,206.159,183.211,195.587,350.414,0.1982,0.0144,0.2088,0.9500,0.00,0.00,0.00,0.00
1292.00,180.000,180.000,170.000,175.000,180.029,179.477,169.840,130.743,180.079,179.545,169.889,131.953,206.145,183.189,195.601,350.468,0.1991,0.0170,0.2095,0.9500,0.00,0.00,0.00,0.00
1293.00,180.000,180.000,170.000,175.000,180.031,179.480,169.843,130.802,180.081,179.548,169.891,132.011,206.131,183.170,195.615,350.521,0.1999,0.0194,0.2102,0.9500,0.00,0.00,0.00,0.00
1294.00,180.000,180.000,170.000,175.000,180.034,179.484,169.845,130.862,180.083,179.551,169.894,132.070,206.119,183.155,195.632,350.574,0.2006,0.0217,0.2108,0.9500,0.00,0.00,0.00,0.00
1295.00,180.000,180.000,170.000,175.000,180.036,179.487,169.847,130.922,180.085,179.554,169.897,132.128,206.108,183.142,195.648,350.627,0.2013,0.0239,0.2115,0.9500,0.00,0.00,0.00,0.00
1296.00,180.000,180.000,170.000,175.000,180.039,179.490,169.850,130.981,180.087,179.556,169.899,132.187,206.098,183.132,195.665,350.680,0.2020,0.0259,0.2120,0.9500,0.00,0.00,0.00,0.00
1297.00,180.000,180.000,170.000,175.000,180.041,179.494,169.852,131.041,180.089,179.559,169.902,132.245,206.090,183.124,195.593,350.733,0.2026,0.0279,0.1428,0.9500,0.00,0.00,0.00,0.00
1298.00,180.000,180.000,170.000,175.000,180.043,179.497,169.855,131.100,180.092,179.562,169.905,132.303,206.082,183.119,195.526,350.786,0.2032,0.0297,0.1460,0.9500,0.00,0.00,0.00,0.00
1299.00,180.000,180.000,170.000,175.000,180.046,179.500,169.857,131.160,180.094,179.564,169.907,132.361,206.074,183.116,195.464,350.839,0.2038,0.0315,0.1492,0.9500,0.00,0.00,0.00,0.00
1300.00,180.000,180.000,170.000,175.000,180.048,179.503,169.860,131.219,180.096,179.567,169.909,132.420,206.068,183.116,195.406,350.892,0.2043,0.0331,0.1521,0.9500,0.00,0.00,0.00,0.00
1301.00,180.000,180.000,170.000,175.000,180.051,179.506,169.862,131.278,180.098,179.570,169.912,132.478,206.063,183.117,195.352,350.944,0.1328,0.0347,0.1549,0.9500,0.00,0.00,0.00,0.00
1302.00,180.000,180.000,170.000,175.000,180.053,179.509,169.865,131.337,180.100,179.572,169.914,132.536,205.970,183.121,195.303,350.997,0.1366,0.0361,0.1576,0.9500,0.00,0.00,0.00,0.00
1303.00,180.000,180.000,170.000,175.000,180.055,179.513,169.867,131.397,180.102,179.575,169.916,132.594,205.883,183.127,195.256,351.050,0.1401,0.0375,0.1601,0.9500,0.00,0.00,0.00,0.00
1304.00,180.000,180.000,170.000,175.000,180.058,179.516,169.869,131.456,180.104,179.577,169.918,132.651,205.801,183.134,195.213,351.102,0.1435,0.0389,0.1625,0.9500,0.00,0.00,0.00,0.00
1305.00,180.000,180.000,170.000,175.000,180.060,179.519,169.872,131.515,180.106,179.580,169.920,132.709,205.722,183.143,195.173,351.155,0.1466,0.0401,0.1648,0.9500,0.00,0.00,0.00,0.00
1306.00,180.000,180.000,170.000,175.000,180.062,179.522,169.874,131.574,180.108,179.583,169.922,132.767,205.649,183.154,195.138,351.207,0.1496,0.0413,0.1670,0.9500,0.00,0.00,0.00,0.00
1307.00,180.000,180.000,170.000,175.000,180.064,179.525,169.876,131.633,180.109,179.585,169.923,132.825,205.579,183.165,195.105,351.260,0.1524,0.0424,0.1690,0.9500,0.00,0.00,0.00,0.00
1308.00,180.000,180.000,170.000,175.000,180.067,179.528,169.879,131.692,180.111,179.588,169.925,132.882,205.514,183.178,195.074,351.312,0.1550,0.0435,0.1710,0.9500,0.00,0.00,0.00,0.00
1309.00,180.000,180.000,170.000,175.000,180.069,179.531,169.881,131.750,180.113,179.591,169.927,132.940,205.453,183.193,195.047,351.364,0.1574,0.0445,0.1729,0.9500,0.00,0.00,0.00,0.00
1310.00,180.000,180.000,170.000,175.000,180.071,179.534,169.883,131.809,180.114,179.594,169.929,132.998,205.394,183.208,195.021,351.417,0.1597,0.0454,0.1746,0.9500,0.00,0.00,0.00,0.00
1311.00,180.000,180.000,170.000,175.000,180.073,179.537,169.886,131.868,180.115,179.596,169.930,133.055,205.339,183.224,194.998,351.469,0.1619,0.0463,0.1763,0.9500,0.00,0.00,0.00,0.00
1312.00,180.000,180.000,170.000,175.000,180.075,179.540,169.888,131.926,180.117,179.599,169.932,133.113,205.288,183.242,194.977,351.521,0.1639,0.0472,0.1779,0.9500,0.00,0.00,0.00,0.00
1313.00,180.000,180.000,170.000,175.000,180.077,179.542,169.890,131.985,180.118,179.602,169.934,133.170,205.240,183.260,194.959,351.573,0.1658,0.0480,0.1795,0.9500,0.00,0.00,0.00,0.00
1314.00,180.000,180.000,170.000,175.000,180.079,179.545,169.892,132.043,180.119,179.605,169.935,133.227,205.193,183.280,194.942,351.625,0.1675,0.0488,0.1809,0.9500,0.00,0.00,0.00,0.00
1315.00,180.000,180.000,170.000,175.000,180.081,179.548,169.894,132.102,180.120,179.608,169.937,133.285,205.149,183.300,194.927,351.677,0.1692,0.0495,0.1823,0.9500,0.00,0.00,0.00,0.00
1316.00,180.000,180.000,170.000,175.000,180.083,179.551,169.896,132.160,180.121,179.611,169.939,133.342,205.109,183.289,194.915,351.729,0.1708,0.0000,0.1836,0.9500,0.00,0.00,0.00,0.00
1317.00,180.000,180.000,170.000,175.000,180.085,179.554,169.898,132.219,180.122,179.613,169.940,133.399,205.069,183.246,194.903,351.781,0.1722,0.0000,0.1849,0.9500,0.00,0.00,0.00,0.00
1318.00,180.000,180.000,170.000,175.000,180.087,179.557,169.901,132.277,180.123,179.616,169.942,133.456,205.033,183.205,194.893,351.833,0.1736,0.0000,0.1860,0.9500,0.00,0.00,0.00,0.00
1319.00,180.000,180.000,170.000,175.000,180.089,179.560,169.903,132.335,180.124,179.619,169.944,133.513,204.998,183.164,194.886,351.885,0.1749,0.0017,0.1872,0.9500,0.00,0.00,0.00,0.00
1320.00,180.000,180.000,170.000,175.000,180.090,179.563,169.905,132.393,180.125,179.621,169.945,133.570,204.965,183.127,194.879,351.937,0.1761,0.0045,0.1883,0.9500,0.00,0.00,0.00,0.00
1321.00,180.000,180.000,170.000,175.000,180.092,179.566,169.907,132.451,180.126,179.624,169.947,133.627,204.935,183.093,194.874,351.988,0.1772,0.0072,0.1893,0.9500,0.00,0.00,0.00,0.00
1322.00,180.000,180.000,170.000,175.000,180.094,179.569,169.909,132.509,180.127,179.626,169.948,133.684,204.904,183.064,194.870,352.040,0.1782,0.0098,0.1902,0.9500,0.00,0.00,0.00,0.00
1323.00,180.000,180.000,170.000,175.000,180.095,179.571,169.911,132.567,180.128,179.628,169.950,133.741,204.877,183.037,194.868,352.092,0.1792,0.0122,0.1912,0.9500,0.00,0.00,0.00,0.00
1324.00,180.000,180.000,170.000,175.000,180.097,179.574,169.912,132.625,180.129,179.631,169.952,133.797,204.850,183.014,194.866,352.143,0.1802,0.0144,0.1921,0.9500,0.00,0.00,0.00,0.00
1325.00,180.000,180.000,170.000,175.000,180.099,179.577,169.914,132.683,180.130,179.633,169.953,133.854,204.825,182.994,194.866,352.195,0.1810,0.0166,0.1929,0.9500,0.00,0.00,0.00,0.00
1326.00,180.000,180.000,170.000,175.000,180.100,179.580,169.916,132.741,180.131,179.635,169.955,133.911,204.801,182.977,194.867,352.246,0.1818,0.0187,0.1937,0.9500,0.00,0.00,0.00,0.00
1327.00,180.000,180.000,170.000,175.000,180.102,179.583,169.918,132.799,180.132,179.638,169.957,133.967,204.779,182.962,194.869,352.297,0.1826,0.0206,0.1945,0.9500,0.00,0.00,0.00,0.00
1328.00,180.000,180.000,170.000,175.000,180.103,179.585,169.920,132.856,180.133,179.640,169.958,134.024,204.758,182.949,194.872,352.349,0.1833,0.0224,0.1952,0.9500,0.00,0.00,0.00,0.00
1329.00,180.000,180.000,170.000,175.000,180.105,179.588,169.922,132.914,180.134,179.642,169.960,134.080,204.737,182.940,194.875,352.400,0.1840,0.0242,0.1959,0.9500,0.00,0.00,0.00,0.00
1330.00,180.000,180.000,170.000,175.000,180.106,179.591,169.924,132.972,180.135,179.644,169.962,134.137,204.718,182.933,194.879,352.451,0.1846,0.0258,0.1965,0.9500,0.00,0.00,0.00,0.00
1331.00,180.000,180.000,170.000,175.000,180.108,179.593,169.926,133.029,180.136,179.646,169.964,134.193,204.700,182.927,194.885,352.503,0.1851,0.0274,0.1971,0.9500,0.00,0.00,0.00,0.00
1332.00,180.000,180.000,170.000,175.000,180.109,179.596,169.928,133.087,180.137,179.648,169.965,134.249,204.682,182.923,194.891,352.554,0.1857,0.0288,0.1977,0.9500,0.00,0.00,0.00,0.00
1333.00,180.000,180.000,170.000,175.000,180.110,179.598,169.930,133.144,180.138,179.650,169.967,134.306,204.665,182.921,194.897,352.605,0.1862,0.0302,0.1983,0.9500,0.00,0.00,0.00,0.00
1334.00,180.000,180.000,170.000,175.000,180.112,179.601,169.931,133.201,180.139,179.652,169.969,134.362,204.650,182.922,194.905,352.656,0.1867,0.0315,0.1988,0.9500,0.00,0.00,0.00,0.00
1335.00,180.000,180.000,170.000,175.000,180.113,179.604,169.933,133.259,180.140,179.654,169.971,134.418,204.635,182.924,194.913,352.707,0.1871,0.0328,0.1994,0.9500,0.00,0.00,0.00,0.00
1336.00,180.000,180.000,170.000,175.000,180.114,179.606,169.935,133.316,180.141,179.656,169.973,134.474,204.620,182.927,194.921,352.758,0.1875,0.0340,0.1999,0.9500,0.00,0.00,0.00,0.00
1337.00,180.000,180.000,170.000,175.000,180.116,179.608,169.937,133.373,180.142,179.659,169.975,134.530,204.606,182.931,194.931,352.809,0.1879,0.0351,0.2003,0.9500,0.00,0.00,0.00,0.00
1338.00,180.000,180.000,170.000,175.000,180.117,179.611,169.939,133.430,180.143,179.661,169.977,134.586,204.593,182.936,194.941,352.859,0.1882,0.0361,0.2008,0.9500,0.00,0.00,0.00,0.00
1339.00,180.000,180.000,170.000,175.000,180.118,179.613,169.941,133.487,180.144,179.663,169.979,134.642,204.581,182.944,194.951,352.910,0.1886,0.0371,0.2012,0.9500,0.00,0.00,0.00,0.00
1340.00,180.000,180.000,170.000,175.000,180.120,179.616,169.943,133.544,180.145,179.665,169.981,134.698,204.569,182.952,194.962,352.961,0.1889,0.0381,0.2016,0.9500,0.00,0.00,0.00,0.00
1341.00,180.000,180.000,170.000,175.000,180.121,179.618,169.944,133.601,180.147,179.667,169.983,134.754,204.558,182.962,194.972,353.012,0.1892,0.0390,0.2020,0.9500,0.00,0.00,0.00,0.00
1342.00,180.000,180.000,170.000,175.000,180.122,179.621,169.946,133.658,180.148,179.669,169.985,134.809,204.547,182.972,194.985,353.062,0.1894,0.0398,0.2024,0.9500,0.00,0.00,0.00,0.00
1343.00,180.000,180.000,170.000,175.000,180.123,179.623,169.948,133.715,180.149,179.671,169.987,134.865,204.536,182.984,194.997,353.113,0.1897,0.0406,0.2027,0.9500,0.00,0.00,0.00,0.00
1344.00,180.000,180.000,170.000,175.000,180.125,179.625,169.950,133.772,180.150,179.673,169.989,134.921,204.525,182.996,195.010,353.163,0.1899,0.0414,0.1311,0.9500,0.00,0.00,0.00,0.00
1345.00,180.000,180.000,170.000,175.000,180.126,179.628,169.952,133.828,180.151,179.676,169.991,134.976,204.515,183.009,194.934,353.214,0.1901,0.0421,0.1342,0.9500,0.00,0.00,0.00,0.00
1346.00,180.000,180.000,170.000,175.000,180.127,179.630,169.954,133.885,180.152,179.678,169.993,135.032,204.507,183.023,194.863,353.264,0.1903,0.0428,0.1372,0.9500,0.00,0.00,0.00,0.00
1347.00,180.000,180.000,170.000,175.000,180.128,179.632,169.956,133.942,180.154,179.680,169.995,135.087,204.499,183.038,194.795,353.315,0.1905,0.0435,0.1401,0.9500,0.00,0.00,0.00,0.00
1348.00,180.000,180.000,170.000,175.000,180.130,179.635,169.958,133.998,180.155,179.682,169.997,135.143,204.491,183.053,194.733,353.365,0.1906,0.0441,0.1428,0.9500,0.00,0.00,0.00,0.00
1349.00,180.000,180.000,170.000,175.000,180.131,179.637,169.960,134.055,180.156,179.684,169.999,135.198,204.483,183.070,194.674,353.415,0.1908,0.0446,0.1454,0.9500,0.00,0.00,0.00,0.00
1350.00,180.000,180.000,170.000,175.000,180.132,179.639,169.962,134.111,180.158,179.687,170.000,135.254,204.475,183.087,194.618,353.466,0.1909,0.0452,0.1478,0.9500,0.00,0.00,0.00,0.00
1351.00,180.000,180.000,170.000,175.000,180.133,179.642,169.964,134.168,180.159,179.689,170.002,135.309,204.468,183.104,194.565,353.516,0.1911,0.0457,0.1501,0.9500,0.00,0.00,0.00,0.00
1352.00,180.000,180.000,170.000,175.000,180.135,179.644,169.966,134.224,180.160,179.691,170.003,135.364,204.460,183.120,194.517,353.566,0.1912,0.0462,0.1523,0.9500,0.00,0.00,0.00,0.00
1353.00,180.000,180.000,170.000,175.000,180.136,179.646,169.967,134.280,180.162,179.694,170.004,135.419,204.453,183.140,194.471,353.616,0.1913,0.0467,0.1544,0.9500,0.00,0.00,0.00,0.00
1354.00,180.000,180.000,170.000,175.000,180.137,179.649,169.969,134.337,180.163,179.696,170.006,135.474,204.446,183.158,194.428,353.666,0.1914,0.0471,0.1564,0.9500,0.00,0.00,0.00,0.00
1355.00,180.000,180.000,170.000,175.000,180.139,179.651,169.971,134.393,180.165,179.699,170.007,135.529,204.439,183.147,194.387,353.716,0.1915,0.0000,0.1583,0.9500,0.00,0.00,0.00,0.00
1356.00,180.000,180.000,170.000,175.000,180.140,179.653,169.973,134.449,180.166,179.701,170.008,135.584,204.432,183.107,194.350,353.766,0.1916,0.0000,0.1601,0.9500,0.00,0.00,0.00,0.00
1357.00,180.000,180.000,170.000,175.000,180.141,179.656,169.975,134.505,180.168,179.703,170.009,135.639,204.425,183.066,194.315,353.816,0.1916,0.0000,0.1618,0.9500,0.00,0.00,0.00,0.00
1358.00,180.000,180.000,170.000,175.000,180.142,179.658,169.976,134.561,180.169,179.705,170.010,135.694,204.418,183.026,194.282,353.866,0.1917,0.0000,0.1634,0.9500,0.00,0.00,0.00,0.00
1359.00,180.000,180.000,170.000,175.000,180.144,179.660,169.978,134.617,180.171,179.707,170.011,135.749,204.412,182.986,194.252,353.916,0.1917,0.0009,0.1650,0.9500,0.00,0.00,0.00,0.00
1360.00,180.000,180.000,170.000,175.000,180.145,179.663,169.980,134.673,180.172,179.709,170.012,135.804,204.405,182.951,194.223,353.965,0.1918,0.0034,0.1664,0.9500,0.00,0.00,0.00,0.00
1361.00,180.000,180.000,170.000,175.000,180.146,179.665,169.981,134.729,180.174,179.711,170.013,135.859,204.399,182.918,194.197,354.015,0.1918,0.0058,0.1678,0.9500,0.00,0.00,0.00,0.00
1362.00,180.000,180.000,170.000,175.000,180.148,179.667,169.983,134.784,180.176,179.713,170.014,135.913,204.392,182.887,194.172,354.065,0.1919,0.0080,0.1691,0.9500,0.00,0.00,0.00,0.00
1363.00,180.000,180.000,170.000,175.000,180.149,179.670,169.984,134.840,180.177,179.715,170.015,135.968,204.386,182.861,194.149,354.114,0.1919,0.0101,0.1704,0.9500,0.00,0.00,0.00,0.00
1364.00,180.000,180.000,170.000,175.000,180.151,179.672,169.986,134.896,180.179,179.717,170.016,136.022,204.335,182.837,194.129,354.164,0.1208,0.0121,0.1715,0.9500,0.00,0.00,0.00,0.00
1365.00,180.000,180.000,170.000,175.000,180.152,179.674,169.987,134.951,180.180,179.718,170.017,136.077,204.244,182.816,194.109,354.213,0.1241,0.0140,0.1727,0.9500,0.00,0.00,0.00,0.00
1366.00,180.000,180.000,170.000,175.000,180.153,179.676,169.989,135.007,180.182,179.720,170.018,136.131,204.157,182.798,194.092,354.263,0.1272,0.0158,0.1737,0.9500,0.00,0.00,0.00,0.00
1367.00,180.000,180.000,170.000,175.000,180.155,179.678,169.990,135.062,180.183,179.722,170.018,136.186,204.074,182.781,194.075,354.312,0.1302,0.0175,0.1748,0.9500,0.00,0.00,0.00,0.00
1368.00,180.000,180.000,170.000,175.000,180.156,179.681,169.992,135.118,180.184,179.723,170.019,136.240,203.996,182.767,194.060,354.361,0.1329,0.0191,0.1757,0.9500,0.00,0.00,0.00,0.00
1369.00,180.000,180.000,170.000,175.000,180.158,179.683,169.993,135.173,180.186,179.725,170.020,136.294,203.922,182.754,194.047,354.411,0.1355,0.0206,0.1766,0.9500,0.00,0.00,0.00,0.00
1370.00,180.000,180.000,170.000,175.000,180.159,179.685,169.994,135.229,180.187,179.726,170.021,136.349,203.852,182.743,194.035,354.460,0.1379,0.0220,0.1775,0.9500,0.00,0.00,0.00,0.00
1371.00,180.000,180.000,170.000,175.000,180.160,179.687,169.995,135.284,180.187,179.728,170.021,136.403,203.785,182.735,194.024,354.509,0.1401,0.0234,0.1783,0.9500,0.00,0.00,0.00,0.00
1372.00,180.000,180.000,170.000,175.000,180.162,179.689,169.997,135.339,180.188,179.730,170.022,136.457,203.722,182.729,194.014,354.558,0.1422,0.0247,0.1791,0.9500,0.00,0.00,0.00,0.00
1373.00,180.000,180.000,170.000,175.000,180.163,179.691,169.998,135.394,180.189,179.731,170.023,136.511,203.661,182.723,194.005,354.608,0.1442,0.0259,0.1799,0.9500,0.00,0.00,0.00,0.00
1374.00,180.000,180.000,170.000,175.000,180.164,179.693,169.999,135.450,180.190,179.733,170.024,136.565,203.604,182.719,193.997,354.657,0.1460,0.0271,0.1806,0.9500,0.00,0.00,0.00,0.00
1375.00,180.000,180.000,170.000,175.000,180.165,179.695,170.000,135.505,180.190,179.734,170.024,136.619,203.550,182.717,193.990,354.706,0.1478,0.0282,0.1813,0.9500,0.00,0.00,0.00,0.00
1376.00,180.000,180.000,170.000,175.000,180.167,179.697,170.002,135.560,180.191,179.736,170.025,136.673,203.497,182.717,193.983,354.755,0.1494,0.0292,0.1819,0.9500,0.00,0.00,0.00,0.00
1377.00,180.000,180.000,170.000,175.000,180.168,179.699,170.003,135.615,180.191,179.737,170.026,136.727,203.447,182.716,193.978,354.803,0.1509,0.0302,0.1825,0.9500,0.00,0.00,0.00,0.00
1378.00,180.000,180.000,170.000,175.000,180.169,179.700,170.004,135.670,180.192,179.738,170.027,136.781,203.399,182.719,193.974,354.852,0.1523,0.0311,0.1831,0.9500,0.00,0.00,0.00,0.00
1379.00,180.000,180.000,170.000,175.000,180.170,179.702,170.005,135.724,180.192,179.740,170.028,136.835,203.354,182.721,193.969,354.901,0.1536,0.0320,0.1836,0.9500,0.00,0.00,0.00,0.00
1380.00,180.000,180.000,170.000,175.000,180.171,179.704,170.006,135.779,180.193,179.741,170.028,136.889,203.310,182.724,193.965,354.950,0.1549,0.0328,0.1842,0.9500,0.00,0.00,0.00,0.00
1381.00,180.000,180.000,170.000,175.000,180.172,179.706,170.007,135.834,180.193,179.743,170.029,136.942,203.268,182.729,193.964,354.999,0.1560,0.0336,0.1846,0.9500,0.00,0.00,0.00,0.00
1382.00,180.000,180.000,170.000,175.000,180.173,179.708,170.008,135.889,180.194,179.744,170.030,136.996,203.229,182.734,193.963,355.047,0.1571,0.0343,0.1851,0.9500,0.00,0.00,0.00,0.00
1383.00,180.000,180.000,170.000,175.000,180.174,179.710,170.009,135.943,180.194,179.746,170.031,137.050,203.190,182.741,193.961,355.096,0.1581,0.0350,0.1856,0.9500,0.00,0.00,0.00,0.00
1384.00,180.000,180.000,170.000,175.000,180.175,179.711,170.010,135.998,180.194,179.747,170.032,137.103,203.154,182.748,193.960,355.145,0.1591,0.0357,0.1860,0.9500,0.00,0.00,0.00,0.00
1385.00,180.000,180.000,170.000,175.000,180.176,179.713,170.011,136.053,180.194,179.749,170.032,137.157,203.118,182.757,193.961,355.193,0.1599,0.0363,0.1864,0.9500,0.00,0.00,0.00,0.00
1386.00,180.000,180.000,170.000,175.000,180.177,179.715,170.013,136.107,180.195,179.750,170.033,137.210,203.084,182.766,193.962,355.242,0.1607,0.0369,0.1868,0.9500,0.00,0.00,0.00,0.00
1387.00,180.000,180.000,170.000,175.000,180.178,179.717,170.014,136.162,180.195,179.752,170.034,137.263,203.052,182.775,193.963,355.290,0.1615,0.0375,0.1871,0.9500,0.00,0.00,0.00,0.00
1388.00,180.000,180.000,170.000,175.000,180.179,179.718,170.015,136.216,180.195,179.754,170.035,137.317,203.019,182.785,193.964,355.338,0.1622,0.0380,0.1875,0.9500,0.00,0.00,0.00,0.00
1389.00,180.000,180.000,170.000,175.000,180.180,179.720,170.016,136.270,180.195,179.755,170.036,137.370,202.990,182.797,193.966,355.387,0.1629,0.0385,0.1878,0.9500,0.00,0.00,0.00,0.00
1390.00,180.000,180.000,170.000,175.000,180.180,179.722,170.017,136.325,180.195,179.757,170.037,137.423,202.961,182.808,193.967,355.435,0.1635,0.0390,0.1881,0.9500,0.00,0.00,0.00,0.00
1391.00,180.000,180.000,170.000,175.000,180.181,179.724,170.018,136.379,180.195,179.758,170.038,137.476,202.932,182.820,193.970,355.483,0.1641,0.0395,0.1884,0.9500,0.00,0.00,0.00,0.00
1392.00,180.000,180.000,170.000,175.000,180.182,179.725,170.019,136.433,180.196,179.760,170.039,137.530,202.905,182.832,193.974,355.532,0.1646,0.0399,0.1887,0.9500,0.00,0.00,0.00,0.00
1393.00,180.000,180.000,170.000,175.000,180.182,179.727,170.020,136.487,180.196,179.762,170.040,137.583,202.879,182.844,193.978,355.580,0.1651,0.0403,0.1890,0.9500,0.00,0.00,0.00,0.00
1394.00,180.000,180.000,170.000,175.000,180.183,179.729,170.021,136.541,180.196,179.763,170.041,137.636,202.854,182.858,193.981,355.628,0.1655,0.0407,0.1892,0.9500,0.00,0.00,0.00,0.00
1395.00,180.000,180.000,170.000,175.000,180.184,179.730,170.022,136.595,180.196,179.765,170.042,137.689,202.828,182.872,193.985,355.676,0.1659,0.0410,0.1895,0.9500,0.00,0.00,0.00,0.00
1396.00,180.000,180.000,170.000,175.000,180.184,179.732,170.023,136.649,180.196,179.767,170.043,137.742,202.804,182.886,193.989,355.724,0.1663,0.0414,0.1897,0.9500,0.00,0.00,0.00,0.00
1397.00,180.000,180.000,170.000,175.000,180.185,179.734,170.024,136.703,180.196,179.768,170.044,137.795,202.782,182.899,193.992,355.772,0.1667,0.0417,0.1899,0.9500,0.00,0.00,0.00,0.00
1398.00,180.000,180.000,170.000,175.000,180.185,179.736,170.025,136.757,180.196,179.770,170.045,137.847,202.759,182.913,193.997,355.820,0.1670,0.0420,0.1901,0.9500,0.00,0.00,0.00,0.00
1399.00,180.000,180.000,170.000,175.000,180.186,179.737,170.026,136.811,180.196,179.772,170.046,137.900,202.737,182.929,194.003,355.868,0.1673,0.0423,0.1903,0.9500,0.00,0.00,0.00,0.00
1400.00,180.000,180.000,170.000,175.000,180.186,179.739,170.027,136.865,180.197,179.774,170.047,137.953,202.715,182.944,194.010,355.915,0.1676,0.0426,0.1905,0.9500,0.00,0.00,0.00,0.00
1401.00,180.000,180.000,170.000,175.000,180.187,179.741,170.028,136.918,180.197,179.775,170.048,138.006,202.694,182.960,194.016,355.963,0.1679,0.0428,0.1907,0.9500,0.00,0.00,0.00,0.00
1402.00,180.000,180.000,170.000,175.000,180.187,179.742,170.029,136.972,180.197,179.777,170.050,138.058,202.672,182.976,194.022,356.011,0.1681,0.0431,0.1908,0.9500,0.00,0.00,0.00,0.00
1403.00,180.000,180.000,170.000,175.000,180.188,179.744,170.030,137.026,180.197,179.779,170.051,138.111,202.653,182.991,194.028,356.059,0.1683,0.0433,0.1910,0.9500,0.00,0.00,0.00,0.00
1404.00,180.000,180.000,170.000,175.000,180.188,179.746,170.031,137.079,180.197,179.781,170.052,138.163,202.635,183.006,194.034,356.106,0.1685,0.0436,0.1911,0.9500,0.00,0.00,0.00,0.00
1405.00,180.000,180.000,170.000,175.000,180.189,179.748,170.032,137.133,180.197,179.783,170.053,138.216,202.616,183.022,194.040,356.154,0.1687,0.0438,0.1913,0.9500,0.00,0.00,0.00,0.00
1406.00,180.000,180.000,170.000,175.000,180.189,179.749,170.033,137.186,180.197,179.785,170.055,138.268,202.598,183.037,194.046,356.202,0.1688,0.0440,0.1914,0.9500,0.00,0.00,0.00,0.00
1407.00,180.000,180.000,170.000,175.000,180.190,179.751,170.034,137.240,180.197,179.787,170.056,138.321,202.580,183.024,194.052,356.249,0.1690,0.0000,0.1915,0.9500,0.00,0.00,0.00,0.00
1408.00,180.000,180.000,170.000,175.000,180.190,179.753,170.035,137.293,180.198,179.788,170.057,138.373,202.562,182.985,194.058,356.296,0.1691,0.0000,0.1917,0.9500,0.00,0.00,0.00,0.00
1409.00,180.000,180.000,170.000,175.000,180.190,179.755,170.036,137.346,180.198,179.790,170.059,138.425,202.545,182.946,194.064,356.344,0.1692,0.0000,0.1918,0.9500,0.00,0.00,0.00,0.00
1410.00,180.000,180.000,170.000,175.000,180.191,179.756,170.037,137.400,180.198,179.792,170.060,138.477,202.527,182.907,194.070,356.391,0.1693,0.0000,0.1919,0.9500,0.00,0.00,0.00,0.00
1411.00,180.000,180.000,170.000,175.000,180.191,179.758,170.038,137.453,180.198,179.794,170.061,138.530,202.510,182.868,194.075,356.439,0.1694,0.0000,0.1920,0.9500,0.00,0.00,0.00,0.00
1412.00,180.000,180.000,170.000,175.000,180.191,179.760,170.040,137.506,180.198,179.795,170.063,138.582,202.493,182.830,194.084,356.486,0.1695,0.0000,0.1921,0.9500,0.00,0.00,0.00,0.00
1413.00,180.000,180.000,170.000,175.000,180.192,179.762,170.041,137.559,180.198,179.797,170.064,138.634,202.476,182.793,194.092,356.533,0.1695,0.0018,0.1922,0.9500,0.00,0.00,0.00,0.00
1414.00,180.000,180.000,170.000,175.000,180.192,179.763,170.042,137.612,180.199,179.798,170.066,138.686,202.459,182.759,194.100,356.580,0.1696,0.0038,0.1923,0.9500,0.00,0.00,0.00,0.00
1415.00,180.000,180.000,170.000,175.000,180.192,179.765,170.043,137.665,180.199,179.799,170.067,138.738,202.442,182.727,194.109,356.627,0.1696,0.0058,0.1924,0.9500,0.00,0.00,0.00,0.00
1416.00,180.000,180.000,170.000,175.000,180.193,179.767,170.044,137.718,180.199,179.801,170.069,138.790,202.426,182.699,194.117,356.675,0.1697,0.0076,0.1925,0.9500,0.00,0.00,0.00,0.00
1417.00,180.000,180.000,170.000,175.000,180.193,179.768,170.045,137.771,180.199,179.802,170.070,138.842,202.410,182.673,194.125,356.722,0.1697,0.0093,0.1925,0.9500,0.00,0.00,0.00,0.00
1418.00,180.000,180.000,170.000,175.000,180.193,179.770,170.047,137.824,180.200,179.803,170.072,138.893,202.394,182.650,194.133,356.769,0.1697,0.0110,0.1926,0.9500,0.00,0.00,0.00,0.00
1419.00,180.000,180.000,170.000,175.000,180.194,179.772,170.048,137.877,180.200,179.804,170.074,138.945,202.378,182.628,194.141,356.816,0.1697,0.0125,0.1927,0.9500,0.00,0.00,0.00,0.00
1420.00,180.000,180.000,170.000,175.000,180.194,179.773,170.049,137.929,180.200,179.805,170.075,138.997,202.362,182.608,194.149,356.862,0.1697,0.0140,0.1927,0.9500,0.00,0.00,0.00,0.00
1421.00,180.000,180.000,170.000,175.000,180.194,179.775,170.051,137.982,180.200,179.806,170.077,139.049,202.346,182.592,194.112,356.909,0.1697,0.0154,0.1216,0.9500,0.00,0.00,0.00,0.00
1422.00,180.000,180.000,170.000,175.000,180.195,179.776,170.052,138.035,180.201,179.807,170.078,139.100,202.331,182.577,194.033,356.956,0.1697,0.0167,0.1244,0.9500,0.00,0.00,0.00,0.00
1423.00,180.000,180.000,170.000,175.000,180.195,179.778,170.053,138.087,180.201,179.808,170.080,139.152,202.316,182.563,193.957,357.003,0.1697,0.0180,0.1271,0.9500,0.00,0.00,0.00,0.00
1424.00,180.000,180.000,170.000,175.000,180.195,179.779,170.054,138.140,180.201,179.809,170.081,139.203,202.301,182.550,193.886,357.050,0.1697,0.0191,0.1297,0.9500,0.00,0.00,0.00,0.00
1425.00,180.000,180.000,170.000,175.000,180.195,179.781,170.056,138.192,180.201,179.810,170.082,139.255,202.286,182.539,193.817,357.096,0.1697,0.0203,0.1322,0.9500,0.00,0.00,0.00,0.00
1426.00,180.000,180.000,170.000,175.000,180.196,179.782,170.057,138.245,180.202,179.811,170.083,139.306,202.271,182.530,193.753,357.143,0.1696,0.0213,0.1345,0.9500,0.00,0.00,0.00,0.00
1427.00,180.000,180.000,170.000,175.000,180.196,179.784,170.058,138.297,180.202,179.812,170.084,139.358,202.256,182.522,193.692,357.190,0.1696,0.0223,0.1367,0.9500,0.00,0.00,0.00,0.00
1428.00,180.000,180.000,170.000,175.000,180.196,179.785,170.060,138.350,180.203,179.813,170.085,139.409,202.242,182.516,193.634,357.236,0.1696,0.0233,0.1388,0.9500,0.00,0.00,0.00,0.00
1429.00,180.000,180.000,170.000,175.000,180.197,179.786,170.061,138.402,180.203,179.814,170.086,139.460,202.228,182.510,193.579,357.283,0.1695,0.0242,0.1408,0.9500,0.00,0.00,0.00,0.00
1430.00,180.000,180.000,170.000,175.000,180.197,179.788,170.062,138.454,180.203,179.814,170.087,139.511,202.214,182.506,193.527,357.329,0.1695,0.0250,0.1426,0.9500,0.00,0.00,0.00,0.00
1431.00,180.000,180.000,170.000,175.000,180.197,179.789,170.063,138.506,180.204,179.815,170.087,139.563,202.200,182.503,193.477,357.376,0.1694,0.0258,0.1444,0.9500,0.00,0.00,0.00,0.00
1432.00,180.000,180.000,170.000,175.000,180.198,179.790,170.065,138.558,180.204,179.816,170.088,139.614,202.186,182.501,193.431,357.422,0.1694,0.0266,0.1461,0.9500,0.00,0.00,0.00,0.00
1433.00,180.000,180.000,170.000,175.000,180.198,179.792,170.066,138.611,180.204,179.817,170.088,139.665,202.172,182.500,193.387,357.468,0.1693,0.0273,0.1477,0.9500,0.00,0.00,0.00,0.00
1434.00,180.000,180.000,170.000,175.000,180.198,179.793,170.067,138.663,180.205,179.818,170.088,139.716,202.159,182.499,193.345,357.515,0.1693,0.0280,0.1493,0.9500,0.00,0.00,0.00,0.00
1435.00,180.000,180.000,170.000,175.000,180.199,179.794,170.068,138.715,180.205,179.819,170.089,139.767,202.145,182.501,193.305,357.561,0.1692,0.0286,0.1507,0.9500,0.00,0.00,0.00,0.00
1436.00,180.000,180.000,170.000,175.000,180.199,179.795,170.069,138.767,180.206,179.819,170.089,139.818,202.132,182.502,193.268,357.607,0.1691,0.0293,0.1521,0.9500,0.00,0.00,0.00,0.00
1437.00,180.000,180.000,170.000,175.000,180.199,179.796,170.070,138.818,180.206,179.820,170.089,139.869,202.119,182.504,193.233,357.653,0.1691,0.0298,0.1534,0.9500,0.00,0.00,0.00,0.00
1438.00,180.000,180.000,170.000,175.000,180.200,179.798,170.071,138.870,180.207,179.821,170.089,139.920,202.106,182.507,193.199,357.699,0.1690,0.0304,0.1546,0.9500,0.00,0.00,0.00,0.00
1439.00,180.000,180.000,170.000,175.000,180.200,179.799,170.072,138.922,180.207,179.822,170.090,139.970,202.094,182.511,193.167,357.745,0.1689,0.0309,0.1558,0.9500,0.00,0.00,0.00,0.00
1440.00,180.000,180.000,170.000,175.000,180.200,179.800,170.073,138.974,180.208,179.823,170.090,140.021,202.081,182.515,193.137,357.791,0.1688,0.0314,0.1569,0.9500,0.00,0.00,0.00,0.00
1441.00,180.000,180.000,170.000,175.000,180.201,179.801,170.073,139.026,180.208,179.824,170.090,140.072,202.069,182.519,193.108,357.837,0.1688,0.0319,0.1580,0.9500,0.00,0.00,0.00,0.00
1442.00,180.000,180.000,170.000,175.000,180.201,179.802,170.074,139.077,180.209,179.824,170.090,140.123,202.056,182.524,193.081,357.883,0.1687,0.0323,0.1590,0.9500,0.00,0.00,0.00,0.00
1443.00,180.000,180.000,170.000,175.000,180.201,179.803,170.075,139.129,180.209,179.825,170.090,140.173,202.044,182.530,193.055,357.929,0.1686,0.0327,0.1599,0.9500,0.00,0.00,0.00,0.00
1444.00,180.000,180.000,170.000,175.000,180.202,179.804,170.076,139.180,180.210,179.826,170.090,140.224,202.032,182.537,193.031,357.975,0.1685,0.0331,0.1608,0.9500,0.00,0.00,0.00,0.00
1445.00,180.000,180.000,170.000,175.000,180.202,179.805,170.076,139.232,180.211,179.827,170.090,140.274,202.020,182.543,193.007,358.021,0.1684,0.0335,0.1616,0.9500,0.00,0.00,0.00,0.00
1446.00,180.000,180.000,170.000,175.000,180.203,179.806,170.077,139.283,180.211,179.828,170.089,140.325,202.009,182.549,192.986,358.066,0.1684,0.0338,0.1625,0.9500,0.00,0.00,0.00,0.00
1447.00,180.000,180.000,170.000,175.000,180.203,179.808,170.078,139.335,180.212,179.829,170.089,140.375,201.997,182.557,192.965,358.112,0.1683,0.0342,0.1632,0.9500,0.00,0.00,0.00,0.00
1448.00,180.000,180.000,170.000,175.000,180.204,179.809,170.078,139.386,180.213,179.830,170.089,140.426,201.985,182.565,192.945,358.158,0.1682,0.0345,0.1639,0.9500,0.00,0.00,0.00,0.00
1449.00,180.000,180.000,170.000,175.000,180.204,179.810,170.079,139.438,180.213,179.831,170.089,140.476,201.974,182.574,192.926,358.203,0.1681,0.0348,0.1646,0.9500,0.00,0.00,0.00,0.00
1450.00,180.000,180.000,170.000,175.000,180.204,179.811,170.079,139.489,180.214,179.831,170.089,140.526,201.963,182.582,192.909,358.249,0.1680,0.0351,0.1653,0.9500,0.00,0.00,0.00,0.00
1451.00,180.000,180.000,170.000,175.000,180.205,179.812,170.080,139.540,180.215,179.832,170.089,140.576,201.949,182.591,192.891,358.295,0.1679,0.0353,0.1659,0.9500,0.00,0.00,0.00,0.00
1452.00,180.000,180.000,170.000,175.000,180.205,179.813,170.080,139.591,180.215,179.833,170.088,140.627,201.936,182.599,192.875,358.340,0.1678,0.0356,0.1665,0.9500,0.00,0.00,0.00,0.00
1453.00,180.000,180.000,170.000,175.000,180.206,179.814,170.081,139.642,180.216,179.834,170.088,140.677,201.923,182.608,192.861,358.386,0.1677,0.0358,0.1670,0.9500,0.00,0.00,0.00,0.00
1454.00,180.000,180.000,170.000,175.000,180.206,179.815,170.081,139.693,180.217,179.835,170.088,140.727,201.910,182.616,192.847,358.431,0.1676,0.0361,0.1675,0.9500,0.00,0.00,0.00,0.00
1455.00,180.000,180.000,170.000,175.000,180.207,179.816,170.081,139.744,180.217,179.836,170.088,140.777,201.897,182.627,192.832,358.476,0.1675,0.0363,0.1680,0.9500,0.00,0.00,0.00,0.00
1456.00,180.000,180.000,170.000,175.000,180.207,179.817,170.082,139.795,180.218,179.837,170.087,140.827,201.884,182.637,192.820,358.522,0.1675,0.0365,0.1685,0.9500,0.00,0.00,0.00,0.00
1457.00,180.000,180.000,170.000,175.000,180.208,179.818,170.082,139.846,180.219,179.838,170.087,140.877,201.871,182.648,192.809,358.567,0.1674,0.0367,0.1689,0.9500,0.00,0.00,0.00,0.00
1458.00,180.000,180.000,170.000,175.000,180.209,179.819,170.082,139.897,180.220,179.839,170.087,140.927,201.859,182.658,192.797,358.612,0.1673,0.0368,0.1694,0.9500,0.00,0.00,0.00,0.00
1459.00,180.000,180.000,170.000,175.000,180.209,179.820,170.082,139.948,180.221,179.840,170.087,140.977,201.847,182.669,192.786,358.657,0.1672,0.0370,0.1698,0.9500,0.00,0.00,0.00,0.00
1460.00,180.000,180.000,170.000,175.000,180.210,179.821,170.083,139.999,180.221,179.841,170.086,141.027,201.834,182.679,192.775,358.702,0.1671,0.0372,0.1701,0.9500,0.00,0.00,0.00,0.00
1461.00,180.000,180.000,170.000,175.000,180.210,179.822,170.083,140.050,180.222,179.842,170.086,141.076,201.822,182.689,192.766,358.748,0.1670,0.0373,0.1705,0.9500,0.00,0.00,0.00,0.00
1462.00,180.000,180.000,170.000,175.000,180.211,179.823,170.083,140.100,180.223,179.844,170.086,141.126,201.810,182.699,192.757,358.793,0.1669,0.0375,0.1708,0.9500,0.00,0.00,0.00,0.00
1463.00,180.000,180.000,170.000,175.000,180.211,179.824,170.083,140.151,180.224,179.845,170.085,141.176,201.799,182.709,192.749,358.838,0.1668,0.0376,0.1711,0.9500,0.00,0.00,0.00,0.00
1464.00,180.000,180.000,170.000,175.000,180.212,179.825,170.083,140.202,180.225,179.846,170.085,141.226,201.787,182.719,192.740,358.883,0.1667,0.0378,0.1714,0.9500,0.00,0.00,0.00,0.00
1465.00,180.000,180.000,170.000,175.000,180.213,179.826,170.083,140.252,180.226,179.847,170.085,141.275,201.776,182.729,192.732,358.928,0.1666,0.0379,0.1717,0.9500,0.00,0.00,0.00,0.00
1466.00,180.000,180.000,170.000,175.000,180.213,179.827,170.083,140.303,180.227,179.848,170.085,141.325,201.764,182.739,192.723,358.972,0.1665,0.0380,0.1720,0.9500,0.00,0.00,0.00,0.00
1467.00,180.000,180.000,170.000,175.000,180.214,179.828,170.083,140.353,180.228,179.849,170.084,141.374,201.753,182.750,192.716,359.017,0.1664,0.0381,0.1722,0.9500,0.00,0.00,0.00,0.00
1468.00,180.000,180.000,170.000,175.000,180.215,179.829,170.083,140.403,180.229,179.850,170.084,141.424,201.742,182.763,192.710,359.062,0.1663,0.0382,0.1725,0.9500,0.00,0.00,0.00,0.00
1469.00,180.000,180.000,170.000,175.000,180.215,179.830,170.083,140.454,180.230,179.852,170.084,141.473,201.731,182.775,192.705,359.107,0.1662,0.0383,0.1727,0.9500,0.00,0.00,0.00,0.00
1470.00,180.000,180.000,170.000,175.000,180.216,179.831,170.083,140.504,180.231,179.853,170.083,141.523,201.720,182.787,192.699,359.152,0.1661,0.0384,0.1729,0.9500,0.00,0.00,0.00,0.00
1471.00,180.000,180.000,170.000,175.000,180.217,179.832,170.083,140.554,180.232,179.854,170.083,141.572,201.710,182.799,192.693,359.196,0.1660,0.0385,0.1731,0.9500,0.00,0.00,0.00,0.00
1472.00,180.000,180.000,170.000,175.000,180.218,179.833,170.083,140.605,180.233,179.855,170.083,141.621,201.697,182.811,192.688,359.241,0.1659,0.0386,0.1733,0.9500,0.00,0.00,0.00,0.00
1473.00,180.000,180.000,170.000,175.000,180.218,179.834,170.083,140.655,180.234,179.856,170.083,141.670,201.684,182.822,192.682,359.285,0.1658,0.0387,0.1734,0.9500,0.00,0.00,0.00,0.00
1474.00,180.000,180.000,170.000,175.000,180.219,179.835,170.083,140.705,180.235,179.858,170.082,141.720,201.671,182.834,192.677,359.330,0.1657,0.0387,0.1736,0.9500,0.00,0.00,0.00,0.00
1475.00,180.000,180.000,170.000,175.000,180.220,179.837,170.083,140.755,180.236,179.859,170.082,141.769,201.658,182.846,192.671,359.375,0.1656,0.0388,0.1738,0.9500,0.00,0.00,0.00,0.00
1476.00,180.000,180.000,170.000,175.000,180.221,179.838,170.083,140.805,180.237,179.860,170.082,141.818,201.646,182.857,192.666,359.419,0.1655,0.0389,0.1739,0.9500,0.00,0.00,0.00,0.00
1477.00,180.000,180.000,170.000,175.000,180.221,179.839,170.083,140.855,180.238,179.862,170.082,141.867,201.634,182.869,192.661,359.463,0.1654,0.0389,0.1740,0.9500,0.00,0.00,0.00,0.00
1478.00,180.000,180.000,170.000,175.000,180.222,179.840,170.083,140.905,180.239,179.863,170.081,141.916,201.622,182.880,192.658,359.508,0.1653,0.0390,0.1742,0.9500,0.00,0.00,0.00,0.00
1479.00,180.000,180.000,170.000,175.000,180.223,179.841,170.083,140.955,180.240,179.864,170.081,141.965,201.610,182.891,192.655,359.552,0.1652,0.0391,0.1743,0.9500,0.00,0.00,0.00,0.00
1480.00,180.000,180.000,170.000,175.000,180.224,179.842,170.083,141.005,180.241,179.866,170.081,142.014,201.598,182.903,192.653,359.596,0.1650,0.0391,0.1744,0.9500,0.00,0.00,0.00,0.00
1481.00,180.000,180.000,170.000,175.000,180.225,179.843,170.083,141.055,180.242,179.867,170.081,142.063,201.586,182.914,192.650,359.641,0.1649,0.0392,0.1745,0.9500,0.00,0.00,0.00,0.00
1482.00,180.000,180.000,170.000,175.000,180.226,179.845,170.083,141.105,180.243,179.869,170.080,142.112,201.575,182.925,192.647,359.685,0.1648,0.0392,0.1746,0.9500,0.00,0.00,0.00,0.00
1483.00,180.000,180.000,170.000,175.000,180.226,179.846,170.083,141.154,180.244,179.870,170.080,142.161,201.563,182.936,192.645,359.729,0.1647,0.0393,0.1747,0.9500,0.00,0.00,0.00,0.00
1484.00,180.000,180.000,170.000,175.000,180.227,179.847,170.082,141.204,180.246,179.871,170.080,142.209,201.552,182.947,192.642,359.773,0.1646,0.0393,0.1748,0.9500,0.00,0.00,0.00,0.00
1485.00,180.000,180.000,170.000,175.000,180.228,179.848,170.082,141.254,180.247,179.873,170.080,142.258,201.541,182.958,192.640,359.817,0.1645,0.0393,0.1749,0.9500,0.00,0.00,0.00,0.00
1486.00,180.000,180.000,170.000,175.000,180.229,179.849,170.082,141.303,180.248,179.874,170.080,142.307,201.530,182.968,192.637,359.861,0.1644,0.0394,0.1749,0.9500,0.00,0.00,0.00,0.00
1487.00,180.000,180.000,170.000,175.000,180.230,179.851,170.082,141.353,180.249,179.876,170.080,142.355,201.519,182.954,192.635,359.905,0.1643,0.0000,0.1750,0.9500,0.00,0.00,0.00,0.00
1488.00,180.000,180.000,170.000,175.000,180.231,179.852,170.082,141.402,180.250,179.877,170.079,142.404,201.508,182.915,192.632,359.949,0.1642,0.0000,0.1751,0.9500,0.00,0.00,0.00,0.00
1489.00,180.000,180.000,170.000,175.000,180.232,179.853,170.082,141.452,180.252,179.879,170.079,142.453,201.498,182.877,192.630,359.993,0.1641,0.0000,0.1751,0.9500,0.00,0.00,0.00,0.00
1490.00,180.000,180.000,170.000,175.000,180.233,179.854,170.082,141.501,180.253,179.880,170.079,142.501,201.487,182.838,192.627,360.037,0.1640,0.0000,0.1752,0.9500,0.00,0.00,0.00,0.00
1491.00,180.000,180.000,170.000,175.000,180.234,179.856,170.082,141.550,180.254,179.881,170.079,142.550,201.474,182.800,192.625,360.081,0.1639,0.0000,0.1752,0.9500,0.00,0.00,0.00,0.00
1492.00,180.000,180.000,170.000,175.000,180.235,179.857,170.081,141.600,180.256,179.882,170.079,142.598,201.462,182.763,192.623,360.125,0.1638,0.0000,0.1753,0.9500,0.00,0.00,0.00,0.00
1493.00,180.000,180.000,170.000,175.000,180.236,179.858,170.081,141.649,180.257,179.883,170.079,142.646,201.449,182.725,192.620,360.169,0.1637,0.0000,0.1753,0.9500,0.00,0.00,0.00,0.00
1494.00,180.000,180.000,170.000,175.000,180.237,179.859,170.081,141.698,180.258,179.884,170.079,142.695,201.437,182.688,192.618,360.212,0.1636,0.0000,0.1753,0.9500,0.00,0.00,0.00,0.00
1495.00,180.000,180.000,170.000,175.000,180.238,179.861,170.081,141.748,180.259,179.885,170.079,142.743,201.424,182.651,192.616,360.256,0.1635,0.0001,0.1754,0.9500,0.00,0.00,0.00,0.00
1496.00,180.000,180.000,170.000,175.000,180.239,179.862,170.081,141.797,180.261,179.886,170.079,142.791,201.412,182.617,192.613,360.300,0.1634,0.0018,0.1754,0.9500,0.00,0.00,0.00,0.00
1497.00,180.000,180.000,170.000,175.000,180.240,179.863,170.081,141.846,180.262,179.886,170.079,142.840,201.400,182.584,192.611,360.343,0.1633,0.0035,0.1754,0.9500,0.00,0.00,0.00,0.00
1498.00,180.000,180.000,170.000,175.000,180.241,179.864,170.081,141.895,180.264,179.887,170.079,142.888,201.389,182.554,192.609,360.387,0.1632,0.0050,0.1754,0.9500,0.00,0.00,0.00,0.00
1499.00,180.000,180.000,170.000,175.000,180.242,179.865,170.081,141.944,180.265,179.888,170.078,142.936,201.377,182.525,192.607,360.430,0.1631,0.0065,0.1755,0.9500,0.00,0.00,0.00,0.00
1500.00,180.000,180.000,170.000,175.000,180.244,179.866,170.081,141.993,180.266,179.888,170.078,142.984,201.365,182.500,192.605,360.474,0.1630,0.0079,0.1755,0.9500,0.00,0.00,0.00,0.00
1501.00,180.000,180.000,170.000,175.000,180.245,179.867,170.080,142.042,180.268,179.889,170.078,143.032,201.354,182.475,192.603,360.517,0.1629,0.0092,0.1755,0.9500,0.00,0.00,0.00,0.00
1502.00,180.000,180.000,170.000,175.000,180.246,179.868,170.080,142.091,180.269,179.889,170.078,143.080,201.343,182.452,192.601,360.561,0.1627,0.0105,0.1755,0.9500,0.00,0.00,0.00,0.00
1503.00,180.000,180.000,170.000,175.000,180.247,179.869,170.080,142.140,180.271,179.890,170.078,143.128,201.332,182.432,192.599,360.604,0.1626,0.0117,0.1755,0.9500,0.00,0.00,0.00,0.00
1504.00,180.000,180.000,170.000,175.000,180.248,179.870,170.080,142.188,180.272,179.890,170.078,143.176,201.321,182.413,192.597,360.647,0.1625,0.0128,0.1755,0.9500,0.00,0.00,0.00,0.00
1505.00,180.000,180.000,170.000,175.000,180.249,179.871,170.080,142.237,180.273,179.890,170.078,143.224,201.310,182.395,192.595,360.691,0.1624,0.0139,0.1755,0.9500,0.00,0.00,0.00,0.00
1506.00,180.000,180.000,170.000,175.000,180.250,179.872,170.080,142.286,180.275,179.891,170.078,143.272,201.253,182.379,192.593,360.734,0.0912,0.0149,0.1755,0.9500,0.00,0.00,0.00,0.00
1507.00,180.000,180.000,170.000,175.000,180.252,179.873,170.080,142.334,180.276,179.891,170.079,143.319,201.155,182.364,192.591,360.777,0.0944,0.0158,0.1755,0.9500,0.00,0.00,0.00,0.00
1508.00,180.000,180.000,170.000,175.000,180.253,179.874,170.080,142.383,180.277,179.891,170.079,143.367,201.062,182.351,192.589,360.820,0.0974,0.0167,0.1755,0.9500,0.00,0.00,0.00,0.00
1509.00,180.000,180.000,170.000,175.000,180.254,179.875,170.080,142.432,180.278,179.892,170.079,143.415,200.973,182.339,192.587,360.863,0.1002,0.0176,0.1755,0.9500,0.00,0.00,0.00,0.00
1510.00,180.000,180.000,170.000,175.000,180.255,179.876,170.080,142.480,180.279,179.892,170.079,143.463,200.887,182.327,192.585,360.906,0.1028,0.0184,0.1755,0.9500,0.00,0.00,0.00,0.00
1511.00,180.000,180.000,170.000,175.000,180.256,179.877,170.080,142.529,180.280,179.892,170.079,143.510,200.807,182.317,192.583,360.949,0.1052,0.0191,0.1755,0.9500,0.00,0.00,0.00,0.00
1512.00,180.000,180.000,170.000,175.000,180.258,179.877,170.080,142.577,180.281,179.892,170.079,143.558,200.729,182.308,192.582,360.992,0.1075,0.0199,0.1755,0.9500,0.00,0.00,0.00,0.00
1513.00,180.000,180.000,170.000,175.000,180.259,179.878,170.080,142.626,180.281,179.892,170.079,143.605,200.655,182.299,192.580,361.035,0.1097,0.0206,0.1755,0.9500,0.00,0.00,0.00,0.00
1514.00,180.000,180.000,170.000,175.000,180.260,179.879,170.080,142.674,180.282,179.893,170.079,143.653,200.583,182.293,192.578,361.078,0.1117,0.0212,0.1755,0.9500,0.00,0.00,0.00,0.00
1515.00,180.000,180.000,170.000,175.000,180.261,179.879,170.080,142.722,180.282,179.893,170.079,143.700,200.515,182.286,192.576,361.121,0.1136,0.0218,0.1755,0.9500,0.00,0.00,0.00,0.00
1516.00,180.000,180.000,170.000,175.000,180.262,179.880,170.080,142.771,180.282,179.893,170.079,143.748,200.450,182.280,192.575,361.164,0.1153,0.0224,0.1755,0.9500,0.00,0.00,0.00,0.00
1517.00,180.000,180.000,170.000,175.000,180.263,179.881,170.080,142.819,180.283,179.893,170.079,143.795,200.387,182.276,192.573,361.207,0.1169,0.0229,0.1755,0.9500,0.00,0.00,0.00,0.00
1518.00,180.000,180.000,170.000,175.000,180.264,179.881,170.080,142.867,180.283,179.893,170.080,143.843,200.327,182.272,192.571,361.250,0.1185,0.0235,0.1754,0.9500,0.00,0.00,0.00,0.00
1519.00,180.000,180.000,170.000,175.000,180.265,179.882,170.080,142.915,180.283,179.893,170.080,143.890,200.269,182.268,192.570,361.292,0.1199,0.0240,0.1754,0.9500,0.00,0.00,0.00,0.00
1520.00,180.000,180.000,170.000,175.000,180.266,179.882,170.080,142.963,180.283,179.893,170.080,143.937,200.213,182.265,192.568,361.335,0.1212,0.0244,0.1754,0.9500,0.00,0.00,0.00,0.00
1521.00,180.000,180.000,170.000,175.000,180.267,179.883,170.080,143.011,180.283,179.893,170.080,143.984,200.159,182.263,192.567,361.378,0.1225,0.0249,0.1754,0.9500,0.00,0.00,0.00,0.00
1522.00,180.000,180.000,170.000,175.000,180.267,179.883,170.080,143.059,180.283,179.893,170.080,144.032,200.108,182.261,192.565,361.420,0.1236,0.0253,0.1754,0.9500,0.00,0.00,0.00,0.00
1523.00,180.000,180.000,170.000,175.000,180.268,179.884,170.080,143.107,180.282,179.893,170.081,144.079,200.058,182.260,192.563,361.463,0.1247,0.0257,0.1754,0.9500,0.00,0.00,0.00,0.00
1524.00,180.000,180.000,170.000,175.000,180.269,179.884,170.080,143.155,180.282,179.894,170.081,144.126,200.010,182.258,192.562,361.505,0.1257,0.0261,0.1753,0.9500,0.00,0.00,0.00,0.00
1525.00,180.000,180.000,170.000,175.000,180.269,179.885,170.080,143.203,180.282,179.894,170.081,144.173,199.964,182.259,192.561,361.548,0.1266,0.0264,0.1753,0.9500,0.00,0.00,0.00,0.00
1526.00,180.000,180.000,170.000,175.000,180.270,179.885,170.080,143.251,180.282,179.894,170.081,144.220,199.919,182.260,192.559,361.590,0.1275,0.0267,0.1753,0.9500,0.00,0.00,0.00,0.00
1527.00,180.000,180.000,170.000,175.000,180.271,179.886,170.080,143.299,180.281,179.894,170.081,144.267,199.875,182.260,192.558,361.633,0.1283,0.0271,0.1753,0.9500,0.00,0.00,0.00,0.00
1528.00,180.000,180.000,170.000,175.000,180.271,179.886,170.080,143.347,180.281,179.894,170.082,144.314,199.833,182.261,192.556,361.675,0.1290,0.0274,0.1752,0.9500,0.00,0.00,0.00,0.00
1529.00,180.000,180.000,170.000,175.000,180.272,179.886,170.080,143.395,180.280,179.894,170.082,144.361,199.792,182.262,192.555,361.717,0.1297,0.0276,0.1752,0.9500,0.00,0.00,0.00,0.00
1530.00,180.000,180.000,170.000,175.000,180.272,179.887,170.080,143.442,180.280,179.894,170.082,144.407,199.753,182.263,192.554,361.760,0.1304,0.0279,0.1752,0.9500,0.00,0.00,0.00,0.00
1531.00,180.000,180.000,170.000,175.000,180.272,179.887,170.080,143.490,180.279,179.894,170.083,144.454,199.715,182.265,192.552,361.802,0.1310,0.0282,0.1752,0.9500,0.00,0.00,0.00,0.00
1532.00,180.000,180.000,170.000,175.000,180.273,179.888,170.080,143.537,180.279,179.894,170.083,144.501,199.677,182.268,192.551,361.844,0.1315,0.0284,0.1751,0.9500,0.00,0.00,0.00,0.00
1533.00,180.000,180.000,170.000,175.000,180.273,179.888,170.081,143.585,180.278,179.894,170.083,144.548,199.640,182.271,192.550,361.886,0.1320,0.0286,0.1751,0.9500,0.00,0.00,0.00,0.00
1534.00,180.000,180.000,170.000,175.000,180.273,179.888,170.081,143.633,180.278,179.894,170.084,144.594,199.605,182.275,192.548,361.928,0.1325,0.0289,0.1751,0.9500,0.00,0.00,0.00,0.00
1535.00,180.000,180.000,170.000,175.000,180.273,179.888,170.081,143.680,180.277,179.894,170.084,144.641,199.571,182.278,192.547,361.971,0.1329,0.0291,0.1751,0.9500,0.00,0.00,0.00,0.00
1536.00,180.000,180.000,170.000,175.000,180.274,179.889,170.081,143.728,180.276,179.894,170.084,144.688,199.537,182.281,192.546,362.013,0.1333,0.0293,0.1750,0.9500,0.00,0.00,0.00,0.00
1537.00,180.000,180.000,170.000,175.000,180.274,179.889,170.081,143.775,180.276,179.894,170.085,144.734,199.503,182.284,192.545,362.055,0.1336,0.0294,0.1750,0.9500,0.00,0.00,0.00,0.00
1538.00,180.000,180.000,170.000,175.000,180.274,179.889,170.081,143.822,180.275,179.894,170.085,144.781,199.470,182.287,192.544,362.097,0.1340,0.0296,0.1750,0.9500,0.00,0.00,0.00,0.00
1539.00,180.000,180.000,170.000,175.000,180.274,179.889,170.081,143.870,180.274,179.895,170.085,144.827,199.438,182.290,192.542,362.139,0.1342,0.0298,0.1750,0.9500,0.00,0.00,0.00,0.00
1540.00,180.000,180.000,170.000,175.000,180.274,179.890,170.082,143.917,180.273,179.895,170.086,144.874,199.408,182.293,192.541,362.180,0.1345,0.0299,0.1749,0.9500,0.00,0.00,0.00,0.00
1541.00,180.000,180.000,170.000,175.000,180.274,179.890,170.082,143.964,180.273,179.895,170.086,144.920,199.378,182.297,192.540,362.222,0.1348,0.0301,0.1749,0.9500,0.00,0.00,0.00,0.00
1542.00,180.000,180.000,170.000,175.000,180.274,179.890,170.082,144.011,180.272,179.895,170.086,144.966,199.348,182.303,192.539,362.264,0.1350,0.0302,0.1749,0.9500,0.00,0.00,0.00,0.00
1543.00,180.000,180.000,170.000,175.000,180.274,179.890,170.082,144.058,180.271,179.895,170.087,145.013,199.318,182.308,192.538,362.306,0.1352,0.0303,0.1748,0.9500,0.00,0.00,0.00,0.00
1544.00,180.000,180.000,170.000,175.000,180.273,179.891,170.083,144.106,180.270,179.895,170.087,145.059,199.289,182.313,192.537,362.348,0.1353,0.0305,0.1748,0.9500,0.00,0.00,0.00,0.00
1545.00,180.000,180.000,170.000,175.000,180.273,179.891,170.083,144.153,180.269,179.895,170.088,145.105,199.260,182.319,192.536,362.389,0.1355,0.0306,0.1748,0.9500,0.00,0.00,0.00,0.00
1546.00,180.000,180.000,170.000,175.000,180.273,179.891,170.083,144.200,180.268,179.895,170.088,145.151,199.231,182.324,192.535,362.431,0.1356,0.0307,0.1748,0.9500,0.00,0.00,0.00,0.00
1547.00,180.000,180.000,170.000,175.000,180.273,179.891,170.083,144.247,180.268,179.895,170.089,145.197,199.202,182.329,192.534,362.473,0.1357,0.0308,0.1747,0.9500,0.00,0.00,0.00,0.00
1548.00,180.000,180.000,170.000,175.000,180.273,179.892,170.084,144.294,180.267,179.896,170.089,145.244,199.174,182.334,192.533,362.514,0.1358,0.0309,0.1747,0.9500,0.00,0.00,0.00,0.00
1549.00,180.000,180.000,170.000,175.000,180.272,179.892,170.084,144.340,180.266,179.896,170.090,145.290,199.146,182.340,192.532,362.556,0.1359,0.0310,0.1747,0.9500,0.00,0.00,0.00,0.00
1550.00,180.000,180.000,170.000,175.000,180.272,179.892,170.084,144.387,180.265,179.896,170.090,145.336,199.118,182.345,192.531,362.597,0.1360,0.0311,0.1746,0.9500,0.00,0.00,0.00,0.00
1551.00,180.000,180.000,170.000,175.000,180.272,179.892,170.084,144.434,180.264,179.896,170.091,145.382,199.093,182.350,192.530,362.639,0.1361,0.0312,0.1746,0.9500,0.00,0.00,0.00,0.00
1552.00,180.000,180.000,170.000,175.000,180.271,179.892,170.085,144.481,180.263,179.896,170.091,145.427,199.068,182.355,192.529,362.680,0.1361,0.0313,0.1746,0.9500,0.00,0.00,0.00,0.00
1553.00,180.000,180.000,170.000,175.000,180.271,179.892,170.085,144.528,180.262,179.896,170.092,145.473,199.043,182.360,192.529,362.722,0.1361,0.0313,0.1745,0.9500,0.00,0.00,0.00,0.00
1554.00,180.000,180.000,170.000,175.000,180.270,179.893,170.085,144.574,180.261,179.897,170.092,145.519,199.019,182.365,192.528,362.763,0.1361,0.0314,0.1745,0.9500,0.00,0.00,0.00,0.00
1555.00,180.000,180.000,170.000,175.000,180.270,179.893,170.086,144.621,180.260,179.897,170.093,145.565,198.995,182.370,192.527,362.805,0.1362,0.0315,0.1745,0.9500,0.00,0.00,0.00,0.00
1556.00,180.000,180.000,170.000,175.000,180.269,179.893,170.086,144.668,180.259,179.897,170.093,145.611,198.971,182.374,192.526,362.846,0.1362,0.0315,0.1744,0.9500,0.00,0.00,0.00,0.00
1557.00,180.000,180.000,170.000,175.000,180.269,179.893,170.086,144.714,180.258,179.897,170.094,145.656,198.947,182.379,192.525,362.887,0.1361,0.0316,0.1744,0.9500,0.00,0.00,0.00,0.00
1558.00,180.000,180.000,170.000,175.000,180.268,179.893,170.087,144.761,180.257,179.897,170.094,145.702,198.923,182.384,192.525,362.928,0.1361,0.0317,0.1744,0.9500,0.00,0.00,0.00,0.00
1559.00,180.000,180.000,170.000,175.000,180.268,179.894,170.087,144.807,180.256,179.898,170.095,145.748,198.900,182.389,192.524,362.970,0.1361,0.0317,0.1743,0.9500,0.00,0.00,0.00,0.00
1560.00,180.000,180.000,170.000,175.000,180.267,179.894,170.087,144.854,180.255,179.898,170.095,145.793,198.877,182.393,192.523,363.011,0.1361,0.0318,0.1743,0.9500,0.00,0.00,0.00,0.00
1561.00,180.000,180.000,170.000,175.000,180.267,179.894,170.088,144.900,180.254,179.898,170.096,145.839,198.854,182.398,192.523,363.052,0.1360,0.0318,0.1743,0.9500,0.00,0.00,0.00,0.00
1562.00,180.000,180.000,170.000,175.000,180.266,179.894,170.088,144.946,180.253,179.898,170.097,145.884,198.830,182.403,192.522,363.093,0.1360,0.0319,0.1742,0.9500,0.00,0.00,0.00,0.00
1563.00,180.000,180.000,170.000,175.000,180.265,179.894,170.089,144.993,180.252,179.899,170.097,145.930,198.805,182.407,192.521,363.134,0.1359,0.0319,0.1742,0.9500,0.00,0.00,0.00,0.00
1564.00,180.000,180.000,170.000,175.000,180.265,179.895,170.089,145.039,180.251,179.899,170.098,145.975,198.780,182.412,192.521,363.175,0.1358,0.0319,0.1742,0.9500,0.00,0.00,0.00,0.00
1565.00,180.000,180.000,170.000,175.000,180.264,179.895,170.090,145.085,180.250,179.899,170.099,146.021,198.755,182.416,192.520,363.216,0.1358,0.0320,0.1741,0.9500,0.00,0.00,0.00,0.00
1566.00,180.000,180.000,170.000,175.000,180.263,179.895,170.090,145.131,180.249,179.899,170.099,146.066,198.731,182.422,192.519,363.257,0.1357,0.0320,0.1741,0.9500,0.00,0.00,0.00,0.00
1567.00,180.000,180.000,170.000,175.000,180.263,179.895,170.090,145.177,180.248,179.900,170.100,146.111,198.707,182.429,192.519,363.298,0.1356,0.0321,0.1741,0.9500,0.00,0.00,0.00,0.00
1568.00,180.000,180.000,170.000,175.000,180.262,179.896,170.091,145.224,180.247,179.900,170.101,146.156,198.683,182.436,192.518,363.339,0.1355,0.0321,0.1740,0.9500,0.00,0.00,0.00,0.00
1569.00,180.000,180.000,170.000,175.000,180.261,179.896,170.091,145.270,180.246,179.900,170.101,146.202,198.659,182.443,192.518,363.379,0.1354,0.0321,0.1740,0.9500,0.00,0.00,0.00,0.00
1570.00,180.000,180.000,170.000,175.000,180.260,179.896,170.092,145.316,180.245,179.901,170.102,146.247,198.635,182.449,192.516,363.420,0.1353,0.0322,0.1740,0.9500,0.00,0.00,0.00,0.00
1571.00,180.000,180.000,170.000,175.000,180.260,179.896,170.092,145.362,180.243,179.901,170.103,146.292,198.612,182.456,192.513,363.461,0.1352,0.0322,0.1739,0.9500,0.00,0.00,0.00,0.00
1572.00,180.000,180.000,170.000,175.000,180.259,179.896,170.093,145.408,180.242,179.901,170.103,146.337,198.589,182.463,192.510,363.502,0.1351,0.0322,0.1739,0.9500,0.00,0.00,0.00,0.00
1573.00,180.000,180.000,170.000,175.000,180.258,179.897,170.093,145.453,180.241,179.902,170.104,146.382,198.566,182.469,192.507,363.542,0.1350,0.0322,0.1739,0.9500,0.00,0.00,0.00,0.00
1574.00,180.000,180.000,170.000,175.000,180.257,179.897,170.094,145.499,180.240,179.902,170.105,146.427,198.543,182.476,192.504,363.583,0.1349,0.0323,0.1738,0.9500,0.00,0.00,0.00,0.00
1575.00,180.000,180.000,170.000,175.000,180.256,179.897,170.094,145.545,180.239,179.902,170.105,146.472,198.521,182.482,192.502,363.623,0.1348,0.0323,0.1738,0.9500,0.00,0.00,0.00,0.00
1576.00,180.000,180.000,170.000,175.000,180.255,179.897,170.095,145.591,180.238,179.903,170.106,146.517,198.499,182.489,192.499,363.664,0.1347,0.0323,0.1738,0.9500,0.00,0.00,0.00,0.00
1577.00,180.000,180.000,170.000,175.000,180.255,179.898,170.096,145.637,180.237,179.903,170.107,146.562,198.476,182.495,192.496,363.705,0.1346,0.0323,0.1737,0.9500,0.00,0.00,0.00,0.00
1578.00,180.000,180.000,170.000,175.000,180.254,179.898,170.096,145.682,180.236,179.903,170.108,146.607,198.454,182.502,192.493,363.745,0.1345,0.0323,0.1737,0.9500,0.00,0.00,0.00,0.00
1579.00,180.000,180.000,170.000,175.000,180.253,179.898,170.097,145.728,180.235,179.904,170.108,146.652,198.433,182.508,192.491,363.785,0.1343,0.0324,0.1737,0.9500,0.00,0.00,0.00,0.00
1580.00,180.000,180.000,170.000,175.000,180.252,179.899,170.097,145.774,180.233,179.904,170.109,146.696,198.411,182.514,192.488,363.826,0.1342,0.0324,0.1736,0.9500,0.00,0.00,0.00,0.00
1581.00,180.000,180.000,170.000,175.000,180.251,179.899,170.098,145.819,180.232,179.905,170.110,146.741,198.390,182.520,192.485,363.866,0.1341,0.0324,0.1736,0.9500,0.00,0.00,0.00,0.00
1582.00,180.000,180.000,170.000,175.000,180.250,179.899,170.098,145.865,180.231,179.905,170.111,146.786,198.369,182.526,192.483,363.907,0.1340,0.0324,0.1736,0.9500,0.00,0.00,0.00,0.00
1583.00,180.000,180.000,170.000,175.000,180.249,179.899,170.099,145.910,180.230,179.906,170.111,146.830,198.436,182.533,192.480,363.947,0.2033,0.0324,0.1735,0.9500,0.00,0.00,0.00,0.00
1584.00,180.000,180.000,170.000,175.000,180.248,179.900,170.100,145.956,180.229,179.906,170.112,146.875,198.498,182.539,192.478,363.987,0.2000,0.0324,0.1735,0.9500,0.00,0.00,0.00,0.00
1585.00,180.000,180.000,170.000,175.000,180.247,179.900,170.100,146.001,180.228,179.906,170.113,146.920,198.556,182.545,192.475,364.027,0.1969,0.0324,0.1735,0.9500,0.00,0.00,0.00,0.00
1586.00,180.000,180.000,170.000,175.000,180.246,179.900,170.101,146.046,180.228,179.907,170.114,146.964,198.609,182.551,192.473,364.068,0.1939,0.0325,0.1734,0.9500,0.00,0.00,0.00,0.00
1587.00,180.000,180.000,170.000,175.000,180.245,179.901,170.102,146.092,180.227,179.907,170.115,147.009,198.659,182.556,192.470,364.108,0.1911,0.0325,0.1734,0.9500,0.00,0.00,0.00,0.00
1588.00,180.000,180.000,170.000,175.000,180.245,179.901,170.102,146.137,180.227,179.908,170.115,147.053,198.704,182.562,192.468,364.148,0.1885,0.0325,0.1734,0.9500,0.00,0.00,0.00,0.00
1589.00,180.000,180.000,170.000,175.000,180.244,179.901,170.103,146.182,180.227,179.908,170.116,147.097,198.747,182.568,192.466,364.188,0.1860,0.0325,0.1733,0.9500,0.00,0.00,0.00,0.00
1590.00,180.000,180.000,170.000,175.000,180.243,179.902,170.104,146.227,180.227,179.909,170.117,147.142,198.786,182.574,192.463,364.228,0.1837,0.0325,0.1733,0.9500,0.00,0.00,0.00,0.00
1591.00,180.000,180.000,170.000,175.000,180.242,179.902,170.104,146.272,180.227,179.909,170.118,147.186,198.822,182.580,192.461,364.268,0.1815,0.0325,0.1733,0.9500,0.00,0.00,0.00,0.00
1592.00,180.000,180.000,170.000,175.000,180.241,179.902,170.105,146.318,180.227,179.910,170.119,147.230,198.855,182.585,192.459,364.308,0.1795,0.0325,0.1732,0.9500,0.00,0.00,0.00,0.00
1593.00,180.000,180.000,170.000,175.000,180.241,179.903,170.106,146.363,180.227,179.910,170.119,147.275,198.886,182.591,192.457,364.348,0.1775,0.0325,0.1732,0.9500,0.00,0.00,0.00,0.00
1594.00,180.000,180.000,170.000,175.000,180.240,179.903,170.106,146.408,180.227,179.911,170.120,147.319,198.914,182.597,192.454,364.388,0.1757,0.0325,0.1732,0.9500,0.00,0.00,0.00,0.00
1595.00,180.000,180.000,170.000,175.000,180.239,179.903,170.107,146.453,180.227,179.911,170.121,147.363,198.939,182.602,192.452,364.428,0.1740,0.0325,0.1731,0.9500,0.00,0.00,0.00,0.00
1596.00,180.000,180.000,170.000,175.000,180.239,179.904,170.108,146.498,180.228,179.912,170.122,147.407,198.962,182.608,192.450,364.468,0.1723,0.0326,0.1731,0.9500,0.00,0.00,0.00,0.00
1597.00,180.000,180.000,170.000,175.000,180.238,179.904,170.108,146.542,180.228,179.912,170.123,147.451,198.983,182.613,192.448,364.507,0.1708,0.0326,0.1731,0.9500,0.00,0.00,0.00,0.00
1598.00,180.000,180.000,170.000,175.000,180.238,179.905,170.109,146.587,180.229,179.913,170.124,147.495,199.002,182.619,192.446,364.547,0.1694,0.0326,0.1730,0.9500,0.00,0.00,0.00,0.00
1599.00,180.000,180.000,170.000,175.000,180.237,179.905,170.110,146.632,180.229,179.914,170.125,147.539,199.019,182.624,192.444,364.587,0.1680,0.0326,0.1730,0.9500,0.00,0.00,0.00,0.00
1600.00,180.000,180.000,170.000,175.000,180.237,179.906,170.111,146.677,180.230,179.914,170.125,147.583,199.034,182.629,192.442,364.627,0.1667,0.0326,0.1730,0.9500,0.00,0.00,0.00,0.00
1601.00,180.000,180.000,170.000,175.000,180.237,179.906,170.111,146.722,180.231,179.915,170.126,147.627,199.048,182.635,192.440,364.666,0.1655,0.0326,0.1729,0.9500,0.00,0.00,0.00,0.00
1602.00,180.000,180.000,170.000,175.000,180.236,179.906,170.112,146.766,180.232,179.915,170.127,147.671,199.060,182.640,192.438,364.706,0.1643,0.0326,0.1729,0.9500,0.00,0.00,0.00,0.00
1603.00,180.000,180.000,170.000,175.000,180.236,179.907,170.113,146.811,180.233,179.916,170.128,147.715,199.071,182.645,192.436,364.745,0.1632,0.0326,0.1728,0.9500,0.00,0.00,0.00,0.00
1604.00,180.000,180.000,170.000,175.000,180.236,179.907,170.114,146.856,180.233,179.916,170.129,147.759,199.081,182.650,192.434,364.785,0.1622,0.0326,0.1728,0.9500,0.00,0.00,0.00,0.00
1605.00,180.000,180.000,170.000,175.000,180.236,179.908,170.114,146.900,180.234,179.917,170.130,147.802,199.089,182.656,192.432,364.824,0.1612,0.0326,0.1728,0.9500,0.00,0.00,0.00,0.00
1606.00,180.000,180.000,170.000,175.000,180.236,179.908,170.115,146.945,180.235,179.918,170.131,147.846,199.096,182.661,192.431,364.864,0.1603,0.0326,0.1727,0.9500,0.00,0.00,0.00,0.00
1607.00,180.000,180.000,170.000,175.000,180.236,179.909,170.116,146.989,180.236,179.918,170.132,147.890,199.102,182.666,192.429,364.903,0.1594,0.0326,0.1727,0.9500,0.00,0.00,0.00,0.00
1608.00,180.000,180.000,170.000,175.000,180.236,179.909,170.117,147.034,180.237,179.919,170.133,147.934,199.107,182.671,192.427,364.943,0.1586,0.0326,0.1727,0.9500,0.00,0.00,0.00,0.00
1609.00,180.000,180.000,170.000,175.000,180.236,179.910,170.117,147.078,180.239,179.919,170.134,147.977,199.112,182.676,192.425,364.982,0.1578,0.0326,0.1726,0.9500,0.00,0.00,0.00,0.00
1610.00,180.000,180.000,170.000,175.000,180.236,179.910,170.118,147.123,180.240,179.920,170.134,148.021,199.114,182.681,192.424,365.022,0.1571,0.0326,0.1726,0.9500,0.00,0.00,0.00,0.00
1611.00,180.000,180.000,170.000,175.000,180.236,179.911,170.119,147.167,180.241,179.921,170.135,148.064,199.116,182.686,192.422,365.061,0.1564,0.0326,0.1726,0.9500,0.00,0.00,0.00,0.00
1612.00,180.000,180.000,170.000,175.000,180.236,179.911,170.120,147.211,180.242,179.921,170.136,148.108,199.119,182.691,192.420,365.100,0.1557,0.0326,0.1725,0.9500,0.00,0.00,0.00,0.00
1613.00,180.000,180.000,170.000,175.000,180.237,179.912,170.121,147.255,180.243,179.922,170.137,148.151,199.119,182.696,192.419,365.139,0.1551,0.0326,0.1725,0.9500,0.00,0.00,0.00,0.00
1614.00,180.000,180.000,170.000,175.000,180.237,179.912,170.121,147.300,180.245,179.923,170.138,148.195,199.119,182.700,192.417,365.179,0.1545,0.0326,0.1725,0.9500,0.00,0.00,0.00,0.00
1615.00,180.000,180.000,170.000,175.000,180.237,179.913,170.122,147.344,180.246,179.923,170.139,148.238,199.118,182.705,192.416,365.218,0.1539,0.0326,0.1724,0.9500,0.00,0.00,0.00,0.00
1616.00,180.000,180.000,170.000,175.000,180.238,179.913,170.123,147.388,180.247,179.924,170.140,148.282,199.116,182.710,192.414,365.257,0.1534,0.0326,0.1724,0.9500,0.00,0.00,0.00,0.00
1617.00,180.000,180.000,170.000,175.000,180.238,179.914,170.124,147.432,180.249,179.925,170.141,148.325,199.114,182.715,192.413,365.296,0.1529,0.0326,0.1724,0.9500,0.00,0.00,0.00,0.00
1618.00,180.000,180.000,170.000,175.000,180.239,179.914,170.125,147.476,180.250,179.925,170.142,148.368,199.111,182.719,192.411,365.335,0.1524,0.0326,0.1723,0.9500,0.00,0.00,0.00,0.00
1619.00,180.000,180.000,170.000,175.000,180.239,179.915,170.126,147.520,180.251,179.926,170.143,148.412,199.109,182.724,192.410,365.374,0.1519,0.0326,0.1723,0.9500,0.00,0.00,0.00,0.00
1620.00,180.000,180.000,170.000,175.000,180.240,179.915,170.127,147.564,180.253,179.927,170.144,148.455,199.104,182.729,192.408,365.413,0.1515,0.0326,0.1723,0.9500,0.00,0.00,0.00,0.00
1621.00,180.000,180.000,170.000,175.000,180.241,179.916,170.127,147.608,180.254,179.927,170.145,148.498,199.100,182.733,192.407,365.452,0.1510,0.0326,0.1722,0.9500,0.00,0.00,0.00,0.00
1622.00,180.000,180.000,170.000,175.000,180.241,179.916,170.128,147.652,180.256,179.928,170.146,148.541,199.095,182.738,192.405,365.491,0.1506,0.0327,0.1722,0.9500,0.00,0.00,0.00,0.00
1623.00,180.000,180.000,170.000,175.000,180.242,179.917,170.129,147.696,180.257,179.929,170.147,148.584,199.091,182.742,192.404,365.530,0.1502,0.0327,0.1722,0.9500,0.00,0.00,0.00,0.00
1624.00,180.000,180.000,170.000,175.000,180.243,179.918,170.130,147.740,180.259,179.930,170.148,148.627,199.087,182.747,192.403,365.569,0.1499,0.0327,0.1721,0.9500,0.00,0.00,0.00,0.00
1625.00,180.000,180.000,170.000,175.000,180.244,179.918,170.131,147.784,180.260,179.930,170.149,148.670,199.080,182.751,192.401,365.607,0.1495,0.0327,0.1721,0.9500,0.00,0.00,0.00,0.00
1626.00,180.000,180.000,170.000,175.000,180.244,179.919,170.132,147.827,180.262,179.931,170.150,148.713,199.073,182.756,192.400,365.646,0.1492,0.0327,0.1720,0.9500,0.00,0.00,0.00,0.00
1627.00,180.000,180.000,170.000,175.000,180.245,179.919,170.133,147.871,180.263,179.932,170.151,148.756,199.067,182.760,192.399,365.685,0.1489,0.0327,0.1720,0.9500,0.00,0.00,0.00,0.00
1628.00,180.000,180.000,170.000,175.000,180.246,179.920,170.134,147.915,180.265,179.932,170.152,148.799,199.060,182.764,192.396,365.724,0.1485,0.0327,0.1720,0.9500,0.00,0.00,0.00,0.00
1629.00,180.000,180.000,170.000,175.000,180.247,179.921,170.135,147.959,180.267,179.933,170.153,148.842,199.054,182.769,192.393,365.762,0.1482,0.0327,0.1719,0.9500,0.00,0.00,0.00,0.00
1630.00,180.000,180.000,170.000,175.000,180.248,179.921,170.136,148.002,180.268,179.934,170.155,148.885,199.048,182.773,192.389,365.801,0.1480,0.0327,0.1719,0.9500,0.00,0.00,0.00,0.00
1631.00,180.000,180.000,170.000,175.000,180.249,179.922,170.137,148.046,180.270,179.935,170.156,148.928,199.039,182.777,192.386,365.840,0.1477,0.0327,0.1719,0.9500,0.00,0.00,0.00,0.00
1632.00,180.000,180.000,170.000,175.000,180.250,179.923,170.137,148.089,180.272,179.935,170.157,148.971,199.031,182.781,192.382,365.878,0.0754,0.0327,0.1718,0.9500,0.00,0.00,0.00,0.00
1633.00,180.000,180.000,170.000,175.000,180.251,179.923,170.138,148.133,180.273,179.936,170.158,149.014,198.934,182.786,192.378,365.917,0.0785,0.0327,0.1718,0.9500,0.00,0.00,0.00,0.00
1634.00,180.000,180.000,170.000,175.000,180.252,179.924,170.139,148.176,180.275,179.937,170.159,149.056,198.843,182.790,192.375,365.955,0.0814,0.0327,0.1718,0.9500,0.00,0.00,0.00,0.00
1635.00,180.000,180.000,170.000,175.000,180.253,179.924,170.140,148.220,180.276,179.938,170.160,149.099,198.755,182.794,192.372,365.994,0.0841,0.0327,0.1717,0.9500,0.00,0.00,0.00,0.00
1636.00,180.000,180.000,170.000,175.000,180.255,179.925,170.141,148.263,180.277,179.938,170.161,149.142,198.672,182.798,192.368,366.032,0.0867,0.0327,0.1717,0.9500,0.00,0.00,0.00,0.00
1637.00,180.000,180.000,170.000,175.000,180.256,179.926,170.142,148.307,180.278,179.939,170.162,149.185,198.592,182.802,192.365,366.071,0.0890,0.0327,0.1717,0.9500,0.00,0.00,0.00,0.00
1638.00,180.000,180.000,170.000,175.000,180.257,179.926,170.143,148.350,180.279,179.940,170.163,149.227,198.516,182.806,192.362,366.109,0.0913,0.0327,0.1716,0.9500,0.00,0.00,0.00,0.00
1639.00,180.000,180.000,170.000,175.000,180.258,179.927,170.144,148.393,180.280,179.941,170.164,149.270,198.443,182.810,192.358,366.147,0.0933,0.0327,0.1716,0.9500,0.00,0.00,0.00,0.00
1640.00,180.000,180.000,170.000,175.000,180.259,179.928,170.145,148.437,180.281,179.942,170.165,149.312,198.374,182.814,192.355,366.186,0.0953,0.0327,0.1716,0.9500,0.00,0.00,0.00,0.00
1641.00,180.000,180.000,170.000,175.000,180.260,179.928,170.146,148.480,180.281,179.942,170.166,149.355,198.307,182.818,192.352,366.224,0.0971,0.0327,0.1715,0.9500,0.00,0.00,0.00,0.00
1642.00,180.000,180.000,170.000,175.000,180.261,179.929,170.147,148.523,180.282,179.943,170.167,149.397,198.244,182.822,192.349,366.262,0.0988,0.0327,0.1715,0.9500,0.00,0.00,0.00,0.00
1643.00,180.000,180.000,170.000,175.000,180.262,179.930,170.148,148.566,180.282,179.944,170.169,149.440,198.182,182.826,192.346,366.300,0.1004,0.0327,0.1715,0.9500,0.00,0.00,0.00,0.00
1644.00,180.000,180.000,170.000,175.000,180.263,179.931,170.149,148.609,180.283,179.945,170.170,149.482,198.123,182.830,192.343,366.338,0.1018,0.0327,0.1714,0.9500,0.00,0.00,0.00,0.00
1645.00,180.000,180.000,170.000,175.000,180.264,179.931,170.150,148.652,180.283,179.946,170.171,149.525,198.066,182.834,192.340,366.377,0.1032,0.0327,0.0994,0.9500,0.00,0.00,0.00,0.00
1646.00,180.000,180.000,170.000,175.000,180.265,179.932,170.151,148.695,180.283,179.946,170.172,149.567,198.010,182.838,192.248,366.415,0.1045,0.0327,0.1022,0.9500,0.00,0.00,0.00,0.00
1647.00,180.000,180.000,170.000,175.000,180.266,179.933,170.152,148.738,180.283,179.947,170.173,149.609,197.958,182.841,192.162,366.453,0.1057,0.0327,0.1049,0.9500,0.00,0.00,0.00,0.00
1648.00,180.000,180.000,170.000,175.000,180.267,179.933,170.153,148.781,180.284,179.948,170.173,149.652,197.907,182.845,192.079,366.491,0.1068,0.0327,0.1074,0.9500,0.00,0.00,0.00,0.00
1649.00,180.000,180.000,170.000,175.000,180.268,179.934,170.154,148.824,180.284,179.949,170.174,149.694,197.858,182.849,192.000,366.529,0.1079,0.0327,0.1098,0.9500,0.00,0.00,0.00,0.00
1650.00,180.000,180.000,170.000,175.000,180.268,179.935,170.155,148.867,180.284,179.950,170.174,149.736,197.810,182.853,191.923,366.567,0.1088,0.0327,0.1121,0.9500,0.00,0.00,0.00,0.00
1651.00,180.000,180.000,170.000,175.000,180.269,179.936,170.156,148.910,180.284,179.951,170.175,149.778,197.764,182.856,191.851,366.605,0.1097,0.0327,0.1142,0.9500,0.00,0.00,0.00,0.00
1652.00,180.000,180.000,170.000,175.000,180.270,179.936,170.157,148.953,180.284,179.951,170.175,149.820,197.720,182.860,191.782,366.643,0.1106,0.0327,0.1163,0.9500,0.00,0.00,0.00,0.00
1653.00,180.000,180.000,170.000,175.000,180.270,179.937,170.158,148.996,180.283,179.952,170.175,149.862,197.677,182.864,191.716,366.680,0.1113,0.0327,0.1182,0.9500,0.00,0.00,0.00,0.00
1654.00,180.000,180.000,170.000,175.000,180.271,179.938,170.159,149.039,180.283,179.953,170.175,149.904,197.635,182.867,191.653,366.718,0.1121,0.0327,0.1200,0.9500,0.00,0.00,0.00,0.00
1655.00,180.000,180.000,170.000,175.000,180.272,179.939,170.159,149.081,180.283,179.954,170.175,149.947,197.595,182.871,191.593,366.756,0.1127,0.0327,0.1218,0.9500,0.00,0.00,0.00,0.00
1656.00,180.000,180.000,170.000,175.000,180.272,179.939,170.160,149.124,180.283,179.955,170.174,149.989,197.556,182.874,191.535,366.794,0.1133,0.0327,0.1234,0.9500,0.00,0.00,0.00,0.00
1657.00,180.000,180.000,170.000,175.000,180.273,179.940,170.161,149.167,180.283,179.956,170.174,150.031,197.517,182.878,191.480,366.832,0.1139,0.0327,0.1250,0.9500,0.00,0.00,0.00,0.00
1658.00,180.000,180.000,170.000,175.000,180.273,179.941,170.162,149.209,180.282,179.956,170.174,150.072,197.480,182.881,191.426,366.869,0.1144,0.0327,0.1264,0.9500,0.00,0.00,0.00,0.00
1659.00,180.000,180.000,170.000,175.000,180.274,179.942,170.162,149.252,180.282,179.957,170.173,150.114,197.444,182.885,191.375,366.907,0.1149,0.0327,0.1278,0.9500,0.00,0.00,0.00,0.00
1660.00,180.000,180.000,170.000,175.000,180.274,179.942,170.163,149.295,180.281,179.958,170.173,150.156,197.408,182.888,191.325,366.945,0.1153,0.0327,0.1292,0.9500,0.00,0.00,0.00,0.00
1661.00,180.000,180.000,170.000,175.000,180.274,179.943,170.163,149.337,180.281,179.959,170.172,150.198,197.373,182.892,191.278,366.982,0.1158,0.0327,0.1304,0.9500,0.00,0.00,0.00,0.00
1662.00,180.000,180.000,170.000,175.000,180.275,179.944,170.164,149.380,180.281,179.960,170.171,150.240,197.338,182.895,191.233,367.020,0.1161,0.0327,0.1316,0.9500,0.00,0.00,0.00,0.00
1663.00,180.000,180.000,170.000,175.000,180.275,179.945,170.164,149.422,180.280,179.961,170.170,150.282,197.306,182.899,191.190,367.057,0.1165,0.0327,0.1327,0.9500,0.00,0.00,0.00,0.00
1664.00,180.000,180.000,170.000,175.000,180.275,179.946,170.164,149.465,180.280,179.962,170.169,150.323,197.274,182.902,191.148,367.095,0.1168,0.0327,0.1338,0.9500,0.00,0.00,0.00,0.00
1665.00,180.000,180.000,170.000,175.000,180.275,179.946,170.164,149.507,180.279,179.963,170.169,150.365,197.243,182.905,191.108,367.132,0.1171,0.0327,0.1348,0.9500,0.00,0.00,0.00,0.00
1666.00,180.000,180.000,170.000,175.000,180.276,179.947,170.165,149.549,180.278,179.963,170.168,150.407,197.211,182.909,191.069,367.170,0.1173,0.0327,0.1358,0.9500,0.00,0.00,0.00,0.00
1667.00,180.000,180.000,170.000,175.000,180.276,179.948,170.165,149.592,180.278,179.964,170.167,150.448,197.180,182.912,191.032,367.207,0.1175,0.0327,0.1367,0.9500,0.00,0.00,0.00,0.00
1668.00,180.000,180.000,170.000,175.000,180.276,179.949,170.165,149.634,180.277,179.965,170.165,150.490,197.150,182.915,190.996,367.245,0.1177,0.0327,0.1375,0.9500,0.00,0.00,0.00,0.00
1669.00,180.000,180.000,170.000,175.000,180.276,179.950,170.165,149.676,180.277,179.966,170.164,150.531,197.119,182.919,190.961,367.282,0.1179,0.0327,0.1383,0.9500,0.00,0.00,0.00,0.00
1670.00,180.000,180.000,170.000,175.000,180.276,179.950,170.165,149.718,180.276,179.967,170.163,150.573,197.090,182.901,190.928,367.319,0.1181,0.0000,0.1391,0.9500,0.00,0.00,0.00,0.00
1671.00,180.000,180.000,170.000,175.000,180.276,179.951,170.165,149.761,180.275,179.968,170.162,150.614,197.062,182.862,190.896,367.357,0.1182,0.0000,0.1398,0.9500,0.00,0.00,0.00,0.00
1672.00,180.000,180.000,170.000,175.000,180.276,179.952,170.165,149.803,180.275,179.969,170.161,150.656,197.035,182.823,190.865,367.394,0.1184,0.0000,0.1405,0.9500,0.00,0.00,0.00,0.00
1673.00,180.000,180.000,170.000,175.000,180.276,179.953,170.164,149.845,180.274,179.969,170.159,150.697,197.008,182.785,190.836,367.431,0.1185,0.0000,0.1412,0.9500,0.00,0.00,0.00,0.00
1674.00,180.000,180.000,170.000,175.000,180.276,179.954,170.164,149.887,180.273,179.970,170.158,150.739,196.981,182.747,190.806,367.468,0.1186,0.0000,0.1418,0.9500,0.00,0.00,0.00,0.00
1675.00,180.000,180.000,170.000,175.000,180.276,179.954,170.164,149.929,180.272,179.970,170.156,150.780,196.955,182.709,190.779,367.505,0.1186,0.0000,0.1423,0.9500,0.00,0.00,0.00,0.00
1676.00,180.000,180.000,170.000,175.000,180.275,179.955,170.163,149.971,180.272,179.971,170.155,150.821,196.928,182.671,190.752,367.543,0.1187,0.0000,0.1429,0.9500,0.00,0.00,0.00,0.00
1677.00,180.000,180.000,170.000,175.000,180.275,179.956,170.163,150.013,180.271,179.971,170.154,150.863,196.902,182.634,190.726,367.580,0.1188,0.0000,0.1434,0.9500,0.00,0.00,0.00,0.00
1678.00,180.000,180.000,170.000,175.000,180.275,179.957,170.162,150.055,180.270,179.971,170.152,150.904,196.876,182.597,190.700,367.617,0.1188,0.0000,0.1439,0.9500,0.00,0.00,0.00,0.00
1679.00,180.000,180.000,170.000,175.000,180.275,179.957,170.162,150.097,180.269,179.972,170.150,150.945,196.850,182.560,190.676,367.654,0.1188,0.0000,0.1443,0.9500,0.00,0.00,0.00,0.00
1680.00,180.000,180.000,170.000,175.000,180.274,179.958,170.161,150.139,180.268,179.972,170.149,150.986,196.825,182.524,190.653,367.691,0.1188,0.0000,0.1448,0.9500,0.00,0.00,0.00,0.00
1681.00,180.000,180.000,170.000,175.000,180.274,179.959,170.161,150.181,180.268,179.972,170.147,151.027,196.800,182.488,190.630,367.728,0.1188,0.0000,0.1452,0.9500,0.00,0.00,0.00,0.00
1682.00,180.000,180.000,170.000,175.000,180.274,179.959,170.160,150.222,180.267,179.972,170.146,151.068,196.775,182.452,190.607,367.765,0.1188,0.0000,0.1455,0.9500,0.00,0.00,0.00,0.00
1683.00,180.000,180.000,170.000,175.000,180.273,179.960,170.159,150.264,180.266,179.972,170.144,151.109,196.750,182.418,190.585,367.802,0.1188,0.0008,0.1459,0.9500,0.00,0.00,0.00,0.00
1684.00,180.000,180.000,170.000,175.000,180.273,179.961,170.159,150.306,180.265,179.972,170.142,151.150,196.725,182.385,190.563,367.839,0.1188,0.0021,0.1462,0.9500,0.00,0.00,0.00,0.00
1685.00,180.000,180.000,170.000,175.000,180.273,179.961,170.158,150.348,180.264,179.972,170.141,151.191,196.701,182.354,190.544,367.875,0.1188,0.0034,0.1465,0.9500,0.00,0.00,0.00,0.00
1686.00,180.000,180.000,170.000,175.000,180.272,179.962,170.157,150.389,180.263,179.971,170.139,151.232,196.677,182.324,190.524,367.912,0.1187,0.0045,0.1468,0.9500,0.00,0.00,0.00,0.00
1687.00,180.000,180.000,170.000,175.000,180.272,179.962,170.156,150.431,180.262,179.971,170.137,151.273,196.653,182.297,190.504,367.949,0.1187,0.0057,0.1471,0.9500,0.00,0.00,0.00,0.00
1688.00,180.000,180.000,170.000,175.000,180.271,179.963,170.155,150.472,180.261,179.971,170.135,151.314,196.629,182.271,190.485,367.986,0.1186,0.0067,0.1474,0.9500,0.00,0.00,0.00,0.00
1689.00,180.000,180.000,170.000,175.000,180.271,179.963,170.154,150.514,180.260,179.970,170.134,151.355,196.605,182.247,190.466,368.022,0.1186,0.0077,0.1476,0.9500,0.00,0.00,0.00,0.00
1690.00,180.000,180.000,170.000,175.000,180.270,179.963,170.153,150.556,180.260,179.970,170.132,151.396,196.582,182.224,190.447,368.059,0.1185,0.0086,0.1479,0.9500,0.00,0.00,0.00,0.00
1691.00,180.000,180.000,170.000,175.000,180.270,179.964,170.152,150.597,180.259,179.970,170.130,151.437,196.559,182.202,190.428,368.096,0.1184,0.0095,0.1481,0.9500,0.00,0.00,0.00,0.00
1692.00,180.000,180.000,170.000,175.000,180.269,179.964,170.151,150.639,180.258,179.969,170.128,151.477,196.536,182.180,190.411,368.132,0.1183,0.0104,0.1483,0.9500,0.00,0.00,0.00,0.00
1693.00,180.000,180.000,170.000,175.000,180.269,179.964,170.150,150.680,180.257,179.969,170.126,151.518,196.513,182.162,190.395,368.169,0.1183,0.0112,0.2204,0.9500,0.00,0.00,0.00,0.00
1694.00,180.000,180.000,170.000,175.000,180.268,179.964,170.149,150.721,180.256,179.968,170.124,151.559,196.490,182.143,190.467,368.206,0.1182,0.0119,0.2177,0.9500,0.00,0.00,0.00,0.00
1695.00,180.000,180.000,170.000,175.000,180.267,179.965,170.147,150.763,180.255,179.967,170.123,151.599,196.468,182.125,190.535,368.242,0.1181,0.0126,0.2152,0.9500,0.00,0.00,0.00,0.00
1696.00,180.000,180.000,170.000,175.000,180.267,179.965,170.146,150.804,180.254,179.967,170.121,151.640,196.446,182.109,190.599,368.279,0.1180,0.0133,0.2128,0.9500,0.00,0.00,0.00,0.00
1697.00,180.000,180.000,170.000,175.000,180.266,179.965,170.145,150.845,180.253,179.966,170.120,151.681,196.421,182.093,190.660,368.315,0.1179,0.0139,0.2105,0.9500,0.00,0.00,0.00,0.00
1698.00,180.000,180.000,170.000,175.000,180.265,179.965,170.144,150.886,180.252,179.966,170.119,151.721,196.397,182.079,190.717,368.351,0.1178,0.0146,0.2083,0.9500,0.00,0.00,0.00,0.00
1699.00,180.000,180.000,170.000,175.000,180.265,179.965,170.142,150.928,180.251,179.965,170.117,151.762,196.373,182.066,190.772,368.388,0.1177,0.0151,0.2063,0.9500,0.00,0.00,0.00,0.00
1700.00,180.000,180.000,170.000,175.000,180.264,179.965,170.141,150.969,180.250,179.964,170.116,151.802,196.349,182.053,190.824,368.424,0.1176,0.0157,0.2043,0.9500,0.00,0.00,0.00,0.00
1701.00,180.000,180.000,170.000,175.000,180.263,179.965,170.140,151.010,180.249,179.963,170.115,151.842,196.326,182.039,190.873,368.461,0.1174,0.0162,0.2024,0.9500,0.00,0.00,0.00,0.00
1702.00,180.000,180.000,170.000,175.000,180.263,179.965,170.139,151.051,180.247,179.963,170.115,151.883,196.302,182.029,190.920,368.497,0.1173,0.0167,0.2006,0.9500,0.00,0.00,0.00,0.00
1703.00,180.000,180.000,170.000,175.000,180.262,179.965,170.138,151.092,180.246,179.962,170.114,151.923,196.279,182.019,190.963,368.533,0.1172,0.0171,0.1990,0.9500,0.00,0.00,0.00,0.00
1704.00,180.000,180.000,170.000,175.000,180.261,179.964,170.136,151.133,180.245,179.961,170.113,151.963,196.256,182.008,191.004,368.569,0.1171,0.0176,0.1974,0.9500,0.00,0.00,0.00,0.00
1705.00,180.000,180.000,170.000,175.000,180.260,179.964,170.135,151.174,180.244,179.960,170.113,152.004,196.233,181.998,191.043,368.606,0.1170,0.0180,0.1958,0.9500,0.00,0.00,0.00,0.00
1706.00,180.000,180.000,170.000,175.000,180.260,179.964,170.134,151.215,180.243,179.959,170.112,152.044,196.211,181.989,191.080,368.642,0.1168,0.0184,0.1944,0.9500,0.00,0.00,0.00,0.00
1707.00,180.000,180.000,170.000,175.000,180.259,179.964,170.133,151.256,180.242,179.958,170.112,152.084,196.188,181.981,191.114,368.678,0.1167,0.0187,0.1930,0.9500,0.00,0.00,0.00,0.00
1708.00,180.000,180.000,170.000,175.000,180.258,179.964,170.132,151.297,180.241,179.958,170.111,152.124,196.166,181.974,191.148,368.714,0.1166,0.0191,0.1917,0.9500,0.00,0.00,0.00,0.00
1709.00,180.000,180.000,170.000,175.000,180.257,179.963,170.131,151.338,180.240,179.957,170.111,152.165,196.144,181.966,191.179,368.750,0.1165,0.0194,0.1904,0.9500,0.00,0.00,0.00,0.00
1710.00,180.000,180.000,170.000,175.000,180.256,179.963,170.130,151.379,180.239,179.956,170.111,152.205,196.122,181.958,191.208,368.786,0.1163,0.0197,0.1892,0.9500,0.00,0.00,0.00,0.00
1711.00,180.000,180.000,170.000,175.000,180.255,179.963,170.129,151.419,180.238,179.955,170.111,152.245,196.100,181.951,191.236,368.822,0.1162,0.0200,0.1881,0.9500,0.00,0.00,0.00,0.00
1712.00,180.000,180.000,170.000,175.000,180.254,179.962,170.128,151.460,180.236,179.954,170.111,152.285,196.079,181.946,191.262,368.858,0.1161,0.0203,0.1870,0.9500,0.00,0.00,0.00,0.00
1713.00,180.000,180.000,170.000,175.000,180.254,179.962,170.127,151.501,180.235,179.953,170.111,152.325,196.056,181.941,191.287,368.894,0.1159,0.0206,0.1860,0.9500,0.00,0.00,0.00,0.00
1714.00,180.000,180.000,170.000,175.000,180.253,179.961,170.127,151.542,180.234,179.952,170.111,152.365,196.033,181.936,191.309,368.930,0.1158,0.0208,0.1850,0.9500,0.00,0.00,0.00,0.00
1715.00,180.000,180.000,170.000,175.000,180.252,179.961,170.126,151.582,180.233,179.951,170.111,152.405,196.009,181.931,191.331,368.966,0.1156,0.0211,0.1841,0.9500,0.00,0.00,0.00,0.00
1716.00,180.000,180.000,170.000,175.000,180.251,179.960,170.125,151.623,180.232,179.950,170.111,152.445,195.986,181.926,191.352,369.002,0.1155,0.0213,0.1832,0.9500,0.00,0.00,0.00,0.00
1717.00,180.000,180.000,170.000,175.000,180.250,179.960,170.124,151.663,180.230,179.949,170.111,152.484,195.963,181.921,191.371,369.038,0.1874,0.0215,0.1824,0.9500,0.00,0.00,0.00,0.00
1718.00,180.000,180.000,170.000,175.000,180.249,179.959,170.124,151.704,180.229,179.948,170.111,152.524,196.029,181.916,191.389,369.074,0.1839,0.0217,0.1816,0.9500,0.00,0.00,0.00,0.00
1719.00,180.000,180.000,170.000,175.000,180.248,179.959,170.123,151.744,180.228,179.947,170.111,152.564,196.089,181.911,191.406,369.110,0.1806,0.0219,0.1808,0.9500,0.00,0.00,0.00,0.00
1720.00,180.000,180.000,170.000,175.000,180.247,179.958,170.123,151.785,180.228,179.946,170.112,152.604,196.146,181.907,191.422,369.145,0.1775,0.0221,0.1801,0.9500,0.00,0.00,0.00,0.00
1721.00,180.000,180.000,170.000,175.000,180.246,179.958,170.122,151.825,180.227,179.945,170.112,152.644,196.198,181.904,191.437,369.181,0.1746,0.0222,0.1794,0.9500,0.00,0.00,0.00,0.00
1722.00,180.000,180.000,170.000,175.000,180.245,179.957,170.122,151.866,180.226,179.944,170.112,152.683,196.247,181.902,191.451,369.217,0.1718,0.0224,0.1788,0.9500,0.00,0.00,0.00,0.00
1723.00,180.000,180.000,170.000,175.000,180.244,179.956,170.121,151.906,180.226,179.943,170.113,152.723,196.292,181.900,191.465,369.252,0.1692,0.0226,0.1781,0.9500,0.00,0.00,0.00,0.00
1724.00,180.000,180.000,170.000,175.000,180.243,179.956,170.121,151.946,180.226,179.942,170.113,152.763,196.333,181.898,191.477,369.288,0.1668,0.0227,0.1775,0.9500,0.00,0.00,0.00,0.00
1725.00,180.000,180.000,170.000,175.000,180.242,179.955,170.120,151.987,180.225,179.941,170.114,152.802,196.371,181.895,191.488,369.324,0.1645,0.0228,0.1770,0.9500,0.00,0.00,0.00,0.00
1726.00,180.000,180.000,170.000,175.000,180.242,179.954,170.120,152.027,180.225,179.940,170.114,152.842,196.406,181.893,191.499,369.359,0.1623,0.0230,0.1764,0.9500,0.00,0.00,0.00,0.00
1727.00,180.000,180.000,170.000,175.000,180.241,179.954,170.120,152.067,180.225,179.939,170.115,152.881,196.439,181.891,191.510,369.395,0.1603,0.0231,0.1759,0.9500,0.00,0.00,0.00,0.00
1728.00,180.000,180.000,170.000,175.000,180.240,179.953,170.119,152.107,180.225,179.938,170.115,152.921,196.469,181.888,191.518,369.430,0.1584,0.0232,0.1754,0.9500,0.00,0.00,0.00,0.00
1729.00,180.000,180.000,170.000,175.000,180.239,179.952,170.119,152.148,180.225,179.937,170.116,152.960,196.497,181.886,191.527,369.466,0.1566,0.0233,0.1750,0.9500,0.00,0.00,0.00,0.00
1730.00,180.000,180.000,170.000,175.000,180.239,179.951,170.119,152.188,180.226,179.936,170.116,153.000,196.521,181.884,191.535,369.501,0.1549,0.0234,0.1745,0.9500,0.00,0.00,0.00,0.00
1731.00,180.000,180.000,170.000,175.000,180.238,179.951,170.119,152.228,180.226,179.935,170.117,153.039,196.543,181.882,191.543,369.537,0.1532,0.0235,0.1741,0.9500,0.00,0.00,0.00,0.00
1732.00,180.000,180.000,170.000,175.000,180.237,179.950,170.119,152.268,180.226,179.934,170.118,153.078,196.564,181.879,191.550,369.572,0.1517,0.0824,0.1737,0.9500,0.00,0.00,0.00,0.00
1733.00,180.000,180.000,170.000,175.000,180.237,179.949,170.119,152.308,180.227,179.933,170.118,153.118,196.582,181.950,191.556,369.607,0.1503,0.0797,0.1733,0.9500,0.00,0.00,0.00,0.00
1734.00,180.000,180.000,170.000,175.000,180.236,179.948,170.119,152.348,180.227,179.932,170.119,153.157,196.599,182.017,191.561,369.643,0.1489,0.0772,0.1729,0.9500,0.00,0.00,0.00,0.00
1735.00,180.000,180.000,170.000,175.000,180.236,179.948,170.119,152.388,180.228,179.931,170.120,153.196,196.615,182.080,191.567,369.678,0.1477,0.0748,0.1726,0.9500,0.00,0.00,0.00,0.00
1736.00,180.000,180.000,170.000,175.000,180.236,179.947,170.119,152.428,180.228,179.931,170.120,153.236,196.628,182.140,191.572,369.713,0.1465,0.0726,0.1722,0.9500,0.00,0.00,0.00,0.00
1737.00,180.000,180.000,170.000,175.000,180.235,179.946,170.119,152.468,180.229,179.930,170.121,153.275,196.639,182.196,191.578,369.749,0.1453,0.0704,0.1719,0.9500,0.00,0.00,0.00,0.00
1738.00,180.000,180.000,170.000,175.000,180.235,179.945,170.119,152.507,180.230,179.930,170.122,153.314,196.650,182.250,191.581,369.784,0.1442,0.0684,0.1716,0.9500,0.00,0.00,0.00,0.00
1739.00,180.000,180.000,170.000,175.000,180.235,179.944,170.119,152.547,180.230,179.930,170.123,153.353,196.659,182.301,191.584,369.819,0.1432,0.0665,0.1713,0.9500,0.00,0.00,0.00,0.00
1740.00,180.000,180.000,170.000,175.000,180.234,179.944,170.119,152.587,180.231,179.929,170.123,153.392,196.667,182.349,191.587,369.854,0.1423,0.0647,0.1710,0.9500,0.00,0.00,0.00,0.00
1741.00,180.000,180.000,170.000,175.000,180.234,179.943,170.120,152.627,180.232,179.929,170.124,153.431,196.673,182.394,191.590,369.889,0.1413,0.0630,0.1708,0.9500,0.00,0.00,0.00,0.00
1742.00,180.000,180.000,170.000,175.000,180.234,179.942,170.120,152.667,180.233,179.929,170.125,153.470,196.679,182.438,191.593,369.924,0.1405,0.0614,0.1705,0.9500,0.00,0.00,0.00,0.00
1743.00,180.000,180.000,170.000,175.000,180.234,179.942,170.120,152.706,180.234,179.929,170.126,153.509,196.684,182.479,191.596,369.959,0.1397,0.0598,0.1703,0.9500,0.00,0.00,0.00,0.00
1744.00,180.000,180.000,170.000,175.000,180.234,179.941,170.120,152.746,180.234,179.929,170.127,153.548,196.687,182.517,191.599,369.994,0.1389,0.0584,0.1700,0.9500,0.00,0.00,0.00,0.00
1745.00,180.000,180.000,170.000,175.000,180.234,179.941,170.121,152.786,180.235,179.930,170.127,153.587,196.690,182.553,191.599,370.030,0.1382,0.0570,0.1698,0.9500,0.00,0.00,0.00,0.00
1746.00,180.000,180.000,170.000,175.000,180.234,179.940,170.121,152.825,180.236,179.930,170.128,153.626,196.691,182.588,191.600,370.064,0.1375,0.0557,0.1696,0.9500,0.00,0.00,0.00,0.00
1747.00,180.000,180.000,170.000,175.000,180.234,179.940,170.121,152.865,180.237,179.930,170.129,153.665,196.692,182.621,191.600,370.099,0.1368,0.0545,0.1694,0.9500,0.00,0.00,0.00,0.00
1748.00,180.000,180.000,170.000,175.000,180.234,179.939,170.122,152.904,180.238,179.930,170.130,153.704,196.692,182.652,191.601,370.134,0.1362,0.0533,0.1692,0.9500,0.00,0.00,0.00,0.00
1749.00,180.000,180.000,170.000,175.000,180.235,179.939,170.122,152.944,180.240,179.931,170.131,153.743,196.692,182.681,191.601,370.169,0.1356,0.0522,0.1690,0.9500,0.00,0.00,0.00,0.00
1750.00,180.000,180.000,170.000,175.000,180.235,179.938,170.123,152.983,180.241,179.931,170.132,153.782,196.690,182.709,191.602,370.204,0.1350,0.0512,0.1688,0.9500,0.00,0.00,0.00,0.00
1751.00,180.000,180.000,170.000,175.000,180.235,179.938,170.123,153.023,180.242,179.932,170.133,153.820,196.688,182.735,191.602,370.239,0.1345,0.0502,0.1686,0.9500,0.00,0.00,0.00,0.00
1752.00,180.000,180.000,170.000,175.000,180.236,179.938,170.124,153.062,180.243,179.932,170.134,153.859,196.686,182.760,191.603,370.274,0.1340,0.0492,0.1685,0.9500,0.00,0.00,0.00,0.00
1753.00,180.000,180.000,170.000,175.000,180.236,179.937,170.124,153.101,180.244,179.933,170.134,153.898,196.682,182.784,191.603,370.309,0.1335,0.0484,0.1683,0.9500,0.00,0.00,0.00,0.00
1754.00,180.000,180.000,170.000,175.000,180.236,179.937,170.125,153.141,180.245,179.933,170.135,153.937,196.678,182.806,191.604,370.343,0.1330,0.0475,0.1681,0.9500,0.00,0.00,0.00,0.00
1755.00,180.000,180.000,170.000,175.000,180.237,179.937,170.125,153.180,180.246,179.934,170.136,153.975,196.674,182.827,191.605,370.378,0.1326,0.0467,0.1680,0.9500,0.00,0.00,0.00,0.00
1756.00,180.000,180.000,170.000,175.000,180.237,179.937,170.126,153.219,180.248,179.935,170.137,154.014,196.670,182.847,191.603,370.413,0.1322,0.0460,0.1679,0.9500,0.00,0.00,0.00,0.00
1757.00,180.000,180.000,170.000,175.000,180.238,179.937,170.126,153.258,180.249,179.935,170.138,154.052,196.665,182.865,191.601,370.447,0.1318,0.0453,0.1677,0.9500,0.00,0.00,0.00,0.00
1758.00,180.000,180.000,170.000,175.000,180.238,179.937,170.127,153.298,180.250,179.936,170.139,154.091,196.658,182.883,191.599,370.482,0.1314,0.0446,0.1676,0.9500,0.00,0.00,0.00,0.00
1759.00,180.000,180.000,170.000,175.000,180.239,179.937,170.127,153.337,180.251,179.937,170.140,154.130,196.652,182.901,191.597,370.517,0.1310,0.0440,0.1675,0.9500,0.00,0.00,0.00,0.00
1760.00,180.000,180.000,170.000,175.000,180.240,179.937,170.128,153.376,180.253,179.938,170.141,154.168,196.646,182.916,191.595,370.551,0.1307,0.0433,0.1673,0.9500,0.00,0.00,0.00,0.00
1761.00,180.000,180.000,170.000,175.000,180.240,179.937,170.129,153.415,180.254,179.939,170.142,154.207,196.640,182.931,191.593,370.586,0.1303,0.0428,0.1672,0.9500,0.00,0.00,0.00,0.00
1762.00,180.000,180.000,170.000,175.000,180.241,179.937,170.129,153.454,180.255,179.939,170.143,154.245,196.634,182.946,191.592,370.620,0.1300,0.0422,0.1671,0.9500,0.00,0.00,0.00,0.00
1763.00,180.000,180.000,170.000,175.000,180.242,179.937,170.130,153.493,180.257,179.940,170.144,154.283,196.626,182.959,191.590,370.655,0.1297,0.0417,0.1670,0.9500,0.00,0.00,0.00,0.00
1764.00,180.000,180.000,170.000,175.000,180.242,179.937,170.131,153.532,180.258,179.941,170.145,154.322,196.617,182.972,191.588,370.689,0.1294,0.0412,0.1669,0.9500,0.00,0.00,0.00,0.00
1765.00,180.000,180.000,170.000,175.000,180.243,179.937,170.131,153.571,180.259,179.942,170.146,154.360,196.609,182.984,191.587,370.724,0.1291,0.0408,0.1668,0.9500,0.00,0.00,0.00,0.00
1766.00,180.000,180.000,170.000,175.000,180.244,179.938,170.132,153.610,180.261,179.943,170.147,154.399,196.601,182.996,191.585,370.758,0.1288,0.0404,0.1667,0.9500,0.00,0.00,0.00,0.00
1767.00,180.000,180.000,170.000,175.000,180.245,179.938,170.133,153.649,180.262,179.944,170.148,154.437,196.593,183.008,191.583,370.792,0.1286,0.0399,0.1666,0.9500,0.00,0.00,0.00,0.00
1768.00,180.000,180.000,170.000,175.000,180.246,179.938,170.134,153.688,180.263,179.945,170.149,154.475,196.585,183.017,191.582,370.827,0.1283,0.0396,0.1665,0.9500,0.00,0.00,0.00,0.00
1769.00,180.000,180.000,170.000,175.000,180.247,179.939,170.134,153.727,180.265,179.946,170.150,154.513,196.578,183.026,191.580,370.861,0.1281,0.0392,0.1664,0.9500,0.00,0.00,0.00,0.00
1770.00,180.000,180.000,170.000,175.000,180.247,179.939,170.135,153.766,180.266,179.947,170.151,154.552,196.569,183.036,191.579,370.895,0.1278,0.0388,0.1663,0.9500,0.00,0.00,0.00,0.00
1771.00,180.000,180.000,170.000,175.000,180.248,179.939,170.136,153.804,180.268,179.948,170.152,154.590,196.559,183.045,191.577,370.930,0.1276,0.0385,0.1662,0.9500,0.00,0.00,0.00,0.00
1772.00,180.000,180.000,170.000,175.000,180.249,179.940,170.137,153.843,180.269,179.949,170.153,154.628,196.549,183.054,191.576,370.964,0.1274,0.0382,0.1661,0.9500,0.00,0.00,0.00,0.00
1773.00,180.000,180.000,170.000,175.000,180.250,179.940,170.138,153.882,180.271,179.950,170.154,154.666,196.494,183.063,191.574,370.998,0.0560,0.0379,0.1661,0.9500,0.00,0.00,0.00,0.00
1774.00,180.000,180.000,170.000,175.000,180.251,179.941,170.138,153.921,180.272,179.951,170.155,154.704,196.398,183.070,191.573,371.032,0.0591,0.0376,0.1660,0.9500,0.00,0.00,0.00,0.00
1775.00,180.000,180.000,170.000,175.000,180.252,179.941,170.139,153.959,180.273,179.952,170.156,154.742,196.306,183.076,191.569,371.066,0.0620,0.0374,0.1659,0.9500,0.00,0.00,0.00,0.00
1776.00,180.000,180.000,170.000,175.000,180.253,179.942,170.140,153.998,180.274,179.953,170.157,154.780,196.219,183.082,191.565,371.100,0.0647,0.0371,0.1658,0.9500,0.00,0.00,0.00,0.00
1777.00,180.000,180.000,170.000,175.000,180.254,179.942,170.141,154.037,180.275,179.954,170.158,154.818,196.136,183.089,191.561,371.135,0.0672,0.0369,0.1658,0.9500,0.00,0.00,0.00,0.00
1778.00,180.000,180.000,170.000,175.000,180.255,179.943,170.142,154.075,180.275,179.955,170.159,154.856,196.056,183.095,191.557,371.169,0.0696,0.0366,0.1657,0.9500,0.00,0.00,0.00,0.00
1779.00,180.000,180.000,170.000,175.000,180.256,179.943,170.143,154.114,180.276,179.956,170.160,154.894,195.979,183.101,191.554,371.203,0.0718,0.0364,0.1656,0.9500,0.00,0.00,0.00,0.00
1780.00,180.000,180.000,170.000,175.000,180.257,179.944,170.143,154.152,180.276,179.957,170.161,154.932,195.906,183.108,191.550,371.237,0.0739,0.0362,0.1656,0.9500,0.00,0.00,0.00,0.00
1781.00,180.000,180.000,170.000,175.000,180.258,179.945,170.144,154.191,180.277,179.958,170.162,154.970,195.835,183.114,191.546,371.271,0.0759,0.0360,0.1655,0.9500,0.00,0.00,0.00,0.00
1782.00,180.000,180.000,170.000,175.000,180.259,179.945,170.145,154.229,180.277,179.959,170.163,155.008,195.767,183.119,191.543,371.305,0.0777,0.0359,0.1654,0.9500,0.00,0.00,0.00,0.00
1783.00,180.000,180.000,170.000,175.000,180.260,179.946,170.146,154.268,180.277,179.961,170.164,155.046,195.703,183.122,191.539,371.338,0.0794,0.0357,0.1654,0.9500,0.00,0.00,0.00,0.00
1784.00,180.000,180.000,170.000,175.000,180.261,179.947,170.147,154.306,180.277,179.962,170.165,155.084,195.641,183.126,191.536,371.372,0.0809,0.0355,0.1653,0.9500,0.00,0.00,0.00,0.00
1785.00,180.000,180.000,170.000,175.000,180.262,179.948,170.148,154.345,180.278,179.963,170.166,155.121,195.581,183.130,191.532,371.406,0.0824,0.0354,0.1653,0.9500,0.00,0.00,0.00,0.00
1786.00,180.000,180.000,170.000,175.000,180.262,179.948,170.149,154.383,180.277,179.964,170.167,155.159,195.524,183.133,191.529,371.440,0.0838,0.0352,0.1652,0.9500,0.00,0.00,0.00,0.00
1787.00,180.000,180.000,170.000,175.000,180.263,179.949,170.150,154.421,180.277,179.965,170.168,155.197,195.469,183.137,191.525,371.474,0.0851,0.0351,0.1651,0.9500,0.00,0.00,0.00,0.00
1788.00,180.000,180.000,170.000,175.000,180.264,179.950,170.151,154.460,180.277,179.966,170.169,155.235,195.416,183.140,191.477,371.508,0.0863,0.0350,0.0946,0.9500,0.00,0.00,0.00,0.00
1789.00,180.000,180.000,170.000,175.000,180.265,179.951,170.152,154.498,180.277,179.967,170.170,155.272,195.365,183.099,191.388,371.541,0.0874,0.0000,0.0973,0.9500,0.00,0.00,0.00,0.00
1790.00,180.000,180.000,170.000,175.000,180.265,179.951,170.152,154.536,180.277,179.968,170.171,155.310,195.315,183.058,191.303,371.575,0.0884,0.0000,0.0998,0.9500,0.00,0.00,0.00,0.00
1791.00,180.000,180.000,170.000,175.000,180.266,179.952,170.153,154.574,180.276,179.969,170.171,155.348,195.268,183.018,191.220,371.609,0.0894,0.0000,0.1023,0.9500,0.00,0.00,0.00,0.00
1792.00,180.000,180.000,170.000,175.000,180.266,179.953,170.154,154.612,180.276,179.970,170.172,155.385,195.221,182.977,191.142,371.642,0.0903,0.0000,0.1046,0.9500,0.00,0.00,0.00,0.00
1793.00,180.000,180.000,170.000,175.000,180.267,179.954,170.155,154.651,180.275,179.971,170.172,155.423,195.176,182.937,191.067,371.676,0.0911,0.0000,0.1068,0.9500,0.00,0.00,0.00,0.00
1794.00,180.000,180.000,170.000,175.000,180.267,179.955,170.156,154.689,180.275,179.971,170.172,155.460,195.133,182.898,190.995,371.710,0.0919,0.0000,0.1089,0.9500,0.00,0.00,0.00,0.00
1795.00,180.000,180.000,170.000,175.000,180.267,179.956,170.157,154.727,180.274,179.972,170.172,155.498,195.091,182.858,190.926,371.743,0.0926,0.0000,0.1108,0.9500,0.00,0.00,0.00,0.00
1796.00,180.000,180.000,170.000,175.000,180.268,179.956,170.157,154.765,180.274,179.972,170.172,155.535,195.050,182.819,190.860,371.777,0.0933,0.0000,0.1127,0.9500,0.00,0.00,0.00,0.00
1797.00,180.000,180.000,170.000,175.000,180.268,179.957,170.158,154.803,180.273,179.973,170.172,155.573,195.010,182.780,190.796,371.810,0.0939,0.0000,0.1145,0.9500,0.00,0.00,0.00,0.00
1798.00,180.000,180.000,170.000,175.000,180.268,179.958,170.159,154.841,180.272,179.973,170.172,155.610,194.971,182.741,190.736,371.844,0.0945,0.0000,0.1162,0.9500,0.00,0.00,0.00,0.00
1799.00,180.000,180.000,170.000,175.000,180.268,179.959,170.159,154.879,180.271,179.974,170.171,155.648,194.934,182.703,190.679,371.877,0.0950,0.0000,0.1178,0.9500,0.00,0.00,0.00,0.00
1800.00,180.000,180.000,170.000,175.000,180.269,179.959,170.160,154.917,180.271,179.974,170.171,155.685,194.897,182.665,190.624,371.911,0.0955,0.0000,0.1193,0.9500,0.00,0.00,0.00,0.00
1801.00,180.000,180.000,170.000,175.000,180.269,179.960,170.161,154.955,180.270,179.974,170.170,155.722,194.861,182.628,190.571,371.944,0.0959,0.0009,0.1207,0.9500,0.00,0.00,0.00,0.00
1802.00,180.000,180.000,170.000,175.000,180.269,179.961,170.161,154.993,180.269,179.974,170.169,155.760,194.826,182.593,190.520,371.978,0.0963,0.0022,0.1220,0.9500,0.00,0.00,0.00,0.00
1803.00,180.000,180.000,170.000,175.000,180.269,179.961,170.161,155.031,180.268,179.974,170.169,155.797,194.792,182.561,190.472,372.011,0.0967,0.0035,0.1233,0.9500,0.00,0.00,0.00,0.00
1804.00,180.000,180.000,170.000,175.000,180.269,179.962,170.162,155.068,180.267,179.974,170.168,155.834,194.759,182.530,190.425,372.044,0.0970,0.0046,0.1245,0.9500,0.00,0.00,0.00,0.00
1805.00,180.000,180.000,170.000,175.000,180.269,179.963,170.162,155.106,180.266,179.974,170.167,155.871,194.726,182.501,190.380,372.078,0.0973,0.0057,0.1257,0.9500,0.00,0.00,0.00,0.00
1806.00,180.000,180.000,170.000,175.000,180.268,179.963,170.162,155.144,180.265,179.974,170.166,155.908,194.693,182.473,190.337,372.111,0.0976,0.0068,0.1268,0.9500,0.00,0.00,0.00,0.00
1807.00,180.000,180.000,170.000,175.000,180.268,179.964,170.162,155.182,180.264,179.974,170.165,155.946,194.661,182.447,190.295,372.144,0.0979,0.0078,0.1278,0.9500,0.00,0.00,0.00,0.00
1808.00,180.000,180.000,170.000,175.000,180.268,179.964,170.163,155.219,180.263,179.974,170.164,155.983,194.629,182.422,190.254,372.178,0.0981,0.0087,0.1288,0.9500,0.00,0.00,0.00,0.00
1809.00,180.000,180.000,170.000,175.000,180.268,179.965,170.163,155.257,180.262,179.973,170.163,156.020,194.599,182.398,190.216,372.211,0.0983,0.0096,0.1297,0.9500,0.00,0.00,0.00,0.00
1810.00,180.000,180.000,170.000,175.000,180.268,179.965,170.163,155.295,180.261,179.973,170.162,156.057,194.570,182.376,190.178,372.244,0.0985,0.0104,0.1306,0.9500,0.00,0.00,0.00,0.00
1811.00,180.000,180.000,170.000,175.000,180.267,179.966,170.163,155.332,180.260,179.973,170.160,156.094,194.541,182.355,190.143,372.277,0.0986,0.0112,0.1314,0.9500,0.00,0.00,0.00,0.00
1812.00,180.000,180.000,170.000,175.000,180.267,179.966,170.162,155.370,180.259,179.972,170.159,156.131,194.513,182.334,190.107,372.310,0.0988,0.0120,0.1322,0.9500,0.00,0.00,0.00,0.00
1813.00,180.000,180.000,170.000,175.000,180.266,179.966,170.162,155.408,180.258,179.972,170.158,156.168,194.484,182.315,190.074,372.343,0.0989,0.0127,0.1329,0.9500,0.00,0.00,0.00,0.00
1814.00,180.000,180.000,170.000,175.000,180.266,179.966,170.162,155.445,180.256,179.972,170.156,156.205,194.456,182.297,190.042,372.376,0.0990,0.0134,0.1336,0.9500,0.00,0.00,0.00,0.00
1815.00,180.000,180.000,170.000,175.000,180.266,179.967,170.162,155.483,180.255,179.971,170.155,156.242,194.428,182.279,190.009,372.409,0.0991,0.0140,0.1343,0.9500,0.00,0.00,0.00,0.00
1816.00,180.000,180.000,170.000,175.000,180.265,179.967,170.161,155.520,180.254,179.971,170.153,156.278,194.400,182.263,189.980,372.442,0.0992,0.0146,0.1349,0.9500,0.00,0.00,0.00,0.00
1817.00,180.000,180.000,170.000,175.000,180.264,179.967,170.161,155.557,180.253,179.970,170.152,156.315,194.373,182.248,189.951,372.475,0.0992,0.0152,0.1355,0.9500,0.00,0.00,0.00,0.00
1818.00,180.000,180.000,170.000,175.000,180.264,179.967,170.160,155.595,180.251,179.969,170.150,156.352,194.346,182.233,189.921,372.508,0.0993,0.0157,0.1360,0.9500,0.00,0.00,0.00,0.00
1819.00,180.000,180.000,170.000,175.000,180.263,179.967,170.160,155.632,180.250,179.969,170.148,156.389,194.319,182.218,189.895,372.541,0.0993,0.0162,0.1366,0.9500,0.00,0.00,0.00,0.00
1820.00,180.000,180.000,170.000,175.000,180.263,179.967,170.159,155.670,180.249,179.968,170.147,156.426,194.292,182.205,189.869,372.574,0.0994,0.0167,0.1370,0.9500,0.00,0.00,0.00,0.00
1821.00,180.000,180.000,170.000,175.000,180.262,179.967,170.159,155.707,180.248,179.968,170.145,156.462,194.265,182.193,189.843,372.607,0.0994,0.0172,0.1375,0.9500,0.00,0.00,0.00,0.00
1822.00,180.000,180.000,170.000,175.000,180.261,179.967,170.158,155.744,180.246,179.967,170.143,156.499,194.239,182.181,189.817,372.640,0.0994,0.0176,0.1379,0.9500,0.00,0.00,0.00,0.00
1823.00,180.000,180.000,170.000,175.000,180.260,179.967,170.157,155.782,180.245,179.966,170.142,156.536,194.213,182.169,189.792,372.673,0.0994,0.0180,0.1384,0.9500,0.00,0.00,0.00,0.00
1824.00,180.000,180.000,170.000,175.000,180.260,179.967,170.156,155.819,180.243,179.966,170.140,156.572,194.187,182.160,189.769,372.706,0.0993,0.0184,0.1387,0.9500,0.00,0.00,0.00,0.00
1825.00,180.000,180.000,170.000,175.000,180.259,179.967,170.156,155.856,180.242,179.965,170.138,156.609,194.161,182.150,189.746,372.738,0.0993,0.0188,0.1391,0.9500,0.00,0.00,0.00,0.00
1826.00,180.000,180.000,170.000,175.000,180.258,179.967,170.155,155.893,180.241,179.964,170.136,156.645,194.135,182.141,189.723,372.771,0.0993,0.0191,0.1395,0.9500,0.00,0.00,0.00,0.00
1827.00,180.000,180.000,170.000,175.000,180.257,179.967,170.154,155.930,180.239,179.963,170.134,156.682,194.110,182.131,189.701,372.804,0.0993,0.0194,0.1398,0.9500,0.00,0.00,0.00,0.00
1828.00,180.000,180.000,170.000,175.000,180.256,179.967,170.153,155.967,180.238,179.963,170.132,156.719,194.085,182.122,189.678,372.837,0.0992,0.0198,0.1401,0.9500,0.00,0.00,0.00,0.00
1829.00,180.000,180.000,170.000,175.000,180.255,179.967,170.152,156.004,180.236,179.962,170.130,156.755,194.060,182.113,189.659,372.869,0.0991,0.0201,0.1404,0.9500,0.00,0.00,0.00,0.00
1830.00,180.000,180.000,170.000,175.000,180.254,179.966,170.151,156.042,180.235,179.961,170.128,156.791,194.035,182.106,189.639,372.902,0.0991,0.0203,0.1406,0.9500,0.00,0.00,0.00,0.00
1831.00,180.000,180.000,170.000,175.000,180.253,179.966,170.150,156.079,180.233,179.960,170.126,156.828,194.011,182.100,189.664,372.935,0.0990,0.0206,0.2121,0.9500,0.00,0.00,0.00,0.00
1832.00,180.000,180.000,170.000,175.000,180.252,179.966,170.148,156.116,180.232,179.959,170.125,156.864,193.987,182.093,189.732,372.967,0.0989,0.0208,0.2095,0.9500,0.00,0.00,0.00,0.00
1833.00,180.000,180.000,170.000,175.000,180.251,179.965,170.147,156.153,180.230,179.959,170.123,156.901,193.962,182.086,189.796,373.000,0.0989,0.0211,0.2071,0.9500,0.00,0.00,0.00,0.00
1834.00,180.000,180.000,170.000,175.000,180.250,179.965,170.146,156.189,180.229,179.958,170.121,156.937,193.939,182.080,189.856,373.032,0.0988,0.0213,0.2048,0.9500,0.00,0.00,0.00,0.00
1835.00,180.000,180.000,170.000,175.000,180.249,179.965,170.145,156.226,180.227,179.957,170.120,156.973,193.960,182.073,189.913,373.065,0.1690,0.0215,0.2026,0.9500,0.00,0.00,0.00,0.00
1836.00,180.000,180.000,170.000,175.000,180.248,179.964,170.144,156.263,180.226,179.956,170.118,157.009,194.022,182.067,189.968,373.097,0.1657,0.0217,0.2005,0.9500,0.00,0.00,0.00,0.00
1837.00,180.000,180.000,170.000,175.000,180.247,179.964,170.142,156.300,180.225,179.955,170.117,157.046,194.078,182.061,190.019,373.130,0.1625,0.0219,0.1985,0.9500,0.00,0.00,0.00,0.00
1838.00,180.000,180.000,170.000,175.000,180.246,179.963,170.141,156.337,180.223,179.954,170.116,157.082,194.132,182.055,190.068,373.162,0.1596,0.0221,0.1966,0.9500,0.00,0.00,0.00,0.00
1839.00,180.000,180.000,170.000,175.000,180.245,179.963,170.140,156.374,180.223,179.953,170.115,157.118,194.180,182.052,190.113,373.195,0.1568,0.0223,0.1948,0.9500,0.00,0.00,0.00,0.00
1840.00,180.000,180.000,170.000,175.000,180.244,179.963,170.139,156.410,180.222,179.953,170.114,157.154,194.226,182.048,190.156,373.227,0.1541,0.0224,0.1931,0.9500,0.00,0.00,0.00,0.00
1841.00,180.000,180.000,170.000,175.000,180.243,179.962,170.137,156.447,180.221,179.952,170.113,157.190,194.267,182.044,190.198,373.259,0.1517,0.0226,0.1915,0.9500,0.00,0.00,0.00,0.00
1842.00,180.000,180.000,170.000,175.000,180.242,179.962,170.136,156.484,180.220,179.951,170.112,157.226,194.306,182.040,190.236,373.292,0.1493,0.0227,0.1899,0.9500,0.00,0.00,0.00,0.00
1843.00,180.000,180.000,170.000,175.000,180.241,179.961,170.135,156.520,180.220,179.950,170.112,157.262,194.342,182.036,190.272,373.324,0.1472,0.0229,0.1884,0.9500,0.00,0.00,0.00,0.00
1844.00,180.000,180.000,170.000,175.000,180.240,179.960,170.134,156.557,180.219,179.949,170.111,157.298,194.374,182.032,190.306,373.356,0.1451,0.0230,0.1870,0.9500,0.00,0.00,0.00,0.00
1845.00,180.000,180.000,170.000,175.000,180.239,179.960,170.133,156.594,180.219,179.948,170.111,157.334,194.404,182.029,190.339,373.389,0.1431,0.0231,0.1857,0.9500,0.00,0.00,0.00,0.00
1846.00,180.000,180.000,170.000,175.000,180.238,179.959,170.132,156.630,180.218,179.947,170.110,157.370,194.432,182.025,190.369,373.421,0.1413,0.0232,0.1844,0.9500,0.00,0.00,0.00,0.00
1847.00,180.000,180.000,170.000,175.000,180.237,179.959,170.131,156.667,180.218,179.946,170.110,157.406,194.457,182.021,190.398,373.453,0.1396,0.0233,0.1832,0.9500,0.00,0.00,0.00,0.00
1848.00,180.000,180.000,170.000,175.000,180.236,179.958,170.130,156.703,180.218,179.945,170.109,157.442,194.479,182.017,190.425,373.485,0.1379,0.0234,0.1821,0.9500,0.00,0.00,0.00,0.00
1849.00,180.000,180.000,170.000,175.000,180.235,179.957,170.129,156.740,180.218,179.944,170.109,157.478,194.500,182.014,190.450,373.517,0.1364,0.0235,0.1810,0.9500,0.00,0.00,0.00,0.00
1850.00,180.000,180.000,170.000,175.000,180.234,179.957,170.128,156.776,180.218,179.943,170.109,157.514,194.518,182.010,190.474,373.549,0.1349,0.0236,0.1800,0.9500,0.00,0.00,0.00,0.00
1851.00,180.000,180.000,170.000,175.000,180.233,179.956,170.127,156.813,180.218,179.942,170.108,157.550,194.536,182.006,190.496,373.582,0.1336,0.0237,0.1790,0.9500,0.00,0.00,0.00,0.00
1852.00,180.000,180.000,170.000,175.000,180.232,179.955,170.126,156.849,180.218,179.941,170.108,157.586,194.550,182.003,190.517,373.614,0.1323,0.0238,0.1780,0.9500,0.00,0.00,0.00,0.00
1853.00,180.000,180.000,170.000,175.000,180.232,179.955,170.125,156.885,180.218,179.940,170.108,157.621,194.564,181.999,190.536,373.646,0.1310,0.0239,0.1771,0.9500,0.00,0.00,0.00,0.00
1854.00,180.000,180.000,170.000,175.000,180.231,179.954,170.124,156.922,180.218,179.939,170.108,157.657,194.576,181.995,190.555,373.678,0.1299,0.0240,0.1763,0.9500,0.00,0.00,0.00,0.00
1855.00,180.000,180.000,170.000,175.000,180.230,179.953,170.123,156.958,180.219,179.938,170.108,157.693,194.586,181.992,190.572,373.710,0.1288,0.0240,0.1755,0.9500,0.00,0.00,0.00,0.00
1856.00,180.000,180.000,170.000,175.000,180.230,179.953,170.123,156.994,180.219,179.937,170.108,157.728,194.595,181.991,190.588,373.742,0.1278,0.0241,0.1747,0.9500,0.00,0.00,0.00,0.00
1857.00,180.000,180.000,170.000,175.000,180.229,179.952,170.122,157.031,180.219,179.936,170.108,157.764,194.602,181.990,190.604,373.774,0.1268,0.0242,0.1740,0.9500,0.00,0.00,0.00,0.00
1858.00,180.000,180.000,170.000,175.000,180.229,179.951,170.121,157.067,180.219,179.935,170.108,157.800,194.609,181.988,190.618,373.806,0.1259,0.0242,0.1733,0.9500,0.00,0.00,0.00,0.00
1859.00,180.000,180.000,170.000,175.000,180.228,179.950,170.121,157.103,180.220,179.934,170.108,157.835,194.614,181.987,190.631,373.837,0.1250,0.0243,0.1726,0.9500,0.00,0.00,0.00,0.00
1860.00,180.000,180.000,170.000,175.000,180.228,179.949,170.120,157.139,180.220,179.933,170.108,157.871,194.618,182.022,190.644,373.869,0.1242,0.0817,0.1720,0.9500,0.00,0.00,0.00,0.00
1861.00,180.000,180.000,170.000,175.000,180.228,179.949,170.119,157.175,180.221,179.933,170.109,157.906,194.622,182.090,190.655,373.901,0.1234,0.0791,0.1714,0.9500,0.00,0.00,0.00,0.00
1862.00,180.000,180.000,170.000,175.000,180.227,179.948,170.119,157.211,180.221,179.932,170.109,157.942,194.624,182.154,190.665,373.933,0.1226,0.0766,0.1708,0.9500,0.00,0.00,0.00,0.00
1863.00,180.000,180.000,170.000,175.000,180.227,179.947,170.118,157.247,180.222,179.931,170.109,157.977,194.626,182.215,190.676,373.965,0.1219,0.0742,0.1702,0.9500,0.00,0.00,0.00,0.00
1864.00,180.000,180.000,170.000,175.000,180.227,179.946,170.118,157.283,180.222,179.931,170.109,158.013,194.626,182.274,190.685,373.997,0.1213,0.0720,0.1697,0.9500,0.00,0.00,0.00,0.00
1865.00,180.000,180.000,170.000,175.000,180.227,179.946,170.118,157.319,180.223,179.930,170.109,158.048,194.625,182.327,190.693,374.028,0.1206,0.0699,0.1692,0.9500,0.00,0.00,0.00,0.00
1866.00,180.000,180.000,170.000,175.000,180.226,179.945,170.117,157.355,180.223,179.930,170.110,158.084,194.625,182.378,190.700,374.060,0.1200,0.0679,0.1688,0.9500,0.00,0.00,0.00,0.00
1867.00,180.000,180.000,170.000,175.000,180.226,179.944,170.117,157.391,180.224,179.930,170.110,158.119,194.622,182.427,190.708,374.092,0.1195,0.0660,0.1683,0.9500,0.00,0.00,0.00,0.00
1868.00,180.000,180.000,170.000,175.000,180.226,179.943,170.116,157.427,180.225,179.930,170.110,158.154,194.620,182.472,190.716,374.123,0.1189,0.0642,0.1679,0.9500,0.00,0.00,0.00,0.00
1869.00,180.000,180.000,170.000,175.000,180.226,179.943,170.116,157.463,180.225,179.930,170.111,158.190,194.617,182.516,190.721,374.155,0.1184,0.0626,0.1675,0.9500,0.00,0.00,0.00,0.00
1870.00,180.000,180.000,170.000,175.000,180.226,179.942,170.116,157.499,180.226,179.930,170.111,158.225,194.614,182.557,190.726,374.187,0.1179,0.0610,0.1671,0.9500,0.00,0.00,0.00,0.00
1871.00,180.000,180.000,170.000,175.000,180.226,179.941,170.116,157.535,180.227,179.930,170.111,158.260,194.609,182.596,190.731,374.218,0.1174,0.0595,0.1667,0.9500,0.00,0.00,0.00,0.00
1872.00,180.000,180.000,170.000,175.000,180.226,179.941,170.115,157.571,180.227,179.930,170.112,158.295,194.605,182.633,190.736,374.250,0.1170,0.0580,0.1663,0.9500,0.00,0.00,0.00,0.00
1873.00,180.000,180.000,170.000,175.000,180.226,179.940,170.115,157.606,180.228,179.930,170.112,158.331,194.600,182.667,190.741,374.281,0.1166,0.0567,0.1660,0.9500,0.00,0.00,0.00,0.00
1874.00,180.000,180.000,170.000,175.000,180.226,179.940,170.115,157.642,180.229,179.930,170.113,158.366,194.595,182.699,190.744,374.313,0.1162,0.0554,0.1657,0.9500,0.00,0.00,0.00,0.00
1875.00,180.000,180.000,170.000,175.000,180.226,179.939,170.115,157.678,180.229,179.931,170.113,158.401,194.589,182.730,190.746,374.344,0.1158,0.0542,0.1654,0.9500,0.00,0.00,0.00,0.00
1876.00,180.000,180.000,170.000,175.000,180.226,179.939,170.115,157.714,180.230,179.931,170.114,158.436,194.582,182.759,190.749,374.376,0.1154,0.0530,0.1651,0.9500,0.00,0.00,0.00,0.00
1877.00,180.000,180.000,170.000,175.000,180.227,179.939,170.115,157.749,180.231,179.932,170.114,158.471,194.575,182.787,190.751,374.407,0.1150,0.0519,0.1648,0.9500,0.00,0.00,0.00,0.00
1878.00,180.000,180.000,170.000,175.000,180.227,179.938,170.115,157.785,180.232,179.932,170.115,158.506,194.568,182.813,190.754,374.439,0.1147,0.0509,0.1645,0.9500,0.00,0.00,0.00,0.00
1879.00,180.000,180.000,170.000,175.000,180.227,179.938,170.115,157.821,180.233,179.933,170.115,158.541,194.561,182.838,190.756,374.470,0.1144,0.0499,0.1642,0.9500,0.00,0.00,0.00,0.00
1880.00,180.000,180.000,170.000,175.000,180.227,179.938,170.115,157.856,180.233,179.933,170.116,158.576,194.554,182.860,190.759,374.501,0.1141,0.0490,0.1640,0.9500,0.00,0.00,0.00,0.00
1881.00,180.000,180.000,170.000,175.000,180.228,179.937,170.115,157.892,180.234,179.934,170.116,158.611,194.547,182.882,190.759,374.533,0.1138,0.0481,0.1638,0.9500,0.00,0.00,0.00,0.00
1882.00,180.000,180.000,170.000,175.000,180.228,179.937,170.115,157.927,180.235,179.934,170.117,158.646,194.538,182.903,190.759,374.564,0.1135,0.0473,0.1635,0.9500,0.00,0.00,0.00,0.00
1883.00,180.000,180.000,170.000,175.000,180.228,179.937,170.115,157.963,180.236,179.935,170.117,158.681,194.529,182.923,190.759,374.595,0.1132,0.0465,0.1633,0.9500,0.00,0.00,0.00,0.00
1884.00,180.000,180.000,170.000,175.000,180.229,179.937,170.115,157.998,180.237,179.936,170.118,158.716,194.520,182.942,190.759,374.627,0.1129,0.0458,0.1631,0.9500,0.00,0.00,0.00,0.00
1885.00,180.000,180.000,170.000,175.000,180.229,179.937,170.115,158.034,180.237,179.937,170.118,158.751,194.511,182.959,190.759,374.658,0.1127,0.0451,0.1629,0.9500,0.00,0.00,0.00,0.00
1886.00,180.000,180.000,170.000,175.000,180.230,179.937,170.115,158.069,180.238,179.937,170.119,158.786,194.503,182.975,190.759,374.689,0.1124,0.0444,0.1627,0.9500,0.00,0.00,0.00,0.00
1887.00,180.000,180.000,170.000,175.000,180.230,179.937,170.116,158.104,180.239,179.938,170.119,158.821,194.494,182.992,190.759,374.720,0.1122,0.0438,0.1625,0.9500,0.00,0.00,0.00,0.00
1888.00,180.000,180.000,170.000,175.000,180.230,179.937,170.116,158.140,180.240,179.939,170.120,158.856,194.486,183.006,190.759,374.751,0.1120,0.0432,0.1624,0.9500,0.00,0.00,0.00,0.00
1889.00,180.000,180.000,170.000,175.000,180.231,179.937,170.116,158.175,180.241,179.940,170.120,158.890,194.475,183.020,190.759,374.782,0.1117,0.0426,0.1622,0.9500,0.00,0.00,0.00,0.00
1890.00,180.000,180.000,170.000,175.000,180.231,179.937,170.116,158.210,180.242,179.941,170.121,158.925,194.464,183.033,190.759,374.814,0.1115,0.0421,0.1620,0.9500,0.00,0.00,0.00,0.00
1891.00,180.000,180.000,170.000,175.000,180.232,179.938,170.116,158.246,180.243,179.941,170.122,158.960,194.454,183.046,190.758,374.845,0.1113,0.0416,0.1619,0.9500,0.00,0.00,0.00,0.00
1892.00,180.000,180.000,170.000,175.000,180.233,179.938,170.117,158.281,180.244,179.942,170.122,158.995,194.443,183.057,190.755,374.876,0.1111,0.0411,0.1617,0.9500,0.00,0.00,0.00,0.00
1893.00,180.000,180.000,170.000,175.000,180.233,179.938,170.117,158.316,180.245,179.943,170.123,159.029,194.433,183.068,190.753,374.907,0.1109,0.0407,0.1616,0.9500,0.00,0.00,0.00,0.00
1894.00,180.000,180.000,170.000,175.000,180.234,179.938,170.117,158.351,180.246,179.944,170.123,159.064,194.423,183.078,190.751,374.938,0.1107,0.0402,0.1614,0.9500,0.00,0.00,0.00,0.00
1895.00,180.000,180.000,170.000,175.000,180.234,179.939,170.118,158.387,180.246,179.945,170.124,159.099,194.412,183.089,190.748,374.969,0.1105,0.0398,0.1613,0.9500,0.00,0.00,0.00,0.00
1896.00,180.000,180.000,170.000,175.000,180.235,179.939,170.118,158.422,180.247,179.946,170.125,159.133,194.402,183.097,190.746,375.000,0.1103,0.0395,0.1612,0.9500,0.00,0.00,0.00,0.00
1897.00,180.000,180.000,170.000,175.000,180.235,179.939,170.118,158.457,180.248,179.947,170.125,159.168,194.393,183.106,190.744,375.031,0.1102,0.0391,0.1610,0.9500,0.00,0.00,0.00,0.00
1898.00,180.000,180.000,170.000,175.000,180.236,179.940,170.119,158.492,180.249,179.948,170.126,159.203,194.383,183.114,190.742,375.062,0.1100,0.0388,0.1609,0.9500,0.00,0.00,0.00,0.00
1899.00,180.000,180.000,170.000,175.000,180.237,179.940,170.119,158.527,180.250,179.949,170.126,159.237,194.371,183.122,190.739,375.093,0.1098,0.0384,0.1608,0.9500,0.00,0.00,0.00,0.00
1900.00,180.000,180.000,170.000,175.000,180.237,179.941,170.119,158.562,180.251,179.950,170.127,159.272,194.359,183.130,190.737,375.123,0.1097,0.0381,0.1607,0.9500,0.00,0.00,0.00,0.00
1901.00,180.000,180.000,170.000,175.000,180.238,179.941,170.120,158.597,180.252,179.951,170.128,159.306,194.347,183.136,190.735,375.154,0.1095,0.0378,0.1606,0.9500,0.00,0.00,0.00,0.00
1902.00,180.000,180.000,170.000,175.000,180.239,179.941,170.120,158.632,180.253,179.952,170.128,159.341,194.335,183.142,190.733,375.185,0.1093,0.0376,0.1605,0.9500,0.00,0.00,0.00,0.00
1903.00,180.000,180.000,170.000,175.000,180.239,179.942,170.120,158.667,180.254,179.953,170.129,159.375,194.323,183.147,190.731,375.216,0.1092,0.0373,0.1604,0.9500,0.00,0.00,0.00,0.00
1904.00,180.000,180.000,170.000,175.000,180.240,179.943,170.121,158.702,180.255,179.954,170.129,159.409,194.312,183.152,190.729,375.247,0.1090,0.0370,0.1603,0.9500,0.00,0.00,0.00,0.00
1905.00,180.000,180.000,170.000,175.000,180.241,179.943,170.121,158.737,180.256,179.955,170.130,159.444,194.300,183.158,190.727,375.277,0.1089,0.0368,0.1602,0.9500,0.00,0.00,0.00,0.00
1906.00,180.000,180.000,170.000,175.000,180.242,179.944,170.122,158.772,180.257,179.956,170.131,159.478,194.289,183.163,190.725,375.308,0.1087,0.0366,0.1601,0.9500,0.00,0.00,0.00,0.00
1907.00,180.000,180.000,170.000,175.000,180.242,179.944,170.122,158.807,180.258,179.957,170.131,159.513,194.278,183.168,190.723,375.339,0.1086,0.0364,0.1600,0.9500,0.00,0.00,0.00,0.00
1908.00,180.000,180.000,170.000,175.000,180.243,179.945,170.123,158.842,180.259,179.958,170.132,159.547,194.267,183.173,190.720,375.369,0.1084,0.0362,0.1599,0.9500,0.00,0.00,0.00,0.00
1909.00,180.000,180.000,170.000,175.000,180.244,179.946,170.123,158.876,180.260,179.960,170.133,159.581,194.256,183.179,190.715,375.400,0.1083,0.0360,0.1599,0.9500,0.00,0.00,0.00,0.00
1910.00,180.000,180.000,170.000,175.000,180.245,179.946,170.124,158.911,180.261,179.961,170.133,159.615,194.245,183.181,190.711,375.431,0.1082,0.0358,0.1598,0.9500,0.00,0.00,0.00,0.00
1911.00,180.000,180.000,170.000,175.000,180.246,179.947,170.124,158.946,180.262,179.962,170.134,159.650,194.235,183.184,190.706,375.461,0.1080,0.0357,0.1597,0.9500,0.00,0.00,0.00,0.00
1912.00,180.000,180.000,170.000,175.000,180.246,179.948,170.125,158.981,180.263,179.963,170.134,159.684,194.223,183.187,190.702,375.492,0.1079,0.0355,0.1596,0.9500,0.00,0.00,0.00,0.00
1913.00,180.000,180.000,170.000,175.000,180.247,179.949,170.125,159.016,180.264,179.964,170.135,159.718,194.210,183.189,190.698,375.523,0.1078,0.0353,0.1595,0.9500,0.00,0.00,0.00,0.00
1914.00,180.000,180.000,170.000,175.000,180.248,179.949,170.125,159.050,180.265,179.965,170.136,159.752,194.197,183.192,190.694,375.553,0.1076,0.0352,0.1595,0.9500,0.00,0.00,0.00,0.00
1915.00,180.000,180.000,170.000,175.000,180.249,179.950,170.126,159.085,180.266,179.966,170.136,159.787,194.184,183.194,190.690,375.584,0.1075,0.0000,0.1594,0.9500,0.00,0.00,0.00,0.00
1916.00,180.000,180.000,170.000,175.000,180.250,179.951,170.127,159.120,180.267,179.967,170.137,159.821,194.172,183.152,190.685,375.614,0.1074,0.0000,0.1593,0.9500,0.00,0.00,0.00,0.00
1917.00,180.000,180.000,170.000,175.000,180.250,179.952,170.127,159.154,180.268,179.968,170.138,159.855,194.115,183.110,190.681,375.644,0.0369,0.0000,0.1593,0.9500,0.00,0.00,0.00,0.00
1918.00,180.000,180.000,170.000,175.000,180.251,179.953,170.128,159.189,180.268,179.969,170.138,159.889,194.017,183.069,190.677,375.675,0.0401,0.0000,0.1592,0.9500,0.00,0.00,0.00,0.00
1919.00,180.000,180.000,170.000,175.000,180.252,179.953,170.128,159.223,180.269,179.970,170.139,159.923,193.924,183.027,190.673,375.705,0.0430,0.0000,0.1591,0.9500,0.00,0.00,0.00,0.00
1920.00,180.000,180.000,170.000,175.000,180.253,179.954,170.129,159.258,180.270,179.970,170.139,159.957,193.835,182.986,190.669,375.736,0.0457,0.0000,0.1591,0.9500,0.00,0.00,0.00,0.00
1921.00,180.000,180.000,170.000,175.000,180.254,179.955,170.129,159.292,180.270,179.971,170.140,159.991,193.749,182.946,190.665,375.766,0.0483,0.0000,0.1590,0.9500,0.00,0.00,0.00,0.00
1922.00,180.000,180.000,170.000,175.000,180.255,179.956,170.130,159.327,180.270,179.972,170.141,160.025,193.668,182.905,190.661,375.796,0.0507,0.0000,0.1590,0.9500,0.00,0.00,0.00,0.00
1923.00,180.000,180.000,170.000,175.000,180.255,179.956,170.130,159.361,180.270,179.972,170.141,160.059,193.590,182.865,190.658,375.827,0.0529,0.0000,0.1589,0.9500,0.00,0.00,0.00,0.00
1924.00,180.000,180.000,170.000,175.000,180.256,179.957,170.131,159.396,180.270,179.973,170.142,160.093,193.516,182.825,190.654,375.857,0.0550,0.0000,0.1588,0.9500,0.00,0.00,0.00,0.00
1925.00,180.000,180.000,170.000,175.000,180.257,179.958,170.131,159.430,180.270,179.973,170.142,160.127,193.446,182.786,190.650,375.887,0.0570,0.0000,0.1588,0.9500,0.00,0.00,0.00,0.00
1926.00,180.000,180.000,170.000,175.000,180.257,179.959,170.132,159.465,180.270,179.973,170.143,160.161,193.377,182.747,190.646,375.918,0.0588,0.0000,0.1587,0.9500,0.00,0.00,0.00,0.00
1927.00,180.000,180.000,170.000,175.000,180.258,179.959,170.132,159.499,180.270,179.973,170.144,160.195,193.311,182.708,190.643,375.948,0.0605,0.0000,0.1587,0.9500,0.00,0.00,0.00,0.00
1928.00,180.000,180.000,170.000,175.000,180.259,179.960,170.133,159.533,180.269,179.973,170.144,160.228,193.248,182.670,190.639,375.978,0.0621,0.0013,0.1586,0.9500,0.00,0.00,0.00,0.00
1929.00,180.000,180.000,170.000,175.000,180.259,179.961,170.134,159.568,180.269,179.973,170.145,160.262,193.188,182.634,190.635,376.008,0.0636,0.0026,0.1586,0.9500,0.00,0.00,0.00,0.00
1930.00,180.000,180.000,170.000,175.000,180.260,179.961,170.134,159.602,180.268,179.973,170.145,160.296,193.129,182.601,190.632,376.038,0.0650,0.0038,0.1585,0.9500,0.00,0.00,0.00,0.00
1931.00,180.000,180.000,170.000,175.000,180.260,179.962,170.135,159.636,180.268,179.973,170.146,160.330,193.073,182.570,190.628,376.069,0.0663,0.0050,0.1585,0.9500,0.00,0.00,0.00,0.00
1932.00,180.000,180.000,170.000,175.000,180.260,179.963,170.135,159.670,180.267,179.973,170.147,160.363,193.019,182.539,190.625,376.099,0.0675,0.0060,0.1584,0.9500,0.00,0.00,0.00,0.00
1933.00,180.000,180.000,170.000,175.000,180.261,179.963,170.136,159.705,180.266,179.973,170.147,160.397,192.967,182.512,190.621,376.129,0.0686,0.0071,0.1584,0.9500,0.00,0.00,0.00,0.00
1934.00,180.000,180.000,170.000,175.000,180.261,179.964,170.136,159.739,180.265,179.973,170.148,160.431,192.917,182.485,190.618,376.159,0.0697,0.0080,0.1583,0.9500,0.00,0.00,0.00,0.00
1935.00,180.000,180.000,170.000,175.000,180.261,179.964,170.137,159.773,180.264,179.973,170.149,160.465,192.868,182.460,190.614,376.189,0.0707,0.0090,0.1583,0.9500,0.00,0.00,0.00,0.00
1936.00,180.000,180.000,170.000,175.000,180.261,179.964,170.137,159.807,180.263,179.972,170.149,160.498,192.821,182.435,190.611,376.219,0.0716,0.0098,0.1582,0.9500,0.00,0.00,0.00,0.00
1937.00,180.000,180.000,170.000,175.000,180.261,179.965,170.138,159.841,180.262,179.972,170.150,160.532,192.776,182.412,190.607,376.249,0.0724,0.0107,0.1582,0.9500,0.00,0.00,0.00,0.00
1938.00,180.000,180.000,170.000,175.000,180.261,179.965,170.139,159.875,180.261,179.972,170.150,160.565,192.732,182.391,190.604,376.279,0.0732,0.0114,0.1581,0.9500,0.00,0.00,0.00,0.00
1939.00,180.000,180.000,170.000,175.000,180.261,179.965,170.139,159.909,180.260,179.971,170.151,160.599,192.688,182.369,190.601,376.309,0.0739,0.0122,0.1581,0.9500,0.00,0.00,0.00,0.00
1940.00,180.000,180.000,170.000,175.000,180.261,179.966,170.140,159.943,180.259,179.971,170.152,160.632,192.646,182.350,190.598,376.339,0.0746,0.0129,0.1580,0.9500,0.00,0.00,0.00,0.00
1941.00,180.000,180.000,170.000,175.000,180.261,179.966,170.140,159.977,180.258,179.970,170.152,160.666,192.606,182.332,190.594,376.369,0.0752,0.0135,0.1580,0.9500,0.00,0.00,0.00,0.00
1942.00,180.000,180.000,170.000,175.000,180.261,179.966,170.141,160.011,180.257,179.970,170.153,160.699,192.566,182.313,190.589,376.398,0.0758,0.0142,0.1580,0.9500,0.00,0.00,0.00,0.00
1943.00,180.000,180.000,170.000,175.000,180.261,179.966,170.142,160.045,180.255,179.969,170.153,160.733,192.527,182.297,190.583,376.428,0.0763,0.0148,0.1579,0.9500,0.00,0.00,0.00,0.00
1944.00,180.000,180.000,170.000,175.000,180.261,179.966,170.142,160.079,180.254,179.968,170.154,160.766,192.490,182.281,190.578,376.458,0.0768,0.0153,0.1579,0.9500,0.00,0.00,0.00,0.00
1945.00,180.000,180.000,170.000,175.000,180.260,179.967,170.143,160.113,180.253,179.968,170.155,160.800,192.454,182.265,190.572,376.488,0.0773,0.0159,0.1578,0.9500,0.00,0.00,0.00,0.00
1946.00,180.000,180.000,170.000,175.000,180.260,179.967,170.143,160.147,180.251,179.967,170.155,160.833,192.417,182.251,190.567,376.518,0.0777,0.0164,0.1578,0.9500,0.00,0.00,0.00,0.00
1947.00,180.000,180.000,170.000,175.000,180.259,179.967,170.144,160.181,180.250,179.966,170.156,160.866,192.381,182.238,190.561,376.548,0.0780,0.0168,0.1577,0.9500,0.00,0.00,0.00,0.00
1948.00,180.000,180.000,170.000,175.000,180.259,179.967,170.145,160.215,180.248,179.966,170.156,160.900,192.348,182.225,190.556,376.577,0.0784,0.0173,0.1577,0.9500,0.00,0.00,0.00,0.00
1949.00,180.000,180.000,170.000,175.000,180.258,179.967,170.145,160.249,180.247,179.965,170.157,160.933,192.315,182.212,190.550,376.607,0.0787,0.0177,0.1577,0.9500,0.00,0.00,0.00,0.00
1950.00,180.000,180.000,170.000,175.000,180.258,179.966,170.146,160.283,180.245,179.964,170.158,160.966,192.282,182.199,190.545,376.637,0.0790,0.0181,0.1576,0.9500,0.00,0.00,0.00,0.00
1951.00,180.000,180.000,170.000,175.000,180.257,179.966,170.146,160.316,180.243,179.963,170.158,161.000,192.249,182.189,190.540,376.666,0.0792,0.0185,0.1576,0.9500,0.00,0.00,0.00,0.00
1952.00,180.000,180.000,170.000,175.000,180.256,179.966,170.147,160.350,180.242,179.963,170.159,161.033,192.217,182.179,190.535,376.696,0.0795,0.0189,0.1575,0.9500,0.00,0.00,0.00,0.00
1953.00,180.000,180.000,170.000,175.000,180.256,179.966,170.147,160.384,180.240,179.962,170.159,161.066,192.185,182.168,190.530,376.726,0.0797,0.0192,0.1575,0.9500,0.00,0.00,0.00,0.00
1954.00,180.000,180.000,170.000,175.000,180.255,179.966,170.148,160.417,180.238,179.961,170.160,161.099,192.153,182.158,190.524,376.755,0.0799,0.0195,0.1575,0.9500,0.00,0.00,0.00,0.00
1955.00,180.000,180.000,170.000,175.000,180.254,179.966,170.149,160.451,180.237,179.960,170.160,161.132,192.122,182.148,190.519,376.785,0.0800,0.0198,0.1574,0.9500,0.00,0.00,0.00,0.00
1956.00,180.000,180.000,170.000,175.000,180.253,179.965,170.149,160.485,180.235,179.959,170.161,161.165,192.093,182.138,190.514,376.814,0.0802,0.0201,0.1574,0.9500,0.00,0.00,0.00,0.00
1957.00,180.000,180.000,170.000,175.000,180.252,179.965,170.150,160.518,180.233,179.959,170.162,161.199,192.064,182.131,190.509,376.844,0.0803,0.0204,0.1573,0.9500,0.00,0.00,0.00,0.00
1958.00,180.000,180.000,170.000,175.000,180.251,179.965,170.150,160.552,180.231,179.958,170.162,161.232,192.036,182.124,190.460,376.873,0.0804,0.0207,0.0868,0.9500,0.00,0.00,0.00,0.00
1959.00,180.000,180.000,170.000,175.000,180.250,179.964,170.151,160.585,180.230,179.957,170.162,161.265,192.008,182.116,190.369,376.903,0.0805,0.0209,0.0895,0.9500,0.00,0.00,0.00,0.00
1960.00,180.000,180.000,170.000,175.000,180.249,179.964,170.151,160.619,180.228,179.956,170.163,161.298,192.025,182.109,190.282,376.932,0.1509,0.0211,0.0921,0.9500,0.00,0.00,0.00,0.00
1961.00,180.000,180.000,170.000,175.000,180.248,179.964,170.152,160.653,180.226,179.955,170.163,161.331,192.082,182.102,190.199,376.962,0.1477,0.0214,0.0945,0.9500,0.00,0.00,0.00,0.00
1962.00,180.000,180.000,170.000,175.000,180.247,179.963,170.153,160.686,180.225,179.954,170.163,161.364,192.135,182.095,190.120,376.991,0.1447,0.0216,0.0969,0.9500,0.00,0.00,0.00,0.00
1963.00,180.000,180.000,170.000,175.000,180.246,179.963,170.153,160.719,180.223,179.953,170.162,161.397,192.184,182.087,190.044,377.021,0.1419,0.0218,0.0991,0.9500,0.00,0.00,0.00,0.00
1964.00,180.000,180.000,170.000,175.000,180.245,179.962,170.153,160.753,180.222,179.952,170.162,161.429,192.230,182.080,189.972,377.050,0.1392,0.0220,0.1012,0.9500,0.00,0.00,0.00,0.00
1965.00,180.000,180.000,170.000,175.000,180.244,179.962,170.154,160.786,180.221,179.951,170.162,161.462,192.271,182.074,189.903,377.079,0.1367,0.0221,0.1032,0.9500,0.00,0.00,0.00,0.00
1966.00,180.000,180.000,170.000,175.000,180.243,179.961,170.154,160.820,180.219,179.950,170.161,161.495,192.310,182.070,189.836,377.109,0.1344,0.0223,0.1050,0.9500,0.00,0.00,0.00,0.00
1967.00,180.000,180.000,170.000,175.000,180.241,179.961,170.155,160.853,180.218,179.949,170.160,161.528,192.346,182.065,189.773,377.138,0.1322,0.0225,0.1068,0.9500,0.00,0.00,0.00,0.00
1968.00,180.000,180.000,170.000,175.000,180.240,179.960,170.155,160.886,180.218,179.948,170.159,161.561,192.379,182.061,189.711,377.167,0.1301,0.0226,0.1085,0.9500,0.00,0.00,0.00,0.00
1969.00,180.000,180.000,170.000,175.000,180.239,179.959,170.155,160.920,180.217,179.947,170.159,161.593,192.408,182.056,189.653,377.197,0.1281,0.0228,0.1101,0.9500,0.00,0.00,0.00,0.00
1970.00,180.000,180.000,170.000,175.000,180.238,179.959,170.155,160.953,180.216,179.946,170.158,161.626,192.435,182.052,189.597,377.226,0.1262,0.0229,0.1116,0.9500,0.00,0.00,0.00,0.00
1971.00,180.000,180.000,170.000,175.000,180.237,179.958,170.155,160.986,180.215,179.945,170.156,161.659,192.460,182.047,189.542,377.255,0.1245,0.0230,0.1131,0.9500,0.00,0.00,0.00,0.00
1972.00,180.000,180.000,170.000,175.000,180.236,179.958,170.155,161.019,180.215,179.944,170.155,161.692,192.483,182.043,189.490,377.284,0.1228,0.0231,0.1144,0.9500,0.00,0.00,0.00,0.00
1973.00,180.000,180.000,170.000,175.000,180.235,179.957,170.155,161.053,180.214,179.943,170.154,161.724,192.503,182.039,189.440,377.314,0.1213,0.0233,0.1157,0.9500,0.00,0.00,0.00,0.00
1974.00,180.000,180.000,170.000,175.000,180.234,179.956,170.155,161.086,180.213,179.942,170.153,161.757,192.521,182.034,189.392,377.343,0.1198,0.0234,0.1169,0.9500,0.00,0.00,0.00,0.00
1975.00,180.000,180.000,170.000,175.000,180.233,179.956,170.155,161.119,180.213,179.941,170.151,161.789,192.537,182.030,189.346,377.372,0.1184,0.0235,0.1181,0.9500,0.00,0.00,0.00,0.00
1976.00,180.000,180.000,170.000,175.000,180.232,179.955,170.155,161.152,180.213,179.940,170.150,161.822,192.552,182.026,189.302,377.401,0.1171,0.0236,0.1192,0.9500,0.00,0.00,0.00,0.00
1977.00,180.000,180.000,170.000,175.000,180.231,179.954,170.155,161.185,180.212,179.939,170.148,161.855,192.565,182.021,189.259,377.430,0.1159,0.0237,0.1202,0.9500,0.00,0.00,0.00,0.00
1978.00,180.000,180.000,170.000,175.000,180.230,179.953,170.154,161.218,180.212,179.938,170.147,161.887,192.576,182.017,189.218,377.459,0.1147,0.0237,0.1212,0.9500,0.00,0.00,0.00,0.00
1979.00,180.000,180.000,170.000,175.000,180.229,179.953,170.154,161.251,180.212,179.937,170.145,161.920,192.587,182.013,189.178,377.488,0.1136,0.0238,0.1221,0.9500,0.00,0.00,0.00,0.00
1980.00,180.000,180.000,170.000,175.000,180.228,179.952,170.153,161.284,180.211,179.936,170.143,161.952,192.595,182.008,189.140,377.517,0.1125,0.0239,0.1230,0.9500,0.00,0.00,0.00,0.00
1981.00,180.000,180.000,170.000,175.000,180.227,179.951,170.153,161.317,180.211,179.935,170.141,161.985,192.602,182.004,189.103,377.546,0.1115,0.0240,0.1238,0.9500,0.00,0.00,0.00,0.00
1982.00,180.000,180.000,170.000,175.000,180.227,179.950,170.152,161.350,180.211,179.934,170.140,162.017,192.607,182.001,189.067,377.575,0.1106,0.0240,0.1246,0.9500,0.00,0.00,0.00,0.00
1983.00,180.000,180.000,170.000,175.000,180.226,179.949,170.152,161.383,180.211,179.933,170.138,162.049,192.613,182.072,189.033,377.604,0.1097,0.0808,0.1254,0.9500,0.00,0.00,0.00,0.00
1984.00,180.000,180.000,170.000,175.000,180.225,179.949,170.151,161.416,180.211,179.932,170.136,162.082,192.616,182.138,188.999,377.633,0.1089,0.0782,0.1261,0.9500,0.00,0.00,0.00,0.00
1985.00,180.000,180.000,170.000,175.000,180.225,179.948,170.150,161.449,180.211,179.931,170.134,162.114,192.619,182.201,188.968,377.662,0.1081,0.0758,0.1267,0.9500,0.00,0.00,0.00,0.00
1986.00,180.000,180.000,170.000,175.000,180.224,179.947,170.149,161.482,180.211,179.930,170.132,162.146,192.621,182.260,188.981,377.691,0.1073,0.0735,0.1979,0.9500,0.00,0.00,0.00,0.00
1987.00,180.000,180.000,170.000,175.000,180.223,179.946,170.149,161.514,180.211,179.930,170.130,162.179,192.622,182.316,189.037,377.720,0.1066,0.0713,0.1957,0.9500,0.00,0.00,0.00,0.00
1988.00,180.000,180.000,170.000,175.000,180.223,179.945,170.148,161.547,180.211,179.929,170.128,162.211,192.623,182.369,189.090,377.749,0.1060,0.0692,0.1936,0.9500,0.00,0.00,0.00,0.00
1989.00,180.000,180.000,170.000,175.000,180.222,179.945,170.147,161.580,180.211,179.929,170.126,162.243,192.621,182.419,189.140,377.777,0.1053,0.0673,0.1917,0.9500,0.00,0.00,0.00,0.00
1990.00,180.000,180.000,170.000,175.000,180.221,179.944,170.146,161.613,180.211,179.929,170.125,162.276,192.619,182.466,189.187,377.806,0.1047,0.0654,0.1898,0.9500,0.00,0.00,0.00,0.00
1991.00,180.000,180.000,170.000,175.000,180.221,179.943,170.145,161.646,180.211,179.929,170.123,162.308,192.617,182.511,189.232,377.835,0.1041,0.0637,0.1880,0.9500,0.00,0.00,0.00,0.00
1992.00,180.000,180.000,170.000,175.000,180.221,179.942,170.143,161.678,180.211,179.929,170.122,162.340,192.615,182.553,189.273,377.864,0.1036,0.0620,0.1863,0.9500,0.00,0.00,0.00,0.00
1993.00,180.000,180.000,170.000,175.000,180.220,179.942,170.142,161.711,180.211,179.929,170.120,162.372,192.611,182.592,189.313,377.892,0.1031,0.0604,0.1847,0.9500,0.00,0.00,0.00,0.00
1994.00,180.000,180.000,170.000,175.000,180.220,179.941,170.141,161.744,180.211,179.929,170.119,162.404,192.607,182.629,189.350,377.921,0.1026,0.0590,0.1832,0.9500,0.00,0.00,0.00,0.00
1995.00,180.000,180.000,170.000,175.000,180.219,179.940,170.140,161.776,180.212,179.929,170.118,162.436,192.603,182.665,189.386,377.950,0.1021,0.0576,0.1817,0.9500,0.00,0.00,0.00,0.00
1996.00,180.000,180.000,170.000,175.000,180.219,179.940,170.139,161.809,180.212,179.929,170.117,162.468,192.598,182.698,189.419,377.979,0.1016,0.0562,0.1804,0.9500,0.00,0.00,0.00,0.00
1997.00,180.000,180.000,170.000,175.000,180.219,179.939,170.138,161.841,180.212,179.929,170.116,162.500,192.591,182.730,189.451,378.007,0.1012,0.0550,0.1791,0.9500,0.00,0.00,0.00,0.00
1998.00,180.000,180.000,170.000,175.000,180.218,179.939,170.137,161.874,180.212,179.930,170.115,162.533,192.585,182.760,189.481,378.036,0.1008,0.0538,0.1778,0.9500,0.00,0.00,0.00,0.00
1999.00,180.000,180.000,170.000,175.000,180.218,179.938,170.136,161.906,180.212,179.930,170.114,162.565,192.579,182.787,189.508,378.064,0.1004,0.0526,0.1766,0.9500,0.00,0.00,0.00,0.00
2000.00,180.000,180.000,170.000,175.000,180.218,179.938,170.135,161.939,180.213,179.930,170.113,162.597,192.573,182.815,189.534,378.093,0.1000,0.0516,0.1755,0.9500,0.00,0.00,0.00,0.00
2001.00,180.000,180.000,170.000,175.000,180.217,179.938,170.134,161.971,180.213,179.931,170.112,162.628,192.566,182.839,189.558,378.122,0.0997,0.0506,0.1744,0.9500,0.00,0.00,0.00,0.00
2002.00,180.000,180.000,170.000,175.000,180.217,179.937,170.133,162.004,180.213,179.931,170.111,162.660,192.557,182.864,189.581,378.150,0.0993,0.0496,0.1734,0.9500,0.00,0.00,0.00,0.00
2003.00,180.000,180.000,170.000,175.000,180.217,179.937,170.132,162.036,180.213,179.932,170.111,162.692,192.549,182.885,189.603,378.179,0.0990,0.0487,0.1724,0.9500,0.00,0.00,0.00,0.00
2004.00,180.000,180.000,170.000,175.000,180.217,179.937,170.131,162.069,180.214,179.932,170.110,162.724,192.541,182.907,189.623,378.207,0.0987,0.0479,0.1715,0.9500,0.00,0.00,0.00,0.00
2005.00,180.000,180.000,170.000,175.000,180.217,179.937,170.130,162.101,180.214,179.933,170.109,162.756,192.533,182.926,189.642,378.236,0.0984,0.0470,0.1706,0.9500,0.00,0.00,0.00,0.00
2006.00,180.000,180.000,170.000,175.000,180.217,179.936,170.129,162.133,180.214,179.933,170.109,162.788,192.525,182.945,189.661,378.264,0.0981,0.0463,0.1698,0.9500,0.00,0.00,0.00,0.00
2007.00,180.000,180.000,170.000,175.000,180.216,179.936,170.128,162.166,180.214,179.934,170.108,162.820,192.516,182.962,189.677,378.292,0.0978,0.0455,0.1690,0.9500,0.00,0.00,0.00,0.00
2008.00,180.000,180.000,170.000,175.000,180.216,179.936,170.127,162.198,180.215,179.935,170.108,162.852,192.505,182.978,189.693,378.321,0.0975,0.0449,0.1682,0.9500,0.00,0.00,0.00,0.00
2009.00,180.000,180.000,170.000,175.000,180.216,179.936,170.126,162.230,180.215,179.936,170.107,162.883,192.495,182.994,189.707,378.349,0.0973,0.0442,0.1675,0.9500,0.00,0.00,0.00,0.00
2010.00,180.000,180.000,170.000,175.000,180.216,179.936,170.125,162.262,180.215,179.936,170.107,162.915,192.485,183.009,189.720,378.378,0.0970,0.0436,0.1668,0.9500,0.00,0.00,0.00,0.00
2011.00,180.000,180.000,170.000,175.000,180.216,179.936,170.124,162.295,180.216,179.937,170.107,162.947,192.475,183.022,189.734,378.406,0.0968,0.0430,0.1661,0.9500,0.00,0.00,0.00,0.00
2012.00,180.000,180.000,170.000,175.000,180.216,179.936,170.123,162.327,180.216,179.938,170.106,162.979,192.465,183.035,189.745,378.434,0.0966,0.0425,0.1655,0.9500,0.00,0.00,0.00,0.00
2013.00,180.000,180.000,170.000,175.000,180.216,179.936,170.122,162.359,180.216,179.939,170.106,163.010,192.455,183.048,189.756,378.463,0.0963,0.0419,0.1649,0.9500,0.00,0.00,0.00,0.00
2014.00,180.000,180.000,170.000,175.000,180.216,179.936,170.121,162.391,180.217,179.939,170.105,163.042,192.446,183.059,189.766,378.491,0.0961,0.0414,0.1644,0.9500,0.00,0.00,0.00,0.00
2015.00,180.000,180.000,170.000,175.000,180.216,179.937,170.121,162.423,180.217,179.940,170.105,163.074,192.435,183.069,189.777,378.519,0.0959,0.0410,0.1638,0.9500,0.00,0.00,0.00,0.00
2016.00,180.000,180.000,170.000,175.000,180.216,179.937,170.120,162.455,180.217,179.941,170.105,163.105,192.423,183.080,189.784,378.547,0.0957,0.0405,0.1633,0.9500,0.00,0.00,0.00,0.00
2017.00,180.000,180.000,170.000,175.000,180.216,179.937,170.119,162.488,180.218,179.942,170.105,163.137,192.411,183.090,189.792,378.576,0.0955,0.0401,0.1628,0.9500,0.00,0.00,0.00,0.00
2018.00,180.000,180.000,170.000,175.000,180.216,179.937,170.118,162.520,180.218,179.943,170.104,163.168,192.400,183.099,189.800,378.604,0.0953,0.0397,0.1623,0.9500,0.00,0.00,0.00,0.00
2019.00,180.000,180.000,170.000,175.000,180.216,179.937,170.118,162.552,180.218,179.944,170.104,163.200,192.388,183.106,189.807,378.632,0.0951,0.0393,0.1619,0.9500,0.00,0.00,0.00,0.00
2020.00,180.000,180.000,170.000,175.000,180.217,179.938,170.117,162.584,180.219,179.945,170.104,163.232,192.376,183.114,189.813,378.660,0.0949,0.0390,0.1615,0.9500,0.00,0.00,0.00,0.00
2021.00,180.000,180.000,170.000,175.000,180.217,179.938,170.116,162.616,180.219,179.946,170.104,163.263,192.365,183.121,189.818,378.688,0.0948,0.0386,0.1611,0.9500,0.00,0.00,0.00,0.00
2022.00,180.000,180.000,170.000,175.000,180.217,179.939,170.116,162.648,180.219,179.947,170.104,163.295,192.354,183.129,189.823,378.716,0.0946,0.0383,0.1607,0.9500,0.00,0.00,0.00,0.00
2023.00,180.000,180.000,170.000,175.000,180.217,179.939,170.115,162.680,180.220,179.947,170.104,163.326,192.343,183.136,189.828,378.744,0.0944,0.0380,0.1603,0.9500,0.00,0.00,0.00,0.00
2024.00,180.000,180.000,170.000,175.000,180.217,179.939,170.115,162.711,180.220,179.948,170.103,163.358,192.332,183.143,189.833,378.772,0.0942,0.0377,0.1600,0.9500,0.00,0.00,0.00,0.00
2025.00,180.000,180.000,170.000,175.000,180.217,179.940,170.114,162.743,180.220,179.949,170.103,163.389,192.321,183.147,189.835,378.801,0.0941,0.0375,0.1596,0.9500,0.00,0.00,0.00,0.00
2026.00,180.000,180.000,170.000,175.000,180.217,179.940,170.114,162.775,180.221,179.950,170.103,163.420,192.309,183.152,189.837,378.829,0.0939,0.0372,0.1593,0.9500,0.00,0.00,0.00,0.00
2027.00,180.000,180.000,170.000,175.000,180.218,179.941,170.113,162.807,180.221,179.951,170.103,163.452,192.296,183.157,189.840,378.857,0.0938,0.0370,0.1590,0.9500,0.00,0.00,0.00,0.00
2028.00,180.000,180.000,170.000,175.000,180.218,179.941,170.113,162.839,180.221,179.952,170.103,163.483,192.283,183.162,189.842,378.885,0.0936,0.0367,0.1587,0.9500,0.00,0.00,0.00,0.00
2029.00,180.000,180.000,170.000,175.000,180.218,179.942,170.112,162.871,180.222,179.953,170.103,163.514,192.270,183.166,189.845,378.912,0.0935,0.0365,0.1584,0.9500,0.00,0.00,0.00,0.00
2030.00,180.000,180.000,170.000,175.000,180.218,179.942,170.112,162.903,180.222,179.954,170.103,163.546,192.257,183.171,189.847,378.940,0.0933,0.0363,0.1581,0.9500,0.00,0.00,0.00,0.00
2031.00,180.000,180.000,170.000,175.000,180.218,179.943,170.111,162.934,180.222,179.955,170.103,163.577,192.244,183.176,189.848,378.968,0.0932,0.0361,0.1579,0.9500,0.00,0.00,0.00,0.00
2032.00,180.000,180.000,170.000,175.000,180.218,179.944,170.111,162.966,180.223,179.956,170.103,163.608,192.232,183.180,189.848,378.996,0.0930,0.0359,0.1576,0.9500,0.00,0.00,0.00,0.00
2033.00,180.000,180.000,170.000,175.000,180.219,179.944,170.110,162.998,180.223,179.957,170.103,163.640,192.219,183.183,189.848,379.024,0.0929,0.0358,0.1574,0.9500,0.00,0.00,0.00,0.00
2034.00,180.000,180.000,170.000,175.000,180.219,179.945,170.110,163.029,180.223,179.958,170.103,163.671,192.207,183.185,189.848,379.052,0.0928,0.0356,0.1572,0.9500,0.00,0.00,0.00,0.00
2035.00,180.000,180.000,170.000,175.000,180.219,179.946,170.110,163.061,180.224,179.959,170.103,163.702,192.195,183.187,189.848,379.080,0.0926,0.0354,0.1570,0.9500,0.00,0.00,0.00,0.00
2036.00,180.000,180.000,170.000,175.000,180.219,179.946,170.109,163.093,180.224,179.960,170.103,163.733,192.183,183.189,189.848,379.108,0.0925,0.0353,0.1568,0.9500,0.00,0.00,0.00,0.00
2037.00,180.000,180.000,170.000,175.000,180.220,179.947,170.109,163.124,180.225,179.961,170.103,163.764,192.171,183.191,189.848,379.135,0.0923,0.0352,0.1566,0.9500,0.00,0.00,0.00,0.00
2038.00,180.000,180.000,170.000,175.000,180.220,179.948,170.109,163.156,180.225,179.962,170.103,163.796,192.159,183.193,189.847,379.163,0.0922,0.0350,0.1564,0.9500,0.00,0.00,0.00,0.00
2039.00,180.000,180.000,170.000,175.000,180.220,179.948,170.108,163.188,180.225,179.963,170.103,163.827,192.148,183.195,189.847,379.191,0.0921,0.0349,0.1562,0.9500,0.00,0.00,0.00,0.00
2040.00,180.000,180.000,170.000,175.000,180.220,179.949,170.108,163.219,180.226,179.964,170.103,163.858,192.136,183.197,189.847,379.219,0.0920,0.0348,0.1560,0.9500,0.00,0.00,0.00,0.00
2041.00,180.000,180.000,170.000,175.000,180.221,179.950,170.108,163.251,180.226,179.965,170.103,163.889,192.122,183.199,189.846,379.246,0.0918,0.0347,0.1558,0.9500,0.00,0.00,0.00,0.00
2042.00,180.000,180.000,170.000,175.000,180.221,179.951,170.108,163.282,180.226,179.966,170.103,163.920,192.108,183.156,189.843,379.274,0.0917,0.0000,0.1557,0.9500,0.00,0.00,0.00,0.00
2043.00,180.000,180.000,170.000,175.000,180.221,179.951,170.107,163.314,180.227,179.967,170.103,163.951,192.095,183.114,189.841,379.302,0.0916,0.0000,0.1555,0.9500,0.00,0.00,0.00,0.00
2044.00,180.000,180.000,170.000,175.000,180.221,179.952,170.107,163.345,180.227,179.968,170.103,163.982,192.081,183.072,189.838,379.329,0.0915,0.0000,0.1554,0.9500,0.00,0.00,0.00,0.00
2045.00,180.000,180.000,170.000,175.000,180.222,179.953,170.107,163.377,180.227,179.969,170.103,164.013,192.068,183.030,189.836,379.357,0.0913,0.0000,0.1552,0.9500,0.00,0.00,0.00,0.00
2046.00,180.000,180.000,170.000,175.000,180.222,179.954,170.107,163.408,180.228,179.969,170.103,164.044,192.054,182.988,189.834,379.385,0.0912,0.0000,0.1551,0.9500,0.00,0.00,0.00,0.00
2047.00,180.000,180.000,170.000,175.000,180.222,179.954,170.107,163.439,180.228,179.970,170.103,164.075,192.041,182.947,189.831,379.412,0.0911,0.0000,0.1550,0.9500,0.00,0.00,0.00,0.00
2048.00,180.000,180.000,170.000,175.000,180.223,179.955,170.106,163.471,180.228,179.970,170.103,164.106,192.028,182.906,189.829,379.440,0.0910,0.0000,0.1548,0.9500,0.00,0.00,0.00,0.00
2049.00,180.000,180.000,170.000,175.000,180.223,179.956,170.106,163.502,180.229,179.971,170.103,164.137,192.015,182.866,189.826,379.467,0.0909,0.0000,0.1547,0.9500,0.00,0.00,0.00,0.00
2050.00,180.000,180.000,170.000,175.000,180.223,179.957,170.106,163.533,180.229,179.971,170.103,164.168,192.003,182.825,189.824,379.495,0.0907,0.0000,0.1546,0.9500,0.00,0.00,0.00,0.00
2051.00,180.000,180.000,170.000,175.000,180.223,179.957,170.106,163.565,180.229,179.971,170.103,164.198,191.990,182.785,189.822,379.522,0.0906,0.0000,0.1545,0.9500,0.00,0.00,0.00,0.00
2052.00,180.000,180.000,170.000,175.000,180.224,179.958,170.106,163.596,180.230,179.971,170.103,164.229,191.977,182.746,189.819,379.550,0.0905,0.0000,0.1544,0.9500,0.00,0.00,0.00,0.00
2053.00,180.000,180.000,170.000,175.000,180.224,179.959,170.106,163.627,180.230,179.971,170.103,164.260,191.965,182.706,189.817,379.577,0.0904,0.0000,0.1543,0.9500,0.00,0.00,0.00,0.00
2054.00,180.000,180.000,170.000,175.000,180.224,179.959,170.105,163.659,180.230,179.972,170.103,164.291,191.953,182.668,189.815,379.605,0.0903,0.0008,0.1542,0.9500,0.00,0.00,0.00,0.00
2055.00,180.000,180.000,170.000,175.000,180.225,179.960,170.105,163.690,180.231,179.971,170.103,164.322,191.941,182.632,189.813,379.632,0.0902,0.0021,0.1541,0.9500,0.00,0.00,0.00,0.00
2056.00,180.000,180.000,170.000,175.000,180.225,179.960,170.105,163.721,180.231,179.971,170.103,164.352,191.929,182.598,189.810,379.660,0.0900,0.0033,0.1540,0.9500,0.00,0.00,0.00,0.00
2057.00,180.000,180.000,170.000,175.000,180.225,179.961,170.105,163.752,180.231,179.971,170.103,164.383,191.915,182.565,189.806,379.687,0.0899,0.0045,0.1539,0.9500,0.00,0.00,0.00,0.00
2058.00,180.000,180.000,170.000,175.000,180.226,179.962,170.105,163.783,180.232,179.971,170.103,164.414,191.901,182.534,189.801,379.714,0.0898,0.0056,0.1538,0.9500,0.00,0.00,0.00,0.00
2059.00,180.000,180.000,170.000,175.000,180.226,179.962,170.105,163.814,180.232,179.971,170.103,164.445,191.887,182.505,189.797,379.742,0.0897,0.0067,0.1537,0.9500,0.00,0.00,0.00,0.00
2060.00,180.000,180.000,170.000,175.000,180.226,179.962,170.105,163.846,180.232,179.970,170.103,164.475,191.873,182.477,189.792,379.769,0.0896,0.0077,0.1536,0.9500,0.00,0.00,0.00,0.00
2061.00,180.000,180.000,170.000,175.000,180.226,179.963,170.105,163.877,180.233,179.970,170.103,164.506,191.859,182.451,189.787,379.796,0.0895,0.0086,0.1535,0.9500,0.00,0.00,0.00,0.00
2062.00,180.000,180.000,170.000,175.000,180.227,179.963,170.105,163.908,180.233,179.970,170.103,164.536,191.845,182.426,189.783,379.824,0.0894,0.0095,0.1535,0.9500,0.00,0.00,0.00,0.00
2063.00,180.000,180.000,170.000,175.000,180.227,179.963,170.105,163.939,180.233,179.969,170.103,164.567,191.832,182.401,189.778,379.851,0.0893,0.0103,0.1534,0.9500,0.00,0.00,0.00,0.00
2064.00,180.000,180.000,170.000,175.000,180.227,179.964,170.105,163.970,180.234,179.969,170.103,164.598,191.818,182.379,189.774,379.878,0.0891,0.0111,0.1533,0.9500,0.00,0.00,0.00,0.00
2065.00,180.000,180.000,170.000,175.000,180.228,179.964,170.105,164.001,180.234,179.968,170.103,164.628,191.805,182.357,189.770,379.905,0.0890,0.0119,0.1532,0.9500,0.00,0.00,0.00,0.00
2066.00,180.000,180.000,170.000,175.000,180.228,179.964,170.104,164.032,180.234,179.967,170.104,164.659,191.792,182.336,189.765,379.932,0.0889,0.0126,0.1532,0.9500,0.00,0.00,0.00,0.00
2067.00,180.000,180.000,170.000,175.000,180.228,179.964,170.104,164.063,180.235,179.967,170.104,164.689,191.779,182.317,189.761,379.960,0.0888,0.0133,0.1531,0.9500,0.00,0.00,0.00,0.00
2068.00,180.000,180.000,170.000,175.000,180.229,179.964,170.104,164.094,180.235,179.966,170.104,164.720,191.766,182.298,189.757,379.987,0.0887,0.0139,0.1530,0.9500,0.00,0.00,0.00,0.00
2069.00,180.000,180.000,170.000,175.000,180.229,179.964,170.104,164.125,180.235,179.966,170.104,164.750,191.753,182.280,189.753,380.014,0.0886,0.0145,0.1530,0.9500,0.00,0.00,0.00,0.00
2070.00,180.000,180.000,170.000,175.000,180.229,179.965,170.104,164.155,180.236,179.965,170.104,164.781,191.740,182.264,189.748,380.041,0.0885,0.0151,0.1529,0.9500,0.00,0.00,0.00,0.00
2071.00,180.000,180.000,170.000,175.000,180.230,179.965,170.104,164.186,180.236,179.964,170.104,164.811,191.727,182.248,189.744,380.068,0.0884,0.0157,0.1528,0.9500,0.00,0.00,0.00,0.00
2072.00,180.000,180.000,170.000,175.000,180.230,179.965,170.104,164.217,180.236,179.963,170.104,164.842,191.715,182.232,189.740,380.095,0.0883,0.0162,0.1528,0.9500,0.00,0.00,0.00,0.00
2073.00,180.000,180.000,170.000,175.000,180.230,179.964,170.104,164.248,180.236,179.962,170.104,164.872,191.703,182.218,189.736,380.122,0.0882,0.0167,0.1527,0.9500,0.00,0.00,0.00,0.00
2074.00,180.000,180.000,170.000,175.000,180.231,179.964,170.104,164.279,180.237,179.962,170.104,164.902,191.690,182.205,189.732,380.149,0.0881,0.0171,0.1526,0.9500,0.00,0.00,0.00,0.00
2075.00,180.000,180.000,170.000,175.000,180.231,179.964,170.104,164.310,180.237,179.961,170.104,164.933,191.677,182.192,189.728,380.176,0.0879,0.0176,0.1526,0.9500,0.00,0.00,0.00,0.00
2076.00,180.000,180.000,170.000,175.000,180.231,179.964,170.104,164.340,180.237,179.960,170.104,164.963,191.663,182.178,189.724,380.203,0.0878,0.0180,0.1525,0.9500,0.00,0.00,0.00,0.00
2077.00,180.000,180.000,170.000,175.000,180.231,179.964,170.104,164.371,180.238,179.959,170.104,164.993,191.648,182.167,189.720,380.230,0.0877,0.0184,0.1525,0.9500,0.00,0.00,0.00,0.00
2078.00,180.000,180.000,170.000,175.000,180.232,179.964,170.104,164.402,180.238,179.958,170.104,165.024,191.634,182.156,189.716,380.257,0.0876,0.0187,0.1524,0.9500,0.00,0.00,0.00,0.00
2079.00,180.000,180.000,170.000,175.000,180.232,179.963,170.104,164.432,180.238,179.957,170.104,165.054,191.620,182.145,189.712,380.284,0.0875,0.0191,0.1524,0.9500,0.00,0.00,0.00,0.00
2080.00,180.000,180.000,170.000,175.000,180.232,179.963,170.104,164.463,180.239,179.956,170.104,165.084,191.606,182.135,189.708,380.311,0.0874,0.0194,0.1523,0.9500,0.00,0.00,0.00,0.00
2081.00,180.000,180.000,170.000,175.000,180.233,179.963,170.104,164.494,180.239,179.955,170.104,165.114,191.592,182.125,189.705,380.338,0.0873,0.0197,0.1523,0.9500,0.00,0.00,0.00,0.00
2082.00,180.000,180.000,170.000,175.000,180.233,179.962,170.104,164.524,180.239,179.954,170.104,165.144,191.578,182.114,189.701,380.365,0.0872,0.0200,0.1522,0.9500,0.00,0.00,0.00,0.00
2083.00,180.000,180.000,170.000,175.000,180.233,179.962,170.104,164.555,180.239,179.953,170.104,165.175,191.565,182.107,189.697,380.392,0.0871,0.0203,0.1522,0.9500,0.00,0.00,0.00,0.00
2084.00,180.000,180.000,170.000,175.000,180.234,179.961,170.104,164.586,180.240,179.952,170.104,165.205,191.551,182.099,189.693,380.419,0.0870,0.0206,0.1521,0.9500,0.00,0.00,0.00,0.00
2085.00,180.000,180.000,170.000,175.000,180.234,179.961,170.104,164.616,180.240,179.951,170.104,165.235,191.538,182.091,189.690,380.446,0.0869,0.0208,0.1521,0.9500,0.00,0.00,0.00,0.00
2086.00,180.000,180.000,170.000,175.000,180.234,179.960,170.104,164.647,180.240,179.950,170.104,165.265,191.525,182.084,189.686,380.472,0.0868,0.0211,0.1520,0.9500,0.00,0.00,0.00,0.00
2087.00,180.000,180.000,170.000,175.000,180.234,179.960,170.104,164.677,180.240,179.949,170.104,165.295,191.512,182.076,189.681,380.499,0.0867,0.0213,0.1520,0.9500,0.00,0.00,0.00,0.00
2088.00,180.000,180.000,170.000,175.000,180.235,179.959,170.104,164.708,180.241,179.948,170.104,165.325,191.499,182.068,189.675,380.526,0.0865,0.0215,0.1519,0.9500,0.00,0.00,0.00,0.00
2089.00,180.000,180.000,170.000,175.000,180.235,179.959,170.104,164.738,180.241,179.947,170.104,165.355,191.486,182.061,189.669,380.553,0.0864,0.0217,0.1519,0.9500,0.00,0.00,0.00,0.00
2090.00,180.000,180.000,170.000,175.000,180.235,179.958,170.104,164.769,180.241,179.946,170.104,165.385,191.474,182.053,189.663,380.579,0.0863,0.0219,0.1518,0.9500,0.00,0.00,0.00,0.00
2091.00,180.000,180.000,170.000,175.000,180.236,179.958,170.104,164.799,180.241,179.945,170.104,165.415,191.461,182.046,189.657,380.606,0.0862,0.0221,0.1518,0.9500,0.00,0.00,0.00,0.00
2092.00,180.000,180.000,170.000,175.000,180.236,179.957,170.104,164.830,180.242,179.944,170.104,165.445,191.449,182.041,189.651,380.633,0.0861,0.0222,0.1517,0.9500,0.00,0.00,0.00,0.00
2093.00,180.000,180.000,170.000,175.000,180.236,179.956,170.104,164.860,180.242,179.943,170.104,165.475,191.436,182.036,189.645,380.659,0.0860,0.0224,0.1517,0.9500,0.00,0.00,0.00,0.00
2094.00,180.000,180.000,170.000,175.000,180.236,179.956,170.104,164.890,180.242,179.941,170.104,165.505,191.423,182.031,189.640,380.686,0.0859,0.0226,0.1517,0.9500,0.00,0.00,0.00,0.00
2095.00,180.000,180.000,170.000,175.000,180.237,179.955,170.104,164.921,180.243,179.940,170.104,165.535,191.408,182.027,189.634,380.713,0.0858,0.0227,0.1516,0.9500,0.00,0.00,0.00,0.00
2096.00,180.000,180.000,170.000,175.000,180.237,179.954,170.104,164.951,180.243,179.939,170.104,165.565,191.394,182.022,189.628,380.739,0.0857,0.0228,0.1516,0.9500,0.00,0.00,0.00,0.00
2097.00,180.000,180.000,170.000,175.000,180.237,179.953,170.104,164.981,180.243,179.938,170.104,165.595,191.380,182.017,189.622,380.766,0.0856,0.0230,0.1515,0.9500,0.00,0.00,0.00,0.00
2098.00,180.000,180.000,170.000,175.000,180.238,179.953,170.104,165.012,180.243,179.937,170.104,165.625,191.365,182.012,189.617,380.792,0.0855,0.0231,0.1515,0.9500,0.00,0.00,0.00,0.00
2099.00,180.000,180.000,170.000,175.000,180.238,179.952,170.104,165.042,180.243,179.936,170.104,165.655,191.351,182.008,189.611,380.819,0.0854,0.0232,0.1514,0.9500,0.00,0.00,0.00,0.00
2100.00,180.000,180.000,170.000,175.000,180.238,179.951,170.104,165.072,180.244,179.935,170.104,165.684,191.338,182.003,189.606,380.846,0.0853,0.0233,0.1514,0.9500,0.00,0.00,0.00,0.00
2101.00,180.000,180.000,170.000,175.000,180.238,179.950,170.104,165.102,180.244,179.933,170.104,165.714,191.324,181.998,189.600,380.872,0.0852,0.0234,0.1514,0.9500,0.00,0.00,0.00,0.00
2102.00,180.000,180.000,170.000,175.000,180.239,179.949,170.104,165.133,180.244,179.932,170.104,165.744,191.310,182.031,189.595,380.899,0.0851,0.0809,0.1513,0.9500,0.00,0.00,0.00,0.00
2103.00,180.000,180.000,170.000,175.000,180.239,179.949,170.104,165.163,180.244,179.931,170.104,165.774,191.297,182.097,189.589,380.925,0.0849,0.0783,0.1513,0.9500,0.00,0.00,0.00,0.00
2104.00,180.000,180.000,170.000,175.000,180.239,179.948,170.104,165.193,180.245,179.930,170.104,165.803,191.283,182.160,189.584,380.951,0.0848,0.0759,0.1512,0.9500,0.00,0.00,0.00,0.00
2105.00,180.000,180.000,170.000,175.000,180.240,179.947,170.104,165.223,180.245,179.929,170.104,165.833,191.270,182.219,189.579,380.978,0.0847,0.0735,0.1512,0.9500,0.00,0.00,0.00,0.00
2106.00,180.000,180.000,170.000,175.000,180.240,179.946,170.104,165.253,180.245,179.929,170.104,165.863,191.257,182.275,189.574,381.004,0.0846,0.0714,0.1512,0.9500,0.00,0.00,0.00,0.00
2107.00,180.000,180.000,170.000,175.000,180.240,179.945,170.104,165.283,180.245,179.928,170.104,165.893,191.244,182.328,189.568,381.031,0.0845,0.0693,0.1511,0.9500,0.00,0.00,0.00,0.00
2108.00,180.000,180.000,170.000,175.000,180.240,179.944,170.104,165.313,180.245,179.928,170.104,165.922,191.231,182.378,189.563,381.057,0.0844,0.0673,0.1511,0.9500,0.00,0.00,0.00,0.00
2109.00,180.000,180.000,170.000,175.000,180.241,179.944,170.104,165.343,180.246,179.927,170.103,165.952,191.218,182.425,189.558,381.083,0.0843,0.0655,0.1510,0.9500,0.00,0.00,0.00,0.00
2110.00,180.000,180.000,170.000,175.000,180.241,179.943,170.104,165.373,180.246,179.927,170.103,165.981,191.206,182.469,189.553,381.110,0.0842,0.0637,0.1510,0.9500,0.00,0.00,0.00,0.00
2111.00,180.000,180.000,170.000,175.000,180.241,179.942,170.104,165.404,180.246,179.927,170.103,166.011,191.193,182.511,189.548,381.136,0.0841,0.0621,0.1510,0.9500,0.00,0.00,0.00,0.00
2112.00,180.000,180.000,170.000,175.000,180.241,179.941,170.104,165.434,180.246,179.927,170.103,166.041,191.181,182.551,189.543,381.162,0.0840,0.0605,0.1509,0.9500,0.00,0.00,0.00,0.00
2113.00,180.000,180.000,170.000,175.000,180.242,179.940,170.104,165.463,180.246,179.926,170.103,166.070,191.166,182.588,189.538,381.189,0.0839,0.0590,0.1509,0.9500,0.00,0.00,0.00,0.00
2114.00,180.000,180.000,170.000,175.000,180.242,179.940,170.104,165.493,180.247,179.926,170.103,166.100,191.151,182.624,189.533,381.215,0.0838,0.0576,0.1509,0.9500,0.00,0.00,0.00,0.00
2115.00,180.000,180.000,170.000,175.000,180.242,179.939,170.104,165.523,180.247,179.926,170.103,166.129,191.137,182.657,189.528,381.241,0.0837,0.0563,0.1508,0.9500,0.00,0.00,0.00,0.00
2116.00,180.000,180.000,170.000,175.000,180.242,179.939,170.104,165.553,180.247,179.926,170.103,166.159,191.123,182.688,189.523,381.267,0.0836,0.0550,0.1508,0.9500,0.00,0.00,0.00,0.00
2117.00,180.000,180.000,170.000,175.000,180.242,179.938,170.104,165.583,180.247,179.927,170.103,166.188,191.108,182.718,189.518,381.294,0.0835,0.0538,0.1507,0.9500,0.00,0.00,0.00,0.00
2118.00,180.000,180.000,170.000,175.000,180.243,179.937,170.104,165.613,180.247,179.927,170.103,166.218,191.094,182.746,189.514,381.320,0.0834,0.0527,0.1507,0.9500,0.00,0.00,0.00,0.00
2119.00,180.000,180.000,170.000,175.000,180.243,179.937,170.104,165.643,180.247,179.927,170.103,166.247,191.080,182.773,189.509,381.346,0.0832,0.0516,0.1507,0.9500,0.00,0.00,0.00,0.00
2120.00,180.000,180.000,170.000,175.000,180.243,179.936,170.104,165.673,180.248,179.927,170.103,166.276,191.066,182.797,189.504,381.372,0.0831,0.0506,0.1506,0.9500,0.00,0.00,0.00,0.00
2121.00,180.000,180.000,170.000,175.000,180.243,179.936,170.104,165.703,180.248,179.928,170.102,166.306,191.053,182.822,189.499,381.398,0.0830,0.0496,0.1506,0.9500,0.00,0.00,0.00,0.00
2122.00,180.000,180.000,170.000,175.000,180.244,179.936,170.103,165.732,180.248,179.928,170.102,166.335,191.039,182.843,189.495,381.424,0.0829,0.0487,0.1506,0.9500,0.00,0.00,0.00,0.00
2123.00,180.000,180.000,170.000,175.000,180.244,179.935,170.103,165.762,180.248,179.928,170.102,166.364,191.026,182.865,189.490,381.451,0.0828,0.0479,0.1505,0.9500,0.00,0.00,0.00,0.00
2124.00,180.000,180.000,170.000,175.000,180.244,179.935,170.103,165.792,180.248,179.929,170.102,166.394,191.012,182.883,189.486,381.477,0.0827,0.0471,0.1505,0.9500,0.00,0.00,0.00,0.00
2125.00,180.000,180.000,170.000,175.000,180.244,179.935,170.103,165.822,180.248,179.929,170.102,166.423,190.999,182.902,189.481,381.503,0.0826,0.0463,0.1504,0.9500,0.00,0.00,0.00,0.00
2126.00,180.000,180.000,170.000,175.000,180.244,179.934,170.103,165.851,180.249,179.930,170.102,166.452,190.986,182.919,189.477,381.529,0.0825,0.0456,0.1504,0.9500,0.00,0.00,0.00,0.00
2127.00,180.000,180.000,170.000,175.000,180.245,179.934,170.103,165.881,180.249,179.930,170.102,166.482,190.973,182.935,189.472,381.555,0.0824,0.0449,0.1504,0.9500,0.00,0.00,0.00,0.00
2128.00,180.000,180.000,170.000,175.000,180.245,179.934,170.103,165.911,180.249,179.931,170.102,166.511,190.960,182.951,189.468,381.581,0.0823,0.0442,0.1503,0.9500,0.00,0.00,0.00,0.00
2129.00,180.000,180.000,170.000,175.000,180.245,179.934,170.103,165.940,180.249,179.931,170.102,166.540,190.948,182.966,189.463,381.607,0.0822,0.0436,0.1503,0.9500,0.00,0.00,0.00,0.00
2130.00,180.000,180.000,170.000,175.000,180.245,179.934,170.103,165.970,180.249,179.932,170.101,166.569,190.935,182.979,189.459,381.633,0.0821,0.0430,0.1503,0.9500,0.00,0.00,0.00,0.00
2131.00,180.000,180.000,170.000,175.000,180.245,179.934,170.103,165.999,180.249,179.933,170.101,166.598,190.923,182.992,189.455,381.659,0.0820,0.0425,0.1502,0.9500,0.00,0.00,0.00,0.00
2132.00,180.000,180.000,170.000,175.000,180.246,179.934,170.103,166.029,180.249,179.933,170.101,166.628,190.908,183.005,189.451,381.685,0.0819,0.0420,0.1502,0.9500,0.00,0.00,0.00,0.00
2133.00,180.000,180.000,170.000,175.000,180.246,179.934,170.103,166.059,180.249,179.934,170.101,166.657,190.893,183.015,189.446,381.710,0.0818,0.0415,0.1501,0.9500,0.00,0.00,0.00,0.00
2134.00,180.000,180.000,170.000,175.000,180.246,179.934,170.103,166.088,180.250,179.935,170.101,166.686,190.878,183.025,189.442,381.736,0.0817,0.0410,0.1501,0.9500,0.00,0.00,0.00,0.00
2135.00,180.000,180.000,170.000,175.000,180.246,179.934,170.103,166.118,180.250,179.935,170.101,166.715,190.864,183.035,189.438,381.762,0.0815,0.0405,0.1501,0.9500,0.00,0.00,0.00,0.00
2136.00,180.000,180.000,170.000,175.000,180.246,179.934,170.102,166.147,180.250,179.936,170.101,166.744,190.850,183.045,189.434,381.788,0.0814,0.0401,0.1500,0.9500,0.00,0.00,0.00,0.00
2137.00,180.000,180.000,170.000,175.000,180.246,179.934,170.102,166.177,180.250,179.937,170.101,166.773,190.836,183.054,189.430,381.814,0.0813,0.0397,0.1500,0.9500,0.00,0.00,0.00,0.00
2138.00,180.000,180.000,170.000,175.000,180.247,179.934,170.102,166.206,180.250,179.937,170.100,166.802,190.822,183.062,189.424,381.840,0.0812,0.0393,0.1500,0.9500,0.00,0.00,0.00,0.00
2139.00,180.000,180.000,170.000,175.000,180.247,179.934,170.102,166.235,180.250,179.938,170.100,166.831,190.808,183.069,189.418,381.866,0.0811,0.0390,0.1499,0.9500,0.00,0.00,0.00,0.00
2140.00,180.000,180.000,170.000,175.000,180.247,179.934,170.102,166.265,180.250,179.939,170.100,166.860,190.794,183.077,189.411,381.891,0.0810,0.0387,0.1499,0.9500,0.00,0.00,0.00,0.00
2141.00,180.000,180.000,170.000,175.000,180.247,179.935,170.102,166.294,180.250,179.940,170.100,166.889,190.780,183.084,189.405,381.917,0.0809,0.0383,0.1499,0.9500,0.00,0.00,0.00,0.00
2142.00,180.000,180.000,170.000,175.000,180.247,179.935,170.102,166.324,180.250,179.941,170.100,166.918,190.767,183.091,189.399,381.943,0.0808,0.0380,0.1498,0.9500,0.00,0.00,0.00,0.00
2143.00,180.000,180.000,170.000,175.000,180.247,179.935,170.102,166.353,180.250,179.941,170.100,166.947,190.753,183.097,189.392,381.969,0.0807,0.0377,0.1498,0.9500,0.00,0.00,0.00,0.00
2144.00,180.000,180.000,170.000,175.000,180.248,179.935,170.102,166.382,180.250,179.942,170.100,166.976,190.740,183.102,189.386,381.994,0.0806,0.0375,0.1498,0.9500,0.00,0.00,0.00,0.00
2145.00,180.000,180.000,170.000,175.000,180.248,179.936,170.102,166.412,180.250,179.943,170.099,167.005,190.727,183.107,189.380,382.020,0.0805,0.0372,0.1497,0.9500,0.00,0.00,0.00,0.00
2146.00,180.000,180.000,170.000,175.000,180.248,179.936,170.102,166.441,180.250,179.944,170.099,167.034,190.714,183.111,189.374,382.046,0.0804,0.0370,0.1497,0.9500,0.00,0.00,0.00,0.00
2147.00,180.000,180.000,170.000,175.000,180.248,179.937,170.101,166.470,180.251,179.945,170.099,167.063,190.701,183.116,189.368,382.071,0.0803,0.0367,0.1496,0.9500,0.00,0.00,0.00,0.00
2148.00,180.000,180.000,170.000,175.000,180.248,179.937,170.101,166.499,180.251,179.945,170.099,167.091,190.688,183.121,189.362,382.097,0.0802,0.0365,0.1496,0.9500,0.00,0.00,0.00,0.00
2149.00,180.000,180.000,170.000,175.000,180.248,179.937,170.101,166.529,180.251,179.946,170.099,167.120,190.675,183.125,189.356,382.122,0.0801,0.0363,0.1496,0.9500,0.00,0.00,0.00,0.00
2150.00,180.000,180.000,170.000,175.000,180.248,179.938,170.101,166.558,180.251,179.947,170.098,167.149,190.663,183.130,189.350,382.148,0.0800,0.0361,0.1495,0.9500,0.00,0.00,0.00,0.00
2151.00,180.000,180.000,170.000,175.000,180.248,179.938,170.101,166.587,180.251,179.948,170.098,167.178,190.648,183.134,189.344,382.174,0.0799,0.0359,0.1495,0.9500,0.00,0.00,0.00,0.00
2152.00,180.000,180.000,170.000,175.000,180.249,179.939,170.101,166.616,180.251,179.949,170.098,167.207,190.633,183.136,189.338,382.199,0.0797,0.0358,0.1495,0.9500,0.00,0.00,0.00,0.00
2153.00,180.000,180.000,170.000,175.000,180.249,179.939,170.101,166.645,180.251,179.950,170.098,167.235,190.619,183.138,189.332,382.225,0.0796,0.0356,0.1494,0.9500,0.00,0.00,0.00,0.00
2154.00,180.000,180.000,170.000,175.000,180.249,179.940,170.100,166.674,180.251,179.951,170.098,167.264,190.604,183.140,189.326,382.250,0.0795,0.0354,0.1494,0.9500,0.00,0.00,0.00,0.00
2155.00,180.000,180.000,170.000,175.000,180.249,179.940,170.100,166.704,180.251,179.951,170.097,167.293,190.590,183.142,189.320,382.276,0.0794,0.0353,0.1494,0.9500,0.00,0.00,0.00,0.00
2156.00,180.000,180.000,170.000,175.000,180.249,179.941,170.100,166.733,180.251,179.952,170.097,167.321,190.575,183.144,189.315,382.301,0.0793,0.0352,0.1493,0.9500,0.00,0.00,0.00,0.00
2157.00,180.000,180.000,170.000,175.000,180.249,179.941,170.100,166.762,180.251,179.953,170.097,167.350,190.561,183.146,189.309,382.327,0.0792,0.0350,0.1493,0.9500,0.00,0.00,0.00,0.00
2158.00,180.000,180.000,170.000,175.000,180.249,179.942,170.100,166.791,180.251,179.954,170.097,167.379,190.547,183.148,189.303,382.352,0.0791,0.0349,0.1493,0.9500,0.00,0.00,0.00,0.00
2159.00,180.000,180.000,170.000,175.000,180.249,179.943,170.100,166.820,180.251,179.955,170.096,167.407,190.534,183.150,189.298,382.378,0.0790,0.0348,0.1492,0.9500,0.00,0.00,0.00,0.00
2160.00,180.000,180.000,170.000,175.000,180.249,179.943,170.100,166.849,180.251,179.956,170.096,167.436,190.520,183.152,189.292,382.403,0.0789,0.0347,0.1492,0.9500,0.00,0.00,0.00,0.00
2161.00,180.000,180.000,170.000,175.000,180.249,179.944,170.099,166.878,180.251,179.957,170.096,167.464,190.506,183.153,189.287,382.428,0.0788,0.0346,0.1492,0.9500,0.00,0.00,0.00,0.00
2162.00,180.000,180.000,170.000,175.000,180.249,179.944,170.099,166.907,180.251,179.957,170.096,167.493,190.493,183.155,189.281,382.454,0.0787,0.0345,0.1491,0.9500,0.00,0.00,0.00,0.00
2163.00,180.000,180.000,170.000,175.000,180.250,179.945,170.099,166.936,180.251,179.958,170.095,167.521,190.479,183.157,189.276,382.479,0.0786,0.0344,0.1491,0.9500,0.00,0.00,0.00,0.00
2164.00,180.000,180.000,170.000,175.000,180.250,179.946,170.099,166.965,180.251,179.959,170.095,167.550,190.466,183.159,189.271,382.504,0.0785,0.0343,0.1490,0.9500,0.00,0.00,0.00,0.00
2165.00,180.000,180.000,170.000,175.000,180.250,179.946,170.099,166.994,180.251,179.960,170.095,167.578,190.453,183.161,189.265,382.530,0.0784,0.0342,0.1490,0.9500,0.00,0.00,0.00,0.00
2166.00,180.000,180.000,170.000,175.000,180.250,179.947,170.099,167.022,180.251,179.961,170.095,167.607,190.440,183.163,189.260,382.555,0.0783,0.0341,0.1490,0.9500,0.00,0.00,0.00,0.00
2167.00,180.000,180.000,170.000,175.000,180.250,179.948,170.098,167.051,180.251,179.962,170.094,167.635,190.427,183.165,189.255,382.580,0.0782,0.0340,0.1489,0.9500,0.00,0.00,0.00,0.00
2168.00,180.000,180.000,170.000,175.000,180.250,179.949,170.098,167.080,180.251,179.963,170.094,167.664,190.414,183.165,189.250,382.606,0.0780,0.0340,0.1489,0.9500,0.00,0.00,0.00,0.00
2169.00,180.000,180.000,170.000,175.000,180.250,179.949,170.098,167.109,180.251,179.964,170.094,167.692,190.401,183.164,189.244,382.631,0.0779,0.0339,0.1489,0.9500,0.00,0.00,0.00,0.00
2170.00,180.000,180.000,170.000,175.000,180.250,179.950,170.098,167.138,180.251,179.965,170.094,167.721,190.386,183.164,189.239,382.656,0.0778,0.0338,0.1488,0.9500,0.00,0.00,0.00,0.00
2171.00,180.000,180.000,170.000,175.000,180.250,179.951,170.098,167.167,180.251,179.965,170.093,167.749,190.371,183.121,189.234,382.681,0.0777,0.0000,0.1488,0.9500,0.00,0.00,0.00,0.00
2172.00,180.000,180.000,170.000,175.000,180.250,179.951,170.097,167.195,180.251,179.966,170.093,167.777,190.356,183.078,189.229,382.707,0.0776,0.0000,0.1488,0.9500,0.00,0.00,0.00,0.00
2173.00,180.000,180.000,170.000,175.000,180.250,179.952,170.097,167.224,180.250,179.967,170.093,167.806,190.341,183.036,189.224,382.732,0.0775,0.0000,0.1487,0.9500,0.00,0.00,0.00,0.00
2174.00,180.000,180.000,170.000,175.000,180.250,179.953,170.097,167.253,180.250,179.967,170.092,167.834,190.327,182.994,189.219,382.757,0.0054,0.0000,0.1487,0.9500,0.00,0.00,0.00,0.00
2175.00,180.000,180.000,170.000,175.000,180.250,179.954,170.097,167.281,180.250,179.968,170.092,167.862,190.224,182.952,189.214,382.782,0.0087,0.0000,0.1487,0.9500,0.00,0.00,0.00,0.00
2176.00,180.000,180.000,170.000,175.000,180.250,179.954,170.096,167.310,180.250,179.968,170.092,167.891,190.128,182.911,189.209,382.807,0.0117,0.0000,0.1486,0.9500,0.00,0.00,0.00,0.00
2177.00,180.000,180.000,170.000,175.000,180.250,179.955,170.096,167.339,180.249,179.969,170.092,167.919,190.034,182.870,189.205,382.832,0.0145,0.0000,0.1486,0.9500,0.00,0.00,0.00,0.00
2178.00,180.000,180.000,170.000,175.000,180.250,179.956,170.096,167.367,180.249,179.969,170.091,167.947,189.990,182.829,189.200,382.857,0.0875,0.0000,0.1486,0.9500,0.00,0.00,0.00,0.00
2179.00,180.000,180.000,170.000,175.000,180.250,179.956,170.096,167.396,180.248,179.969,170.091,167.975,189.990,182.789,189.195,382.882,0.0868,0.0000,0.1485,0.9500,0.00,0.00,0.00,0.00
2180.00,180.000,180.000,170.000,175.000,180.250,179.957,170.095,167.425,180.248,179.969,170.091,168.003,189.991,182.748,189.190,382.908,0.0860,0.0000,0.1485,0.9500,0.00,0.00,0.00,0.00
2181.00,180.000,180.000,170.000,175.000,180.250,179.957,170.095,167.453,180.247,179.969,170.090,168.032,189.990,182.708,189.186,382.933,0.0854,0.0000,0.1484,0.9500,0.00,0.00,0.00,0.00
2182.00,180.000,180.000,170.000,175.000,180.250,179.958,170.095,167.482,180.247,179.969,170.090,168.060,189.989,182.669,189.181,382.958,0.0847,0.0000,0.1484,0.9500,0.00,0.00,0.00,0.00
2183.00,180.000,180.000,170.000,175.000,180.249,179.959,170.095,167.510,180.246,179.969,170.090,168.088,189.987,182.629,189.176,382.983,0.0841,0.0004,0.1484,0.9500,0.00,0.00,0.00,0.00
2184.00,180.000,180.000,170.000,175.000,180.249,179.959,170.095,167.539,180.246,179.969,170.089,168.116,189.984,182.593,189.172,383.008,0.0835,0.0017,0.1483,0.9500,0.00,0.00,0.00,0.00
2185.00,180.000,180.000,170.000,175.000,180.249,179.960,170.094,167.567,180.245,179.969,170.089,168.144,189.980,182.558,189.167,383.033,0.0830,0.0030,0.1483,0.9500,0.00,0.00,0.00,0.00
2186.00,180.000,180.000,170.000,175.000,180.249,179.960,170.094,167.596,180.245,179.968,170.089,168.172,189.976,182.524,189.163,383.057,0.0824,0.0041,0.1483,0.9500,0.00,0.00,0.00,0.00
2187.00,180.000,180.000,170.000,175.000,180.249,179.960,170.094,167.624,180.244,179.968,170.088,168.200,189.972,182.493,189.158,383.082,0.0820,0.0053,0.1482,0.9500,0.00,0.00,0.00,0.00
2188.00,180.000,180.000,170.000,175.000,180.248,179.961,170.093,167.653,180.244,179.968,170.088,168.228,189.965,182.463,189.154,383.107,0.0815,0.0063,0.1482,0.9500,0.00,0.00,0.00,0.00
2189.00,180.000,180.000,170.000,175.000,180.248,179.961,170.093,167.681,180.243,179.967,170.088,168.256,189.959,182.435,189.149,383.132,0.0810,0.0074,0.1482,0.9500,0.00,0.00,0.00,0.00
2190.00,180.000,180.000,170.000,175.000,180.248,179.961,170.093,167.710,180.243,179.967,170.087,168.284,189.953,182.407,189.145,383.157,0.0806,0.0083,0.1481,0.9500,0.00,0.00,0.00,0.00
2191.00,180.000,180.000,170.000,175.000,180.248,179.962,170.093,167.738,180.243,179.966,170.087,168.312,189.946,182.382,189.140,383.182,0.0802,0.0092,0.1481,0.9500,0.00,0.00,0.00,0.00
2192.00,180.000,180.000,170.000,175.000,180.247,179.962,170.092,167.766,180.242,179.965,170.087,168.340,189.939,182.357,189.136,383.207,0.0798,0.0101,0.1481,0.9500,0.00,0.00,0.00,0.00
2193.00,180.000,180.000,170.000,175.000,180.247,179.962,170.092,167.795,180.242,179.965,170.086,168.368,189.930,182.335,189.132,383.232,0.0794,0.0109,0.1480,0.9500,0.00,0.00,0.00,0.00
2194.00,180.000,180.000,170.000,175.000,180.247,179.962,170.092,167.823,180.241,179.964,170.086,168.396,189.922,182.313,189.128,383.256,0.0790,0.0117,0.1480,0.9500,0.00,0.00,0.00,0.00
2195.00,180.000,180.000,170.000,175.000,180.247,179.962,170.092,167.851,180.241,179.963,170.086,168.424,189.913,182.292,189.121,383.281,0.0787,0.0124,0.1480,0.9500,0.00,0.00,0.00,0.00
2196.00,180.000,180.000,170.000,175.000,180.246,179.962,170.091,167.880,180.241,179.963,170.085,168.452,189.905,182.273,189.114,383.306,0.0784,0.0131,0.1479,0.9500,0.00,0.00,0.00,0.00
2197.00,180.000,180.000,170.000,175.000,180.246,179.962,170.091,167.908,180.240,179.962,170.085,168.480,189.897,182.254,189.108,383.331,0.0781,0.0137,0.1479,0.9500,0.00,0.00,0.00,0.00
2198.00,180.000,180.000,170.000,175.000,180.246,179.962,170.091,167.936,180.240,179.961,170.085,168.508,189.887,182.236,189.101,383.355,0.0778,0.0144,0.1479,0.9500,0.00,0.00,0.00,0.00
2199.00,180.000,180.000,170.000,175.000,180.246,179.962,170.090,167.964,180.240,179.960,170.084,168.535,189.877,182.219,189.095,383.380,0.0775,0.0149,0.1478,0.9500,0.00,0.00,0.00,0.00
2200.00,180.000,180.000,170.000,175.000,180.245,179.962,170.090,167.992,180.239,179.959,170.084,168.563,189.866,182.203,189.088,383.405,0.0772,0.0155,0.1478,0.9500,0.00,0.00,0.00,0.00
2201.00,180.000,180.000,170.000,175.000,180.245,179.962,170.090,168.021,180.239,179.958,170.084,168.591,189.856,182.187,189.082,383.430,0.0769,0.0160,0.1477,0.9500,0.00,0.00,0.00,0.00
2202.00,180.000,180.000,170.000,175.000,180.245,179.962,170.089,168.049,180.239,179.958,170.083,168.619,189.846,182.173,189.075,383.454,0.0766,0.0165,0.1477,0.9500,0.00,0.00,0.00,0.00
2203.00,180.000,180.000,170.000,175.000,180.244,179.962,170.089,168.077,180.238,179.957,170.083,168.646,189.836,182.160,189.069,383.479,0.0764,0.0170,0.1477,0.9500,0.00,0.00,0.00,0.00
2204.00,180.000,180.000,170.000,175.000,180.244,179.961,170.089,168.105,180.238,179.956,170.082,168.674,189.826,182.146,189.063,383.504,0.0762,0.0174,0.1476,0.9500,0.00,0.00,0.00,0.00
2205.00,180.000,180.000,170.000,175.000,180.244,179.961,170.088,168.133,180.238,179.955,170.082,168.702,189.816,182.133,189.057,383.528,0.0759,0.0178,0.1476,0.9500,0.00,0.00,0.00,0.00
2206.00,180.000,180.000,170.000,175.000,180.243,179.961,170.088,168.161,180.237,179.954,170.082,168.730,189.803,182.121,189.050,383.553,0.0757,0.0182,0.1476,0.9500,0.00,0.00,0.00,0.00
2207.00,180.000,180.000,170.000,175.000,180.243,179.960,170.088,168.189,180.237,179.953,170.081,168.757,189.791,182.110,189.044,383.577,0.0755,0.0186,0.1475,0.9500,0.00,0.00,0.00,0.00
2208.00,180.000,180.000,170.000,175.000,180.243,179.960,170.087,168.217,180.237,179.951,170.081,168.785,189.779,182.099,189.038,383.602,0.0753,0.0190,0.1475,0.9500,0.00,0.00,0.00,0.00
2209.00,180.000,180.000,170.000,175.000,180.243,179.960,170.087,168.245,180.236,179.950,170.080,168.812,189.767,182.089,189.032,383.626,0.0751,0.0193,0.1475,0.9500,0.00,0.00,0.00,0.00
2210.00,180.000,180.000,170.000,175.000,180.242,179.959,170.087,168.273,180.236,179.949,170.080,168.840,189.755,182.078,189.026,383.651,0.0749,0.0196,0.1474,0.9500,0.00,0.00,0.00,0.00
2211.00,180.000,180.000,170.000,175.000,180.242,179.959,170.086,168.301,180.236,179.948,170.079,168.868,189.743,182.068,189.020,383.675,0.0747,0.0199,0.1474,0.9500,0.00,0.00,0.00,0.00
2212.00,180.000,180.000,170.000,175.000,180.242,179.958,170.086,168.329,180.235,179.947,170.079,168.895,189.731,182.059,189.014,383.700,0.0745,0.0202,0.1474,0.9500,0.00,0.00,0.00,0.00
2213.00,180.000,180.000,170.000,175.000,180.241,179.957,170.086,168.357,180.235,179.946,170.079,168.923,189.720,182.051,189.008,383.724,0.0743,0.0205,0.1473,0.9500,0.00,0.00,0.00,0.00
2214.00,180.000,180.000,170.000,175.000,180.241,179.957,170.085,168.385,180.235,179.945,170.078,168.950,189.708,182.043,189.003,383.749,0.0741,0.0207,0.1473,0.9500,0.00,0.00,0.00,0.00
2215.00,180.000,180.000,170.000,175.000,180.241,179.956,170.085,168.413,180.234,179.944,170.078,168.978,189.697,182.035,188.997,383.773,0.0739,0.0210,0.1473,0.9500,0.00,0.00,0.00,0.00
2216.00,180.000,180.000,170.000,175.000,180.240,179.956,170.085,168.441,180.234,179.942,170.077,169.005,189.683,182.028,188.991,383.798,0.0738,0.0212,0.1472,0.9500,0.00,0.00,0.00,0.00
2217.00,180.000,180.000,170.000,175.000,180.240,179.955,170.084,168.469,180.234,179.941,170.077,169.033,189.670,182.020,188.985,383.822,0.0736,0.0214,0.1472,0.9500,0.00,0.00,0.00,0.00
2218.00,180.000,180.000,170.000,175.000,180.240,179.954,170.084,168.497,180.233,179.940,170.076,169.060,189.656,182.012,188.980,383.847,0.0734,0.0216,0.1472,0.9500,0.00,0.00,0.00,0.00
2219.00,180.000,180.000,170.000,175.000,180.239,179.954,170.084,168.524,180.233,179.939,170.076,169.088,189.643,182.005,188.974,383.871,0.0733,0.0218,0.1471,0.9500,0.00,0.00,0.00,0.00
2220.00,180.000,180.000,170.000,175.000,180.239,179.953,170.083,168.552,180.232,179.938,170.075,169.115,189.629,181.997,188.969,383.895,0.0731,0.0220,0.1471,0.9500,0.00,0.00,0.00,0.00
2221.00,180.000,180.000,170.000,175.000,180.239,179.952,170.083,168.580,180.232,179.936,170.075,169.142,189.616,181.992,188.963,383.920,0.0730,0.0222,0.1470,0.9500,0.00,0.00,0.00,0.00
2222.00,180.000,180.000,170.000,175.000,180.238,179.951,170.082,168.608,180.232,179.935,170.074,169.170,189.603,181.987,188.958,383.944,0.0728,0.0224,0.1470,0.9500,0.00,0.00,0.00,0.00
2223.00,180.000,180.000,170.000,175.000,180.238,179.951,170.082,168.636,180.231,179.934,170.074,169.197,189.590,181.982,188.952,383.968,0.0727,0.0225,0.1470,0.9500,0.00,0.00,0.00,0.00
2224.00,180.000,180.000,170.000,175.000,180.238,179.950,170.082,168.663,180.231,179.933,170.074,169.224,189.578,182.014,188.947,383.993,0.0725,0.0807,0.1469,0.9500,0.00,0.00,0.00,0.00
2225.00,180.000,180.000,170.000,175.000,180.237,179.949,170.081,168.691,180.231,179.931,170.073,169.252,189.565,182.079,188.941,384.017,0.0724,0.0781,0.1469,0.9500,0.00,0.00,0.00,0.00
2226.00,180.000,180.000,170.000,175.000,180.237,179.948,170.081,168.719,180.230,179.930,170.073,169.279,189.552,182.142,188.936,384.041,0.0722,0.0757,0.1469,0.9500,0.00,0.00,0.00,0.00
2227.00,180.000,180.000,170.000,175.000,180.237,179.947,170.080,168.746,180.230,179.930,170.072,169.306,189.540,182.200,188.931,384.065,0.0721,0.0734,0.1468,0.9500,0.00,0.00,0.00,0.00
2228.00,180.000,180.000,170.000,175.000,180.236,179.946,170.080,168.774,180.230,179.929,170.072,169.334,189.528,182.256,188.926,384.090,0.0720,0.0712,0.1468,0.9500,0.00,0.00,0.00,0.00
2229.00,180.000,180.000,170.000,175.000,180.236,179.945,170.080,168.802,180.229,179.928,170.071,169.361,189.513,182.309,188.920,384.114,0.0718,0.0692,0.1468,0.9500,0.00,0.00,0.00,0.00
2230.00,180.000,180.000,170.000,175.000,180.236,179.945,170.079,168.829,180.229,179.928,170.071,169.388,189.498,182.358,188.915,384.138,0.0717,0.0672,0.1467,0.9500,0.00,0.00,0.00,0.00
2231.00,180.000,180.000,170.000,175.000,180.235,179.944,170.079,168.857,180.228,179.927,170.070,169.415,189.484,182.405,188.910,384.162,0.0716,0.0654,0.1467,0.9500,0.00,0.00,0.00,0.00
2232.00,180.000,180.000,170.000,175.000,180.235,179.943,170.078,168.884,180.228,179.927,170.070,169.442,189.470,182.450,188.905,384.186,0.0714,0.0636,0.1467,0.9500,0.00,0.00,0.00,0.00
2233.00,180.000,180.000,170.000,175.000,180.235,179.942,170.078,168.912,180.228,179.926,170.069,169.470,189.455,182.491,188.900,384.210,0.0713,0.0620,0.1466,0.9500,0.00,0.00,0.00,0.00
2234.00,180.000,180.000,170.000,175.000,180.234,179.941,170.077,168.939,180.227,179.926,170.069,169.497,189.441,182.529,188.895,384.235,0.0712,0.0604,0.1466,0.9500,0.00,0.00,0.00,0.00
2235.00,180.000,180.000,170.000,175.000,180.234,179.941,170.077,168.967,180.227,179.926,170.068,169.524,189.427,182.566,188.890,384.259,0.0711,0.0589,0.1466,0.9500,0.00,0.00,0.00,0.00
2236.00,180.000,180.000,170.000,175.000,180.234,179.940,170.077,168.994,180.226,179.926,170.068,169.551,189.413,182.602,188.885,384.283,0.0709,0.0575,0.1465,0.9500,0.00,0.00,0.00,0.00
2237.00,180.000,180.000,170.000,175.000,180.233,179.939,170.076,169.022,180.226,179.926,170.067,169.578,189.400,182.635,188.880,384.307,0.0708,0.0562,0.1465,0.9500,0.00,0.00,0.00,0.00
2238.00,180.000,180.000,170.000,175.000,180.233,179.939,170.076,169.049,180.225,179.926,170.066,169.605,189.386,182.666,188.875,384.331,0.0707,0.0549,0.1465,0.9500,0.00,0.00,0.00,0.00
2239.00,180.000,180.000,170.000,175.000,180.233,179.938,170.075,169.077,180.225,179.926,170.066,169.632,189.373,182.696,188.870,384.355,0.0706,0.0537,0.1464,0.9500,0.00,0.00,0.00,0.00
2240.00,180.000,180.000,170.000,175.000,180.232,179.937,170.075,169.104,180.225,179.926,170.065,169.659,189.359,182.723,188.865,384.379,0.0705,0.0526,0.1464,0.9500,0.00,0.00,0.00,0.00
2241.00,180.000,180.000,170.000,175.000,180.232,179.937,170.074,169.132,180.224,179.926,170.065,169.686,189.346,182.750,188.861,384.403,0.0703,0.0515,0.1463,0.9500,0.00,0.00,0.00,0.00
2242.00,180.000,180.000,170.000,175.000,180.231,179.936,170.074,169.159,180.224,179.926,170.064,169.713,189.333,182.774,188.856,384.427,0.0702,0.0505,0.1463,0.9500,0.00,0.00,0.00,0.00
2243.00,180.000,180.000,170.000,175.000,180.231,179.936,170.073,169.186,180.223,179.926,170.064,169.740,189.320,182.798,188.851,384.451,0.0701,0.0496,0.1463,0.9500,0.00,0.00,0.00,0.00
2244.00,180.000,180.000,170.000,175.000,180.231,179.935,170.073,169.214,180.223,179.927,170.063,169.767,189.307,182.819,188.847,384.475,0.0700,0.0487,0.1462,0.9500,0.00,0.00,0.00,0.00
2245.00,180.000,180.000,170.000,175.000,180.230,179.935,170.072,169.241,180.222,179.927,170.063,169.794,189.292,182.840,188.842,384.499,0.0699,0.0478,0.1462,0.9500,0.00,0.00,0.00,0.00
2246.00,180.000,180.000,170.000,175.000,180.230,179.934,170.072,169.268,180.222,179.927,170.062,169.821,189.277,182.859,188.837,384.523,0.0697,0.0470,0.1462,0.9500,0.00,0.00,0.00,0.00
2247.00,180.000,180.000,170.000,175.000,180.229,179.934,170.071,169.296,180.222,179.928,170.062,169.848,189.262,182.877,188.833,384.547,0.0696,0.0463,0.1461,0.9500,0.00,0.00,0.00,0.00
2248.00,180.000,180.000,170.000,175.000,180.229,179.934,170.071,169.323,180.221,179.928,170.061,169.875,189.247,182.894,188.828,384.570,0.0695,0.0455,0.1461,0.9500,0.00,0.00,0.00,0.00
2249.00,180.000,180.000,170.000,175.000,180.229,179.934,170.070,169.350,180.221,179.929,170.061,169.901,189.232,182.910,188.824,384.594,0.0694,0.0448,0.1461,0.9500,0.00,0.00,0.00,0.00
2250.00,180.000,180.000,170.000,175.000,180.228,179.933,170.070,169.377,180.220,179.929,170.060,169.928,189.218,182.926,188.819,384.618,0.0693,0.0442,0.1460,0.9500,0.00,0.00,0.00,0.00
2251.00,180.000,180.000,170.000,175.000,180.228,179.933,170.070,169.405,180.220,179.929,170.059,169.955,189.203,182.940,188.815,384.642,0.0692,0.0436,0.1460,0.9500,0.00,0.00,0.00,0.00
2252.00,180.000,180.000,170.000,175.000,180.227,179.933,170.069,169.432,180.219,179.930,170.059,169.982,189.189,182.953,188.808,384.666,0.0691,0.0430,0.1460,0.9500,0.00,0.00,0.00,0.00
2253.00,180.000,180.000,170.000,175.000,180.227,179.933,170.069,169.459,180.219,179.930,170.058,170.009,189.175,182.966,188.801,384.690,0.0690,0.0424,0.1459,0.9500,0.00,0.00,0.00,0.00
2254.00,180.000,180.000,170.000,175.000,180.227,179.933,170.068,169.486,180.218,179.931,170.058,170.035,189.161,182.978,188.794,384.713,0.0688,0.0419,0.1459,0.9500,0.00,0.00,0.00,0.00
2255.00,180.000,180.000,170.000,175.000,180.226,179.933,170.068,169.513,180.218,179.932,170.057,170.062,189.147,182.988,188.788,384.737,0.0687,0.0414,0.1459,0.9500,0.00,0.00,0.00,0.00
2256.00,180.000,180.000,170.000,175.000,180.226,179.933,170.067,169.540,180.217,179.932,170.057,170.089,189.133,182.998,188.781,384.761,0.0686,0.0410,0.1458,0.9500,0.00,0.00,0.00,0.00
2257.00,180.000,180.000,170.000,175.000,180.225,179.933,170.066,169.567,180.217,179.933,170.056,170.116,189.119,183.008,188.774,384.785,0.0685,0.0405,0.1458,0.9500,0.00,0.00,0.00,0.00
2258.00,180.000,180.000,170.000,175.000,180.225,179.933,170.066,169.594,180.216,179.933,170.055,170.142,189.106,183.018,188.768,384.808,0.0684,0.0401,0.1458,0.9500,0.00,0.00,0.00,0.00
2259.00,180.000,180.000,170.000,175.000,180.224,179.933,170.065,169.621,180.216,179.934,170.055,170.169,189.092,183.027,188.761,384.832,0.0683,0.0397,0.1457,0.9500,0.00,0.00,0.00,0.00
2260.00,180.000,180.000,170.000,175.000,180.224,179.933,170.065,169.649,180.215,179.935,170.054,170.196,189.079,183.034,188.755,384.856,0.0682,0.0393,0.1457,0.9500,0.00,0.00,0.00,0.00
2261.00,180.000,180.000,170.000,175.000,180.224,179.933,170.064,169.676,180.214,179.935,170.054,170.222,189.066,183.041,188.748,384.879,0.0681,0.0390,0.1456,0.9500,0.00,0.00,0.00,0.00
2262.00,180.000,180.000,170.000,175.000,180.223,179.933,170.064,169.703,180.214,179.936,170.053,170.249,189.053,183.049,188.742,384.903,0.0680,0.0386,0.1456,0.9500,0.00,0.00,0.00,0.00
2263.00,180.000,180.000,170.000,175.000,180.223,179.933,170.063,169.729,180.213,179.937,170.052,170.275,189.037,183.056,188.735,384.927,0.0678,0.0383,0.1456,0.9500,0.00,0.00,0.00,0.00
2264.00,180.000,180.000,170.000,175.000,180.222,179.933,170.063,169.756,180.213,179.937,170.052,170.302,189.022,183.063,188.729,384.950,0.0677,0.0380,0.1455,0.9500,0.00,0.00,0.00,0.00
2265.00,180.000,180.000,170.000,175.000,180.222,179.933,170.062,169.783,180.212,179.938,170.051,170.329,189.007,183.068,188.723,384.974,0.0676,0.0377,0.1455,0.9500,0.00,0.00,0.00,0.00
2266.00,180.000,180.000,170.000,175.000,180.221,179.934,170.062,169.810,180.212,179.939,170.051,170.355,188.992,183.073,188.717,384.998,0.0675,0.0375,0.1455,0.9500,0.00,0.00,0.00,0.00
2267.00,180.000,180.000,170.000,175.000,180.221,179.934,170.061,169.837,180.211,179.940,170.050,170.382,188.977,183.077,188.710,385.021,0.0674,0.0372,0.1454,0.9500,0.00,0.00,0.00,0.00
2268.00,180.000,180.000,170.000,175.000,180.220,179.934,170.061,169.864,180.211,179.940,170.049,170.408,188.962,183.082,188.704,385.045,0.0673,0.0370,0.1454,0.9500,0.00,0.00,0.00,0.00
2269.00,180.000,180.000,170.000,175.000,180.220,179.935,170.060,169.891,180.210,179.941,170.049,170.435,188.947,183.086,188.698,385.068,0.0672,0.0367,0.1454,0.9500,0.00,0.00,0.00,0.00
2270.00,180.000,180.000,170.000,175.000,180.219,179.935,170.059,169.918,180.209,179.942,170.048,170.461,188.933,183.091,188.692,385.092,0.0671,0.0365,0.1453,0.9500,0.00,0.00,0.00,0.00
2271.00,180.000,180.000,170.000,175.000,180.219,179.935,170.059,169.945,180.209,179.942,170.047,170.488,188.918,183.095,188.686,385.115,0.0670,0.0363,0.1453,0.9500,0.00,0.00,0.00,0.00
2272.00,180.000,180.000,170.000,175.000,180.218,179.936,170.058,169.971,180.208,179.943,170.047,170.514,188.904,183.099,188.680,385.139,0.0669,0.0361,0.1453,0.9500,0.00,0.00,0.00,0.00
2273.00,180.000,180.000,170.000,175.000,180.218,179.936,170.058,169.998,180.208,179.944,170.046,170.540,188.890,183.104,188.674,385.162,0.0668,0.0359,0.1452,0.9500,0.00,0.00,0.00,0.00
2274.00,180.000,180.000,170.000,175.000,180.217,179.936,170.057,170.025,180.207,179.945,170.045,170.567,188.876,183.105,188.668,385.186,0.0667,0.0358,0.1452,0.9500,0.00,0.00,0.00,0.00
2275.00,180.000,180.000,170.000,175.000,180.217,179.937,170.057,170.052,180.206,179.945,170.045,170.593,188.862,183.107,188.662,385.209,0.0665,0.0356,0.1452,0.9500,0.00,0.00,0.00,0.00
2276.00,180.000,180.000,170.000,175.000,180.216,179.937,170.056,170.078,180.206,179.946,170.044,170.619,188.848,183.109,188.657,385.232,0.0664,0.0354,0.1451,0.9500,0.00,0.00,0.00,0.00
2277.00,180.000,180.000,170.000,175.000,180.216,179.938,170.055,170.105,180.205,179.947,170.043,170.646,188.834,183.111,188.651,385.256,0.0663,0.0353,0.1451,0.9500,0.00,0.00,0.00,0.00
2278.00,180.000,180.000,170.000,175.000,180.215,179.938,170.055,170.132,180.205,179.948,170.043,170.672,188.821,183.112,188.645,385.279,0.0662,0.0352,0.1451,0.9500,0.00,0.00,0.00,0.00
2279.00,180.000,180.000,170.000,175.000,180.215,179.939,170.054,170.159,180.204,179.949,170.042,170.698,188.807,183.114,188.640,385.303,0.0661,0.0350,0.1450,0.9500,0.00,0.00,0.00,0.00
2280.00,180.000,180.000,170.000,175.000,180.214,179.939,170.054,170.185,180.203,179.949,170.041,170.725,188.794,183.116,188.634,385.326,0.0660,0.0349,0.1450,0.9500,0.00,0.00,0.00,0.00
2281.00,180.000,180.000,170.000,175.000,180.214,179.940,170.053,170.212,180.203,179.950,170.040,170.751,188.779,183.117,188.628,385.349,0.0659,0.0348,0.1449,0.9500,0.00,0.00,0.00,0.00
2282.00,180.000,180.000,170.000,175.000,180.213,179.940,170.052,170.238,180.202,179.951,170.040,170.777,188.764,183.119,188.623,385.373,0.0658,0.0347,0.1449,0.9500,0.00,0.00,0.00,0.00
2283.00,180.000,180.000,170.000,175.000,180.213,179.941,170.052,170.265,180.201,179.952,170.039,170.803,188.748,183.121,188.617,385.396,0.0657,0.0346,0.1449,0.9500,0.00,0.00,0.00,0.00
2284.00,180.000,180.000,170.000,175.000,180.212,179.941,170.051,170.292,180.201,179.952,170.038,170.830,188.733,183.122,188.612,385.419,0.0656,0.0345,0.1448,0.9500,0.00,0.00,0.00,0.00
2285.00,180.000,180.000,170.000,175.000,180.212,179.942,170.050,170.318,180.200,179.953,170.038,170.856,188.718,183.124,188.606,385.442,0.0655,0.0344,0.1448,0.9500,0.00,0.00,0.00,0.00
2286.00,180.000,180.000,170.000,175.000,180.211,179.942,170.050,170.345,180.199,179.954,170.037,170.882,188.703,183.126,188.646,385.466,0.0654,0.0343,0.2160,0.9500,0.00,0.00,0.00,0.00
2287.00,180.000,180.000,170.000,175.000,180.210,179.943,170.049,170.371,180.199,179.955,170.036,170.908,188.688,183.127,188.727,385.489,0.0653,0.0342,0.2132,0.9500,0.00,0.00,0.00,0.00
2288.00,180.000,180.000,170.000,175.000,180.210,179.943,170.049,170.398,180.198,179.955,170.036,170.934,188.673,183.129,188.804,385.512,0.0652,0.0341,0.2105,0.9500,0.00,0.00,0.00,0.00
2289.00,180.000,180.000,170.000,175.000,180.209,179.944,170.048,170.424,180.197,179.956,170.036,170.960,188.659,183.131,188.878,385.535,0.0650,0.0340,0.2079,0.9500,0.00,0.00,0.00,0.00
2290.00,180.000,180.000,170.000,175.000,180.209,179.945,170.047,170.451,180.197,179.957,170.036,170.987,188.644,183.131,188.948,385.559,0.0649,0.0340,0.2055,0.9500,0.00,0.00,0.00,0.00
2291.00,180.000,180.000,170.000,175.000,180.208,179.945,170.047,170.477,180.196,179.958,170.036,171.013,188.630,183.130,189.015,385.582,0.0648,0.0339,0.2032,0.9500,0.00,0.00,0.00,0.00
2292.00,180.000,180.000,170.000,175.000,180.207,179.946,170.046,170.504,180.195,179.959,170.036,171.039,188.615,183.129,189.077,385.605,0.0647,0.0338,0.2010,0.9500,0.00,0.00,0.00,0.00
2293.00,180.000,180.000,170.000,175.000,180.207,179.947,170.046,170.530,180.195,179.959,170.036,171.065,188.601,183.128,189.137,385.628,0.0646,0.0338,0.1989,0.9500,0.00,0.00,0.00,0.00
2294.00,180.000,180.000,170.000,175.000,180.206,179.947,170.045,170.556,180.194,179.960,170.036,171.091,188.587,183.127,189.193,385.651,0.0645,0.0337,0.1969,0.9500,0.00,0.00,0.00,0.00
2295.00,180.000,180.000,170.000,175.000,180.206,179.948,170.045,170.583,180.193,179.961,170.037,171.117,188.573,183.127,189.247,385.674,0.0644,0.0337,0.1951,0.9500,0.00,0.00,0.00,0.00
2296.00,180.000,180.000,170.000,175.000,180.205,179.948,170.044,170.609,180.192,179.962,170.038,171.143,188.559,183.126,189.298,385.697,0.0643,0.0336,0.1933,0.9500,0.00,0.00,0.00,0.00
2297.00,180.000,180.000,170.000,175.000,180.204,179.949,170.044,170.636,180.192,179.962,170.038,171.169,188.546,183.125,189.347,385.721,0.0642,0.0336,0.1916,0.9500,0.00,0.00,0.00,0.00
2298.00,180.000,180.000,170.000,175.000,180.204,179.950,170.044,170.662,180.191,179.963,170.039,171.195,188.532,183.124,189.394,385.729,0.0641,0.0335,0.1900,0.9355,0.00,0.00,0.00,0.00
2299.00,180.000,180.000,170.000,175.000,180.203,179.950,170.044,170.688,180.190,179.964,170.040,171.221,188.519,183.102,189.438,385.752,0.0640,0.0000,0.1884,0.9500,0.00,0.00,0.00,0.00
2300.00,180.000,180.000,170.000,175.000,180.202,179.951,170.043,170.714,180.190,179.964,170.041,171.246,188.503,183.059,189.480,385.775,0.0639,0.0000,0.1870,0.9500,0.00,0.00,0.00,0.00
2301.00,180.000,180.000,170.000,175.000,180.202,179.952,170.043,170.741,180.189,179.965,170.042,171.272,188.487,183.017,189.520,385.798,0.0638,0.0000,0.1856,0.9500,0.00,0.00,0.00,0.00
2302.00,180.000,180.000,170.000,175.000,180.201,179.952,170.043,170.767,180.188,179.965,170.043,171.298,188.472,182.974,189.558,385.723,0.0637,0.0000,0.1843,0.9151,0.00,0.00,0.00,0.00
2303.00,180.000,180.000,170.000,175.000,180.201,179.953,170.043,170.793,180.187,179.966,170.044,171.324,188.456,182.932,189.594,385.733,0.0636,0.0000,0.1831,0.9500,0.00,0.00,0.00,0.00
2304.00,180.000,180.000,170.000,175.000,180.200,179.954,170.043,170.819,180.186,179.966,170.045,171.350,188.441,182.891,189.629,385.757,0.0635,0.0000,0.1819,0.9500,0.00,0.00,0.00,0.00
2305.00,180.000,180.000,170.000,175.000,180.199,179.954,170.043,170.846,180.186,179.966,170.046,171.375,188.426,182.849,189.661,385.781,0.0633,0.0000,0.1808,0.9500,0.00,0.00,0.00,0.00
2306.00,180.000,180.000,170.000,175.000,180.199,179.955,170.044,170.872,180.185,179.967,170.048,171.401,188.411,182.808,189.693,385.669,0.0632,0.0000,0.1797,0.8962,0.00,0.00,0.00,0.00
2307.00,180.000,180.000,170.000,175.000,180.198,179.955,170.044,170.898,180.184,179.967,170.049,171.426,188.396,182.767,189.722,385.644,0.0631,0.0000,0.1787,0.9368,0.00,0.00,0.00,0.00
2308.00,180.000,180.000,170.000,175.000,180.197,179.956,170.044,170.924,180.183,179.967,170.051,171.452,188.381,182.727,189.751,385.669,0.0630,0.0000,0.1777,0.9500,0.00,0.00,0.00,0.00
2309.00,180.000,180.000,170.000,175.000,180.197,179.957,170.044,170.950,180.183,179.967,170.052,171.477,188.367,182.687,189.777,385.695,0.0629,0.0000,0.1768,0.9500,0.00,0.00,0.00,0.00
2310.00,180.000,180.000,170.000,175.000,180.196,179.957,170.045,170.976,180.182,179.967,170.054,171.502,188.352,182.647,189.803,385.541,0.0628,0.0000,0.1759,0.8763,0.00,0.00,0.00,0.00
2311.00,180.000,180.000,170.000,175.000,180.195,179.957,170.045,171.002,180.181,179.966,170.055,171.528,188.338,182.607,189.827,385.476,0.0627,0.0000,0.1751,0.9164,0.00,0.00,0.00,0.00
2312.00,180.000,180.000,170.000,175.000,180.194,179.958,170.046,171.028,180.180,179.966,170.057,171.553,188.324,182.569,189.850,385.489,0.0626,0.0012,0.1743,0.9500,0.00,0.00,0.00,0.00
2313.00,180.000,180.000,170.000,175.000,180.194,179.958,170.046,171.054,180.179,179.966,170.059,171.578,188.310,182.532,189.872,385.374,0.0625,0.0025,0.1736,0.8164,0.00,0.00,0.00,0.00
2314.00,180.000,180.000,170.000,175.000,180.193,179.959,170.047,171.080,180.178,179.965,170.060,171.602,188.296,182.499,189.893,385.184,0.0624,0.0037,0.1729,0.8579,0.00,0.00,0.00,0.00
2315.00,180.000,180.000,170.000,175.000,180.192,179.959,170.048,171.105,180.178,179.965,170.062,171.627,188.282,182.466,189.913,385.081,0.0623,0.0049,0.1722,0.8975,0.00,0.00,0.00,0.00
2316.00,180.000,180.000,170.000,175.000,180.192,179.959,170.048,171.131,180.177,179.964,170.064,171.651,188.268,182.435,189.932,385.063,0.0622,0.0060,0.1716,0.9355,0.00,0.00,0.00,0.00
2317.00,180.000,180.000,170.000,175.000,180.191,179.960,170.049,171.157,180.176,179.964,170.066,171.676,188.254,182.406,189.950,384.934,0.0621,0.0070,0.1710,0.7999,0.00,0.00,0.00,0.00
2318.00,180.000,180.000,170.000,175.000,180.190,179.960,170.050,171.183,180.175,179.963,170.068,171.700,188.241,182.378,189.967,384.713,0.0620,0.0080,0.1704,0.8408,0.00,0.00,0.00,0.00
2319.00,180.000,180.000,170.000,175.000,180.189,179.960,170.051,171.208,180.174,179.963,170.069,171.724,188.225,182.351,189.894,384.577,0.0619,0.0089,0.1000,0.8800,0.00,0.00,0.00,0.00
2320.00,180.000,180.000,170.000,175.000,180.189,179.960,170.052,171.233,180.173,179.962,170.071,171.748,188.209,182.326,189.825,384.527,0.0618,0.0098,0.1022,0.9175,0.00,0.00,0.00,0.00
2321.00,180.000,180.000,170.000,175.000,180.188,179.960,170.053,171.259,180.173,179.961,170.073,171.771,188.193,182.302,189.758,384.370,0.0616,0.0106,0.1043,0.7816,0.00,0.00,0.00,0.00
2322.00,180.000,180.000,170.000,175.000,180.187,179.960,170.054,171.284,180.172,179.960,170.074,171.795,188.178,182.280,189.695,384.117,0.0615,0.0114,0.1063,0.8221,0.00,0.00,0.00,0.00
2323.00,180.000,180.000,170.000,175.000,180.186,179.960,170.055,171.309,180.171,179.959,170.075,171.818,188.163,182.258,189.635,383.950,0.0614,0.0121,0.1082,0.8609,0.00,0.00,0.00,0.00
2324.00,180.000,180.000,170.000,175.000,180.186,179.960,170.056,171.334,180.170,179.959,170.077,171.841,188.147,182.239,189.578,383.864,0.0613,0.0128,0.1100,0.8980,0.00,0.00,0.00,0.00
2325.00,180.000,180.000,170.000,175.000,180.185,179.960,170.057,171.359,180.169,179.958,170.078,171.864,188.132,182.219,189.524,383.672,0.0612,0.0135,0.1117,0.7617,0.00,0.00,0.00,0.00
2326.00,180.000,180.000,170.000,175.000,180.184,179.960,170.058,171.384,180.168,179.957,170.079,171.886,188.117,182.200,189.471,383.380,0.0611,0.0141,0.1133,0.8018,0.00,0.00,0.00,0.00
2327.00,180.000,180.000,170.000,175.000,180.183,179.960,170.059,171.409,180.167,179.956,170.080,171.909,188.102,182.183,189.421,383.174,0.0610,0.0147,0.1149,0.8402,0.00,0.00,0.00,0.00
2328.00,180.000,180.000,170.000,175.000,180.182,179.959,170.060,171.434,180.166,179.955,170.080,171.931,188.088,182.167,189.373,383.052,0.0609,0.0153,0.1163,0.8769,0.00,0.00,0.00,0.00
2329.00,180.000,180.000,170.000,175.000,180.182,179.959,170.061,171.458,180.165,179.954,170.081,171.953,188.073,182.150,189.328,382.822,0.0608,0.0158,0.1177,0.7403,0.00,0.00,0.00,0.00
2330.00,180.000,180.000,170.000,175.000,180.181,179.959,170.062,171.483,180.165,179.953,170.082,171.975,188.059,182.135,189.284,382.492,0.0607,0.0163,0.1190,0.7801,0.00,0.00,0.00,0.00
2331.00,180.000,180.000,170.000,175.000,180.180,179.959,170.063,171.507,180.164,179.952,170.083,171.996,188.044,182.122,189.242,382.249,0.0606,0.0168,0.1202,0.8181,0.00,0.00,0.00,0.00
2332.00,180.000,180.000,170.000,175.000,180.179,179.958,170.064,171.531,180.163,179.950,170.083,172.017,188.030,182.108,189.203,382.085,0.0605,0.0173,0.1214,0.8546,0.00,0.00,0.00,0.00
2333.00,180.000,180.000,170.000,175.000,180.178,179.958,170.065,171.555,180.162,179.949,170.084,172.038,188.016,182.094,189.165,381.814,0.0604,0.0177,0.1225,0.7161,0.00,0.00,0.00,0.00
2334.00,180.000,180.000,170.000,175.000,180.178,179.957,170.066,171.579,180.161,179.948,170.084,172.059,188.002,182.081,189.128,381.444,0.0603,0.0181,0.1236,0.7556,0.00,0.00,0.00,0.00
2335.00,180.000,180.000,170.000,175.000,180.177,179.957,170.067,171.602,180.160,179.947,170.084,172.079,187.988,182.070,189.094,381.159,0.0602,0.0185,0.1246,0.7935,0.00,0.00,0.00,0.00
2336.00,180.000,180.000,170.000,175.000,180.176,179.956,170.067,171.626,180.159,179.946,170.085,172.099,187.974,182.059,189.060,380.956,0.0601,0.0188,0.1255,0.8297,0.00,0.00,0.00,0.00
2337.00,180.000,180.000,170.000,175.000,180.175,179.956,170.068,171.649,180.158,179.945,170.085,172.119,187.961,182.048,189.028,380.830,0.0600,0.0192,0.1264,0.8644,0.00,0.00,0.00,0.00
2338.00,180.000,180.000,170.000,175.000,180.174,179.955,170.069,171.673,180.157,179.943,170.085,172.139,187.945,182.038,188.998,380.410,0.0598,0.0195,0.1273,0.7289,0.00,0.00,0.00,0.00
2339.00,180.000,180.000,170.000,175.000,180.173,179.955,170.070,171.696,180.156,179.942,170.085,172.159,187.929,182.027,188.968,380.079,0.0597,0.0198,0.1281,0.7666,0.00,0.00,0.00,0.00
2340.00,180.000,180.000,170.000,175.000,180.173,179.954,170.071,171.718,180.155,179.941,170.085,172.178,187.913,182.017,188.941,379.827,0.0596,0.0201,0.1289,0.8027,0.00,0.00,0.00,0.00
2341.00,180.000,180.000,170.000,175.000,180.172,179.953,170.071,171.741,180.154,179.940,170.085,172.197,187.898,182.009,188.913,379.654,0.0595,0.0204,0.1296,0.8372,0.00,0.00,0.00,0.00
2342.00,180.000,180.000,170.000,175.000,180.171,179.953,170.072,171.763,180.153,179.938,170.085,172.216,187.882,182.001,188.886,379.187,0.0594,0.0206,0.1303,0.7000,0.00,0.00,0.00,0.00
2343.00,180.000,180.000,170.000,175.000,180.170,179.952,170.073,171.786,180.152,179.937,170.085,172.234,187.867,181.993,188.862,378.804,0.0593,0.0209,0.1309,0.7377,0.00,0.00,0.00,0.00
2344.00,180.000,180.000,170.000,175.000,180.169,179.951,170.073,171.808,180.151,179.936,170.085,172.252,187.851,181.985,188.838,378.502,0.0592,0.0211,0.1315,0.7738,0.00,0.00,0.00,0.00
2345.00,180.000,180.000,170.000,175.000,180.168,179.951,170.074,171.830,180.150,179.934,170.085,172.270,187.836,181.977,188.814,378.278,0.0591,0.0214,0.1321,0.8083,0.00,0.00,0.00,0.00
2346.00,180.000,180.000,170.000,175.000,180.167,179.950,170.074,171.851,180.149,179.933,170.085,172.288,187.821,182.007,188.793,377.943,0.0590,0.0796,0.1327,0.6679,0.00,0.00,0.00,0.00
2347.00,180.000,180.000,170.000,175.000,180.166,179.949,170.075,171.873,180.148,179.932,170.085,172.305,187.807,182.071,188.771,377.505,0.0589,0.0771,0.1332,0.7057,0.00,0.00,0.00,0.00
2348.00,180.000,180.000,170.000,175.000,180.165,179.948,170.075,171.894,180.147,179.931,170.085,172.322,187.792,182.131,188.750,377.148,0.0588,0.0747,0.1337,0.7418,0.00,0.00,0.00,0.00
2349.00,180.000,180.000,170.000,175.000,180.165,179.947,170.076,171.915,180.146,179.930,170.084,172.339,187.777,182.188,188.730,376.870,0.0587,0.0725,0.1342,0.7764,0.00,0.00,0.00,0.00
2350.00,180.000,180.000,170.000,175.000,180.164,179.946,170.076,171.936,180.145,179.929,170.084,172.355,187.763,182.242,188.711,376.666,0.0586,0.0703,0.1346,0.8095,0.00,0.00,0.00,0.00
2351.00,180.000,180.000,170.000,175.000,180.163,179.946,170.077,171.957,180.144,179.928,170.084,172.372,187.748,182.293,188.693,376.348,0.0585,0.0683,0.1350,0.6693,0.00,0.00,0.00,0.00
2352.00,180.000,180.000,170.000,175.000,180.162,179.945,170.077,171.977,180.143,179.928,170.083,172.388,187.734,182.341,188.675,375.925,0.0584,0.0664,0.1354,0.7057,0.00,0.00,0.00,0.00
2353.00,180.000,180.000,170.000,175.000,180.161,179.944,170.077,171.997,180.142,179.927,170.083,172.404,187.720,182.387,188.658,375.583,0.0583,0.0646,0.1358,0.7405,0.00,0.00,0.00,0.00
2354.00,180.000,180.000,170.000,175.000,180.160,179.943,170.078,172.017,180.141,179.926,170.083,172.420,187.706,182.429,188.641,375.316,0.0581,0.0629,0.1362,0.7739,0.00,0.00,0.00,0.00
2355.00,180.000,180.000,170.000,175.000,180.159,179.942,170.078,172.037,180.140,179.926,170.082,172.435,187.692,182.470,188.626,375.120,0.0580,0.0613,0.1365,0.8057,0.00,0.00,0.00,0.00
2356.00,180.000,180.000,170.000,175.000,180.158,179.941,170.078,172.057,180.139,179.926,170.082,172.451,187.677,182.509,188.611,374.809,0.0579,0.0598,0.1368,0.6645,0.00,0.00,0.00,0.00
2357.00,180.000,180.000,170.000,175.000,180.157,179.941,170.078,172.076,180.138,179.925,170.081,172.466,187.661,182.544,188.596,374.389,0.0578,0.0583,0.1371,0.6998,0.00,0.00,0.00,0.00
2358.00,180.000,180.000,170.000,175.000,180.156,179.940,170.078,172.095,180.137,179.925,170.081,172.481,187.645,182.578,188.581,374.045,0.0577,0.0569,0.1374,0.7335,0.00,0.00,0.00,0.00
2359.00,180.000,180.000,170.000,175.000,180.155,179.939,170.078,172.114,180.136,179.925,170.080,172.496,187.629,182.611,188.567,373.776,0.0576,0.0556,0.1377,0.7659,0.00,0.00,0.00,0.00
2360.00,180.000,180.000,170.000,175.000,180.154,179.938,170.079,172.133,180.134,179.925,170.080,172.511,187.614,182.640,188.552,373.575,0.0575,0.0544,0.1379,0.7968,0.00,0.00,0.00,0.00
2361.00,180.000,180.000,170.000,175.000,180.153,179.938,170.079,172.152,180.133,179.925,170.079,172.526,187.598,182.669,188.539,373.255,0.0574,0.0533,0.1382,0.6530,0.00,0.00,0.00,0.00
2362.00,180.000,180.000,170.000,175.000,180.152,179.937,170.079,172.170,180.132,179.925,170.079,172.540,187.583,182.696,188.527,372.826,0.0573,0.0522,0.1384,0.6875,0.00,0.00,0.00,0.00
2363.00,180.000,180.000,170.000,175.000,180.151,179.937,170.079,172.189,180.131,179.925,170.078,172.554,187.567,182.721,188.515,372.469,0.0572,0.0511,0.1386,0.7205,0.00,0.00,0.00,0.00
2364.00,180.000,180.000,170.000,175.000,180.150,179.936,170.079,172.207,180.130,179.925,170.078,172.568,187.552,182.745,188.504,372.187,0.0571,0.0501,0.1388,0.7521,0.00,0.00,0.00,0.00
2365.00,180.000,180.000,170.000,175.000,180.149,179.935,170.079,172.224,180.129,179.925,170.077,172.582,187.582,182.768,188.492,371.970,0.1273,0.0492,0.1390,0.7823,0.00,0.00,0.00,0.00
2366.00,180.000,180.000,170.000,175.000,180.148,179.935,170.078,172.242,180.128,179.925,170.076,172.596,187.652,182.789,188.481,371.818,0.1239,0.0483,0.1391,0.8112,0.00,0.00,0.00,0.00
2367.00,180.000,180.000,170.000,175.000,180.147,179.934,170.078,172.259,180.127,179.925,170.076,172.610,187.719,182.809,188.469,371.360,0.1208,0.0475,0.1393,0.6687,0.00,0.00,0.00,0.00
2368.00,180.000,180.000,170.000,175.000,180.146,179.934,170.078,172.277,180.127,179.926,170.075,172.623,187.781,182.827,188.458,370.977,0.1178,0.0467,0.1395,0.7012,0.00,0.00,0.00,0.00
2369.00,180.000,180.000,170.000,175.000,180.145,179.934,170.078,172.294,180.126,179.926,170.074,172.636,187.839,182.845,188.447,370.667,0.1150,0.0459,0.1396,0.7323,0.00,0.00,0.00,0.00
2370.00,180.000,180.000,170.000,175.000,180.144,179.933,170.078,172.311,180.126,179.926,170.074,172.649,187.892,182.861,188.435,370.423,0.1124,0.0452,0.1397,0.7621,0.00,0.00,0.00,0.00
2371.00,180.000,180.000,170.000,175.000,180.143,179.933,170.078,172.327,180.125,179.926,170.073,172.662,187.943,182.876,188.424,370.241,0.1099,0.0446,0.1399,0.7906,0.00,0.00,0.00,0.00
2372.00,180.000,180.000,170.000,175.000,180.143,179.933,170.077,172.344,180.125,179.927,170.072,172.676,187.990,182.892,188.413,370.120,0.1076,0.0439,0.1400,0.8178,0.00,0.00,0.00,0.00
2373.00,180.000,180.000,170.000,175.000,180.142,179.932,170.077,172.360,180.125,179.927,170.071,172.689,188.034,182.905,188.403,369.692,0.1054,0.0433,0.1401,0.6737,0.00,0.00,0.00,0.00
2374.00,180.000,180.000,170.000,175.000,180.141,179.932,170.077,172.376,180.125,179.928,170.071,172.701,188.076,182.917,188.395,369.336,0.1034,0.0428,0.1402,0.7047,0.00,0.00,0.00,0.00
2375.00,180.000,180.000,170.000,175.000,180.140,179.932,170.077,172.392,180.125,179.928,170.070,172.714,188.114,182.930,188.387,369.045,0.1014,0.0422,0.1403,0.7344,0.00,0.00,0.00,0.00
2376.00,180.000,180.000,170.000,175.000,180.139,179.932,170.076,172.408,180.125,179.928,170.069,172.727,188.150,182.941,188.378,368.818,0.0996,0.0417,0.1404,0.7628,0.00,0.00,0.00,0.00
2377.00,180.000,180.000,170.000,175.000,180.139,179.932,170.076,172.424,180.126,179.929,170.068,172.739,188.183,182.951,188.370,368.651,0.0979,0.0412,0.1405,0.7900,0.00,0.00,0.00,0.00
2378.00,180.000,180.000,170.000,175.000,180.138,179.931,170.075,172.439,180.126,179.929,170.068,172.752,188.213,182.961,188.362,368.543,0.0963,0.0408,0.1406,0.8160,0.00,0.00,0.00,0.00
2379.00,180.000,180.000,170.000,175.000,180.138,179.931,170.075,172.455,180.126,179.930,170.067,172.764,188.242,182.971,188.354,368.305,0.0948,0.0403,0.1406,0.6691,0.00,0.00,0.00,0.00
2380.00,180.000,180.000,170.000,175.000,180.137,179.931,170.075,172.470,180.127,179.930,170.066,172.777,188.268,182.981,188.346,367.949,0.0933,0.0399,0.1407,0.6990,0.00,0.00,0.00,0.00
2381.00,180.000,180.000,170.000,175.000,180.136,179.931,170.074,172.485,180.127,179.931,170.065,172.789,188.293,182.988,188.338,367.657,0.0920,0.0395,0.1408,0.7277,0.00,0.00,0.00,0.00
2382.00,180.000,180.000,170.000,175.000,180.136,179.931,170.074,172.500,180.128,179.931,170.064,172.801,188.315,182.995,188.330,367.426,0.0907,0.0392,0.1408,0.7551,0.00,0.00,0.00,0.00
2383.00,180.000,180.000,170.000,175.000,180.136,179.931,170.073,172.515,180.129,179.932,170.064,172.813,188.337,183.002,188.322,367.256,0.0895,0.0388,0.1409,0.7813,0.00,0.00,0.00,0.00
2384.00,180.000,180.000,170.000,175.000,180.135,179.931,170.073,172.530,180.129,179.932,170.063,172.826,188.357,183.009,188.314,367.141,0.0884,0.0385,0.1409,0.8065,0.00,0.00,0.00,0.00
2385.00,180.000,180.000,170.000,175.000,180.135,179.931,170.072,172.544,180.130,179.933,170.062,172.838,188.375,183.016,188.306,367.081,0.0873,0.0382,0.1410,0.8305,0.00,0.00,0.00,0.00
2386.00,180.000,180.000,170.000,175.000,180.135,179.931,170.072,172.559,180.131,179.934,170.061,172.850,188.392,183.023,188.299,366.703,0.0863,0.0379,0.1410,0.6833,0.00,0.00,0.00,0.00
2387.00,180.000,180.000,170.000,175.000,180.135,179.932,170.071,172.573,180.132,179.934,170.060,172.863,188.407,183.028,188.291,366.389,0.0854,0.0376,0.1410,0.7114,0.00,0.00,0.00,0.00
2388.00,180.000,180.000,170.000,175.000,180.135,179.932,170.071,172.587,180.133,179.935,170.059,172.875,188.421,183.032,188.283,366.136,0.0845,0.0373,0.1411,0.7382,0.00,0.00,0.00,0.00
2389.00,180.000,180.000,170.000,175.000,180.134,179.932,170.070,172.602,180.134,179.935,170.059,172.887,188.435,183.036,188.276,365.940,0.0837,0.0371,0.1411,0.7639,0.00,0.00,0.00,0.00
2390.00,180.000,180.000,170.000,175.000,180.134,179.932,170.070,172.616,180.135,179.936,170.058,172.898,188.447,183.041,188.268,365.799,0.0829,0.0369,0.1411,0.7885,0.00,0.00,0.00,0.00
2391.00,180.000,180.000,170.000,175.000,180.134,179.932,170.069,172.630,180.136,179.937,170.057,172.911,188.458,183.045,188.261,365.711,0.0821,0.0366,0.1411,0.8121,0.00,0.00,0.00,0.00
2392.00,180.000,180.000,170.000,175.000,180.135,179.932,170.068,172.643,180.137,179.937,170.056,172.923,188.468,183.049,188.253,365.672,0.0814,0.0364,0.1412,0.8347,0.00,0.00,0.00,0.00
2393.00,180.000,180.000,170.000,175.000,180.135,179.933,170.068,172.657,180.138,179.938,170.055,172.935,188.477,183.053,188.246,365.313,0.0808,0.0362,0.1412,0.6860,0.00,0.00,0.00,0.00
2394.00,180.000,180.000,170.000,175.000,180.135,179.933,170.067,172.671,180.139,179.938,170.054,172.947,188.486,183.058,188.239,365.016,0.0801,0.0360,0.1412,0.7128,0.00,0.00,0.00,0.00
2395.00,180.000,180.000,170.000,175.000,180.135,179.933,170.067,172.684,180.140,179.939,170.053,172.959,188.493,183.061,188.231,364.779,0.0796,0.0359,0.1412,0.7383,0.00,0.00,0.00,0.00
2396.00,180.000,180.000,170.000,175.000,180.135,179.933,170.066,172.698,180.141,179.940,170.052,172.971,188.499,183.062,188.224,364.594,0.0790,0.0357,0.1412,0.7628,0.00,0.00,0.00,0.00
2397.00,180.000,180.000,170.000,175.000,180.136,179.934,170.065,172.711,180.143,179.940,170.051,172.982,188.506,183.064,188.217,364.461,0.0785,0.0355,0.1412,0.7862,0.00,0.00,0.00,0.00
2398.00,180.000,180.000,170.000,175.000,180.136,179.934,170.064,172.725,180.144,179.941,170.050,172.994,188.512,183.066,188.210,364.379,0.0780,0.0354,0.1412,0.8086,0.00,0.00,0.00,0.00
2399.00,180.000,180.000,170.000,175.000,180.136,179.934,170.064,172.738,180.145,179.942,170.049,173.006,188.515,183.067,188.203,364.344,0.0775,0.0352,0.1412,0.8301,0.00,0.00,0.00,0.00
2400.00,180.000,180.000,170.000,175.000,180.137,179.935,170.063,172.751,180.146,179.942,170.048,173.018,188.519,183.069,188.196,364.169,0.0770,0.0351,0.1412,0.6773,0.00,0.00,0.00,0.00
2401.00,180.000,180.000,170.000,175.000,180.137,179.935,170.062,172.764,180.148,179.943,170.047,173.030,188.523,183.070,188.189,363.864,0.0766,0.0350,0.1412,0.7032,0.00,0.00,0.00,0.00
2402.00,180.000,180.000,170.000,175.000,180.138,179.936,170.062,172.778,180.149,179.944,170.046,173.042,188.527,183.072,188.182,363.617,0.0762,0.0348,0.1412,0.7279,0.00,0.00,0.00,0.00
2403.00,180.000,180.000,170.000,175.000,180.138,179.936,170.061,172.791,180.150,179.944,170.045,173.054,188.530,183.074,188.175,363.422,0.0758,0.0347,0.1412,0.7516,0.00,0.00,0.00,0.00
2404.00,180.000,180.000,170.000,175.000,180.139,179.936,170.060,172.804,180.152,179.945,170.044,173.066,188.532,183.075,188.168,363.277,0.0755,0.0346,0.1412,0.7743,0.00,0.00,0.00,0.00
2405.00,180.000,180.000,170.000,175.000,180.140,179.937,170.059,172.817,180.153,179.945,170.043,173.078,188.533,183.077,188.161,363.179,0.0751,0.0345,0.1412,0.7960,0.00,0.00,0.00,0.00
2406.00,180.000,180.000,170.000,175.000,180.140,179.937,170.058,172.829,180.155,179.946,170.042,173.090,188.534,183.078,188.155,363.129,0.0748,0.0344,0.1412,0.8168,0.00,0.00,0.00,0.00
2407.00,180.000,180.000,170.000,175.000,180.141,179.938,170.058,172.842,180.156,179.947,170.041,173.102,188.535,183.080,188.148,363.120,0.0745,0.0343,0.1412,0.8367,0.00,0.00,0.00,0.00
2408.00,180.000,180.000,170.000,175.000,180.142,179.938,170.057,172.855,180.157,179.947,170.040,173.114,188.537,183.081,188.141,362.972,0.0742,0.0342,0.1412,0.6840,0.00,0.00,0.00,0.00
2409.00,180.000,180.000,170.000,175.000,180.143,179.939,170.056,172.868,180.159,179.948,170.039,173.126,188.538,183.083,188.135,362.691,0.0739,0.0342,0.1412,0.7083,0.00,0.00,0.00,0.00
2410.00,180.000,180.000,170.000,175.000,180.143,179.939,170.055,172.881,180.160,179.949,170.038,173.138,188.537,183.085,188.128,362.463,0.0737,0.0341,0.1412,0.7317,0.00,0.00,0.00,0.00
2411.00,180.000,180.000,170.000,175.000,180.144,179.940,170.054,172.893,180.162,179.949,170.037,173.150,188.536,183.086,188.121,362.285,0.0734,0.0340,0.1411,0.7540,0.00,0.00,0.00,0.00
2412.00,180.000,180.000,170.000,175.000,180.145,179.940,170.054,172.906,180.163,179.950,170.036,173.162,188.535,183.085,188.115,362.155,0.0732,0.0339,0.1411,0.7753,0.00,0.00,0.00,0.00
2413.00,180.000,180.000,170.000,175.000,180.146,179.940,170.053,172.919,180.165,179.951,170.035,173.174,188.534,183.084,188.109,362.068,0.0730,0.0339,0.1411,0.7958,0.00,0.00,0.00,0.00
2414.00,180.000,180.000,170.000,175.000,180.147,179.941,170.052,172.931,180.166,179.951,170.034,173.186,188.533,183.083,188.102,362.024,0.0727,0.0338,0.1411,0.8154,0.00,0.00,0.00,0.00
2415.00,180.000,180.000,170.000,175.000,180.148,179.942,170.051,172.944,180.168,179.952,170.033,173.198,188.532,183.082,188.096,362.022,0.0725,0.0337,0.1411,0.8342,0.00,0.00,0.00,0.00
2416.00,180.000,180.000,170.000,175.000,180.149,179.942,170.050,172.956,180.170,179.953,170.032,173.210,188.531,183.081,188.090,361.694,0.0723,0.0337,0.1411,0.6819,0.00,0.00,0.00,0.00
2417.00,180.000,180.000,170.000,175.000,180.150,179.943,170.049,172.969,180.171,179.953,170.031,173.222,188.530,183.080,188.172,361.419,0.0721,0.0336,0.2109,0.7051,0.00,0.00,0.00,0.00
2418.00,180.000,180.000,170.000,175.000,180.151,179.943,170.048,172.981,180.173,179.954,170.030,173.234,188.438,183.079,188.250,361.195,0.0026,0.0336,0.2081,0.7274,0.00,0.00,0.00,0.00
2419.00,180.000,180.000,170.000,175.000,180.152,179.944,170.047,172.994,180.174,179.955,170.030,173.246,188.353,183.078,188.325,361.019,0.0056,0.0335,0.2055,0.7486,0.00,0.00,0.00,0.00
2420.00,180.000,180.000,170.000,175.000,180.153,179.944,170.047,173.006,180.175,179.955,170.029,173.257,188.270,183.078,188.395,360.888,0.0084,0.0335,0.2030,0.7690,0.00,0.00,0.00,0.00
2421.00,180.000,180.000,170.000,175.000,180.154,179.945,170.046,173.019,180.176,179.956,170.029,173.269,188.191,183.077,188.463,360.801,0.0111,0.0334,0.2007,0.7885,0.00,0.00,0.00,0.00
2422.00,180.000,180.000,170.000,175.000,180.155,179.945,170.045,173.031,180.177,179.956,170.028,173.281,188.117,183.076,188.527,360.754,0.0136,0.0334,0.1984,0.8072,0.00,0.00,0.00,0.00
2423.00,180.000,180.000,170.000,175.000,180.156,179.946,170.044,173.043,180.178,179.957,170.028,173.293,188.046,183.075,188.589,360.745,0.0159,0.0334,0.1963,0.8251,0.00,0.00,0.00,0.00
2424.00,180.000,180.000,170.000,175.000,180.157,179.946,170.043,173.056,180.179,179.958,170.028,173.305,187.978,183.074,188.647,360.592,0.0181,0.0333,0.1943,0.6704,0.00,0.00,0.00,0.00
2425.00,180.000,180.000,170.000,175.000,180.158,179.947,170.043,173.068,180.179,179.958,170.028,173.317,187.915,183.073,188.703,360.303,0.0201,0.0333,0.1924,0.6930,0.00,0.00,0.00,0.00
2426.00,180.000,180.000,170.000,175.000,180.159,179.947,170.042,173.080,180.180,179.959,170.029,173.329,187.854,183.072,188.755,360.062,0.0221,0.0333,0.1905,0.7145,0.00,0.00,0.00,0.00
2427.00,180.000,180.000,170.000,175.000,180.160,179.948,170.041,173.093,180.180,179.959,170.029,173.340,187.796,183.071,188.805,359.869,0.0238,0.0332,0.1888,0.7351,0.00,0.00,0.00,0.00
2428.00,180.000,180.000,170.000,175.000,180.161,179.949,170.041,173.105,180.180,179.960,170.029,173.352,187.740,183.071,188.852,359.720,0.0255,0.0332,0.1872,0.7549,0.00,0.00,0.00,0.00
2429.00,180.000,180.000,170.000,175.000,180.162,179.949,170.040,173.117,180.181,179.961,170.030,173.364,187.687,183.070,188.898,359.613,0.0271,0.0332,0.1856,0.7738,0.00,0.00,0.00,0.00
2430.00,180.000,180.000,170.000,175.000,180.163,179.950,170.040,173.129,180.181,179.961,170.030,173.375,187.635,183.069,188.940,359.546,0.0286,0.0331,0.1841,0.7918,0.00,0.00,0.00,0.00
2431.00,180.000,180.000,170.000,175.000,180.164,179.950,170.039,173.141,180.181,179.962,170.031,173.387,187.586,183.047,188.980,359.515,0.0299,0.0000,0.1827,0.8092,0.00,0.00,0.00,0.00
2432.00,180.000,180.000,170.000,175.000,180.165,179.951,170.039,173.153,180.181,179.962,170.031,173.399,187.539,183.004,189.018,359.340,0.0312,0.0000,0.1814,0.6540,0.00,0.00,0.00,0.00
2433.00,180.000,180.000,170.000,175.000,180.166,179.951,170.038,173.166,180.181,179.963,170.032,173.411,187.494,182.961,189.055,359.027,0.0324,0.0000,0.1801,0.6760,0.00,0.00,0.00,0.00
2434.00,180.000,180.000,170.000,175.000,180.166,179.952,170.038,173.178,180.181,179.963,170.033,173.422,187.451,182.919,189.090,358.760,0.0335,0.0000,0.1789,0.6970,0.00,0.00,0.00,0.00
2435.00,180.000,180.000,170.000,175.000,180.167,179.953,170.038,173.190,180.181,179.963,170.034,173.433,187.410,182.877,189.124,358.543,0.0346,0.0000,0.1778,0.7172,0.00,0.00,0.00,0.00
2436.00,180.000,180.000,170.000,175.000,180.168,179.953,170.038,173.202,180.180,179.964,170.035,173.444,187.371,182.835,189.155,358.366,0.0356,0.0000,0.1767,0.7364,0.00,0.00,0.00,0.00
2437.00,180.000,180.000,170.000,175.000,180.168,179.954,170.038,173.214,180.180,179.964,170.036,173.456,187.333,182.794,189.186,358.232,0.0365,0.0000,0.1756,0.7549,0.00,0.00,0.00,0.00
2438.00,180.000,180.000,170.000,175.000,180.169,179.954,170.037,173.226,180.180,179.964,170.037,173.467,187.296,182.753,189.214,358.136,0.0373,0.0000,0.1747,0.7725,0.00,0.00,0.00,0.00
2439.00,180.000,180.000,170.000,175.000,180.169,179.955,170.037,173.238,180.179,179.964,170.038,173.478,187.260,182.712,189.242,358.077,0.0381,0.0000,0.1737,0.7894,0.00,0.00,0.00,0.00
2440.00,180.000,180.000,170.000,175.000,180.170,179.955,170.038,173.249,180.179,179.964,170.039,173.489,187.227,182.672,189.268,358.054,0.0388,0.0000,0.1728,0.8056,0.00,0.00,0.00,0.00
2441.00,180.000,180.000,170.000,175.000,180.170,179.955,170.038,173.261,180.179,179.963,170.040,173.501,187.193,182.632,189.293,357.702,0.0395,0.0000,0.1720,0.6524,0.00,0.00,0.00,0.00
2442.00,180.000,180.000,170.000,175.000,180.171,179.956,170.038,173.273,180.178,179.963,170.042,173.512,187.160,182.592,189.315,357.398,0.0402,0.0000,0.1712,0.6732,0.00,0.00,0.00,0.00
2443.00,180.000,180.000,170.000,175.000,180.171,179.956,170.038,173.285,180.177,179.963,170.043,173.523,187.130,182.552,189.337,357.143,0.0408,0.0000,0.1704,0.6931,0.00,0.00,0.00,0.00
2444.00,180.000,180.000,170.000,175.000,180.171,179.956,170.038,173.297,180.177,179.962,170.044,173.533,187.100,182.514,189.360,356.928,0.0413,0.0010,0.1697,0.7122,0.00,0.00,0.00,0.00
2445.00,180.000,180.000,170.000,175.000,180.172,179.957,170.039,173.308,180.176,179.962,170.046,173.544,187.071,182.477,189.379,356.754,0.0418,0.0023,0.1690,0.7304,0.00,0.00,0.00,0.00
2446.00,180.000,180.000,170.000,175.000,180.172,179.957,170.039,173.320,180.176,179.961,170.047,173.555,187.043,182.443,189.398,356.620,0.0423,0.0036,0.1684,0.7478,0.00,0.00,0.00,0.00
2447.00,180.000,180.000,170.000,175.000,180.172,179.957,170.039,173.331,180.175,179.961,170.049,173.565,187.016,182.411,189.418,356.524,0.0427,0.0047,0.1678,0.7645,0.00,0.00,0.00,0.00
2448.00,180.000,180.000,170.000,175.000,180.172,179.957,170.040,173.343,180.174,179.960,170.050,173.576,186.989,182.380,189.434,356.463,0.0431,0.0058,0.1672,0.7805,0.00,0.00,0.00,0.00
2449.00,180.000,180.000,170.000,175.000,180.172,179.957,170.040,173.355,180.173,179.959,170.052,173.587,186.963,182.351,189.451,356.254,0.0435,0.0069,0.1666,0.6241,0.00,0.00,0.00,0.00
2450.00,180.000,180.000,170.000,175.000,180.172,179.958,170.041,173.366,180.173,179.959,170.053,173.597,186.937,182.323,189.467,355.905,0.0439,0.0079,0.1661,0.6448,0.00,0.00,0.00,0.00
2451.00,180.000,180.000,170.000,175.000,180.172,179.958,170.042,173.377,180.172,179.958,170.055,173.608,186.912,182.296,189.482,355.601,0.0442,0.0088,0.1656,0.6647,0.00,0.00,0.00,0.00
2452.00,180.000,180.000,170.000,175.000,180.172,179.958,170.042,173.389,180.171,179.957,170.056,173.618,186.889,182.271,189.496,355.341,0.0445,0.0097,0.1651,0.6837,0.00,0.00,0.00,0.00
2453.00,180.000,180.000,170.000,175.000,180.172,179.958,170.043,173.400,180.170,179.956,170.058,173.628,186.866,182.247,189.510,355.124,0.0447,0.0105,0.1647,0.7018,0.00,0.00,0.00,0.00
2454.00,180.000,180.000,170.000,175.000,180.172,179.957,170.044,173.411,180.169,179.955,170.060,173.638,186.843,182.225,189.523,354.946,0.0450,0.0113,0.1642,0.7192,0.00,0.00,0.00,0.00
2455.00,180.000,180.000,170.000,175.000,180.172,179.957,170.044,173.422,180.168,179.954,170.061,173.647,186.820,182.203,189.537,354.804,0.0452,0.0120,0.1638,0.7359,0.00,0.00,0.00,0.00
2456.00,180.000,180.000,170.000,175.000,180.172,179.957,170.045,173.434,180.168,179.953,170.063,173.657,186.798,182.183,189.548,354.696,0.0454,0.0127,0.1634,0.7518,0.00,0.00,0.00,0.00
2457.00,180.000,180.000,170.000,175.000,180.172,179.957,170.046,173.445,180.167,179.952,170.065,173.667,186.775,182.164,189.559,354.623,0.0456,0.0134,0.1631,0.7671,0.00,0.00,0.00,0.00
2458.00,180.000,180.000,170.000,175.000,180.171,179.957,170.047,173.456,180.166,179.951,170.067,173.677,186.753,182.145,189.569,354.218,0.0458,0.0141,0.1627,0.6114,0.00,0.00,0.00,0.00
2459.00,180.000,180.000,170.000,175.000,180.171,179.956,170.048,173.466,180.165,179.950,170.068,173.687,186.731,182.128,189.580,353.858,0.0459,0.0147,0.1624,0.6314,0.00,0.00,0.00,0.00
2460.00,180.000,180.000,170.000,175.000,180.171,179.956,170.049,173.477,180.164,179.949,170.070,173.696,186.709,182.112,189.591,353.543,0.0460,0.0152,0.1621,0.6506,0.00,0.00,0.00,0.00
2461.00,180.000,180.000,170.000,175.000,180.170,179.956,170.050,173.488,180.163,179.948,170.072,173.705,186.690,182.095,189.600,353.271,0.0462,0.0158,0.0898,0.6688,0.00,0.00,0.00,0.00
2462.00,180.000,180.000,170.000,175.000,180.170,179.955,170.051,173.499,180.162,179.946,170.074,173.714,186.671,182.080,189.520,353.040,0.0463,0.0163,0.0924,0.6863,0.00,0.00,0.00,0.00
2463.00,180.000,180.000,170.000,175.000,180.170,179.955,170.052,173.509,180.160,179.945,170.075,173.723,186.652,182.066,189.444,352.848,0.0464,0.0167,0.0948,0.7031,0.00,0.00,0.00,0.00
2464.00,180.000,180.000,170.000,175.000,180.169,179.954,170.053,173.520,180.159,179.944,170.077,173.732,186.633,182.053,189.372,352.691,0.0464,0.0172,0.0971,0.7191,0.00,0.00,0.00,0.00
2465.00,180.000,180.000,170.000,175.000,180.169,179.954,170.055,173.530,180.158,179.943,170.078,173.740,186.615,182.039,189.304,352.569,0.0465,0.0176,0.0993,0.7345,0.00,0.00,0.00,0.00
2466.00,180.000,180.000,170.000,175.000,180.168,179.953,170.056,173.541,180.157,179.941,170.079,173.749,186.596,182.026,189.238,352.478,0.0466,0.0180,0.1013,0.7491,0.00,0.00,0.00,0.00
2467.00,180.000,180.000,170.000,175.000,180.168,179.953,170.057,173.551,180.156,179.940,170.080,173.758,186.578,182.015,189.176,352.234,0.0466,0.0184,0.1033,0.5898,0.00,0.00,0.00,0.00
2468.00,180.000,180.000,170.000,175.000,180.167,179.952,170.058,173.561,180.155,179.939,170.081,173.767,186.560,182.004,189.116,351.846,0.0467,0.0188,0.1052,0.6095,0.00,0.00,0.00,0.00
2469.00,180.000,180.000,170.000,175.000,180.166,179.951,170.059,173.571,180.154,179.937,170.082,173.776,186.542,181.993,189.059,351.504,0.0467,0.0191,0.1069,0.6282,0.00,0.00,0.00,0.00
2470.00,180.000,180.000,170.000,175.000,180.166,179.951,170.060,173.581,180.153,179.936,170.083,173.784,186.524,181.983,189.004,351.205,0.0467,0.0195,0.1086,0.6462,0.00,0.00,0.00,0.00
2471.00,180.000,180.000,170.000,175.000,180.165,179.950,170.061,173.591,180.151,179.935,170.084,173.792,186.506,181.972,188.952,350.944,0.0467,0.0785,0.1102,0.6633,0.00,0.00,0.00,0.00
2472.00,180.000,180.000,170.000,175.000,180.164,179.949,170.063,173.601,180.150,179.933,170.084,173.800,186.488,182.035,188.903,350.721,0.0467,0.0761,0.1117,0.6798,0.00,0.00,0.00,0.00
2473.00,180.000,180.000,170.000,175.000,180.164,179.948,170.064,173.611,180.149,179.932,170.085,173.808,186.471,182.093,188.855,350.534,0.0467,0.0737,0.1132,0.6955,0.00,0.00,0.00,0.00
2474.00,180.000,180.000,170.000,175.000,180.163,179.948,170.065,173.621,180.148,179.931,170.085,173.816,186.453,182.149,188.809,350.381,0.0467,0.0716,0.1145,0.7105,0.00,0.00,0.00,0.00
2475.00,180.000,180.000,170.000,175.000,180.162,179.947,170.066,173.630,180.146,179.930,170.086,173.824,186.436,182.202,188.766,350.260,0.0467,0.0695,0.1158,0.7249,0.00,0.00,0.00,0.00
2476.00,180.000,180.000,170.000,175.000,180.161,179.946,170.067,173.640,180.145,179.929,170.086,173.832,186.419,182.252,188.724,350.168,0.0467,0.0675,0.1170,0.7387,0.00,0.00,0.00,0.00
2477.00,180.000,180.000,170.000,175.000,180.161,179.945,170.068,173.649,180.144,179.929,170.086,173.840,186.402,182.299,188.684,350.107,0.0467,0.0656,0.1182,0.7518,0.00,0.00,0.00,0.00
2478.00,180.000,180.000,170.000,175.000,180.160,179.944,170.068,173.659,180.143,179.928,170.086,173.848,186.385,182.343,188.646,349.714,0.0467,0.0639,0.1193,0.5958,0.00,0.00,0.00,0.00
2479.00,180.000,180.000,170.000,175.000,180.159,179.944,170.069,173.668,180.141,179.927,170.086,173.856,186.369,182.384,188.609,349.363,0.0466,0.0622,0.1203,0.6138,0.00,0.00,0.00,0.00
2480.00,180.000,180.000,170.000,175.000,180.158,179.943,170.070,173.677,180.140,179.927,170.086,173.863,186.352,182.424,188.575,349.049,0.0466,0.0606,0.1213,0.6311,0.00,0.00,0.00,0.00
2481.00,180.000,180.000,170.000,175.000,180.157,179.942,170.071,173.686,180.139,179.926,170.086,173.871,186.336,182.461,188.541,348.777,0.0466,0.0591,0.1223,0.6475,0.00,0.00,0.00,0.00
2482.00,180.000,180.000,170.000,175.000,180.156,179.941,170.072,173.696,180.137,179.926,170.086,173.878,186.319,182.497,188.509,348.540,0.0465,0.0577,0.1232,0.6633,0.00,0.00,0.00,0.00
2483.00,180.000,180.000,170.000,175.000,180.155,179.940,170.072,173.705,180.136,179.925,170.086,173.885,186.303,182.529,188.478,348.339,0.0465,0.0564,0.1240,0.6784,0.00,0.00,0.00,0.00
2484.00,180.000,180.000,170.000,175.000,180.154,179.940,170.073,173.713,180.135,179.925,170.086,173.892,186.287,182.561,188.450,348.169,0.0464,0.0551,0.1248,0.6928,0.00,0.00,0.00,0.00
2485.00,180.000,180.000,170.000,175.000,180.153,179.939,170.074,173.722,180.133,179.925,170.085,173.900,186.271,182.591,188.422,348.030,0.0463,0.0539,0.1256,0.7067,0.00,0.00,0.00,0.00
2486.00,180.000,180.000,170.000,175.000,180.152,179.938,170.074,173.731,180.132,179.925,170.085,173.907,186.255,182.618,188.394,347.921,0.0463,0.0528,0.1263,0.7199,0.00,0.00,0.00,0.00
2487.00,180.000,180.000,170.000,175.000,180.151,179.938,170.075,173.740,180.130,179.925,170.085,173.914,186.240,182.645,188.368,347.841,0.0462,0.0517,0.1269,0.7325,0.00,0.00,0.00,0.00
2488.00,180.000,180.000,170.000,175.000,180.150,179.937,170.075,173.748,180.129,179.924,170.084,173.922,186.224,182.669,188.343,347.787,0.0462,0.0507,0.1276,0.7447,0.00,0.00,0.00,0.00
2489.00,180.000,180.000,170.000,175.000,180.149,179.936,170.076,173.757,180.128,179.924,170.084,173.929,186.297,182.693,188.318,347.396,0.1156,0.0497,0.1282,0.5876,0.00,0.00,0.00,0.00
2490.00,180.000,180.000,170.000,175.000,180.148,179.936,170.076,173.765,180.126,179.924,170.084,173.936,186.364,182.714,188.296,347.047,0.1123,0.0488,0.1288,0.6046,0.00,0.00,0.00,0.00
2491.00,180.000,180.000,170.000,175.000,180.147,179.935,170.076,173.774,180.125,179.924,170.083,173.943,186.428,182.735,188.274,346.734,0.1092,0.0480,0.1293,0.6209,0.00,0.00,0.00,0.00
2492.00,180.000,180.000,170.000,175.000,180.146,179.935,170.077,173.782,180.124,179.925,170.083,173.950,186.487,182.754,188.252,346.457,0.1063,0.0471,0.1298,0.6365,0.00,0.00,0.00,0.00
2493.00,180.000,180.000,170.000,175.000,180.145,179.934,170.077,173.790,180.124,179.925,170.082,173.956,186.543,182.773,188.231,346.216,0.1036,0.0464,0.1303,0.6514,0.00,0.00,0.00,0.00
2494.00,180.000,180.000,170.000,175.000,180.144,179.934,170.077,173.798,180.123,179.925,170.081,173.963,186.595,182.790,188.212,346.009,0.1011,0.0456,0.1308,0.6657,0.00,0.00,0.00,0.00
2495.00,180.000,180.000,170.000,175.000,180.143,179.933,170.077,173.807,180.122,179.925,170.081,173.969,186.643,182.805,188.193,345.833,0.0987,0.0449,0.1312,0.6793,0.00,0.00,0.00,0.00
2496.00,180.000,180.000,170.000,175.000,180.142,179.933,170.078,173.815,180.122,179.925,170.080,173.976,186.688,182.821,188.174,345.686,0.0964,0.0443,0.1316,0.6924,0.00,0.00,0.00,0.00
2497.00,180.000,180.000,170.000,175.000,180.141,179.933,170.078,173.823,180.122,179.925,170.079,173.982,186.730,182.835,188.155,345.568,0.0943,0.0437,0.1320,0.7049,0.00,0.00,0.00,0.00
2498.00,180.000,180.000,170.000,175.000,180.140,179.932,170.078,173.830,180.121,179.926,170.079,173.989,186.770,182.848,188.139,345.475,0.0923,0.0431,0.1324,0.7169,0.00,0.00,0.00,0.00
2499.00,180.000,180.000,170.000,175.000,180.139,179.932,170.078,173.838,180.121,179.926,170.078,173.996,186.806,182.861,188.123,345.409,0.0904,0.0425,0.1328,0.7283,0.00,0.00,0.00,0.00
2500.00,180.000,180.000,170.000,175.000,180.138,179.932,170.078,173.846,180.121,179.926,170.077,174.003,186.840,182.874,188.107,345.366,0.0886,0.0420,0.1331,0.7393,0.00,0.00,0.00,0.00
2501.00,180.000,180.000,170.000,175.000,180.137,179.931,170.078,173.854,180.121,179.926,170.076,174.010,186.871,182.884,188.091,345.164,0.0869,0.0415,0.1334,0.5780,0.00,0.00,0.00,0.00
2502.00,180.000,180.000,170.000,175.000,180.137,179.931,170.078,173.861,180.121,179.927,170.076,174.016,186.901,182.894,188.075,344.814,0.0854,0.0410,0.1337,0.5942,0.00,0.00,0.00,0.00
2503.00,180.000,180.000,170.000,175.000,180.136,179.931,170.078,173.869,180.121,179.927,170.075,174.023,186.928,182.904,188.060,344.501,0.0839,0.0406,0.1340,0.6096,0.00,0.00,0.00,0.00
2504.00,180.000,180.000,170.000,175.000,180.135,179.931,170.077,173.877,180.121,179.927,170.074,174.029,186.952,182.914,188.046,344.222,0.0825,0.0402,0.1342,0.6244,0.00,0.00,0.00,0.00
2505.00,180.000,180.000,170.000,175.000,180.134,179.931,170.077,173.884,180.121,179.928,170.073,174.036,186.975,182.922,188.033,343.976,0.0812,0.0398,0.1345,0.6385,0.00,0.00,0.00,0.00
2506.00,180.000,180.000,170.000,175.000,180.134,179.930,170.077,173.892,180.122,179.928,170.072,174.042,186.997,182.930,188.020,343.760,0.0800,0.0394,0.1347,0.6520,0.00,0.00,0.00,0.00
2507.00,180.000,180.000,170.000,175.000,180.133,179.930,170.077,173.899,180.122,179.929,170.071,174.048,187.016,182.937,188.007,343.576,0.0788,0.0390,0.1349,0.6649,0.00,0.00,0.00,0.00
2508.00,180.000,180.000,170.000,175.000,180.133,179.930,170.077,173.906,180.122,179.929,170.070,174.054,187.035,182.944,187.995,343.418,0.0777,0.0387,0.1351,0.6773,0.00,0.00,0.00,0.00
2509.00,180.000,180.000,170.000,175.000,180.132,179.930,170.076,173.914,180.123,179.930,170.069,174.060,187.051,182.951,187.982,343.286,0.0767,0.0384,0.1353,0.6891,0.00,0.00,0.00,0.00
2510.00,180.000,180.000,170.000,175.000,180.132,179.930,170.076,173.921,180.123,179.930,170.069,174.066,187.067,182.958,187.970,343.181,0.0757,0.0381,0.1355,0.7004,0.00,0.00,0.00,0.00
2511.00,180.000,180.000,170.000,175.000,180.131,179.930,170.076,173.928,180.124,179.930,170.068,174.072,187.081,182.964,187.957,343.100,0.0748,0.0378,0.1357,0.7113,0.00,0.00,0.00,0.00
2512.00,180.000,180.000,170.000,175.000,180.131,179.930,170.075,173.935,180.124,179.931,170.067,174.079,187.094,182.968,187.945,343.043,0.0739,0.0375,0.1358,0.7216,0.00,0.00,0.00,0.00
2513.00,180.000,180.000,170.000,175.000,180.131,179.930,170.075,173.942,180.125,179.931,170.066,174.085,187.105,182.973,187.933,343.007,0.0731,0.0372,0.1360,0.7316,0.00,0.00,0.00,0.00
2514.00,180.000,180.000,170.000,175.000,180.130,179.930,170.074,173.949,180.125,179.932,170.065,174.092,187.116,182.977,187.923,342.990,0.0723,0.0370,0.1361,0.7411,0.00,0.00,0.00,0.00
2515.00,180.000,180.000,170.000,175.000,180.130,179.930,170.074,173.956,180.126,179.932,170.063,174.098,187.125,182.982,187.913,342.635,0.0716,0.0368,0.1363,0.5815,0.00,0.00,0.00,0.00
2516.00,180.000,180.000,170.000,175.000,180.130,179.930,170.073,173.963,180.126,179.933,170.062,174.105,187.134,182.986,187.904,342.312,0.0709,0.0365,0.1364,0.5962,0.00,0.00,0.00,0.00
2517.00,180.000,180.000,170.000,175.000,180.130,179.931,170.073,173.970,180.127,179.933,170.061,174.111,187.142,182.991,187.894,342.023,0.0703,0.0363,0.1365,0.6102,0.00,0.00,0.00,0.00
2518.00,180.000,180.000,170.000,175.000,180.130,179.931,170.072,173.977,180.128,179.934,170.060,174.117,187.149,182.995,187.885,341.767,0.0697,0.0361,0.1366,0.6236,0.00,0.00,0.00,0.00
2519.00,180.000,180.000,170.000,175.000,180.129,179.931,170.072,173.984,180.128,179.934,170.059,174.123,187.155,182.999,187.876,341.539,0.0691,0.0360,0.1367,0.6365,0.00,0.00,0.00,0.00
2520.00,180.000,180.000,170.000,175.000,180.129,179.931,170.071,173.991,180.129,179.935,170.058,174.129,187.160,183.001,187.867,341.341,0.0685,0.0358,0.1368,0.6487,0.00,0.00,0.00,0.00
2521.00,180.000,180.000,170.000,175.000,180.129,179.931,170.070,173.998,180.130,179.935,170.057,174.134,187.166,183.003,187.857,341.170,0.0680,0.0356,0.1369,0.6605,0.00,0.00,0.00,0.00
2522.00,180.000,180.000,170.000,175.000,180.129,179.931,170.070,174.004,180.131,179.936,170.056,174.140,187.169,183.004,187.848,341.024,0.0675,0.0355,0.1370,0.6717,0.00,0.00,0.00,0.00
2523.00,180.000,180.000,170.000,175.000,180.130,179.932,170.069,174.011,180.132,179.936,170.055,174.146,187.172,183.006,187.839,340.902,0.0671,0.0353,0.1371,0.6824,0.00,0.00,0.00,0.00
2524.00,180.000,180.000,170.000,175.000,180.130,179.932,170.068,174.018,180.132,179.937,170.054,174.152,187.175,183.008,187.830,340.804,0.0666,0.0352,0.1371,0.6927,0.00,0.00,0.00,0.00
2525.00,180.000,180.000,170.000,175.000,180.130,179.932,170.068,174.024,180.133,179.937,170.052,174.158,187.178,183.010,187.821,340.727,0.0662,0.0350,0.1372,0.7026,0.00,0.00,0.00,0.00
2526.00,180.000,180.000,170.000,175.000,180.130,179.932,170.067,174.031,180.134,179.938,170.051,174.164,187.181,183.011,187.812,340.671,0.0658,0.0349,0.1373,0.7120,0.00,0.00,0.00,0.00
2527.00,180.000,180.000,170.000,175.000,180.130,179.933,170.066,174.038,180.135,179.938,170.050,174.170,187.182,183.013,187.803,340.633,0.0654,0.0348,0.1373,0.7210,0.00,0.00,0.00,0.00
2528.00,180.000,180.000,170.000,175.000,180.130,179.933,170.065,174.044,180.136,179.939,170.049,174.176,187.183,183.015,187.795,340.617,0.0651,0.0347,0.1374,0.7297,0.00,0.00,0.00,0.00
2529.00,180.000,180.000,170.000,175.000,180.131,179.933,170.064,174.051,180.137,179.940,170.048,174.182,187.183,183.016,187.786,340.434,0.0648,0.0346,0.1374,0.5646,0.00,0.00,0.00,0.00
2530.00,180.000,180.000,170.000,175.000,180.131,179.934,170.064,174.057,180.138,179.940,170.047,174.189,187.184,183.018,187.777,340.096,0.0644,0.0345,0.1375,0.5787,0.00,0.00,0.00,0.00
2531.00,180.000,180.000,170.000,175.000,180.131,179.934,170.063,174.064,180.138,179.941,170.045,174.194,187.184,183.020,187.769,339.790,0.0641,0.0344,0.1375,0.5922,0.00,0.00,0.00,0.00
2532.00,180.000,180.000,170.000,175.000,180.132,179.934,170.062,174.070,180.139,179.941,170.044,174.200,187.184,183.021,187.760,339.515,0.0639,0.0343,0.1375,0.6051,0.00,0.00,0.00,0.00
2533.00,180.000,180.000,170.000,175.000,180.132,179.935,170.061,174.076,180.140,179.942,170.043,174.206,187.182,183.023,187.752,339.269,0.0636,0.0342,0.1376,0.6174,0.00,0.00,0.00,0.00
2534.00,180.000,180.000,170.000,175.000,180.132,179.935,170.060,174.083,180.141,179.942,170.042,174.211,187.180,183.025,187.743,339.050,0.0633,0.0341,0.1376,0.6292,0.00,0.00,0.00,0.00
2535.00,180.000,180.000,170.000,175.000,180.133,179.935,170.059,174.089,180.142,179.943,170.040,174.217,187.179,183.026,187.735,338.858,0.0631,0.0340,0.1376,0.6404,0.00,0.00,0.00,0.00
2536.00,180.000,180.000,170.000,175.000,180.133,179.936,170.058,174.095,180.143,179.943,170.039,174.222,187.177,183.028,187.727,338.688,0.0629,0.0340,0.1376,0.6512,0.00,0.00,0.00,0.00
2537.00,180.000,180.000,170.000,175.000,180.134,179.936,170.057,174.102,180.144,179.944,170.038,174.227,187.175,183.027,187.718,338.543,0.0626,0.0339,0.1377,0.6615,0.00,0.00,0.00,0.00
2538.00,180.000,180.000,170.000,175.000,180.134,179.936,170.056,174.108,180.145,179.944,170.037,174.233,187.174,183.026,187.710,338.421,0.0624,0.0338,0.1377,0.6714,0.00,0.00,0.00,0.00
2539.00,180.000,180.000,170.000,175.000,180.135,179.937,170.055,174.114,180.146,179.945,170.035,174.238,187.172,183.025,187.702,338.320,0.0622,0.0338,0.1377,0.6808,0.00,0.00,0.00,0.00
2540.00,180.000,180.000,170.000,175.000,180.135,179.937,170.054,174.120,180.147,179.946,170.034,174.244,187.171,183.024,187.694,338.239,0.0620,0.0337,0.1377,0.6898,0.00,0.00,0.00,0.00
2541.00,180.000,180.000,170.000,175.000,180.136,179.938,170.053,174.126,180.148,179.946,170.033,174.249,187.168,183.023,187.686,338.178,0.0618,0.0337,0.1377,0.6985,0.00,0.00,0.00,0.00
2542.00,180.000,180.000,170.000,175.000,180.137,179.938,170.052,174.132,180.149,179.947,170.031,174.255,187.164,183.022,187.678,338.134,0.0617,0.0336,0.1377,0.7068,0.00,0.00,0.00,0.00
2543.00,180.000,180.000,170.000,175.000,180.137,179.938,170.051,174.138,180.150,179.947,170.030,174.261,187.160,183.022,187.670,338.107,0.0615,0.0336,0.1377,0.7147,0.00,0.00,0.00,0.00
2544.00,180.000,180.000,170.000,175.000,180.138,179.939,170.050,174.144,180.151,179.948,170.029,174.267,187.156,183.021,187.662,338.097,0.0613,0.0335,0.1377,0.7223,0.00,0.00,0.00,0.00
2545.00,180.000,180.000,170.000,175.000,180.139,179.939,170.049,174.150,180.152,179.948,170.027,174.273,187.152,183.020,187.745,337.920,0.0612,0.0335,0.2076,0.5563,0.00,0.00,0.00,0.00
2546.00,180.000,180.000,170.000,175.000,180.139,179.940,170.048,174.156,180.153,179.949,170.026,174.279,187.148,183.019,187.822,337.588,0.0610,0.0334,0.2048,0.5694,0.00,0.00,0.00,0.00
2547.00,180.000,180.000,170.000,175.000,180.140,179.940,170.047,174.162,180.154,179.949,170.025,174.284,187.145,183.018,187.896,337.284,0.0609,0.0334,0.2022,0.5820,0.00,0.00,0.00,0.00
2548.00,180.000,180.000,170.000,175.000,180.141,179.941,170.046,174.168,180.155,179.950,170.025,174.290,187.141,183.017,187.966,337.007,0.0607,0.0333,0.1998,0.5940,0.00,0.00,0.00,0.00
2549.00,180.000,180.000,170.000,175.000,180.141,179.941,170.045,174.174,180.156,179.950,170.024,174.295,187.137,183.017,188.034,336.758,0.0606,0.0333,0.1974,0.6055,0.00,0.00,0.00,0.00
2550.00,180.000,180.000,170.000,175.000,180.142,179.942,170.044,174.180,180.157,179.951,170.023,174.300,187.134,183.016,188.098,336.537,0.0605,0.0333,0.1952,0.6164,0.00,0.00,0.00,0.00
2551.00,180.000,180.000,170.000,175.000,180.143,179.942,170.043,174.186,180.158,179.951,170.023,174.305,187.130,183.015,188.157,336.338,0.0603,0.0332,0.1931,0.6269,0.00,0.00,0.00,0.00
2552.00,180.000,180.000,170.000,175.000,180.144,179.942,170.042,174.192,180.159,179.952,170.023,174.310,187.127,183.014,188.214,336.165,0.0602,0.0332,0.1911,0.6370,0.00,0.00,0.00,0.00
2553.00,180.000,180.000,170.000,175.000,180.144,179.943,170.041,174.198,180.160,179.952,170.022,174.315,187.123,183.013,188.268,336.013,0.0601,0.0332,0.1892,0.6465,0.00,0.00,0.00,0.00
2554.00,180.000,180.000,170.000,175.000,180.145,179.943,170.040,174.204,180.161,179.953,170.022,174.320,187.120,183.013,188.321,335.882,0.0600,0.0332,0.1874,0.6557,0.00,0.00,0.00,0.00
2555.00,180.000,180.000,170.000,175.000,180.146,179.944,170.039,174.209,180.162,179.953,170.022,174.325,187.114,183.012,188.370,335.771,0.0599,0.0331,0.1857,0.6645,0.00,0.00,0.00,0.00
2556.00,180.000,180.000,170.000,175.000,180.147,179.944,170.038,174.215,180.163,179.954,170.022,174.330,187.108,183.011,188.417,335.678,0.0598,0.0331,0.1840,0.6729,0.00,0.00,0.00,0.00
2557.00,180.000,180.000,170.000,175.000,180.148,179.945,170.038,174.221,180.165,179.954,170.023,174.335,187.103,183.010,188.461,335.602,0.0597,0.0331,0.1825,0.6809,0.00,0.00,0.00,0.00
2558.00,180.000,180.000,170.000,175.000,180.148,179.945,170.037,174.226,180.166,179.955,170.023,174.340,187.097,183.010,188.503,335.544,0.0596,0.0331,0.1810,0.6886,0.00,0.00,0.00,0.00
2559.00,180.000,180.000,170.000,175.000,180.149,179.946,170.036,174.232,180.167,179.955,170.023,174.345,187.091,183.009,188.544,335.503,0.0595,0.0330,0.1796,0.6960,0.00,0.00,0.00,0.00
2560.00,180.000,180.000,170.000,175.000,180.150,179.946,170.036,174.238,180.168,179.956,170.023,174.351,187.086,183.008,188.582,335.479,0.0000,0.0330,0.1783,0.7031,0.00,0.00,0.00,0.00
2561.00,180.000,180.000,170.000,175.000,180.151,179.947,170.035,174.243,180.169,179.956,170.024,174.356,187.006,183.007,188.618,335.468,0.0000,0.0330,0.1770,0.7099,0.00,0.00,0.00,0.00
2562.00,180.000,180.000,170.000,175.000,180.152,179.947,170.034,174.249,180.169,179.957,170.024,174.362,186.926,183.007,188.653,335.472,0.0000,0.0330,0.1758,0.7164,0.00,0.00,0.00,0.00
2563.00,180.000,180.000,170.000,175.000,180.153,179.948,170.034,174.254,180.170,179.957,170.025,174.368,186.847,183.006,188.686,335.128,0.0000,0.0330,0.1747,0.5538,0.00,0.00,0.00,0.00
2564.00,180.000,180.000,170.000,175.000,180.154,179.948,170.033,174.260,180.171,179.958,170.026,174.373,186.769,183.005,188.718,334.813,0.0007,0.0330,0.1736,0.5658,0.00,0.00,0.00,0.00
2565.00,180.000,180.000,170.000,175.000,180.154,179.949,170.033,174.266,180.171,179.958,170.026,174.378,186.695,183.004,188.747,334.525,0.0032,0.0329,0.1726,0.5771,0.00,0.00,0.00,0.00
2566.00,180.000,180.000,170.000,175.000,180.155,179.949,170.033,174.271,180.171,179.959,170.027,174.383,186.624,183.004,188.776,334.263,0.0056,0.0329,0.1716,0.5880,0.00,0.00,0.00,0.00
2567.00,180.000,180.000,170.000,175.000,180.156,179.950,170.033,174.277,180.172,179.959,170.028,174.388,186.556,183.003,188.802,334.027,0.0078,0.0329,0.1707,0.5984,0.00,0.00,0.00,0.00
2568.00,180.000,180.000,170.000,175.000,180.157,179.950,170.032,174.282,180.172,179.960,170.029,174.393,186.491,183.002,188.829,333.814,0.0099,0.0000,0.1698,0.6083,0.00,0.00,0.00,0.00
2569.00,180.000,180.000,170.000,175.000,180.158,179.951,170.032,174.288,180.172,179.960,170.030,174.397,186.430,182.959,188.852,333.621,0.0118,0.0000,0.1690,0.6178,0.00,0.00,0.00,0.00
2570.00,180.000,180.000,170.000,175.000,180.158,179.951,170.032,174.293,180.171,179.960,170.031,174.402,186.371,182.917,188.876,333.451,0.0136,0.0000,0.1682,0.6268,0.00,0.00,0.00,0.00
2571.00,180.000,180.000,170.000,175.000,180.159,179.951,170.032,174.298,180.171,179.961,170.032,174.406,186.314,182.874,188.898,333.299,0.0153,0.0000,0.1674,0.6355,0.00,0.00,0.00,0.00
2572.00,180.000,180.000,170.000,175.000,180.159,179.952,170.032,174.304,180.171,179.961,170.033,174.411,186.261,182.832,188.918,333.169,0.0169,0.0000,0.1667,0.6438,0.00,0.00,0.00,0.00
2573.00,180.000,180.000,170.000,175.000,180.160,179.952,170.032,174.309,180.171,179.961,170.034,174.415,186.210,182.791,188.939,333.058,0.0184,0.0000,0.1660,0.6517,0.00,0.00,0.00,0.00
2574.00,180.000,180.000,170.000,175.000,180.161,179.953,170.032,174.314,180.170,179.961,170.035,174.420,186.161,182.749,188.956,332.964,0.0198,0.0000,0.1654,0.6593,0.00,0.00,0.00,0.00
2575.00,180.000,180.000,170.000,175.000,180.161,179.953,170.032,174.319,180.170,179.961,170.036,174.424,186.114,182.708,188.974,332.883,0.0211,0.0000,0.1648,0.6666,0.00,0.00,0.00,0.00
2576.00,180.000,180.000,170.000,175.000,180.161,179.954,170.033,174.324,180.169,179.961,170.037,174.429,186.069,182.667,188.992,332.820,0.0223,0.0000,0.1642,0.6736,0.00,0.00,0.00,0.00
2577.00,180.000,180.000,170.000,175.000,180.162,179.954,170.033,174.330,180.168,179.961,170.039,174.434,186.026,182.627,189.008,332.770,0.0234,0.0000,0.1636,0.6802,0.00,0.00,0.00,0.00
2578.00,180.000,180.000,170.000,175.000,180.162,179.954,170.033,174.335,180.168,179.960,170.040,174.439,185.984,182.587,189.023,332.736,0.0245,0.0000,0.1631,0.6866,0.00,0.00,0.00,0.00
2579.00,180.000,180.000,170.000,175.000,180.162,179.955,170.033,174.340,180.167,179.960,170.041,174.444,185.944,182.547,189.038,332.714,0.0255,0.0000,0.1626,0.6927,0.00,0.00,0.00,0.00
2580.00,180.000,180.000,170.000,175.000,180.163,179.955,170.034,174.345,180.166,179.960,170.042,174.449,185.905,182.507,189.052,332.705,0.0264,0.0000,0.1621,0.6986,0.00,0.00,0.00,0.00
2581.00,180.000,180.000,170.000,175.000,180.163,179.955,170.034,174.350,180.165,179.959,170.044,174.454,185.868,182.468,189.066,332.526,0.0273,0.0003,0.1617,0.5308,0.00,0.00,0.00,0.00
2582.00,180.000,180.000,170.000,175.000,180.163,179.955,170.035,174.355,180.164,179.958,170.045,174.459,185.832,182.431,189.078,332.184,0.0281,0.0016,0.1613,0.5424,0.00,0.00,0.00,0.00
2583.00,180.000,180.000,170.000,175.000,180.163,179.955,170.035,174.360,180.163,179.958,170.046,174.464,185.799,182.396,189.090,331.870,0.0288,0.0029,0.1609,0.5534,0.00,0.00,0.00,0.00
2584.00,180.000,180.000,170.000,175.000,180.163,179.955,170.036,174.366,180.162,179.957,170.048,174.468,185.765,182.362,189.102,331.582,0.0295,0.0041,0.1605,0.5639,0.00,0.00,0.00,0.00
2585.00,180.000,180.000,170.000,175.000,180.163,179.956,170.036,174.371,180.161,179.956,170.049,174.473,185.732,182.331,189.113,331.318,0.0301,0.0052,0.1601,0.5740,0.00,0.00,0.00,0.00
2586.00,180.000,180.000,170.000,175.000,180.163,179.956,170.037,174.376,180.160,179.956,170.051,174.477,185.702,182.301,189.124,331.076,0.0307,0.0063,0.1598,0.5836,0.00,0.00,0.00,0.00
2587.00,180.000,180.000,170.000,175.000,180.162,179.956,170.038,174.381,180.158,179.955,170.052,174.481,185.672,182.273,189.133,330.858,0.0313,0.0073,0.1594,0.5928,0.00,0.00,0.00,0.00
2588.00,180.000,180.000,170.000,175.000,180.162,179.956,170.038,174.386,180.157,179.954,170.054,174.485,185.642,182.245,189.142,330.658,0.0318,0.0082,0.1591,0.6016,0.00,0.00,0.00,0.00
2589.00,180.000,180.000,170.000,175.000,180.162,179.955,170.039,174.390,180.156,179.953,170.055,174.488,185.614,182.220,189.151,330.482,0.0323,0.0092,0.1588,0.6099,0.00,0.00,0.00,0.00
2590.00,180.000,180.000,170.000,175.000,180.162,179.955,170.040,174.395,180.155,179.952,170.057,174.492,185.587,182.195,189.160,330.323,0.0327,0.0100,0.1585,0.6180,0.00,0.00,0.00,0.00
2591.00,180.000,180.000,170.000,175.000,180.161,179.955,170.041,174.400,180.153,179.951,170.058,174.496,185.560,182.173,189.169,330.183,0.0332,0.0108,0.1583,0.6256,0.00,0.00,0.00,0.00
2592.00,180.000,180.000,170.000,175.000,180.161,179.955,170.042,174.405,180.152,179.950,170.060,174.500,185.534,182.151,189.178,330.056,0.0335,0.0116,0.1580,0.6329,0.00,0.00,0.00,0.00
2593.00,180.000,180.000,170.000,175.000,180.160,179.955,170.043,174.409,180.150,179.949,170.061,174.504,185.508,182.129,189.185,329.947,0.0339,0.0123,0.1578,0.6400,0.00,0.00,0.00,0.00
2594.00,180.000,180.000,170.000,175.000,180.160,179.954,170.044,174.414,180.149,179.948,170.063,174.507,185.483,182.109,189.191,329.854,0.0342,0.0130,0.1575,0.6467,0.00,0.00,0.00,0.00
2595.00,180.000,180.000,170.000,175.000,180.159,179.954,170.045,174.419,180.147,179.946,170.065,174.511,185.459,182.090,189.197,329.774,0.0345,0.0137,0.1573,0.6531,0.00,0.00,0.00,0.00
2596.00,180.000,180.000,170.000,175.000,180.159,179.954,170.046,174.423,180.146,179.945,170.066,174.515,185.436,182.072,189.203,329.710,0.0348,0.0143,0.1571,0.6592,0.00,0.00,0.00,0.00
2597.00,180.000,180.000,170.000,175.000,180.158,179.953,170.047,174.428,180.144,179.944,170.068,174.519,185.413,182.056,189.210,329.659,0.0350,0.0149,0.1569,0.6651,0.00,0.00,0.00,0.00
2598.00,180.000,180.000,170.000,175.000,180.157,179.953,170.048,174.432,180.143,179.943,170.069,174.524,185.390,182.039,189.216,329.619,0.0352,0.0154,0.1567,0.6708,0.00,0.00,0.00,0.00
2599.00,180.000,180.000,170.000,175.000,180.157,179.952,170.049,174.437,180.141,179.941,170.071,174.528,185.367,182.023,189.222,329.591,0.0355,0.0160,0.1566,0.6762,0.00,0.00,0.00,0.00
2600.00,180.000,180.000,170.000,175.000,180.156,179.952,170.050,174.441,180.140,179.940,170.073,174.532,185.345,182.008,189.228,329.575,0.0356,0.0165,0.1564,0.6813,0.00,0.00,0.00,0.00
2601.00,180.000,180.000,170.000,175.000,180.155,179.951,170.051,174.446,180.138,179.939,170.074,174.537,185.322,181.995,189.144,329.569,0.0358,0.0169,0.0864,0.6863,0.00,0.00,0.00,0.00
2602.00,180.000,180.000,170.000,175.000,180.154,179.950,170.052,174.450,180.136,179.937,170.076,174.541,185.300,181.981,189.063,329.389,0.0360,0.0174,0.0890,0.5177,0.00,0.00,0.00,0.00
2603.00,180.000,180.000,170.000,175.000,180.153,179.950,170.053,174.455,180.135,179.936,170.077,174.546,185.279,181.968,188.987,329.048,0.0361,0.0765,0.0914,0.5284,0.00,0.00,0.00,0.00
2604.00,180.000,180.000,170.000,175.000,180.152,179.949,170.054,174.459,180.133,179.935,170.078,174.550,185.259,182.028,188.914,328.733,0.0362,0.0742,0.0937,0.5386,0.00,0.00,0.00,0.00
2605.00,180.000,180.000,170.000,175.000,180.151,179.948,170.056,174.464,180.131,179.934,170.079,174.554,185.240,182.085,188.845,328.442,0.0363,0.0720,0.0959,0.5484,0.00,0.00,0.00,0.00
2606.00,180.000,180.000,170.000,175.000,180.150,179.948,170.057,174.468,180.129,179.933,170.080,174.557,185.221,182.138,188.779,328.172,0.0364,0.0699,0.0980,0.5577,0.00,0.00,0.00,0.00
2607.00,180.000,180.000,170.000,175.000,180.149,179.947,170.058,174.473,180.128,179.932,170.081,174.561,185.247,182.188,188.716,327.925,0.1068,0.0679,0.1000,0.5666,0.00,0.00,0.00,0.00
2608.00,180.000,180.000,170.000,175.000,180.148,179.946,170.059,174.477,180.126,179.931,170.081,174.564,185.313,182.235,188.656,327.698,0.1036,0.0660,0.1019,0.5751,0.00,0.00,0.00,0.00
2609.00,180.000,180.000,170.000,175.000,180.147,179.945,170.060,174.481,180.124,179.930,170.082,174.567,185.374,182.280,188.600,327.489,0.1006,0.0642,0.1037,0.5832,0.00,0.00,0.00,0.00
2610.00,180.000,180.000,170.000,175.000,180.146,179.945,170.061,174.485,180.123,179.929,170.082,174.570,185.432,182.322,188.545,327.299,0.0978,0.0625,0.1054,0.5910,0.00,0.00,0.00,0.00
2611.00,180.000,180.000,170.000,175.000,180.145,179.944,170.062,174.490,180.122,179.928,170.083,174.573,185.486,182.362,188.492,327.127,0.0952,0.0609,0.1070,0.5984,0.00,0.00,0.00,0.00
2612.00,180.000,180.000,170.000,175.000,180.144,179.943,170.063,174.494,180.121,179.928,170.083,174.576,185.536,182.401,188.442,326.973,0.0927,0.0594,0.1085,0.6055,0.00,0.00,0.00,0.00
2613.00,180.000,180.000,170.000,175.000,180.143,179.942,170.064,174.498,180.120,179.927,170.083,174.579,185.583,182.436,188.394,326.834,0.0904,0.0580,0.1100,0.6123,0.00,0.00,0.00,0.00
2614.00,180.000,180.000,170.000,175.000,180.141,179.942,170.065,174.502,180.119,179.927,170.083,174.582,185.627,182.469,188.349,326.710,0.0882,0.0566,0.1113,0.6188,0.00,0.00,0.00,0.00
2615.00,180.000,180.000,170.000,175.000,180.140,179.941,170.066,174.506,180.118,179.926,170.083,174.585,185.669,182.501,188.306,326.600,0.0861,0.0554,0.1126,0.6249,0.00,0.00,0.00,0.00
2616.00,180.000,180.000,170.000,175.000,180.139,179.940,170.067,174.510,180.117,179.926,170.083,174.589,185.707,182.531,188.264,326.503,0.0842,0.0542,0.1139,0.6309,0.00,0.00,0.00,0.00
2617.00,180.000,180.000,170.000,175.000,180.138,179.939,170.068,174.514,180.116,179.926,170.083,174.592,185.743,182.559,188.224,326.420,0.0823,0.0530,0.1151,0.6365,0.00,0.00,0.00,0.00
2618.00,180.000,180.000,170.000,175.000,180.137,179.939,170.068,174.517,180.116,179.926,170.083,174.595,185.776,182.586,188.185,326.350,0.0806,0.0519,0.1162,0.6420,0.00,0.00,0.00,0.00
2619.00,180.000,180.000,170.000,175.000,180.136,179.938,170.069,174.521,180.115,179.925,170.083,174.598,185.806,182.611,188.149,326.291,0.0790,0.0509,0.1172,0.6472,0.00,0.00,0.00,0.00
2620.00,180.000,180.000,170.000,175.000,180.135,179.938,170.070,174.525,180.114,179.925,170.082,174.601,185.835,182.635,188.113,326.243,0.0775,0.0499,0.1182,0.6521,0.00,0.00,0.00,0.00
2621.00,180.000,180.000,170.000,175.000,180.134,179.937,170.070,174.529,180.114,179.925,170.082,174.605,185.862,182.656,188.080,326.207,0.0760,0.0490,0.1192,0.6569,0.00,0.00,0.00,0.00
2622.00,180.000,180.000,170.000,175.000,180.133,179.936,170.071,174.533,180.114,179.925,170.082,174.608,185.885,182.678,188.047,326.181,0.0747,0.0481,0.1201,0.6615,0.00,0.00,0.00,0.00
2623.00,180.000,180.000,170.000,175.000,180.132,179.936,170.071,174.536,180.113,179.925,170.081,174.612,185.907,182.698,188.017,326.163,0.0734,0.0473,0.1209,0.6658,0.00,0.00,0.00,0.00
2624.00,180.000,180.000,170.000,175.000,180.131,179.935,170.072,174.540,180.113,179.925,170.081,174.616,185.928,182.716,187.988,326.154,0.0722,0.0465,0.1217,0.6700,0.00,0.00,0.00,0.00
2625.00,180.000,180.000,170.000,175.000,180.130,179.935,170.072,174.544,180.113,179.925,170.080,174.620,185.947,182.735,187.959,326.154,0.0710,0.0458,0.1225,0.6740,0.00,0.00,0.00,0.00
2626.00,180.000,180.000,170.000,175.000,180.129,179.934,170.073,174.548,180.113,179.925,170.079,174.624,185.965,182.751,187.932,326.162,0.0700,0.0451,0.1232,0.6779,0.00,0.00,0.00,0.00
2627.00,180.000,180.000,170.000,175.000,180.129,179.934,170.073,174.551,180.112,179.925,170.079,174.628,185.981,182.766,187.906,325.996,0.0690,0.0444,0.1239,0.5098,0.00,0.00,0.00,0.00
2628.00,180.000,180.000,170.000,175.000,180.128,179.933,170.073,174.555,180.112,179.925,170.078,174.632,185.996,182.782,187.881,325.668,0.0680,0.0438,0.1245,0.5194,0.00,0.00,0.00,0.00
2629.00,180.000,180.000,170.000,175.000,180.127,179.933,170.074,174.559,180.112,179.925,170.077,174.636,186.009,182.795,187.857,325.363,0.0671,0.0432,0.1251,0.5286,0.00,0.00,0.00,0.00
2630.00,180.000,180.000,170.000,175.000,180.126,179.933,170.074,174.563,180.112,179.926,170.077,174.639,186.021,182.808,187.833,325.079,0.0663,0.0426,0.1257,0.5373,0.00,0.00,0.00,0.00
2631.00,180.000,180.000,170.000,175.000,180.126,179.932,170.074,174.566,180.112,179.926,170.076,174.642,186.033,182.821,187.811,324.814,0.0655,0.0421,0.1263,0.5457,0.00,0.00,0.00,0.00
2632.00,180.000,180.000,170.000,175.000,180.125,179.932,170.074,174.570,180.112,179.926,170.075,174.645,186.043,182.832,187.790,324.568,0.0647,0.0416,0.1268,0.5537,0.00,0.00,0.00,0.00
2633.00,180.000,180.000,170.000,175.000,180.124,179.932,170.074,174.574,180.112,179.926,170.074,174.648,186.053,182.842,187.769,324.342,0.0640,0.0411,0.1273,0.5613,0.00,0.00,0.00,0.00
2634.00,180.000,180.000,170.000,175.000,180.124,179.931,170.074,174.578,180.112,179.927,170.073,174.651,186.061,182.852,187.749,324.133,0.0634,0.0407,0.1278,0.5686,0.00,0.00,0.00,0.00
2635.00,180.000,180.000,170.000,175.000,180.123,179.931,170.074,174.581,180.112,179.927,170.072,174.653,186.068,182.862,187.729,323.944,0.0627,0.0402,0.1282,0.5756,0.00,0.00,0.00,0.00
2636.00,180.000,180.000,170.000,175.000,180.123,179.931,170.074,174.585,180.112,179.927,170.071,174.656,186.076,182.872,187.712,323.769,0.0621,0.0398,0.1286,0.5822,0.00,0.00,0.00,0.00
2637.00,180.000,180.000,170.000,175.000,180.122,179.931,170.074,174.588,180.112,179.927,170.070,174.659,186.082,182.879,187.694,323.609,0.0616,0.0395,0.1290,0.5886,0.00,0.00,0.00,0.00
2638.00,180.000,180.000,170.000,175.000,180.122,179.931,170.073,174.592,180.113,179.928,170.069,174.661,186.086,182.887,187.676,323.464,0.0611,0.0391,0.1294,0.5946,0.00,0.00,0.00,0.00
2639.00,180.000,180.000,170.000,175.000,180.121,179.931,170.073,174.595,180.113,179.928,170.068,174.663,186.091,182.894,187.659,323.333,0.0605,0.0387,0.1297,0.6004,0.00,0.00,0.00,0.00
2640.00,180.000,180.000,170.000,175.000,180.121,179.930,170.073,174.598,180.113,179.928,170.067,174.666,186.096,182.901,187.642,323.215,0.0601,0.0384,0.1301,0.6060,0.00,0.00,0.00,0.00
2641.00,180.000,180.000,170.000,175.000,180.120,179.930,170.073,174.602,180.113,179.929,170.066,174.668,186.099,182.908,187.627,323.109,0.0596,0.0381,0.1304,0.6112,0.00,0.00,0.00,0.00
2642.00,180.000,180.000,170.000,175.000,180.120,179.930,170.072,174.605,180.113,179.929,170.065,174.671,186.101,182.914,187.612,323.015,0.0592,0.0378,0.1307,0.6163,0.00,0.00,0.00,0.00
2643.00,180.000,180.000,170.000,175.000,180.120,179.930,170.072,174.608,180.113,179.929,170.064,174.674,186.103,182.919,187.598,322.931,0.0588,0.0376,0.1310,0.6212,0.00,0.00,0.00,0.00
2644.00,180.000,180.000,170.000,175.000,180.119,179.930,170.072,174.612,180.114,179.930,170.062,174.676,186.105,182.923,187.584,322.859,0.0584,0.0373,0.1312,0.6258,0.00,0.00,0.00,0.00
2645.00,180.000,180.000,170.000,175.000,180.119,179.930,170.071,174.615,180.114,179.930,170.061,174.679,186.108,182.928,187.569,322.796,0.0581,0.0370,0.1315,0.6302,0.00,0.00,0.00,0.00
2646.00,180.000,180.000,170.000,175.000,180.119,179.930,170.071,174.618,180.114,179.931,170.060,174.682,186.108,182.932,187.555,322.742,0.0577,0.0368,0.1317,0.6345,0.00,0.00,0.00,0.00
2647.00,180.000,180.000,170.000,175.000,180.119,179.930,170.070,174.621,180.114,179.931,170.059,174.685,186.108,182.937,187.541,322.696,0.0574,0.0366,0.1319,0.6385,0.00,0.00,0.00,0.00
2648.00,180.000,180.000,170.000,175.000,180.118,179.930,170.069,174.624,180.115,179.931,170.057,174.688,186.108,182.941,187.528,322.660,0.0571,0.0364,0.1322,0.6424,0.00,0.00,0.00,0.00
2649.00,180.000,180.000,170.000,175.000,180.118,179.930,170.069,174.627,180.115,179.932,170.056,174.691,186.107,182.946,187.517,322.632,0.0568,0.0362,0.1323,0.6461,0.00,0.00,0.00,0.00
2650.00,180.000,180.000,170.000,175.000,180.118,179.930,170.068,174.630,180.115,179.932,170.055,174.694,186.107,182.950,187.505,322.613,0.0565,0.0360,0.1325,0.6497,0.00,0.00,0.00,0.00
2651.00,180.000,180.000,170.000,175.000,180.118,179.930,170.068,174.634,180.115,179.933,170.054,174.697,186.107,182.952,187.494,322.602,0.0562,0.0358,0.1327,0.6531,0.00,0.00,0.00,0.00
2652.00,180.000,180.000,170.000,175.000,180.118,179.931,170.067,174.637,180.116,179.933,170.052,174.700,186.106,182.954,187.483,322.598,0.0560,0.0357,0.1329,0.6564,0.00,0.00,0.00,0.00
2653.00,180.000,180.000,170.000,175.000,180.118,179.931,170.066,174.640,180.116,179.934,170.051,174.704,186.104,182.955,187.472,322.600,0.0557,0.0355,0.1330,0.6596,0.00,0.00,0.00,0.00
2654.00,180.000,180.000,170.000,175.000,180.118,179.931,170.065,174.643,180.116,179.934,170.050,174.708,186.101,182.957,187.461,322.610,0.0555,0.0353,0.1332,0.6626,0.00,0.00,0.00,0.00
2655.00,180.000,180.000,170.000,175.000,180.118,179.931,170.065,174.646,180.117,179.935,170.048,174.711,186.098,182.959,187.450,322.625,0.0553,0.0352,0.1333,0.6655,0.00,0.00,0.00,0.00
2656.00,180.000,180.000,170.000,175.000,180.118,179.931,170.064,174.649,180.117,179.935,170.047,174.715,186.096,182.961,187.439,322.646,0.0551,0.0351,0.1334,0.6682,0.00,0.00,0.00,0.00
2657.00,180.000,180.000,170.000,175.000,180.118,179.931,170.063,174.653,180.117,179.935,170.045,174.719,186.093,182.963,187.428,322.313,0.0549,0.0349,0.1335,0.5022,0.00,0.00,0.00,0.00
2658.00,180.000,180.000,170.000,175.000,180.118,179.932,170.062,174.656,180.118,179.936,170.044,174.723,186.090,182.964,187.417,322.002,0.0547,0.0348,0.1337,0.5107,0.00,0.00,0.00,0.00
2659.00,180.000,180.000,170.000,175.000,180.118,179.932,170.061,174.659,180.118,179.936,170.043,174.726,186.088,182.966,187.407,321.710,0.0545,0.0347,0.1338,0.5188,0.00,0.00,0.00,0.00
2660.00,180.000,180.000,170.000,175.000,180.118,179.932,170.060,174.663,180.118,179.937,170.041,174.729,186.085,182.968,187.396,321.438,0.0543,0.0346,0.1339,0.5265,0.00,0.00,0.00,0.00
2661.00,180.000,180.000,170.000,175.000,180.118,179.932,170.059,174.666,180.119,179.937,170.040,174.732,186.083,182.969,187.385,321.185,0.0542,0.0345,0.1340,0.5339,0.00,0.00,0.00,0.00
2662.00,180.000,180.000,170.000,175.000,180.118,179.933,170.058,174.669,180.119,179.938,170.038,174.734,186.080,182.971,187.375,320.946,0.0540,0.0344,0.1340,0.5409,0.00,0.00,0.00,0.00
2663.00,180.000,180.000,170.000,175.000,180.118,179.933,170.057,174.672,180.119,179.938,170.037,174.737,186.076,182.973,187.367,320.727,0.0539,0.0343,0.1341,0.5476,0.00,0.00,0.00,0.00
2664.00,180.000,180.000,170.000,175.000,180.118,179.933,170.056,174.675,180.120,179.939,170.035,174.739,186.071,182.975,187.359,320.522,0.0537,0.0342,0.1342,0.5540,0.00,0.00,0.00,0.00
2665.00,180.000,180.000,170.000,175.000,180.118,179.933,170.055,174.679,180.120,179.939,170.034,174.741,186.067,182.976,187.351,320.331,0.0536,0.0341,0.1342,0.5601,0.00,0.00,0.00,0.00
2666.00,180.000,180.000,170.000,175.000,180.118,179.934,170.054,174.682,180.120,179.940,170.032,174.743,186.062,182.978,187.343,320.155,0.0534,0.0341,0.1343,0.5660,0.00,0.00,0.00,0.00
2667.00,180.000,180.000,170.000,175.000,180.118,179.934,170.053,174.685,180.121,179.940,170.031,174.745,186.057,182.980,187.336,319.992,0.0533,0.0340,0.1344,0.5716,0.00,0.00,0.00,0.00
2668.00,180.000,180.000,170.000,175.000,180.118,179.934,170.052,174.688,180.121,179.941,170.029,174.747,186.052,182.979,187.328,319.842,0.0532,0.0339,0.1344,0.5769,0.00,0.00,0.00,0.00
2669.00,180.000,180.000,170.000,175.000,180.118,179.935,170.051,174.691,180.121,179.941,170.028,174.749,186.047,182.978,187.320,319.705,0.0531,0.0338,0.1345,0.5820,0.00,0.00,0.00,0.00
2670.00,180.000,180.000,170.000,175.000,180.119,179.935,170.050,174.694,180.122,179.942,170.026,174.751,186.043,182.977,187.313,319.578,0.0529,0.0338,0.2065,0.5868,0.00,0.00,0.00,0.00
2671.00,180.000,180.000,170.000,175.000,180.119,179.935,170.049,174.696,180.122,179.942,170.025,174.753,186.038,182.976,187.393,319.465,0.0528,0.0337,0.2037,0.5915,0.00,0.00,0.00,0.00
2672.00,180.000,180.000,170.000,175.000,180.119,179.936,170.047,174.699,180.122,179.943,170.024,174.755,186.034,182.975,187.470,319.361,0.0527,0.0337,0.2010,0.5959,0.00,0.00,0.00,0.00
2673.00,180.000,180.000,170.000,175.000,180.119,179.936,170.046,174.702,180.123,179.943,170.022,174.758,186.029,182.975,187.542,319.266,0.0526,0.0336,0.1985,0.6001,0.00,0.00,0.00,0.00
2674.00,180.000,180.000,170.000,175.000,180.119,179.936,170.045,174.705,180.123,179.943,170.021,174.760,186.025,182.974,187.611,319.180,0.0525,0.0336,0.1961,0.6042,0.00,0.00,0.00,0.00
2675.00,180.000,180.000,170.000,175.000,180.119,179.937,170.044,174.707,180.123,179.944,170.021,174.762,186.020,182.973,187.676,319.104,0.0524,0.0335,0.1938,0.6081,0.00,0.00,0.00,0.00
2676.00,180.000,180.000,170.000,175.000,180.120,179.937,170.043,174.710,180.123,179.944,170.020,174.764,186.016,182.972,187.738,319.037,0.0523,0.0335,0.1917,0.6118,0.00,0.00,0.00,0.00
2677.00,180.000,180.000,170.000,175.000,180.120,179.937,170.042,174.713,180.124,179.945,170.019,174.766,186.011,182.971,187.797,318.978,0.0522,0.0334,0.1896,0.6153,0.00,0.00,0.00,0.00
2678.00,180.000,180.000,170.000,175.000,180.120,179.938,170.041,174.715,180.124,179.945,170.019,174.768,186.007,182.971,187.853,318.929,0.0521,0.0334,0.1877,0.6187,0.00,0.00,0.00,0.00
2679.00,180.000,180.000,170.000,175.000,180.120,179.938,170.039,174.718,180.124,179.946,170.018,174.771,186.003,182.970,187.906,318.884,0.0520,0.0334,0.1858,0.6219,0.00,0.00,0.00,0.00
2680.00,180.000,180.000,170.000,175.000,180.120,179.938,170.038,174.721,180.125,179.946,170.018,174.773,185.997,182.969,187.956,318.848,0.0519,0.0333,0.1840,0.6250,0.00,0.00,0.00,0.00
2681.00,180.000,180.000,170.000,175.000,180.121,179.939,170.037,174.723,180.125,179.947,170.018,174.776,185.991,182.968,188.004,318.817,0.0519,0.0333,0.1824,0.6280,0.00,0.00,0.00,0.00
2682.00,180.000,180.000,170.000,175.000,180.121,179.939,170.036,174.726,180.125,179.947,170.017,174.779,185.984,182.967,188.050,318.794,0.0518,0.0333,0.1808,0.6309,0.00,0.00,0.00,0.00
2683.00,180.000,180.000,170.000,175.000,180.121,179.940,170.035,174.728,180.126,179.948,170.017,174.781,185.977,182.967,188.093,318.775,0.0517,0.0332,0.1793,0.6336,0.00,0.00,0.00,0.00
2684.00,180.000,180.000,170.000,175.000,180.121,179.940,170.035,174.731,180.126,179.948,170.017,174.784,185.971,182.966,188.134,318.763,0.0516,0.0332,0.1778,0.6362,0.00,0.00,0.00,0.00
2685.00,180.000,180.000,170.000,175.000,180.121,179.940,170.034,174.734,180.126,179.948,170.017,174.787,185.965,182.965,188.173,318.758,0.0515,0.0332,0.1765,0.6387,0.00,0.00,0.00,0.00
2686.00,180.000,180.000,170.000,175.000,180.122,179.941,170.033,174.736,180.127,179.949,170.018,174.790,185.958,182.965,188.210,318.756,0.0515,0.0331,0.1752,0.6411,0.00,0.00,0.00,0.00
2687.00,180.000,180.000,170.000,175.000,180.122,179.941,170.032,174.739,180.127,179.949,170.018,174.793,185.952,182.964,188.246,318.759,0.0514,0.0331,0.1740,0.6434,0.00,0.00,0.00,0.00
2688.00,180.000,180.000,170.000,175.000,180.122,179.942,170.032,174.742,180.127,179.950,170.018,174.797,185.946,182.963,188.278,318.768,0.0513,0.0331,0.1728,0.6456,0.00,0.00,0.00,0.00
2689.00,180.000,180.000,170.000,175.000,180.122,179.942,170.031,174.744,180.127,179.950,170.018,174.800,185.939,182.962,188.311,318.782,0.0512,0.0331,0.1717,0.6478,0.00,0.00,0.00,0.00
2690.00,180.000,180.000,170.000,175.000,180.123,179.942,170.030,174.747,180.128,179.951,170.019,174.804,185.933,182.962,188.341,318.799,0.0512,0.0330,0.1706,0.6498,0.00,0.00,0.00,0.00
2691.00,180.000,180.000,170.000,175.000,180.123,179.943,170.030,174.750,180.128,179.951,170.019,174.807,185.927,182.961,188.371,318.820,0.0511,0.0330,0.1696,0.6517,0.00,0.00,0.00,0.00
2692.00,180.000,180.000,170.000,175.000,180.123,179.943,170.029,174.753,180.128,179.951,170.020,174.811,185.921,182.960,188.398,318.486,0.0510,0.0330,0.1687,0.4849,0.00,0.00,0.00,0.00
2693.00,180.000,180.000,170.000,175.000,180.123,179.944,170.029,174.756,180.129,179.952,170.020,174.814,185.915,182.960,188.425,318.172,0.0510,0.0330,0.1678,0.4926,0.00,0.00,0.00,0.00
2694.00,180.000,180.000,170.000,175.000,180.124,179.944,170.028,174.758,180.129,179.952,170.021,174.817,185.909,182.959,188.449,317.877,0.0509,0.0330,0.1669,0.5000,0.00,0.00,0.00,0.00
2695.00,180.000,180.000,170.000,175.000,180.124,179.944,170.028,174.761,180.129,179.953,170.022,174.819,185.903,182.958,188.473,317.597,0.0508,0.0330,0.1661,0.5070,0.00,0.00,0.00,0.00
2696.00,180.000,180.000,170.000,175.000,180.124,179.945,170.028,174.764,180.129,179.953,170.022,174.822,185.897,182.958,188.496,317.336,0.0508,0.0329,0.1653,0.5137,0.00,0.00,0.00,0.00
2697.00,180.000,180.000,170.000,175.000,180.124,179.945,170.027,174.767,180.130,179.954,170.023,174.824,185.891,182.957,188.517,317.090,0.0507,0.0329,0.1646,0.5201,0.00,0.00,0.00,0.00
2698.00,180.000,180.000,170.000,175.000,180.125,179.946,170.027,174.770,180.130,179.954,170.024,174.826,185.886,182.956,188.538,316.859,0.0506,0.0329,0.1639,0.5262,0.00,0.00,0.00,0.00
2699.00,180.000,180.000,170.000,175.000,180.125,179.946,170.027,174.773,180.130,179.954,170.025,174.828,185.880,182.956,188.556,316.642,0.0506,0.0329,0.1633,0.5320,0.00,0.00,0.00,0.00
2700.00,180.000,180.000,170.000,175.000,180.125,179.947,170.027,174.775,180.130,179.955,170.026,174.830,185.874,182.955,188.575,316.440,0.0505,0.0329,0.1626,0.5376,0.00,0.00,0.00,0.00
2701.00,180.000,180.000,170.000,175.000,180.125,179.947,170.027,174.778,180.131,179.955,170.026,174.831,185.869,182.954,188.593,316.250,0.0504,0.0329,0.1620,0.5429,0.00,0.00,0.00,0.00
2702.00,180.000,180.000,170.000,175.000,180.126,179.947,170.027,174.781,180.131,179.956,170.027,174.833,185.863,182.954,188.608,316.074,0.0504,0.0329,0.1615,0.5479,0.00,0.00,0.00,0.00
2703.00,180.000,180.000,170.000,175.000,180.126,179.948,170.027,174.783,180.131,179.956,170.028,174.834,185.858,182.953,188.624,315.909,0.0503,0.0329,0.1609,0.5527,0.00,0.00,0.00,0.00
2704.00,180.000,180.000,170.000,175.000,180.126,179.948,170.027,174.786,180.131,179.956,170.029,174.836,185.852,182.952,188.639,315.757,0.0502,0.0329,0.1604,0.5573,0.00,0.00,0.00,0.00
2705.00,180.000,180.000,170.000,175.000,180.126,179.949,170.027,174.788,180.132,179.957,170.030,174.837,185.847,182.952,188.655,315.615,0.0502,0.0328,0.1599,0.5617,0.00,0.00,0.00,0.00
2706.00,180.000,180.000,170.000,175.000,180.127,179.949,170.027,174.791,180.132,179.957,170.031,174.838,185.841,182.951,188.667,315.482,0.0501,0.0328,0.1595,0.5659,0.00,0.00,0.00,0.00
2707.00,180.000,180.000,170.000,175.000,180.127,179.949,170.028,174.793,180.132,179.958,170.032,174.840,185.836,182.951,188.680,315.359,0.0501,0.0328,0.1590,0.5699,0.00,0.00,0.00,0.00
2708.00,180.000,180.000,170.000,175.000,180.127,179.950,170.028,174.795,180.132,179.958,170.034,174.841,185.831,182.950,188.692,315.246,0.0500,0.0328,0.1586,0.5737,0.00,0.00,0.00,0.00
2709.00,180.000,180.000,170.000,175.000,180.127,179.950,170.028,174.797,180.132,179.958,170.035,174.842,185.824,182.928,188.705,315.142,0.0500,0.0000,0.1582,0.5774,0.00,0.00,0.00,0.00
2710.00,180.000,180.000,170.000,175.000,180.128,179.951,170.028,174.800,180.133,179.959,170.036,174.844,185.817,182.886,188.716,315.047,0.0499,0.0000,0.1578,0.5808,0.00,0.00,0.00,0.00
2711.00,180.000,180.000,170.000,175.000,180.128,179.951,170.029,174.802,180.133,179.959,170.037,174.845,185.809,182.843,188.726,314.957,0.0498,0.0000,0.1575,0.5842,0.00,0.00,0.00,0.00
2712.00,180.000,180.000,170.000,175.000,180.128,179.951,170.029,174.804,180.133,179.959,170.038,174.847,185.802,182.801,188.735,314.876,0.0498,0.0000,0.1572,0.5873,0.00,0.00,0.00,0.00
2713.00,180.000,180.000,170.000,175.000,180.128,179.952,170.030,174.806,180.133,179.959,170.039,174.848,185.794,182.759,188.745,314.803,0.0497,0.0000,0.1568,0.5904,0.00,0.00,0.00,0.00
2714.00,180.000,180.000,170.000,175.000,180.129,179.952,170.030,174.808,180.133,179.959,170.041,174.850,185.787,182.718,188.755,314.736,0.0497,0.0000,0.1565,0.5933,0.00,0.00,0.00,0.00
2715.00,180.000,180.000,170.000,175.000,180.129,179.952,170.031,174.810,180.134,179.959,170.042,174.851,185.779,182.677,188.764,314.676,0.0496,0.0000,0.1562,0.5961,0.00,0.00,0.00,0.00
2716.00,180.000,180.000,170.000,175.000,180.129,179.953,170.031,174.812,180.134,179.959,170.043,174.853,185.772,182.636,188.774,314.623,0.0495,0.0000,0.1560,0.5987,0.00,0.00,0.00,0.00
2717.00,180.000,180.000,170.000,175.000,180.129,179.953,170.032,174.814,180.134,179.959,170.044,174.855,185.765,182.595,188.781,314.574,0.0495,0.0000,0.1557,0.6012,0.00,0.00,0.00,0.00
2718.00,180.000,180.000,170.000,175.000,180.130,179.953,170.032,174.816,180.134,179.958,170.046,174.856,185.758,182.555,188.788,314.531,0.0494,0.0000,0.1554,0.6037,0.00,0.00,0.00,0.00
2719.00,180.000,180.000,170.000,175.000,180.130,179.954,170.033,174.818,180.134,179.958,170.047,174.858,185.751,182.515,188.795,314.493,0.0494,0.0000,0.1552,0.6060,0.00,0.00,0.00,0.00
2720.00,180.000,180.000,170.000,175.000,180.130,179.954,170.034,174.820,180.134,179.958,170.048,174.860,185.744,182.475,188.801,314.461,0.0493,0.0000,0.1550,0.6082,0.00,0.00,0.00,0.00
2721.00,180.000,180.000,170.000,175.000,180.130,179.954,170.035,174.822,180.135,179.957,170.050,174.862,185.737,182.436,188.808,314.433,0.0493,0.0000,0.1548,0.6103,0.00,0.00,0.00,0.00
2722.00,180.000,180.000,170.000,175.000,180.130,179.954,170.035,174.824,180.135,179.956,170.051,174.864,185.730,182.397,188.815,314.409,0.0492,0.0006,0.1546,0.6124,0.00,0.00,0.00,0.00
2723.00,180.000,180.000,170.000,175.000,180.131,179.954,170.036,174.826,180.135,179.956,170.052,174.866,185.723,182.360,188.822,314.390,0.0492,0.0019,0.1544,0.6143,0.00,0.00,0.00,0.00
2724.00,180.000,180.000,170.000,175.000,180.131,179.954,170.037,174.828,180.135,179.955,170.054,174.869,185.716,182.325,188.828,314.375,0.0491,0.0031,0.1542,0.6162,0.00,0.00,0.00,0.00
2725.00,180.000,180.000,170.000,175.000,180.131,179.954,170.038,174.830,180.135,179.954,170.055,174.871,185.709,182.292,188.835,314.364,0.0490,0.0043,0.1540,0.6179,0.00,0.00,0.00,0.00
2726.00,180.000,180.000,170.000,175.000,180.131,179.954,170.039,174.832,180.135,179.953,170.056,174.874,185.703,182.261,188.840,314.358,0.0490,0.0054,0.1539,0.6197,0.00,0.00,0.00,0.00
2727.00,180.000,180.000,170.000,175.000,180.131,179.954,170.039,174.834,180.135,179.952,170.058,174.876,185.696,182.231,188.844,314.356,0.0489,0.0065,0.1537,0.6213,0.00,0.00,0.00,0.00
2728.00,180.000,180.000,170.000,175.000,180.132,179.954,170.040,174.836,180.135,179.952,170.059,174.879,185.689,182.203,188.848,314.356,0.0489,0.0075,0.1536,0.6229,0.00,0.00,0.00,0.00
2729.00,180.000,180.000,170.000,175.000,180.132,179.954,170.041,174.838,180.135,179.951,170.061,174.881,185.683,182.176,188.853,314.360,0.0488,0.0084,0.1534,0.6244,0.00,0.00,0.00,0.00
2730.00,180.000,180.000,170.000,175.000,180.132,179.954,170.042,174.840,180.135,179.949,170.062,174.884,185.676,182.151,188.857,314.367,0.0488,0.0093,0.1533,0.6258,0.00,0.00,0.00,0.00
2731.00,180.000,180.000,170.000,175.000,180.132,179.954,170.043,174.843,180.136,179.948,170.063,174.887,185.670,182.126,188.861,314.377,0.0487,0.0102,0.1532,0.6272,0.00,0.00,0.00,0.00
2732.00,180.000,180.000,170.000,175.000,180.132,179.953,170.044,174.845,180.136,179.947,170.065,174.890,185.663,182.104,188.865,314.390,0.0487,0.0110,0.1530,0.6286,0.00,0.00,0.00,0.00
2733.00,180.000,180.000,170.000,175.000,180.132,179.953,170.045,174.847,180.136,179.946,170.066,174.893,185.657,182.082,188.869,314.405,0.0486,0.0118,0.1529,0.6298,0.00,0.00,0.00,0.00
2734.00,180.000,180.000,170.000,175.000,180.133,179.953,170.046,174.849,180.136,179.945,170.068,174.897,185.651,182.061,188.873,314.423,0.0486,0.0125,0.1528,0.6311,0.00,0.00,0.00,0.00
2735.00,180.000,180.000,170.000,175.000,180.133,179.952,170.047,174.852,180.136,179.944,170.069,174.900,185.645,182.042,188.876,314.126,0.0485,0.0132,0.1527,0.4620,0.00,0.00,0.00,0.00
2736.00,180.000,180.000,170.000,175.000,180.133,179.952,170.048,174.854,180.136,179.942,170.071,174.903,185.638,182.023,188.880,313.800,0.0484,0.0138,0.1526,0.4691,0.00,0.00,0.00,0.00
2737.00,180.000,180.000,170.000,175.000,180.133,179.951,170.050,174.857,180.136,179.941,170.072,174.905,185.632,182.006,188.884,313.494,0.0484,0.0144,0.1525,0.4760,0.00,0.00,0.00,0.00
2738.00,180.000,180.000,170.000,175.000,180.133,179.951,170.051,174.859,180.136,179.940,170.074,174.907,185.626,181.989,188.843,313.202,0.0483,0.0150,0.0819,0.4824,0.00,0.00,0.00,0.00
2739.00,180.000,180.000,170.000,175.000,180.133,179.950,170.052,174.861,180.136,179.938,170.075,174.909,185.620,181.973,188.761,312.926,0.0483,0.0156,0.0846,0.4886,0.00,0.00,0.00,0.00
2740.00,180.000,180.000,170.000,175.000,180.134,179.950,170.053,174.864,180.136,179.937,170.076,174.911,185.614,181.995,188.681,312.667,0.0482,0.0741,0.0871,0.4945,0.00,0.00,0.00,0.00
2741.00,180.000,180.000,170.000,175.000,180.134,179.949,170.054,174.866,180.136,179.936,170.077,174.912,185.608,182.052,188.605,312.421,0.0482,0.0719,0.0895,0.5001,0.00,0.00,0.00,0.00
2742.00,180.000,180.000,170.000,175.000,180.134,179.948,170.055,174.868,180.136,179.935,170.078,174.913,185.602,182.105,188.533,312.189,0.0481,0.0698,0.0918,0.5054,0.00,0.00,0.00,0.00
2743.00,180.000,180.000,170.000,175.000,180.134,179.948,170.056,174.870,180.136,179.934,170.079,174.915,185.597,182.155,188.464,311.970,0.0481,0.0678,0.0940,0.5105,0.00,0.00,0.00,0.00
2744.00,180.000,180.000,170.000,175.000,180.134,179.947,170.057,174.873,180.136,179.933,170.079,174.916,185.591,182.202,188.399,311.764,0.0480,0.0659,0.0961,0.5154,0.00,0.00,0.00,0.00
2745.00,180.000,180.000,170.000,175.000,180.134,179.946,170.059,174.875,180.136,179.932,170.080,174.916,185.584,182.246,188.336,311.569,0.0480,0.0642,0.0980,0.5200,0.00,0.00,0.00,0.00
2746.00,180.000,180.000,170.000,175.000,180.134,179.946,170.060,174.877,180.136,179.931,170.080,174.917,185.576,182.289,188.277,311.385,0.0479,0.0625,0.0999,0.5244,0.00,0.00,0.00,0.00
2747.00,180.000,180.000,170.000,175.000,180.134,179.945,170.061,174.879,180.136,179.930,170.081,174.918,185.567,182.329,188.220,311.210,0.0479,0.0609,0.1017,0.5286,0.00,0.00,0.00,0.00
2748.00,180.000,180.000,170.000,175.000,180.134,179.944,170.062,174.881,180.136,179.930,170.081,174.918,185.559,182.367,188.165,311.046,0.0478,0.0594,0.1033,0.5326,0.00,0.00,0.00,0.00
2749.00,180.000,180.000,170.000,175.000,180.134,179.944,170.063,174.882,180.136,179.929,170.081,174.919,185.551,182.403,188.113,310.891,0.0478,0.0580,0.1049,0.5365,0.00,0.00,0.00,0.00
2750.00,180.000,180.000,170.000,175.000,180.135,179.943,170.063,174.884,180.136,179.929,170.081,174.919,185.544,182.436,188.063,310.746,0.0477,0.0566,0.1064,0.5401,0.00,0.00,0.00,0.00
2751.00,180.000,180.000,170.000,175.000,180.135,179.942,170.064,174.886,180.136,179.928,170.081,174.920,185.536,182.468,188.016,310.610,0.0476,0.0553,0.1078,0.5436,0.00,0.00,0.00,0.00
2752.00,180.000,180.000,170.000,175.000,180.135,179.941,170.065,174.888,180.136,179.928,170.081,174.920,185.528,182.498,187.970,310.485,0.0476,0.0541,0.1092,0.5469,0.00,0.00,0.00,0.00
2753.00,180.000,180.000,170.000,175.000,180.135,179.941,170.066,174.889,180.136,179.928,170.081,174.921,185.520,182.526,187.926,310.364,0.0475,0.0530,0.1105,0.5500,0.00,0.00,0.00,0.00
2754.00,180.000,180.000,170.000,175.000,180.135,179.940,170.067,174.891,180.136,179.927,170.080,174.921,185.512,182.553,187.885,310.253,0.0475,0.0519,0.1117,0.5530,0.00,0.00,0.00,0.00
2755.00,180.000,180.000,170.000,175.000,180.135,179.940,170.067,174.892,180.136,179.927,170.080,174.922,185.505,182.578,187.845,310.147,0.0474,0.0509,0.1129,0.5559,0.00,0.00,0.00,0.00
2756.00,180.000,180.000,170.000,175.000,180.135,179.939,170.068,174.894,180.136,179.927,170.080,174.922,185.497,182.602,187.807,310.050,0.0474,0.0499,0.1140,0.5587,0.00,0.00,0.00,0.00
2757.00,180.000,180.000,170.000,175.000,180.135,179.938,170.068,174.895,180.136,179.927,170.079,174.923,185.490,182.623,187.771,309.958,0.0473,0.0490,0.1150,0.5613,0.00,0.00,0.00,0.00
2758.00,180.000,180.000,170.000,175.000,180.135,179.938,170.069,174.896,180.136,179.927,170.078,174.923,185.482,182.645,187.736,309.872,0.0473,0.0481,0.1160,0.5638,0.00,0.00,0.00,0.00
2759.00,180.000,180.000,170.000,175.000,180.135,179.937,170.069,174.898,180.136,179.927,170.078,174.924,185.475,182.665,187.704,309.792,0.0472,0.0473,0.1169,0.5661,0.00,0.00,0.00,0.00
2760.00,180.000,180.000,170.000,175.000,180.135,179.937,170.070,174.899,180.135,179.927,170.077,174.924,185.468,182.683,187.672,309.717,0.0472,0.0465,0.1178,0.5684,0.00,0.00,0.00,0.00
2761.00,180.000,180.000,170.000,175.000,180.135,179.936,170.070,174.900,180.135,179.927,170.076,174.925,185.460,182.702,187.641,309.649,0.0471,0.0458,0.1186,0.5706,0.00,0.00,0.00,0.00
2762.00,180.000,180.000,170.000,175.000,180.135,179.936,170.070,174.902,180.135,179.927,170.076,174.926,185.453,182.718,187.611,309.586,0.0471,0.0451,0.1194,0.5726,0.00,0.00,0.00,0.00
2763.00,180.000,180.000,170.000,175.000,180.135,179.935,170.071,174.903,180.135,179.927,170.075,174.927,185.446,182.733,187.582,309.528,0.0470,0.0444,0.1202,0.5746,0.00,0.00,0.00,0.00
2764.00,180.000,180.000,170.000,175.000,180.135,179.935,170.071,174.904,180.135,179.927,170.074,174.927,185.439,182.749,187.556,309.474,0.0470,0.0438,0.1209,0.5765,0.00,0.00,0.00,0.00
2765.00,180.000,180.000,170.000,175.000,180.135,179.934,170.071,174.905,180.135,179.927,170.073,174.928,185.432,182.762,187.530,309.423,0.0469,0.0432,0.1216,0.5783,0.00,0.00,0.00,0.00
2766.00,180.000,180.000,170.000,175.000,180.135,179.934,170.071,174.906,180.135,179.927,170.072,174.929,185.425,182.775,187.504,309.377,0.0468,0.0426,0.1222,0.5800,0.00,0.00,0.00,0.00
2767.00,180.000,180.000,170.000,175.000,180.135,179.934,170.071,174.907,180.135,179.927,170.071,174.930,185.418,182.788,187.480,309.335,0.0468,0.0421,0.1228,0.5817,0.00,0.00,0.00,0.00
2768.00,180.000,180.000,170.000,175.000,180.135,179.933,170.071,174.908,180.134,179.927,170.070,174.931,185.411,182.799,187.457,309.297,0.0467,0.0416,0.1234,0.5832,0.00,0.00,0.00,0.00
2769.00,180.000,180.000,170.000,175.000,180.135,179.933,170.071,174.910,180.134,179.928,170.069,174.933,185.404,182.809,187.434,309.262,0.0467,0.0411,0.1240,0.5847,0.00,0.00,0.00,0.00
2770.00,180.000,180.000,170.000,175.000,180.135,179.933,170.071,174.911,180.134,179.928,170.068,174.934,185.398,182.819,187.412,309.230,0.0466,0.0407,0.1245,0.5862,0.00,0.00,0.00,0.00
2771.00,180.000,180.000,170.000,175.000,180.135,179.933,170.071,174.912,180.134,179.928,170.067,174.935,185.391,182.829,187.392,309.202,0.0466,0.0402,0.1250,0.5875,0.00,0.00,0.00,0.00
2772.00,180.000,180.000,170.000,175.000,180.135,179.932,170.071,174.913,180.134,179.928,170.066,174.936,185.384,182.839,187.372,309.176,0.0465,0.0398,0.1254,0.5889,0.00,0.00,0.00,0.00
2773.00,180.000,180.000,170.000,175.000,180.135,179.932,170.070,174.914,180.133,179.929,170.065,174.938,185.378,182.847,187.352,309.153,0.0465,0.0394,0.1258,0.5901,0.00,0.00,0.00,0.00
2774.00,180.000,180.000,170.000,175.000,180.135,179.932,170.070,174.915,180.133,179.929,170.063,174.939,185.371,182.854,187.334,309.134,0.0464,0.0391,0.1263,0.5913,0.00,0.00,0.00,0.00
2775.00,180.000,180.000,170.000,175.000,180.135,179.932,170.070,174.917,180.133,179.929,170.062,174.941,185.364,182.861,187.316,309.117,0.0464,0.0387,0.1267,0.5925,0.00,0.00,0.00,0.00
2776.00,180.000,180.000,170.000,175.000,180.135,179.932,170.069,174.918,180.133,179.930,170.061,174.943,185.358,182.869,187.299,309.103,0.0463,0.0384,0.1270,0.5936,0.00,0.00,0.00,0.00
2777.00,180.000,180.000,170.000,175.000,180.134,179.932,170.069,174.919,180.133,179.930,170.060,174.944,185.352,182.876,187.282,309.091,0.0463,0.0381,0.1274,0.5946,0.00,0.00,0.00,0.00
2778.00,180.000,180.000,170.000,175.000,180.134,179.932,170.068,174.920,180.132,179.930,170.058,174.946,185.345,182.882,187.265,309.081,0.0462,0.0378,0.1277,0.5956,0.00,0.00,0.00,0.00
2779.00,180.000,180.000,170.000,175.000,180.134,179.932,170.068,174.922,180.132,179.931,170.057,174.948,185.339,182.886,187.249,309.073,0.0462,0.0375,0.1280,0.5966,0.00,0.00,0.00,0.00
2780.00,180.000,180.000,170.000,175.000,180.134,179.932,170.067,174.923,180.132,179.931,170.055,174.950,185.333,182.891,187.235,309.068,0.0461,0.0373,0.1283,0.5975,0.00,0.00,0.00,0.00
2781.00,180.000,180.000,170.000,175.000,180.134,179.932,170.067,174.924,180.132,179.931,170.054,174.952,185.326,182.895,187.220,309.064,0.0460,0.0370,0.1286,0.5984,0.00,0.00,0.00,0.00
2782.00,180.000,180.000,170.000,175.000,180.134,179.932,170.066,174.926,180.131,179.932,170.053,174.954,185.320,182.900,187.207,309.063,0.0460,0.0368,0.1288,0.5992,0.00,0.00,0.00,0.00
2783.00,180.000,180.000,170.000,175.000,180.134,179.932,170.065,174.927,180.131,179.932,170.051,174.956,185.312,182.904,187.193,309.062,0.0459,0.0366,0.1291,0.6000,0.00,0.00,0.00,0.00
2784.00,180.000,180.000,170.000,175.000,180.134,179.932,170.065,174.928,180.131,179.933,170.050,174.959,185.303,182.909,187.179,309.065,0.0459,0.0364,0.1293,0.6008,0.00,0.00,0.00,0.00
2785.00,180.000,180.000,170.000,175.000,180.134,179.932,170.064,174.930,180.131,179.933,170.048,174.961,185.295,182.913,187.165,309.068,0.0458,0.0362,0.1295,0.6016,0.00,0.00,0.00,0.00
2786.00,180.000,180.000,170.000,175.000,180.133,179.932,170.063,174.931,180.130,179.933,170.047,174.963,185.286,182.918,187.152,309.073,0.0458,0.0360,0.1297,0.6023,0.00,0.00,0.00,0.00
2787.00,180.000,180.000,170.000,175.000,180.133,179.932,170.062,174.933,180.130,179.934,170.045,174.966,185.278,182.919,187.138,309.080,0.0457,0.0358,0.1299,0.6030,0.00,0.00,0.00,0.00
2788.00,180.000,180.000,170.000,175.000,180.133,179.932,170.062,174.935,180.130,179.934,170.044,174.968,185.270,182.921,187.126,309.087,0.0457,0.0356,0.1301,0.6036,0.00,0.00,0.00,0.00
2789.00,180.000,180.000,170.000,175.000,180.133,179.932,170.061,174.936,180.129,179.935,170.042,174.971,185.261,182.923,187.115,309.096,0.0456,0.0355,0.1303,0.6043,0.00,0.00,0.00,0.00
2790.00,180.000,180.000,170.000,175.000,180.133,179.932,170.060,174.938,180.129,179.935,170.041,174.974,185.253,182.925,187.104,309.107,0.0456,0.0353,0.1305,0.6049,0.00,0.00,0.00,0.00
2791.00,180.000,180.000,170.000,175.000,180.133,179.932,170.059,174.940,180.129,179.935,170.039,174.976,185.245,182.927,187.094,309.118,0.0455,0.0352,0.1306,0.6054,0.00,0.00,0.00,0.00
2792.00,180.000,180.000,170.000,175.000,180.132,179.932,170.058,174.942,180.128,179.936,170.037,174.979,185.237,182.929,187.083,309.129,0.0455,0.0351,0.1307,0.6060,0.00,0.00,0.00,0.00
2793.00,180.000,180.000,170.000,175.000,180.132,179.933,170.057,174.944,180.128,179.936,170.036,174.982,185.229,182.930,187.072,309.144,0.0454,0.0349,0.1309,0.6066,0.00,0.00,0.00,0.00
2794.00,180.000,180.000,170.000,175.000,180.132,179.933,170.056,174.945,180.128,179.937,170.034,174.985,185.221,182.932,187.062,309.159,0.0454,0.0348,0.1310,0.6071,0.00,0.00,0.00,0.00
2795.00,180.000,180.000,170.000,175.000,180.132,179.933,170.055,174.947,180.127,179.937,170.033,174.988,185.213,182.934,187.052,309.174,0.0453,0.0347,0.1311,0.6076,0.00,0.00,0.00,0.00
2796.00,180.000,180.000,170.000,175.000,180.132,179.933,170.054,174.949,180.127,179.938,170.031,174.991,185.206,182.936,187.041,309.189,0.0453,0.0346,0.1312,0.6081,0.00,0.00,0.00,0.00
2797.00,180.000,180.000,170.000,175.000,180.131,179.933,170.052,174.951,180.127,179.938,170.029,174.994,185.198,182.937,187.031,308.913,0.0452,0.0345,0.1313,0.4383,0.00,0.00,0.00,0.00
2798.00,180.000,180.000,170.000,175.000,180.131,179.934,170.051,174.954,180.126,179.939,170.028,174.997,185.190,182.939,187.021,308.583,0.0451,0.0344,0.1314,0.4447,0.00,0.00,0.00,0.00
2799.00,180.000,180.000,170.000,175.000,180.131,179.934,170.050,174.956,180.126,179.939,170.026,174.999,185.182,182.941,187.010,308.270,0.0451,0.0343,0.1315,0.4509,0.00,0.00,0.00,0.00
2800.00,180.000,180.000,170.000,175.000,180.131,179.934,170.049,174.958,180.125,179.940,170.024,175.001,185.175,182.943,187.090,307.973,0.0450,0.0342,0.2014,0.4567,0.00,0.00,0.00,0.00
2801.00,180.000,180.000,170.000,175.000,180.130,179.934,170.048,174.960,180.125,179.940,170.023,175.002,185.167,182.944,187.165,307.691,0.0450,0.0341,0.1988,0.4623,0.00,0.00,0.00,0.00
2802.00,180.000,180.000,170.000,175.000,180.130,179.935,170.046,174.962,180.125,179.940,170.022,175.004,185.160,182.946,187.237,307.422,0.0449,0.0341,0.1963,0.4676,0.00,0.00,0.00,0.00
2803.00,180.000,180.000,170.000,175.000,180.130,179.935,170.045,174.964,180.124,179.941,170.020,175.005,185.152,182.948,187.306,307.166,0.0449,0.0340,0.1939,0.4726,0.00,0.00,0.00,0.00
2804.00,180.000,180.000,170.000,175.000,180.130,179.935,170.044,174.966,180.124,179.941,170.019,175.006,185.145,182.947,187.371,306.922,0.0448,0.0339,0.1916,0.4774,0.00,0.00,0.00,0.00
2805.00,180.000,180.000,170.000,175.000,180.129,179.936,170.043,174.968,180.123,179.942,170.018,175.006,185.138,182.946,187.433,306.691,0.0448,0.0338,0.1894,0.4820,0.00,0.00,0.00,0.00
2806.00,180.000,180.000,170.000,175.000,180.129,179.936,170.042,174.970,180.123,179.942,170.018,175.007,185.131,182.945,187.492,306.470,0.0447,0.0338,0.1874,0.4863,0.00,0.00,0.00,0.00
2807.00,180.000,180.000,170.000,175.000,180.129,179.936,170.040,174.972,180.122,179.943,170.017,175.007,185.123,182.944,187.548,306.260,0.0447,0.0337,0.1854,0.4905,0.00,0.00,0.00,0.00
2808.00,180.000,180.000,170.000,175.000,180.128,179.937,170.039,174.973,180.122,179.943,170.016,175.008,185.116,182.944,187.601,306.060,0.0446,0.0337,0.1836,0.4944,0.00,0.00,0.00,0.00
2809.00,180.000,180.000,170.000,175.000,180.128,179.937,170.038,174.975,180.121,179.944,170.016,175.008,185.109,182.943,187.651,305.870,0.0446,0.0336,0.1818,0.4982,0.00,0.00,0.00,0.00
2810.00,180.000,180.000,170.000,175.000,180.128,179.937,170.037,174.977,180.121,179.944,170.015,175.008,185.102,182.942,187.698,305.690,0.0445,0.0336,0.1801,0.5017,0.00,0.00,0.00,0.00
2811.00,180.000,180.000,170.000,175.000,180.127,179.938,170.036,174.978,180.120,179.945,170.015,175.008,185.095,182.941,187.743,305.519,0.0445,0.0335,0.1786,0.5051,0.00,0.00,0.00,0.00
2812.00,180.000,180.000,170.000,175.000,180.127,179.938,170.035,174.980,180.120,179.945,170.015,175.007,185.088,182.941,187.786,305.355,0.0444,0.0335,0.1771,0.5084,0.00,0.00,0.00,0.00
2813.00,180.000,180.000,170.000,175.000,180.127,179.938,170.034,174.981,180.119,179.946,170.015,175.007,185.081,182.940,187.827,305.200,0.0444,0.0334,0.1756,0.5115,0.00,0.00,0.00,0.00
2814.00,180.000,180.000,170.000,175.000,180.126,179.939,170.033,174.982,180.119,179.946,170.015,175.007,185.075,182.939,187.866,305.053,0.0443,0.0334,0.1743,0.5144,0.00,0.00,0.00,0.00
2815.00,180.000,180.000,170.000,175.000,180.126,179.939,170.032,174.984,180.118,179.946,170.015,175.007,185.068,182.938,187.903,304.914,0.0442,0.0334,0.1730,0.5172,0.00,0.00,0.00,0.00
2816.00,180.000,180.000,170.000,175.000,180.126,179.939,170.031,174.985,180.118,179.947,170.015,175.006,185.061,182.938,187.939,304.779,0.0442,0.0333,0.1718,0.5199,0.00,0.00,0.00,0.00
2817.00,180.000,180.000,170.000,175.000,180.125,179.940,170.031,174.986,180.117,179.947,170.015,175.006,185.054,182.937,187.971,304.653,0.0441,0.0333,0.1706,0.5224,0.00,0.00,0.00,0.00
2818.00,180.000,180.000,170.000,175.000,180.125,179.940,170.030,174.987,180.117,179.948,170.015,175.006,185.048,182.936,188.003,304.533,0.0441,0.0333,0.1695,0.5248,0.00,0.00,0.00,0.00
2819.00,180.000,180.000,170.000,175.000,180.124,179.941,170.029,174.988,180.116,179.948,170.015,175.005,185.041,182.935,188.033,304.419,0.0440,0.0332,0.1684,0.5271,0.00,0.00,0.00,0.00
2820.00,180.000,180.000,170.000,175.000,180.124,179.941,170.028,174.988,180.116,179.949,170.016,175.005,185.035,182.935,188.061,304.310,0.0440,0.0332,0.1674,0.5293,0.00,0.00,0.00,0.00
2821.00,180.000,180.000,170.000,175.000,180.124,179.941,170.028,174.989,180.115,179.949,170.016,175.005,185.026,182.934,188.088,304.206,0.0439,0.0332,0.1665,0.5313,0.00,0.00,0.00,0.00
2822.00,180.000,180.000,170.000,175.000,180.123,179.942,170.027,174.990,180.115,179.950,170.016,175.004,185.017,182.933,188.114,304.108,0.0439,0.0331,0.1656,0.5333,0.00,0.00,0.00,0.00
2823.00,180.000,180.000,170.000,175.000,180.123,179.942,170.027,174.991,180.114,179.950,170.017,175.004,185.008,182.933,188.138,304.014,0.0438,0.0331,0.1647,0.5352,0.00,0.00,0.00,0.00
2824.00,180.000,180.000,170.000,175.000,180.122,179.942,170.026,174.991,180.113,179.951,170.017,175.003,184.999,182.932,188.162,303.925,0.0438,0.0331,0.1639,0.5370,0.00,0.00,0.00,0.00
2825.00,180.000,180.000,170.000,175.000,180.122,179.943,170.026,174.992,180.113,179.951,170.018,175.003,184.990,182.931,188.183,303.841,0.0437,0.0331,0.1632,0.5387,0.00,0.00,0.00,0.00
2826.00,180.000,180.000,170.000,175.000,180.121,179.943,170.025,174.992,180.112,179.951,170.018,175.003,184.982,182.931,188.204,303.760,0.0437,0.0330,0.1624,0.5403,0.00,0.00,0.00,0.00
2827.00,180.000,180.000,170.000,175.000,180.121,179.944,170.025,174.993,180.112,179.952,170.019,175.003,184.973,182.930,188.225,303.684,0.0436,0.0330,0.1617,0.5419,0.00,0.00,0.00,0.00
2828.00,180.000,180.000,170.000,175.000,180.120,179.944,170.025,174.993,180.111,179.952,170.020,175.002,184.965,182.929,188.244,303.613,0.0436,0.0330,0.1611,0.5434,0.00,0.00,0.00,0.00
2829.00,180.000,180.000,170.000,175.000,180.120,179.944,170.024,174.994,180.110,179.953,170.020,175.002,184.956,182.929,188.262,303.544,0.0435,0.0330,0.1604,0.5448,0.00,0.00,0.00,0.00
2830.00,180.000,180.000,170.000,175.000,180.120,179.945,170.024,174.994,180.110,179.953,170.021,175.002,184.948,182.928,188.280,303.479,0.0435,0.0330,0.1598,0.5461,0.00,0.00,0.00,0.00
2831.00,180.000,180.000,170.000,175.000,180.119,179.945,170.024,174.995,180.109,179.954,170.022,175.002,184.940,182.927,188.296,303.418,0.0434,0.0330,0.1593,0.5474,0.00,0.00,0.00,0.00
2832.00,180.000,180.000,170.000,175.000,180.119,179.946,170.024,174.995,180.108,179.954,170.022,175.002,184.931,182.927,188.311,303.359,0.0433,0.0329,0.1587,0.5486,0.00,0.00,0.00,0.00
2833.00,180.000,180.000,170.000,175.000,180.118,179.946,170.024,174.995,180.108,179.954,170.023,175.002,184.923,182.926,188.327,303.303,0.0433,0.0329,0.1582,0.5497,0.00,0.00,0.00,0.00
2834.00,180.000,180.000,170.000,175.000,180.118,179.947,170.024,174.996,180.107,179.955,170.024,175.002,184.915,182.925,188.341,303.252,0.0432,0.0329,0.1578,0.5508,0.00,0.00,0.00,0.00
2835.00,180.000,180.000,170.000,175.000,180.117,179.947,170.024,174.996,180.106,179.955,170.025,175.002,184.907,182.925,188.353,303.201,0.0432,0.0329,0.1573,0.5519,0.00,0.00,0.00,0.00
2836.00,180.000,180.000,170.000,175.000,180.116,179.947,170.024,174.996,180.106,179.956,170.026,175.002,184.899,182.924,188.366,303.155,0.0431,0.0329,0.1569,0.5528,0.00,0.00,0.00,0.00
2837.00,180.000,180.000,170.000,175.000,180.116,179.948,170.024,174.997,180.105,179.956,170.027,175.003,184.891,182.924,188.378,303.109,0.0431,0.0329,0.1564,0.5538,0.00,0.00,0.00,0.00
2838.00,180.000,180.000,170.000,175.000,180.115,179.948,170.024,174.997,180.104,179.956,170.028,175.003,184.883,182.923,188.391,303.068,0.0430,0.0329,0.1560,0.5547,0.00,0.00,0.00,0.00
2839.00,180.000,180.000,170.000,175.000,180.115,179.949,170.024,174.997,180.103,179.957,170.029,175.003,184.875,182.922,188.402,303.027,0.0430,0.0329,0.1557,0.5555,0.00,0.00,0.00,0.00
2840.00,180.000,180.000,170.000,175.000,180.114,179.949,170.025,174.998,180.103,179.957,170.030,175.004,184.867,182.922,188.412,302.989,0.0429,0.0329,0.1553,0.5564,0.00,0.00,0.00,0.00
2841.00,180.000,180.000,170.000,175.000,180.114,179.949,170.025,174.998,180.102,179.958,170.031,175.004,184.859,182.921,188.421,302.953,0.0429,0.0328,0.1550,0.5571,0.00,0.00,0.00,0.00
2842.00,180.000,180.000,170.000,175.000,180.113,179.950,170.025,174.998,180.101,179.958,170.032,175.004,184.852,182.921,188.431,302.918,0.0428,0.0328,0.1547,0.5579,0.00,0.00,0.00,0.00
2843.00,180.000,180.000,170.000,175.000,180.113,179.950,170.026,174.998,180.101,179.959,170.033,175.005,184.844,182.899,188.440,302.887,0.0428,0.0000,0.1544,0.5586,0.00,0.00,0.00,0.00
2844.00,180.000,180.000,170.000,175.000,180.112,179.951,170.026,174.999,180.100,179.959,170.034,175.006,184.836,182.856,188.450,302.856,0.0427,0.0000,0.1541,0.5592,0.00,0.00,0.00,0.00
2845.00,180.000,180.000,170.000,175.000,180.111,179.951,170.026,174.999,180.099,179.959,170.035,175.006,184.829,182.814,188.458,302.825,0.0427,0.0000,0.1538,0.5599,0.00,0.00,0.00,0.00
2846.00,180.000,180.000,170.000,175.000,180.111,179.951,170.027,174.999,180.098,179.959,170.036,175.007,184.821,182.772,188.465,302.799,0.0426,0.0000,0.1535,0.5605,0.00,0.00,0.00,0.00
2847.00,180.000,180.000,170.000,175.000,180.110,179.952,170.027,175.000,180.097,179.959,170.037,175.008,184.814,182.730,188.472,302.773,0.0425,0.0000,0.1533,0.5611,0.00,0.00,0.00,0.00
2848.00,180.000,180.000,170.000,175.000,180.109,179.952,170.028,175.000,180.097,179.959,170.038,175.008,184.807,182.689,188.479,302.748,0.0425,0.0000,0.1530,0.5616,0.00,0.00,0.00,0.00
2849.00,180.000,180.000,170.000,175.000,180.109,179.953,170.028,175.001,180.096,179.959,170.039,175.009,184.799,182.648,188.486,302.724,0.0424,0.0000,0.1528,0.5621,0.00,0.00,0.00,0.00
2850.00,180.000,180.000,170.000,175.000,180.108,179.953,170.029,175.001,180.095,179.959,170.040,175.010,184.792,182.607,188.492,302.703,0.0424,0.0000,0.1526,0.5626,0.00,0.00,0.00,0.00
2851.00,180.000,180.000,170.000,175.000,180.108,179.953,170.029,175.002,180.094,179.959,170.042,175.011,184.785,182.566,188.499,302.683,0.0423,0.0000,0.1524,0.5631,0.00,0.00,0.00,0.00
2852.00,180.000,180.000,170.000,175.000,180.107,179.953,170.030,175.002,180.093,179.959,170.043,175.012,184.778,182.526,188.506,302.662,0.0423,0.0000,0.1522,0.5636,0.00,0.00,0.00,0.00
2853.00,180.000,180.000,170.000,175.000,180.106,179.954,170.031,175.003,180.093,179.958,170.044,175.013,184.770,182.486,188.512,302.642,0.0422,0.0000,0.1520,0.5640,0.00,0.00,0.00,0.00
2854.00,180.000,180.000,170.000,175.000,180.106,179.954,170.031,175.003,180.092,179.958,170.045,175.014,184.763,182.446,188.518,302.626,0.0422,0.0000,0.1519,0.5644,0.00,0.00,0.00,0.00
2855.00,180.000,180.000,170.000,175.000,180.105,179.954,170.032,175.004,180.091,179.957,170.046,175.015,184.756,182.407,188.522,302.610,0.0421,0.0000,0.1517,0.5648,0.00,0.00,0.00,0.00
2856.00,180.000,180.000,170.000,175.000,180.104,179.954,170.033,175.004,180.090,179.957,170.047,175.017,184.749,182.369,188.526,302.594,0.0421,0.0009,0.1515,0.5652,0.00,0.00,0.00,0.00
2857.00,180.000,180.000,170.000,175.000,180.103,179.954,170.033,175.005,180.089,179.956,170.049,175.018,184.742,182.333,188.530,302.578,0.0420,0.0022,0.1514,0.5655,0.00,0.00,0.00,0.00
2858.00,180.000,180.000,170.000,175.000,180.103,179.954,170.034,175.005,180.088,179.955,170.050,175.019,184.734,182.299,188.534,302.563,0.0420,0.0034,0.1513,0.5659,0.00,0.00,0.00,0.00
2859.00,180.000,180.000,170.000,175.000,180.102,179.954,170.035,175.006,180.087,179.955,170.051,175.021,184.725,182.267,188.538,302.550,0.0419,0.0046,0.1511,0.5662,0.00,0.00,0.00,0.00
2860.00,180.000,180.000,170.000,175.000,180.101,179.954,170.036,175.007,180.087,179.954,170.052,175.022,184.716,182.236,188.542,302.539,0.0419,0.0057,0.1510,0.5665,0.00,0.00,0.00,0.00
2861.00,180.000,180.000,170.000,175.000,180.101,179.954,170.037,175.008,180.086,179.953,170.054,175.023,184.707,182.207,188.546,302.528,0.0418,0.0068,0.1509,0.5668,0.00,0.00,0.00,0.00
2862.00,180.000,180.000,170.000,175.000,180.100,179.954,170.037,175.008,180.085,179.952,170.055,175.025,184.697,182.179,188.550,302.517,0.0418,0.0077,0.1508,0.5670,0.00,0.00,0.00,0.00
2863.00,180.000,180.000,170.000,175.000,180.099,179.954,170.038,175.009,180.084,179.951,170.056,175.026,184.688,182.153,188.554,302.506,0.0417,0.0087,0.1506,0.5673,0.00,0.00,0.00,0.00
2864.00,180.000,180.000,170.000,175.000,180.098,179.954,170.039,175.010,180.083,179.950,170.057,175.028,184.679,182.128,188.558,302.496,0.0416,0.0096,0.1505,0.5676,0.00,0.00,0.00,0.00
2865.00,180.000,180.000,170.000,175.000,180.098,179.954,170.040,175.011,180.082,179.949,170.059,175.030,184.670,182.104,188.561,302.485,0.0416,0.0104,0.1504,0.5678,0.00,0.00,0.00,0.00
2866.00,180.000,180.000,170.000,175.000,180.097,179.954,170.041,175.012,180.081,179.948,170.060,175.031,184.662,182.082,188.565,302.475,0.0415,0.0112,0.1504,0.5680,0.00,0.00,0.00,0.00
2867.00,180.000,180.000,170.000,175.000,180.096,179.953,170.042,175.013,180.080,179.947,170.061,175.033,184.653,182.060,188.569,302.469,0.0415,0.0120,0.1503,0.5682,0.00,0.00,0.00,0.00
2868.00,180.000,180.000,170.000,175.000,180.095,179.953,170.043,175.014,180.079,179.946,170.063,175.035,184.644,182.040,188.573,302.463,0.0414,0.0127,0.1502,0.5684,0.00,0.00,0.00,0.00
2869.00,180.000,180.000,170.000,175.000,180.094,179.953,170.044,175.015,180.078,179.944,170.064,175.036,184.635,182.021,188.577,302.457,0.0414,0.0133,0.1501,0.5686,0.00,0.00,0.00,0.00
2870.00,180.000,180.000,170.000,175.000,180.094,179.952,170.045,175.016,180.077,179.943,170.065,175.038,184.627,182.002,188.581,302.451,0.0413,0.0140,0.1500,0.5688,0.00,0.00,0.00,0.00
2871.00,180.000,180.000,170.000,175.000,180.093,179.952,170.046,175.017,180.076,179.942,170.067,175.040,184.618,181.984,188.583,302.445,0.0413,0.0146,0.1500,0.5690,0.00,0.00,0.00,0.00
2872.00,180.000,180.000,170.000,175.000,180.092,179.951,170.047,175.018,180.075,179.941,170.068,175.042,184.610,181.968,188.584,302.440,0.0412,0.0152,0.1499,0.5692,0.00,0.00,0.00,0.00
2873.00,180.000,180.000,170.000,175.000,180.091,179.951,170.048,175.019,180.074,179.939,170.069,175.044,184.601,181.952,188.586,302.434,0.0412,0.0157,0.1498,0.5693,0.00,0.00,0.00,0.00
2874.00,180.000,180.000,170.000,175.000,180.090,179.950,170.049,175.021,180.073,179.938,170.071,175.046,184.593,181.935,188.587,302.428,0.0411,0.0162,0.1498,0.5695,0.00,0.00,0.00,0.00
2875.00,180.000,180.000,170.000,175.000,180.089,179.949,170.050,175.022,180.072,179.937,170.072,175.048,184.584,181.994,188.588,302.423,0.0411,0.0734,0.0777,0.5696,0.00,0.00,0.00,0.00
2876.00,180.000,180.000,170.000,175.000,180.089,179.949,170.051,175.023,180.071,179.935,170.073,175.050,184.576,182.050,188.501,302.418,0.0410,0.0712,0.0805,0.5698,0.00,0.00,0.00,0.00
2877.00,180.000,180.000,170.000,175.000,180.088,179.948,170.052,175.024,180.070,179.934,170.074,175.052,184.568,182.103,188.419,302.412,0.0410,0.0691,0.0832,0.5699,0.00,0.00,0.00,0.00
2878.00,180.000,180.000,170.000,175.000,180.087,179.947,170.053,175.026,180.069,179.933,170.075,175.054,184.560,182.152,188.340,302.407,0.0409,0.0672,0.0857,0.5700,0.00,0.00,0.00,0.00
2879.00,180.000,180.000,170.000,175.000,180.086,179.947,170.054,175.027,180.068,179.933,170.076,175.056,184.552,182.199,188.265,302.406,0.0409,0.0653,0.0880,0.5701,0.00,0.00,0.00,0.00
2880.00,180.000,180.000,170.000,175.000,180.085,179.946,170.055,175.029,180.067,179.932,170.077,175.058,184.544,182.244,188.194,302.405,0.0408,0.0636,0.0903,0.5703,0.00,0.00,0.00,0.00
2881.00,180.000,180.000,170.000,175.000,180.084,179.945,170.057,175.030,180.066,179.931,170.077,175.060,184.536,182.285,188.126,302.404,0.0407,0.0619,0.0924,0.5704,0.00,0.00,0.00,0.00
2882.00,180.000,180.000,170.000,175.000,180.083,179.945,170.058,175.032,180.065,179.930,170.078,175.063,184.528,182.324,188.061,302.403,0.0407,0.0604,0.0945,0.5705,0.00,0.00,0.00,0.00
2883.00,180.000,180.000,170.000,175.000,180.082,179.944,170.058,175.033,180.064,179.930,170.078,175.065,184.520,182.361,187.999,302.402,0.0406,0.0589,0.0964,0.5706,0.00,0.00,0.00,0.00
2884.00,180.000,180.000,170.000,175.000,180.081,179.943,170.059,175.035,180.063,179.929,170.078,175.067,184.512,182.396,187.940,302.401,0.0406,0.0575,0.0982,0.5707,0.00,0.00,0.00,0.00
2885.00,180.000,180.000,170.000,175.000,180.081,179.943,170.060,175.036,180.062,179.929,170.078,175.069,184.504,182.429,187.884,302.400,0.0405,0.0562,0.1000,0.5707,0.00,0.00,0.00,0.00
2886.00,180.000,180.000,170.000,175.000,180.080,179.942,170.061,175.038,180.060,179.929,170.078,175.072,184.496,182.460,187.831,302.399,0.0405,0.0549,0.1016,0.5708,0.00,0.00,0.00,0.00
2887.00,180.000,180.000,170.000,175.000,180.079,179.941,170.062,175.040,180.059,179.928,170.078,175.074,184.489,182.490,187.779,302.398,0.0404,0.0537,0.1032,0.5709,0.00,0.00,0.00,0.00
2888.00,180.000,180.000,170.000,175.000,180.078,179.941,170.063,175.041,180.058,179.928,170.078,175.076,184.481,182.517,187.731,302.398,0.0404,0.0526,0.1047,0.5710,0.00,0.00,0.00,0.00
2889.00,180.000,180.000,170.000,175.000,180.077,179.940,170.064,175.043,180.057,179.928,170.078,175.079,184.473,182.544,187.684,302.397,0.0403,0.0515,0.1061,0.5711,0.00,0.00,0.00,0.00
2890.00,180.000,180.000,170.000,175.000,180.076,179.939,170.064,175.045,180.056,179.928,170.077,175.081,184.466,182.569,187.639,302.396,0.0403,0.0505,0.1074,0.5711,0.00,0.00,0.00,0.00
2891.00,180.000,180.000,170.000,175.000,180.075,179.939,170.065,175.047,180.055,179.927,170.077,175.084,184.458,182.593,187.597,302.395,0.0402,0.0496,0.1087,0.5712,0.00,0.00,0.00,0.00
2892.00,180.000,180.000,170.000,175.000,180.074,179.938,170.065,175.049,180.054,179.927,170.076,175.086,184.451,182.614,187.555,302.395,0.0402,0.0487,0.1099,0.5713,0.00,0.00,0.00,0.00
2893.00,180.000,180.000,170.000,175.000,180.073,179.938,170.066,175.050,180.052,179.927,170.076,175.089,184.444,182.635,187.516,302.319,0.0401,0.0478,0.1110,0.3979,0.00,0.00,0.00,0.00
2894.00,180.000,180.000,170.000,175.000,180.072,179.937,170.066,175.052,180.051,179.927,170.075,175.091,184.436,182.654,187.477,301.963,0.0401,0.0470,0.1121,0.4041,0.00,0.00,0.00,0.00
2895.00,180.000,180.000,170.000,175.000,180.071,179.937,170.067,175.054,180.050,179.927,170.074,175.093,184.429,182.673,187.442,301.623,0.0400,0.0462,0.1131,0.4101,0.00,0.00,0.00,0.00
2896.00,180.000,180.000,170.000,175.000,180.070,179.936,170.067,175.056,180.049,179.927,170.074,175.094,184.420,182.690,187.407,301.299,0.0400,0.0455,0.1141,0.4157,0.00,0.00,0.00,0.00
2897.00,180.000,180.000,170.000,175.000,180.069,179.936,170.068,175.058,180.048,179.928,170.073,175.095,184.411,182.705,187.375,300.988,0.0399,0.0448,0.1150,0.4210,0.00,0.00,0.00,0.00
2898.00,180.000,180.000,170.000,175.000,180.068,179.935,170.068,175.060,180.047,179.928,170.072,175.096,184.401,182.721,187.342,300.693,0.0398,0.0442,0.1159,0.4261,0.00,0.00,0.00,0.00
2899.00,180.000,180.000,170.000,175.000,180.067,179.935,170.068,175.062,180.045,179.928,170.071,175.096,184.392,182.735,187.312,300.408,0.0398,0.0436,0.1167,0.4309,0.00,0.00,0.00,0.00
2900.00,180.000,180.000,170.000,175.000,180.066,179.935,170.068,175.063,180.044,179.928,170.070,175.097,184.382,182.748,187.283,300.136,0.0397,0.0430,0.1175,0.4355,0.00,0.00,0.00,0.00
2901.00,180.000,180.000,170.000,175.000,180.064,179.934,170.068,175.065,180.043,179.928,170.069,175.097,184.373,182.761,187.253,299.877,0.0397,0.0424,0.1182,0.4399,0.00,0.00,0.00,0.00
2902.00,180.000,180.000,170.000,175.000,180.063,179.934,170.068,175.066,180.042,179.928,170.068,175.096,184.363,182.774,187.227,299.628,0.0396,0.0419,0.1189,0.4440,0.00,0.00,0.00,0.00
2903.00,180.000,180.000,170.000,175.000,180.062,179.934,170.068,175.068,180.040,179.929,170.067,175.096,184.354,182.784,187.201,299.390,0.0396,0.0414,0.1196,0.4480,0.00,0.00,0.00,0.00
2904.00,180.000,180.000,170.000,175.000,180.061,179.934,170.068,175.069,180.039,179.929,170.066,175.095,184.345,182.794,187.175,299.163,0.0395,0.0409,0.1202,0.4517,0.00,0.00,0.00,0.00
2905.00,180.000,180.000,170.000,175.000,180.060,179.933,170.068,175.071,180.038,179.929,170.065,175.094,184.336,182.804,187.152,298.946,0.0395,0.0405,0.1208,0.4553,0.00,0.00,0.00,0.00
2906.00,180.000,180.000,170.000,175.000,180.059,179.933,170.068,175.072,180.037,179.929,170.063,175.093,184.327,182.814,187.129,298.737,0.0394,0.0401,0.1214,0.4587,0.00,0.00,0.00,0.00
2907.00,180.000,180.000,170.000,175.000,180.058,179.933,170.068,175.073,180.035,179.930,170.062,175.092,184.318,182.823,187.106,298.536,0.0394,0.0397,0.1219,0.4619,0.00,0.00,0.00,0.00
2908.00,180.000,180.000,170.000,175.000,180.057,179.933,170.067,175.074,180.034,179.930,170.061,175.091,184.309,182.830,187.084,298.345,0.0393,0.0393,0.1224,0.4650,0.00,0.00,0.00,0.00
2909.00,180.000,180.000,170.000,175.000,180.056,179.933,170.067,175.074,180.033,179.930,170.059,175.090,184.300,182.837,187.064,298.159,0.0393,0.0390,0.1229,0.4679,0.00,0.00,0.00,0.00
2910.00,180.000,180.000,170.000,175.000,180.055,179.933,170.067,175.075,180.031,179.931,170.058,175.088,184.291,182.845,187.044,297.982,0.0392,0.0386,0.1234,0.4706,0.00,0.00,0.00,0.00
2911.00,180.000,180.000,170.000,175.000,180.053,179.932,170.066,175.076,180.030,179.931,170.057,175.087,184.282,182.852,187.024,297.813,0.0392,0.0383,0.1238,0.4733,0.00,0.00,0.00,0.00
2912.00,180.000,180.000,170.000,175.000,180.052,179.932,170.066,175.076,180.029,179.931,170.055,175.085,184.273,182.859,187.005,297.649,0.0391,0.0380,0.1242,0.4757,0.00,0.00,0.00,0.00
2913.00,180.000,180.000,170.000,175.000,180.051,179.932,170.065,175.077,180.027,179.932,170.054,175.084,184.265,182.865,186.988,297.493,0.0391,0.0377,0.1246,0.4781,0.00,0.00,0.00,0.00
2914.00,180.000,180.000,170.000,175.000,180.050,179.932,170.065,175.077,180.026,179.932,170.052,175.082,184.256,182.869,186.971,297.342,0.1110,0.0375,0.1250,0.4804,0.00,0.00,0.00,0.00
2915.00,180.000,180.000,170.000,175.000,180.049,179.932,170.064,175.077,180.025,179.933,170.051,175.080,184.336,182.874,186.954,297.197,0.1076,0.0372,0.1253,0.4825,0.00,0.00,0.00,0.00
2916.00,180.000,180.000,170.000,175.000,180.048,179.932,170.063,175.077,180.024,179.933,170.049,175.079,184.410,182.878,186.937,297.060,0.1044,0.0370,0.1256,0.4845,0.00,0.00,0.00,0.00
2917.00,180.000,180.000,170.000,175.000,180.046,179.932,170.063,175.077,180.023,179.933,170.048,175.077,184.481,182.883,186.921,296.925,0.1014,0.0367,0.1259,0.4864,0.00,0.00,0.00,0.00
2918.00,180.000,180.000,170.000,175.000,180.045,179.932,170.062,175.077,180.022,179.934,170.046,175.075,184.546,182.887,186.905,296.796,0.0986,0.0365,0.1262,0.4883,0.00,0.00,0.00,0.00
2919.00,180.000,180.000,170.000,175.000,180.044,179.933,170.061,175.077,180.021,179.934,170.045,175.074,184.609,182.891,186.891,296.672,0.0959,0.0363,0.1265,0.4900,0.00,0.00,0.00,0.00
2920.00,180.000,180.000,170.000,175.000,180.043,179.933,170.060,175.077,180.020,179.935,170.043,175.072,184.668,182.896,186.877,296.554,0.0934,0.0361,0.1267,0.4916,0.00,0.00,0.00,0.00
2921.00,180.000,180.000,170.000,175.000,180.042,179.933,170.059,175.077,180.020,179.935,170.041,175.070,184.723,182.900,186.864,296.441,0.0911,0.0359,0.1270,0.4932,0.00,0.00,0.00,0.00
2922.00,180.000,180.000,170.000,175.000,180.041,179.933,170.058,175.076,180.020,179.936,170.040,175.068,184.775,182.902,186.850,296.330,0.0889,0.0358,0.1272,0.4947,0.00,0.00,0.00,0.00
2923.00,180.000,180.000,170.000,175.000,180.040,179.933,170.058,175.076,180.019,179.936,170.038,175.066,184.823,182.904,186.836,296.223,0.0868,0.0356,0.1274,0.4961,0.00,0.00,0.00,0.00
2924.00,180.000,180.000,170.000,175.000,180.039,179.933,170.057,175.076,180.019,179.937,170.036,175.065,184.869,182.906,186.823,296.121,0.0849,0.0354,0.1276,0.4974,0.00,0.00,0.00,0.00
2925.00,180.000,180.000,170.000,175.000,180.038,179.933,170.056,175.075,180.019,179.937,170.035,175.063,184.912,182.907,186.809,296.022,0.0831,0.0353,0.1278,0.4986,0.00,0.00,0.00,0.00
2926.00,180.000,180.000,170.000,175.000,180.037,179.934,170.054,175.074,180.019,179.938,170.033,175.061,184.953,182.909,186.796,295.926,0.0813,0.0351,0.1280,0.4998,0.00,0.00,0.00,0.00
2927.00,180.000,180.000,170.000,175.000,180.036,179.934,170.053,175.074,180.019,179.938,170.031,175.060,184.992,182.911,186.785,295.834,0.0797,0.0350,0.1282,0.5010,0.00,0.00,0.00,0.00
2928.00,180.000,180.000,170.000,175.000,180.035,179.934,170.052,175.073,180.019,179.938,170.029,175.058,185.027,182.913,186.774,295.744,0.0782,0.0349,0.1283,0.5020,0.00,0.00,0.00,0.00
2929.00,180.000,180.000,170.000,175.000,180.034,179.934,170.051,175.072,180.019,179.939,170.027,175.056,185.062,182.914,186.764,295.659,0.0768,0.0348,0.1285,0.5030,0.00,0.00,0.00,0.00
2930.00,180.000,180.000,170.000,175.000,180.034,179.934,170.050,175.071,180.019,179.939,170.026,175.055,185.095,182.916,186.753,295.574,0.0755,0.0347,0.2006,0.5040,0.00,0.00,0.00,0.00
2931.00,180.000,180.000,170.000,175.000,180.033,179.935,170.049,175.071,180.020,179.940,170.024,175.053,185.125,182.918,186.831,295.494,0.0742,0.0346,0.1979,0.5049,0.00,0.00,0.00,0.00
2932.00,180.000,180.000,170.000,175.000,180.032,179.935,170.048,175.070,180.020,179.940,170.022,175.051,185.153,182.919,186.904,295.415,0.0730,0.0345,0.1953,0.5058,0.00,0.00,0.00,0.00
2933.00,180.000,180.000,170.000,175.000,180.032,179.935,170.046,175.069,180.020,179.941,170.021,175.050,185.180,182.921,186.973,295.338,0.0719,0.0344,0.1929,0.5066,0.00,0.00,0.00,0.00
2934.00,180.000,180.000,170.000,175.000,180.031,179.935,170.045,175.068,180.021,179.941,170.020,175.048,185.205,182.923,187.040,295.265,0.0709,0.0343,0.1905,0.5073,0.00,0.00,0.00,0.00
2935.00,180.000,180.000,170.000,175.000,180.031,179.936,170.044,175.067,180.021,179.942,170.019,175.047,185.229,182.924,187.103,295.192,0.0699,0.0342,0.1883,0.5081,0.00,0.00,0.00,0.00
2936.00,180.000,180.000,170.000,175.000,180.030,179.936,170.043,175.066,180.022,179.942,170.017,175.045,185.251,182.926,187.163,295.123,0.0690,0.0341,0.1862,0.5087,0.00,0.00,0.00,0.00
2937.00,180.000,180.000,170.000,175.000,180.030,179.936,170.041,175.065,180.023,179.943,170.017,175.044,185.273,182.928,187.220,295.056,0.0681,0.0340,0.1843,0.5094,0.00,0.00,0.00,0.00
2938.00,180.000,180.000,170.000,175.000,180.029,179.937,170.040,175.064,180.023,179.943,170.016,175.043,185.293,182.928,187.275,294.989,0.0673,0.0340,0.1824,0.5100,0.00,0.00,0.00,0.00
2939.00,180.000,180.000,170.000,175.000,180.029,179.937,170.039,175.063,180.024,179.944,170.015,175.041,185.311,182.927,187.326,294.926,0.0666,0.0339,0.1806,0.5106,0.00,0.00,0.00,0.00
2940.00,180.000,180.000,170.000,175.000,180.029,179.937,170.038,175.062,180.025,179.944,170.014,175.040,185.330,182.926,187.375,294.865,0.0659,0.0338,0.1789,0.5111,0.00,0.00,0.00,0.00
2941.00,180.000,180.000,170.000,175.000,180.029,179.938,170.037,175.061,180.025,179.945,170.014,175.039,185.346,182.926,187.421,294.803,0.0652,0.0338,0.1773,0.5116,0.00,0.00,0.00,0.00
2942.00,180.000,180.000,170.000,175.000,180.029,179.938,170.035,175.060,180.026,179.945,170.013,175.038,185.362,182.925,187.465,294.743,0.0646,0.0337,0.1757,0.5121,0.00,0.00,0.00,0.00
2943.00,180.000,180.000,170.000,175.000,180.028,179.938,170.034,175.059,180.027,179.946,170.013,175.036,185.378,182.924,187.506,294.687,0.0640,0.0337,0.1743,0.5125,0.00,0.00,0.00,0.00
2944.00,180.000,180.000,170.000,175.000,180.028,179.939,170.033,175.057,180.028,179.946,170.013,175.035,185.391,182.923,187.546,294.631,0.0634,0.0336,0.1729,0.5130,0.00,0.00,0.00,0.00
2945.00,180.000,180.000,170.000,175.000,180.028,179.939,170.032,175.056,180.029,179.947,170.012,175.034,185.404,182.922,187.585,294.576,0.0629,0.0335,0.1716,0.5133,0.00,0.00,0.00,0.00
2946.00,180.000,180.000,170.000,175.000,180.028,179.940,170.031,175.055,180.029,179.947,170.012,175.033,185.417,182.922,187.620,294.521,0.0624,0.0335,0.1703,0.5137,0.00,0.00,0.00,0.00
2947.00,180.000,180.000,170.000,175.000,180.028,179.940,170.030,175.054,180.030,179.948,170.012,175.032,185.430,182.921,187.654,294.467,0.0619,0.0335,0.1691,0.5141,0.00,0.00,0.00,0.00
2948.00,180.000,180.000,170.000,175.000,180.029,179.940,170.029,175.053,180.031,179.948,170.012,175.031,185.441,182.920,187.687,294.418,0.0615,0.0334,0.1680,0.5144,0.00,0.00,0.00,0.00
2949.00,180.000,180.000,170.000,175.000,180.029,179.941,170.029,175.052,180.032,179.949,170.012,175.030,185.451,182.919,187.717,294.369,0.0611,0.0334,0.1669,0.5147,0.00,0.00,0.00,0.00
2950.00,180.000,180.000,170.000,175.000,180.029,179.941,170.028,175.051,180.033,179.949,170.012,175.029,185.461,182.918,187.747,294.320,0.0607,0.0333,0.1659,0.5150,0.00,0.00,0.00,0.00
2951.00,180.000,180.000,170.000,175.000,180.029,179.942,170.027,175.050,180.034,179.950,170.012,175.028,185.471,182.918,187.774,294.454,0.0603,0.0333,0.1649,0.6886,0.00,0.00,0.00,0.00
2952.00,180.000,180.000,170.000,175.000,180.029,179.942,170.026,175.049,180.035,179.950,170.012,175.028,185.482,182.917,187.800,294.760,0.0600,0.0333,0.1640,0.6827,0.00,0.00,0.00,0.00
2953.00,180.000,180.000,170.000,175.000,180.030,179.942,170.026,175.048,180.036,179.951,170.013,175.028,185.490,182.916,187.824,295.051,0.0597,0.0332,0.1631,0.6771,0.00,0.00,0.00,0.00
2954.00,180.000,180.000,170.000,175.000,180.030,179.943,170.025,175.047,180.037,179.951,170.013,175.029,185.498,182.916,187.848,295.329,0.0594,0.0332,0.1623,0.6717,0.00,0.00,0.00,0.00
2955.00,180.000,180.000,170.000,175.000,180.030,179.943,170.024,175.046,180.038,179.952,170.013,175.029,185.505,182.915,187.871,295.592,0.0591,0.0332,0.1615,0.6666,0.00,0.00,0.00,0.00
2956.00,180.000,180.000,170.000,175.000,180.031,179.944,170.024,175.045,180.039,179.952,170.014,175.031,185.513,182.914,187.892,295.845,0.0589,0.0332,0.1608,0.6618,0.00,0.00,0.00,0.00
2957.00,180.000,180.000,170.000,175.000,180.031,179.944,170.023,175.044,180.041,179.953,170.014,175.032,185.520,182.913,187.913,296.084,0.0586,0.0331,0.1601,0.6572,0.00,0.00,0.00,0.00
2958.00,180.000,180.000,170.000,175.000,180.032,179.944,170.023,175.044,180.042,179.953,170.014,175.034,185.528,182.913,187.933,296.312,0.0584,0.0331,0.1594,0.6528,0.00,0.00,0.00,0.00
2959.00,180.000,180.000,170.000,175.000,180.032,179.945,170.023,175.043,180.043,179.954,170.015,175.037,185.535,182.912,187.951,296.529,0.0582,0.0331,0.1588,0.6486,0.00,0.00,0.00,0.00
2960.00,180.000,180.000,170.000,175.000,180.033,179.945,170.022,175.043,180.044,179.954,170.015,175.039,185.542,182.911,187.969,296.735,0.0580,0.0331,0.1582,0.6446,0.00,0.00,0.00,0.00
2961.00,180.000,180.000,170.000,175.000,180.033,179.946,170.022,175.043,180.045,179.955,170.016,175.042,185.547,182.911,187.986,296.932,0.0578,0.0330,0.1576,0.6408,0.00,0.00,0.00,0.00
2962.00,180.000,180.000,170.000,175.000,180.034,179.946,170.022,175.043,180.046,179.955,170.016,175.045,185.552,182.910,188.001,297.119,0.0576,0.0330,0.1570,0.6372,0.00,0.00,0.00,0.00
2963.00,180.000,180.000,170.000,175.000,180.034,179.947,170.021,175.043,180.047,179.955,170.017,175.048,185.556,182.909,188.016,297.300,0.0574,0.0330,0.1565,0.6337,0.00,0.00,0.00,0.00
2964.00,180.000,180.000,170.000,175.000,180.035,179.947,170.021,175.043,180.049,179.956,170.018,175.051,185.561,182.909,188.031,297.471,0.0573,0.0330,0.1560,0.6305,0.00,0.00,0.00,0.00
2965.00,180.000,180.000,170.000,175.000,180.036,179.948,170.021,175.044,180.050,179.956,170.018,175.055,185.566,182.908,188.044,297.632,0.0571,0.0330,0.1555,0.6274,0.00,0.00,0.00,0.00
2966.00,180.000,180.000,170.000,175.000,180.037,179.948,170.021,175.044,180.051,179.957,170.019,175.059,185.570,182.907,188.056,297.787,0.0570,0.0330,0.1551,0.6244,0.00,0.00,0.00,0.00
2967.00,180.000,180.000,170.000,175.000,180.037,179.948,170.021,175.045,180.052,179.957,170.020,175.063,185.575,182.907,188.069,297.935,0.0568,0.0329,0.1547,0.6216,0.00,0.00,0.00,0.00
2968.00,180.000,180.000,170.000,175.000,180.038,179.949,170.021,175.046,180.054,179.958,170.020,175.067,185.579,182.906,188.081,298.076,0.0567,0.0329,0.1543,0.6189,0.00,0.00,0.00,0.00
2969.00,180.000,180.000,170.000,175.000,180.039,179.949,170.021,175.047,180.055,179.958,170.021,175.071,185.584,182.905,188.093,298.211,0.0566,0.0329,0.1539,0.6163,0.00,0.00,0.00,0.00
2970.00,180.000,180.000,170.000,175.000,180.040,179.950,170.021,175.048,180.056,179.959,170.022,175.075,185.588,182.905,188.103,298.339,0.0565,0.0329,0.1535,0.6139,0.00,0.00,0.00,0.00
2971.00,180.000,180.000,170.000,175.000,180.040,179.950,170.021,175.050,180.057,179.959,170.023,175.079,185.593,182.883,188.112,298.461,0.0564,0.0000,0.1532,0.6116,0.00,0.00,0.00,0.00
2972.00,180.000,180.000,170.000,175.000,180.041,179.951,170.021,175.051,180.059,179.959,170.024,175.083,185.597,182.840,188.122,298.279,0.0563,0.0000,0.1529,0.4391,0.00,0.00,0.00,0.00
2973.00,180.000,180.000,170.000,175.000,180.042,179.951,170.021,175.053,180.060,179.960,170.024,175.087,185.602,182.798,188.131,298.041,0.0562,0.0000,0.1525,0.4430,0.00,0.00,0.00,0.00
2974.00,180.000,180.000,170.000,175.000,180.043,179.951,170.021,175.054,180.061,179.960,170.025,175.091,185.606,182.756,188.141,297.812,0.0561,0.0000,0.1522,0.4467,0.00,0.00,0.00,0.00
2975.00,180.000,180.000,170.000,175.000,180.044,179.952,170.021,175.056,180.062,179.960,170.026,175.094,185.611,182.714,188.150,297.595,0.0560,0.0000,0.1520,0.4502,0.00,0.00,0.00,0.00
2976.00,180.000,180.000,170.000,175.000,180.045,179.952,170.022,175.058,180.064,179.960,170.027,175.097,185.614,182.673,188.157,297.387,0.0559,0.0000,0.1517,0.4536,0.00,0.00,0.00,0.00
2977.00,180.000,180.000,170.000,175.000,180.046,179.953,170.022,175.060,180.065,179.960,170.028,175.100,185.616,182.631,188.164,297.188,0.0559,0.0000,0.1515,0.4568,0.00,0.00,0.00,0.00
2978.00,180.000,180.000,170.000,175.000,180.047,179.953,170.022,175.062,180.066,179.960,170.029,175.102,185.618,182.591,188.170,296.996,0.0558,0.0000,0.1512,0.4598,0.00,0.00,0.00,0.00
2979.00,180.000,180.000,170.000,175.000,180.048,179.953,170.023,175.064,180.068,179.960,170.030,175.104,185.619,182.550,188.177,296.813,0.0557,0.0000,0.1510,0.4627,0.00,0.00,0.00,0.00
2980.00,180.000,180.000,170.000,175.000,180.049,179.954,170.023,175.066,180.069,179.959,170.031,175.106,185.621,182.510,188.184,296.637,0.0557,0.0000,0.1508,0.4654,0.00,0.00,0.00,0.00
2981.00,180.000,180.000,170.000,175.000,180.050,179.954,170.023,175.068,180.070,179.959,170.031,175.108,185.623,182.470,188.190,296.469,0.0556,0.0000,0.1506,0.4680,0.00,0.00,0.00,0.00
2982.00,180.000,180.000,170.000,175.000,180.051,179.954,170.024,175.070,180.072,179.959,170.032,175.109,185.590,182.430,188.197,296.307,0.0000,0.0000,0.1504,0.4705,0.00,0.00,0.00,0.00
2983.00,180.000,180.000,170.000,175.000,180.052,179.954,170.024,175.072,180.073,179.958,170.033,175.111,185.523,182.391,188.203,296.152,0.0000,0.0000,0.1502,0.4728,0.00,0.00,0.00,0.00
2984.00,180.000,180.000,170.000,175.000,180.053,179.955,170.025,175.074,180.074,179.958,170.034,175.112,185.456,182.351,188.210,296.003,0.0000,0.0006,0.1500,0.4750,0.00,0.00,0.00,0.00
2985.00,180.000,180.000,170.000,175.000,180.054,179.955,170.025,175.076,180.075,179.957,170.035,175.113,185.389,182.315,188.214,295.860,0.0000,0.0019,0.1498,0.4771,0.00,0.00,0.00,0.00
2986.00,180.000,180.000,170.000,175.000,180.055,179.955,170.026,175.077,180.076,179.956,170.036,175.114,185.323,182.280,188.217,295.722,0.0000,0.0032,0.1497,0.4791,0.00,0.00,0.00,0.00
2987.00,180.000,180.000,170.000,175.000,180.056,179.955,170.026,175.079,180.076,179.956,170.037,175.115,185.258,182.247,188.221,295.589,0.0010,0.0043,0.1495,0.4810,0.00,0.00,0.00,0.00
2988.00,180.000,180.000,170.000,175.000,180.057,179.955,170.027,175.081,180.077,179.955,170.038,175.116,185.196,182.216,188.225,295.462,0.0034,0.0055,0.1494,0.4828,0.00,0.00,0.00,0.00
2989.00,180.000,180.000,170.000,175.000,180.058,179.955,170.027,175.083,180.077,179.954,170.039,175.116,185.138,182.187,188.229,295.340,0.0055,0.0065,0.1492,0.4845,0.00,0.00,0.00,0.00
2990.00,180.000,180.000,170.000,175.000,180.059,179.955,170.028,175.084,180.078,179.953,170.040,175.117,185.083,182.159,188.233,295.221,0.0076,0.0075,0.1491,0.4862,0.00,0.00,0.00,0.00
2991.00,180.000,180.000,170.000,175.000,180.060,179.955,170.029,175.086,180.078,179.952,170.042,175.117,185.030,182.133,188.237,295.107,0.0095,0.0085,0.1490,0.4877,0.00,0.00,0.00,0.00
2992.00,180.000,180.000,170.000,175.000,180.061,179.955,170.029,175.087,180.078,179.951,170.043,175.118,184.980,182.108,188.241,294.998,0.0113,0.0094,0.1489,0.4892,0.00,0.00,0.00,0.00
2993.00,180.000,180.000,170.000,175.000,180.062,179.954,170.030,175.089,180.078,179.950,170.044,175.118,184.934,182.083,188.244,294.893,0.0130,0.0102,0.1488,0.4905,0.00,0.00,0.00,0.00
2994.00,180.000,180.000,170.000,175.000,180.062,179.954,170.031,175.090,180.078,179.949,170.045,175.118,184.888,182.061,188.248,294.790,0.0146,0.0110,0.1487,0.4919,0.00,0.00,0.00,0.00
2995.00,180.000,180.000,170.000,175.000,180.063,179.954,170.031,175.092,180.078,179.948,170.046,175.119,184.846,182.039,188.252,294.693,0.0161,0.0118,0.1486,0.4931,0.00,0.00,0.00,0.00
2996.00,180.000,180.000,170.000,175.000,180.064,179.954,170.032,175.093,180.078,179.947,170.047,175.119,184.806,182.019,188.256,294.596,0.0175,0.0125,0.1485,0.4943,0.00,0.00,0.00,0.00
2997.00,180.000,180.000,170.000,175.000,180.065,179.953,170.033,175.094,180.078,179.946,170.048,175.119,184.768,182.000,188.259,294.505,0.0188,0.0132,0.1484,0.4954,0.00,0.00,0.00,0.00
2998.00,180.000,180.000,170.000,175.000,180.065,179.953,170.033,175.095,180.078,179.944,170.049,175.119,184.731,181.981,188.263,294.416,0.0200,0.0138,0.1483,0.4964,0.00,0.00,0.00,0.00
2999.00,180.000,180.000,170.000,175.000,180.066,179.952,170.034,175.097,180.078,179.943,170.050,175.119,184.696,181.963,188.267,294.330,0.0211,0.0145,0.1482,0.4974,0.00,0.00,0.00,0.00
3000.00,180.000,180.000,170.000,175.000,180.066,179.952,170.035,175.098,180.077,179.942,170.051,175.119,184.663,181.947,188.270,294.247,0.0222,0.0150,0.1481,0.4984,0.00,0.00,0.00,0.00
3001.00,180.000,180.000,170.000,175.000,180.067,179.951,170.036,175.099,180.077,179.941,170.052,175.119,184.632,181.931,188.274,294.167,0.0232,0.0156,0.1481,0.4993,0.00,0.00,0.00,0.00
3002.00,180.000,180.000,170.000,175.000,180.067,179.951,170.037,175.100,180.076,179.939,170.053,175.119,184.601,181.914,188.277,294.088,0.0241,0.0161,0.1480,0.5001,0.00,0.00,0.00,0.00
3003.00,180.000,180.000,170.000,175.000,180.068,179.950,170.037,175.101,180.076,179.938,170.055,175.119,184.573,181.901,188.279,294.013,0.0250,0.0166,0.1479,0.5009,0.00,0.00,0.00,0.00
3004.00,180.000,180.000,170.000,175.000,180.068,179.950,170.038,175.102,180.075,179.937,170.056,175.119,184.546,181.925,188.280,293.939,0.0258,0.0751,0.1479,0.5017,0.00,0.00,0.00,0.00
3005.00,180.000,180.000,170.000,175.000,180.069,179.949,170.039,175.103,180.075,179.936,170.057,175.119,184.519,181.982,188.281,293.868,0.0266,0.0728,0.1478,0.5024,0.00,0.00,0.00,0.00
3006.00,180.000,180.000,170.000,175.000,180.069,179.948,170.040,175.103,180.074,179.934,170.058,175.119,184.494,182.037,188.282,293.799,0.0273,0.0707,0.1477,0.5031,0.00,0.00,0.00,0.00
3007.00,180.000,180.000,170.000,175.000,180.069,179.948,170.041,175.104,180.073,179.933,170.059,175.119,184.470,182.088,188.283,293.732,0.0280,0.0686,0.1477,0.5037,0.00,0.00,0.00,0.00
3008.00,180.000,180.000,170.000,175.000,180.069,179.947,170.042,175.105,180.073,179.932,170.060,175.119,184.448,182.137,188.284,293.666,0.0286,0.0667,0.1476,0.5043,0.00,0.00,0.00,0.00
3009.00,180.000,180.000,170.000,175.000,180.069,179.946,170.043,175.106,180.072,179.932,170.061,175.119,184.426,182.183,188.285,293.604,0.0292,0.0649,0.1476,0.5049,0.00,0.00,0.00,0.00
3010.00,180.000,180.000,170.000,175.000,180.070,179.946,170.044,175.106,180.071,179.931,170.063,175.119,184.404,182.225,188.286,293.542,0.0298,0.0632,0.1475,0.5054,0.00,0.00,0.00,0.00
3011.00,180.000,180.000,170.000,175.000,180.070,179.945,170.045,175.107,180.070,179.930,170.064,175.119,184.384,182.267,188.287,293.480,0.0303,0.0615,0.1475,0.5059,0.00,0.00,0.00,0.00
3012.00,180.000,180.000,170.000,175.000,180.070,179.944,170.046,175.107,180.069,179.930,170.065,175.119,184.365,182.305,188.289,293.423,0.0308,0.0600,0.1475,0.5064,0.00,0.00,0.00,0.00
3013.00,180.000,180.000,170.000,175.000,180.070,179.943,170.047,175.108,180.068,179.929,170.066,175.119,184.346,182.341,188.290,293.367,0.0312,0.0585,0.1474,0.5068,0.00,0.00,0.00,0.00
3014.00,180.000,180.000,170.000,175.000,180.070,179.943,170.047,175.109,180.067,179.929,170.067,175.119,184.327,182.376,188.291,293.311,0.0316,0.0572,0.1474,0.5072,0.00,0.00,0.00,0.00
3015.00,180.000,180.000,170.000,175.000,180.069,179.942,170.048,175.109,180.066,179.928,170.068,175.119,184.309,182.408,188.292,293.256,0.0320,0.0559,0.1473,0.5076,0.00,0.00,0.00,0.00
3016.00,180.000,180.000,170.000,175.000,180.069,179.941,170.049,175.110,180.066,179.928,170.069,175.119,184.293,182.439,188.293,293.201,0.0324,0.0546,0.1473,0.5080,0.00,0.00,0.00,0.00
3017.00,180.000,180.000,170.000,175.000,180.069,179.941,170.050,175.110,180.065,179.928,170.071,175.119,184.277,182.467,188.249,293.151,0.0327,0.0534,0.0760,0.5083,0.00,0.00,0.00,0.00
3018.00,180.000,180.000,170.000,175.000,180.069,179.940,170.051,175.111,180.063,179.927,170.072,175.119,184.261,182.494,188.164,293.101,0.0330,0.0523,0.0788,0.5086,0.00,0.00,0.00,0.00
3019.00,180.000,180.000,170.000,175.000,180.069,179.939,170.052,175.111,180.062,179.927,170.072,175.119,184.245,182.520,188.082,293.052,0.0333,0.0513,0.0814,0.5089,0.00,0.00,0.00,0.00
3020.00,180.000,180.000,170.000,175.000,180.068,179.939,170.053,175.111,180.061,179.927,170.073,175.119,184.230,182.544,188.004,293.003,0.0336,0.0503,0.0839,0.5092,0.00,0.00,0.00,0.00
3021.00,180.000,180.000,170.000,175.000,180.068,179.938,170.054,175.112,180.060,179.927,170.074,175.119,184.214,182.567,187.930,292.954,0.0338,0.0493,0.0863,0.5095,0.00,0.00,0.00,0.00
3022.00,180.000,180.000,170.000,175.000,180.067,179.938,170.055,175.112,180.059,179.927,170.074,175.120,184.199,182.589,187.860,292.906,0.0341,0.0485,0.0885,0.5097,0.00,0.00,0.00,0.00
3023.00,180.000,180.000,170.000,175.000,180.067,179.937,170.056,175.112,180.058,179.927,170.074,175.120,184.186,182.610,187.792,292.859,0.0343,0.0476,0.0907,0.5099,0.00,0.00,0.00,0.00
3024.00,180.000,180.000,170.000,175.000,180.067,179.937,170.057,175.113,180.057,179.927,170.074,175.120,184.174,182.629,187.727,292.816,0.0345,0.0468,0.0927,0.5102,0.00,0.00,0.00,0.00
3025.00,180.000,180.000,170.000,175.000,180.066,179.936,170.058,175.113,180.056,179.927,170.075,175.120,184.161,182.647,187.665,292.773,0.0347,0.0461,0.0946,0.5103,0.00,0.00,0.00,0.00
3026.00,180.000,180.000,170.000,175.000,180.066,179.936,170.059,175.114,180.054,179.927,170.074,175.120,184.149,182.665,187.606,292.731,0.0348,0.0453,0.0965,0.5105,0.00,0.00,0.00,0.00
3027.00,180.000,180.000,170.000,175.000,180.065,179.935,170.060,175.114,180.053,179.927,170.074,175.120,184.136,182.680,187.550,292.689,0.0350,0.0447,0.0982,0.5107,0.00,0.00,0.00,0.00
3028.00,180.000,180.000,170.000,175.000,180.064,179.935,170.060,175.114,180.052,179.927,170.074,175.120,184.124,182.696,187.497,292.647,0.0351,0.0440,0.0998,0.5108,0.00,0.00,0.00,0.00
3029.00,180.000,180.000,170.000,175.000,180.064,179.935,170.061,175.114,180.051,179.928,170.074,175.120,184.112,182.710,187.446,292.606,0.0352,0.0434,0.1014,0.5110,0.00,0.00,0.00,0.00
3030.00,180.000,180.000,170.000,175.000,180.063,179.934,170.062,175.115,180.049,179.928,170.073,175.121,184.100,182.723,187.397,292.565,0.0354,0.0428,0.1029,0.5111,0.00,0.00,0.00,0.00
3031.00,180.000,180.000,170.000,175.000,180.062,179.934,170.062,175.115,180.048,179.928,170.073,175.121,184.088,182.736,187.350,292.525,0.0355,0.0423,0.1043,0.5112,0.00,0.00,0.00,0.00
3032.00,180.000,180.000,170.000,175.000,180.062,179.934,170.063,175.115,180.047,179.928,170.072,175.121,184.076,182.749,187.306,292.485,0.0356,0.0418,0.1056,0.5113,0.00,0.00,0.00,0.00
3033.00,180.000,180.000,170.000,175.000,180.061,179.933,170.063,175.116,180.046,179.929,170.072,175.121,184.064,182.759,187.263,292.445,0.0357,0.0413,0.1068,0.5114,0.00,0.00,0.00,0.00
3034.00,180.000,180.000,170.000,175.000,180.060,179.933,170.063,175.116,180.044,179.929,170.071,175.121,184.052,182.770,187.222,292.406,0.0357,0.0408,0.1080,0.5115,0.00,0.00,0.00,0.00
3035.00,180.000,180.000,170.000,175.000,180.059,179.933,170.064,175.116,180.043,179.929,170.070,175.122,184.040,182.780,187.183,292.367,0.0358,0.0404,0.1092,0.5116,0.00,0.00,0.00,0.00
3036.00,180.000,180.000,170.000,175.000,180.059,179.933,170.064,175.116,180.041,179.930,170.069,175.122,184.029,182.790,187.145,292.328,0.0359,0.0400,0.1103,0.5116,0.00,0.00,0.00,0.00
3037.00,180.000,180.000,170.000,175.000,180.058,179.933,170.064,175.117,180.040,179.930,170.068,175.122,184.017,182.797,187.110,292.290,0.0359,0.0396,0.1113,0.5117,0.00,0.00,0.00,0.00
3038.00,180.000,180.000,170.000,175.000,180.057,179.933,170.065,175.117,180.039,179.930,170.067,175.122,184.006,182.805,187.075,292.252,0.0360,0.0392,0.1122,0.5117,0.00,0.00,0.00,0.00
3039.00,180.000,180.000,170.000,175.000,180.056,179.932,170.065,175.117,180.037,179.931,170.066,175.123,183.995,182.812,187.043,292.214,0.0360,0.0389,0.1132,0.5118,0.00,0.00,0.00,0.00
3040.00,180.000,180.000,170.000,175.000,180.055,179.932,170.065,175.117,180.036,179.931,170.065,175.123,183.987,182.819,187.011,292.177,0.0361,0.0385,0.1140,0.5118,0.00,0.00,0.00,0.00
3041.00,180.000,180.000,170.000,175.000,180.054,179.932,170.065,175.118,180.034,179.931,170.064,175.123,183.978,182.827,186.981,292.139,0.0361,0.0382,0.1148,0.5118,0.00,0.00,0.00,0.00
3042.00,180.000,180.000,170.000,175.000,180.053,179.932,170.065,175.118,180.033,179.932,170.063,175.124,183.969,182.834,186.952,292.103,0.0361,0.0379,0.1156,0.5118,0.00,0.00,0.00,0.00
3043.00,180.000,180.000,170.000,175.000,180.052,179.932,170.065,175.118,180.031,179.932,170.061,175.124,183.960,182.838,186.924,292.066,0.0362,0.0377,0.1164,0.5118,0.00,0.00,0.00,0.00
3044.00,180.000,180.000,170.000,175.000,180.051,179.932,170.064,175.119,180.030,179.933,170.060,175.124,183.952,182.843,186.898,292.030,0.0362,0.0374,0.1171,0.5118,0.00,0.00,0.00,0.00
3045.00,180.000,180.000,170.000,175.000,180.050,179.932,170.064,175.119,180.028,179.933,170.059,175.125,183.943,182.848,186.872,291.995,0.0362,0.0371,0.1177,0.5118,0.00,0.00,0.00,0.00
3046.00,180.000,180.000,170.000,175.000,180.049,179.932,170.064,175.119,180.027,179.934,170.057,175.125,184.023,182.852,186.847,291.959,0.1057,0.0369,0.1184,0.5118,0.00,0.00,0.00,0.00
3047.00,180.000,180.000,170.000,175.000,180.048,179.932,170.064,175.119,180.026,179.934,170.056,175.125,184.097,182.857,186.824,291.924,0.1025,0.0367,0.1189,0.5118,0.00,0.00,0.00,0.00
3048.00,180.000,180.000,170.000,175.000,180.047,179.932,170.063,175.120,180.025,179.935,170.054,175.126,184.168,182.861,186.801,291.889,0.0995,0.0365,0.1195,0.5118,0.00,0.00,0.00,0.00
3049.00,180.000,180.000,170.000,175.000,180.046,179.933,170.063,175.120,180.024,179.935,170.053,175.126,184.234,182.866,186.778,291.855,0.0967,0.0363,0.1200,0.5118,0.00,0.00,0.00,0.00
3050.00,180.000,180.000,170.000,175.000,180.045,179.933,170.062,175.120,180.023,179.936,170.051,175.126,184.296,182.870,186.757,291.820,0.0940,0.0361,0.1205,0.5118,0.00,0.00,0.00,0.00
3051.00,180.000,180.000,170.000,175.000,180.044,179.933,170.062,175.121,180.022,179.936,170.050,175.127,184.355,182.873,186.737,291.786,0.0915,0.0359,0.1210,0.5117,0.00,0.00,0.00,0.00
3052.00,180.000,180.000,170.000,175.000,180.042,179.933,170.061,175.121,180.022,179.937,170.048,175.127,184.410,182.875,186.717,291.753,0.0892,0.0357,0.1215,0.5117,0.00,0.00,0.00,0.00
3053.00,180.000,180.000,170.000,175.000,180.041,179.933,170.060,175.121,180.021,179.937,170.047,175.128,184.462,182.877,186.697,291.720,0.0870,0.0356,0.1219,0.5116,0.00,0.00,0.00,0.00
3054.00,180.000,180.000,170.000,175.000,180.040,179.933,170.060,175.122,180.021,179.938,170.045,175.128,184.510,182.879,186.679,291.687,0.0850,0.0354,0.1223,0.5116,0.00,0.00,0.00,0.00
3055.00,180.000,180.000,170.000,175.000,180.039,179.934,170.059,175.122,180.020,179.938,170.043,175.128,184.556,182.881,186.662,291.654,0.0830,0.0353,0.1227,0.5116,0.00,0.00,0.00,0.00
3056.00,180.000,180.000,170.000,175.000,180.039,179.934,170.058,175.122,180.020,179.939,170.042,175.129,184.600,182.883,186.645,291.621,0.0812,0.0351,0.1231,0.5115,0.00,0.00,0.00,0.00
3057.00,180.000,180.000,170.000,175.000,180.038,179.934,170.057,175.123,180.020,179.939,170.040,175.129,184.641,182.885,186.628,291.589,0.0795,0.0350,0.1234,0.5114,0.00,0.00,0.00,0.00
3058.00,180.000,180.000,170.000,175.000,180.037,179.934,170.056,175.123,180.020,179.940,170.038,175.130,184.680,182.887,186.611,291.557,0.0779,0.0349,0.1237,0.5114,0.00,0.00,0.00,0.00
3059.00,180.000,180.000,170.000,175.000,180.036,179.935,170.056,175.123,180.020,179.940,170.036,175.130,184.716,182.888,186.594,291.526,0.0764,0.0347,0.1240,0.5113,0.00,0.00,0.00,0.00
3060.00,180.000,180.000,170.000,175.000,180.035,179.935,170.055,175.124,180.020,179.941,170.034,175.131,184.750,182.890,186.580,291.494,0.0750,0.0346,0.1243,0.5113,0.00,0.00,0.00,0.00
3061.00,180.000,180.000,170.000,175.000,180.034,179.935,170.054,175.124,180.020,179.941,170.033,175.131,184.783,182.892,186.566,291.463,0.0736,0.0345,0.1246,0.5112,0.00,0.00,0.00,0.00
3062.00,180.000,180.000,170.000,175.000,180.034,179.935,170.053,175.124,180.020,179.942,170.031,175.132,184.813,182.894,186.552,291.433,0.0724,0.0344,0.1248,0.5111,0.00,0.00,0.00,0.00
3063.00,180.000,180.000,170.000,175.000,180.033,179.936,170.051,175.125,180.020,179.942,170.029,175.132,184.841,182.896,186.538,291.402,0.0712,0.0343,0.1251,0.5111,0.00,0.00,0.00,0.00
3064.00,180.000,180.000,170.000,175.000,180.032,179.936,170.050,175.125,180.020,179.943,170.027,175.133,184.869,182.897,186.524,291.372,0.0701,0.0342,0.1253,0.5110,0.00,0.00,0.00,0.00
3065.00,180.000,180.000,170.000,175.000,180.032,179.936,170.049,175.125,180.021,179.943,170.025,175.133,184.894,182.899,186.556,291.342,0.0691,0.0342,0.1961,0.5109,0.00,0.00,0.00,0.00
3066.00,180.000,180.000,170.000,175.000,180.031,179.937,170.048,175.126,180.021,179.944,170.023,175.134,184.919,182.901,186.629,291.312,0.0681,0.0341,0.1935,0.5108,0.00,0.00,0.00,0.00
3067.00,180.000,180.000,170.000,175.000,180.031,179.937,170.047,175.126,180.021,179.945,170.022,175.134,184.942,182.903,186.699,291.283,0.0672,0.0340,0.1910,0.5108,0.00,0.00,0.00,0.00
3068.00,180.000,180.000,170.000,175.000,180.030,179.937,170.046,175.127,180.022,179.945,170.020,175.135,184.963,182.903,186.765,291.254,0.0663,0.0339,0.1887,0.5107,0.00,0.00,0.00,0.00
3069.00,180.000,180.000,170.000,175.000,180.030,179.938,170.044,175.127,180.022,179.946,170.019,175.135,184.983,182.902,186.827,291.225,0.0655,0.0339,0.1865,0.5106,0.00,0.00,0.00,0.00
3070.00,180.000,180.000,170.000,175.000,180.029,179.938,170.043,175.127,180.023,179.946,170.018,175.136,185.002,182.902,186.887,291.196,0.0648,0.0338,0.1845,0.5105,0.00,0.00,0.00,0.00
3071.00,180.000,180.000,170.000,175.000,180.029,179.939,170.042,175.128,180.023,179.947,170.017,175.136,185.020,182.901,186.944,291.168,0.0641,0.0337,0.1825,0.5104,0.00,0.00,0.00,0.00
3072.00,180.000,180.000,170.000,175.000,180.029,179.939,170.041,175.128,180.024,179.947,170.016,175.137,185.038,182.900,186.999,291.140,0.0634,0.0337,0.1806,0.5103,0.00,0.00,0.00,0.00
3073.00,180.000,180.000,170.000,175.000,180.029,179.939,170.039,175.129,180.024,179.948,170.015,175.137,185.054,182.900,187.050,291.112,0.0628,0.0336,0.1788,0.5103,0.00,0.00,0.00,0.00
3074.00,180.000,180.000,170.000,175.000,180.028,179.940,170.038,175.129,180.025,179.948,170.014,175.138,185.069,182.899,187.098,291.084,0.0622,0.0336,0.1771,0.5102,0.00,0.00,0.00,0.00
3075.00,180.000,180.000,170.000,175.000,180.028,179.940,170.037,175.130,180.026,179.949,170.013,175.139,185.084,182.898,187.145,291.057,0.0616,0.0335,0.1755,0.5101,0.00,0.00,0.00,0.00
3076.00,180.000,180.000,170.000,175.000,180.028,179.941,170.036,175.130,180.026,179.950,170.012,175.139,185.097,182.897,187.189,291.030,0.0611,0.0335,0.1740,0.5100,0.00,0.00,0.00,0.00
3077.00,180.000,180.000,170.000,175.000,180.028,179.941,170.035,175.130,180.027,179.950,170.012,175.140,185.110,182.897,187.230,290.999,0.0606,0.0334,0.1725,0.5099,0.00,0.00,0.00,0.00
3078.00,180.000,180.000,170.000,175.000,180.028,179.942,170.034,175.131,180.028,179.951,170.011,175.141,185.123,182.896,187.269,290.968,0.0601,0.0334,0.1711,0.5098,0.00,0.00,0.00,0.00
3079.00,180.000,180.000,170.000,175.000,180.028,179.942,170.032,175.131,180.029,179.951,170.011,175.141,185.134,182.895,187.307,290.937,0.0597,0.0334,0.1698,0.5097,0.00,0.00,0.00,0.00
3080.00,180.000,180.000,170.000,175.000,180.028,179.943,170.031,175.132,180.029,179.952,170.011,175.142,185.144,182.895,187.343,290.907,0.0593,0.0333,0.1686,0.5096,0.00,0.00,0.00,0.00
3081.00,180.000,180.000,170.000,175.000,180.028,179.943,170.030,175.132,180.030,179.952,170.010,175.142,185.154,182.894,187.377,290.877,0.0589,0.0333,0.1674,0.5095,0.00,0.00,0.00,0.00
3082.00,180.000,180.000,170.000,175.000,180.028,179.943,170.029,175.133,180.031,179.953,170.010,175.143,185.165,182.893,187.409,290.848,0.0586,0.0333,0.1663,0.5094,0.00,0.00,0.00,0.00
3083.00,180.000,180.000,170.000,175.000,180.028,179.944,170.028,175.133,180.032,179.953,170.010,175.144,185.175,182.893,187.440,290.818,0.0582,0.0332,0.1652,0.5093,0.00,0.00,0.00,0.00
3084.00,180.000,180.000,170.000,175.000,180.029,179.944,170.028,175.134,180.033,179.954,170.010,175.144,185.185,182.892,187.469,290.789,0.0579,0.0332,0.1642,0.5092,0.00,0.00,0.00,0.00
3085.00,180.000,180.000,170.000,175.000,180.029,179.945,170.027,175.134,180.034,179.954,170.010,175.145,185.192,182.892,187.497,290.760,0.0576,0.0332,0.1632,0.5091,0.00,0.00,0.00,0.00
3086.00,180.000,180.000,170.000,175.000,180.029,179.945,170.026,175.135,180.035,179.955,170.010,175.146,185.199,182.891,187.523,290.731,0.0573,0.0331,0.1623,0.5090,0.00,0.00,0.00,0.00
3087.00,180.000,180.000,170.000,175.000,180.029,179.946,170.025,175.135,180.035,179.955,170.010,175.146,185.207,182.890,187.548,290.703,0.0571,0.0331,0.1614,0.5089,0.00,0.00,0.00,0.00
3088.00,180.000,180.000,170.000,175.000,180.030,179.946,170.024,175.136,180.036,179.956,170.010,175.147,185.214,182.890,187.572,290.675,0.0568,0.0331,0.1606,0.5088,0.00,0.00,0.00,0.00
3089.00,180.000,180.000,170.000,175.000,180.030,179.947,170.024,175.137,180.037,179.957,170.010,175.148,185.221,182.889,187.595,290.647,0.0566,0.0331,0.1598,0.5087,0.00,0.00,0.00,0.00
3090.00,180.000,180.000,170.000,175.000,180.030,179.947,170.023,175.137,180.038,179.957,170.010,175.149,185.228,182.889,187.616,290.619,0.0564,0.0331,0.1591,0.5086,0.00,0.00,0.00,0.00
3091.00,180.000,180.000,170.000,175.000,180.031,179.948,170.022,175.138,180.039,179.958,170.010,175.149,185.235,182.888,187.637,290.592,0.0562,0.0330,0.1584,0.5085,0.00,0.00,0.00,0.00
3092.00,180.000,180.000,170.000,175.000,180.031,179.948,170.022,175.138,180.040,179.958,170.011,175.150,185.243,182.887,187.656,290.565,0.0560,0.0330,0.1577,0.5084,0.00,0.00,0.00,0.00
3093.00,180.000,180.000,170.000,175.000,180.032,179.949,170.021,175.139,180.041,179.959,170.011,175.151,185.247,182.887,187.674,290.538,0.0558,0.0330,0.1571,0.5083,0.00,0.00,0.00,0.00
3094.00,180.000,180.000,170.000,175.000,180.032,179.949,170.021,175.139,180.042,179.959,170.011,175.151,185.252,182.886,187.692,290.511,0.0556,0.0330,0.1564,0.5081,0.00,0.00,0.00,0.00
3095.00,180.000,180.000,170.000,175.000,180.033,179.950,170.020,175.140,180.043,179.960,170.012,175.152,185.256,182.886,187.709,290.485,0.0555,0.0330,0.1559,0.5080,0.00,0.00,0.00,0.00
3096.00,180.000,180.000,170.000,175.000,180.033,179.950,170.020,175.141,180.044,179.960,170.012,175.153,185.261,182.864,187.724,290.456,0.0553,0.0000,0.1553,0.5079,0.00,0.00,0.00,0.00
3097.00,180.000,180.000,170.000,175.000,180.034,179.951,170.019,175.141,180.045,179.961,170.012,175.154,185.265,182.821,187.739,290.426,0.0552,0.0000,0.1548,0.5078,0.00,0.00,0.00,0.00
3098.00,180.000,180.000,170.000,175.000,180.034,179.951,170.019,175.142,180.046,179.961,170.013,175.154,185.270,182.779,187.754,290.396,0.0551,0.0000,0.1543,0.5077,0.00,0.00,0.00,0.00
3099.00,180.000,180.000,170.000,175.000,180.035,179.952,170.019,175.142,180.047,179.961,170.013,175.155,185.274,182.737,187.768,290.367,0.0549,0.0000,0.1538,0.5076,0.00,0.00,0.00,0.00
3100.00,180.000,180.000,170.000,175.000,180.036,179.952,170.019,175.143,180.048,179.961,170.014,175.156,185.278,182.695,187.781,290.337,0.0548,0.0000,0.1534,0.5075,0.00,0.00,0.00,0.00
3101.00,180.000,180.000,170.000,175.000,180.036,179.953,170.018,175.144,180.049,179.962,170.014,175.157,185.283,182.654,187.793,290.308,0.0547,0.0000,0.1530,0.5074,0.00,0.00,0.00,0.00
3102.00,180.000,180.000,170.000,175.000,180.037,179.953,170.018,175.144,180.051,179.962,170.015,175.157,185.287,182.613,187.805,290.280,0.0546,0.0000,0.1526,0.5073,0.00,0.00,0.00,0.00
3103.00,180.000,180.000,170.000,175.000,180.038,179.953,170.018,175.145,180.052,179.962,170.015,175.158,185.291,182.572,187.816,290.251,0.0545,0.0000,0.1522,0.5072,0.00,0.00,0.00,0.00
3104.00,180.000,180.000,170.000,175.000,180.038,179.954,170.018,175.146,180.053,179.961,170.016,175.159,185.296,182.532,187.827,290.223,0.0544,0.0000,0.1518,0.5070,0.00,0.00,0.00,0.00
3105.00,180.000,180.000,170.000,175.000,180.039,179.954,170.018,175.146,180.054,179.961,170.017,175.160,185.300,182.491,187.836,290.195,0.0543,0.0000,0.1515,0.5069,0.00,0.00,0.00,0.00
3106.00,180.000,180.000,170.000,175.000,180.040,179.955,170.018,175.147,180.055,179.961,170.017,175.161,185.304,182.451,187.845,290.167,0.0543,0.0000,0.1512,0.5068,0.00,0.00,0.00,0.00
3107.00,180.000,180.000,170.000,175.000,180.040,179.955,170.018,175.148,180.056,179.961,170.018,175.161,185.308,182.412,187.854,290.139,0.0542,0.0000,0.1509,0.5067,0.00,0.00,0.00,0.00
3108.00,180.000,180.000,170.000,175.000,180.041,179.955,170.018,175.148,180.057,179.960,170.019,175.162,185.313,182.372,187.863,290.112,0.0541,0.0000,0.1506,0.5066,0.00,0.00,0.00,0.00
3109.00,180.000,180.000,170.000,175.000,180.042,179.955,170.018,175.149,180.058,179.960,170.019,175.163,185.317,182.333,187.872,290.085,0.0540,0.0006,0.1503,0.5065,0.00,0.00,0.00,0.00
3110.00,180.000,180.000,170.000,175.000,180.043,179.956,170.018,175.150,180.059,179.959,170.020,175.164,185.321,182.297,187.881,290.058,0.0540,0.0019,0.1500,0.5064,0.00,0.00,0.00,0.00
3111.00,180.000,180.000,170.000,175.000,180.044,179.956,170.018,175.150,180.061,179.959,170.021,175.164,185.323,182.262,187.888,289.841,0.0539,0.0032,0.1498,0.3360,0.00,0.00,0.00,0.00
3112.00,180.000,180.000,170.000,175.000,180.044,179.956,170.018,175.151,180.062,179.958,170.021,175.165,185.324,182.229,187.894,289.465,0.0539,0.0044,0.1495,0.3419,0.00,0.00,0.00,0.00
3113.00,180.000,180.000,170.000,175.000,180.045,179.956,170.018,175.152,180.063,179.957,170.022,175.165,185.326,182.198,187.900,289.103,0.0538,0.0055,0.1493,0.3475,0.00,0.00,0.00,0.00
3114.00,180.000,180.000,170.000,175.000,180.046,179.956,170.018,175.152,180.064,179.957,170.023,175.164,185.328,182.169,187.907,288.757,0.0538,0.0065,0.1491,0.3528,0.00,0.00,0.00,0.00
3115.00,180.000,180.000,170.000,175.000,180.047,179.956,170.019,175.153,180.065,179.956,170.024,175.163,185.329,182.141,187.913,288.424,0.0537,0.0075,0.1489,0.3579,0.00,0.00,0.00,0.00
3116.00,180.000,180.000,170.000,175.000,180.048,179.956,170.019,175.153,180.066,179.955,170.024,175.162,185.331,182.115,187.919,288.104,0.0537,0.0085,0.1487,0.3627,0.00,0.00,0.00,0.00
3117.00,180.000,180.000,170.000,175.000,180.049,179.956,170.019,175.154,180.068,179.954,170.025,175.161,185.333,182.090,187.925,287.795,0.0536,0.0094,0.1485,0.3672,0.00,0.00,0.00,0.00
3118.00,180.000,180.000,170.000,175.000,180.050,179.956,170.020,175.154,180.069,179.953,170.026,175.159,185.334,182.066,187.931,287.502,0.0536,0.0102,0.1483,0.3715,0.00,0.00,0.00,0.00
3119.00,180.000,180.000,170.000,175.000,180.051,179.956,170.020,175.154,180.070,179.952,170.027,175.157,185.269,182.044,187.937,287.219,0.0000,0.0110,0.1482,0.3756,0.00,0.00,0.00,0.00
3120.00,180.000,180.000,170.000,175.000,180.052,179.956,170.020,175.154,180.071,179.951,170.028,175.155,185.204,182.022,187.943,286.947,0.0000,0.0118,0.1480,0.3795,0.00,0.00,0.00,0.00
3121.00,180.000,180.000,170.000,175.000,180.053,179.955,170.021,175.154,180.072,179.950,170.028,175.152,185.139,182.001,187.947,286.686,0.0000,0.0125,0.1478,0.3832,0.00,0.00,0.00,0.00
3122.00,180.000,180.000,170.000,175.000,180.054,179.955,170.021,175.154,180.072,179.949,170.029,175.150,185.075,181.982,187.950,286.432,0.0000,0.0132,0.1477,0.3867,0.00,0.00,0.00,0.00
3123.00,180.000,180.000,170.000,175.000,180.054,179.955,170.021,175.154,180.073,179.948,170.030,175.147,185.012,181.963,187.954,286.187,0.0000,0.0139,0.1476,0.3901,0.00,0.00,0.00,0.00
3124.00,180.000,180.000,170.000,175.000,180.055,179.954,170.022,175.154,180.073,179.947,170.031,175.144,184.948,181.946,187.957,285.954,0.0000,0.0145,0.1474,0.3932,0.00,0.00,0.00,0.00
3125.00,180.000,180.000,170.000,175.000,180.056,179.954,170.022,175.153,180.074,179.946,170.032,175.141,184.887,181.930,187.960,285.726,0.0022,0.0150,0.1473,0.3962,0.00,0.00,0.00,0.00
3126.00,180.000,180.000,170.000,175.000,180.057,179.954,170.023,175.152,180.074,179.944,170.033,175.138,184.830,181.914,187.964,285.509,0.0043,0.0156,0.1472,0.3990,0.00,0.00,0.00,0.00
3127.00,180.000,180.000,170.000,175.000,180.058,179.953,170.023,175.152,180.074,179.943,170.034,175.134,184.775,181.898,187.967,285.297,0.0064,0.0161,0.1471,0.4017,0.00,0.00,0.00,0.00
3128.00,180.000,180.000,170.000,175.000,180.059,179.953,170.024,175.151,180.074,179.942,170.034,175.131,184.724,181.884,187.971,285.094,0.0083,0.0166,0.1470,0.4043,0.00,0.00,0.00,0.00
3129.00,180.000,180.000,170.000,175.000,180.060,179.952,170.024,175.150,180.074,179.941,170.035,175.127,184.675,181.871,187.974,284.983,0.0100,0.0171,0.1469,0.5800,0.00,0.00,0.00,0.00
3130.00,180.000,180.000,170.000,175.000,180.060,179.951,170.025,175.149,180.074,179.939,170.036,175.124,184.630,181.858,187.977,285.148,0.0117,0.0175,0.1468,0.5762,0.00,0.00,0.00,0.00
3131.00,180.000,180.000,170.000,175.000,180.061,179.951,170.025,175.147,180.074,179.938,170.037,175.121,184.586,181.845,187.981,285.303,0.0133,0.0179,0.1467,0.5725,0.00,0.00,0.00,0.00
3132.00,180.000,180.000,170.000,175.000,180.062,179.950,170.026,175.146,180.074,179.937,170.038,175.119,184.544,181.833,187.984,285.449,0.0147,0.0183,0.1466,0.5690,0.00,0.00,0.00,0.00
3133.00,180.000,180.000,170.000,175.000,180.062,179.950,170.027,175.145,180.074,179.935,170.039,175.117,184.504,181.858,187.987,285.589,0.0161,0.0760,0.1465,0.5656,0.00,0.00,0.00,0.00
3134.00,180.000,180.000,170.000,175.000,180.063,179.949,170.027,175.143,180.073,179.934,170.040,175.115,184.467,181.917,187.990,285.720,0.0174,0.0737,0.1465,0.5624,0.00,0.00,0.00,0.00
3135.00,180.000,180.000,170.000,175.000,180.063,179.948,170.028,175.142,180.073,179.933,170.041,175.113,184.432,181.973,187.994,285.843,0.0186,0.0715,0.1464,0.5594,0.00,0.00,0.00,0.00
3136.00,180.000,180.000,170.000,175.000,180.064,179.947,170.029,175.141,180.072,179.932,170.042,175.112,184.398,182.026,187.997,285.959,0.0197,0.0694,0.1463,0.5565,0.00,0.00,0.00,0.00
3137.00,180.000,180.000,170.000,175.000,180.064,179.947,170.029,175.139,180.072,179.931,170.043,175.111,184.365,182.077,188.000,286.068,0.0208,0.0675,0.1462,0.5537,0.00,0.00,0.00,0.00
3138.00,180.000,180.000,170.000,175.000,180.064,179.946,170.030,175.138,180.071,179.930,170.044,175.110,184.334,182.124,188.003,286.170,0.0218,0.0656,0.1462,0.5510,0.00,0.00,0.00,0.00
3139.00,180.000,180.000,170.000,175.000,180.065,179.945,170.031,175.136,180.071,179.930,170.045,175.109,184.304,182.169,188.007,286.266,0.0227,0.0639,0.1461,0.5485,0.00,0.00,0.00,0.00
3140.00,180.000,180.000,170.000,175.000,180.065,179.944,170.031,175.135,180.070,179.929,170.046,175.109,184.276,182.210,188.010,286.355,0.0236,0.0622,0.1461,0.5461,0.00,0.00,0.00,0.00
3141.00,180.000,180.000,170.000,175.000,180.065,179.944,170.032,175.134,180.069,179.928,170.047,175.108,184.249,182.250,188.013,286.440,0.0244,0.0606,0.1460,0.5438,0.00,0.00,0.00,0.00
3142.00,180.000,180.000,170.000,175.000,180.065,179.943,170.033,175.133,180.068,179.928,170.048,175.108,184.224,182.288,188.015,286.519,0.0252,0.0591,0.1460,0.5416,0.00,0.00,0.00,0.00
3143.00,180.000,180.000,170.000,175.000,180.066,179.942,170.033,175.131,180.067,179.927,170.049,175.108,184.199,182.324,188.015,286.592,0.0259,0.0577,0.1459,0.5395,0.00,0.00,0.00,0.00
3144.00,180.000,180.000,170.000,175.000,180.066,179.941,170.034,175.130,180.067,179.927,170.050,175.108,184.175,182.357,188.016,286.660,0.0265,0.0564,0.1459,0.5375,0.00,0.00,0.00,0.00
3145.00,180.000,180.000,170.000,175.000,180.066,179.941,170.035,175.129,180.066,179.927,170.051,175.109,184.153,182.388,188.017,286.725,0.0272,0.0551,0.1458,0.5356,0.00,0.00,0.00,0.00
3146.00,180.000,180.000,170.000,175.000,180.066,179.940,170.036,175.128,180.065,179.927,170.052,175.109,184.131,182.419,188.017,286.785,0.0277,0.0539,0.1458,0.5338,0.00,0.00,0.00,0.00
3147.00,180.000,180.000,170.000,175.000,180.066,179.939,170.036,175.127,180.064,179.926,170.053,175.109,184.110,182.446,188.018,286.841,0.0283,0.0528,0.1457,0.5321,0.00,0.00,0.00,0.00
3148.00,180.000,180.000,170.000,175.000,180.066,179.939,170.037,175.126,180.063,179.926,170.053,175.110,184.091,182.473,188.019,286.892,0.0288,0.0517,0.1457,0.5304,0.00,0.00,0.00,0.00
3149.00,180.000,180.000,170.000,175.000,180.065,179.938,170.038,175.126,180.062,179.926,170.054,175.111,184.071,182.498,188.019,286.938,0.0293,0.0507,0.1457,0.5288,0.00,0.00,0.00,0.00
3150.00,180.000,180.000,170.000,175.000,180.065,179.937,170.039,175.125,180.061,179.926,170.055,175.111,184.052,182.522,188.020,286.982,0.0297,0.0497,0.1456,0.5273,0.00,0.00,0.00,0.00
3151.00,180.000,180.000,170.000,175.000,180.065,179.937,170.040,175.124,180.059,179.926,170.056,175.112,184.033,182.544,188.021,287.023,0.0301,0.0488,0.1456,0.5258,0.00,0.00,0.00,0.00
3152.00,180.000,180.000,170.000,175.000,180.065,179.936,170.041,175.124,180.058,179.926,170.057,175.113,184.017,182.566,188.021,287.060,0.0305,0.0479,0.1456,0.5244,0.00,0.00,0.00,0.00
3153.00,180.000,180.000,170.000,175.000,180.064,179.936,170.041,175.123,180.057,179.926,170.058,175.114,184.001,182.585,188.022,287.095,0.0309,0.0471,0.1455,0.5231,0.00,0.00,0.00,0.00
3154.00,180.000,180.000,170.000,175.000,180.064,179.935,170.042,175.123,180.056,179.926,170.059,175.115,183.985,182.603,188.023,287.127,0.0312,0.0464,0.1455,0.5219,0.00,0.00,0.00,0.00
3155.00,180.000,180.000,170.000,175.000,180.064,179.935,170.043,175.122,180.055,179.926,170.060,175.116,183.969,182.621,188.023,287.155,0.0315,0.0456,0.1455,0.5206,0.00,0.00,0.00,0.00
3156.00,180.000,180.000,170.000,175.000,180.063,179.935,170.044,175.122,180.054,179.927,170.061,175.117,183.953,182.637,188.024,287.180,0.0318,0.0449,0.1455,0.5195,0.00,0.00,0.00,0.00
3157.00,180.000,180.000,170.000,175.000,180.063,179.934,170.045,175.122,180.052,179.927,170.062,175.118,183.937,182.653,188.025,287.203,0.0320,0.0443,0.1454,0.5184,0.00,0.00,0.00,0.00
3158.00,180.000,180.000,170.000,175.000,180.062,179.934,170.046,175.122,180.051,179.927,170.063,175.119,183.924,182.667,188.025,287.224,0.0323,0.0437,0.1454,0.5173,0.00,0.00,0.00,0.00
3159.00,180.000,180.000,170.000,175.000,180.062,179.933,170.047,175.121,180.050,179.927,170.064,175.120,183.911,182.681,188.026,287.243,0.0325,0.0431,0.1454,0.5163,0.00,0.00,0.00,0.00
3160.00,180.000,180.000,170.000,175.000,180.061,179.933,170.047,175.121,180.048,179.928,170.065,175.121,183.898,182.694,188.027,287.259,0.0327,0.0425,0.1454,0.5153,0.00,0.00,0.00,0.00
3161.00,180.000,180.000,170.000,175.000,180.060,179.933,170.048,175.121,180.047,179.928,170.066,175.123,183.885,182.707,188.027,287.273,0.0329,0.0420,0.1454,0.5144,0.00,0.00,0.00,0.00
3162.00,180.000,180.000,170.000,175.000,180.060,179.933,170.049,175.121,180.046,179.928,170.067,175.124,183.872,182.717,188.028,287.285,0.0331,0.0415,0.1453,0.5135,0.00,0.00,0.00,0.00
3163.00,180.000,180.000,170.000,175.000,180.059,179.932,170.050,175.122,180.044,179.928,170.068,175.125,183.859,182.728,188.029,287.295,0.0333,0.0410,0.0733,0.5126,0.00,0.00,0.00,0.00
3164.00,180.000,180.000,170.000,175.000,180.058,179.932,170.051,175.122,180.043,179.929,170.069,175.126,183.846,182.738,187.941,287.304,0.0334,0.0406,0.0762,0.5118,0.00,0.00,0.00,0.00
3165.00,180.000,180.000,170.000,175.000,180.057,179.932,170.052,175.122,180.041,179.929,170.070,175.128,183.834,182.748,187.858,287.310,0.0336,0.0402,0.0789,0.5110,0.00,0.00,0.00,0.00
3166.00,180.000,180.000,170.000,175.000,180.057,179.932,170.053,175.122,180.040,179.930,170.071,175.129,183.821,182.757,187.779,287.315,0.0337,0.0398,0.0814,0.5103,0.00,0.00,0.00,0.00
3167.00,180.000,180.000,170.000,175.000,180.056,179.932,170.054,175.123,180.039,179.930,170.071,175.130,183.809,182.765,187.703,287.318,0.0338,0.0394,0.0838,0.5096,0.00,0.00,0.00,0.00
3168.00,180.000,180.000,170.000,175.000,180.055,179.932,170.055,175.123,180.037,179.930,170.072,175.132,183.796,182.772,187.631,287.319,0.0339,0.0390,0.0861,0.5089,0.00,0.00,0.00,0.00
3169.00,180.000,180.000,170.000,175.000,180.054,179.932,170.055,175.123,180.036,179.931,170.072,175.133,183.784,182.780,187.562,287.321,0.0340,0.0387,0.0883,0.5082,0.00,0.00,0.00,0.00
3170.00,180.000,180.000,170.000,175.000,180.053,179.932,170.056,175.124,180.034,179.931,170.072,175.134,183.774,182.787,187.497,287.320,0.0341,0.0384,0.0903,0.5076,0.00,0.00,0.00,0.00
3171.00,180.000,180.000,170.000,175.000,180.052,179.932,170.057,175.124,180.033,179.932,170.072,175.136,183.765,182.795,187.434,287.317,0.0342,0.0381,0.0923,0.5069,0.00,0.00,0.00,0.00
3172.00,180.000,180.000,170.000,175.000,180.051,179.932,170.058,175.125,180.031,179.932,170.072,175.137,183.755,182.801,187.374,287.314,0.0343,0.0378,0.0941,0.5063,0.00,0.00,0.00,0.00
3173.00,180.000,180.000,170.000,175.000,180.050,179.932,170.058,175.126,180.030,179.933,170.071,175.138,183.746,182.806,187.318,287.309,0.0343,0.0375,0.0959,0.5058,0.00,0.00,0.00,0.00
3174.00,180.000,180.000,170.000,175.000,180.049,179.932,170.059,175.126,180.028,179.933,170.071,175.139,183.824,182.811,187.263,287.302,0.1038,0.0372,0.0976,0.5052,0.00,0.00,0.00,0.00
3175.00,180.000,180.000,170.000,175.000,180.048,179.932,170.060,175.127,180.027,179.934,170.071,175.141,183.899,182.815,187.211,287.295,0.1007,0.0370,0.0992,0.5047,0.00,0.00,0.00,0.00
3176.00,180.000,180.000,170.000,175.000,180.047,179.932,170.060,175.128,180.026,179.934,170.070,175.142,183.969,182.820,187.161,287.288,0.0977,0.0368,0.1007,0.5042,0.00,0.00,0.00,0.00
3177.00,180.000,180.000,170.000,175.000,180.046,179.932,170.061,175.128,180.025,179.935,170.069,175.143,184.035,182.825,187.114,287.279,0.0950,0.0365,0.1021,0.5037,0.00,0.00,0.00,0.00
3178.00,180.000,180.000,170.000,175.000,180.045,179.932,170.061,175.129,180.024,179.935,170.069,175.145,184.097,182.830,187.069,287.268,0.0924,0.0363,0.1035,0.5032,0.00,0.00,0.00,0.00
3179.00,180.000,180.000,170.000,175.000,180.044,179.932,170.061,175.130,180.023,179.936,170.068,175.146,184.155,182.834,187.025,287.257,0.0899,0.0361,0.1047,0.5028,0.00,0.00,0.00,0.00
3180.00,180.000,180.000,170.000,175.000,180.043,179.933,170.062,175.131,180.022,179.937,170.067,175.147,184.210,182.839,186.984,287.246,0.0876,0.0360,0.1060,0.5023,0.00,0.00,0.00,0.00
3181.00,180.000,180.000,170.000,175.000,180.042,179.933,170.062,175.131,180.022,179.937,170.066,175.149,184.262,182.841,186.945,287.236,0.0854,0.0358,0.1071,0.5019,0.00,0.00,0.00,0.00
3182.00,180.000,180.000,170.000,175.000,180.041,179.933,170.062,175.132,180.021,179.938,170.065,175.150,184.311,182.843,186.906,287.221,0.0834,0.0356,0.1082,0.5015,0.00,0.00,0.00,0.00
3183.00,180.000,180.000,170.000,175.000,180.040,179.933,170.062,175.133,180.021,179.938,170.064,175.151,184.357,182.845,186.870,287.207,0.0815,0.0355,0.1092,0.5011,0.00,0.00,0.00,0.00
3184.00,180.000,180.000,170.000,175.000,180.039,179.933,170.062,175.134,180.020,179.939,170.063,175.152,184.400,182.847,186.834,287.192,0.0797,0.0353,0.1102,0.5007,0.00,0.00,0.00,0.00
3185.00,180.000,180.000,170.000,175.000,180.038,179.934,170.062,175.135,180.020,179.939,170.062,175.154,184.440,182.849,186.801,287.178,0.0780,0.0352,0.1112,0.5004,0.00,0.00,0.00,0.00
3186.00,180.000,180.000,170.000,175.000,180.037,179.934,170.062,175.136,180.020,179.940,170.061,175.155,184.478,182.851,186.769,287.164,0.0764,0.0350,0.1120,0.5000,0.00,0.00,0.00,0.00
3187.00,180.000,180.000,170.000,175.000,180.036,179.934,170.062,175.137,180.020,179.941,170.059,175.156,184.514,182.853,186.739,287.146,0.0750,0.0349,0.1129,0.4997,0.00,0.00,0.00,0.00
3188.00,180.000,180.000,170.000,175.000,180.036,179.935,170.062,175.138,180.020,179.941,170.058,175.157,184.549,182.855,186.709,287.128,0.0736,0.0348,0.1137,0.4993,0.00,0.00,0.00,0.00
3189.00,180.000,180.000,170.000,175.000,180.035,179.935,170.062,175.139,180.020,179.942,170.057,175.158,184.580,182.857,186.680,287.110,0.0722,0.0347,0.1144,0.4990,0.00,0.00,0.00,0.00
3190.00,180.000,180.000,170.000,175.000,180.034,179.935,170.062,175.140,180.020,179.942,170.055,175.160,184.611,182.859,186.654,287.092,0.0710,0.0346,0.1151,0.4987,0.00,0.00,0.00,0.00
3191.00,180.000,180.000,170.000,175.000,180.033,179.936,170.061,175.141,180.020,179.943,170.054,175.161,184.640,182.861,186.627,287.075,0.0699,0.0345,0.1158,0.4984,0.00,0.00,0.00,0.00
3192.00,180.000,180.000,170.000,175.000,180.033,179.936,170.061,175.142,180.020,179.944,170.052,175.162,184.666,182.863,186.602,287.057,0.0688,0.0344,0.1165,0.4981,0.00,0.00,0.00,0.00
3193.00,180.000,180.000,170.000,175.000,180.032,179.936,170.060,175.143,180.020,179.944,170.051,175.163,184.692,182.865,186.578,287.038,0.0677,0.0343,0.1171,0.4978,0.00,0.00,0.00,0.00
3194.00,180.000,180.000,170.000,175.000,180.031,179.937,170.060,175.144,180.021,179.945,170.049,175.164,184.716,182.867,186.554,287.017,0.0668,0.0342,0.1176,0.4975,0.00,0.00,0.00,0.00
3195.00,180.000,180.000,170.000,175.000,180.031,179.937,170.059,175.145,180.021,179.945,170.047,175.165,184.739,182.869,186.530,286.996,0.0659,0.0341,0.1182,0.4973,0.00,0.00,0.00,0.00
3196.00,180.000,180.000,170.000,175.000,180.030,179.938,170.059,175.146,180.021,179.946,170.046,175.166,184.759,182.871,186.510,286.975,0.0650,0.0340,0.1187,0.4970,0.00,0.00,0.00,0.00
3197.00,180.000,180.000,170.000,175.000,180.030,179.938,170.058,175.147,180.022,179.947,170.044,175.168,184.780,182.873,186.489,286.955,0.0642,0.0340,0.1192,0.4968,0.00,0.00,0.00,0.00
3198.00,180.000,180.000,170.000,175.000,180.030,179.938,170.057,175.148,180.022,179.947,170.042,175.169,184.799,182.873,186.468,286.934,0.0635,0.0339,0.1196,0.4965,0.00,0.00,0.00,0.00
3199.00,180.000,180.000,170.000,175.000,180.029,179.939,170.057,175.149,180.023,179.948,170.041,175.170,184.816,182.872,186.448,286.914,0.0628,0.0338,0.1201,0.4963,0.00,0.00,0.00,0.00
3200.00,180.000,180.000,170.000,175.000,180.029,179.939,170.056,175.150,180.023,179.949,170.039,175.171,184.834,182.872,186.430,286.894,0.0621,0.0338,0.1205,0.4960,0.00,0.00,0.00,0.00
3201.00,180.000,180.000,170.000,175.000,180.029,179.940,170.055,175.151,180.024,179.949,170.037,175.172,184.850,182.871,186.412,286.513,0.0615,0.0337,0.1209,0.3271,0.00,0.00,0.00,0.00
3202.00,180.000,180.000,170.000,175.000,180.028,179.940,170.054,175.152,180.024,179.950,170.035,175.172,184.865,182.870,186.395,286.147,0.0609,0.0337,0.1213,0.3328,0.00,0.00,0.00,0.00
3203.00,180.000,180.000,170.000,175.000,180.028,179.941,170.053,175.153,180.025,179.950,170.033,175.172,184.880,182.870,186.377,285.795,0.0604,0.0336,0.1216,0.3382,0.00,0.00,0.00,0.00
3204.00,180.000,180.000,170.000,175.000,180.028,179.941,170.052,175.154,180.025,179.951,170.031,175.172,184.894,182.869,186.360,285.457,0.0599,0.0336,0.1219,0.3433,0.00,0.00,0.00,0.00
3205.00,180.000,180.000,170.000,175.000,180.028,179.942,170.051,175.155,180.026,179.952,170.030,175.171,184.906,182.869,186.344,285.133,0.0594,0.0335,0.1222,0.3482,0.00,0.00,0.00,0.00
3206.00,180.000,180.000,170.000,175.000,180.028,179.942,170.050,175.155,180.027,179.952,170.028,175.170,184.918,182.868,186.329,284.821,0.0589,0.0335,0.1225,0.3529,0.00,0.00,0.00,0.00
3207.00,180.000,180.000,170.000,175.000,180.028,179.943,170.049,175.156,180.027,179.953,170.026,175.168,184.930,182.868,186.403,284.521,0.0585,0.0334,0.1926,0.3573,0.00,0.00,0.00,0.00
3208.00,180.000,180.000,170.000,175.000,180.028,179.943,170.048,175.157,180.028,179.954,170.024,175.167,184.942,182.867,186.473,284.235,0.0581,0.0334,0.1902,0.3615,0.00,0.00,0.00,0.00
3209.00,180.000,180.000,170.000,175.000,180.028,179.944,170.047,175.157,180.029,179.954,170.022,175.165,184.952,182.867,186.540,283.960,0.0577,0.0333,0.1878,0.3654,0.00,0.00,0.00,0.00
3210.00,180.000,180.000,170.000,175.000,180.028,179.944,170.045,175.158,180.029,179.955,170.021,175.162,184.962,182.866,186.603,283.695,0.0574,0.0333,0.1856,0.3692,0.00,0.00,0.00,0.00
3211.00,180.000,180.000,170.000,175.000,180.028,179.945,170.044,175.158,180.030,179.955,170.020,175.160,184.971,182.866,186.664,283.438,0.0571,0.0333,0.1835,0.3728,0.00,0.00,0.00,0.00
3212.00,180.000,180.000,170.000,175.000,180.028,179.945,170.043,175.158,180.031,179.956,170.018,175.158,184.980,182.865,186.721,283.190,0.0567,0.0332,0.1815,0.3762,0.00,0.00,0.00,0.00
3213.00,180.000,180.000,170.000,175.000,180.028,179.946,170.042,175.158,180.032,179.957,170.017,175.155,184.989,182.865,186.776,282.953,0.0564,0.0332,0.1796,0.3794,0.00,0.00,0.00,0.00
3214.00,180.000,180.000,170.000,175.000,180.028,179.946,170.041,175.158,180.033,179.957,170.016,175.152,184.998,182.865,186.828,282.723,0.0562,0.0332,0.1778,0.3824,0.00,0.00,0.00,0.00
3215.00,180.000,180.000,170.000,175.000,180.029,179.947,170.039,175.157,180.033,179.958,170.015,175.149,185.006,182.864,186.876,282.502,0.0559,0.0332,0.1760,0.3853,0.00,0.00,0.00,0.00
3216.00,180.000,180.000,170.000,175.000,180.029,179.947,170.038,175.157,180.034,179.958,170.014,175.146,185.013,182.864,186.922,282.288,0.0557,0.0331,0.1744,0.3881,0.00,0.00,0.00,0.00
3217.00,180.000,180.000,170.000,175.000,180.029,179.948,170.037,175.156,180.035,179.959,170.014,175.142,185.019,182.863,186.967,282.082,0.0554,0.0331,0.1728,0.3907,0.00,0.00,0.00,0.00
3218.00,180.000,180.000,170.000,175.000,180.029,179.949,170.036,175.156,180.036,179.960,170.013,175.139,185.025,182.863,187.009,281.883,0.0552,0.0331,0.1714,0.3931,0.00,0.00,0.00,0.00
3219.00,180.000,180.000,170.000,175.000,180.030,179.949,170.035,175.155,180.037,179.960,170.012,175.135,185.031,182.862,187.049,281.691,0.0550,0.0331,0.1700,0.3955,0.00,0.00,0.00,0.00
3220.00,180.000,180.000,170.000,175.000,180.030,179.950,170.034,175.154,180.038,179.961,170.012,175.132,185.038,182.862,187.086,281.505,0.0548,0.0330,0.1686,0.3977,0.00,0.00,0.00,0.00
3221.00,180.000,180.000,170.000,175.000,180.030,179.950,170.033,175.153,180.039,179.962,170.011,175.128,185.044,182.840,187.122,281.326,0.0547,0.0000,0.1674,0.3998,0.00,0.00,0.00,0.00
3222.00,180.000,180.000,170.000,175.000,180.031,179.951,170.032,175.151,180.040,179.962,170.011,175.125,185.050,182.798,187.156,281.153,0.0545,0.0000,0.1662,0.4017,0.00,0.00,0.00,0.00
3223.00,180.000,180.000,170.000,175.000,180.031,179.951,170.031,175.150,180.041,179.962,170.011,175.121,185.056,182.756,187.189,281.067,0.0543,0.0000,0.1650,0.5770,0.00,0.00,0.00,0.00
3224.00,180.000,180.000,170.000,175.000,180.032,179.952,170.030,175.149,180.041,179.963,170.010,175.117,185.062,182.714,187.220,281.258,0.0542,0.0000,0.1639,0.5726,0.00,0.00,0.00,0.00
3225.00,180.000,180.000,170.000,175.000,180.032,179.952,170.029,175.147,180.042,179.963,170.010,175.114,185.068,182.672,187.249,281.439,0.0541,0.0000,0.1629,0.5684,0.00,0.00,0.00,0.00
3226.00,180.000,180.000,170.000,175.000,180.033,179.953,170.028,175.145,180.043,179.963,170.010,175.112,185.073,182.631,187.277,281.609,0.0539,0.0000,0.1619,0.5644,0.00,0.00,0.00,0.00
3227.00,180.000,180.000,170.000,175.000,180.033,179.953,170.027,175.144,180.044,179.963,170.010,175.109,185.076,182.590,187.303,281.770,0.0538,0.0000,0.1610,0.5606,0.00,0.00,0.00,0.00
3228.00,180.000,180.000,170.000,175.000,180.034,179.954,170.026,175.142,180.045,179.963,170.010,175.107,185.079,182.549,187.328,281.922,0.0537,0.0000,0.1601,0.5570,0.00,0.00,0.00,0.00
3229.00,180.000,180.000,170.000,175.000,180.034,179.954,170.025,175.140,180.046,179.963,170.010,175.106,185.083,182.509,187.352,282.067,0.0536,0.0000,0.1593,0.5536,0.00,0.00,0.00,0.00
3230.00,180.000,180.000,170.000,175.000,180.035,179.955,170.024,175.139,180.047,179.963,170.010,175.104,185.086,182.469,187.375,282.204,0.0535,0.0000,0.1585,0.5503,0.00,0.00,0.00,0.00
3231.00,180.000,180.000,170.000,175.000,180.036,179.955,170.024,175.137,180.048,179.963,170.010,175.103,185.090,182.429,187.398,282.330,0.0534,0.0000,0.1577,0.5471,0.00,0.00,0.00,0.00
3232.00,180.000,180.000,170.000,175.000,180.036,179.956,170.023,175.135,180.049,179.963,170.010,175.102,185.093,182.390,187.417,282.452,0.0533,0.0000,0.1570,0.5441,0.00,0.00,0.00,0.00
3233.00,180.000,180.000,170.000,175.000,180.037,179.956,170.022,175.134,180.050,179.963,170.010,175.101,185.096,182.350,187.437,282.563,0.0532,0.0000,0.1564,0.5413,0.00,0.00,0.00,0.00
3234.00,180.000,180.000,170.000,175.000,180.038,179.956,170.022,175.132,180.051,179.962,170.010,175.101,185.100,182.311,187.456,282.670,0.0531,0.0007,0.1557,0.5386,0.00,0.00,0.00,0.00
3235.00,180.000,180.000,170.000,175.000,180.038,179.957,170.021,175.130,180.052,179.962,170.011,175.100,185.103,182.275,187.472,282.770,0.0531,0.0020,0.1551,0.5360,0.00,0.00,0.00,0.00
3236.00,180.000,180.000,170.000,175.000,180.039,179.957,170.021,175.129,180.053,179.961,170.011,175.100,185.106,182.240,187.489,282.864,0.0530,0.0032,0.1545,0.5335,0.00,0.00,0.00,0.00
3237.00,180.000,180.000,170.000,175.000,180.040,179.957,170.020,175.128,180.054,179.961,170.011,175.100,185.109,182.207,187.506,282.952,0.0529,0.0044,0.1540,0.5311,0.00,0.00,0.00,0.00
3238.00,180.000,180.000,170.000,175.000,180.040,179.957,170.020,175.126,180.055,179.960,170.011,175.100,185.113,182.177,187.520,283.035,0.0529,0.0055,0.1534,0.5289,0.00,0.00,0.00,0.00
3239.00,180.000,180.000,170.000,175.000,180.041,179.957,170.019,175.125,180.056,179.960,170.012,175.101,185.116,182.148,187.534,283.112,0.0528,0.0066,0.1529,0.5267,0.00,0.00,0.00,0.00
3240.00,180.000,180.000,170.000,175.000,180.042,179.957,170.019,175.124,180.058,179.959,170.012,175.101,185.119,182.120,187.548,283.185,0.0527,0.0076,0.1525,0.5247,0.00,0.00,0.00,0.00
3241.00,180.000,180.000,170.000,175.000,180.043,179.958,170.019,175.123,180.059,179.958,170.013,175.101,185.122,182.094,187.562,283.253,0.0527,0.0085,0.1520,0.5227,0.00,0.00,0.00,0.00
3242.00,180.000,180.000,170.000,175.000,180.043,179.958,170.018,175.122,180.060,179.957,170.013,175.102,185.125,182.069,187.573,283.316,0.0526,0.0094,0.1516,0.5208,0.00,0.00,0.00,0.00
3243.00,180.000,180.000,170.000,175.000,180.044,179.958,170.018,175.121,180.061,179.956,170.013,175.103,185.129,182.045,187.584,283.375,0.0526,0.0103,0.1512,0.5190,0.00,0.00,0.00,0.00
3244.00,180.000,180.000,170.000,175.000,180.045,179.957,170.018,175.120,180.062,179.955,170.014,175.103,185.132,182.023,187.595,283.429,0.0526,0.0111,0.1508,0.5173,0.00,0.00,0.00,0.00
3245.00,180.000,180.000,170.000,175.000,180.046,179.957,170.018,175.119,180.063,179.955,170.014,175.104,185.135,182.001,187.606,283.480,0.0525,0.0118,0.1504,0.5157,0.00,0.00,0.00,0.00
3246.00,180.000,180.000,170.000,175.000,180.047,179.957,170.018,175.118,180.064,179.954,170.015,175.105,185.138,181.981,187.617,283.527,0.0525,0.0125,0.1501,0.5141,0.00,0.00,0.00,0.00
3247.00,180.000,180.000,170.000,175.000,180.048,179.957,170.017,175.118,180.065,179.953,170.015,175.106,185.141,181.962,187.627,283.569,0.0524,0.0132,0.1497,0.5126,0.00,0.00,0.00,0.00
3248.00,180.000,180.000,170.000,175.000,180.048,179.957,170.017,175.117,180.066,179.952,170.016,175.107,185.144,181.943,187.635,283.609,0.0524,0.0139,0.1494,0.5112,0.00,0.00,0.00,0.00
3249.00,180.000,180.000,170.000,175.000,180.049,179.957,170.017,175.117,180.067,179.951,170.016,175.108,185.147,181.926,187.644,283.646,0.0524,0.0145,0.1491,0.5098,0.00,0.00,0.00,0.00
3250.00,180.000,180.000,170.000,175.000,180.050,179.956,170.017,175.116,180.068,179.949,170.017,175.109,185.117,181.910,187.652,283.679,0.0000,0.0151,0.1488,0.5085,0.00,0.00,0.00,0.00
3251.00,180.000,180.000,170.000,175.000,180.051,179.956,170.017,175.116,180.069,179.948,170.018,175.110,185.053,181.894,187.660,283.709,0.0000,0.0156,0.1486,0.5073,0.00,0.00,0.00,0.00
3252.00,180.000,180.000,170.000,175.000,180.052,179.955,170.017,175.116,180.070,179.947,170.018,175.112,184.989,181.878,187.668,283.738,0.0000,0.0161,0.1483,0.5061,0.00,0.00,0.00,0.00
3253.00,180.000,180.000,170.000,175.000,180.053,179.955,170.017,175.116,180.071,179.946,170.019,175.113,184.927,181.865,187.676,283.761,0.0000,0.0166,0.1481,0.5050,0.00,0.00,0.00,0.00
3254.00,180.000,180.000,170.000,175.000,180.054,179.955,170.017,175.115,180.072,179.945,170.019,175.114,184.864,181.851,187.683,283.785,0.0000,0.0171,0.1478,0.5039,0.00,0.00,0.00,0.00
3255.00,180.000,180.000,170.000,175.000,180.055,179.954,170.018,175.115,180.072,179.944,170.020,175.115,184.802,181.838,187.688,283.804,0.0000,0.0175,0.1476,0.5028,0.00,0.00,0.00,0.00
3256.00,180.000,180.000,170.000,175.000,180.056,179.954,170.018,175.115,180.072,179.942,170.021,175.117,184.741,181.825,187.694,283.823,0.0000,0.0179,0.1474,0.5018,0.00,0.00,0.00,0.00
3257.00,180.000,180.000,170.000,175.000,180.056,179.953,170.018,175.115,180.073,179.941,170.021,175.118,184.681,181.814,187.699,283.838,0.0022,0.0183,0.1472,0.5009,0.00,0.00,0.00,0.00
3258.00,180.000,180.000,170.000,175.000,180.057,179.952,170.018,175.116,180.073,179.940,170.022,175.119,184.625,181.803,187.704,283.852,0.0043,0.0187,0.1470,0.5000,0.00,0.00,0.00,0.00
3259.00,180.000,180.000,170.000,175.000,180.058,179.952,170.018,175.116,180.073,179.939,170.023,175.121,184.572,181.793,187.710,283.863,0.0063,0.0190,0.1469,0.4991,0.00,0.00,0.00,0.00
3260.00,180.000,180.000,170.000,175.000,180.059,179.951,170.018,175.116,180.073,179.937,170.024,175.122,184.522,181.783,187.715,283.873,0.0081,0.0194,0.1467,0.4982,0.00,0.00,0.00,0.00
3261.00,180.000,180.000,170.000,175.000,180.059,179.950,170.019,175.116,180.073,179.936,170.024,175.123,184.475,181.773,187.720,283.881,0.0098,0.0197,0.1465,0.4974,0.00,0.00,0.00,0.00
3262.00,180.000,180.000,170.000,175.000,180.060,179.950,170.019,175.117,180.073,179.935,170.025,175.125,184.430,181.800,187.726,283.887,0.0115,0.0780,0.1464,0.4967,0.00,0.00,0.00,0.00
3263.00,180.000,180.000,170.000,175.000,180.061,179.949,170.019,175.117,180.072,179.934,170.026,175.126,184.387,181.862,187.731,283.893,0.0130,0.0756,0.1462,0.4959,0.00,0.00,0.00,0.00
3264.00,180.000,180.000,170.000,175.000,180.061,179.948,170.020,175.118,180.072,179.933,170.026,175.127,184.346,181.920,187.736,283.894,0.0144,0.0733,0.1461,0.4952,0.00,0.00,0.00,0.00
3265.00,180.000,180.000,170.000,175.000,180.062,179.947,170.020,175.118,180.072,179.932,170.027,175.129,184.308,181.976,187.741,283.896,0.0157,0.0711,0.1460,0.4945,0.00,0.00,0.00,0.00
3266.00,180.000,180.000,170.000,175.000,180.062,179.947,170.020,175.119,180.071,179.931,170.028,175.130,184.271,182.029,187.744,283.897,0.0170,0.0691,0.1458,0.4939,0.00,0.00,0.00,0.00
3267.00,180.000,180.000,170.000,175.000,180.063,179.946,170.021,175.119,180.071,179.930,170.029,175.131,184.236,182.080,187.746,283.895,0.0182,0.0671,0.1457,0.4932,0.00,0.00,0.00,0.00
3268.00,180.000,180.000,170.000,175.000,180.063,179.945,170.021,175.120,180.070,179.929,170.030,175.133,184.203,182.127,187.749,283.892,0.0193,0.0653,0.1456,0.4926,0.00,0.00,0.00,0.00
3269.00,180.000,180.000,170.000,175.000,180.063,179.944,170.022,175.120,180.070,179.929,170.030,175.134,184.171,182.171,187.751,283.890,0.0203,0.0636,0.1455,0.4920,0.00,0.00,0.00,0.00
3270.00,180.000,180.000,170.000,175.000,180.064,179.944,170.022,175.121,180.069,179.928,170.031,175.135,184.141,182.213,187.754,283.883,0.0212,0.0619,0.1454,0.4915,0.00,0.00,0.00,0.00
