t_s,setpoint_front,setpoint_middle,setpoint_back,setpoint_nozzle,sensor_front,sensor_middle,sensor_back,sensor_nozzle,steel_front,steel_middle,steel_back,steel_nozzle,band_front,band_middle,band_back,band_nozzle,duty_front,duty_middle,duty_back,duty_nozzle,power_w_front,power_w_middle,power_w_back,power_w_nozzle
0.01,180.000,180.000,170.000,175.000,22.000,22.000,22.000,22.000,22.000,22.000,22.000,22.000,22.012,22.012,22.012,22.021,1.0000,1.0000,1.0000,0.9500,700.00,700.00,700.00,200.00
1.00,180.000,180.000,170.000,175.000,22.000,22.000,22.000,22.000,22.001,22.001,22.001,22.001,23.245,23.245,23.245,23.987,1.0000,1.0000,1.0000,0.9500,700.00,700.00,700.00,0.00
2.00,180.000,180.000,170.000,175.000,22.000,22.000,22.000,22.000,22.005,22.005,22.005,22.005,24.481,24.481,24.481,25.959,1.0000,1.0000,1.0000,0.9500,700.00,700.00,700.00,0.00
3.00,180.000,180.000,170.000,175.000,22.000,22.000,22.000,22.000,22.010,22.010,22.010,22.012,25.707,25.707,25.707,27.917,1.0000,1.0000,1.0000,0.9500,700.00,700.00,700.00,0.00
4.00,180.000,180.000,170.000,175.000,22.001,22.001,22.001,22.001,22.018,22.018,22.018,22.020,26.925,26.925,26.925,29.860,1.0000,1.0000,1.0000,0.9500,700.00,700.00,700.00,0.00
5.00,180.000,180.000,170.000,175.000,22.002,22.002,22.002,22.002,22.028,22.028,22.028,22.031,28.135,28.135,28.135,31.789,1.0000,1.0000,1.0000,0.9500,700.00,700.00,700.00,0.00
6.00,180.000,180.000,170.000,175.000,22.003,22.003,22.003,22.004,22.040,22.040,22.040,22.044,29.335,29.335,29.335,33.702,1.0000,1.0000,1.0000,0.9500,700.00,700.00,700.00,0.00
7.00,180.000,180.000,170.000,175.000,22.005,22.005,22.005,22.006,22.055,22.055,22.055,22.059,30.527,30.527,30.527,35.602,1.0000,1.0000,1.0000,0.9500,700.00,700.00,700.00,0.00
8.00,180.000,180.000,170.000,175.000,22.008,22.008,22.008,22.009,22.072,22.072,22.072,22.076,31.711,31.711,31.711,37.487,1.0000,1.0000,1.0000,0.9500,700.00,700.00,700.00,0.00
9.00,180.000,180.000,170.000,175.000,22.011,22.011,22.011,22.012,22.090,22.090,22.090,22.095,32.886,32.886,32.886,39.358,1.0000,1.0000,1.0000,0.9500,700.00,700.00,700.00,0.00
10.00,180.000,180.000,170.000,175.000,22.015,22.015,22.015,22.016,22.111,22.111,22.111,22.116,34.052,34.052,34.052,41.215,1.0000,1.0000,1.0000,0.9500,700.00,700.00,700.00,0.00
11.00,180.000,180.000,170.000,175.000,22.020,22.020,22.020,22.022,22.134,22.134,22.134,22.138,35.211,35.211,35.210,43.058,1.0000,1.0000,1.0000,0.9500,700.00,700.00,700.00,0.00
12.00,180.000,180.000,170.000,175.000,22.026,22.026,22.026,22.028,22.159,22.159,22.159,22.163,36.361,36.361,36.361,44.887,1.0000,1.0000,1.0000,0.9500,700.00,700.00,700.00,0.00
13.00,180.000,180.000,170.000,175.000,22.033,22.033,22.033,22.034,22.186,22.186,22.186,22.188,37.502,37.503,37.502,46.702,1.0000,1.0000,1.0000,0.9500,700.00,700.00,700.00,0.00
14.00,180.000,180.000,170.000,175.000,22.041,22.041,22.041,22.042,22.215,22.215,22.215,22.215,38.636,38.636,38.636,48.503,1.0000,1.0000,1.0000,0.9500,700.00,700.00,700.00,0.00
15.00,180.000,180.000,170.000,175.000,22.050,22.050,22.050,22.051,22.246,22.246,22.246,22.244,39.762,39.762,39.762,50.291,1.0000,1.0000,1.0000,0.9500,700.00,700.00,700.00,0.00
16.00,180.000,180.000,170.000,175.000,22.060,22.060,22.060,22.061,22.279,22.279,22.279,22.274,40.880,40.880,40.880,52.065,1.0000,1.0000,1.0000,0.9500,700.00,700.00,700.00,0.00
17.00,180.000,180.000,170.000,175.000,22.071,22.071,22.071,22.072,22.314,22.314,22.314,22.306,41.990,41.990,41.990,53.826,1.0000,1.0000,1.0000,0.9500,700.00,700.00,700.00,0.00
18.00,180.000,180.000,170.000,175.000,22.083,22.083,22.083,22.083,22.351,22.351,22.351,22.339,43.092,43.093,43.092,55.574,1.0000,1.0000,1.0000,0.9500,700.00,700.00,700.00,0.00
19.00,180.000,180.000,170.000,175.000,22.097,22.097,22.097,22.096,22.390,22.390,22.390,22.373,44.187,44.187,44.187,57.308,1.0000,1.0000,1.0000,0.9500,700.00,700.00,700.00,0.00
20.00,180.000,180.000,170.000,175.000,22.111,22.111,22.111,22.110,22.431,22.431,22.431,22.408,45.274,45.274,45.273,59.029,1.0000,1.0000,1.0000,0.9500,700.00,700.00,700.00,0.00
21.00,180.000,180.000,170.000,175.000,22.127,22.127,22.127,22.125,22.473,22.473,22.473,22.444,46.353,46.353,46.353,60.737,1.0000,1.0000,1.0000,0.9500,700.00,700.00,700.00,0.00
22.00,180.000,180.000,170.000,175.000,22.145,22.145,22.145,22.141,22.518,22.518,22.518,22.482,47.425,47.425,47.424,62.433,1.0000,1.0000,1.0000,0.9500,700.00,700.00,700.00,0.00
23.00,180.000,180.000,170.000,175.000,22.164,22.164,22.164,22.158,22.564,22.564,22.564,22.521,48.489,48.490,48.489,64.115,1.0000,1.0000,1.0000,0.9500,700.00,700.00,700.00,0.00
24.00,180.000,180.000,170.000,175.000,22.184,22.184,22.184,22.176,22.612,22.612,22.612,22.560,49.546,49.547,49.546,65.785,1.0000,1.0000,1.0000,0.9500,700.00,700.00,700.00,0.00
25.00,180.000,180.000,170.000,175.000,22.205,22.205,22.205,22.196,22.663,22.663,22.663,22.601,50.595,50.596,50.595,67.442,1.0000,1.0000,1.0000,0.9500,700.00,700.00,700.00,0.00
26.00,180.000,180.000,170.000,175.000,22.228,22.228,22.228,22.216,22.714,22.714,22.714,22.643,51.638,51.639,51.637,69.086,1.0000,1.0000,1.0000,0.9500,700.00,700.00,700.00,0.00
27.00,180.000,180.000,170.000,175.000,22.253,22.253,22.253,22.237,22.768,22.768,22.768,22.685,52.673,52.674,52.672,70.718,1.0000,1.0000,1.0000,0.9500,700.00,700.00,700.00,0.00
28.00,180.000,180.000,170.000,175.000,22.278,22.278,22.278,22.260,22.824,22.824,22.824,22.729,53.701,53.702,53.700,72.338,1.0000,1.0000,1.0000,0.9500,700.00,700.00,700.00,0.00
29.00,180.000,180.000,170.000,175.000,22.306,22.306,22.306,22.283,22.881,22.881,22.881,22.773,54.722,54.723,54.721,73.945,1.0000,1.0000,1.0000,0.9500,700.00,700.00,700.00,0.00
30.00,180.000,180.000,170.000,175.000,22.334,22.334,22.334,22.308,22.940,22.940,22.940,22.819,55.735,55.737,55.735,75.540,1.0000,1.0000,1.0000,0.9500,700.00,700.00,700.00,0.00
31.00,180.000,180.000,170.000,175.000,22.365,22.365,22.365,22.333,23.000,23.000,23.000,22.865,56.742,56.744,56.742,77.124,1.0000,1.0000,1.0000,0.9500,700.00,700.00,700.00,0.00
32.00,180.000,180.000,170.000,175.000,22.396,22.396,22.396,22.360,23.063,23.063,23.063,22.912,57.742,57.745,57.742,78.695,1.0000,1.0000,1.0000,0.9500,700.00,700.00,700.00,0.00
33.00,180.000,180.000,170.000,175.000,22.430,22.430,22.430,22.387,23.127,23.127,23.127,22.960,58.736,58.738,58.736,80.254,1.0000,1.0000,1.0000,0.9500,700.00,700.00,700.00,0.00
34.00,180.000,180.000,170.000,175.000,22.465,22.465,22.465,22.416,23.193,23.193,23.193,23.008,59.722,59.725,59.722,81.801,1.0000,1.0000,1.0000,0.9500,700.00,700.00,700.00,0.00
35.00,180.000,180.000,170.000,175.000,22.501,22.501,22.501,22.445,23.260,23.260,23.260,23.057,60.702,60.705,60.702,83.337,1.0000,1.0000,1.0000,0.9500,700.00,700.00,700.00,0.00
36.00,180.000,180.000,170.000,175.000,22.539,22.539,22.539,22.476,23.329,23.329,23.329,23.107,61.675,61.678,61.675,84.861,1.0000,1.0000,1.0000,0.9500,700.00,700.00,700.00,0.00
37.00,180.000,180.000,170.000,175.000,22.578,22.578,22.578,22.507,23.400,23.400,23.400,23.158,62.642,62.645,62.642,86.374,1.0000,1.0000,1.0000,0.9500,700.00,700.00,700.00,0.00
38.00,180.000,180.000,170.000,175.000,22.619,22.619,22.619,22.539,23.472,23.472,23.472,23.209,63.602,63.606,63.602,87.875,1.0000,1.0000,1.0000,0.9500,700.00,700.00,700.00,0.00
39.00,180.000,180.000,170.000,175.000,22.662,22.662,22.662,22.573,23.546,23.546,23.546,23.261,64.555,64.560,64.555,89.364,1.0000,1.0000,1.0000,0.9500,700.00,700.00,700.00,0.00
40.00,180.000,180.000,170.000,175.000,22.706,22.706,22.706,22.607,23.622,23.622,23.622,23.313,65.503,65.507,65.502,90.843,1.0000,1.0000,1.0000,0.9500,700.00,700.00,700.00,0.00
41.00,180.000,180.000,170.000,175.000,22.751,22.751,22.751,22.642,23.699,23.699,23.699,23.366,66.443,66.448,66.443,92.310,1.0000,1.0000,1.0000,0.9500,700.00,700.00,700.00,0.00
42.00,180.000,180.000,170.000,175.000,22.799,22.799,22.798,22.678,23.778,23.778,23.777,23.420,67.378,67.383,67.378,93.766,1.0000,1.0000,1.0000,0.9500,700.00,700.00,700.00,0.00
43.00,180.000,180.000,170.000,175.000,22.847,22.847,22.847,22.715,23.858,23.858,23.858,23.474,68.306,68.312,68.306,95.211,1.0000,1.0000,1.0000,0.9500,700.00,700.00,700.00,0.00
44.00,180.000,180.000,170.000,175.000,22.898,22.898,22.897,22.752,23.940,23.940,23.939,23.529,69.228,69.235,69.228,96.645,1.0000,1.0000,1.0000,0.9500,700.00,700.00,700.00,0.00
45.00,180.000,180.000,170.000,175.000,22.949,22.949,22.949,22.791,24.023,24.023,24.023,23.584,70.144,70.151,70.144,98.068,1.0000,1.0000,1.0000,0.9500,700.00,700.00,700.00,0.00
46.00,180.000,180.000,170.000,175.000,23.003,23.003,23.003,22.830,24.108,24.108,24.107,23.640,71.054,71.062,71.054,99.481,1.0000,1.0000,1.0000,0.9500,700.00,700.00,700.00,0.00
47.00,180.000,180.000,170.000,175.000,23.058,23.058,23.058,22.871,24.194,24.194,24.194,23.697,71.958,71.966,71.958,100.882,1.0000,1.0000,1.0000,0.9500,700.00,700.00,700.00,0.00
48.00,180.000,180.000,170.000,175.000,23.114,23.114,23.114,22.912,24.282,24.282,24.281,23.754,72.856,72.865,72.856,102.273,1.0000,1.0000,1.0000,0.9500,700.00,700.00,700.00,0.00
49.00,180.000,180.000,170.000,175.000,23.172,23.172,23.172,22.953,24.371,24.371,24.371,23.811,73.748,73.757,73.748,103.654,1.0000,1.0000,1.0000,0.9500,700.00,700.00,700.00,0.00
50.00,180.000,180.000,170.000,175.000,23.232,23.232,23.232,22.996,24.461,24.462,24.461,23.869,74.634,74.644,74.634,105.024,1.0000,1.0000,1.0000,0.9500,700.00,700.00,700.00,0.00
51.00,180.000,180.000,170.000,175.000,23.293,23.293,23.293,23.039,24.553,24.554,24.553,23.927,75.515,75.525,75.515,106.384,1.0000,1.0000,1.0000,0.9500,700.00,700.00,700.00,0.00
52.00,180.000,180.000,170.000,175.000,23.356,23.356,23.355,23.083,24.647,24.648,24.647,23.986,76.389,76.400,76.390,107.733,1.0000,1.0000,1.0000,0.9500,700.00,700.00,700.00,0.00
53.00,180.000,180.000,170.000,175.000,23.420,23.420,23.420,23.128,24.742,24.743,24.742,24.045,77.258,77.270,77.258,109.072,1.0000,1.0000,1.0000,0.9500,700.00,700.00,700.00,0.00
54.00,180.000,180.000,170.000,175.000,23.485,23.486,23.485,23.173,24.838,24.839,24.838,24.105,78.121,78.134,78.122,110.401,1.0000,1.0000,1.0000,0.9500,700.00,700.00,700.00,0.00
55.00,180.000,180.000,170.000,175.000,23.553,23.553,23.552,23.220,24.936,24.937,24.936,24.165,78.979,78.992,78.979,111.720,1.0000,1.0000,1.0000,0.9500,700.00,700.00,700.00,0.00
56.00,180.000,180.000,170.000,175.000,23.621,23.621,23.621,23.266,25.035,25.036,25.035,24.225,79.831,79.845,79.832,113.029,1.0000,1.0000,1.0000,0.9500,700.00,700.00,700.00,0.00
57.00,180.000,180.000,170.000,175.000,23.691,23.692,23.691,23.314,25.135,25.136,25.135,24.286,80.678,80.693,80.678,114.329,1.0000,1.0000,1.0000,0.9500,700.00,700.00,700.00,0.00
58.00,180.000,180.000,170.000,175.000,23.763,23.763,23.763,23.362,25.237,25.238,25.237,24.347,81.519,81.535,81.519,115.618,1.0000,1.0000,1.0000,0.9500,700.00,700.00,700.00,0.00
59.00,180.000,180.000,170.000,175.000,23.836,23.837,23.836,23.411,25.340,25.341,25.340,24.409,82.354,82.371,82.355,116.897,1.0000,1.0000,1.0000,0.9500,700.00,700.00,700.00,0.00
60.00,180.000,180.000,170.000,175.000,23.911,23.911,23.911,23.460,25.445,25.446,25.444,24.471,83.185,83.202,83.186,118.167,1.0000,1.0000,1.0000,0.9500,700.00,700.00,700.00,0.00
61.00,180.000,180.000,170.000,175.000,23.987,23.987,23.987,23.510,25.550,25.552,25.550,24.533,84.010,84.028,84.011,119.427,1.0000,1.0000,1.0000,0.9500,700.00,700.00,700.00,0.00
62.00,180.000,180.000,170.000,175.000,24.065,24.065,24.064,23.561,25.657,25.659,25.657,24.596,84.829,84.849,84.831,120.678,1.0000,1.0000,1.0000,0.9500,700.00,700.00,700.00,0.00
63.00,180.000,180.000,170.000,175.000,24.144,24.144,24.143,23.612,25.766,25.767,25.765,24.659,85.644,85.665,85.645,121.919,1.0000,1.0000,1.0000,0.9500,700.00,700.00,700.00,0.00
64.00,180.000,180.000,170.000,175.000,24.224,24.225,24.224,23.664,25.875,25.877,25.874,24.723,86.453,86.475,86.455,123.151,1.0000,1.0000,1.0000,0.9500,700.00,700.00,700.00,0.00
65.00,180.000,180.000,170.000,175.000,24.306,24.307,24.306,23.717,25.986,25.988,25.985,24.786,87.258,87.281,87.259,124.373,1.0000,1.0000,1.0000,0.9500,700.00,700.00,700.00,0.00
66.00,180.000,180.000,170.000,175.000,24.389,24.390,24.389,23.770,26.098,26.100,26.097,24.850,88.057,88.081,88.058,125.586,1.0000,1.0000,1.0000,0.9500,700.00,700.00,700.00,0.00
67.00,180.000,180.000,170.000,175.000,24.474,24.475,24.474,23.823,26.211,26.214,26.210,24.915,88.851,88.876,88.852,126.791,1.0000,1.0000,1.0000,0.9500,700.00,700.00,700.00,0.00
68.00,180.000,180.000,170.000,175.000,24.560,24.561,24.560,23.877,26.326,26.328,26.325,24.980,89.640,89.667,89.642,127.985,1.0000,1.0000,1.0000,0.9500,700.00,700.00,700.00,0.00
69.00,180.000,180.000,170.000,175.000,24.648,24.649,24.647,23.932,26.442,26.444,26.441,25.045,90.424,90.452,90.426,129.171,1.0000,1.0000,1.0000,0.9500,700.00,700.00,700.00,0.00
70.00,180.000,180.000,170.000,175.000,24.737,24.738,24.736,23.987,26.558,26.561,26.557,25.110,91.203,91.232,91.205,130.348,1.0000,1.0000,1.0000,0.9500,700.00,700.00,700.00,0.00
71.00,180.000,180.000,170.000,175.000,24.827,24.828,24.826,24.042,26.677,26.680,26.675,25.176,91.977,92.008,91.980,131.516,1.0000,1.0000,1.0000,0.9500,700.00,700.00,700.00,0.00
72.00,180.000,180.000,170.000,175.000,24.919,24.920,24.918,24.098,26.796,26.799,26.795,25.241,92.747,92.779,92.749,132.675,1.0000,1.0000,1.0000,0.9500,700.00,700.00,700.00,0.00
73.00,180.000,180.000,170.000,175.000,25.012,25.013,25.011,24.155,26.916,26.920,26.915,25.308,93.512,93.545,93.514,133.826,1.0000,1.0000,1.0000,0.9500,700.00,700.00,700.00,0.00
74.00,180.000,180.000,170.000,175.000,25.106,25.107,25.105,24.212,27.038,27.042,27.036,25.374,94.272,94.307,94.274,134.968,1.0000,1.0000,1.0000,0.9500,700.00,700.00,700.00,0.00
75.00,180.000,180.000,170.000,175.000,25.202,25.203,25.201,24.270,27.161,27.165,27.159,25.441,95.027,95.064,95.030,136.101,1.0000,1.0000,1.0000,0.9500,700.00,700.00,700.00,0.00
76.00,180.000,180.000,170.000,175.000,25.299,25.300,25.298,24.327,27.284,27.289,27.283,25.508,95.777,95.816,95.781,137.225,1.0000,1.0000,1.0000,0.9500,700.00,700.00,700.00,0.00
77.00,180.000,180.000,170.000,175.000,25.397,25.399,25.396,24.386,27.409,27.414,27.408,25.575,96.523,96.564,96.527,138.341,1.0000,1.0000,1.0000,0.9500,700.00,700.00,700.00,0.00
78.00,180.000,180.000,170.000,175.000,25.497,25.499,25.496,24.445,27.535,27.540,27.534,25.643,97.265,97.307,97.269,139.449,1.0000,1.0000,1.0000,0.9500,700.00,700.00,700.00,0.00
79.00,180.000,180.000,170.000,175.000,25.598,25.600,25.597,24.504,27.663,27.668,27.661,25.711,98.002,98.046,98.006,140.548,1.0000,1.0000,1.0000,0.9500,700.00,700.00,700.00,0.00
80.00,180.000,180.000,170.000,175.000,25.700,25.702,25.699,24.564,27.791,27.796,27.789,25.779,98.734,98.780,98.738,141.639,1.0000,1.0000,1.0000,0.9500,700.00,700.00,700.00,0.00
81.00,180.000,180.000,170.000,175.000,25.804,25.806,25.803,24.624,27.920,27.926,27.918,25.847,99.462,99.510,99.467,142.722,1.0000,1.0000,1.0000,0.9500,700.00,700.00,700.00,0.00
82.00,180.000,180.000,170.000,175.000,25.908,25.911,25.908,24.684,28.051,28.057,28.048,25.915,100.186,100.235,100.190,143.796,1.0000,1.0000,1.0000,0.9500,700.00,700.00,700.00,0.00
83.00,180.000,180.000,170.000,175.000,26.015,26.017,26.014,24.745,28.182,28.189,28.180,25.984,100.905,100.956,100.910,144.863,1.0000,1.0000,1.0000,0.9500,700.00,700.00,700.00,0.00
84.00,180.000,180.000,170.000,175.000,26.122,26.125,26.121,24.806,28.314,28.322,28.312,26.053,101.620,101.673,101.625,145.921,1.0000,1.0000,1.0000,0.9500,700.00,700.00,700.00,0.00
85.00,180.000,180.000,170.000,175.000,26.230,26.234,26.229,24.868,28.448,28.456,28.446,26.123,102.330,102.386,102.336,146.971,1.0000,1.0000,1.0000,0.9500,700.00,700.00,700.00,0.00
86.00,180.000,180.000,170.000,175.000,26.340,26.344,26.339,24.930,28.583,28.591,28.580,26.192,103.036,103.094,103.042,148.014,1.0000,1.0000,1.0000,0.9500,700.00,700.00,700.00,0.00
87.00,180.000,180.000,170.000,175.000,26.451,26.455,26.450,24.993,28.718,28.727,28.715,26.262,103.738,103.798,103.744,149.048,1.0000,1.0000,1.0000,0.9500,700.00,700.00,700.00,0.00
88.00,180.000,180.000,170.000,175.000,26.564,26.567,26.562,25.055,28.855,28.864,28.852,26.332,104.436,104.498,104.443,150.075,1.0000,1.0000,1.0000,0.9500,700.00,700.00,700.00,0.00
89.00,180.000,180.000,170.000,175.000,26.677,26.681,26.676,25.118,28.992,29.002,28.989,26.402,105.130,105.194,105.137,151.094,1.0000,1.0000,1.0000,0.9500,700.00,700.00,700.00,0.00
90.00,180.000,180.000,170.000,175.000,26.792,26.796,26.790,25.182,29.131,29.141,29.128,26.472,105.819,105.886,105.826,152.106,1.0000,1.0000,1.0000,0.9500,700.00,700.00,700.00,0.00
91.00,180.000,180.000,170.000,175.000,26.907,26.912,26.906,25.246,29.270,29.281,29.267,26.543,106.505,106.574,106.512,153.109,1.0000,1.0000,1.0000,0.9500,700.00,700.00,700.00,0.00
92.00,180.000,180.000,170.000,175.000,27.024,27.029,27.023,25.310,29.411,29.422,29.407,26.614,107.186,107.258,107.194,154.106,1.0000,1.0000,1.0000,0.9500,700.00,700.00,700.00,0.00
93.00,180.000,180.000,170.000,175.000,27.143,27.148,27.141,25.374,29.552,29.564,29.549,26.684,107.864,107.938,107.872,155.094,1.0000,1.0000,1.0000,0.9500,700.00,700.00,700.00,0.00
94.00,180.000,180.000,170.000,175.000,27.262,27.267,27.260,25.439,29.694,29.707,29.691,26.756,108.537,108.614,108.546,156.076,1.0000,1.0000,1.0000,0.9500,700.00,700.00,700.00,0.00
95.00,180.000,180.000,170.000,175.000,27.382,27.388,27.380,25.504,29.838,29.851,29.834,26.827,109.207,109.286,109.215,157.050,1.0000,1.0000,1.0000,0.9500,700.00,700.00,700.00,0.00
96.00,180.000,180.000,170.000,175.000,27.504,27.510,27.502,25.570,29.982,29.996,29.978,26.899,109.872,109.954,109.881,158.016,1.0000,1.0000,1.0000,0.9500,700.00,700.00,700.00,0.00
97.00,180.000,180.000,170.000,175.000,27.626,27.633,27.624,25.635,30.127,30.142,30.123,26.970,110.534,110.619,110.543,158.975,1.0000,1.0000,1.0000,0.9500,700.00,700.00,700.00,0.00
98.00,180.000,180.000,170.000,175.000,27.750,27.757,27.748,25.701,30.273,30.288,30.269,27.042,111.192,111.279,111.202,159.927,1.0000,1.0000,1.0000,0.9500,700.00,700.00,700.00,0.00
99.00,180.000,180.000,170.000,175.000,27.875,27.882,27.873,25.768,30.420,30.436,30.416,27.115,111.846,111.936,111.856,160.872,1.0000,1.0000,1.0000,0.9500,700.00,700.00,700.00,0.00
100.00,180.000,180.000,170.000,175.000,28.001,28.009,27.999,25.834,30.568,30.585,30.563,27.187,112.496,112.589,112.507,161.810,1.0000,1.0000,1.0000,0.9500,700.00,700.00,700.00,0.00
101.00,180.000,180.000,170.000,175.000,28.128,28.136,28.126,25.901,30.716,30.734,30.712,27.259,113.143,113.239,113.154,162.741,1.0000,1.0000,1.0000,0.9500,700.00,700.00,700.00,0.00
102.00,180.000,180.000,170.000,175.000,28.256,28.265,28.254,25.968,30.866,30.885,30.861,27.332,113.785,113.885,113.797,163.665,1.0000,1.0000,1.0000,0.9500,700.00,700.00,700.00,0.00
103.00,180.000,180.000,170.000,175.000,28.385,28.395,28.383,26.036,31.016,31.036,31.012,27.405,114.425,114.527,114.437,164.581,1.0000,1.0000,1.0000,0.9500,700.00,700.00,700.00,0.00
104.00,180.000,180.000,170.000,175.000,28.515,28.525,28.513,26.103,31.168,31.188,31.163,27.478,115.060,115.166,115.073,165.491,1.0000,1.0000,1.0000,0.9500,700.00,700.00,700.00,0.00
105.00,180.000,180.000,170.000,175.000,28.647,28.657,28.644,26.171,31.320,31.341,31.315,27.551,115.692,115.801,115.705,166.394,1.0000,1.0000,1.0000,0.9500,700.00,700.00,700.00,0.00
106.00,180.000,180.000,170.000,175.000,28.779,28.790,28.776,26.239,31.473,31.495,31.467,27.625,116.320,116.433,116.334,167.291,1.0000,1.0000,1.0000,0.9500,700.00,700.00,700.00,0.00
107.00,180.000,180.000,170.000,175.000,28.912,28.924,28.909,26.308,31.626,31.650,31.621,27.698,116.945,117.061,116.959,168.180,1.0000,1.0000,1.0000,0.9500,700.00,700.00,700.00,0.00
108.00,180.000,180.000,170.000,175.000,29.046,29.059,29.043,26.377,31.781,31.805,31.775,27.772,117.566,117.685,117.581,169.063,1.0000,1.0000,1.0000,0.9500,700.00,700.00,700.00,0.00
109.00,180.000,180.000,170.000,175.000,29.182,29.194,29.178,26.446,31.936,31.962,31.931,27.846,118.184,118.307,118.199,169.940,1.0000,1.0000,1.0000,0.9500,700.00,700.00,700.00,0.00
110.00,180.000,180.000,170.000,175.000,29.318,29.331,29.315,26.515,32.093,32.119,32.087,27.920,118.798,118.924,118.814,170.809,1.0000,1.0000,1.0000,0.9500,700.00,700.00,700.00,0.00
111.00,180.000,180.000,170.000,175.000,29.455,29.469,29.452,26.584,32.250,32.277,32.243,27.994,119.409,119.539,119.426,171.673,1.0000,1.0000,1.0000,0.9500,700.00,700.00,700.00,0.00
112.00,180.000,180.000,170.000,175.000,29.594,29.608,29.590,26.654,32.407,32.436,32.401,28.069,120.017,120.150,120.034,172.529,1.0000,1.0000,1.0000,0.9500,700.00,700.00,700.00,0.00
113.00,180.000,180.000,170.000,175.000,29.733,29.748,29.729,26.724,32.566,32.596,32.559,28.143,120.621,120.758,120.639,173.380,1.0000,1.0000,1.0000,0.9500,700.00,700.00,700.00,0.00
114.00,180.000,180.000,170.000,175.000,29.873,29.889,29.869,26.794,32.725,32.756,32.718,28.218,121.222,121.363,121.240,174.224,1.0000,1.0000,1.0000,0.9500,700.00,700.00,700.00,0.00
115.00,180.000,180.000,170.000,175.000,30.014,30.031,30.010,26.864,32.885,32.918,32.878,28.293,121.819,121.964,121.838,175.062,1.0000,1.0000,1.0000,0.9500,700.00,700.00,700.00,0.00
116.00,180.000,180.000,170.000,175.000,30.156,30.174,30.152,26.935,33.046,33.080,33.039,28.368,122.413,122.562,122.433,175.893,1.0000,1.0000,1.0000,0.9500,700.00,700.00,700.00,0.00
117.00,180.000,180.000,170.000,175.000,30.299,30.317,30.294,27.006,33.207,33.243,33.200,28.443,123.004,123.157,123.024,176.718,1.0000,1.0000,1.0000,0.9500,700.00,700.00,700.00,0.00
118.00,180.000,180.000,170.000,175.000,30.443,30.462,30.438,27.077,33.370,33.407,33.362,28.519,123.592,123.749,123.613,177.537,1.0000,1.0000,1.0000,0.9500,700.00,700.00,700.00,0.00
119.00,180.000,180.000,170.000,175.000,30.588,30.608,30.583,27.148,33.533,33.571,33.525,28.594,124.177,124.338,124.198,178.350,1.0000,1.0000,1.0000,0.9500,700.00,700.00,700.00,0.00
120.00,180.000,180.000,170.000,175.000,30.733,30.754,30.728,27.220,33.696,33.736,33.688,28.670,124.758,124.923,124.780,179.157,1.0000,1.0000,1.0000,0.9500,700.00,700.00,700.00,0.00
121.00,180.000,180.000,170.000,175.000,30.880,30.902,30.875,27.291,33.861,33.902,33.853,28.746,125.336,125.506,125.359,179.958,1.0000,1.0000,1.0000,0.9500,700.00,700.00,700.00,0.00
122.00,180.000,180.000,170.000,175.000,31.027,31.050,31.022,27.363,34.026,34.069,34.018,28.822,125.911,126.085,125.935,180.753,1.0000,1.0000,1.0000,0.9500,700.00,700.00,700.00,0.00
123.00,180.000,180.000,170.000,175.000,31.175,31.199,31.170,27.435,34.192,34.236,34.183,28.898,126.483,126.662,126.507,181.542,1.0000,1.0000,1.0000,0.9500,700.00,700.00,700.00,0.00
124.00,180.000,180.000,170.000,175.000,31.325,31.350,31.319,27.508,34.358,34.404,34.349,28.974,127.052,127.235,127.077,182.325,1.0000,1.0000,1.0000,0.9500,700.00,700.00,700.00,0.00
125.00,180.000,180.000,170.000,175.000,31.475,31.501,31.469,27.580,34.525,34.573,34.516,29.050,127.618,127.806,127.644,183.102,1.0000,1.0000,1.0000,0.9500,700.00,700.00,700.00,0.00
126.00,180.000,180.000,170.000,175.000,31.626,31.653,31.620,27.653,34.693,34.743,34.684,29.127,128.181,128.373,128.207,183.874,1.0000,1.0000,1.0000,0.9500,700.00,700.00,700.00,0.00
127.00,180.000,180.000,170.000,175.000,31.777,31.805,31.771,27.726,34.862,34.913,34.852,29.204,128.741,128.938,128.768,184.639,1.0000,1.0000,1.0000,0.9500,700.00,700.00,700.00,0.00
128.00,180.000,180.000,170.000,175.000,31.930,31.959,31.924,27.799,35.031,35.084,35.021,29.280,129.298,129.500,129.326,185.400,1.0000,1.0000,1.0000,0.9500,700.00,700.00,700.00,0.00
129.00,180.000,180.000,170.000,175.000,32.083,32.114,32.077,27.872,35.201,35.256,35.191,29.357,129.852,130.059,129.881,186.154,1.0000,1.0000,1.0000,0.9500,700.00,700.00,700.00,0.00
130.00,180.000,180.000,170.000,175.000,32.237,32.269,32.231,27.945,35.371,35.428,35.361,29.434,130.403,130.615,130.433,186.903,1.0000,1.0000,1.0000,0.9500,700.00,700.00,700.00,0.00
131.00,180.000,180.000,170.000,175.000,32.392,32.425,32.385,28.019,35.542,35.601,35.532,29.512,130.952,131.168,130.982,187.646,1.0000,1.0000,1.0000,0.9500,700.00,700.00,700.00,0.00
132.00,180.000,180.000,170.000,175.000,32.548,32.582,32.541,28.093,35.714,35.775,35.703,29.589,131.497,131.718,131.528,188.384,1.0000,1.0000,1.0000,0.9500,700.00,700.00,700.00,0.00
133.00,180.000,180.000,170.000,175.000,32.704,32.740,32.697,28.166,35.886,35.950,35.876,29.666,132.040,132.266,132.071,189.116,1.0000,1.0000,1.0000,0.9500,700.00,700.00,700.00,0.00
134.00,180.000,180.000,170.000,175.000,32.862,32.899,32.855,28.241,36.059,36.125,36.048,29.744,132.579,132.811,132.612,189.843,1.0000,1.0000,1.0000,0.9500,700.00,700.00,700.00,0.00
135.00,180.000,180.000,170.000,175.000,33.020,33.058,33.012,28.315,36.233,36.300,36.222,29.822,133.116,133.353,133.150,190.564,1.0000,1.0000,1.0000,0.9500,700.00,700.00,700.00,0.00
136.00,180.000,180.000,170.000,175.000,33.179,33.219,33.171,28.389,36.407,36.477,36.396,29.900,133.651,133.893,133.685,191.280,1.0000,1.0000,1.0000,0.9500,700.00,700.00,700.00,0.00
137.00,180.000,180.000,170.000,175.000,33.338,33.380,33.331,28.464,36.582,36.654,36.570,29.978,134.182,134.430,134.217,191.991,1.0000,1.0000,1.0000,0.9500,700.00,700.00,700.00,0.00
138.00,180.000,180.000,170.000,175.000,33.499,33.542,33.491,28.539,36.757,36.832,36.745,30.056,134.711,134.964,134.747,192.697,1.0000,1.0000,1.0000,0.9500,700.00,700.00,700.00,0.00
139.00,180.000,180.000,170.000,175.000,33.660,33.704,33.652,28.614,36.933,37.010,36.921,30.134,135.237,135.496,135.274,193.397,1.0000,1.0000,1.0000,0.9500,700.00,700.00,700.00,0.00
140.00,180.000,180.000,170.000,175.000,33.822,33.868,33.813,28.689,37.110,37.189,37.097,30.212,135.760,136.025,135.798,194.092,1.0000,1.0000,1.0000,0.9500,700.00,700.00,700.00,0.00
141.00,180.000,180.000,170.000,175.000,33.984,34.032,33.976,28.764,37.287,37.368,37.274,30.291,136.281,136.552,136.320,194.782,1.0000,1.0000,1.0000,0.9500,700.00,700.00,700.00,0.00
142.00,180.000,180.000,170.000,175.000,34.147,34.197,34.139,28.839,37.464,37.549,37.451,30.369,136.799,137.076,136.839,195.467,1.0000,1.0000,1.0000,0.9500,700.00,700.00,700.00,0.00
143.00,180.000,180.000,170.000,175.000,34.311,34.363,34.302,28.915,37.642,37.729,37.629,30.448,137.315,137.597,137.355,196.147,1.0000,1.0000,1.0000,0.9500,700.00,700.00,700.00,0.00
144.00,180.000,180.000,170.000,175.000,34.476,34.529,34.467,28.991,37.821,37.911,37.808,30.527,137.828,138.116,137.869,196.822,1.0000,1.0000,1.0000,0.9500,700.00,700.00,700.00,0.00
145.00,180.000,180.000,170.000,175.000,34.641,34.696,34.632,29.067,38.001,38.093,37.987,30.606,138.338,138.633,138.381,197.492,1.0000,1.0000,1.0000,0.9500,700.00,700.00,700.00,0.00
146.00,180.000,180.000,170.000,175.000,34.807,34.864,34.798,29.143,38.180,38.275,38.166,30.685,138.846,139.147,138.890,198.157,1.0000,1.0000,1.0000,0.9500,700.00,700.00,700.00,0.00
147.00,180.000,180.000,170.000,175.000,34.974,35.033,34.964,29.219,38.361,38.459,38.347,30.764,139.352,139.658,139.396,198.817,1.0000,1.0000,1.0000,0.9500,700.00,700.00,700.00,0.00
148.00,180.000,180.000,170.000,175.000,35.142,35.202,35.132,29.295,38.542,38.642,38.527,30.843,139.855,140.167,139.900,199.472,1.0000,1.0000,1.0000,0.9500,700.00,700.00,700.00,0.00
149.00,180.000,180.000,170.000,175.000,35.310,35.372,35.299,29.372,38.723,38.827,38.708,30.923,140.355,140.674,140.402,200.122,1.0000,1.0000,1.0000,0.9500,700.00,700.00,700.00,0.00
150.00,180.000,180.000,170.000,175.000,35.478,35.543,35.468,29.448,38.905,39.012,38.890,31.002,140.853,141.179,140.901,200.768,1.0000,1.0000,1.0000,0.9500,700.00,700.00,700.00,0.00
151.00,180.000,180.000,170.000,175.000,35.648,35.714,35.637,29.525,39.087,39.197,39.072,31.082,141.349,141.681,141.397,201.409,1.0000,1.0000,1.0000,0.9500,700.00,700.00,700.00,0.00
152.00,180.000,180.000,170.000,175.000,35.818,35.887,35.807,29.602,39.270,39.383,39.255,31.162,141.842,142.181,141.892,202.045,1.0000,1.0000,1.0000,0.9500,700.00,700.00,700.00,0.00
153.00,180.000,180.000,170.000,175.000,35.988,36.059,35.977,29.679,39.454,39.570,39.438,31.242,142.333,142.678,142.384,202.677,1.0000,1.0000,1.0000,0.9500,700.00,700.00,700.00,0.00
154.00,180.000,180.000,170.000,175.000,36.160,36.233,36.148,29.756,39.637,39.757,39.622,31.322,142.821,143.173,142.873,203.304,1.0000,1.0000,1.0000,0.9500,700.00,700.00,700.00,0.00
155.00,180.000,180.000,170.000,175.000,36.332,36.407,36.320,29.834,39.822,39.945,39.806,31.402,143.307,143.666,143.360,203.926,1.0000,1.0000,1.0000,0.9500,700.00,700.00,700.00,0.00
156.00,180.000,180.000,170.000,175.000,36.504,36.582,36.492,29.911,40.007,40.133,39.991,31.482,143.791,144.157,143.845,204.544,1.0000,1.0000,1.0000,0.9500,700.00,700.00,700.00,0.00
157.00,180.000,180.000,170.000,175.000,36.677,36.757,36.665,29.989,40.192,40.321,40.176,31.562,144.273,144.646,144.328,205.157,1.0000,1.0000,1.0000,0.9500,700.00,700.00,700.00,0.00
158.00,180.000,180.000,170.000,175.000,36.851,36.934,36.839,30.067,40.378,40.511,40.361,31.643,144.752,145.132,144.808,205.766,1.0000,1.0000,1.0000,0.9500,700.00,700.00,700.00,0.00
159.00,180.000,180.000,170.000,175.000,37.025,37.110,37.013,30.144,40.564,40.701,40.547,31.723,145.229,145.616,145.286,206.370,1.0000,1.0000,1.0000,0.9500,700.00,700.00,700.00,0.00
160.00,180.000,180.000,170.000,175.000,37.200,37.288,37.187,30.222,40.751,40.891,40.734,31.804,145.704,146.098,145.762,206.970,1.0000,1.0000,1.0000,0.9500,700.00,700.00,700.00,0.00
161.00,180.000,180.000,170.000,175.000,37.376,37.466,37.363,30.301,40.938,41.082,40.921,31.885,146.176,146.578,146.236,207.566,1.0000,1.0000,1.0000,0.9500,700.00,700.00,700.00,0.00
162.00,180.000,180.000,170.000,175.000,37.552,37.645,37.539,30.379,41.126,41.273,41.108,31.966,146.646,147.055,146.707,208.157,1.0000,1.0000,1.0000,0.9500,700.00,700.00,700.00,0.00
163.00,180.000,180.000,170.000,175.000,37.728,37.824,37.715,30.457,41.314,41.465,41.296,32.047,147.114,147.531,147.177,208.744,1.0000,1.0000,1.0000,0.9500,700.00,700.00,700.00,0.00
164.00,180.000,180.000,170.000,175.000,37.906,38.004,37.892,30.536,41.502,41.657,41.484,32.128,147.580,148.004,147.644,209.326,1.0000,1.0000,1.0000,0.9500,700.00,700.00,700.00,0.00
165.00,180.000,180.000,170.000,175.000,38.083,38.185,38.069,30.614,41.691,41.850,41.673,32.209,148.044,148.476,148.109,209.905,1.0000,1.0000,1.0000,0.9500,700.00,700.00,700.00,0.00
166.00,180.000,180.000,170.000,175.000,38.262,38.366,38.248,30.693,41.880,42.043,41.862,32.290,148.506,148.945,148.572,210.479,1.0000,1.0000,1.0000,0.9500,700.00,700.00,700.00,0.00
167.00,180.000,180.000,170.000,175.000,38.440,38.547,38.426,30.772,42.070,42.237,42.051,32.372,148.965,149.413,149.032,211.049,1.0000,1.0000,1.0000,0.9500,700.00,700.00,700.00,0.00
168.00,180.000,180.000,170.000,175.000,38.620,38.730,38.605,30.851,42.260,42.432,42.241,32.453,149.423,149.878,149.491,211.615,1.0000,1.0000,1.0000,0.9500,700.00,700.00,700.00,0.00
169.00,180.000,180.000,170.000,175.000,38.800,38.913,38.785,30.930,42.451,42.626,42.432,32.535,149.878,150.341,149.948,212.177,1.0000,1.0000,1.0000,0.9500,700.00,700.00,700.00,0.00
170.00,180.000,180.000,170.000,175.000,38.980,39.096,38.965,31.010,42.642,42.822,42.622,32.616,150.331,150.803,150.402,212.735,1.0000,1.0000,1.0000,0.9500,700.00,700.00,700.00,0.00
171.00,180.000,180.000,170.000,175.000,39.161,39.280,39.146,31.089,42.833,43.017,42.814,32.698,150.783,151.262,150.855,213.289,1.0000,1.0000,1.0000,0.9500,700.00,700.00,700.00,0.00
172.00,180.000,180.000,170.000,175.000,39.343,39.465,39.327,31.168,43.025,43.214,43.005,32.780,151.232,151.719,151.306,213.838,1.0000,1.0000,1.0000,0.9500,700.00,700.00,700.00,0.00
173.00,180.000,180.000,170.000,175.000,39.525,39.650,39.509,31.248,43.217,43.410,43.197,32.862,151.679,152.175,151.754,214.384,1.0000,1.0000,1.0000,0.9500,700.00,700.00,700.00,0.00
174.00,180.000,180.000,170.000,175.000,39.707,39.836,39.691,31.328,43.410,43.607,43.389,32.944,152.124,152.629,152.201,214.926,1.0000,1.0000,1.0000,0.9500,700.00,700.00,700.00,0.00
175.00,180.000,180.000,170.000,175.000,39.890,40.023,39.874,31.408,43.603,43.805,43.582,33.026,152.568,153.080,152.645,215.464,1.0000,1.0000,1.0000,0.9500,700.00,700.00,700.00,0.00
176.00,180.000,180.000,170.000,175.000,40.073,40.209,40.057,31.488,43.796,44.003,43.775,33.109,153.009,153.530,153.088,215.998,1.0000,1.0000,1.0000,0.9500,700.00,700.00,700.00,0.00
177.00,180.000,180.000,170.000,175.000,40.257,40.397,40.241,31.568,43.990,44.201,43.969,33.191,153.448,153.978,153.529,216.528,1.0000,1.0000,1.0000,0.9500,700.00,700.00,700.00,0.00
178.00,180.000,180.000,170.000,175.000,40.442,40.585,40.425,31.648,44.184,44.400,44.163,33.274,153.886,154.424,153.968,217.055,1.0000,1.0000,1.0000,0.9500,700.00,700.00,700.00,0.00
179.00,180.000,180.000,170.000,175.000,40.627,40.773,40.610,31.728,44.378,44.599,44.357,33.356,154.321,154.869,154.405,217.577,1.0000,1.0000,1.0000,0.9500,700.00,700.00,700.00,0.00
180.00,180.000,180.000,170.000,175.000,40.812,40.962,40.795,31.809,44.573,44.799,44.551,33.439,154.755,155.311,154.840,218.096,1.0000,1.0000,1.0000,0.9500,700.00,700.00,700.00,0.00
181.00,180.000,180.000,170.000,175.000,40.998,41.152,40.981,31.889,44.768,44.999,44.746,33.522,155.187,155.752,155.273,218.612,1.0000,1.0000,1.0000,0.9500,700.00,700.00,700.00,0.00
182.00,180.000,180.000,170.000,175.000,41.184,41.342,41.167,31.970,44.963,45.200,44.941,33.604,155.617,156.191,155.704,219.123,1.0000,1.0000,1.0000,0.9500,700.00,700.00,700.00,0.00
183.00,180.000,180.000,170.000,175.000,41.371,41.533,41.353,32.051,45.159,45.401,45.137,33.687,156.045,156.628,156.134,219.631,1.0000,1.0000,1.0000,0.9500,700.00,700.00,700.00,0.00
184.00,180.000,180.000,170.000,175.000,41.558,41.724,41.540,32.131,45.355,45.602,45.333,33.770,156.471,157.064,156.562,220.135,1.0000,1.0000,1.0000,0.9500,700.00,700.00,700.00,0.00
185.00,180.000,180.000,170.000,175.000,41.746,41.916,41.728,32.212,45.552,45.804,45.529,33.854,156.895,157.497,156.988,220.636,1.0000,1.0000,1.0000,0.9500,700.00,700.00,700.00,0.00
186.00,180.000,180.000,170.000,175.000,41.934,42.108,41.915,32.293,45.749,46.006,45.726,33.937,157.318,157.929,157.412,221.133,1.0000,1.0000,1.0000,0.9500,700.00,700.00,700.00,0.00
187.00,180.000,180.000,170.000,175.000,42.122,42.300,42.104,32.375,45.946,46.209,45.923,34.020,157.739,158.360,157.834,221.626,1.0000,1.0000,1.0000,0.9500,700.00,700.00,700.00,0.00
188.00,180.000,180.000,170.000,175.000,42.311,42.493,42.292,32.456,46.143,46.412,46.120,34.103,158.158,158.788,158.255,222.116,1.0000,1.0000,1.0000,0.9500,700.00,700.00,700.00,0.00
189.00,180.000,180.000,170.000,175.000,42.501,42.687,42.482,32.537,46.341,46.615,46.318,34.187,158.575,159.215,158.674,222.603,1.0000,1.0000,1.0000,0.9500,700.00,700.00,700.00,0.00
190.00,180.000,180.000,170.000,175.000,42.690,42.881,42.671,32.619,46.539,46.819,46.516,34.271,158.991,159.641,159.091,223.086,1.0000,1.0000,1.0000,0.9500,700.00,700.00,700.00,0.00
191.00,180.000,180.000,170.000,175.000,42.881,43.076,42.861,32.700,46.738,47.023,46.714,34.354,159.405,160.064,159.506,223.566,1.0000,1.0000,1.0000,0.9500,700.00,700.00,700.00,0.00
192.00,180.000,180.000,170.000,175.000,43.071,43.271,43.051,32.782,46.936,47.228,46.912,34.438,159.817,160.486,159.920,224.042,1.0000,1.0000,1.0000,0.9500,700.00,700.00,700.00,0.00
193.00,180.000,180.000,170.000,175.000,43.262,43.466,43.242,32.864,47.135,47.433,47.111,34.522,160.227,160.907,160.332,224.515,1.0000,1.0000,1.0000,0.9500,700.00,700.00,700.00,0.00
194.00,180.000,180.000,170.000,175.000,43.453,43.662,43.433,32.946,47.335,47.638,47.310,34.606,160.636,161.326,160.743,224.985,1.0000,1.0000,1.0000,0.9500,700.00,700.00,700.00,0.00
195.00,180.000,180.000,170.000,175.000,43.645,43.859,43.625,33.028,47.534,47.844,47.510,34.690,161.043,161.743,161.151,225.451,1.0000,1.0000,1.0000,0.9500,700.00,700.00,700.00,0.00
196.00,180.000,180.000,170.000,175.000,43.837,44.056,43.817,33.110,47.734,48.050,47.710,34.774,161.449,162.159,161.558,225.914,1.0000,1.0000,1.0000,0.9500,700.00,700.00,700.00,0.00
197.00,180.000,180.000,170.000,175.000,44.030,44.253,44.009,33.192,47.934,48.256,47.910,34.858,161.853,162.573,161.964,226.373,1.0000,1.0000,1.0000,0.9500,700.00,700.00,700.00,0.00
198.00,180.000,180.000,170.000,175.000,44.223,44.451,44.202,33.274,48.135,48.463,48.110,34.942,162.255,162.986,162.368,226.830,1.0000,1.0000,1.0000,0.9500,700.00,700.00,700.00,0.00
199.00,180.000,180.000,170.000,175.000,44.416,44.649,44.395,33.357,48.335,48.670,48.310,35.027,162.655,163.397,162.770,227.283,1.0000,1.0000,1.0000,0.9500,700.00,700.00,700.00,0.00
200.00,180.000,180.000,170.000,175.000,44.610,44.848,44.588,33.439,48.537,48.877,48.511,35.111,163.054,163.806,163.171,227.733,1.0000,1.0000,1.0000,0.9500,700.00,700.00,700.00,0.00
201.00,180.000,180.000,170.000,175.000,44.804,45.047,44.782,33.522,48.738,49.085,48.712,35.196,163.452,164.214,163.570,228.180,1.0000,1.0000,1.0000,0.9500,700.00,700.00,700.00,0.00
202.00,180.000,180.000,170.000,175.000,44.998,45.246,44.976,33.605,48.939,49.293,48.914,35.280,163.848,164.621,163.968,228.624,1.0000,1.0000,1.0000,0.9500,700.00,700.00,700.00,0.00
203.00,180.000,180.000,170.000,175.000,45.193,45.446,45.171,33.687,49.141,49.502,49.116,35.365,164.242,165.026,164.364,229.065,1.0000,1.0000,1.0000,0.9500,700.00,700.00,700.00,0.00
204.00,180.000,180.000,170.000,175.000,45.388,45.647,45.366,33.770,49.343,49.711,49.317,35.450,164.635,165.430,164.758,229.502,1.0000,1.0000,1.0000,0.9500,700.00,700.00,700.00,0.00
205.00,180.000,180.000,170.000,175.000,45.583,45.847,45.561,33.853,49.546,49.920,49.520,35.535,165.026,165.832,165.151,229.937,1.0000,1.0000,1.0000,0.9500,700.00,700.00,700.00,0.00
206.00,180.000,180.000,170.000,175.000,45.779,46.049,45.757,33.936,49.748,50.130,49.722,35.620,165.416,166.233,165.543,230.368,1.0000,1.0000,1.0000,0.9500,700.00,700.00,700.00,0.00
207.00,180.000,180.000,170.000,175.000,45.975,46.250,45.953,34.019,49.951,50.339,49.925,35.705,165.804,166.632,165.933,230.797,1.0000,1.0000,1.0000,0.9500,700.00,700.00,700.00,0.00
208.00,180.000,180.000,170.000,175.000,46.172,46.452,46.149,34.103,50.154,50.550,50.128,35.790,166.191,167.030,166.321,231.223,1.0000,1.0000,1.0000,0.9500,700.00,700.00,700.00,0.00
209.00,180.000,180.000,170.000,175.000,46.368,46.655,46.345,34.186,50.357,50.760,50.331,35.875,166.576,167.427,166.708,231.645,1.0000,1.0000,1.0000,0.9500,700.00,700.00,700.00,0.00
210.00,180.000,180.000,170.000,175.000,46.565,46.858,46.542,34.269,50.561,50.971,50.534,35.960,166.960,167.822,167.094,232.065,1.0000,1.0000,1.0000,0.9500,700.00,700.00,700.00,0.00
211.00,180.000,180.000,170.000,175.000,46.763,47.061,46.739,34.353,50.765,51.182,50.738,36.046,167.342,168.216,167.478,232.482,1.0000,1.0000,1.0000,0.9500,700.00,700.00,700.00,0.00
212.00,180.000,180.000,170.000,175.000,46.960,47.264,46.937,34.437,50.969,51.393,50.942,36.131,167.723,168.608,167.861,232.895,1.0000,1.0000,1.0000,0.9500,700.00,700.00,700.00,0.00
213.00,180.000,180.000,170.000,175.000,47.158,47.468,47.135,34.520,51.173,51.605,51.146,36.217,168.102,168.999,168.242,233.306,1.0000,1.0000,1.0000,0.9500,700.00,700.00,700.00,0.00
214.00,180.000,180.000,170.000,175.000,47.357,47.673,47.333,34.604,51.378,51.817,51.351,36.302,168.480,169.389,168.622,233.715,1.0000,1.0000,1.0000,0.9500,700.00,700.00,700.00,0.00
215.00,180.000,180.000,170.000,175.000,47.555,47.878,47.532,34.688,51.582,52.030,51.555,36.388,168.857,169.778,169.000,234.120,1.0000,1.0000,1.0000,0.9500,700.00,700.00,700.00,0.00
216.00,180.000,180.000,170.000,175.000,47.754,48.083,47.730,34.772,51.787,52.242,51.760,36.474,169.232,170.165,169.378,234.523,1.0000,1.0000,1.0000,0.9500,700.00,700.00,700.00,0.00
217.00,180.000,180.000,170.000,175.000,47.954,48.288,47.929,34.856,51.992,52.455,51.965,36.560,169.606,170.551,169.753,234.922,1.0000,1.0000,1.0000,0.9500,700.00,700.00,700.00,0.00
218.00,180.000,180.000,170.000,175.000,48.153,48.494,48.129,34.940,52.198,52.669,52.170,36.646,169.978,170.935,170.128,235.320,1.0000,1.0000,1.0000,0.9500,700.00,700.00,700.00,0.00
219.00,180.000,180.000,170.000,175.000,48.353,48.700,48.328,35.024,52.403,52.882,52.376,36.732,170.349,171.319,170.501,235.714,1.0000,1.0000,1.0000,0.9500,700.00,700.00,700.00,0.00
220.00,180.000,180.000,170.000,175.000,48.553,48.907,48.528,35.109,52.609,53.096,52.582,36.818,170.719,171.701,170.872,236.106,1.0000,1.0000,1.0000,0.9500,700.00,700.00,700.00,0.00
221.00,180.000,180.000,170.000,175.000,48.753,49.114,48.729,35.193,52.815,53.310,52.788,36.904,171.088,172.082,171.243,236.495,1.0000,1.0000,1.0000,0.9500,700.00,700.00,700.00,0.00
222.00,180.000,180.000,170.000,175.000,48.954,49.321,48.929,35.278,53.021,53.525,52.994,36.990,171.455,172.461,171.612,236.881,1.0000,1.0000,1.0000,0.9500,700.00,700.00,700.00,0.00
223.00,180.000,180.000,170.000,175.000,49.155,49.529,49.130,35.362,53.228,53.739,53.200,37.076,171.820,172.839,171.980,237.265,1.0000,1.0000,1.0000,0.9500,700.00,700.00,700.00,0.00
224.00,180.000,180.000,170.000,175.000,49.356,49.737,49.331,35.447,53.434,53.954,53.407,37.163,172.185,173.217,172.346,237.646,1.0000,1.0000,1.0000,0.9500,700.00,700.00,700.00,0.00
225.00,180.000,180.000,170.000,175.000,49.558,49.945,49.532,35.532,53.641,54.170,53.613,37.249,172.548,173.592,172.711,238.024,1.0000,1.0000,1.0000,0.9500,700.00,700.00,700.00,0.00
226.00,180.000,180.000,170.000,175.000,49.759,50.154,49.734,35.617,53.848,54.385,53.820,37.336,172.910,173.967,173.075,238.400,1.0000,1.0000,1.0000,0.9500,700.00,700.00,700.00,0.00
227.00,180.000,180.000,170.000,175.000,49.961,50.363,49.936,35.701,54.055,54.601,54.027,37.422,173.270,174.341,173.438,238.773,1.0000,1.0000,1.0000,0.9500,700.00,700.00,700.00,0.00
228.00,180.000,180.000,170.000,175.000,50.164,50.572,50.138,35.786,54.263,54.817,54.235,37.509,173.630,174.713,173.799,239.144,1.0000,1.0000,1.0000,0.9500,700.00,700.00,700.00,0.00
229.00,180.000,180.000,170.000,175.000,50.366,50.782,50.340,35.872,54.470,55.033,54.442,37.596,173.988,175.084,174.159,239.513,1.0000,1.0000,1.0000,0.9500,700.00,700.00,700.00,0.00
230.00,180.000,180.000,170.000,175.000,50.569,50.992,50.543,35.957,54.678,55.250,54.650,37.683,174.345,175.454,174.518,239.879,1.0000,1.0000,1.0000,0.9500,700.00,700.00,700.00,0.00
231.00,180.000,180.000,170.000,175.000,50.772,51.202,50.746,36.042,54.886,55.467,54.858,37.770,174.700,175.823,174.876,240.242,1.0000,1.0000,1.0000,0.9500,700.00,700.00,700.00,0.00
232.00,180.000,180.000,170.000,175.000,50.975,51.413,50.949,36.127,55.094,55.684,55.066,37.857,175.055,176.191,175.233,240.603,1.0000,1.0000,1.0000,0.9500,700.00,700.00,700.00,0.00
233.00,180.000,180.000,170.000,175.000,51.178,51.624,51.152,36.213,55.302,55.901,55.274,37.944,175.408,176.557,175.588,240.962,1.0000,1.0000,1.0000,0.9500,700.00,700.00,700.00,0.00
234.00,180.000,180.000,170.000,175.000,51.382,51.835,51.356,36.298,55.511,56.119,55.482,38.031,175.760,176.923,175.942,241.318,1.0000,1.0000,1.0000,0.9500,700.00,700.00,700.00,0.00
235.00,180.000,180.000,170.000,175.000,51.586,52.047,51.560,36.384,55.719,56.337,55.691,38.118,176.110,177.287,176.295,241.671,1.0000,1.0000,1.0000,0.9500,700.00,700.00,700.00,0.00
236.00,180.000,180.000,170.000,175.000,51.790,52.259,51.764,36.469,55.928,56.555,55.900,38.205,176.460,177.651,176.647,242.023,1.0000,1.0000,1.0000,0.9500,700.00,700.00,700.00,0.00
237.00,180.000,180.000,170.000,175.000,51.995,52.471,51.968,36.555,56.137,56.773,56.108,38.293,176.808,178.013,176.997,242.372,1.0000,1.0000,1.0000,0.9500,700.00,700.00,700.00,0.00
238.00,180.000,180.000,170.000,175.000,52.199,52.684,52.173,36.641,56.346,56.992,56.318,38.380,177.156,178.374,177.347,242.719,1.0000,1.0000,1.0000,0.9500,700.00,700.00,700.00,0.00
239.00,180.000,180.000,170.000,175.000,52.404,52.896,52.377,36.727,56.555,57.211,56.527,38.467,177.502,178.734,177.695,243.063,1.0000,1.0000,1.0000,0.9500,700.00,700.00,700.00,0.00
240.00,180.000,180.000,170.000,175.000,52.609,53.110,52.582,36.813,56.764,57.430,56.736,38.555,177.847,179.093,178.042,243.405,1.0000,1.0000,1.0000,0.9500,700.00,700.00,700.00,0.00
241.00,180.000,180.000,170.000,175.000,52.814,53.323,52.787,36.899,56.974,57.649,56.946,38.643,178.191,179.451,178.388,243.745,1.0000,1.0000,1.0000,0.9500,700.00,700.00,700.00,0.00
242.00,180.000,180.000,170.000,175.000,53.020,53.537,52.993,36.985,57.184,57.869,57.155,38.730,178.533,179.808,178.733,244.083,1.0000,1.0000,1.0000,0.9500,700.00,700.00,700.00,0.00
243.00,180.000,180.000,170.000,175.000,53.225,53.751,53.198,37.071,57.393,58.089,57.365,38.818,178.875,180.164,179.077,244.418,1.0000,1.0000,1.0000,0.9500,700.00,700.00,700.00,0.00
244.00,180.000,180.000,170.000,175.000,53.431,53.965,53.404,37.158,57.603,58.309,57.575,38.906,179.215,180.519,179.420,244.751,1.0000,1.0000,1.0000,0.9500,700.00,700.00,700.00,0.00
245.00,180.000,180.000,170.000,175.000,53.637,54.180,53.610,37.244,57.813,58.529,57.785,38.994,179.555,180.873,179.761,245.082,1.0000,1.0000,1.0000,0.9500,700.00,700.00,700.00,0.00
246.00,180.000,180.000,170.000,175.000,53.844,54.394,53.816,37.330,58.024,58.749,57.995,39.082,179.893,181.225,180.102,245.411,1.0000,1.0000,1.0000,0.9500,700.00,700.00,700.00,0.00
247.00,180.000,180.000,170.000,175.000,54.050,54.610,54.023,37.417,58.234,58.970,58.206,39.170,180.230,181.577,180.441,245.738,1.0000,1.0000,1.0000,0.9500,700.00,700.00,700.00,0.00
248.00,180.000,180.000,170.000,175.000,54.257,54.825,54.230,37.503,58.444,59.191,58.416,39.258,180.566,181.928,180.780,246.063,1.0000,1.0000,1.0000,0.9500,700.00,700.00,700.00,0.00
249.00,180.000,180.000,170.000,175.000,54.464,55.041,54.436,37.590,58.655,59.412,58.627,39.346,180.901,182.278,181.117,246.385,1.0000,1.0000,1.0000,0.9500,700.00,700.00,700.00,0.00
250.00,180.000,180.000,170.000,175.000,54.671,55.257,54.643,37.677,58.866,59.633,58.838,39.434,181.235,182.627,181.454,246.705,1.0000,1.0000,1.0000,0.9500,700.00,700.00,700.00,0.00
251.00,180.000,180.000,170.000,175.000,54.878,55.473,54.851,37.764,59.077,59.855,59.049,39.523,181.568,182.975,181.789,247.024,1.0000,1.0000,1.0000,0.9500,700.00,700.00,700.00,0.00
252.00,180.000,180.000,170.000,175.000,55.085,55.689,55.058,37.851,59.288,60.077,59.260,39.611,181.900,183.322,182.123,247.340,1.0000,1.0000,1.0000,0.9500,700.00,700.00,700.00,0.00
253.00,180.000,180.000,170.000,175.000,55.293,55.906,55.265,37.938,59.499,60.299,59.471,39.700,182.231,183.668,182.456,247.654,1.0000,1.0000,1.0000,0.9500,700.00,700.00,700.00,0.00
254.00,180.000,180.000,170.000,175.000,55.501,56.123,55.473,38.025,59.710,60.521,59.682,39.788,182.561,184.013,182.789,247.966,1.0000,1.0000,1.0000,0.9500,700.00,700.00,700.00,0.00
255.00,180.000,180.000,170.000,175.000,55.709,56.340,55.681,38.112,59.922,60.743,59.894,39.877,182.890,184.357,183.120,248.276,1.0000,1.0000,1.0000,0.9500,700.00,700.00,700.00,0.00
256.00,180.000,180.000,170.000,175.000,55.917,56.558,55.889,38.199,60.133,60.966,60.105,39.965,183.218,184.701,183.450,248.584,1.0000,1.0000,1.0000,0.9500,700.00,700.00,700.00,0.00
257.00,180.000,180.000,170.000,175.000,56.125,56.775,56.097,38.286,60.345,61.189,60.317,40.054,183.545,185.043,183.780,248.890,1.0000,1.0000,1.0000,0.9500,700.00,700.00,700.00,0.00
258.00,180.000,180.000,170.000,175.000,56.333,56.993,56.306,38.373,60.556,61.412,60.529,40.143,183.871,185.385,184.108,249.194,1.0000,1.0000,1.0000,0.9500,700.00,700.00,700.00,0.00
259.00,180.000,180.000,170.000,175.000,56.542,57.212,56.514,38.461,60.768,61.635,60.741,40.232,184.195,185.725,184.435,249.496,1.0000,1.0000,1.0000,0.9500,700.00,700.00,700.00,0.00
260.00,180.000,180.000,170.000,175.000,56.751,57.430,56.723,38.548,60.980,61.858,60.953,40.321,184.519,186.065,184.762,249.797,1.0000,1.0000,1.0000,0.9500,700.00,700.00,700.00,0.00
261.00,180.000,180.000,170.000,175.000,56.960,57.649,56.932,38.636,61.192,62.082,61.165,40.410,184.842,186.404,185.087,250.095,1.0000,1.0000,1.0000,0.9500,700.00,700.00,700.00,0.00
262.00,180.000,180.000,170.000,175.000,57.169,57.868,57.141,38.723,61.404,62.306,61.377,40.499,185.164,186.742,185.412,250.391,1.0000,1.0000,1.0000,0.9500,700.00,700.00,700.00,0.00
263.00,180.000,180.000,170.000,175.000,57.378,58.087,57.350,38.811,61.616,62.530,61.590,40.588,185.485,187.079,185.735,250.686,1.0000,1.0000,1.0000,0.9500,700.00,700.00,700.00,0.00
264.00,180.000,180.000,170.000,175.000,57.587,58.307,57.560,38.899,61.829,62.754,61.802,40.677,185.806,187.415,186.058,250.979,1.0000,1.0000,1.0000,0.9500,700.00,700.00,700.00,0.00
265.00,180.000,180.000,170.000,175.000,57.797,58.526,57.769,38.987,62.041,62.978,62.015,40.766,186.125,187.750,186.379,251.270,1.0000,1.0000,1.0000,0.9500,700.00,700.00,700.00,0.00
266.00,180.000,180.000,170.000,175.000,58.006,58.746,57.979,39.075,62.254,63.203,62.227,40.855,186.443,188.085,186.700,251.559,1.0000,1.0000,1.0000,0.9500,700.00,700.00,700.00,0.00
267.00,180.000,180.000,170.000,175.000,58.216,58.966,58.189,39.163,62.466,63.427,62.440,40.945,186.760,188.419,187.020,251.846,1.0000,1.0000,1.0000,0.9500,700.00,700.00,700.00,0.00
268.00,180.000,180.000,170.000,175.000,58.426,59.187,58.399,39.251,62.679,63.652,62.653,41.034,187.077,188.752,187.339,252.131,1.0000,1.0000,1.0000,0.9500,700.00,700.00,700.00,0.00
269.00,180.000,180.000,170.000,175.000,58.636,59.407,58.609,39.339,62.892,63.877,62.866,41.124,187.392,189.084,187.657,252.415,1.0000,1.0000,1.0000,0.9500,700.00,700.00,700.00,0.00
270.00,180.000,180.000,170.000,175.000,58.846,59.628,58.819,39.427,63.105,64.103,63.079,41.213,187.707,189.415,187.974,252.696,1.0000,1.0000,1.0000,0.9500,700.00,700.00,700.00,0.00
271.00,180.000,180.000,170.000,175.000,59.057,59.849,59.030,39.515,63.318,64.328,63.292,41.303,188.021,189.745,188.291,252.976,1.0000,1.0000,1.0000,0.9500,700.00,700.00,700.00,0.00
272.00,180.000,180.000,170.000,175.000,59.267,60.070,59.240,39.603,63.531,64.553,63.506,41.392,188.333,190.075,188.606,253.255,1.0000,1.0000,1.0000,0.9500,700.00,700.00,700.00,0.00
273.00,180.000,180.000,170.000,175.000,59.478,60.292,59.451,39.692,63.744,64.779,63.719,41.482,188.645,190.404,188.921,253.531,1.0000,1.0000,1.0000,0.9500,700.00,700.00,700.00,0.00
274.00,180.000,180.000,170.000,175.000,59.688,60.513,59.662,39.780,63.957,65.005,63.932,41.572,188.957,190.732,189.235,253.806,1.0000,1.0000,1.0000,0.9500,700.00,700.00,700.00,0.00
275.00,180.000,180.000,170.000,175.000,59.899,60.735,59.873,39.869,64.171,65.231,64.146,41.662,189.267,191.059,189.547,254.079,1.0000,1.0000,1.0000,0.9500,700.00,700.00,700.00,0.00
276.00,180.000,180.000,170.000,175.000,60.110,60.957,60.084,39.957,64.384,65.457,64.359,41.752,189.576,191.386,189.859,254.351,1.0000,1.0000,1.0000,0.9500,700.00,700.00,700.00,0.00
277.00,180.000,180.000,170.000,175.000,60.321,61.180,60.295,40.046,64.597,65.684,64.573,41.842,189.885,191.712,190.171,254.620,1.0000,1.0000,1.0000,0.9500,700.00,700.00,700.00,0.00
278.00,180.000,180.000,170.000,175.000,60.532,61.402,60.506,40.135,64.811,65.910,64.787,41.932,190.193,192.037,190.481,254.888,1.0000,1.0000,1.0000,0.9500,700.00,700.00,700.00,0.00
279.00,180.000,180.000,170.000,175.000,60.744,61.625,60.718,40.223,65.025,66.137,65.001,42.022,190.499,192.361,190.791,255.155,1.0000,1.0000,1.0000,0.9500,700.00,700.00,700.00,0.00
280.00,180.000,180.000,170.000,175.000,60.955,61.848,60.929,40.312,65.238,66.364,65.215,42.112,190.805,192.684,191.099,255.420,1.0000,1.0000,1.0000,0.9500,700.00,700.00,700.00,0.00
281.00,180.000,180.000,170.000,175.000,61.167,62.071,61.141,40.401,65.452,66.591,65.429,42.202,191.111,193.007,191.407,255.683,1.0000,1.0000,1.0000,0.9500,700.00,700.00,700.00,0.00
282.00,180.000,180.000,170.000,175.000,61.378,62.294,61.353,40.490,65.666,66.818,65.643,42.293,191.415,193.329,191.714,255.944,1.0000,1.0000,1.0000,0.9500,700.00,700.00,700.00,0.00
283.00,180.000,180.000,170.000,175.000,61.590,62.517,61.564,40.579,65.880,67.046,65.857,42.383,191.719,193.651,192.021,256.204,1.0000,1.0000,1.0000,0.9500,700.00,700.00,700.00,0.00
284.00,180.000,180.000,170.000,175.000,61.802,62.741,61.776,40.668,66.094,67.273,66.071,42.473,192.022,193.971,192.326,256.463,1.0000,1.0000,1.0000,0.9500,700.00,700.00,700.00,0.00
285.00,180.000,180.000,170.000,175.000,62.014,62.965,61.989,40.757,66.308,67.501,66.285,42.564,192.324,194.291,192.631,256.720,1.0000,1.0000,1.0000,0.9500,700.00,700.00,700.00,0.00
286.00,180.000,180.000,170.000,175.000,62.226,63.189,62.201,40.847,66.522,67.729,66.500,42.654,192.625,194.610,192.935,256.975,1.0000,1.0000,1.0000,0.9500,700.00,700.00,700.00,0.00
287.00,180.000,180.000,170.000,175.000,62.438,63.413,62.413,40.936,66.736,67.957,66.714,42.745,192.925,194.929,193.238,257.229,1.0000,1.0000,1.0000,0.9500,700.00,700.00,700.00,0.00
288.00,180.000,180.000,170.000,175.000,62.650,63.638,62.625,41.025,66.950,68.185,66.929,42.835,193.225,195.247,193.541,257.481,1.0000,1.0000,1.0000,0.9500,700.00,700.00,700.00,0.00
289.00,180.000,180.000,170.000,175.000,62.863,63.862,62.838,41.115,67.164,68.413,67.143,42.926,193.524,195.564,193.842,257.732,1.0000,1.0000,1.0000,0.9500,700.00,700.00,700.00,0.00
290.00,180.000,180.000,170.000,175.000,63.075,64.087,63.051,41.204,67.379,68.641,67.358,43.017,193.822,195.880,194.143,257.981,1.0000,1.0000,1.0000,0.9500,700.00,700.00,700.00,0.00
291.00,180.000,180.000,170.000,175.000,63.288,64.312,63.263,41.294,67.593,68.870,67.572,43.108,194.119,196.196,194.443,258.229,1.0000,1.0000,1.0000,0.9500,700.00,700.00,700.00,0.00
292.00,180.000,180.000,170.000,175.000,63.500,64.537,63.476,41.383,67.808,69.098,67.787,43.199,194.416,196.511,194.743,258.475,1.0000,1.0000,1.0000,0.9500,700.00,700.00,700.00,0.00
293.00,180.000,180.000,170.000,175.000,63.713,64.762,63.689,41.473,68.022,69.327,68.002,43.290,194.712,196.826,195.042,258.720,1.0000,1.0000,1.0000,0.9500,700.00,700.00,700.00,0.00
294.00,180.000,180.000,170.000,175.000,63.926,64.988,63.902,41.563,68.237,69.556,68.217,43.380,195.007,197.139,195.340,258.963,1.0000,1.0000,1.0000,0.9500,700.00,700.00,700.00,0.00
295.00,180.000,180.000,170.000,175.000,64.139,65.213,64.115,41.652,68.451,69.785,68.432,43.472,195.301,197.453,195.637,259.205,1.0000,1.0000,1.0000,0.9500,700.00,700.00,700.00,0.00
296.00,180.000,180.000,170.000,175.000,64.352,65.439,64.328,41.742,68.666,70.014,68.646,43.563,195.595,197.765,195.933,259.445,1.0000,1.0000,1.0000,0.9500,700.00,700.00,700.00,0.00
297.00,180.000,180.000,170.000,175.000,64.565,65.665,64.542,41.832,68.880,70.244,68.861,43.654,195.888,198.077,196.229,259.684,1.0000,1.0000,1.0000,0.9500,700.00,700.00,700.00,0.00
298.00,180.000,180.000,170.000,175.000,64.778,65.891,64.755,41.922,69.095,70.473,69.076,43.745,196.180,198.388,196.524,259.922,1.0000,1.0000,1.0000,0.9500,700.00,700.00,700.00,0.00
299.00,180.000,180.000,170.000,175.000,64.991,66.118,64.968,42.012,69.310,70.703,69.292,43.836,196.472,198.699,196.819,260.158,1.0000,1.0000,1.0000,0.9500,700.00,700.00,700.00,0.00
300.00,180.000,180.000,170.000,175.000,65.205,66.344,65.182,42.102,69.525,70.932,69.507,43.928,196.762,199.009,197.112,260.393,1.0000,1.0000,1.0000,0.9500,700.00,700.00,700.00,0.00
301.00,180.000,180.000,170.000,175.000,65.418,66.571,65.395,42.192,69.740,71.162,69.722,44.019,197.053,199.318,197.405,260.627,1.0000,1.0000,1.0000,0.9500,700.00,700.00,700.00,0.00
302.00,180.000,180.000,170.000,175.000,65.631,66.798,65.609,42.283,69.954,71.392,69.937,44.110,197.342,199.627,197.698,260.859,1.0000,1.0000,1.0000,0.9500,700.00,700.00,700.00,0.00
303.00,180.000,180.000,170.000,175.000,65.845,67.024,65.823,42.373,70.169,71.622,70.152,44.202,197.631,199.935,197.989,261.090,1.0000,1.0000,1.0000,0.9500,700.00,700.00,700.00,0.00
304.00,180.000,180.000,170.000,175.000,66.058,67.252,66.037,42.463,70.384,71.853,70.368,44.293,197.919,200.242,198.280,261.319,1.0000,1.0000,1.0000,0.9500,700.00,700.00,700.00,0.00
305.00,180.000,180.000,170.000,175.000,66.272,67.479,66.251,42.554,70.599,72.083,70.583,44.385,198.206,200.549,198.571,261.547,1.0000,1.0000,1.0000,0.9500,700.00,700.00,700.00,0.00
306.00,180.000,180.000,170.000,175.000,66.486,67.706,66.465,42.644,70.814,72.313,70.798,44.477,198.493,200.856,198.860,261.774,1.0000,1.0000,1.0000,0.9500,700.00,700.00,700.00,0.00
307.00,180.000,180.000,170.000,175.000,66.700,67.934,66.679,42.735,71.029,72.544,71.014,44.568,198.779,201.161,199.149,262.000,1.0000,1.0000,1.0000,0.9500,700.00,700.00,700.00,0.00
308.00,180.000,180.000,170.000,175.000,66.913,68.161,66.893,42.825,71.244,72.775,71.229,44.660,199.064,201.467,199.438,262.224,1.0000,1.0000,1.0000,0.9500,700.00,700.00,700.00,0.00
309.00,180.000,180.000,170.000,175.000,67.127,68.389,67.107,42.916,71.460,73.005,71.445,44.752,199.349,201.771,199.725,262.447,1.0000,1.0000,1.0000,0.9500,700.00,700.00,700.00,0.00
310.00,180.000,180.000,170.000,175.000,67.341,68.617,67.321,43.006,71.675,73.236,71.660,44.844,199.633,202.075,200.013,262.669,1.0000,1.0000,1.0000,0.9500,700.00,700.00,700.00,0.00
311.00,180.000,180.000,170.000,175.000,67.555,68.845,67.535,43.097,71.890,73.467,71.876,44.936,199.916,202.379,200.299,262.889,1.0000,1.0000,1.0000,0.9500,700.00,700.00,700.00,0.00
312.00,180.000,180.000,170.000,175.000,67.769,69.074,67.750,43.188,72.105,73.699,72.092,45.028,200.199,202.681,200.585,263.108,1.0000,1.0000,1.0000,0.9500,700.00,700.00,700.00,0.00
313.00,180.000,180.000,170.000,175.000,67.983,69.302,67.964,43.279,72.320,73.930,72.307,45.120,200.481,202.984,200.870,263.326,1.0000,1.0000,1.0000,0.9500,700.00,700.00,700.00,0.00
314.00,180.000,180.000,170.000,175.000,68.198,69.531,68.179,43.370,72.535,74.161,72.523,45.212,200.763,203.286,201.154,263.543,1.0000,1.0000,1.0000,0.9500,700.00,700.00,700.00,0.00
315.00,180.000,180.000,170.000,175.000,68.412,69.759,68.393,43.461,72.751,74.393,72.739,45.304,201.044,203.587,201.438,263.759,1.0000,1.0000,1.0000,0.9500,700.00,700.00,700.00,0.00
316.00,180.000,180.000,170.000,175.000,68.626,69.988,68.608,43.552,72.966,74.624,72.954,45.396,201.324,203.888,201.722,263.973,1.0000,1.0000,1.0000,0.9500,700.00,700.00,700.00,0.00
317.00,180.000,180.000,170.000,175.000,68.840,70.217,68.822,43.643,73.181,74.856,73.170,45.488,201.603,204.188,202.004,264.186,1.0000,1.0000,1.0000,0.9500,700.00,700.00,700.00,0.00
318.00,180.000,180.000,170.000,175.000,69.055,70.446,69.037,43.734,73.397,75.088,73.386,45.581,201.882,204.487,202.286,264.398,1.0000,1.0000,1.0000,0.9500,700.00,700.00,700.00,0.00
319.00,180.000,180.000,170.000,175.000,69.269,70.676,69.252,43.825,73.612,75.320,73.602,45.673,202.161,204.786,202.568,264.609,1.0000,1.0000,1.0000,0.9500,700.00,700.00,700.00,0.00
320.00,180.000,180.000,170.000,175.000,69.484,70.905,69.467,43.916,73.827,75.552,73.818,45.765,202.439,205.085,202.849,264.819,1.0000,1.0000,1.0000,0.9500,700.00,700.00,700.00,0.00
321.00,180.000,180.000,170.000,175.000,69.698,71.134,69.682,44.008,74.043,75.784,74.033,45.858,202.716,205.383,203.129,265.027,1.0000,1.0000,1.0000,0.9500,700.00,700.00,700.00,0.00
322.00,180.000,180.000,170.000,175.000,69.913,71.364,69.897,44.099,74.258,76.016,74.249,45.950,202.992,205.680,203.409,265.234,1.0000,1.0000,1.0000,0.9500,700.00,700.00,700.00,0.00
323.00,180.000,180.000,170.000,175.000,70.127,71.594,70.112,44.191,74.474,76.248,74.465,46.043,203.268,205.977,203.688,265.441,1.0000,1.0000,1.0000,0.9500,700.00,700.00,700.00,0.00
324.00,180.000,180.000,170.000,175.000,70.342,71.824,70.327,44.282,74.689,76.481,74.681,46.135,203.544,206.274,203.967,265.646,1.0000,1.0000,1.0000,0.9500,700.00,700.00,700.00,0.00
325.00,180.000,180.000,170.000,175.000,70.557,72.054,70.542,44.374,74.904,76.713,74.897,46.228,203.819,206.570,204.245,265.850,1.0000,1.0000,1.0000,0.9500,700.00,700.00,700.00,0.00
326.00,180.000,180.000,170.000,175.000,70.771,72.284,70.757,44.465,75.120,76.946,75.113,46.321,204.093,206.865,204.522,266.052,1.0000,1.0000,1.0000,0.9500,700.00,700.00,700.00,0.00
327.00,180.000,180.000,170.000,175.000,70.986,72.514,70.972,44.557,75.335,77.178,75.329,46.413,204.367,207.160,204.799,266.254,1.0000,1.0000,1.0000,0.9500,700.00,700.00,700.00,0.00
328.00,180.000,180.000,170.000,175.000,71.201,72.744,71.187,44.649,75.551,77.411,75.545,46.506,204.640,207.455,205.075,266.455,1.0000,1.0000,1.0000,0.9500,700.00,700.00,700.00,0.00
329.00,180.000,180.000,170.000,175.000,71.416,72.975,71.402,44.740,75.766,77.644,75.761,46.599,204.912,207.749,205.351,266.654,1.0000,1.0000,1.0000,0.9500,700.00,700.00,700.00,0.00
330.00,180.000,180.000,170.000,175.000,71.631,73.205,71.617,44.832,75.982,77.877,75.977,46.692,205.184,208.043,205.626,266.853,1.0000,1.0000,1.0000,0.9500,700.00,700.00,700.00,0.00
331.00,180.000,180.000,170.000,175.000,71.845,73.436,71.833,44.924,76.197,78.110,76.193,46.785,205.456,208.336,205.901,267.050,1.0000,1.0000,1.0000,0.9500,700.00,700.00,700.00,0.00
332.00,180.000,180.000,170.000,175.000,72.060,73.667,72.048,45.016,76.413,78.343,76.409,46.878,205.726,208.628,206.175,267.247,1.0000,1.0000,1.0000,0.9500,700.00,700.00,700.00,0.00
333.00,180.000,180.000,170.000,175.000,72.275,73.898,72.263,45.108,76.628,78.576,76.625,46.971,205.997,208.920,206.448,267.442,1.0000,1.0000,1.0000,0.9500,700.00,700.00,700.00,0.00
334.00,180.000,180.000,170.000,175.000,72.490,74.129,72.479,45.200,76.844,78.810,76.841,47.064,206.267,209.212,206.721,267.637,1.0000,1.0000,1.0000,0.9500,700.00,700.00,700.00,0.00
335.00,180.000,180.000,170.000,175.000,72.705,74.360,72.694,45.292,77.059,79.043,77.057,47.157,206.536,209.503,206.994,267.830,1.0000,1.0000,1.0000,0.9500,700.00,700.00,700.00,0.00
336.00,180.000,180.000,170.000,175.000,72.920,74.591,72.910,45.384,77.275,79.277,77.273,47.250,206.805,209.794,207.266,268.022,1.0000,1.0000,1.0000,0.9500,700.00,700.00,700.00,0.00
337.00,180.000,180.000,170.000,175.000,73.135,74.823,73.125,45.476,77.490,79.510,77.489,47.344,207.073,210.084,207.537,268.214,1.0000,1.0000,1.0000,0.9500,700.00,700.00,700.00,0.00
338.00,180.000,180.000,170.000,175.000,73.350,75.054,73.341,45.568,77.706,79.744,77.705,47.437,207.340,210.374,207.808,268.404,1.0000,1.0000,1.0000,0.9500,700.00,700.00,700.00,0.00
339.00,180.000,180.000,170.000,175.000,73.566,75.286,73.556,45.661,77.921,79.977,77.922,47.530,207.608,210.664,208.079,268.593,1.0000,1.0000,1.0000,0.9500,700.00,700.00,700.00,0.00
340.00,180.000,180.000,170.000,175.000,73.781,75.518,73.772,45.753,78.137,80.211,78.138,47.624,207.874,210.953,208.349,268.782,1.0000,1.0000,1.0000,0.9500,700.00,700.00,700.00,0.00
341.00,180.000,180.000,170.000,175.000,73.996,75.749,73.987,45.845,78.352,80.445,78.354,47.717,208.140,211.241,208.618,268.969,1.0000,1.0000,1.0000,0.9500,700.00,700.00,700.00,0.00
342.00,180.000,180.000,170.000,175.000,74.211,75.981,74.203,45.938,78.568,80.679,78.570,47.811,208.406,211.529,208.887,269.155,1.0000,1.0000,1.0000,0.9500,700.00,700.00,700.00,0.00
343.00,180.000,180.000,170.000,175.000,74.426,76.213,74.419,46.030,78.783,80.913,78.786,47.904,208.671,211.817,209.155,269.341,1.0000,1.0000,1.0000,0.9500,700.00,700.00,700.00,0.00
344.00,180.000,180.000,170.000,175.000,74.641,76.446,74.634,46.123,78.999,81.147,79.002,47.998,208.936,212.104,209.423,269.525,1.0000,1.0000,1.0000,0.9500,700.00,700.00,700.00,0.00
345.00,180.000,180.000,170.000,175.000,74.856,76.678,74.850,46.216,79.214,81.382,79.218,48.091,209.200,212.391,209.691,269.709,1.0000,1.0000,1.0000,0.9500,700.00,700.00,700.00,0.00
346.00,180.000,180.000,170.000,175.000,75.072,76.910,75.066,46.308,79.430,81.616,79.434,48.185,209.463,212.677,209.958,269.892,1.0000,1.0000,1.0000,0.9500,700.00,700.00,700.00,0.00
347.00,180.000,180.000,170.000,175.000,75.287,77.142,75.282,46.401,79.645,81.850,79.650,48.279,209.726,212.963,210.224,270.073,1.0000,1.0000,1.0000,0.9500,700.00,700.00,700.00,0.00
348.00,180.000,180.000,170.000,175.000,75.502,77.375,75.497,46.494,79.861,82.085,79.867,48.373,209.989,213.249,210.490,270.254,1.0000,1.0000,1.0000,0.9500,700.00,700.00,700.00,0.00
349.00,180.000,180.000,170.000,175.000,75.717,77.608,75.713,46.586,80.076,82.319,80.083,48.466,210.251,213.534,210.756,270.434,1.0000,1.0000,1.0000,0.9500,700.00,700.00,700.00,0.00
350.00,180.000,180.000,170.000,175.000,75.933,77.840,75.929,46.679,80.292,82.554,80.299,48.560,210.513,213.819,211.021,270.613,1.0000,1.0000,1.0000,0.9500,700.00,700.00,700.00,0.00
351.00,180.000,180.000,170.000,175.000,76.148,78.073,76.145,46.772,80.507,82.788,80.515,48.654,210.774,214.103,211.285,270.791,1.0000,1.0000,1.0000,0.9500,700.00,700.00,700.00,0.00
352.00,180.000,180.000,170.000,175.000,76.363,78.306,76.360,46.865,80.723,83.023,80.731,48.748,211.034,214.387,211.549,270.968,1.0000,1.0000,1.0000,0.9500,700.00,700.00,700.00,0.00
353.00,180.000,180.000,170.000,175.000,76.578,78.539,76.576,46.958,80.938,83.258,80.947,48.842,211.295,214.670,211.813,271.145,1.0000,1.0000,1.0000,0.9500,700.00,700.00,700.00,0.00
354.00,180.000,180.000,170.000,175.000,76.794,78.772,76.792,47.051,81.153,83.493,81.163,48.936,211.554,214.954,212.076,271.320,1.0000,1.0000,1.0000,0.9500,700.00,700.00,700.00,0.00
355.00,180.000,180.000,170.000,175.000,77.009,79.005,77.008,47.144,81.369,83.728,81.379,49.030,211.814,215.236,212.339,271.495,1.0000,1.0000,1.0000,0.9500,700.00,700.00,700.00,0.00
356.00,180.000,180.000,170.000,175.000,77.224,79.238,77.224,47.237,81.584,83.963,81.595,49.124,212.073,215.519,212.601,271.669,1.0000,1.0000,1.0000,0.9500,700.00,700.00,700.00,0.00
357.00,180.000,180.000,170.000,175.000,77.440,79.472,77.440,47.331,81.800,84.198,81.811,49.219,212.331,215.801,212.863,271.842,1.0000,1.0000,1.0000,0.9500,700.00,700.00,700.00,0.00
358.00,180.000,180.000,170.000,175.000,77.655,79.705,77.656,47.424,82.015,84.433,82.027,49.313,212.589,216.082,213.124,272.014,1.0000,1.0000,1.0000,0.9500,700.00,700.00,700.00,0.00
359.00,180.000,180.000,170.000,175.000,77.870,79.939,77.872,47.517,82.230,84.668,82.243,49.407,212.846,216.364,213.385,272.185,1.0000,1.0000,1.0000,0.9500,700.00,700.00,700.00,0.00
360.00,180.000,180.000,170.000,175.000,78.086,80.172,78.087,47.611,82.446,84.903,82.459,49.501,213.103,216.644,213.646,272.355,1.0000,1.0000,1.0000,0.9500,700.00,700.00,700.00,0.00
361.00,180.000,180.000,170.000,175.000,78.301,80.406,78.303,47.704,82.661,85.138,82.675,49.596,213.360,216.925,213.906,272.525,1.0000,1.0000,1.0000,0.9500,700.00,700.00,700.00,0.00
362.00,180.000,180.000,170.000,175.000,78.516,80.639,78.519,47.797,82.876,85.374,82.891,49.690,213.616,217.205,214.165,272.694,1.0000,1.0000,1.0000,0.9500,700.00,700.00,700.00,0.00
363.00,180.000,180.000,170.000,175.000,78.732,80.873,78.735,47.891,83.091,85.609,83.107,49.785,213.872,217.485,214.425,272.862,1.0000,1.0000,1.0000,0.9500,700.00,700.00,700.00,0.00
364.00,180.000,180.000,170.000,175.000,78.947,81.107,78.951,47.984,83.307,85.845,83.323,49.879,214.127,217.764,214.683,273.029,1.0000,1.0000,1.0000,0.9500,700.00,700.00,700.00,0.00
365.00,180.000,180.000,170.000,175.000,79.162,81.341,79.167,48.078,83.522,86.080,83.539,49.974,214.382,218.043,214.942,273.195,1.0000,1.0000,1.0000,0.9500,700.00,700.00,700.00,0.00
366.00,180.000,180.000,170.000,175.000,79.377,81.575,79.383,48.172,83.737,86.316,83.755,50.068,214.636,218.322,215.200,273.361,1.0000,1.0000,1.0000,0.9500,700.00,700.00,700.00,0.00
367.00,180.000,180.000,170.000,175.000,79.593,81.809,79.599,48.265,83.952,86.552,83.971,50.163,214.890,218.600,215.457,273.526,1.0000,1.0000,1.0000,0.9500,700.00,700.00,700.00,0.00
368.00,180.000,180.000,170.000,175.000,79.808,82.044,79.815,48.359,84.167,86.787,84.187,50.258,215.144,218.878,215.714,273.690,1.0000,1.0000,1.0000,0.9500,700.00,700.00,700.00,0.00
369.00,180.000,180.000,170.000,175.000,80.023,82.278,80.031,48.453,84.383,87.023,84.403,50.352,215.397,219.156,215.971,273.853,1.0000,1.0000,1.0000,0.9500,700.00,700.00,700.00,0.00
370.00,180.000,180.000,170.000,175.000,80.239,82.512,80.247,48.547,84.598,87.259,84.619,50.447,215.649,219.433,216.227,274.016,1.0000,1.0000,1.0000,0.9500,700.00,700.00,700.00,0.00
371.00,180.000,180.000,170.000,175.000,80.454,82.747,80.463,48.640,84.813,87.495,84.835,50.542,215.902,219.710,216.483,274.178,1.0000,1.0000,1.0000,0.9500,700.00,700.00,700.00,0.00
372.00,180.000,180.000,170.000,175.000,80.669,82.981,80.678,48.734,85.028,87.731,85.051,50.637,216.154,219.987,216.738,274.339,1.0000,1.0000,1.0000,0.9500,700.00,700.00,700.00,0.00
373.00,180.000,180.000,170.000,175.000,80.884,83.216,80.894,48.828,85.243,87.967,85.267,50.732,216.405,220.263,216.994,274.499,1.0000,1.0000,1.0000,0.9500,700.00,700.00,700.00,0.00
374.00,180.000,180.000,170.000,175.000,81.100,83.450,81.110,48.922,85.458,88.203,85.482,50.827,216.656,220.539,217.248,274.659,1.0000,1.0000,1.0000,0.9500,700.00,700.00,700.00,0.00
375.00,180.000,180.000,170.000,175.000,81.315,83.685,81.326,49.016,85.673,88.439,85.698,50.921,216.907,220.815,217.502,274.818,1.0000,1.0000,1.0000,0.9500,700.00,700.00,700.00,0.00
376.00,180.000,180.000,170.000,175.000,81.530,83.920,81.542,49.110,85.888,88.675,85.914,51.017,217.157,221.090,217.756,274.976,1.0000,1.0000,1.0000,0.9500,700.00,700.00,700.00,0.00
377.00,180.000,180.000,170.000,175.000,81.745,84.155,81.758,49.205,86.103,88.911,86.130,51.112,217.407,221.365,218.010,275.133,1.0000,1.0000,1.0000,0.9500,700.00,700.00,700.00,0.00
378.00,180.000,180.000,170.000,175.000,81.960,84.390,81.974,49.299,86.318,89.147,86.345,51.207,217.657,221.640,218.263,275.290,1.0000,1.0000,1.0000,0.9500,700.00,700.00,700.00,0.00
379.00,180.000,180.000,170.000,175.000,82.176,84.625,82.190,49.393,86.533,89.384,86.561,51.302,217.906,221.914,218.516,275.446,1.0000,1.0000,1.0000,0.9500,700.00,700.00,700.00,0.00
380.00,180.000,180.000,170.000,175.000,82.391,84.860,82.406,49.487,86.747,89.620,86.777,51.397,218.154,222.188,218.768,275.602,1.0000,1.0000,1.0000,0.9500,700.00,700.00,700.00,0.00
381.00,180.000,180.000,170.000,175.000,82.606,85.095,82.621,49.582,86.962,89.856,86.993,51.492,218.403,222.462,219.020,275.756,1.0000,1.0000,1.0000,0.9500,700.00,700.00,700.00,0.00
382.00,180.000,180.000,170.000,175.000,82.821,85.330,82.837,49.676,87.177,90.093,87.208,51.588,218.651,222.735,219.272,275.910,1.0000,1.0000,1.0000,0.9500,700.00,700.00,700.00,0.00
383.00,180.000,180.000,170.000,175.000,83.036,85.565,83.053,49.770,87.392,90.329,87.424,51.683,218.898,223.008,219.523,276.064,1.0000,1.0000,1.0000,0.9500,700.00,700.00,700.00,0.00
384.00,180.000,180.000,170.000,175.000,83.251,85.800,83.269,49.865,87.607,90.566,87.639,51.778,219.145,223.281,219.774,276.216,1.0000,1.0000,1.0000,0.9500,700.00,700.00,700.00,0.00
385.00,180.000,180.000,170.000,175.000,83.466,86.036,83.485,49.959,87.821,90.803,87.855,51.874,219.392,223.553,220.024,276.368,1.0000,1.0000,1.0000,0.9500,700.00,700.00,700.00,0.00
386.00,180.000,180.000,170.000,175.000,83.681,86.271,83.701,50.054,88.036,91.039,88.070,51.969,219.639,223.826,220.274,276.520,1.0000,1.0000,1.0000,0.9500,700.00,700.00,700.00,0.00
387.00,180.000,180.000,170.000,175.000,83.896,86.507,83.916,50.148,88.251,91.276,88.286,52.064,219.885,224.098,220.524,276.670,1.0000,1.0000,1.0000,0.9500,700.00,700.00,700.00,0.00
388.00,180.000,180.000,170.000,175.000,84.111,86.742,84.132,50.243,88.465,91.513,88.501,52.160,220.130,224.369,220.774,276.820,1.0000,1.0000,1.0000,0.9500,700.00,700.00,700.00,0.00
389.00,180.000,180.000,170.000,175.000,84.326,86.978,84.348,50.338,88.680,91.749,88.717,52.256,220.376,224.640,221.023,276.970,1.0000,1.0000,1.0000,0.9500,700.00,700.00,700.00,0.00
390.00,180.000,180.000,170.000,175.000,84.541,87.213,84.564,50.432,88.894,91.986,88.932,52.351,220.621,224.911,221.271,277.118,1.0000,1.0000,1.0000,0.9500,700.00,700.00,700.00,0.00
391.00,180.000,180.000,170.000,175.000,84.756,87.449,84.779,50.527,89.109,92.223,89.148,52.447,220.865,225.182,221.520,277.267,1.0000,1.0000,1.0000,0.9500,700.00,700.00,700.00,0.00
392.00,180.000,180.000,170.000,175.000,84.971,87.685,84.995,50.622,89.323,92.460,89.363,52.542,221.110,225.453,221.768,277.414,1.0000,1.0000,1.0000,0.9500,700.00,700.00,700.00,0.00
393.00,180.000,180.000,170.000,175.000,85.186,87.921,85.211,50.717,89.538,92.697,89.578,52.638,221.354,225.723,222.015,277.561,1.0000,1.0000,1.0000,0.9500,700.00,700.00,700.00,0.00
394.00,180.000,180.000,170.000,175.000,85.401,88.156,85.427,50.812,89.752,92.934,89.794,52.734,221.597,225.993,222.263,277.707,1.0000,1.0000,1.0000,0.9500,700.00,700.00,700.00,0.00
395.00,180.000,180.000,170.000,175.000,85.616,88.392,85.642,50.907,89.966,93.171,90.009,52.830,221.840,226.262,222.510,277.853,1.0000,1.0000,1.0000,0.9500,700.00,700.00,700.00,0.00
396.00,180.000,180.000,170.000,175.000,85.831,88.628,85.858,51.002,90.181,93.408,90.224,52.926,222.083,226.531,222.756,277.998,1.0000,1.0000,1.0000,0.9500,700.00,700.00,700.00,0.00
397.00,180.000,180.000,170.000,175.000,86.046,88.864,86.073,51.097,90.395,93.645,90.440,53.021,222.326,226.800,223.003,278.143,1.0000,1.0000,1.0000,0.9500,700.00,700.00,700.00,0.00
398.00,180.000,180.000,170.000,175.000,86.260,89.100,86.289,51.192,90.609,93.882,90.655,53.117,222.568,227.069,223.249,278.286,1.0000,1.0000,1.0000,0.9500,700.00,700.00,700.00,0.00
399.00,180.000,180.000,170.000,175.000,86.475,89.337,86.505,51.287,90.823,94.119,90.870,53.213,222.810,227.338,223.494,278.430,1.0000,1.0000,1.0000,0.9500,700.00,700.00,700.00,0.00
400.00,180.000,180.000,170.000,175.000,86.690,89.573,86.720,51.382,91.038,94.356,91.085,53.309,223.051,227.606,223.740,278.572,1.0000,1.0000,1.0000,0.9500,700.00,700.00,700.00,0.00
401.00,180.000,180.000,170.000,175.000,86.905,89.809,86.936,51.477,91.252,94.593,91.300,53.405,223.293,227.874,223.985,278.715,1.0000,1.0000,1.0000,0.9500,700.00,700.00,700.00,0.00
402.00,180.000,180.000,170.000,175.000,87.119,90.045,87.151,51.572,91.466,94.831,91.515,53.501,223.534,228.142,224.229,278.856,1.0000,1.0000,1.0000,0.9500,700.00,700.00,700.00,0.00
403.00,180.000,180.000,170.000,175.000,87.334,90.282,87.367,51.668,91.680,95.068,91.730,53.598,223.774,228.409,224.474,278.997,1.0000,1.0000,1.0000,0.9500,700.00,700.00,700.00,0.00
404.00,180.000,180.000,170.000,175.000,87.548,90.518,87.582,51.763,91.894,95.305,91.945,53.694,224.014,228.676,224.718,279.138,1.0000,1.0000,1.0000,0.9500,700.00,700.00,700.00,0.00
405.00,180.000,180.000,170.000,175.000,87.763,90.754,87.798,51.858,92.108,95.543,92.160,53.790,224.254,228.943,224.961,279.277,1.0000,1.0000,1.0000,0.9500,700.00,700.00,700.00,0.00
406.00,180.000,180.000,170.000,175.000,87.978,90.991,88.013,51.954,92.322,95.780,92.375,53.886,224.494,229.210,225.205,279.417,1.0000,1.0000,1.0000,0.9500,700.00,700.00,700.00,0.00
407.00,180.000,180.000,170.000,175.000,88.192,91.227,88.229,52.049,92.536,96.017,92.590,53.982,224.733,229.476,225.448,279.556,1.0000,1.0000,1.0000,0.9500,700.00,700.00,700.00,0.00
408.00,180.000,180.000,170.000,175.000,88.407,91.464,88.444,52.145,92.750,96.255,92.805,54.079,224.972,229.742,225.691,279.694,1.0000,1.0000,1.0000,0.9500,700.00,700.00,700.00,0.00
409.00,180.000,180.000,170.000,175.000,88.621,91.701,88.659,52.240,92.963,96.492,93.020,54.175,225.210,230.008,225.933,279.831,1.0000,1.0000,1.0000,0.9500,700.00,700.00,700.00,0.00
410.00,180.000,180.000,170.000,175.000,88.835,91.937,88.875,52.336,93.177,96.730,93.234,54.271,225.449,230.274,226.175,279.969,1.0000,1.0000,1.0000,0.9500,700.00,700.00,700.00,0.00
411.00,180.000,180.000,170.000,175.000,89.050,92.174,89.090,52.431,93.391,96.967,93.449,54.368,225.687,230.539,226.417,280.105,1.0000,1.0000,1.0000,0.9500,700.00,700.00,700.00,0.00
412.00,180.000,180.000,170.000,175.000,89.264,92.411,89.305,52.527,93.605,97.205,93.664,54.464,225.924,230.804,226.659,280.241,1.0000,1.0000,1.0000,0.9500,700.00,700.00,700.00,0.00
413.00,180.000,180.000,170.000,175.000,89.479,92.647,89.520,52.623,93.818,97.442,93.879,54.561,226.162,231.069,226.900,280.377,1.0000,1.0000,1.0000,0.9500,700.00,700.00,700.00,0.00
414.00,180.000,180.000,170.000,175.000,89.693,92.884,89.736,52.718,94.032,97.680,94.093,54.657,226.399,231.334,227.141,280.512,1.0000,1.0000,1.0000,0.9500,700.00,700.00,700.00,0.00
415.00,180.000,180.000,170.000,175.000,89.907,93.121,89.951,52.814,94.245,97.918,94.308,54.754,226.635,231.598,227.381,280.647,1.0000,1.0000,1.0000,0.9500,700.00,700.00,700.00,0.00
416.00,180.000,180.000,170.000,175.000,90.121,93.358,90.166,52.910,94.459,98.155,94.522,54.851,226.872,231.863,227.622,280.781,1.0000,1.0000,1.0000,0.9500,700.00,700.00,700.00,0.00
417.00,180.000,180.000,170.000,175.000,90.336,93.595,90.381,53.006,94.672,98.393,94.737,54.947,227.108,232.127,227.862,280.914,1.0000,1.0000,1.0000,0.9500,700.00,700.00,700.00,0.00
418.00,180.000,180.000,170.000,175.000,90.550,93.832,90.596,53.102,94.886,98.631,94.951,55.044,227.344,232.390,228.102,281.047,1.0000,1.0000,1.0000,0.9500,700.00,700.00,700.00,0.00
419.00,180.000,180.000,170.000,175.000,90.764,94.069,90.811,53.198,95.099,98.868,95.166,55.141,227.579,232.654,228.341,281.180,1.0000,1.0000,1.0000,0.9500,700.00,700.00,700.00,0.00
420.00,180.000,180.000,170.000,175.000,90.978,94.306,91.026,53.294,95.312,99.106,95.380,55.237,227.815,232.917,228.580,281.312,1.0000,1.0000,1.0000,0.9500,700.00,700.00,700.00,0.00
421.00,180.000,180.000,170.000,175.000,91.192,94.543,91.241,53.390,95.526,99.344,95.595,55.334,228.050,233.180,228.819,281.444,1.0000,1.0000,1.0000,0.9500,700.00,700.00,700.00,0.00
422.00,180.000,180.000,170.000,175.000,91.406,94.780,91.456,53.486,95.739,99.582,95.809,55.431,228.284,233.443,229.058,281.575,1.0000,1.0000,1.0000,0.9500,700.00,700.00,700.00,0.00
423.00,180.000,180.000,170.000,175.000,91.620,95.017,91.671,53.582,95.952,99.820,96.023,55.528,228.519,233.706,229.296,281.706,1.0000,1.0000,1.0000,0.9500,700.00,700.00,700.00,0.00
424.00,180.000,180.000,170.000,175.000,91.834,95.254,91.886,53.678,96.165,100.058,96.237,55.625,228.753,233.968,229.534,281.836,1.0000,1.0000,1.0000,0.9500,700.00,700.00,700.00,0.00
425.00,180.000,180.000,170.000,175.000,92.048,95.491,92.101,53.774,96.378,100.295,96.452,55.722,228.987,234.230,229.772,281.965,1.0000,1.0000,1.0000,0.9500,700.00,700.00,700.00,0.00
426.00,180.000,180.000,170.000,175.000,92.262,95.729,92.316,53.870,96.591,100.533,96.666,55.819,229.220,234.492,230.010,282.095,1.0000,1.0000,1.0000,0.9500,700.00,700.00,700.00,0.00
427.00,180.000,180.000,170.000,175.000,92.475,95.966,92.531,53.966,96.804,100.771,96.880,55.916,229.454,234.754,230.247,282.224,1.0000,1.0000,1.0000,0.9500,700.00,700.00,700.00,0.00
428.00,180.000,180.000,170.000,175.000,92.689,96.203,92.745,54.063,97.017,101.009,97.094,56.013,229.687,235.015,230.484,282.352,1.0000,1.0000,1.0000,0.9500,700.00,700.00,700.00,0.00
429.00,180.000,180.000,170.000,175.000,92.903,96.441,92.960,54.159,97.230,101.247,97.308,56.110,229.919,235.277,230.720,282.480,1.0000,1.0000,1.0000,0.9500,700.00,700.00,700.00,0.00
430.00,180.000,180.000,170.000,175.000,93.117,96.678,93.175,54.255,97.443,101.485,97.522,56.207,230.152,235.538,230.957,282.607,1.0000,1.0000,1.0000,0.9500,700.00,700.00,700.00,0.00
431.00,180.000,180.000,170.000,175.000,93.330,96.915,93.389,54.352,97.656,101.723,97.736,56.304,230.384,235.799,231.193,282.734,1.0000,1.0000,1.0000,0.9500,700.00,700.00,700.00,0.00
432.00,180.000,180.000,170.000,175.000,93.544,97.153,93.604,54.448,97.869,101.961,97.950,56.401,230.616,236.059,231.429,282.861,1.0000,1.0000,1.0000,0.9500,700.00,700.00,700.00,0.00
433.00,180.000,180.000,170.000,175.000,93.757,97.390,93.819,54.545,98.081,102.199,98.164,56.498,230.847,236.320,231.665,282.987,1.0000,1.0000,1.0000,0.9500,700.00,700.00,700.00,0.00
434.00,180.000,180.000,170.000,175.000,93.971,97.628,94.033,54.641,98.294,102.437,98.377,56.596,231.079,236.580,231.900,283.113,1.0000,1.0000,1.0000,0.9500,700.00,700.00,700.00,0.00
435.00,180.000,180.000,170.000,175.000,94.184,97.865,94.248,54.738,98.507,102.676,98.591,56.693,231.310,236.840,232.135,283.238,1.0000,1.0000,1.0000,0.9500,700.00,700.00,700.00,0.00
436.00,180.000,180.000,170.000,175.000,94.398,98.103,94.462,54.834,98.719,102.914,98.805,56.790,231.541,237.100,232.370,283.363,1.0000,1.0000,1.0000,0.9500,700.00,700.00,700.00,0.00
437.00,180.000,180.000,170.000,175.000,94.611,98.340,94.677,54.931,98.932,103.152,99.019,56.888,231.771,237.359,232.605,283.487,1.0000,1.0000,1.0000,0.9500,700.00,700.00,700.00,0.00
438.00,180.000,180.000,170.000,175.000,94.824,98.578,94.891,55.027,99.144,103.390,99.232,56.985,232.001,237.619,232.839,283.611,1.0000,1.0000,1.0000,0.9500,700.00,700.00,700.00,0.00
439.00,180.000,180.000,170.000,175.000,95.038,98.816,95.105,55.124,99.356,103.628,99.446,57.082,232.231,237.878,233.073,283.735,1.0000,1.0000,1.0000,0.9500,700.00,700.00,700.00,0.00
440.00,180.000,180.000,170.000,175.000,95.251,99.053,95.320,55.221,99.569,103.866,99.659,57.180,232.461,238.137,233.307,283.858,1.0000,1.0000,1.0000,0.9500,700.00,700.00,700.00,0.00
441.00,180.000,180.000,170.000,175.000,95.464,99.291,95.534,55.318,99.781,104.104,99.873,57.277,232.691,238.396,233.541,283.981,1.0000,1.0000,1.0000,0.9500,700.00,700.00,700.00,0.00
442.00,180.000,180.000,170.000,175.000,95.677,99.529,95.748,55.414,99.993,104.343,100.086,57.375,232.920,238.655,233.774,284.103,1.0000,1.0000,1.0000,0.9500,700.00,700.00,700.00,0.00
443.00,180.000,180.000,170.000,175.000,95.891,99.766,95.963,55.511,100.206,104.581,100.300,57.472,233.149,238.913,234.007,284.225,1.0000,1.0000,1.0000,0.9500,700.00,700.00,700.00,0.00
444.00,180.000,180.000,170.000,175.000,96.104,100.004,96.177,55.608,100.418,104.819,100.513,57.570,233.378,239.172,234.240,284.347,1.0000,1.0000,1.0000,0.9500,700.00,700.00,700.00,0.00
445.00,180.000,180.000,170.000,175.000,96.317,100.242,96.391,55.705,100.630,105.057,100.726,57.668,233.606,239.430,234.472,284.468,1.0000,1.0000,1.0000,0.9500,700.00,700.00,700.00,0.00
446.00,180.000,180.000,170.000,175.000,96.530,100.480,96.605,55.802,100.842,105.296,100.940,57.765,233.835,239.688,234.705,284.589,1.0000,1.0000,1.0000,0.9500,700.00,700.00,700.00,0.00
447.00,180.000,180.000,170.000,175.000,96.743,100.718,96.819,55.899,101.054,105.534,101.153,57.863,234.063,239.945,234.937,284.709,1.0000,1.0000,1.0000,0.9500,700.00,700.00,700.00,0.00
448.00,180.000,180.000,170.000,175.000,96.955,100.955,97.033,55.996,101.266,105.772,101.366,57.961,234.290,240.203,235.169,284.830,1.0000,1.0000,1.0000,0.9500,700.00,700.00,700.00,0.00
449.00,180.000,180.000,170.000,175.000,97.168,101.193,97.247,56.093,101.478,106.010,101.579,58.059,234.518,240.460,235.401,284.949,1.0000,1.0000,1.0000,0.9500,700.00,700.00,700.00,0.00
450.00,180.000,180.000,170.000,175.000,97.381,101.431,97.461,56.190,101.689,106.249,101.792,58.156,234.745,240.717,235.632,285.069,1.0000,1.0000,1.0000,0.9500,700.00,700.00,700.00,0.00
451.00,180.000,180.000,170.000,175.000,97.594,101.669,97.675,56.287,101.901,106.487,102.005,58.254,234.972,240.974,235.863,285.187,1.0000,1.0000,1.0000,0.9500,700.00,700.00,700.00,0.00
452.00,180.000,180.000,170.000,175.000,97.807,101.907,97.889,56.384,102.113,106.725,102.218,58.352,235.199,241.231,236.094,285.306,1.0000,1.0000,1.0000,0.9500,700.00,700.00,700.00,0.00
453.00,180.000,180.000,170.000,175.000,98.019,102.145,98.102,56.481,102.325,106.964,102.431,58.450,235.426,241.488,236.325,285.424,1.0000,1.0000,1.0000,0.9500,700.00,700.00,700.00,0.00
454.00,180.000,180.000,170.000,175.000,98.232,102.383,98.316,56.579,102.536,107.202,102.644,58.548,235.652,241.744,236.555,285.542,1.0000,1.0000,1.0000,0.9500,700.00,700.00,700.00,0.00
455.00,180.000,180.000,170.000,175.000,98.444,102.621,98.530,56.676,102.748,107.440,102.857,58.646,235.878,242.001,236.786,285.660,1.0000,1.0000,1.0000,0.9500,700.00,700.00,700.00,0.00
456.00,180.000,180.000,170.000,175.000,98.657,102.859,98.744,56.773,102.959,107.679,103.070,58.744,236.104,242.257,237.016,285.777,1.0000,1.0000,1.0000,0.9500,700.00,700.00,700.00,0.00
457.00,180.000,180.000,170.000,175.000,98.869,103.097,98.957,56.870,103.171,107.917,103.282,58.842,236.330,242.513,237.246,285.894,1.0000,1.0000,1.0000,0.9500,700.00,700.00,700.00,0.00
458.00,180.000,180.000,170.000,175.000,99.082,103.335,99.171,56.968,103.382,108.156,103.495,58.940,236.555,242.768,237.475,286.010,1.0000,1.0000,1.0000,0.9500,700.00,700.00,700.00,0.00
459.00,180.000,180.000,170.000,175.000,99.294,103.573,99.384,57.065,103.593,108.394,103.708,59.038,236.780,243.024,237.705,286.126,1.0000,1.0000,1.0000,0.9500,700.00,700.00,700.00,0.00
460.00,180.000,180.000,170.000,175.000,99.506,103.811,99.598,57.163,103.805,108.632,103.920,59.136,237.005,243.280,237.934,286.242,1.0000,1.0000,1.0000,0.9500,700.00,700.00,700.00,0.00
461.00,180.000,180.000,170.000,175.000,99.719,104.049,99.811,57.260,104.016,108.871,104.133,59.234,237.230,243.535,238.163,286.357,1.0000,1.0000,1.0000,0.9500,700.00,700.00,700.00,0.00
462.00,180.000,180.000,170.000,175.000,99.931,104.287,100.025,57.358,104.227,109.109,104.345,59.332,237.455,243.790,238.391,286.472,1.0000,1.0000,1.0000,0.9500,700.00,700.00,700.00,0.00
463.00,180.000,180.000,170.000,175.000,100.143,104.525,100.238,57.455,104.438,109.348,104.558,59.431,237.679,244.045,238.620,286.587,1.0000,1.0000,1.0000,0.9500,700.00,700.00,700.00,0.00
464.00,180.000,180.000,170.000,175.000,100.355,104.764,100.451,57.553,104.649,109.586,104.770,59.529,237.903,244.300,238.848,286.702,1.0000,1.0000,1.0000,0.9500,700.00,700.00,700.00,0.00
465.00,180.000,180.000,170.000,175.000,100.567,105.002,100.665,57.650,104.860,109.825,104.982,59.627,238.127,244.554,239.076,286.816,1.0000,1.0000,1.0000,0.9500,700.00,700.00,700.00,0.00
466.00,180.000,180.000,170.000,175.000,100.779,105.240,100.878,57.748,105.071,110.063,105.195,59.725,238.351,244.809,239.304,286.929,1.0000,1.0000,1.0000,0.9500,700.00,700.00,700.00,0.00
467.00,180.000,180.000,170.000,175.000,100.991,105.478,101.091,57.846,105.282,110.302,105.407,59.824,238.574,245.063,239.532,287.043,1.0000,1.0000,1.0000,0.9500,700.00,700.00,700.00,0.00
468.00,180.000,180.000,170.000,175.000,101.203,105.716,101.304,57.943,105.493,110.540,105.619,59.922,238.797,245.317,239.759,287.156,1.0000,1.0000,1.0000,0.9500,700.00,700.00,700.00,0.00
469.00,180.000,180.000,170.000,175.000,101.415,105.955,101.517,58.041,105.704,110.779,105.831,60.021,239.020,245.571,239.986,287.269,1.0000,1.0000,1.0000,0.9500,700.00,700.00,700.00,0.00
470.00,180.000,180.000,170.000,175.000,101.626,106.193,101.730,58.139,105.914,111.017,106.043,60.119,239.243,245.825,240.213,287.381,1.0000,1.0000,1.0000,0.9500,700.00,700.00,700.00,0.00
471.00,180.000,180.000,170.000,175.000,101.838,106.431,101.943,58.237,106.125,111.255,106.255,60.217,239.466,246.079,240.440,287.494,1.0000,1.0000,1.0000,0.9500,700.00,700.00,700.00,0.00
472.00,180.000,180.000,170.000,175.000,102.050,106.669,102.156,58.334,106.336,111.494,106.467,60.316,239.688,246.332,240.667,287.606,1.0000,1.0000,1.0000,0.9500,700.00,700.00,700.00,0.00
473.00,180.000,180.000,170.000,175.000,102.262,106.908,102.369,58.432,106.546,111.732,106.679,60.415,239.910,246.585,240.893,287.717,1.0000,1.0000,1.0000,0.9500,700.00,700.00,700.00,0.00
474.00,180.000,180.000,170.000,175.000,102.473,107.146,102.582,58.530,106.757,111.971,106.891,60.513,240.132,246.839,241.120,287.828,1.0000,1.0000,1.0000,0.9500,700.00,700.00,700.00,0.00
475.00,180.000,180.000,170.000,175.000,102.685,107.384,102.795,58.628,106.967,112.209,107.103,60.612,240.354,247.092,241.346,287.939,1.0000,1.0000,1.0000,0.9500,700.00,700.00,700.00,0.00
476.00,180.000,180.000,170.000,175.000,102.896,107.622,103.007,58.726,107.177,112.448,107.315,60.710,240.575,247.345,241.571,288.050,1.0000,1.0000,1.0000,0.9500,700.00,700.00,700.00,0.00
477.00,180.000,180.000,170.000,175.000,103.107,107.861,103.220,58.824,107.388,112.686,107.526,60.809,240.797,247.597,241.797,288.161,1.0000,1.0000,1.0000,0.9500,700.00,700.00,700.00,0.00
478.00,180.000,180.000,170.000,175.000,103.319,108.099,103.433,58.922,107.598,112.925,107.738,60.908,241.018,247.850,242.022,288.271,1.0000,1.0000,1.0000,0.9500,700.00,700.00,700.00,0.00
479.00,180.000,180.000,170.000,175.000,103.530,108.337,103.645,59.020,107.808,113.163,107.950,61.006,241.239,248.102,242.248,288.381,1.0000,1.0000,1.0000,0.9500,700.00,700.00,700.00,0.00
480.00,180.000,180.000,170.000,175.000,103.741,108.576,103.858,59.118,108.018,113.402,108.161,61.105,241.459,248.355,242.473,288.490,1.0000,1.0000,1.0000,0.9500,700.00,700.00,700.00,0.00
481.00,180.000,180.000,170.000,175.000,103.953,108.814,104.070,59.216,108.228,113.640,108.373,61.204,241.680,248.607,242.697,288.599,1.0000,1.0000,1.0000,0.9500,700.00,700.00,700.00,0.00
482.00,180.000,180.000,170.000,175.000,104.164,109.052,104.283,59.315,108.438,113.879,108.584,61.303,241.900,248.859,242.922,288.708,1.0000,1.0000,1.0000,0.9500,700.00,700.00,700.00,0.00
483.00,180.000,180.000,170.000,175.000,104.375,109.291,104.495,59.413,108.648,114.117,108.795,61.401,242.120,249.111,243.147,288.817,1.0000,1.0000,1.0000,0.9500,700.00,700.00,700.00,0.00
484.00,180.000,180.000,170.000,175.000,104.586,109.529,104.707,59.511,108.858,114.356,109.007,61.500,242.340,249.362,243.371,288.925,1.0000,1.0000,1.0000,0.9500,700.00,700.00,700.00,0.00
485.00,180.000,180.000,170.000,175.000,104.797,109.767,104.920,59.609,109.068,114.595,109.218,61.599,242.560,249.614,243.595,289.034,1.0000,1.0000,1.0000,0.9500,700.00,700.00,700.00,0.00
486.00,180.000,180.000,170.000,175.000,105.008,110.006,105.132,59.707,109.278,114.833,109.429,61.698,242.779,249.866,243.819,289.142,1.0000,1.0000,1.0000,0.9500,700.00,700.00,700.00,0.00
487.00,180.000,180.000,170.000,175.000,105.219,110.244,105.344,59.806,109.487,115.072,109.640,61.797,242.999,250.117,244.042,289.249,1.0000,1.0000,1.0000,0.9500,700.00,700.00,700.00,0.00
488.00,180.000,180.000,170.000,175.000,105.429,110.483,105.556,59.904,109.697,115.310,109.852,61.896,243.218,250.368,244.266,289.357,1.0000,1.0000,1.0000,0.9500,700.00,700.00,700.00,0.00
489.00,180.000,180.000,170.000,175.000,105.640,110.721,105.768,60.002,109.907,115.549,110.063,61.995,243.437,250.619,244.489,289.464,1.0000,1.0000,1.0000,0.9500,700.00,700.00,700.00,0.00
490.00,180.000,180.000,170.000,175.000,105.851,110.959,105.980,60.101,110.116,115.787,110.274,62.094,243.656,250.870,244.712,289.570,1.0000,1.0000,1.0000,0.9500,700.00,700.00,700.00,0.00
491.00,180.000,180.000,170.000,175.000,106.061,111.198,106.192,60.199,110.326,116.026,110.485,62.193,243.874,251.121,244.935,289.677,1.0000,1.0000,1.0000,0.9500,700.00,700.00,700.00,0.00
492.00,180.000,180.000,170.000,175.000,106.272,111.436,106.404,60.298,110.535,116.264,110.695,62.292,244.093,251.371,245.158,289.783,1.0000,1.0000,1.0000,0.9500,700.00,700.00,700.00,0.00
493.00,180.000,180.000,170.000,175.000,106.482,111.675,106.616,60.396,110.745,116.503,110.906,62.391,244.311,251.622,245.381,289.889,1.0000,1.0000,1.0000,0.9500,700.00,700.00,700.00,0.00
494.00,180.000,180.000,170.000,175.000,106.693,111.913,106.828,60.495,110.954,116.741,111.117,62.490,244.529,251.872,245.603,289.995,1.0000,1.0000,1.0000,0.9500,700.00,700.00,700.00,0.00
495.00,180.000,180.000,170.000,175.000,106.903,112.151,107.040,60.593,111.163,116.980,111.328,62.590,244.747,252.122,245.825,290.101,1.0000,1.0000,1.0000,0.9500,700.00,700.00,700.00,0.00
496.00,180.000,180.000,170.000,175.000,107.114,112.390,107.252,60.692,111.372,117.218,111.538,62.689,244.964,252.373,246.047,290.206,1.0000,1.0000,1.0000,0.9500,700.00,700.00,700.00,0.00
497.00,180.000,180.000,170.000,175.000,107.324,112.628,107.463,60.791,111.581,117.457,111.749,62.788,245.182,252.623,246.269,290.311,1.0000,1.0000,1.0000,0.9500,700.00,700.00,700.00,0.00
498.00,180.000,180.000,170.000,175.000,107.534,112.867,107.675,60.889,111.790,117.695,111.960,62.887,245.399,252.872,246.491,290.416,1.0000,1.0000,1.0000,0.9500,700.00,700.00,700.00,0.00
499.00,180.000,180.000,170.000,175.000,107.744,113.105,107.887,60.988,111.999,117.934,112.170,62.987,245.616,253.122,246.712,290.521,1.0000,1.0000,1.0000,0.9500,700.00,700.00,700.00,0.00
500.00,180.000,180.000,170.000,175.000,107.954,113.344,108.098,61.087,112.208,118.172,112.381,63.086,245.833,253.372,246.934,290.625,1.0000,1.0000,1.0000,0.9500,700.00,700.00,700.00,0.00
501.00,180.000,180.000,170.000,175.000,108.165,113.582,108.310,61.185,112.417,118.411,112.591,63.185,246.050,253.621,247.155,290.729,1.0000,1.0000,1.0000,0.9500,700.00,700.00,700.00,0.00
502.00,180.000,180.000,170.000,175.000,108.375,113.821,108.521,61.284,112.626,118.649,112.801,63.285,246.267,253.871,247.376,290.833,1.0000,1.0000,1.0000,0.9500,700.00,700.00,700.00,0.00
503.00,180.000,180.000,170.000,175.000,108.584,114.059,108.732,61.383,112.835,118.888,113.012,63.384,246.483,254.120,247.597,290.937,1.0000,1.0000,1.0000,0.9500,700.00,700.00,700.00,0.00
504.00,180.000,180.000,170.000,175.000,108.794,114.297,108.944,61.482,113.044,119.126,113.222,63.483,246.699,254.369,247.817,291.040,1.0000,1.0000,1.0000,0.9500,700.00,700.00,700.00,0.00
505.00,180.000,180.000,170.000,175.000,109.004,114.536,109.155,61.581,113.252,119.364,113.432,63.583,246.915,254.618,248.038,291.143,1.0000,1.0000,1.0000,0.9500,700.00,700.00,700.00,0.00
506.00,180.000,180.000,170.000,175.000,109.214,114.774,109.366,61.679,113.461,119.603,113.642,63.682,247.131,254.867,248.258,291.246,1.0000,1.0000,1.0000,0.9500,700.00,700.00,700.00,0.00
507.00,180.000,180.000,170.000,175.000,109.424,115.013,109.577,61.778,113.669,119.841,113.852,63.782,247.347,255.115,248.478,291.349,1.0000,1.0000,1.0000,0.9500,700.00,700.00,700.00,0.00
508.00,180.000,180.000,170.000,175.000,109.633,115.251,109.788,61.877,113.878,120.080,114.062,63.881,247.563,255.364,248.698,291.452,1.0000,1.0000,1.0000,0.9500,700.00,700.00,700.00,0.00
509.00,180.000,180.000,170.000,175.000,109.843,115.490,109.999,61.976,114.086,120.318,114.272,63.981,247.778,255.613,248.918,291.554,1.0000,1.0000,1.0000,0.9500,700.00,700.00,700.00,0.00
510.00,180.000,180.000,170.000,175.000,110.052,115.728,110.210,62.075,114.294,120.557,114.482,64.081,247.993,255.861,249.138,291.656,1.0000,1.0000,1.0000,0.9500,700.00,700.00,700.00,0.00
511.00,180.000,180.000,170.000,175.000,110.262,115.967,110.421,62.174,114.503,120.795,114.692,64.180,248.208,256.109,249.357,291.758,1.0000,1.0000,1.0000,0.9500,700.00,700.00,700.00,0.00
512.00,180.000,180.000,170.000,175.000,110.471,116.205,110.632,62.273,114.711,121.034,114.902,64.280,248.423,256.357,249.577,291.860,1.0000,1.0000,1.0000,0.9500,700.00,700.00,700.00,0.00
513.00,180.000,180.000,170.000,175.000,110.681,116.443,110.843,62.373,114.919,121.272,115.111,64.380,248.638,256.605,249.796,291.961,1.0000,1.0000,1.0000,0.9500,700.00,700.00,700.00,0.00
514.00,180.000,180.000,170.000,175.000,110.890,116.682,111.054,62.472,115.127,121.510,115.321,64.479,248.852,256.853,250.015,292.062,1.0000,1.0000,1.0000,0.9500,700.00,700.00,700.00,0.00
515.00,180.000,180.000,170.000,175.000,111.099,116.920,111.265,62.571,115.335,121.749,115.531,64.579,249.067,257.101,250.234,292.163,1.0000,1.0000,1.0000,0.9500,700.00,700.00,700.00,0.00
516.00,180.000,180.000,170.000,175.000,111.308,117.159,111.475,62.670,115.543,121.987,115.740,64.679,249.281,257.349,250.452,292.264,1.0000,1.0000,1.0000,0.9500,700.00,700.00,700.00,0.00
517.00,180.000,180.000,170.000,175.000,111.517,117.397,111.686,62.769,115.751,122.226,115.950,64.778,249.495,257.596,250.671,292.365,1.0000,1.0000,1.0000,0.9500,700.00,700.00,700.00,0.00
518.00,180.000,180.000,170.000,175.000,111.726,117.636,111.896,62.868,115.959,122.464,116.159,64.878,249.709,257.844,250.889,292.465,1.0000,1.0000,1.0000,0.9500,700.00,700.00,700.00,0.00
519.00,180.000,180.000,170.000,175.000,111.935,117.874,112.107,62.968,116.167,122.702,116.369,64.978,249.923,258.091,251.108,292.566,1.0000,1.0000,1.0000,0.9500,700.00,700.00,700.00,0.00
520.00,180.000,180.000,170.000,175.000,112.144,118.113,112.317,63.067,116.374,122.941,116.578,65.078,250.136,258.338,251.326,292.666,1.0000,1.0000,1.0000,0.9500,700.00,700.00,700.00,0.00
521.00,180.000,180.000,170.000,175.000,112.353,118.351,112.528,63.166,116.582,123.179,116.787,65.178,250.350,258.585,251.544,292.766,1.0000,1.0000,1.0000,0.9500,700.00,700.00,700.00,0.00
522.00,180.000,180.000,170.000,175.000,112.562,118.589,112.738,63.266,116.789,123.417,116.996,65.278,250.563,258.832,251.761,292.865,1.0000,1.0000,1.0000,0.9500,700.00,700.00,700.00,0.00
523.00,180.000,180.000,170.000,175.000,112.771,118.828,112.948,63.365,116.997,123.656,117.206,65.378,250.776,259.079,251.979,292.965,1.0000,1.0000,1.0000,0.9500,700.00,700.00,700.00,0.00
524.00,180.000,180.000,170.000,175.000,112.979,119.066,113.159,63.464,117.204,123.894,117.415,65.478,250.989,259.326,252.196,293.064,1.0000,1.0000,1.0000,0.9500,700.00,700.00,700.00,0.00
525.00,180.000,180.000,170.000,175.000,113.188,119.305,113.369,63.564,117.412,124.132,117.624,65.578,251.202,259.573,252.414,293.163,1.0000,1.0000,1.0000,0.9500,700.00,700.00,700.00,0.00
526.00,180.000,180.000,170.000,175.000,113.397,119.543,113.579,63.663,117.619,124.371,117.833,65.678,251.414,259.819,252.631,293.262,1.0000,1.0000,1.0000,0.9500,700.00,700.00,700.00,0.00
527.00,180.000,180.000,170.000,175.000,113.605,119.781,113.789,63.763,117.826,124.609,118.042,65.778,251.627,260.066,252.848,293.361,1.0000,1.0000,1.0000,0.9500,700.00,700.00,700.00,0.00
528.00,180.000,180.000,170.000,175.000,113.814,120.020,113.999,63.862,118.034,124.847,118.250,65.878,251.839,260.312,253.065,293.459,1.0000,1.0000,1.0000,0.9500,700.00,700.00,700.00,0.00
529.00,180.000,180.000,170.000,175.000,114.022,120.258,114.209,63.962,118.241,125.086,118.459,65.978,252.051,260.558,253.281,293.558,1.0000,1.0000,1.0000,0.9500,700.00,700.00,700.00,0.00
530.00,180.000,180.000,170.000,175.000,114.230,120.497,114.419,64.061,118.448,125.324,118.668,66.078,252.263,260.804,253.498,293.656,1.0000,1.0000,1.0000,0.9500,700.00,700.00,700.00,0.00
531.00,180.000,180.000,170.000,175.000,114.439,120.735,114.629,64.161,118.655,125.562,118.877,66.178,252.475,261.050,253.714,293.754,1.0000,1.0000,1.0000,0.9500,700.00,700.00,700.00,0.00
532.00,180.000,180.000,170.000,175.000,114.647,120.973,114.838,64.261,118.862,125.800,119.085,66.278,252.687,261.296,253.931,293.852,1.0000,1.0000,1.0000,0.9500,700.00,700.00,700.00,0.00
533.00,180.000,180.000,170.000,175.000,114.855,121.212,115.048,64.360,119.069,126.039,119.294,66.378,252.898,261.542,254.147,293.949,1.0000,1.0000,1.0000,0.9500,700.00,700.00,700.00,0.00
534.00,180.000,180.000,170.000,175.000,115.063,121.450,115.258,64.460,119.276,126.277,119.502,66.479,253.110,261.788,254.363,294.047,1.0000,1.0000,1.0000,0.9500,700.00,700.00,700.00,0.00
535.00,180.000,180.000,170.000,175.000,115.271,121.688,115.467,64.560,119.482,126.515,119.711,66.579,253.321,262.033,254.579,294.144,1.0000,1.0000,1.0000,0.9500,700.00,700.00,700.00,0.00
536.00,180.000,180.000,170.000,175.000,115.479,121.927,115.677,64.659,119.689,126.753,119.919,66.679,253.532,262.279,254.794,294.241,1.0000,1.0000,1.0000,0.9500,700.00,700.00,700.00,0.00
537.00,180.000,180.000,170.000,175.000,115.687,122.165,115.886,64.759,119.896,126.991,120.128,66.779,253.743,262.524,255.010,294.338,1.0000,1.0000,1.0000,0.9500,700.00,700.00,700.00,0.00
538.00,180.000,180.000,170.000,175.000,115.895,122.403,116.096,64.859,120.102,127.230,120.336,66.880,253.954,262.770,255.225,294.435,1.0000,1.0000,1.0000,0.9500,700.00,700.00,700.00,0.00
539.00,180.000,180.000,170.000,175.000,116.102,122.642,116.305,64.959,120.309,127.468,120.544,66.980,254.165,263.015,255.441,294.532,1.0000,1.0000,1.0000,0.9500,700.00,700.00,700.00,0.00
540.00,180.000,180.000,170.000,175.000,116.310,122.880,116.514,65.058,120.515,127.706,120.752,67.080,254.375,263.260,255.656,294.628,1.0000,1.0000,1.0000,0.9500,700.00,700.00,700.00,0.00
541.00,180.000,180.000,170.000,175.000,116.518,123.118,116.724,65.158,120.722,127.944,120.961,67.181,254.586,263.505,255.871,294.724,1.0000,1.0000,1.0000,0.9500,700.00,700.00,700.00,0.00
542.00,180.000,180.000,170.000,175.000,116.725,123.357,116.933,65.258,120.928,128.182,121.169,67.281,254.796,263.750,256.086,294.820,1.0000,1.0000,1.0000,0.9500,700.00,700.00,700.00,0.00
543.00,180.000,180.000,170.000,175.000,116.933,123.595,117.142,65.358,121.134,128.420,121.377,67.382,255.006,263.995,256.300,294.916,1.0000,1.0000,1.0000,0.9500,700.00,700.00,700.00,0.00
544.00,180.000,180.000,170.000,175.000,117.140,123.833,117.351,65.458,121.341,128.658,121.585,67.482,255.216,264.240,256.515,295.012,1.0000,1.0000,1.0000,0.9500,700.00,700.00,700.00,0.00
545.00,180.000,180.000,170.000,175.000,117.348,124.072,117.560,65.558,121.547,128.896,121.792,67.583,255.426,264.484,256.729,295.108,1.0000,1.0000,1.0000,0.9500,700.00,700.00,700.00,0.00
546.00,180.000,180.000,170.000,175.000,117.555,124.310,117.769,65.658,121.753,129.134,122.000,67.683,255.636,264.729,256.944,295.203,1.0000,1.0000,1.0000,0.9500,700.00,700.00,700.00,0.00
547.00,180.000,180.000,170.000,175.000,117.762,124.548,117.978,65.758,121.959,129.373,122.208,67.784,255.845,264.973,257.158,295.299,1.0000,1.0000,1.0000,0.9500,700.00,700.00,700.00,0.00
548.00,180.000,180.000,170.000,175.000,117.970,124.786,118.187,65.858,122.165,129.611,122.416,67.884,256.054,265.218,257.372,295.394,1.0000,1.0000,1.0000,0.9500,700.00,700.00,700.00,0.00
549.00,180.000,180.000,170.000,175.000,118.177,125.025,118.396,65.958,122.371,129.849,122.623,67.985,256.264,265.462,257.586,295.489,1.0000,1.0000,1.0000,0.9500,700.00,700.00,700.00,0.00
550.00,180.000,180.000,170.000,175.000,118.384,125.263,118.605,66.058,122.576,130.087,122.831,68.085,256.473,265.706,257.799,295.584,1.0000,1.0000,1.0000,0.9500,700.00,700.00,700.00,0.00
551.00,180.000,180.000,170.000,175.000,118.591,125.501,118.813,66.158,122.782,130.325,123.038,68.186,256.682,265.950,258.013,295.679,1.0000,1.0000,1.0000,0.9500,700.00,700.00,700.00,0.00
552.00,180.000,180.000,170.000,175.000,118.798,125.739,119.022,66.258,122.988,130.563,123.246,68.287,256.891,266.194,258.227,295.773,1.0000,1.0000,1.0000,0.9500,700.00,700.00,700.00,0.00
553.00,180.000,180.000,170.000,175.000,119.005,125.977,119.230,66.359,123.194,130.801,123.453,68.387,257.100,266.438,258.440,295.868,1.0000,1.0000,1.0000,0.9500,700.00,700.00,700.00,0.00
554.00,180.000,180.000,170.000,175.000,119.212,126.216,119.439,66.459,123.399,131.039,123.661,68.488,257.308,266.682,258.653,295.962,1.0000,1.0000,1.0000,0.9500,700.00,700.00,700.00,0.00
555.00,180.000,180.000,170.000,175.000,119.418,126.454,119.647,66.559,123.605,131.276,123.868,68.589,257.517,266.925,258.866,296.056,1.0000,1.0000,1.0000,0.9500,700.00,700.00,700.00,0.00
556.00,180.000,180.000,170.000,175.000,119.625,126.692,119.856,66.659,123.810,131.514,124.075,68.689,257.725,267.169,259.079,296.150,1.0000,1.0000,1.0000,0.9500,700.00,700.00,700.00,0.00
557.00,180.000,180.000,170.000,175.000,119.832,126.930,120.064,66.760,124.015,131.752,124.282,68.790,257.933,267.413,259.292,296.244,1.0000,1.0000,0.9982,0.9500,700.00,700.00,700.00,0.00
558.00,180.000,180.000,170.000,175.000,120.038,127.168,120.273,66.860,124.221,131.990,124.490,68.891,258.141,267.656,259.501,296.338,1.0000,1.0000,0.9951,0.9500,700.00,700.00,560.00,0.00
559.00,180.000,180.000,170.000,175.000,120.245,127.406,120.481,66.960,124.426,132.228,124.697,68.992,258.349,267.899,259.705,296.432,1.0000,1.0000,0.9919,0.9500,700.00,700.00,420.00,0.00
560.00,180.000,180.000,170.000,175.000,120.451,127.644,120.689,67.060,124.631,132.466,124.904,69.093,258.557,268.143,259.906,296.525,1.0000,1.0000,0.9887,0.9500,700.00,700.00,350.00,0.00
561.00,180.000,180.000,170.000,175.000,120.658,127.882,120.897,67.161,124.836,132.704,125.111,69.194,258.765,268.386,260.103,296.619,1.0000,1.0000,0.9856,0.9500,700.00,700.00,210.00,0.00
562.00,180.000,180.000,170.000,175.000,120.864,128.121,121.105,67.261,125.041,132.942,125.317,69.294,258.972,268.629,260.295,296.712,1.0000,1.0000,0.9824,0.9500,700.00,700.00,140.00,0.00
563.00,180.000,180.000,170.000,175.000,121.070,128.359,121.313,67.362,125.246,133.179,125.524,69.395,259.180,268.872,260.484,296.805,1.0000,1.0000,0.9792,0.9500,700.00,700.00,0.00,0.00
564.00,180.000,180.000,170.000,175.000,121.277,128.597,121.521,67.462,125.451,133.417,125.731,69.496,259.387,269.115,260.669,296.898,1.0000,1.0000,0.9761,0.9500,700.00,700.00,0.00,0.00
565.00,180.000,180.000,170.000,175.000,121.483,128.835,121.729,67.563,125.656,133.655,125.937,69.597,259.594,269.358,260.851,296.991,1.0000,1.0000,0.9729,0.9500,700.00,700.00,0.00,0.00
566.00,180.000,180.000,170.000,175.000,121.689,129.073,121.937,67.663,125.861,133.893,126.144,69.698,259.801,269.600,261.027,297.083,1.0000,1.0000,0.9697,0.9500,700.00,700.00,0.00,0.00
567.00,180.000,180.000,170.000,175.000,121.895,129.311,122.144,67.764,126.066,134.130,126.350,69.799,260.008,269.843,261.202,297.176,1.0000,1.0000,0.9665,0.9500,700.00,700.00,0.00,0.00
568.00,180.000,180.000,170.000,175.000,122.101,129.549,122.352,67.864,126.271,134.368,126.556,69.900,260.215,270.086,261.370,297.268,1.0000,1.0000,0.9613,0.9500,700.00,700.00,0.00,0.00
569.00,180.000,180.000,170.000,175.000,122.307,129.787,122.560,67.965,126.475,134.606,126.762,70.001,260.421,270.328,261.533,297.361,1.0000,1.0000,0.9581,0.9500,700.00,700.00,0.00,0.00
570.00,180.000,180.000,170.000,175.000,122.512,130.025,122.767,68.065,126.680,134.844,126.968,70.102,260.628,270.571,261.693,297.453,1.0000,1.0000,0.9549,0.9500,700.00,700.00,0.00,0.00
571.00,180.000,180.000,170.000,175.000,122.718,130.263,122.975,68.166,126.884,135.081,127.173,70.203,260.834,270.810,261.848,297.545,1.0000,0.9941,0.9517,0.9500,700.00,560.00,0.00,0.00
572.00,180.000,180.000,170.000,175.000,122.924,130.501,123.182,68.266,127.089,135.319,127.379,70.304,261.041,271.044,262.001,297.637,1.0000,0.9903,0.9485,0.9500,700.00,420.00,0.00,0.00
573.00,180.000,180.000,170.000,175.000,123.130,130.739,123.389,68.367,127.293,135.557,127.584,70.406,261.247,271.272,262.149,297.729,1.0000,0.9864,0.9453,0.9500,700.00,280.00,0.00,0.00
574.00,180.000,180.000,170.000,175.000,123.335,130.977,123.596,68.468,127.497,135.794,127.790,70.507,261.453,271.493,262.294,297.821,1.0000,0.9806,0.9421,0.9500,700.00,70.00,0.00,0.00
575.00,180.000,180.000,170.000,175.000,123.541,131.214,123.803,68.568,127.702,136.032,127.995,70.608,261.659,271.710,262.435,297.912,1.0000,0.9767,0.9389,0.9500,700.00,0.00,0.00,0.00
576.00,180.000,180.000,170.000,175.000,123.746,131.452,124.010,68.669,127.906,136.269,128.199,70.709,261.865,271.920,262.572,298.004,1.0000,0.9709,0.9357,0.9500,700.00,0.00,0.00,0.00
577.00,180.000,180.000,170.000,175.000,123.952,131.690,124.217,68.770,128.110,136.506,128.404,70.810,262.070,272.124,262.706,298.095,1.0000,0.9670,0.9325,0.9500,700.00,0.00,0.00,0.00
578.00,180.000,180.000,170.000,175.000,124.157,131.928,124.424,68.871,128.314,136.744,128.608,70.911,262.276,272.323,262.837,298.186,1.0000,0.9632,0.9293,0.9500,700.00,0.00,0.00,0.00
579.00,180.000,180.000,170.000,175.000,124.362,132.166,124.630,68.971,128.518,136.981,128.813,71.013,262.481,272.516,262.962,298.278,1.0000,0.9573,0.9260,0.9500,700.00,0.00,0.00,0.00
580.00,180.000,180.000,170.000,175.000,124.567,132.404,124.837,69.072,128.722,137.218,129.017,71.114,262.687,272.703,263.086,298.369,1.0000,0.9535,0.9228,0.9500,700.00,0.00,0.00,0.00
581.00,180.000,180.000,170.000,175.000,124.773,132.641,125.043,69.173,128.926,137.455,129.221,71.215,262.892,272.885,263.205,298.460,1.0000,0.9496,0.9196,0.9500,700.00,0.00,0.00,0.00
582.00,180.000,180.000,170.000,175.000,124.978,132.879,125.250,69.274,129.130,137.692,129.424,71.317,263.097,273.061,263.321,298.550,1.0000,0.9437,0.9163,0.9500,700.00,0.00,0.00,0.00
583.00,180.000,180.000,170.000,175.000,125.183,133.117,125.456,69.375,129.333,137.928,129.627,71.418,263.302,273.231,263.431,298.641,1.0000,0.9399,0.9111,0.9500,700.00,0.00,0.00,0.00
584.00,180.000,180.000,170.000,175.000,125.388,133.354,125.662,69.476,129.537,138.165,129.831,71.519,263.507,273.398,263.537,298.732,1.0000,0.9340,0.9078,0.9500,700.00,0.00,0.00,0.00
585.00,180.000,180.000,170.000,175.000,125.593,133.592,125.868,69.577,129.741,138.401,130.033,71.621,263.711,273.559,263.641,298.822,1.0000,0.9302,0.9046,0.9500,700.00,0.00,0.00,0.00
586.00,180.000,180.000,170.000,175.000,125.797,133.829,126.073,69.678,129.944,138.637,130.236,71.722,263.916,273.717,263.740,298.913,1.0000,0.9263,0.9013,0.9500,700.00,0.00,0.00,0.00
587.00,180.000,180.000,170.000,175.000,126.002,134.067,126.279,69.779,130.148,138.873,130.438,71.824,264.121,273.868,263.837,299.003,1.0000,0.9204,0.8981,0.9500,700.00,0.00,0.00,0.00
588.00,180.000,180.000,170.000,175.000,126.207,134.304,126.484,69.880,130.351,139.109,130.641,71.925,264.325,274.014,263.930,299.093,1.0000,0.9166,0.8948,0.9500,700.00,0.00,0.00,0.00
589.00,180.000,180.000,170.000,175.000,126.411,134.541,126.689,69.981,130.555,139.345,130.842,72.026,264.529,274.155,264.019,299.183,1.0000,0.9127,0.8916,0.9500,700.00,0.00,0.00,0.00
590.00,180.000,180.000,170.000,175.000,126.616,134.779,126.894,70.082,130.758,139.580,131.044,72.128,264.733,274.290,264.106,299.273,1.0000,0.9069,0.8883,0.9500,700.00,0.00,0.00,0.00
591.00,180.000,180.000,170.000,175.000,126.821,135.016,127.099,70.183,130.961,139.816,131.245,72.229,264.937,274.420,264.189,299.363,1.0000,0.9030,0.8850,0.9500,700.00,0.00,0.00,0.00
592.00,180.000,180.000,170.000,175.000,127.025,135.253,127.304,70.284,131.164,140.051,131.446,72.331,265.141,274.545,264.268,299.453,1.0000,0.8971,0.8817,0.9500,700.00,0.00,0.00,0.00
593.00,180.000,180.000,170.000,175.000,127.229,135.490,127.508,70.385,131.367,140.285,131.647,72.433,265.345,274.664,264.345,299.543,1.0000,0.8933,0.8785,0.9500,700.00,0.00,0.00,0.00
594.00,180.000,180.000,170.000,175.000,127.434,135.726,127.713,70.486,131.570,140.520,131.847,72.534,265.549,274.779,264.418,299.632,1.0000,0.8894,0.8752,0.9500,700.00,0.00,0.00,0.00
595.00,180.000,180.000,170.000,175.000,127.638,135.963,127.917,70.587,131.773,140.754,132.048,72.636,265.753,274.889,264.487,299.722,1.0000,0.8835,0.8719,0.9500,700.00,0.00,0.00,0.00
596.00,180.000,180.000,170.000,175.000,127.842,136.200,128.121,70.688,131.976,140.988,132.247,72.737,265.956,274.993,264.554,299.811,1.0000,0.8797,0.8686,0.9500,700.00,0.00,0.00,0.00
597.00,180.000,180.000,170.000,175.000,128.046,136.436,128.325,70.789,132.179,141.222,132.447,72.839,266.159,275.093,264.618,299.900,1.0000,0.8758,0.8653,0.9500,700.00,0.00,0.00,0.00
598.00,180.000,180.000,170.000,175.000,128.250,136.672,128.528,70.891,132.382,141.456,132.646,72.941,266.363,275.187,264.677,299.989,1.0000,0.8699,0.8620,0.9500,700.00,0.00,0.00,0.00
599.00,180.000,180.000,170.000,175.000,128.454,136.909,128.731,70.992,132.585,141.689,132.845,73.042,266.566,275.277,264.734,300.079,1.0000,0.8660,0.8587,0.9500,700.00,0.00,0.00,0.00
600.00,180.000,180.000,170.000,175.000,128.658,137.145,128.935,71.093,132.787,141.922,133.044,73.144,266.769,275.366,264.788,300.168,1.0000,0.8622,0.8554,0.9500,700.00,0.00,0.00,0.00
601.00,180.000,180.000,170.000,175.000,128.862,137.380,129.137,71.194,132.990,142.154,133.242,73.246,266.972,275.447,264.839,300.257,1.0000,0.8563,0.8521,0.9500,700.00,0.00,0.00,0.00
602.00,180.000,180.000,170.000,175.000,129.066,137.616,129.340,71.296,133.193,142.387,133.440,73.347,267.175,275.525,264.887,300.345,1.0000,0.8524,0.8488,0.9500,700.00,0.00,0.00,0.00
603.00,180.000,180.000,170.000,175.000,129.270,137.852,129.542,71.397,133.395,142.619,133.637,73.449,267.377,275.597,264.931,300.434,1.0000,0.8466,0.8455,0.9500,700.00,0.00,0.00,0.00
604.00,180.000,180.000,170.000,175.000,129.474,138.087,129.745,71.498,133.597,142.850,133.835,73.551,267.580,275.665,264.972,300.523,1.0000,0.8427,0.8422,0.9500,700.00,0.00,0.00,0.00
605.00,180.000,180.000,170.000,175.000,129.677,138.322,129.946,71.600,133.800,143.082,134.031,73.653,267.782,275.728,265.011,300.611,1.0000,0.8388,0.8389,0.9500,700.00,0.00,0.00,0.00
606.00,180.000,180.000,170.000,175.000,129.881,138.557,130.148,71.701,134.002,143.313,134.228,73.754,267.985,275.787,265.046,300.700,1.0000,0.8329,0.8356,0.9500,700.00,0.00,0.00,0.00
607.00,180.000,180.000,170.000,175.000,130.084,138.792,130.350,71.803,134.204,143.543,134.424,73.856,268.187,275.840,265.078,300.788,1.0000,0.8291,0.8322,0.9500,700.00,0.00,0.00,0.00
608.00,180.000,180.000,170.000,175.000,130.288,139.027,130.551,71.904,134.407,143.774,134.620,73.958,268.389,275.890,265.105,300.877,1.0000,0.8252,0.8269,0.9500,700.00,0.00,0.00,0.00
609.00,180.000,180.000,170.000,175.000,130.491,139.261,130.752,72.005,134.609,144.004,134.815,74.060,268.591,275.934,265.128,300.965,1.0000,0.8193,0.8236,0.9500,700.00,0.00,0.00,0.00
610.00,180.000,180.000,170.000,175.000,130.694,139.495,130.952,72.107,134.811,144.233,135.010,74.162,268.793,275.974,265.149,301.053,1.0000,0.8154,0.8202,0.9500,700.00,0.00,0.00,0.00
611.00,180.000,180.000,170.000,175.000,130.898,139.729,131.153,72.208,135.013,144.462,135.205,74.264,268.995,276.010,265.167,301.141,1.0000,0.8115,0.8169,0.9500,700.00,0.00,0.00,0.00
612.00,180.000,180.000,170.000,175.000,131.101,139.963,131.353,72.310,135.215,144.691,135.399,74.366,269.197,276.042,265.181,301.229,1.0000,0.8057,0.8136,0.9500,700.00,0.00,0.00,0.00
613.00,180.000,180.000,170.000,175.000,131.304,140.196,131.552,72.411,135.417,144.920,135.593,74.468,269.399,276.068,265.193,301.317,1.0000,0.8018,0.8102,0.9500,700.00,0.00,0.00,0.00
614.00,180.000,180.000,170.000,175.000,131.507,140.429,131.752,72.513,135.618,145.148,135.787,74.570,269.600,276.091,265.202,301.405,1.0000,0.7979,0.8069,0.9500,700.00,0.00,0.00,0.00
615.00,180.000,180.000,170.000,175.000,131.710,140.662,131.951,72.615,135.820,145.375,135.980,74.672,269.802,276.110,265.208,301.493,1.0000,0.7920,0.8035,0.9500,700.00,0.00,0.00,0.00
616.00,180.000,180.000,170.000,175.000,131.913,140.895,132.150,72.716,136.022,145.603,136.172,74.774,270.003,276.126,265.212,301.580,1.0000,0.7881,0.8022,0.9500,700.00,0.00,0.00,0.00
617.00,180.000,180.000,170.000,175.000,132.116,141.127,132.348,72.818,136.223,145.830,136.365,74.876,270.204,276.138,265.215,301.668,1.0000,0.7843,0.7988,0.9500,700.00,0.00,0.00,0.00
618.00,180.000,180.000,170.000,175.000,132.319,141.360,132.547,72.919,136.425,146.056,136.557,74.978,270.405,276.146,265.214,301.755,1.0000,0.7784,0.7954,0.9500,700.00,0.00,0.00,0.00
619.00,180.000,180.000,170.000,175.000,132.521,141.591,132.745,73.021,136.626,146.282,136.748,75.080,270.606,276.148,265.211,301.843,1.0000,0.7745,0.7921,0.9500,700.00,0.00,0.00,0.00
620.00,180.000,180.000,170.000,175.000,132.724,141.823,132.942,73.123,136.828,146.507,136.939,75.182,270.807,276.148,265.206,301.930,1.0000,0.7706,0.7887,0.9500,700.00,0.00,0.00,0.00
621.00,180.000,180.000,170.000,175.000,132.927,142.054,133.140,73.224,137.029,146.733,137.130,75.284,271.008,276.143,265.197,302.017,1.0000,0.7647,0.7853,0.9500,700.00,0.00,0.00,0.00
622.00,180.000,180.000,170.000,175.000,133.129,142.285,133.337,73.326,137.230,146.957,137.320,75.386,271.209,276.133,265.184,302.105,1.0000,0.7608,0.7820,0.9500,700.00,0.00,0.00,0.00
623.00,180.000,180.000,170.000,175.000,133.332,142.516,133.533,73.428,137.432,147.181,137.510,75.488,271.410,276.120,265.171,302.192,1.0000,0.7569,0.7786,0.9500,700.00,0.00,0.00,0.00
624.00,180.000,180.000,170.000,175.000,133.534,142.746,133.729,73.530,137.633,147.405,137.699,75.590,271.610,276.103,265.153,302.279,1.0000,0.7531,0.7752,0.9500,700.00,0.00,0.00,0.00
625.00,180.000,180.000,170.000,175.000,133.737,142.976,133.925,73.631,137.834,147.628,137.888,75.692,271.810,276.081,265.133,302.366,1.0000,0.7472,0.7718,0.9500,700.00,0.00,0.00,0.00
626.00,180.000,180.000,170.000,175.000,133.939,143.206,134.121,73.733,138.035,147.851,138.076,75.795,272.011,276.055,265.111,302.453,1.0000,0.7433,0.7684,0.9500,700.00,0.00,0.00,0.00
627.00,180.000,180.000,170.000,175.000,134.141,143.435,134.316,73.835,138.236,148.074,138.264,75.897,272.211,276.027,265.085,302.540,1.0000,0.7394,0.7650,0.9500,700.00,0.00,0.00,0.00
628.00,180.000,180.000,170.000,175.000,134.343,143.664,134.511,73.937,138.437,148.295,138.452,75.999,272.411,275.993,265.056,302.626,1.0000,0.7335,0.7616,0.9500,700.00,0.00,0.00,0.00
629.00,180.000,180.000,170.000,175.000,134.546,143.893,134.706,74.039,138.638,148.517,138.639,76.101,272.611,275.956,265.025,302.713,1.0000,0.7296,0.7582,0.9500,700.00,0.00,0.00,0.00
630.00,180.000,180.000,170.000,175.000,134.748,144.121,134.900,74.140,138.839,148.737,138.826,76.203,272.811,275.915,264.992,302.800,1.0000,0.7257,0.7548,0.9500,700.00,0.00,0.00,0.00
631.00,180.000,180.000,170.000,175.000,134.950,144.349,135.094,74.242,139.039,148.958,139.012,76.306,273.011,275.871,264.955,302.886,1.0000,0.7218,0.7514,0.9500,700.00,0.00,0.00,0.00
632.00,180.000,180.000,170.000,175.000,135.152,144.576,135.287,74.344,139.240,149.178,139.198,76.408,273.211,275.822,264.915,302.973,1.0000,0.7159,0.7480,0.9500,700.00,0.00,0.00,0.00
633.00,180.000,180.000,170.000,175.000,135.354,144.803,135.480,74.446,139.441,149.397,139.383,76.510,273.410,275.770,264.873,303.059,1.0000,0.7120,0.7446,0.9500,700.00,0.00,0.00,0.00
634.00,180.000,180.000,170.000,175.000,135.555,145.030,135.673,74.548,139.641,149.616,139.568,76.613,273.610,275.717,264.829,303.146,1.0000,0.7081,0.7412,0.9500,700.00,0.00,0.00,0.00
635.00,180.000,180.000,170.000,175.000,135.757,145.257,135.865,74.650,139.842,149.834,139.752,76.715,273.809,275.660,264.781,303.232,1.0000,0.7022,0.7378,0.9500,700.00,0.00,0.00,0.00
636.00,180.000,180.000,170.000,175.000,135.959,145.482,136.057,74.752,140.042,150.052,139.936,76.817,274.008,275.598,264.730,303.318,1.0000,0.6983,0.7344,0.9500,700.00,0.00,0.00,0.00
637.00,180.000,180.000,170.000,175.000,136.160,145.708,136.248,74.854,140.242,150.269,140.119,76.920,274.208,275.533,264.679,303.404,1.0000,0.6944,0.7329,0.9500,700.00,0.00,0.00,0.00
638.00,180.000,180.000,170.000,175.000,136.362,145.933,136.439,74.956,140.443,150.485,140.302,77.022,274.407,275.466,264.626,303.491,1.0000,0.6906,0.7295,0.9500,700.00,0.00,0.00,0.00
639.00,180.000,180.000,170.000,175.000,136.563,146.158,136.630,75.058,140.643,150.701,140.484,77.125,274.606,275.394,264.570,303.577,1.0000,0.6847,0.7261,0.9500,700.00,0.00,0.00,0.00
640.00,180.000,180.000,170.000,175.000,136.765,146.382,136.820,75.160,140.843,150.917,140.666,77.227,274.805,275.318,264.513,303.663,1.0000,0.6808,0.7226,0.9500,700.00,0.00,0.00,0.00
641.00,180.000,180.000,170.000,175.000,136.966,146.606,137.010,75.262,141.043,151.132,140.847,77.329,275.004,275.239,264.452,303.749,1.0000,0.6769,0.7192,0.9500,700.00,0.00,0.00,0.00
642.00,180.000,180.000,170.000,175.000,137.168,146.829,137.199,75.364,141.243,151.346,141.028,77.432,275.202,275.157,264.388,303.834,1.0000,0.6730,0.7158,0.9500,700.00,0.00,0.00,0.00
643.00,180.000,180.000,170.000,175.000,137.369,147.052,137.388,75.466,141.443,151.560,141.209,77.534,275.401,275.071,264.322,303.920,1.0000,0.6671,0.7123,0.9500,700.00,0.00,0.00,0.00
644.00,180.000,180.000,170.000,175.000,137.570,147.275,137.577,75.569,141.643,151.773,141.388,77.637,275.600,274.980,264.254,304.006,1.0000,0.6632,0.7089,0.9500,700.00,0.00,0.00,0.00
645.00,180.000,180.000,170.000,175.000,137.771,147.497,137.765,75.671,141.843,151.986,141.568,77.739,275.798,274.887,264.183,304.092,1.0000,0.6593,0.7054,0.9500,700.00,0.00,0.00,0.00
646.00,180.000,180.000,170.000,175.000,137.972,147.718,137.953,75.773,142.043,152.198,141.747,77.842,275.996,274.792,264.108,304.177,1.0000,0.6553,0.7020,0.9500,700.00,0.00,0.00,0.00
647.00,180.000,180.000,170.000,175.000,138.173,147.940,138.140,75.875,142.243,152.410,141.925,77.945,276.195,274.693,264.036,304.263,1.0000,0.6514,0.7005,0.9500,700.00,0.00,0.00,0.00
648.00,180.000,180.000,170.000,175.000,138.374,148.160,138.327,75.977,142.442,152.621,142.103,78.047,276.393,274.591,263.960,304.348,1.0000,0.6455,0.6970,0.9500,700.00,0.00,0.00,0.00
649.00,180.000,180.000,170.000,175.000,138.575,148.380,138.513,76.079,142.642,152.831,142.280,78.150,276.591,274.484,263.881,304.434,1.0000,0.6416,0.6936,0.9500,700.00,0.00,0.00,0.00
650.00,180.000,180.000,170.000,175.000,138.776,148.600,138.699,76.182,142.841,153.041,142.457,78.252,276.789,274.375,263.800,304.519,1.0000,0.6377,0.6901,0.9500,700.00,0.00,0.00,0.00
651.00,180.000,180.000,170.000,175.000,138.977,148.819,138.884,76.284,143.041,153.250,142.633,78.355,276.987,274.263,263.717,304.605,1.0000,0.6338,0.6866,0.9500,700.00,0.00,0.00,0.00
652.00,180.000,180.000,170.000,175.000,139.177,149.038,139.069,76.386,143.240,153.458,142.809,78.458,277.184,274.148,263.631,304.690,1.0000,0.6299,0.6832,0.9500,700.00,0.00,0.00,0.00
653.00,180.000,180.000,170.000,175.000,139.378,149.256,139.254,76.489,143.440,153.666,142.984,78.560,277.382,274.029,263.541,304.775,1.0000,0.6240,0.6797,0.9500,700.00,0.00,0.00,0.00
654.00,180.000,180.000,170.000,175.000,139.579,149.474,139.438,76.591,143.639,153.873,143.158,78.663,277.580,273.909,263.453,304.861,1.0000,0.6201,0.6782,0.9500,700.00,0.00,0.00,0.00
655.00,180.000,180.000,170.000,175.000,139.779,149.691,139.622,76.693,143.838,154.080,143.332,78.766,277.777,273.787,263.362,304.946,1.0000,0.6162,0.6747,0.9500,700.00,0.00,0.00,0.00
656.00,180.000,180.000,170.000,175.000,139.979,149.907,139.805,76.796,144.037,154.286,143.506,78.868,277.975,273.661,263.268,305.031,1.0000,0.6123,0.6712,0.9500,700.00,0.00,0.00,0.00
657.00,180.000,180.000,170.000,175.000,140.180,150.123,139.987,76.898,144.236,154.491,143.679,78.971,278.172,273.533,263.171,305.116,1.0000,0.6084,0.6678,0.9500,700.00,0.00,0.00,0.00
658.00,180.000,180.000,170.000,175.000,140.380,150.339,140.170,77.000,144.436,154.696,143.851,79.074,278.369,273.403,263.073,305.201,1.0000,0.6045,0.6643,0.9500,700.00,0.00,0.00,0.00
659.00,180.000,180.000,170.000,175.000,140.580,150.554,140.351,77.103,144.634,154.900,144.023,79.177,278.566,273.268,262.972,305.286,1.0000,0.5985,0.6608,0.9500,700.00,0.00,0.00,0.00
660.00,180.000,180.000,170.000,175.000,140.781,150.769,140.533,77.205,144.833,155.103,144.195,79.279,278.763,273.130,262.871,305.371,1.0000,0.5946,0.6593,0.9500,700.00,0.00,0.00,0.00
661.00,180.000,180.000,170.000,175.000,140.981,150.982,140.713,77.308,145.032,155.306,144.366,79.382,278.960,272.990,262.767,305.456,1.0000,0.5907,0.6558,0.9500,700.00,0.00,0.00,0.00
662.00,180.000,180.000,170.000,175.000,141.181,151.196,140.893,77.410,145.231,155.508,144.536,79.485,279.157,272.846,262.661,305.540,1.0000,0.5868,0.6523,0.9500,700.00,0.00,0.00,0.00
663.00,180.000,180.000,170.000,175.000,141.381,151.409,141.073,77.512,145.430,155.710,144.705,79.588,279.354,272.700,262.553,305.625,1.0000,0.5829,0.6488,0.9500,700.00,0.00,0.00,0.00
664.00,180.000,180.000,170.000,175.000,141.581,151.621,141.252,77.615,145.628,155.911,144.875,79.691,279.550,272.552,262.442,305.710,1.0000,0.5790,0.6453,0.9500,700.00,0.00,0.00,0.00
665.00,180.000,180.000,170.000,175.000,141.781,151.833,141.431,77.717,145.827,156.111,145.043,79.793,279.747,272.401,262.331,305.794,1.0000,0.5751,0.6437,0.9500,700.00,0.00,0.00,0.00
666.00,180.000,180.000,170.000,175.000,141.980,152.044,141.609,77.820,146.025,156.310,145.211,79.896,279.943,272.248,262.218,305.879,1.0000,0.5712,0.6402,0.9500,700.00,0.00,0.00,0.00
667.00,180.000,180.000,170.000,175.000,142.180,152.254,141.787,77.922,146.224,156.509,145.379,79.999,280.139,272.091,262.103,305.964,1.0000,0.5652,0.6367,0.9500,700.00,0.00,0.00,0.00
668.00,180.000,180.000,170.000,175.000,142.380,152.464,141.964,78.025,146.422,156.707,145.546,80.102,280.336,271.931,261.985,306.048,1.0000,0.5613,0.6332,0.9500,700.00,0.00,0.00,0.00
669.00,180.000,180.000,170.000,175.000,142.579,152.674,142.141,78.128,146.621,156.905,145.712,80.205,280.532,271.768,261.866,306.133,1.0000,0.5574,0.6317,0.9500,700.00,0.00,0.00,0.00
670.00,180.000,180.000,170.000,175.000,142.779,152.882,142.317,78.230,146.819,157.101,145.878,80.308,280.728,271.602,261.746,306.217,1.0000,0.5535,0.6281,0.9500,700.00,0.00,0.00,0.00
671.00,180.000,180.000,170.000,175.000,142.978,153.091,142.493,78.333,147.017,157.297,146.043,80.411,280.924,271.434,261.624,306.301,1.0000,0.5496,0.6246,0.9500,700.00,0.00,0.00,0.00
672.00,180.000,180.000,170.000,175.000,143.178,153.298,142.668,78.435,147.215,157.493,146.207,80.514,281.120,271.264,261.499,306.386,1.0000,0.5456,0.6211,0.9500,700.00,0.00,0.00,0.00
673.00,180.000,180.000,170.000,175.000,143.377,153.505,142.843,78.538,147.413,157.688,146.371,80.617,281.316,271.092,261.373,306.470,1.0000,0.5417,0.6195,0.9500,700.00,0.00,0.00,0.00
674.00,180.000,180.000,170.000,175.000,143.577,153.712,143.017,78.641,147.611,157.882,146.535,80.720,281.511,270.917,261.245,306.554,1.0000,0.5378,0.6160,0.9500,700.00,0.00,0.00,0.00
675.00,180.000,180.000,170.000,175.000,143.776,153.917,143.191,78.743,147.809,158.075,146.698,80.823,281.707,270.740,261.116,306.638,1.0000,0.5339,0.6124,0.9500,700.00,0.00,0.00,0.00
676.00,180.000,180.000,170.000,175.000,143.975,154.123,143.364,78.846,148.007,158.267,146.860,80.926,281.902,270.560,260.985,306.723,1.0000,0.5300,0.6089,0.9500,700.00,0.00,0.00,0.00
677.00,180.000,180.000,170.000,175.000,144.174,154.327,143.536,78.949,148.205,158.459,147.021,81.029,282.098,270.379,260.853,306.807,1.0000,0.5260,0.6073,0.9500,700.00,0.00,0.00,0.00
678.00,180.000,180.000,170.000,175.000,144.373,154.531,143.708,79.052,148.403,158.651,147.183,81.132,282.293,270.198,260.718,306.891,1.0000,0.5221,0.6038,0.9500,700.00,0.00,0.00,0.00
679.00,180.000,180.000,170.000,175.000,144.572,154.734,143.880,79.154,148.600,158.841,147.343,81.235,282.488,270.014,260.582,306.975,1.0000,0.5182,0.6002,0.9500,700.00,0.00,0.00,0.00
680.00,180.000,180.000,170.000,175.000,144.771,154.937,144.050,79.257,148.798,159.031,147.503,81.338,282.683,269.827,260.444,307.059,1.0000,0.5143,0.5967,0.9500,700.00,0.00,0.00,0.00
681.00,180.000,180.000,170.000,175.000,144.970,155.139,144.221,79.360,148.995,159.220,147.662,81.441,282.878,269.639,260.305,307.143,1.0000,0.5103,0.5951,0.9500,700.00,0.00,0.00,0.00
682.00,180.000,180.000,170.000,175.000,145.169,155.340,144.391,79.463,149.193,159.408,147.821,81.544,283.073,269.448,260.164,307.227,1.0000,0.5064,0.5916,0.9500,700.00,0.00,0.00,0.00
683.00,180.000,180.000,170.000,175.000,145.367,155.541,144.560,79.565,149.390,159.596,147.979,81.647,283.268,269.255,260.020,307.311,1.0000,0.5025,0.5880,0.9500,700.00,0.00,0.00,0.00
684.00,180.000,180.000,170.000,175.000,145.566,155.741,144.729,79.668,149.588,159.783,148.137,81.751,283.463,269.059,259.878,307.395,1.0000,0.4986,0.5864,0.9500,700.00,0.00,0.00,0.00
685.00,180.000,180.000,170.000,175.000,145.765,155.941,144.897,79.771,149.785,159.969,148.294,81.854,283.657,268.862,259.733,307.478,1.0000,0.4946,0.5829,0.9500,700.00,0.00,0.00,0.00
686.00,180.000,180.000,170.000,175.000,145.963,156.139,145.064,79.874,149.982,160.155,148.450,81.957,283.852,268.662,259.585,307.562,1.0000,0.4907,0.5793,0.9500,700.00,0.00,0.00,0.00
687.00,180.000,180.000,170.000,175.000,146.162,156.337,145.231,79.977,150.179,160.339,148.606,82.060,284.046,268.460,259.437,307.646,1.0000,0.4868,0.5777,0.9500,700.00,0.00,0.00,0.00
688.00,180.000,180.000,170.000,175.000,146.360,156.535,145.398,80.080,150.376,160.523,148.761,82.163,284.241,268.256,259.287,307.730,1.0000,0.4828,0.5741,0.9500,700.00,0.00,0.00,0.00
689.00,180.000,180.000,170.000,175.000,146.558,156.732,145.564,80.183,150.573,160.707,148.915,82.266,284.435,268.049,259.136,307.813,1.0000,0.4789,0.5705,0.9500,700.00,0.00,0.00,0.00
690.00,180.000,180.000,170.000,175.000,146.756,156.928,145.729,80.285,150.770,160.889,149.069,82.370,284.629,267.841,258.985,307.897,1.0000,0.4750,0.5689,0.9500,700.00,0.00,0.00,0.00
691.00,180.000,180.000,170.000,175.000,146.955,157.123,145.894,80.388,150.967,161.071,149.223,82.473,284.823,267.630,258.830,307.980,1.0000,0.4711,0.5654,0.9500,700.00,0.00,0.00,0.00
692.00,180.000,180.000,170.000,175.000,147.153,157.318,146.058,80.491,151.164,161.252,149.375,82.576,285.017,267.417,258.673,308.064,1.0000,0.4671,0.5618,0.9500,700.00,0.00,0.00,0.00
693.00,180.000,180.000,170.000,175.000,147.351,157.512,146.222,80.594,151.361,161.433,149.527,82.679,285.211,267.202,258.517,308.147,1.0000,0.4632,0.5602,0.9500,700.00,0.00,0.00,0.00
694.00,180.000,180.000,170.000,175.000,147.549,157.706,146.385,80.697,151.557,161.612,149.679,82.783,285.405,266.985,258.359,308.231,1.0000,0.4593,0.5566,0.9500,700.00,0.00,0.00,0.00
695.00,180.000,180.000,170.000,175.000,147.747,157.898,146.548,80.800,151.754,161.791,149.830,82.886,285.599,266.765,258.200,308.314,1.0000,0.4553,0.5550,0.9500,700.00,0.00,0.00,0.00
696.00,180.000,180.000,170.000,175.000,147.945,158.090,146.709,80.903,151.950,161.969,149.980,82.989,285.792,266.546,258.039,308.398,1.0000,0.4514,0.5514,0.9500,700.00,0.00,0.00,0.00
697.00,180.000,180.000,170.000,175.000,148.142,158.282,146.871,81.006,152.147,162.147,150.130,83.093,285.986,266.325,257.875,308.481,1.0000,0.4475,0.5478,0.9500,700.00,0.00,0.00,0.00
698.00,180.000,180.000,170.000,175.000,148.340,158.472,147.032,81.109,152.343,162.323,150.279,83.196,286.179,266.102,257.711,308.565,1.0000,0.4435,0.5462,0.9500,700.00,0.00,0.00,0.00
699.00,180.000,180.000,170.000,175.000,148.538,158.662,147.192,81.212,152.539,162.499,150.427,83.299,286.373,265.877,257.547,308.648,1.0000,0.4396,0.5425,0.9500,700.00,0.00,0.00,0.00
700.00,180.000,180.000,170.000,175.000,148.735,158.852,147.351,81.315,152.736,162.674,150.575,83.403,286.566,265.649,257.380,308.731,1.0000,0.4356,0.5389,0.9500,700.00,0.00,0.00,0.00
701.00,180.000,180.000,170.000,175.000,148.933,159.040,147.511,81.419,152.932,162.849,150.722,83.506,286.759,265.420,257.213,308.814,1.0000,0.4337,0.5373,0.9500,700.00,0.00,0.00,0.00
702.00,180.000,180.000,170.000,175.000,149.130,159.228,147.669,81.522,153.128,163.022,150.869,83.610,286.952,265.188,257.043,308.898,1.0000,0.4298,0.5337,0.9500,700.00,0.00,0.00,0.00
703.00,180.000,180.000,170.000,175.000,149.328,159.415,147.827,81.625,153.324,163.195,151.015,83.713,287.145,264.955,256.873,308.981,1.0000,0.4258,0.5321,0.9500,700.00,0.00,0.00,0.00
704.00,180.000,180.000,170.000,175.000,149.525,159.602,147.984,81.728,153.520,163.367,151.160,83.816,287.338,264.719,256.702,309.064,1.0000,0.4219,0.5284,0.9500,700.00,0.00,0.00,0.00
705.00,180.000,180.000,170.000,175.000,149.722,159.788,148.141,81.831,153.716,163.538,151.305,83.920,287.531,264.484,256.530,309.147,1.0000,0.4180,0.5268,0.9500,700.00,0.00,0.00,0.00
706.00,180.000,180.000,170.000,175.000,149.920,159.973,148.297,81.934,153.912,163.709,151.449,84.023,287.723,264.248,256.357,309.230,1.0000,0.4140,0.5232,0.9500,700.00,0.00,0.00,0.00
707.00,180.000,180.000,170.000,175.000,150.117,160.157,148.452,82.037,154.107,163.879,151.592,84.127,287.916,264.011,256.181,309.313,1.0000,0.4101,0.5196,0.9500,700.00,0.00,0.00,0.00
708.00,180.000,180.000,170.000,175.000,150.314,160.341,148.607,82.141,154.303,164.048,151.735,84.230,288.108,263.772,256.004,309.396,1.0000,0.4081,0.5179,0.9500,700.00,0.00,0.00,0.00
709.00,180.000,180.000,170.000,175.000,150.511,160.524,148.762,82.244,154.499,164.216,151.877,84.334,288.301,263.531,255.828,309.479,1.0000,0.4042,0.5143,0.9500,700.00,0.00,0.00,0.00
710.00,180.000,180.000,170.000,175.000,150.708,160.706,148.915,82.347,154.694,164.384,152.019,84.437,288.493,263.289,255.651,309.562,1.0000,0.4003,0.5126,0.9500,700.00,0.00,0.00,0.00
711.00,180.000,180.000,170.000,175.000,150.905,160.887,149.068,82.450,154.890,164.550,152.160,84.541,288.685,263.045,255.471,309.645,1.0000,0.3963,0.5090,0.9500,700.00,0.00,0.00,0.00
712.00,180.000,180.000,170.000,175.000,151.101,161.068,149.221,82.553,155.085,164.716,152.300,84.644,288.877,262.800,255.292,309.728,1.0000,0.3924,0.5074,0.9500,700.00,0.00,0.00,0.00
713.00,180.000,180.000,170.000,175.000,151.298,161.248,149.373,82.657,155.280,164.882,152.440,84.748,289.069,262.554,255.109,309.811,1.0000,0.3904,0.5037,0.9500,700.00,0.00,0.00,0.00
714.00,180.000,180.000,170.000,175.000,151.495,161.427,149.524,82.760,155.476,165.046,152.579,84.852,289.261,262.305,254.927,309.894,1.0000,0.3865,0.5021,0.9500,700.00,0.00,0.00,0.00
715.00,180.000,180.000,170.000,175.000,151.691,161.606,149.675,82.863,155.671,165.210,152.718,84.955,289.453,262.055,254.744,309.977,1.0000,0.3825,0.4984,0.9500,700.00,0.00,0.00,0.00
716.00,180.000,180.000,170.000,175.000,151.888,161.783,149.825,82.967,155.866,165.373,152.856,85.059,289.645,261.804,254.561,310.060,1.0000,0.3786,0.4967,0.9500,700.00,0.00,0.00,0.00
717.00,180.000,180.000,170.000,175.000,152.084,161.961,149.975,83.070,156.061,165.535,152.993,85.162,289.836,261.552,254.376,310.142,1.0000,0.3746,0.4931,0.9500,700.00,0.00,0.00,0.00
718.00,180.000,180.000,170.000,175.000,152.281,162.137,150.124,83.173,156.256,165.696,153.130,85.266,290.028,261.298,254.190,310.225,1.0000,0.3727,0.4914,0.9500,700.00,0.00,0.00,0.00
719.00,180.000,180.000,170.000,175.000,152.477,162.312,150.272,83.277,156.451,165.857,153.265,85.370,290.219,261.042,254.003,310.308,1.0000,0.3688,0.4878,0.9500,700.00,0.00,0.00,0.00
720.00,180.000,180.000,170.000,175.000,152.673,162.487,150.419,83.380,156.645,166.017,153.401,85.473,290.411,260.785,253.816,310.391,1.0000,0.3648,0.4861,0.9500,700.00,0.00,0.00,0.00
721.00,180.000,180.000,170.000,175.000,152.869,162.661,150.567,83.483,156.840,166.176,153.536,85.577,290.602,260.528,253.628,310.473,1.0000,0.3609,0.4824,0.9500,700.00,0.00,0.00,0.00
722.00,180.000,180.000,170.000,175.000,153.065,162.835,150.713,83.587,157.035,166.334,153.670,85.681,290.793,260.269,253.439,310.556,1.0000,0.3589,0.4808,0.9500,700.00,0.00,0.00,0.00
723.00,180.000,180.000,170.000,175.000,153.261,163.007,150.859,83.690,157.229,166.492,153.803,85.784,290.984,260.007,253.249,310.638,1.0000,0.3550,0.4771,0.9500,700.00,0.00,0.00,0.00
724.00,180.000,180.000,170.000,175.000,153.457,163.179,151.004,83.793,157.424,166.648,153.936,85.888,291.175,259.745,253.057,310.721,1.0000,0.3510,0.4754,0.9500,700.00,0.00,0.00,0.00
725.00,180.000,180.000,170.000,175.000,153.653,163.350,151.149,83.897,157.618,166.804,154.068,85.992,291.366,259.483,252.865,310.804,1.0000,0.3471,0.4737,0.9500,700.00,0.00,0.00,0.00
726.00,180.000,180.000,170.000,175.000,153.849,163.521,151.293,84.000,157.813,166.959,154.200,86.095,291.557,259.218,252.670,310.886,1.0000,0.3451,0.4700,0.9500,700.00,0.00,0.00,0.00
727.00,180.000,180.000,170.000,175.000,154.045,163.690,151.436,84.104,158.007,167.114,154.331,86.199,291.748,258.953,252.478,310.969,1.0000,0.3412,0.4684,0.9500,700.00,0.00,0.00,0.00
728.00,180.000,180.000,170.000,175.000,154.240,163.859,151.579,84.207,158.201,167.268,154.461,86.303,291.938,258.687,252.284,311.051,1.0000,0.3372,0.4647,0.9500,700.00,0.00,0.00,0.00
729.00,180.000,180.000,170.000,175.000,154.436,164.027,151.721,84.311,158.395,167.420,154.591,86.407,292.129,258.419,252.088,311.134,1.0000,0.3353,0.4630,0.9500,700.00,0.00,0.00,0.00
730.00,180.000,180.000,170.000,175.000,154.631,164.195,151.863,84.414,158.589,167.572,154.720,86.510,292.319,258.149,251.892,311.216,1.0000,0.3313,0.4593,0.9500,700.00,0.00,0.00,0.00
731.00,180.000,180.000,170.000,175.000,154.827,164.361,152.004,84.518,158.783,167.724,154.848,86.614,292.509,257.879,251.693,311.299,1.0000,0.3274,0.4576,0.9500,700.00,0.00,0.00,0.00
732.00,180.000,180.000,170.000,175.000,155.022,164.527,152.144,84.621,158.977,167.874,154.976,86.718,292.699,257.608,251.495,311.381,1.0000,0.3254,0.4559,0.9500,700.00,0.00,0.00,0.00
733.00,180.000,180.000,170.000,175.000,155.217,164.692,152.284,84.725,159.171,168.024,155.103,86.822,292.890,257.335,251.296,311.464,1.0000,0.3214,0.4522,0.9500,700.00,0.00,0.00,0.00
734.00,180.000,180.000,170.000,175.000,155.413,164.857,152.423,84.828,159.365,168.173,155.230,86.926,293.080,257.062,251.098,311.546,1.0000,0.3175,0.4505,0.9500,700.00,0.00,0.00,0.00
735.00,180.000,180.000,170.000,175.000,155.608,165.020,152.561,84.932,159.558,168.321,155.356,87.029,293.269,256.788,250.898,311.628,1.0000,0.3155,0.4468,0.9500,700.00,0.00,0.00,0.00
736.00,180.000,180.000,170.000,175.000,155.803,165.183,152.699,85.036,159.752,168.468,155.481,87.133,293.459,256.512,250.696,311.711,1.0000,0.3116,0.4451,0.9500,700.00,0.00,0.00,0.00
737.00,180.000,180.000,170.000,175.000,155.998,165.345,152.836,85.139,159.945,168.615,155.606,87.237,293.649,256.237,250.495,311.793,1.0000,0.3096,0.4434,0.9500,700.00,0.00,0.00,0.00
738.00,180.000,180.000,170.000,175.000,156.193,165.506,152.973,85.243,160.139,168.761,155.730,87.341,293.839,255.959,250.291,311.875,1.0000,0.3057,0.4397,0.9500,700.00,0.00,0.00,0.00
739.00,180.000,180.000,170.000,175.000,156.388,165.667,153.109,85.346,160.332,168.906,155.853,87.445,294.028,255.682,250.087,311.957,1.0000,0.3017,0.4380,0.9500,700.00,0.00,0.00,0.00
740.00,180.000,180.000,170.000,175.000,156.582,165.827,153.244,85.450,160.525,169.050,155.976,87.549,294.218,255.402,249.885,312.040,1.0000,0.2998,0.4363,0.9500,700.00,0.00,0.00,0.00
741.00,180.000,180.000,170.000,175.000,156.777,165.986,153.379,85.554,160.718,169.194,156.098,87.653,294.407,255.123,249.681,312.122,1.0000,0.2958,0.4325,0.9500,700.00,0.00,0.00,0.00
742.00,180.000,180.000,170.000,175.000,156.972,166.144,153.513,85.657,160.912,169.336,156.220,87.757,294.596,254.842,249.476,312.204,1.0000,0.2938,0.4308,0.9500,700.00,0.00,0.00,0.00
743.00,180.000,180.000,170.000,175.000,157.166,166.301,153.647,85.761,161.105,169.478,156.341,87.861,294.785,254.560,249.271,312.286,1.0000,0.2899,0.4291,0.9500,700.00,0.00,0.00,0.00
744.00,180.000,180.000,170.000,175.000,157.361,166.458,153.780,85.865,161.297,169.620,156.461,87.965,294.974,254.278,249.065,312.369,1.0000,0.2859,0.4254,0.9500,700.00,0.00,0.00,0.00
745.00,180.000,180.000,170.000,175.000,157.555,166.614,153.912,85.968,161.490,169.760,156.581,88.068,295.163,253.994,248.857,312.451,1.0000,0.2840,0.4237,0.9500,700.00,0.00,0.00,0.00
746.00,180.000,180.000,170.000,175.000,157.749,166.769,154.043,86.072,161.683,169.900,156.700,88.172,295.352,253.710,248.649,312.533,1.0000,0.2800,0.4219,0.9500,700.00,0.00,0.00,0.00
747.00,180.000,180.000,170.000,175.000,157.944,166.924,154.174,86.176,161.876,170.038,156.818,88.276,295.541,253.428,248.441,312.615,1.0000,0.2780,0.4182,0.9500,700.00,0.00,0.00,0.00
748.00,180.000,180.000,170.000,175.000,158.138,167.077,154.305,86.280,162.068,170.176,156.936,88.380,295.729,253.144,248.232,312.697,1.0000,0.2741,0.4165,0.9500,700.00,0.00,0.00,0.00
749.00,180.000,180.000,170.000,175.000,158.332,167.230,154.435,86.383,162.261,170.314,157.053,88.484,295.918,252.861,248.024,312.779,1.0000,0.2721,0.4147,0.9500,700.00,0.00,0.00,0.00
750.00,180.000,180.000,170.000,175.000,158.526,167.382,154.564,86.487,162.453,170.450,157.169,88.588,296.106,252.576,247.814,312.861,1.0000,0.2682,0.4110,0.9500,700.00,0.00,0.00,0.00
751.00,180.000,180.000,170.000,175.000,158.720,167.533,154.692,86.591,162.646,170.586,157.285,88.692,296.295,252.291,247.603,312.943,1.0000,0.2662,0.4093,0.9500,700.00,0.00,0.00,0.00
752.00,180.000,180.000,170.000,175.000,158.914,167.684,154.820,86.695,162.838,170.721,157.401,88.797,296.483,252.005,247.391,313.025,1.0000,0.2622,0.4075,0.9500,700.00,0.00,0.00,0.00
753.00,180.000,180.000,170.000,175.000,159.107,167.834,154.947,86.798,163.030,170.855,157.515,88.901,296.671,251.718,247.178,313.107,1.0000,0.2603,0.4058,0.9500,700.00,0.00,0.00,0.00
754.00,180.000,180.000,170.000,175.000,159.301,167.983,155.074,86.902,163.222,170.988,157.629,89.005,296.859,251.431,246.965,313.189,1.0000,0.2563,0.4020,0.9500,700.00,0.00,0.00,0.00
755.00,180.000,180.000,170.000,175.000,159.495,168.131,155.200,87.006,163.414,171.121,157.743,89.109,297.047,251.143,246.754,313.271,1.0000,0.2543,0.4003,0.9500,700.00,0.00,0.00,0.00
756.00,180.000,180.000,170.000,175.000,159.688,168.279,155.326,87.110,163.606,171.253,157.855,89.213,297.235,250.855,246.542,313.353,1.0000,0.2504,0.3985,0.9500,700.00,0.00,0.00,0.00
757.00,180.000,180.000,170.000,175.000,159.882,168.425,155.450,87.214,163.798,171.384,157.968,89.317,297.423,250.566,246.328,313.435,1.0000,0.2484,0.3948,0.9500,700.00,0.00,0.00,0.00
758.00,180.000,180.000,170.000,175.000,160.075,168.571,155.575,87.318,163.990,171.514,158.079,89.421,297.610,250.276,246.115,313.517,1.0000,0.2444,0.3930,0.9500,700.00,0.00,0.00,0.00
759.00,180.000,180.000,170.000,175.000,160.268,168.716,155.698,87.421,164.182,171.644,158.190,89.525,297.798,249.985,245.900,313.599,1.0000,0.2425,0.3913,0.9500,700.00,0.00,0.00,0.00
760.00,180.000,180.000,170.000,175.000,160.462,168.861,155.821,87.525,164.373,171.773,158.300,89.629,297.985,249.694,245.684,313.681,1.0000,0.2385,0.3895,0.9500,700.00,0.00,0.00,0.00
761.00,180.000,180.000,170.000,175.000,160.655,169.004,155.943,87.629,164.565,171.901,158.410,89.733,298.173,249.402,245.468,313.763,1.0000,0.2365,0.3877,0.9500,700.00,0.00,0.00,0.00
762.00,180.000,180.000,170.000,175.000,160.848,169.147,156.065,87.733,164.756,172.028,158.519,89.838,298.360,249.111,245.251,313.845,1.0000,0.2346,0.3840,0.9500,700.00,0.00,0.00,0.00
763.00,180.000,180.000,170.000,175.000,161.041,169.289,156.186,87.837,164.948,172.155,158.628,89.942,298.547,248.817,245.036,313.926,1.0000,0.2306,0.3822,0.9500,700.00,0.00,0.00,0.00
764.00,180.000,180.000,170.000,175.000,161.234,169.431,156.306,87.941,165.139,172.280,158.735,90.046,298.734,248.525,244.820,314.008,1.0000,0.2286,0.3805,0.9500,700.00,0.00,0.00,0.00
765.00,180.000,180.000,170.000,175.000,161.427,169.571,156.426,88.045,165.330,172.405,158.843,90.150,298.921,248.231,244.604,314.090,1.0000,0.2247,0.3787,0.9500,700.00,0.00,0.00,0.00
766.00,180.000,180.000,170.000,175.000,161.619,169.711,156.545,88.149,165.521,172.530,158.949,90.254,299.108,247.937,244.386,314.172,1.0000,0.2227,0.3769,0.9500,700.00,0.00,0.00,0.00
767.00,180.000,180.000,170.000,175.000,161.812,169.850,156.664,88.253,165.712,172.653,159.055,90.358,299.295,247.644,244.169,314.254,1.0000,0.2207,0.3731,0.9500,700.00,0.00,0.00,0.00
768.00,180.000,180.000,170.000,175.000,162.005,169.988,156.782,88.357,165.903,172.776,159.161,90.463,299.481,247.348,243.950,314.335,1.0000,0.2168,0.3714,0.9500,700.00,0.00,0.00,0.00
769.00,180.000,180.000,170.000,175.000,162.197,170.126,156.899,88.461,166.094,172.898,159.265,90.567,299.668,247.053,243.731,314.417,1.0000,0.2148,0.3696,0.9500,700.00,0.00,0.00,0.00
770.00,180.000,180.000,170.000,175.000,162.389,170.262,157.016,88.565,166.285,173.019,159.369,90.671,299.854,246.758,243.512,314.499,1.0000,0.2108,0.3678,0.9500,700.00,0.00,0.00,0.00
771.00,180.000,180.000,170.000,175.000,162.582,170.398,157.132,88.669,166.475,173.139,159.473,90.775,300.041,246.462,243.292,314.581,1.0000,0.2089,0.3660,0.9500,700.00,0.00,0.00,0.00
772.00,180.000,180.000,170.000,175.000,162.774,170.533,157.247,88.773,166.666,173.259,159.576,90.880,300.227,246.166,243.074,314.662,1.0000,0.2069,0.3643,0.9500,700.00,0.00,0.00,0.00
773.00,180.000,180.000,170.000,175.000,162.966,170.668,157.362,88.877,166.856,173.378,159.678,90.984,300.413,245.869,242.855,314.744,1.0000,0.2029,0.3605,0.9500,700.00,0.00,0.00,0.00
774.00,180.000,180.000,170.000,175.000,163.158,170.801,157.476,88.981,167.047,173.496,159.780,91.088,300.599,245.572,242.637,314.826,1.0000,0.2009,0.3587,0.9500,700.00,0.00,0.00,0.00
775.00,180.000,180.000,170.000,175.000,163.350,170.934,157.590,89.085,167.237,173.613,159.881,91.193,300.785,245.276,242.416,314.908,1.0000,0.1990,0.3569,0.9500,700.00,0.00,0.00,0.00
776.00,180.000,180.000,170.000,175.000,163.542,171.066,157.703,89.189,167.427,173.730,159.981,91.297,300.971,244.978,242.196,314.989,1.0000,0.1950,0.3551,0.9500,700.00,0.00,0.00,0.00
777.00,180.000,180.000,170.000,175.000,163.734,171.198,157.815,89.293,167.617,173.846,160.081,91.401,301.157,244.681,241.976,315.071,1.0000,0.1930,0.3533,0.9500,700.00,0.00,0.00,0.00
778.00,180.000,180.000,170.000,175.000,163.926,171.328,157.927,89.397,167.807,173.961,160.180,91.505,301.342,244.383,241.755,315.152,1.0000,0.1910,0.3515,0.9500,700.00,0.00,0.00,0.00
779.00,180.000,180.000,170.000,175.000,164.117,171.458,158.038,89.501,167.997,174.076,160.279,91.610,301.528,244.085,241.533,315.234,1.0000,0.1871,0.3497,0.9500,700.00,0.00,0.00,0.00
780.00,180.000,180.000,170.000,175.000,164.309,171.587,158.149,89.606,168.187,174.189,160.377,91.714,301.713,243.786,241.310,315.316,1.0000,0.1851,0.3479,0.9500,700.00,0.00,0.00,0.00
781.00,180.000,180.000,170.000,175.000,164.500,171.716,158.259,89.710,168.377,174.302,160.475,91.818,301.899,243.488,241.089,315.397,1.0000,0.1831,0.3441,0.9500,700.00,0.00,0.00,0.00
782.00,180.000,180.000,170.000,175.000,164.692,171.843,158.368,89.814,168.566,174.414,160.571,91.923,302.084,243.190,240.869,315.479,1.0000,0.1811,0.3423,0.9500,700.00,0.00,0.00,0.00
783.00,180.000,180.000,170.000,175.000,164.883,171.970,158.477,89.918,168.756,174.526,160.668,92.027,302.268,242.891,240.649,315.561,0.9966,0.1772,0.3405,0.9500,630.00,0.00,0.00,0.00
784.00,180.000,180.000,170.000,175.000,165.074,172.096,158.585,90.022,168.946,174.637,160.763,92.132,302.436,242.592,240.427,315.642,0.9834,0.1752,0.3387,0.9500,140.00,0.00,0.00,0.00
785.00,180.000,180.000,170.000,175.000,165.266,172.221,158.692,90.126,169.135,174.746,160.858,92.236,302.590,242.293,240.205,315.724,0.9702,0.1732,0.3369,0.9500,0.00,0.00,0.00,0.00
786.00,180.000,180.000,170.000,175.000,165.457,172.346,158.799,90.231,169.324,174.856,160.953,92.340,302.727,241.994,239.982,315.805,0.9570,0.1712,0.3351,0.9500,0.00,0.00,0.00,0.00
787.00,180.000,180.000,170.000,175.000,165.648,172.469,158.905,90.335,169.513,174.964,161.047,92.445,302.852,241.695,239.760,315.887,0.9504,0.1673,0.3333,0.9500,0.00,0.00,0.00,0.00
788.00,180.000,180.000,170.000,175.000,165.838,172.592,159.011,90.439,169.702,175.072,161.140,92.549,302.965,241.395,239.537,315.968,0.9372,0.1653,0.3315,0.9500,0.00,0.00,0.00,0.00
789.00,180.000,180.000,170.000,175.000,166.029,172.715,159.116,90.543,169.890,175.179,161.233,92.654,303.061,241.096,239.314,316.050,0.9240,0.1633,0.3297,0.9500,0.00,0.00,0.00,0.00
790.00,180.000,180.000,170.000,175.000,166.220,172.836,159.220,90.647,170.079,175.285,161.325,92.758,303.142,240.797,239.091,316.131,0.9108,0.1613,0.3278,0.9500,0.00,0.00,0.00,0.00
791.00,180.000,180.000,170.000,175.000,166.410,172.957,159.324,90.752,170.267,175.391,161.416,92.863,303.207,240.497,238.868,316.213,0.8976,0.1573,0.3260,0.9500,0.00,0.00,0.00,0.00
792.00,180.000,180.000,170.000,175.000,166.601,173.077,159.427,90.856,170.454,175.496,161.507,92.967,303.256,240.198,238.647,316.294,0.8844,0.1554,0.3242,0.9500,0.00,0.00,0.00,0.00
793.00,180.000,180.000,170.000,175.000,166.791,173.196,159.530,90.960,170.642,175.600,161.597,93.072,303.290,239.898,238.424,316.376,0.8712,0.1534,0.3224,0.9500,0.00,0.00,0.00,0.00
794.00,180.000,180.000,170.000,175.000,166.981,173.315,159.632,91.064,170.829,175.703,161.687,93.176,303.307,239.599,238.201,316.457,0.8580,0.1514,0.3206,0.9500,0.00,0.00,0.00,0.00
795.00,180.000,180.000,170.000,175.000,167.171,173.433,159.733,91.169,171.015,175.806,161.776,93.281,303.310,239.300,237.978,316.539,0.8448,0.1494,0.3187,0.9500,0.00,0.00,0.00,0.00
796.00,180.000,180.000,170.000,175.000,167.361,173.550,159.834,91.273,171.201,175.908,161.865,93.385,303.298,239.000,237.755,316.620,0.8316,0.1474,0.3169,0.9500,0.00,0.00,0.00,0.00
797.00,180.000,180.000,170.000,175.000,167.551,173.666,159.934,91.377,171.387,176.009,161.953,93.490,303.271,238.701,237.531,316.702,0.8184,0.1435,0.3151,0.9500,0.00,0.00,0.00,0.00
798.00,180.000,180.000,170.000,175.000,167.740,173.781,160.033,91.482,171.572,176.110,162.040,93.594,303.236,238.401,237.308,316.783,0.8118,0.1415,0.3133,0.9500,0.00,0.00,0.00,0.00
799.00,180.000,180.000,170.000,175.000,167.929,173.896,160.132,91.586,171.757,176.209,162.127,93.699,303.187,238.101,237.084,316.864,0.7986,0.1395,0.3114,0.9500,0.00,0.00,0.00,0.00
800.00,180.000,180.000,170.000,175.000,168.118,174.010,160.231,91.690,171.941,176.309,162.213,93.803,303.122,237.802,236.859,316.946,0.7854,0.1375,0.3096,0.9500,0.00,0.00,0.00,0.00
801.00,180.000,180.000,170.000,175.000,168.307,174.124,160.328,91.795,172.125,176.407,162.299,93.908,303.044,237.503,236.635,317.027,0.7722,0.1355,0.3078,0.9500,0.00,0.00,0.00,0.00
802.00,180.000,180.000,170.000,175.000,168.495,174.236,160.426,91.899,172.308,176.505,162.384,94.012,302.950,237.204,236.410,317.109,0.7590,0.1336,0.3059,0.9500,0.00,0.00,0.00,0.00
803.00,180.000,180.000,170.000,175.000,168.684,174.348,160.522,92.003,172.490,176.602,162.468,94.117,302.841,236.905,236.187,317.190,0.7458,0.1316,0.3041,0.9500,0.00,0.00,0.00,0.00
804.00,180.000,180.000,170.000,175.000,168.871,174.459,160.618,92.108,172.672,176.698,162.552,94.221,302.719,236.606,235.966,317.271,0.7326,0.1276,0.3022,0.9500,0.00,0.00,0.00,0.00
805.00,180.000,180.000,170.000,175.000,169.059,174.569,160.713,92.212,172.853,176.793,162.635,94.326,302.581,236.308,235.744,317.353,0.7194,0.1256,0.3004,0.9500,0.00,0.00,0.00,0.00
806.00,180.000,180.000,170.000,175.000,169.246,174.679,160.808,92.316,173.034,176.888,162.718,94.430,302.434,236.009,235.522,317.434,0.7128,0.1236,0.2986,0.9500,0.00,0.00,0.00,0.00
807.00,180.000,180.000,170.000,175.000,169.433,174.788,160.902,92.421,173.213,176.982,162.800,94.535,302.276,235.710,235.299,317.515,0.6996,0.1216,0.2967,0.9500,0.00,0.00,0.00,0.00
808.00,180.000,180.000,170.000,175.000,169.620,174.896,160.996,92.525,173.392,177.076,162.882,94.640,302.105,235.412,235.077,317.597,0.6864,0.1197,0.2949,0.9500,0.00,0.00,0.00,0.00
809.00,180.000,180.000,170.000,175.000,169.806,175.004,161.089,92.630,173.571,177.169,162.963,94.744,301.919,235.114,234.854,317.678,0.6732,0.1177,0.2930,0.9500,0.00,0.00,0.00,0.00
810.00,180.000,180.000,170.000,175.000,169.992,175.110,161.181,92.734,173.748,177.261,163.043,94.849,301.719,234.816,234.630,317.759,0.6600,0.1157,0.2912,0.9500,0.00,0.00,0.00,0.00
811.00,180.000,180.000,170.000,175.000,170.177,175.216,161.273,92.838,173.925,177.352,163.123,94.953,301.506,234.519,234.407,317.841,0.6468,0.1137,0.2893,0.9500,0.00,0.00,0.00,0.00
812.00,180.000,180.000,170.000,175.000,170.362,175.322,161.364,92.943,174.101,177.443,163.203,95.058,301.279,234.222,234.184,317.922,0.6336,0.1117,0.2875,0.9500,0.00,0.00,0.00,0.00
813.00,180.000,180.000,170.000,175.000,170.547,175.426,161.455,93.047,174.276,177.533,163.281,95.163,301.042,233.926,233.961,318.003,0.6270,0.1097,0.2856,0.9500,0.00,0.00,0.00,0.00
814.00,180.000,180.000,170.000,175.000,170.731,175.530,161.545,93.152,174.450,177.622,163.360,95.267,300.796,233.629,233.738,318.085,0.6138,0.1077,0.2858,0.9500,0.00,0.00,0.00,0.00
815.00,180.000,180.000,170.000,175.000,170.914,175.633,161.634,93.256,174.624,177.711,163.437,95.372,300.536,233.332,233.514,318.166,0.6006,0.1058,0.2839,0.9500,0.00,0.00,0.00,0.00
816.00,180.000,180.000,170.000,175.000,171.097,175.736,161.723,93.361,174.796,177.799,163.514,95.476,300.262,233.035,233.290,318.247,0.5874,0.1038,0.2820,0.9500,0.00,0.00,0.00,0.00
817.00,180.000,180.000,170.000,175.000,171.280,175.837,161.812,93.465,174.968,177.886,163.591,95.581,299.977,232.739,233.070,318.328,0.5742,0.1018,0.2802,0.9500,0.00,0.00,0.00,0.00
818.00,180.000,180.000,170.000,175.000,171.462,175.938,161.899,93.570,175.139,177.973,163.667,95.686,299.677,232.443,232.849,318.410,0.5610,0.0998,0.2783,0.9500,0.00,0.00,0.00,0.00
819.00,180.000,180.000,170.000,175.000,171.643,176.039,161.986,93.674,175.308,178.059,163.742,95.790,299.369,232.147,232.628,318.491,0.5544,0.0978,0.2764,0.9500,0.00,0.00,0.00,0.00
820.00,180.000,180.000,170.000,175.000,171.824,176.138,162.073,93.779,175.477,178.144,163.817,95.895,299.050,231.852,232.406,318.572,0.5412,0.0958,0.2746,0.9500,0.00,0.00,0.00,0.00
821.00,180.000,180.000,170.000,175.000,172.004,176.237,162.159,93.883,175.645,178.228,163.891,95.999,298.719,231.557,232.186,318.653,0.5280,0.0938,0.2727,0.9500,0.00,0.00,0.00,0.00
822.00,180.000,180.000,170.000,175.000,172.184,176.335,162.244,93.988,175.811,178.312,163.965,96.104,298.376,231.262,231.965,318.735,0.5148,0.0918,0.2729,0.9500,0.00,0.00,0.00,0.00
823.00,180.000,180.000,170.000,175.000,172.363,176.433,162.329,94.092,175.977,178.396,164.038,96.208,298.019,230.968,231.743,318.816,0.5016,0.0898,0.2710,0.9500,0.00,0.00,0.00,0.00
824.00,180.000,180.000,170.000,175.000,172.541,176.529,162.414,94.197,176.142,178.478,164.111,96.313,297.656,230.674,231.522,318.897,0.4950,0.0879,0.2691,0.9500,0.00,0.00,0.00,0.00
825.00,180.000,180.000,170.000,175.000,172.719,176.626,162.497,94.301,176.305,178.560,164.183,96.418,297.283,230.380,231.301,318.978,0.4818,0.0859,0.2672,0.9500,0.00,0.00,0.00,0.00
826.00,180.000,180.000,170.000,175.000,172.896,176.721,162.580,94.406,176.468,178.641,164.255,96.522,296.896,230.088,231.080,319.060,0.4686,0.0839,0.2654,0.9500,0.00,0.00,0.00,0.00
827.00,180.000,180.000,170.000,175.000,173.072,176.816,162.663,94.510,176.629,178.722,164.326,96.627,296.505,229.796,230.859,319.141,0.4554,0.0819,0.2635,0.9500,0.00,0.00,0.00,0.00
828.00,180.000,180.000,170.000,175.000,173.248,176.910,162.745,94.615,176.790,178.802,164.396,96.731,296.101,229.504,230.638,319.222,0.4488,0.0799,0.2636,0.9500,0.00,0.00,0.00,0.00
829.00,180.000,180.000,170.000,175.000,173.422,177.003,162.826,94.719,176.949,178.881,164.466,96.836,295.686,229.213,230.417,319.303,0.4356,0.0779,0.2617,0.9500,0.00,0.00,0.00,0.00
830.00,180.000,180.000,170.000,175.000,173.596,177.095,162.907,94.824,177.107,178.960,164.536,96.940,295.258,228.921,230.197,319.384,0.4224,0.0759,0.2599,0.9500,0.00,0.00,0.00,0.00
831.00,180.000,180.000,170.000,175.000,173.769,177.187,162.987,94.928,177.264,179.038,164.605,97.045,294.825,228.630,229.977,319.465,0.4092,0.0739,0.2580,0.9500,0.00,0.00,0.00,0.00
832.00,180.000,180.000,170.000,175.000,173.942,177.279,163.067,95.033,177.419,179.115,164.673,97.149,294.381,228.339,229.758,319.547,0.4026,0.0719,0.2561,0.9500,0.00,0.00,0.00,0.00
833.00,180.000,180.000,170.000,175.000,174.113,177.369,163.146,95.137,177.574,179.192,164.741,97.253,293.923,228.050,229.540,319.628,0.3894,0.0699,0.2562,0.9500,0.00,0.00,0.00,0.00
834.00,180.000,180.000,170.000,175.000,174.284,177.459,163.225,95.242,177.727,179.268,164.808,97.358,293.458,227.761,229.322,319.709,0.3762,0.0679,0.2543,0.9500,0.00,0.00,0.00,0.00
835.00,180.000,180.000,170.000,175.000,174.454,177.548,163.303,95.346,177.879,179.343,164.875,97.462,292.986,227.472,229.105,319.790,0.3630,0.0680,0.2524,0.9500,0.00,0.00,0.00,0.00
836.00,180.000,180.000,170.000,175.000,174.623,177.637,163.380,95.451,178.030,179.418,164.941,97.567,292.501,227.183,228.887,319.871,0.3564,0.0660,0.2506,0.9500,0.00,0.00,0.00,0.00
837.00,180.000,180.000,170.000,175.000,174.791,177.724,163.457,95.555,178.179,179.492,165.007,97.671,292.008,226.895,228.670,319.952,0.3432,0.0640,0.2487,0.9500,0.00,0.00,0.00,0.00
838.00,180.000,180.000,170.000,175.000,174.958,177.812,163.534,95.660,178.327,179.566,165.072,97.775,291.507,226.608,228.453,320.033,0.3300,0.0620,0.2488,0.9500,0.00,0.00,0.00,0.00
839.00,180.000,180.000,170.000,175.000,175.124,177.898,163.610,95.764,178.474,179.639,165.137,97.879,290.994,226.321,228.235,320.115,0.3234,0.0600,0.2469,0.9500,0.00,0.00,0.00,0.00
840.00,180.000,180.000,170.000,175.000,175.289,177.984,163.685,95.869,178.620,179.711,165.201,97.984,290.475,226.034,228.018,320.196,0.3102,0.0580,0.2450,0.9500,0.00,0.00,0.00,0.00
841.00,180.000,180.000,170.000,175.000,175.453,178.069,163.760,95.973,178.764,179.783,165.265,98.088,289.947,225.749,227.802,320.277,0.2970,0.0560,0.2431,0.9500,0.00,0.00,0.00,0.00
842.00,180.000,180.000,170.000,175.000,175.617,178.153,163.834,96.078,178.907,179.854,165.328,98.192,289.408,225.464,227.585,320.358,0.2904,0.0540,0.2432,0.9500,0.00,0.00,0.00,0.00
843.00,180.000,180.000,170.000,175.000,175.779,178.237,163.908,96.182,179.049,179.924,165.391,98.296,288.861,225.181,227.368,320.439,0.2772,0.0540,0.2413,0.9500,0.00,0.00,0.00,0.00
844.00,180.000,180.000,170.000,175.000,175.940,178.320,163.981,96.286,179.189,179.994,165.453,98.400,288.307,224.899,227.152,320.520,0.2706,0.0520,0.2394,0.9500,0.00,0.00,0.00,0.00
845.00,180.000,180.000,170.000,175.000,176.100,178.403,164.053,96.391,179.328,180.063,165.514,98.505,287.740,224.618,226.936,320.601,0.2574,0.0500,0.2375,0.9500,0.00,0.00,0.00,0.00
846.00,180.000,180.000,170.000,175.000,176.259,178.485,164.125,96.495,179.465,180.132,165.575,98.609,287.171,224.337,226.720,320.682,0.2442,0.0480,0.2376,0.9500,0.00,0.00,0.00,0.00
847.00,180.000,180.000,170.000,175.000,176.417,178.566,164.197,96.599,179.602,180.200,165.636,98.713,286.591,224.057,226.505,320.763,0.2376,0.0460,0.2357,0.9500,0.00,0.00,0.00,0.00
848.00,180.000,180.000,170.000,175.000,176.574,178.646,164.268,96.704,179.736,180.267,165.696,98.817,286.004,223.777,226.291,320.844,0.2244,0.0460,0.2338,0.9500,0.00,0.00,0.00,0.00
849.00,180.000,180.000,170.000,175.000,176.730,178.726,164.338,96.808,179.870,180.334,165.756,98.920,285.409,223.498,226.076,320.925,0.2178,0.0440,0.2339,0.9500,0.00,0.00,0.00,0.00
850.00,180.000,180.000,170.000,175.000,176.885,178.806,164.408,96.912,180.001,180.400,165.815,99.024,284.807,223.220,225.860,321.006,0.2046,0.0420,0.2320,0.9500,0.00,0.00,0.00,0.00
851.00,180.000,180.000,170.000,175.000,177.039,178.884,164.477,97.017,180.132,180.466,165.873,99.128,284.198,222.942,225.648,321.087,0.1980,0.0400,0.2301,0.9500,0.00,0.00,0.00,0.00
852.00,180.000,180.000,170.000,175.000,177.191,178.962,164.546,97.121,180.261,180.531,165.931,99.232,283.577,222.665,225.436,321.168,0.1848,0.0380,0.2302,0.9500,0.00,0.00,0.00,0.00
853.00,180.000,180.000,170.000,175.000,177.342,179.039,164.614,97.225,180.388,180.595,165.989,99.336,282.955,222.388,225.224,321.249,0.1782,0.0380,0.2283,0.9500,0.00,0.00,0.00,0.00
854.00,180.000,180.000,170.000,175.000,177.493,179.116,164.682,97.329,180.514,180.659,166.046,99.439,282.321,222.111,225.013,321.330,0.1650,0.0361,0.2264,0.9500,0.00,0.00,0.00,0.00
855.00,180.000,180.000,170.000,175.000,177.641,179.192,164.749,97.434,180.639,180.722,166.103,99.543,281.684,221.836,224.802,321.411,0.1584,0.0341,0.2265,0.9500,0.00,0.00,0.00,0.00
856.00,180.000,180.000,170.000,175.000,177.789,179.268,164.816,97.538,180.762,180.785,166.159,99.647,281.036,221.561,224.591,321.492,0.1452,0.0321,0.2246,0.9500,0.00,0.00,0.00,0.00
857.00,180.000,180.000,170.000,175.000,177.936,179.342,164.882,97.642,180.883,180.847,166.214,99.750,280.386,221.287,224.380,321.573,0.1386,0.0321,0.2226,0.9500,0.00,0.00,0.00,0.00
858.00,180.000,180.000,170.000,175.000,178.081,179.416,164.948,97.746,181.004,180.909,166.269,99.854,279.727,221.013,224.170,321.654,0.1254,0.0301,0.2227,0.9500,0.00,0.00,0.00,0.00
859.00,180.000,180.000,170.000,175.000,178.225,179.490,165.013,97.850,181.122,180.970,166.324,99.957,279.063,220.740,223.960,321.735,0.1188,0.0281,0.2208,0.9500,0.00,0.00,0.00,0.00
860.00,180.000,180.000,170.000,175.000,178.368,179.563,165.078,97.954,181.239,181.030,166.378,100.060,278.393,220.468,223.750,321.816,0.1056,0.0261,0.2189,0.9500,0.00,0.00,0.00,0.00
861.00,180.000,180.000,170.000,175.000,178.509,179.635,165.142,98.058,181.355,181.090,166.432,100.164,277.715,220.196,223.541,321.897,0.0990,0.0261,0.2190,0.9500,0.00,0.00,0.00,0.00
862.00,180.000,180.000,170.000,175.000,178.649,179.707,165.205,98.162,181.468,181.149,166.485,100.267,277.035,219.924,223.332,321.978,0.0924,0.0241,0.2171,0.9500,0.00,0.00,0.00,0.00
863.00,180.000,180.000,170.000,175.000,178.788,179.778,165.268,98.266,181.581,181.208,166.538,100.370,276.344,219.654,223.123,322.059,0.0792,0.0221,0.2151,0.9500,0.00,0.00,0.00,0.00
864.00,180.000,180.000,170.000,175.000,178.926,179.848,165.331,98.370,181.692,181.266,166.590,100.473,275.651,219.384,222.914,322.140,0.0726,0.0221,0.2152,0.9500,0.00,0.00,0.00,0.00
865.00,180.000,180.000,170.000,175.000,179.062,179.918,165.393,98.474,181.801,181.323,166.642,100.576,274.950,219.115,222.707,322.221,0.0594,0.0201,0.2133,0.9500,0.00,0.00,0.00,0.00
866.00,180.000,180.000,170.000,175.000,179.197,179.987,165.455,98.578,181.908,181.380,166.693,100.679,274.243,218.846,222.500,322.301,0.0528,0.0181,0.2114,0.9500,0.00,0.00,0.00,0.00
867.00,180.000,180.000,170.000,175.000,179.331,180.056,165.516,98.681,182.015,181.437,166.744,100.782,273.535,218.579,222.292,322.382,0.0462,0.0161,0.2115,0.9500,0.00,0.00,0.00,0.00
868.00,180.000,180.000,170.000,175.000,179.463,180.124,165.576,98.785,182.119,181.492,166.794,100.885,272.819,218.312,222.085,322.463,0.0330,0.0161,0.2095,0.9500,0.00,0.00,0.00,0.00
869.00,180.000,180.000,170.000,175.000,179.594,180.192,165.636,98.889,182.222,181.548,166.844,100.988,272.098,218.045,221.879,322.544,0.0264,0.0141,0.2096,0.9500,0.00,0.00,0.00,0.00
870.00,180.000,180.000,170.000,175.000,179.723,180.258,165.696,98.992,182.323,181.602,166.894,101.090,271.374,217.780,221.672,322.625,0.0198,0.0121,0.2077,0.9500,0.00,0.00,0.00,0.00
871.00,180.000,180.000,170.000,175.000,179.851,180.325,165.755,99.096,182.423,181.657,166.943,101.193,270.643,217.515,221.467,322.706,0.0066,0.0121,0.2058,0.9500,0.00,0.00,0.00,0.00
872.00,180.000,180.000,170.000,175.000,179.978,180.390,165.813,99.200,182.521,181.710,166.991,101.296,269.911,217.251,221.261,322.786,0.0000,0.0101,0.2058,0.9500,0.00,0.00,0.00,0.00
873.00,180.000,180.000,170.000,175.000,180.103,180.455,165.871,99.303,182.618,181.763,167.039,101.398,269.175,216.988,221.056,322.867,0.0000,0.0081,0.2039,0.9500,0.00,0.00,0.00,0.00
874.00,180.000,180.000,170.000,175.000,180.227,180.520,165.929,99.407,182.712,181.816,167.087,101.500,268.445,216.725,220.851,322.948,0.0000,0.0081,0.2040,0.9500,0.00,0.00,0.00,0.00
875.00,180.000,180.000,170.000,175.000,180.349,180.584,165.986,99.510,182.806,181.868,167.134,101.603,267.721,216.463,220.648,323.029,0.0000,0.0061,0.2020,0.9500,0.00,0.00,0.00,0.00
876.00,180.000,180.000,170.000,175.000,180.470,180.647,166.042,99.613,182.898,181.920,167.181,101.705,267.002,216.202,220.448,323.109,0.0000,0.0061,0.2021,0.9500,0.00,0.00,0.00,0.00
877.00,180.000,180.000,170.000,175.000,180.590,180.710,166.099,99.717,182.988,181.971,167.227,101.807,266.290,215.941,220.246,323.190,0.0000,0.0041,0.2002,0.9500,0.00,0.00,0.00,0.00
878.00,180.000,180.000,170.000,175.000,180.708,180.772,166.154,99.820,183.076,182.021,167.273,101.909,265.583,215.681,220.046,323.271,0.0000,0.0021,0.1982,0.9500,0.00,0.00,0.00,0.00
879.00,180.000,180.000,170.000,175.000,180.824,180.833,166.209,99.923,183.163,182.071,167.318,102.011,264.882,215.422,219.846,323.352,0.0000,0.0020,0.1983,0.9500,0.00,0.00,0.00,0.00
880.00,180.000,180.000,170.000,175.000,180.940,180.894,166.264,100.026,183.249,182.120,167.363,102.113,264.186,215.164,219.646,323.432,0.0000,0.0000,0.1964,0.9500,0.00,0.00,0.00,0.00
881.00,180.000,180.000,170.000,175.000,181.053,180.955,166.318,100.129,183.333,182.169,167.407,102.214,263.496,214.907,219.446,323.513,0.0000,0.0000,0.1964,0.9500,0.00,0.00,0.00,0.00
882.00,180.000,180.000,170.000,175.000,181.165,181.015,166.372,100.232,183.416,182.218,167.451,102.316,262.812,214.650,219.247,323.594,0.0000,0.0000,0.1945,0.9500,0.00,0.00,0.00,0.00
883.00,180.000,180.000,170.000,175.000,181.276,181.074,166.425,100.335,183.497,182.265,167.495,102.417,262.133,214.395,219.049,323.674,0.0000,0.0000,0.1945,0.9500,0.00,0.00,0.00,0.00
884.00,180.000,180.000,170.000,175.000,181.386,181.132,166.478,100.438,183.577,182.313,167.538,102.519,261.460,214.142,218.851,323.755,0.0000,0.0000,0.1926,0.9500,0.00,0.00,0.00,0.00
885.00,180.000,180.000,170.000,175.000,181.493,181.191,166.530,100.540,183.655,182.360,167.581,102.620,260.792,213.891,218.654,323.835,0.0000,0.0000,0.1927,0.9500,0.00,0.00,0.00,0.00
886.00,180.000,180.000,170.000,175.000,181.600,181.248,166.582,100.643,183.732,182.406,167.623,102.721,260.129,213.643,218.457,323.916,0.0000,0.0000,0.1907,0.9500,0.00,0.00,0.00,0.00
887.00,180.000,180.000,170.000,175.000,181.705,181.305,166.633,100.746,183.807,182.452,167.665,102.822,259.472,213.397,218.261,323.996,0.0000,0.0000,0.1908,0.9500,0.00,0.00,0.00,0.00
888.00,180.000,180.000,170.000,175.000,181.808,181.362,166.684,100.848,183.881,182.497,167.706,102.923,258.820,213.153,218.065,324.077,0.0000,0.0000,0.1888,0.9500,0.00,0.00,0.00,0.00
889.00,180.000,180.000,170.000,175.000,181.910,181.418,166.734,100.951,183.954,182.542,167.747,103.024,258.173,212.911,217.870,324.158,0.0000,0.0000,0.1889,0.9500,0.00,0.00,0.00,0.00
890.00,180.000,180.000,170.000,175.000,182.011,181.473,166.784,101.053,184.025,182.586,167.788,103.125,257.531,212.671,217.675,324.238,0.0000,0.0000,0.1870,0.9500,0.00,0.00,0.00,0.00
891.00,180.000,180.000,170.000,175.000,182.110,181.528,166.834,101.155,184.095,182.630,167.828,103.226,256.895,212.434,217.480,324.319,0.0000,0.0000,0.1870,0.9500,0.00,0.00,0.00,0.00
892.00,180.000,180.000,170.000,175.000,182.207,181.582,166.883,101.258,184.163,182.674,167.868,103.326,256.263,212.198,217.286,324.399,0.0000,0.0000,0.1851,0.9500,0.00,0.00,0.00,0.00
893.00,180.000,180.000,170.000,175.000,182.304,181.636,166.931,101.360,184.230,182.717,167.907,103.427,255.637,211.965,217.093,324.479,0.0000,0.0000,0.1851,0.9500,0.00,0.00,0.00,0.00
894.00,180.000,180.000,170.000,175.000,182.399,181.689,166.979,101.462,184.296,182.759,167.946,103.527,255.015,211.733,216.900,324.560,0.0000,0.0000,0.1832,0.9500,0.00,0.00,0.00,0.00
895.00,180.000,180.000,170.000,175.000,182.492,181.742,167.027,101.564,184.361,182.801,167.984,103.627,254.399,211.504,216.707,324.640,0.0000,0.0000,0.1832,0.9500,0.00,0.00,0.00,0.00
896.00,180.000,180.000,170.000,175.000,182.584,181.794,167.074,101.666,184.424,182.843,168.022,103.727,253.787,211.276,216.515,324.721,0.0000,0.0000,0.1813,0.9500,0.00,0.00,0.00,0.00
897.00,180.000,180.000,170.000,175.000,182.674,181.846,167.121,101.767,184.486,182.884,168.060,103.827,253.181,211.051,216.324,324.801,0.0000,0.0000,0.1813,0.9500,0.00,0.00,0.00,0.00
898.00,180.000,180.000,170.000,175.000,182.763,181.897,167.167,101.869,184.546,182.925,168.097,103.927,252.579,210.827,216.132,324.881,0.0000,0.0000,0.1794,0.9500,0.00,0.00,0.00,0.00
899.00,180.000,180.000,170.000,175.000,182.851,181.948,167.213,101.971,184.606,182.965,168.134,104.027,251.981,210.606,215.941,324.962,0.0000,0.0000,0.1794,0.9500,0.00,0.00,0.00,0.00
900.00,180.000,180.000,170.000,175.000,182.937,181.998,167.258,102.072,184.664,183.005,168.170,104.126,251.389,210.386,215.752,325.042,0.0000,0.0000,0.1775,0.9500,0.00,0.00,0.00,0.00
901.00,180.000,180.000,170.000,175.000,183.022,182.047,167.303,102.174,184.721,183.044,168.206,104.226,250.801,210.168,215.562,325.122,0.0000,0.0000,0.1775,0.9500,0.00,0.00,0.00,0.00
902.00,180.000,180.000,170.000,175.000,183.106,182.096,167.348,102.275,184.776,183.083,168.242,104.325,250.218,209.953,215.374,325.202,0.0000,0.0000,0.1775,0.9500,0.00,0.00,0.00,0.00
903.00,180.000,180.000,170.000,175.000,183.188,182.145,167.392,102.376,184.831,183.121,168.277,104.425,249.640,209.739,215.185,325.283,0.0000,0.0000,0.1756,0.9500,0.00,0.00,0.00,0.00
904.00,180.000,180.000,170.000,175.000,183.269,182.193,167.435,102.477,184.884,183.160,168.312,104.524,249.066,209.526,214.997,325.363,0.0000,0.0000,0.1756,0.9500,0.00,0.00,0.00,0.00
905.00,180.000,180.000,170.000,175.000,183.348,182.241,167.478,102.578,184.936,183.197,168.346,104.623,248.496,209.316,214.810,325.443,0.0000,0.0000,0.1737,0.9500,0.00,0.00,0.00,0.00
906.00,180.000,180.000,170.000,175.000,183.426,182.288,167.521,102.679,184.987,183.235,168.380,104.721,247.931,209.108,214.623,325.523,0.0000,0.0000,0.1737,0.9500,0.00,0.00,0.00,0.00
907.00,180.000,180.000,170.000,175.000,183.503,182.334,167.563,102.780,185.036,183.271,168.414,104.820,247.371,208.901,214.437,325.603,0.0000,0.0000,0.1718,0.9500,0.00,0.00,0.00,0.00
908.00,180.000,180.000,170.000,175.000,183.578,182.381,167.605,102.881,185.085,183.308,168.447,104.919,246.815,208.696,214.251,325.683,0.0000,0.0000,0.1718,0.9500,0.00,0.00,0.00,0.00
909.00,180.000,180.000,170.000,175.000,183.652,182.426,167.647,102.981,185.132,183.344,168.480,105.017,246.263,208.493,214.066,325.763,0.0000,0.0000,0.1718,0.9500,0.00,0.00,0.00,0.00
910.00,180.000,180.000,170.000,175.000,183.725,182.471,167.688,103.082,185.178,183.380,168.512,105.115,245.716,208.292,213.881,325.843,0.0000,0.0000,0.1699,0.9500,0.00,0.00,0.00,0.00
911.00,180.000,180.000,170.000,175.000,183.797,182.516,167.728,103.182,185.223,183.415,168.544,105.214,245.173,208.093,213.697,325.923,0.0000,0.0000,0.1699,0.9500,0.00,0.00,0.00,0.00
912.00,180.000,180.000,170.000,175.000,183.867,182.560,167.769,103.283,185.267,183.450,168.576,105.312,244.634,207.895,213.513,326.003,0.0000,0.0000,0.1680,0.9500,0.00,0.00,0.00,0.00
913.00,180.000,180.000,170.000,175.000,183.936,182.604,167.808,103.383,185.310,183.484,168.607,105.410,244.099,207.699,213.330,326.083,0.0000,0.0000,0.1680,0.9500,0.00,0.00,0.00,0.00
914.00,180.000,180.000,170.000,175.000,184.003,182.648,167.848,103.483,185.351,183.518,168.638,105.507,243.569,207.504,213.151,326.163,0.0000,0.0000,0.1680,0.9500,0.00,0.00,0.00,0.00
915.00,180.000,180.000,170.000,175.000,184.069,182.690,167.887,103.583,185.392,183.552,168.669,105.605,243.043,207.312,212.971,326.243,0.0000,0.0000,0.1661,0.9500,0.00,0.00,0.00,0.00
916.00,180.000,180.000,170.000,175.000,184.134,182.733,167.925,103.683,185.431,183.585,168.699,105.702,242.520,207.121,212.793,326.323,0.0000,0.0000,0.1661,0.9500,0.00,0.00,0.00,0.00
917.00,180.000,180.000,170.000,175.000,184.198,182.775,167.963,103.782,185.470,183.618,168.729,105.800,242.002,206.931,212.615,326.402,0.0000,0.0000,0.1641,0.9500,0.00,0.00,0.00,0.00
918.00,180.000,180.000,170.000,175.000,184.261,182.816,168.001,103.882,185.507,183.651,168.758,105.897,241.488,206.743,212.437,326.482,0.0000,0.0000,0.1642,0.9500,0.00,0.00,0.00,0.00
919.00,180.000,180.000,170.000,175.000,184.322,182.858,168.038,103.981,185.544,183.683,168.787,105.994,240.978,206.557,212.260,326.562,0.0000,0.0000,0.1642,0.9500,0.00,0.00,0.00,0.00
920.00,180.000,180.000,170.000,175.000,184.382,182.898,168.075,104.081,185.579,183.715,168.816,106.091,240.472,206.373,212.084,326.642,0.0000,0.0000,0.1622,0.9500,0.00,0.00,0.00,0.00
921.00,180.000,180.000,170.000,175.000,184.441,182.938,168.112,104.180,185.613,183.747,168.844,106.188,239.970,206.190,211.908,326.721,0.0000,0.0000,0.1623,0.9500,0.00,0.00,0.00,0.00
922.00,180.000,180.000,170.000,175.000,184.498,182.978,168.148,104.279,185.646,183.778,168.872,106.284,239.471,206.009,211.734,326.801,0.0000,0.0000,0.1623,0.9500,0.00,0.00,0.00,0.00
923.00,180.000,180.000,170.000,175.000,184.555,183.018,168.184,104.378,185.678,183.809,168.900,106.381,238.977,205.829,211.558,326.881,0.0000,0.0000,0.1603,0.9500,0.00,0.00,0.00,0.00
924.00,180.000,180.000,170.000,175.000,184.610,183.057,168.219,104.477,185.710,183.839,168.927,106.477,238.486,205.650,211.385,326.960,0.0000,0.0000,0.1604,0.9500,0.00,0.00,0.00,0.00
925.00,180.000,180.000,170.000,175.000,184.664,183.095,168.254,104.576,185.740,183.870,168.954,106.573,238.000,205.474,211.212,327.040,0.0000,0.0000,0.1584,0.9500,0.00,0.00,0.00,0.00
926.00,180.000,180.000,170.000,175.000,184.717,183.133,168.288,104.674,185.769,183.899,168.981,106.669,237.517,205.299,211.039,327.119,0.0000,0.0000,0.1584,0.9500,0.00,0.00,0.00,0.00
927.00,180.000,180.000,170.000,175.000,184.768,183.171,168.322,104.773,185.798,183.929,169.007,106.765,237.037,205.125,210.867,327.199,0.0000,0.0000,0.1585,0.9500,0.00,0.00,0.00,0.00
928.00,180.000,180.000,170.000,175.000,184.819,183.208,168.356,104.871,185.825,183.958,169.033,106.861,236.562,204.953,210.696,327.278,0.0000,0.0000,0.1565,0.9500,0.00,0.00,0.00,0.00
929.00,180.000,180.000,170.000,175.000,184.868,183.245,168.389,104.969,185.851,183.987,169.058,106.957,236.090,204.782,210.525,327.357,0.0000,0.0000,0.1565,0.9500,0.00,0.00,0.00,0.00
930.00,180.000,180.000,170.000,175.000,184.917,183.282,168.422,105.068,185.877,184.015,169.084,107.052,235.621,204.613,210.354,327.437,0.0000,0.0000,0.1565,0.9500,0.00,0.00,0.00,0.00
931.00,180.000,180.000,170.000,175.000,184.964,183.318,168.455,105.166,185.901,184.043,169.108,107.147,235.157,204.445,210.186,327.516,0.0000,0.0000,0.1546,0.9500,0.00,0.00,0.00,0.00
932.00,180.000,180.000,170.000,175.000,185.010,183.354,168.487,105.263,185.925,184.071,169.133,107.243,234.695,204.279,210.016,327.595,0.0000,0.0000,0.1546,0.9500,0.00,0.00,0.00,0.00
933.00,180.000,180.000,170.000,175.000,185.055,183.389,168.519,105.361,185.947,184.099,169.157,107.338,234.238,204.114,209.848,327.674,0.0000,0.0000,0.1546,0.9500,0.00,0.00,0.00,0.00
934.00,180.000,180.000,170.000,175.000,185.099,183.424,168.550,105.459,185.969,184.126,169.181,107.432,233.784,203.950,209.681,327.754,0.0000,0.0000,0.1526,0.9500,0.00,0.00,0.00,0.00
935.00,180.000,180.000,170.000,175.000,185.141,183.459,168.581,105.556,185.990,184.153,169.204,107.527,233.333,203.788,209.513,327.833,0.0000,0.0000,0.1527,0.9500,0.00,0.00,0.00,0.00
936.00,180.000,180.000,170.000,175.000,185.183,183.493,168.612,105.653,186.010,184.179,169.227,107.622,232.886,203.628,209.346,327.912,0.0000,0.0000,0.1527,0.9500,0.00,0.00,0.00,0.00
937.00,180.000,180.000,170.000,175.000,185.223,183.527,168.642,105.751,186.029,184.206,169.250,107.716,232.442,203.468,209.181,327.991,0.0000,0.0000,0.1527,0.9500,0.00,0.00,0.00,0.00
938.00,180.000,180.000,170.000,175.000,185.263,183.560,168.672,105.848,186.048,184.232,169.273,107.810,232.002,203.310,209.016,328.070,0.0000,0.0000,0.1507,0.9500,0.00,0.00,0.00,0.00
939.00,180.000,180.000,170.000,175.000,185.302,183.593,168.702,105.944,186.065,184.257,169.295,107.904,231.565,203.154,208.851,328.149,0.0000,0.0000,0.1508,0.9500,0.00,0.00,0.00,0.00
940.00,180.000,180.000,170.000,175.000,185.339,183.626,168.731,106.041,186.081,184.283,169.317,107.998,231.131,202.998,208.687,328.228,0.0000,0.0000,0.1508,0.9500,0.00,0.00,0.00,0.00
941.00,180.000,180.000,170.000,175.000,185.375,183.658,168.760,106.138,186.097,184.308,169.338,108.092,230.701,202.844,208.524,328.307,0.0000,0.0000,0.1488,0.9500,0.00,0.00,0.00,0.00
942.00,180.000,180.000,170.000,175.000,185.411,183.690,168.788,106.234,186.112,184.332,169.359,108.186,230.273,202.692,208.360,328.385,0.0000,0.0000,0.1488,0.9500,0.00,0.00,0.00,0.00
943.00,180.000,180.000,170.000,175.000,185.445,183.722,168.816,106.331,186.126,184.357,169.380,108.279,229.850,202.540,208.198,328.464,0.0000,0.0000,0.1488,0.9500,0.00,0.00,0.00,0.00
944.00,180.000,180.000,170.000,175.000,185.479,183.753,168.844,106.427,186.139,184.381,169.401,108.373,229.429,202.390,208.038,328.543,0.0000,0.0000,0.1489,0.9500,0.00,0.00,0.00,0.00
945.00,180.000,180.000,170.000,175.000,185.511,183.784,168.872,106.523,186.152,184.405,169.421,108.466,229.011,202.242,207.876,328.622,0.0000,0.0000,0.1469,0.9500,0.00,0.00,0.00,0.00
946.00,180.000,180.000,170.000,175.000,185.542,183.815,168.899,106.619,186.164,184.429,169.441,108.559,228.597,202.094,207.716,328.700,0.0000,0.0000,0.1469,0.9500,0.00,0.00,0.00,0.00
947.00,180.000,180.000,170.000,175.000,185.573,183.845,168.925,106.715,186.174,184.452,169.461,108.652,228.186,201.948,207.556,328.779,0.0000,0.0000,0.1469,0.9500,0.00,0.00,0.00,0.00
948.00,180.000,180.000,170.000,175.000,185.602,183.875,168.952,106.810,186.184,184.475,169.480,108.744,227.778,201.803,207.399,328.857,0.0000,0.0000,0.1449,0.9500,0.00,0.00,0.00,0.00
949.00,180.000,180.000,170.000,175.000,185.631,183.904,168.978,106.906,186.194,184.498,169.499,108.837,227.373,201.659,207.240,328.936,0.0000,0.0000,0.1450,0.9500,0.00,0.00,0.00,0.00
950.00,180.000,180.000,170.000,175.000,185.658,183.933,169.003,107.001,186.202,184.520,169.517,108.929,226.971,201.516,207.082,329.014,0.0000,0.0000,0.1450,0.9500,0.00,0.00,0.00,0.00
951.00,180.000,180.000,170.000,175.000,185.685,183.962,169.029,107.096,186.210,184.543,169.536,109.021,226.572,201.375,206.926,329.093,0.0000,0.0000,0.1450,0.9500,0.00,0.00,0.00,0.00
952.00,180.000,180.000,170.000,175.000,185.711,183.991,169.054,107.191,186.217,184.565,169.554,109.114,226.176,201.235,206.770,329.171,0.0000,0.0000,0.1430,0.9500,0.00,0.00,0.00,0.00
953.00,180.000,180.000,170.000,175.000,185.735,184.019,169.078,107.286,186.223,184.586,169.572,109.205,225.783,201.096,206.614,329.249,0.0000,0.0000,0.1430,0.9500,0.00,0.00,0.00,0.00
954.00,180.000,180.000,170.000,175.000,185.759,184.047,169.102,107.381,186.229,184.608,169.589,109.297,225.393,200.958,206.459,329.328,0.0000,0.0000,0.1430,0.9500,0.00,0.00,0.00,0.00
955.00,180.000,180.000,170.000,175.000,185.782,184.075,169.126,107.475,186.234,184.629,169.606,109.389,225.006,200.822,206.305,329.406,0.0000,0.0000,0.1431,0.9500,0.00,0.00,0.00,0.00
956.00,180.000,180.000,170.000,175.000,185.804,184.102,169.150,107.570,186.238,184.650,169.623,109.480,224.622,200.686,206.153,329.484,0.0000,0.0000,0.1411,0.9500,0.00,0.00,0.00,0.00
957.00,180.000,180.000,170.000,175.000,185.826,184.129,169.173,107.664,186.241,184.671,169.640,109.572,224.240,200.552,205.999,329.562,0.0000,0.0000,0.1411,0.9500,0.00,0.00,0.00,0.00
958.00,180.000,180.000,170.000,175.000,185.846,184.156,169.196,107.758,186.244,184.691,169.656,109.663,223.862,200.419,205.847,329.640,0.0000,0.0000,0.1411,0.9500,0.00,0.00,0.00,0.00
959.00,180.000,180.000,170.000,175.000,185.865,184.182,169.219,107.852,186.246,184.711,169.672,109.754,223.486,200.287,205.695,329.718,0.0000,0.0000,0.1411,0.9500,0.00,0.00,0.00,0.00
960.00,180.000,180.000,170.000,175.000,185.884,184.208,169.241,107.946,186.248,184.731,169.688,109.844,223.113,200.156,205.546,329.796,0.0000,0.0000,0.1411,0.9500,0.00,0.00,0.00,0.00
961.00,180.000,180.000,170.000,175.000,185.902,184.234,169.263,108.040,186.248,184.751,169.703,109.935,222.743,200.026,205.395,329.874,0.0000,0.0000,0.1391,0.9500,0.00,0.00,0.00,0.00
962.00,180.000,180.000,170.000,175.000,185.919,184.259,169.285,108.133,186.248,184.770,169.718,110.026,222.376,199.897,205.245,329.952,0.0000,0.0000,0.1391,0.9500,0.00,0.00,0.00,0.00
963.00,180.000,180.000,170.000,175.000,185.935,184.284,169.306,108.227,186.248,184.789,169.733,110.116,222.011,199.769,205.097,330.030,0.0000,0.0000,0.1392,0.9500,0.00,0.00,0.00,0.00
964.00,180.000,180.000,170.000,175.000,185.950,184.309,169.327,108.320,186.246,184.808,169.748,110.206,221.649,199.643,204.949,330.107,0.0000,0.0000,0.1392,0.9500,0.00,0.00,0.00,0.00
965.00,180.000,180.000,170.000,175.000,185.964,184.334,169.348,108.413,186.244,184.827,169.762,110.296,221.290,199.517,204.803,330.185,0.0000,0.0000,0.1392,0.9500,0.00,0.00,0.00,0.00
966.00,180.000,180.000,170.000,175.000,185.978,184.358,169.368,108.506,186.242,184.845,169.776,110.386,220.933,199.393,204.655,330.263,0.0000,0.0000,0.1372,0.9500,0.00,0.00,0.00,0.00
967.00,180.000,180.000,170.000,175.000,185.991,184.382,169.388,108.599,186.239,184.864,169.790,110.476,220.580,199.269,204.508,330.340,0.0000,0.0000,0.1372,0.9500,0.00,0.00,0.00,0.00
968.00,180.000,180.000,170.000,175.000,186.003,184.406,169.408,108.692,186.235,184.882,169.803,110.565,220.228,199.147,204.363,330.418,0.0000,0.0000,0.1372,0.9500,0.00,0.00,0.00,0.00
969.00,180.000,180.000,170.000,175.000,186.014,184.429,169.428,108.784,186.230,184.899,169.817,110.655,219.879,199.025,204.219,330.495,0.0000,0.0000,0.1372,0.9500,0.00,0.00,0.00,0.00
970.00,180.000,180.000,170.000,175.000,186.025,184.452,169.447,108.876,186.225,184.917,169.830,110.744,219.533,198.905,204.076,330.572,0.0000,0.0000,0.1372,0.9500,0.00,0.00,0.00,0.00
971.00,180.000,180.000,170.000,175.000,186.034,184.475,169.465,108.969,186.219,184.934,169.842,110.833,219.190,198.786,203.932,330.650,0.0000,0.0000,0.1352,0.9500,0.00,0.00,0.00,0.00
972.00,180.000,180.000,170.000,175.000,186.043,184.498,169.484,109.061,186.213,184.951,169.855,110.922,218.849,198.667,203.788,330.727,0.0000,0.0000,0.1352,0.9500,0.00,0.00,0.00,0.00
973.00,180.000,180.000,170.000,175.000,186.052,184.520,169.502,109.152,186.206,184.968,169.867,111.011,218.510,198.550,203.646,330.804,0.0000,0.0000,0.1353,0.9500,0.00,0.00,0.00,0.00
974.00,180.000,180.000,170.000,175.000,186.059,184.542,169.520,109.244,186.199,184.985,169.879,111.099,218.174,198.433,203.506,330.881,0.0000,0.0000,0.1353,0.9500,0.00,0.00,0.00,0.00
975.00,180.000,180.000,170.000,175.000,186.066,184.564,169.538,109.336,186.191,185.001,169.890,111.188,217.840,198.318,203.366,330.958,0.0000,0.0000,0.1353,0.9500,0.00,0.00,0.00,0.00
976.00,180.000,180.000,170.000,175.000,186.072,184.586,169.555,109.427,186.182,185.017,169.902,111.276,217.509,198.203,203.226,331.035,0.0000,0.0000,0.1333,0.9500,0.00,0.00,0.00,0.00
977.00,180.000,180.000,170.000,175.000,186.077,184.607,169.572,109.518,186.173,185.033,169.913,111.364,217.180,198.090,203.086,331.112,0.0000,0.0000,0.1333,0.9500,0.00,0.00,0.00,0.00
978.00,180.000,180.000,170.000,175.000,186.082,184.628,169.589,109.610,186.163,185.049,169.924,111.452,216.854,197.977,202.947,331.189,0.0000,0.0000,0.1333,0.9500,0.00,0.00,0.00,0.00
979.00,180.000,180.000,170.000,175.000,186.085,184.648,169.605,109.700,186.153,185.064,169.934,111.540,216.530,197.866,202.809,331.266,0.0000,0.0000,0.1333,0.9500,0.00,0.00,0.00,0.00
980.00,180.000,180.000,170.000,175.000,186.089,184.669,169.622,109.791,186.142,185.080,169.945,111.627,216.208,197.755,202.673,331.343,0.0000,0.0000,0.1333,0.9500,0.00,0.00,0.00,0.00
981.00,180.000,180.000,170.000,175.000,186.091,184.689,169.637,109.882,186.131,185.095,169.955,111.715,215.889,197.645,202.537,331.419,0.0000,0.0000,0.1333,0.9500,0.00,0.00,0.00,0.00
982.00,180.000,180.000,170.000,175.000,186.093,184.709,169.653,109.972,186.119,185.110,169.965,111.802,215.572,197.536,202.403,331.496,0.0000,0.0000,0.1313,0.9500,0.00,0.00,0.00,0.00
983.00,180.000,180.000,170.000,175.000,186.094,184.729,169.668,110.063,186.106,185.125,169.974,111.889,215.257,197.428,202.267,331.573,0.0000,0.0000,0.1313,0.9500,0.00,0.00,0.00,0.00
984.00,180.000,180.000,170.000,175.000,186.094,184.748,169.683,110.153,186.093,185.139,169.984,111.976,214.945,197.321,202.132,331.649,0.0000,0.0000,0.1313,0.9500,0.00,0.00,0.00,0.00
985.00,180.000,180.000,170.000,175.000,186.094,184.768,169.698,110.243,186.080,185.153,169.993,112.063,214.634,197.215,201.998,331.726,0.0000,0.0000,0.1313,0.9500,0.00,0.00,0.00,0.00
986.00,180.000,180.000,170.000,175.000,186.093,184.787,169.713,110.333,186.066,185.167,170.002,112.150,214.327,197.109,201.866,331.802,0.0000,0.0000,0.1313,0.9500,0.00,0.00,0.00,0.00
987.00,180.000,180.000,170.000,175.000,186.092,184.805,169.727,110.422,186.052,185.181,170.010,112.236,214.021,197.005,201.734,331.878,0.0000,0.0000,0.1313,0.9500,0.00,0.00,0.00,0.00
988.00,180.000,180.000,170.000,175.000,186.090,184.824,169.741,110.512,186.037,185.195,170.019,112.323,213.717,196.901,201.603,331.955,0.0000,0.0000,0.1314,0.9500,0.00,0.00,0.00,0.00
989.00,180.000,180.000,170.000,175.000,186.087,184.842,169.754,110.601,186.021,185.209,170.027,112.409,213.416,196.798,201.473,332.031,0.0000,0.0000,0.1294,0.9500,0.00,0.00,0.00,0.00
990.00,180.000,180.000,170.000,175.000,186.084,184.860,169.768,110.691,186.005,185.222,170.035,112.495,213.117,196.696,201.342,332.107,0.0000,0.0000,0.1294,0.9500,0.00,0.00,0.00,0.00
991.00,180.000,180.000,170.000,175.000,186.079,184.878,169.781,110.780,185.989,185.235,170.043,112.581,212.820,196.595,201.212,332.183,0.0000,0.0000,0.1294,0.9500,0.00,0.00,0.00,0.00
992.00,180.000,180.000,170.000,175.000,186.075,184.896,169.794,110.869,185.972,185.248,170.050,112.667,212.525,196.495,201.083,332.259,0.0000,0.0000,0.1294,0.9500,0.00,0.00,0.00,0.00
993.00,180.000,180.000,170.000,175.000,186.070,184.913,169.806,110.957,185.954,185.261,170.058,112.752,212.232,196.395,200.955,332.335,0.0000,0.0000,0.1294,0.9500,0.00,0.00,0.00,0.00
994.00,180.000,180.000,170.000,175.000,186.064,184.930,169.819,111.046,185.937,185.273,170.065,112.838,211.941,196.297,200.828,332.411,0.0000,0.0000,0.1294,0.9500,0.00,0.00,0.00,0.00
995.00,180.000,180.000,170.000,175.000,186.057,184.947,169.831,111.134,185.918,185.286,170.071,112.923,211.653,196.199,200.702,332.486,0.0000,0.0000,0.1294,0.9500,0.00,0.00,0.00,0.00
996.00,180.000,180.000,170.000,175.000,186.050,184.964,169.843,111.223,185.900,185.298,170.078,113.008,211.366,196.102,200.577,332.562,0.0000,0.0000,0.1294,0.9500,0.00,0.00,0.00,0.00
997.00,180.000,180.000,170.000,175.000,186.043,184.980,169.854,111.311,185.880,185.310,170.084,113.093,211.082,196.006,200.452,332.638,0.0000,0.0000,0.1274,0.9500,0.00,0.00,0.00,0.00
998.00,180.000,180.000,170.000,175.000,186.035,184.996,169.866,111.399,185.861,185.322,170.091,113.178,210.799,195.910,200.326,332.713,0.0000,0.0000,0.1274,0.9500,0.00,0.00,0.00,0.00
999.00,180.000,180.000,170.000,175.000,186.026,185.012,169.877,111.486,185.841,185.333,170.097,113.262,210.519,195.815,200.202,332.789,0.0000,0.0000,0.1274,0.9500,0.00,0.00,0.00,0.00
1000.00,180.000,180.000,170.000,175.000,186.017,185.028,169.887,111.574,185.820,185.345,170.102,113.347,210.240,195.721,200.078,332.864,0.0000,0.0000,0.1274,0.9500,0.00,0.00,0.00,0.00
1001.00,180.000,180.000,170.000,175.000,186.007,185.044,169.898,111.662,185.799,185.356,170.108,113.431,209.964,195.628,199.956,332.940,0.0000,0.0000,0.1274,0.9500,0.00,0.00,0.00,0.00
1002.00,180.000,180.000,170.000,175.000,185.996,185.059,169.908,111.749,185.778,185.367,170.113,113.515,209.689,195.536,199.834,333.015,0.0000,0.0000,0.1274,0.9500,0.00,0.00,0.00,0.00
1003.00,180.000,180.000,170.000,175.000,185.985,185.074,169.918,111.836,185.756,185.378,170.118,113.599,209.416,195.444,199.713,333.090,0.0000,0.0000,0.1274,0.9500,0.00,0.00,0.00,0.00
1004.00,180.000,180.000,170.000,175.000,185.974,185.089,169.928,111.923,185.734,185.389,170.123,113.683,209.146,195.353,199.594,333.165,0.0000,0.0000,0.1274,0.9500,0.00,0.00,0.00,0.00
1005.00,180.000,180.000,170.000,175.000,185.962,185.104,169.938,112.010,185.711,185.399,170.128,113.767,208.877,195.263,199.475,333.240,0.0000,0.0000,0.1274,0.9500,0.00,0.00,0.00,0.00
1006.00,180.000,180.000,170.000,175.000,185.950,185.118,169.947,112.097,185.688,185.410,170.132,113.850,208.610,195.173,199.357,333.315,0.0000,0.0000,0.1274,0.9500,0.00,0.00,0.00,0.00
1007.00,180.000,180.000,170.000,175.000,185.936,185.133,169.956,112.183,185.665,185.420,170.137,113.934,208.345,195.084,199.239,333.390,0.0000,0.0000,0.1254,0.9500,0.00,0.00,0.00,0.00
1008.00,180.000,180.000,170.000,175.000,185.923,185.147,169.965,112.270,185.641,185.430,170.141,114.017,208.082,194.996,199.120,333.465,0.0000,0.0000,0.1254,0.9500,0.00,0.00,0.00,0.00
1009.00,180.000,180.000,170.000,175.000,185.909,185.161,169.974,112.356,185.617,185.440,170.145,114.100,207.820,194.909,199.003,333.540,0.0000,0.0000,0.1254,0.9500,0.00,0.00,0.00,0.00
1010.00,180.000,180.000,170.000,175.000,185.894,185.175,169.982,112.442,185.593,185.450,170.149,114.183,207.561,194.822,198.886,333.615,0.0000,0.0000,0.1254,0.9500,0.00,0.00,0.00,0.00
1011.00,180.000,180.000,170.000,175.000,185.879,185.188,169.990,112.528,185.568,185.459,170.152,114.266,207.303,194.736,198.770,333.689,0.0000,0.0000,0.1254,0.9500,0.00,0.00,0.00,0.00
1012.00,180.000,180.000,170.000,175.000,185.864,185.201,169.998,112.614,185.543,185.469,170.155,114.348,207.047,194.651,198.656,333.764,0.0000,0.0000,0.1254,0.9500,0.00,0.00,0.00,0.00
1013.00,180.000,180.000,170.000,175.000,185.848,185.215,170.006,112.699,185.517,185.478,170.158,114.431,206.793,194.566,198.542,333.838,0.0000,0.0000,0.1254,0.9500,0.00,0.00,0.00,0.00
1014.00,180.000,180.000,170.000,175.000,185.831,185.227,170.013,112.785,185.491,185.487,170.161,114.513,206.540,194.482,198.428,333.913,0.0000,0.0000,0.1254,0.9500,0.00,0.00,0.00,0.00
1015.00,180.000,180.000,170.000,175.000,185.815,185.240,170.021,112.870,185.465,185.496,170.164,114.595,206.290,194.399,198.316,333.987,0.0000,0.0000,0.1254,0.9500,0.00,0.00,0.00,0.00
1016.00,180.000,180.000,170.000,175.000,185.797,185.253,170.028,112.955,185.438,185.505,170.167,114.677,206.041,194.316,198.205,334.061,0.0000,0.0000,0.1254,0.9500,0.00,0.00,0.00,0.00
1017.00,180.000,180.000,170.000,175.000,185.779,185.265,170.034,113.040,185.411,185.513,170.169,114.759,205.794,194.234,198.094,334.135,0.0000,0.0000,0.1254,0.9500,0.00,0.00,0.00,0.00
1018.00,180.000,180.000,170.000,175.000,185.761,185.277,170.041,113.125,185.384,185.522,170.171,114.841,205.548,194.153,197.985,334.210,0.0000,0.0000,0.1254,0.9500,0.00,0.00,0.00,0.00
1019.00,180.000,180.000,170.000,175.000,185.742,185.289,170.047,113.210,185.356,185.530,170.173,114.922,205.305,194.072,197.876,334.284,0.0000,0.0000,0.1254,0.9500,0.00,0.00,0.00,0.00
1020.00,180.000,180.000,170.000,175.000,185.723,185.301,170.054,113.294,185.328,185.538,170.175,115.004,205.062,193.992,197.767,334.357,0.0000,0.0000,0.1234,0.9500,0.00,0.00,0.00,0.00
1021.00,180.000,180.000,170.000,175.000,185.703,185.313,170.060,113.379,185.300,185.546,170.177,115.085,204.822,193.913,197.657,334.431,0.0000,0.0000,0.1234,0.9500,0.00,0.00,0.00,0.00
1022.00,180.000,180.000,170.000,175.000,185.683,185.324,170.065,113.463,185.271,185.554,170.178,115.166,204.583,193.834,197.548,334.505,0.0000,0.0000,0.1234,0.9500,0.00,0.00,0.00,0.00
1023.00,180.000,180.000,170.000,175.000,185.663,185.336,170.071,113.547,185.242,185.562,170.180,115.247,204.346,193.756,197.440,334.579,0.0000,0.0000,0.1234,0.9500,0.00,0.00,0.00,0.00
1024.00,180.000,180.000,170.000,175.000,185.642,185.347,170.076,113.631,185.213,185.569,170.181,115.328,204.111,193.678,197.333,334.653,0.0000,0.0000,0.1234,0.9500,0.00,0.00,0.00,0.00
1025.00,180.000,180.000,170.000,175.000,185.621,185.358,170.081,113.715,185.183,185.577,170.182,115.408,203.877,193.601,197.227,334.726,0.0000,0.0000,0.1234,0.9500,0.00,0.00,0.00,0.00
1026.00,180.000,180.000,170.000,175.000,185.599,185.369,170.086,113.798,185.153,185.584,170.183,115.489,203.644,193.525,197.121,334.800,0.0000,0.0000,0.1234,0.9500,0.00,0.00,0.00,0.00
1027.00,180.000,180.000,170.000,175.000,185.577,185.379,170.091,113.882,185.123,185.591,170.183,115.569,203.414,193.449,197.016,334.873,0.0000,0.0000,0.1234,0.9500,0.00,0.00,0.00,0.00
1028.00,180.000,180.000,170.000,175.000,185.554,185.390,170.095,113.965,185.092,185.598,170.184,115.649,203.185,193.374,196.912,334.946,0.0000,0.0000,0.1234,0.9500,0.00,0.00,0.00,0.00
1029.00,180.000,180.000,170.000,175.000,185.532,185.400,170.100,114.048,185.062,185.605,170.184,115.729,202.957,193.299,196.809,335.020,0.0000,0.0000,0.1234,0.9500,0.00,0.00,0.00,0.00
1030.00,180.000,180.000,170.000,175.000,185.508,185.410,170.104,114.131,185.031,185.611,170.184,115.809,202.731,193.225,196.707,335.093,0.0000,0.0000,0.1234,0.9500,0.00,0.00,0.00,0.00
1031.00,180.000,180.000,170.000,175.000,185.485,185.420,170.108,114.214,184.999,185.618,170.184,115.889,202.506,193.152,196.605,335.166,0.0000,0.0000,0.1234,0.9500,0.00,0.00,0.00,0.00
1032.00,180.000,180.000,170.000,175.000,185.460,185.430,170.112,114.297,184.968,185.624,170.184,115.968,202.283,193.079,196.504,335.239,0.0000,0.0000,0.1234,0.9500,0.00,0.00,0.00,0.00
1033.00,180.000,180.000,170.000,175.000,185.436,185.439,170.115,114.379,184.936,185.631,170.184,116.048,202.062,193.007,196.404,335.312,0.0000,0.0000,0.1234,0.9500,0.00,0.00,0.00,0.00
1034.00,180.000,180.000,170.000,175.000,185.411,185.449,170.118,114.461,184.903,185.637,170.183,116.127,201.842,192.935,196.305,335.385,0.0000,0.0000,0.1234,0.9500,0.00,0.00,0.00,0.00
1035.00,180.000,180.000,170.000,175.000,185.386,185.458,170.122,114.544,184.871,185.643,170.183,116.206,201.623,192.864,196.206,335.457,0.0000,0.0000,0.1234,0.9500,0.00,0.00,0.00,0.00
1036.00,180.000,180.000,170.000,175.000,185.361,185.467,170.125,114.626,184.838,185.649,170.182,116.285,201.406,192.793,196.108,335.530,0.0000,0.0000,0.1234,0.9500,0.00,0.00,0.00,0.00
1037.00,180.000,180.000,170.000,175.000,185.335,185.476,170.127,114.708,184.805,185.654,170.181,116.364,201.191,192.723,196.011,335.603,0.0000,0.0000,0.1234,0.9500,0.00,0.00,0.00,0.00
1038.00,180.000,180.000,170.000,175.000,185.308,185.485,170.130,114.789,184.772,185.660,170.180,116.443,200.977,192.653,195.915,335.675,0.0000,0.0000,0.1234,0.9500,0.00,0.00,0.00,0.00
1039.00,180.000,180.000,170.000,175.000,185.282,185.493,170.132,114.871,184.738,185.665,170.179,116.521,200.764,192.584,195.819,335.748,0.0000,0.0000,0.1234,0.9500,0.00,0.00,0.00,0.00
1040.00,180.000,180.000,170.000,175.000,185.255,185.502,170.135,114.952,184.705,185.671,170.177,116.599,200.553,192.516,195.724,335.820,0.0000,0.0000,0.1234,0.9500,0.00,0.00,0.00,0.00
1041.00,180.000,180.000,170.000,175.000,185.228,185.510,170.137,115.034,184.670,185.676,170.176,116.678,200.343,192.448,195.630,335.892,0.0000,0.0000,0.1234,0.9500,0.00,0.00,0.00,0.00
1042.00,180.000,180.000,170.000,175.000,185.200,185.518,170.139,115.115,184.636,185.681,170.174,116.756,200.134,192.380,195.537,335.964,0.0000,0.0000,0.1234,0.9500,0.00,0.00,0.00,0.00
1043.00,180.000,180.000,170.000,175.000,185.172,185.526,170.140,115.196,184.602,185.686,170.172,116.834,199.927,192.313,195.444,336.036,0.0000,0.0000,0.1234,0.9500,0.00,0.00,0.00,0.00
1044.00,180.000,180.000,170.000,175.000,185.144,185.534,170.142,115.277,184.567,185.691,170.170,116.911,199.722,192.247,195.352,336.109,0.0000,0.0000,0.1234,0.9500,0.00,0.00,0.00,0.00
1045.00,180.000,180.000,170.000,175.000,185.115,185.542,170.143,115.357,184.532,185.695,170.168,116.989,199.517,192.181,195.260,336.180,0.0000,0.0000,0.1234,0.9500,0.00,0.00,0.00,0.00
1046.00,180.000,180.000,170.000,175.000,185.086,185.549,170.144,115.438,184.497,185.700,170.166,117.067,199.314,192.115,195.169,336.252,0.0000,0.0000,0.1234,0.9500,0.00,0.00,0.00,0.00
1047.00,180.000,180.000,170.000,175.000,185.057,185.557,170.145,115.518,184.461,185.704,170.164,117.144,199.113,192.050,195.079,336.324,0.0000,0.0000,0.1234,0.9500,0.00,0.00,0.00,0.00
1048.00,180.000,180.000,170.000,175.000,185.028,185.564,170.146,115.599,184.426,185.708,170.161,117.221,198.912,191.986,194.990,336.396,0.0000,0.0000,0.1233,0.9500,0.00,0.00,0.00,0.00
1049.00,180.000,180.000,170.000,175.000,184.998,185.571,170.147,115.679,184.390,185.713,170.159,117.298,198.713,191.922,194.901,336.467,0.0000,0.0000,0.1233,0.9500,0.00,0.00,0.00,0.00
1050.00,180.000,180.000,170.000,175.000,184.968,185.578,170.147,115.759,184.354,185.717,170.156,117.375,198.516,191.858,194.813,336.539,0.0000,0.0000,0.1233,0.9500,0.00,0.00,0.00,0.00
1051.00,180.000,180.000,170.000,175.000,184.937,185.585,170.148,115.838,184.317,185.721,170.153,117.452,198.319,191.795,194.725,336.610,0.0000,0.0000,0.1233,0.9500,0.00,0.00,0.00,0.00
1052.00,180.000,180.000,170.000,175.000,184.907,185.591,170.148,115.918,184.281,185.724,170.150,117.529,198.124,191.733,194.639,336.682,0.0000,0.0000,0.1233,0.9500,0.00,0.00,0.00,0.00
1053.00,180.000,180.000,170.000,175.000,184.876,185.598,170.148,115.998,184.244,185.728,170.147,117.605,197.931,191.670,194.552,336.753,0.0000,0.0000,0.1233,0.9500,0.00,0.00,0.00,0.00
1054.00,180.000,180.000,170.000,175.000,184.844,185.604,170.148,116.077,184.207,185.732,170.144,117.681,197.738,191.609,194.467,336.824,0.0000,0.0000,0.1233,0.9500,0.00,0.00,0.00,0.00
1055.00,180.000,180.000,170.000,175.000,184.813,185.611,170.148,116.156,184.170,185.735,170.140,117.758,197.547,191.547,194.382,336.895,0.0000,0.0000,0.1233,0.9500,0.00,0.00,0.00,0.00
1056.00,180.000,180.000,170.000,175.000,184.781,185.617,170.147,116.235,184.133,185.738,170.137,117.834,197.357,191.487,194.298,336.966,0.0000,0.0000,0.1233,0.9500,0.00,0.00,0.00,0.00
1057.00,180.000,180.000,170.000,175.000,184.749,185.623,170.147,116.314,184.095,185.741,170.133,117.909,197.168,191.426,194.214,337.037,0.0000,0.0000,0.1233,0.9500,0.00,0.00,0.00,0.00
1058.00,180.000,180.000,170.000,175.000,184.717,185.628,170.146,116.393,184.058,185.745,170.129,117.985,196.980,191.366,194.131,337.108,0.0000,0.0000,0.1233,0.9500,0.00,0.00,0.00,0.00
1059.00,180.000,180.000,170.000,175.000,184.684,185.634,170.145,116.471,184.020,185.748,170.126,118.061,196.794,191.307,194.048,337.179,0.0000,0.0000,0.1233,0.9500,0.00,0.00,0.00,0.00
1060.00,180.000,180.000,170.000,175.000,184.651,185.640,170.144,116.550,183.982,185.750,170.122,118.136,196.609,191.248,193.967,337.249,0.0000,0.0000,0.1233,0.9500,0.00,0.00,0.00,0.00
1061.00,180.000,180.000,170.000,175.000,184.618,185.645,170.143,116.628,183.943,185.753,170.118,118.212,196.425,191.189,193.885,337.320,0.0000,0.0000,0.1233,0.9500,0.00,0.00,0.00,0.00
1062.00,180.000,180.000,170.000,175.000,184.585,185.650,170.142,116.706,183.905,185.756,170.113,118.287,196.242,191.131,193.805,337.391,0.0000,0.0000,0.1233,0.9500,0.00,0.00,0.00,0.00
1063.00,180.000,180.000,170.000,175.000,184.551,185.656,170.140,116.784,183.866,185.758,170.109,118.362,196.060,191.073,193.725,337.461,0.0000,0.0000,0.1233,0.9500,0.00,0.00,0.00,0.00
1064.00,180.000,180.000,170.000,175.000,184.517,185.661,170.139,116.862,183.828,185.761,170.105,118.437,195.880,191.016,193.645,337.531,0.0000,0.0000,0.1233,0.9500,0.00,0.00,0.00,0.00
1065.00,180.000,180.000,170.000,175.000,184.483,185.666,170.137,116.940,183.789,185.763,170.100,118.512,195.701,190.959,193.566,337.602,0.0000,0.0000,0.1233,0.9500,0.00,0.00,0.00,0.00
1066.00,180.000,180.000,170.000,175.000,184.449,185.670,170.135,117.017,183.749,185.765,170.096,118.586,195.523,190.903,193.488,337.672,0.0000,0.0000,0.1233,0.9500,0.00,0.00,0.00,0.00
1067.00,180.000,180.000,170.000,175.000,184.414,185.675,170.133,117.095,183.710,185.767,170.091,118.661,195.346,190.847,193.410,337.742,0.0000,0.0000,0.1233,0.9500,0.00,0.00,0.00,0.00
1068.00,180.000,180.000,170.000,175.000,184.379,185.680,170.131,117.172,183.671,185.769,170.086,118.735,195.170,190.791,193.333,337.812,0.0000,0.0000,0.1233,0.9500,0.00,0.00,0.00,0.00
1069.00,180.000,180.000,170.000,175.000,184.344,185.684,170.129,117.249,183.631,185.771,170.081,118.809,194.995,190.736,193.256,337.882,0.0000,0.0000,0.1233,0.9500,0.00,0.00,0.00,0.00
1070.00,180.000,180.000,170.000,175.000,184.309,185.688,170.126,117.326,183.591,185.773,170.076,118.883,194.822,190.681,193.180,337.951,0.0000,0.0000,0.1233,0.9500,0.00,0.00,0.00,0.00
1071.00,180.000,180.000,170.000,175.000,184.274,185.692,170.124,117.403,183.551,185.774,170.071,118.957,194.649,190.626,193.105,338.021,0.0000,0.0000,0.1233,0.9500,0.00,0.00,0.00,0.00
1072.00,180.000,180.000,170.000,175.000,184.238,185.696,170.121,117.480,183.511,185.776,170.066,119.031,194.478,190.572,193.029,338.091,0.0000,0.0000,0.1233,0.9500,0.00,0.00,0.00,0.00
1073.00,180.000,180.000,170.000,175.000,184.202,185.700,170.119,117.556,183.471,185.777,170.061,119.105,194.307,190.518,192.955,338.160,0.0000,0.0000,0.1233,0.9500,0.00,0.00,0.00,0.00
1074.00,180.000,180.000,170.000,175.000,184.166,185.704,170.116,117.633,183.431,185.779,170.055,119.178,194.138,190.465,192.881,338.230,0.0000,0.0000,0.1233,0.9500,0.00,0.00,0.00,0.00
1075.00,180.000,180.000,170.000,175.000,184.129,185.708,170.113,117.709,183.390,185.780,170.050,119.252,193.970,190.412,192.808,338.299,0.0000,0.0000,0.1233,0.9500,0.00,0.00,0.00,0.00
1076.00,180.000,180.000,170.000,175.000,184.093,185.711,170.109,117.785,183.350,185.781,170.044,119.325,193.803,190.359,192.735,338.368,0.0000,0.0000,0.1233,0.9500,0.00,0.00,0.00,0.00
1077.00,180.000,180.000,170.000,175.000,184.056,185.715,170.106,117.861,183.309,185.782,170.038,119.398,193.637,190.307,192.662,338.438,0.0000,0.0000,0.1233,0.9500,0.00,0.00,0.00,0.00
1078.00,180.000,180.000,170.000,175.000,184.019,185.718,170.103,117.937,183.268,185.783,170.033,119.471,193.472,190.255,192.591,338.507,0.0000,0.0000,0.1233,0.9500,0.00,0.00,0.00,0.00
1079.00,180.000,180.000,170.000,175.000,183.982,185.721,170.099,118.013,183.227,185.784,170.027,119.544,193.308,190.204,192.519,338.576,0.0000,0.0000,0.1233,0.9500,0.00,0.00,0.00,0.00
1080.00,180.000,180.000,170.000,175.000,183.945,185.724,170.096,118.088,183.186,185.784,170.021,119.616,193.145,190.153,192.448,338.645,0.0000,0.0000,0.1233,0.9500,0.00,0.00,0.00,0.00
1081.00,180.000,180.000,170.000,175.000,183.907,185.727,170.092,118.164,183.144,185.785,170.015,119.689,192.983,190.102,192.378,338.713,0.0000,0.0000,0.1233,0.9500,0.00,0.00,0.00,0.00
1082.00,180.000,180.000,170.000,175.000,183.869,185.730,170.088,118.239,183.103,185.785,170.008,119.761,192.822,190.051,192.308,338.782,0.0000,0.0000,0.1233,0.9500,0.00,0.00,0.00,0.00
1083.00,180.000,180.000,170.000,175.000,183.832,185.733,170.084,118.314,183.061,185.786,170.002,119.834,192.662,190.001,192.239,338.851,0.0000,0.0000,0.1233,0.9500,0.00,0.00,0.00,0.00
1084.00,180.000,180.000,170.000,175.000,183.793,185.735,170.080,118.389,183.020,185.786,169.996,119.906,192.503,189.951,192.170,338.919,0.0000,0.0000,0.1233,0.9500,0.00,0.00,0.00,0.00
1085.00,180.000,180.000,170.000,175.000,183.755,185.738,170.076,118.464,182.978,185.786,169.990,119.978,192.345,189.902,192.102,338.988,0.0000,0.0000,0.1233,0.9500,0.00,0.00,0.00,0.00
1086.00,180.000,180.000,170.000,175.000,183.717,185.740,170.072,118.539,182.936,185.786,169.983,120.050,192.188,189.853,192.034,339.056,0.0000,0.0000,0.1233,0.9500,0.00,0.00,0.00,0.00
1087.00,180.000,180.000,170.000,175.000,183.678,185.742,170.067,118.613,182.894,185.787,169.977,120.121,192.032,189.804,191.966,339.125,0.0000,0.0000,0.1233,0.9500,0.00,0.00,0.00,0.00
1088.00,180.000,180.000,170.000,175.000,183.639,185.745,170.063,118.688,182.852,185.786,169.970,120.193,191.877,189.756,191.899,339.193,0.0000,0.0000,0.1233,0.9500,0.00,0.00,0.00,0.00
1089.00,180.000,180.000,170.000,175.000,183.601,185.747,170.058,118.762,182.810,185.786,169.963,120.265,191.723,189.708,191.833,339.261,0.0000,0.0000,0.1233,0.9500,0.00,0.00,0.00,0.00
1090.00,180.000,180.000,170.000,175.000,183.561,185.748,170.053,118.836,182.767,185.786,169.956,120.336,191.570,189.660,191.767,339.329,0.0000,0.0000,0.1233,0.9500,0.00,0.00,0.00,0.00
1091.00,180.000,180.000,170.000,175.000,183.522,185.750,170.049,118.910,182.725,185.786,169.949,120.407,191.418,189.612,191.703,339.397,0.0000,0.0000,0.1253,0.9500,0.00,0.00,0.00,0.00
1092.00,180.000,180.000,170.000,175.000,183.483,185.752,170.044,118.984,182.682,185.785,169.943,120.478,191.267,189.565,191.640,339.465,0.0000,0.0000,0.1253,0.9500,0.00,0.00,0.00,0.00
1093.00,180.000,180.000,170.000,175.000,183.443,185.754,170.039,119.058,182.640,185.785,169.935,120.549,191.116,189.519,191.578,339.533,0.0000,0.0000,0.1253,0.9500,0.00,0.00,0.00,0.00
1094.00,180.000,180.000,170.000,175.000,183.403,185.755,170.034,119.132,182.597,185.784,169.928,120.620,190.967,189.472,191.516,339.600,0.0000,0.0000,0.1253,0.9500,0.00,0.00,0.00,0.00
1095.00,180.000,180.000,170.000,175.000,183.364,185.757,170.028,119.205,182.554,185.783,169.921,120.691,190.818,189.426,191.455,339.668,0.0000,0.0000,0.1253,0.9500,0.00,0.00,0.00,0.00
1096.00,180.000,180.000,170.000,175.000,183.324,185.758,170.023,119.278,182.511,185.782,169.914,120.761,190.671,189.380,191.394,339.735,0.0000,0.0000,0.1253,0.9500,0.00,0.00,0.00,0.00
1097.00,180.000,180.000,170.000,175.000,183.283,185.759,170.018,119.352,182.468,185.782,169.907,120.832,190.524,189.334,191.334,339.803,0.0000,0.0000,0.1253,0.9500,0.00,0.00,0.00,0.00
1098.00,180.000,180.000,170.000,175.000,183.243,185.760,170.012,119.425,182.425,185.781,169.899,120.902,190.378,189.289,191.274,339.870,0.0000,0.0000,0.1253,0.9500,0.00,0.00,0.00,0.00
1099.00,180.000,180.000,170.000,175.000,183.203,185.761,170.007,119.498,182.382,185.779,169.892,120.972,190.233,189.244,191.214,339.937,0.0000,0.0000,0.1253,0.9500,0.00,0.00,0.00,0.00
1100.00,180.000,180.000,170.000,175.000,183.162,185.762,170.001,119.570,182.338,185.778,169.884,121.042,190.089,189.199,191.155,340.004,0.0000,0.0000,0.1253,0.9500,0.00,0.00,0.00,0.00
1101.00,180.000,180.000,170.000,175.000,183.121,185.763,169.995,119.643,182.295,185.777,169.877,121.112,189.946,189.155,191.096,340.071,0.0000,0.0000,0.1253,0.9500,0.00,0.00,0.00,0.00
1102.00,180.000,180.000,170.000,175.000,183.081,185.763,169.989,119.715,182.252,185.776,169.869,121.182,189.804,189.111,191.038,340.138,0.0000,0.0000,0.1253,0.9500,0.00,0.00,0.00,0.00
1103.00,180.000,180.000,170.000,175.000,183.040,185.764,169.983,119.788,182.208,185.774,169.862,121.252,189.662,189.067,190.980,340.205,0.0000,0.0000,0.1253,0.9500,0.00,0.00,0.00,0.00
1104.00,180.000,180.000,170.000,175.000,182.999,185.764,169.977,119.860,182.164,185.773,169.854,121.321,189.522,189.024,190.922,340.272,0.0000,0.0000,0.1253,0.9500,0.00,0.00,0.00,0.00
1105.00,180.000,180.000,170.000,175.000,182.957,185.765,169.971,119.932,182.121,185.771,169.846,121.390,189.382,188.980,190.865,340.339,0.0000,0.0000,0.1253,0.9500,0.00,0.00,0.00,0.00
1106.00,180.000,180.000,170.000,175.000,182.916,185.765,169.965,120.004,182.077,185.769,169.838,121.460,189.243,188.937,190.808,340.405,0.0000,0.0000,0.1253,0.9500,0.00,0.00,0.00,0.00
1107.00,180.000,180.000,170.000,175.000,182.874,185.765,169.959,120.076,182.033,185.768,169.830,121.529,189.105,188.895,190.752,340.472,0.0000,0.0000,0.1253,0.9500,0.00,0.00,0.00,0.00
1108.00,180.000,180.000,170.000,175.000,182.833,185.765,169.952,120.148,181.989,185.766,169.822,121.598,188.967,188.852,190.696,340.538,0.0000,0.0000,0.1253,0.9500,0.00,0.00,0.00,0.00
1109.00,180.000,180.000,170.000,175.000,182.791,185.765,169.946,120.219,181.945,185.764,169.814,121.667,188.831,188.810,190.641,340.604,0.0000,0.0000,0.1273,0.9500,0.00,0.00,0.00,0.00
1110.00,180.000,180.000,170.000,175.000,182.749,185.765,169.939,120.291,181.901,185.762,169.806,121.735,188.695,188.768,190.588,340.671,0.0000,0.0000,0.1273,0.9500,0.00,0.00,0.00,0.00
1111.00,180.000,180.000,170.000,175.000,182.707,185.765,169.933,120.362,181.857,185.760,169.798,121.804,188.560,188.726,190.536,340.737,0.0000,0.0000,0.1273,0.9500,0.00,0.00,0.00,0.00
1112.00,180.000,180.000,170.000,175.000,182.665,185.765,169.926,120.433,181.813,185.757,169.790,121.873,188.426,188.685,190.484,340.803,0.0000,0.0000,0.1273,0.9500,0.00,0.00,0.00,0.00
1113.00,180.000,180.000,170.000,175.000,182.623,185.764,169.919,120.504,181.769,185.755,169.782,121.941,188.293,188.644,190.432,340.869,0.0000,0.0000,0.1273,0.9500,0.00,0.00,0.00,0.00
1114.00,180.000,180.000,170.000,175.000,182.581,185.764,169.912,120.575,181.724,185.753,169.773,122.009,188.161,188.603,190.381,340.935,0.0000,0.0000,0.1273,0.9500,0.00,0.00,0.00,0.00
1115.00,180.000,180.000,170.000,175.000,182.539,185.763,169.906,120.646,181.680,185.750,169.765,122.077,188.029,188.562,190.330,341.000,0.0000,0.0000,0.1273,0.9500,0.00,0.00,0.00,0.00
1116.00,180.000,180.000,170.000,175.000,182.496,185.763,169.899,120.717,181.636,185.748,169.757,122.145,187.898,188.522,190.279,341.066,0.0000,0.0000,0.1273,0.9500,0.00,0.00,0.00,0.00
1117.00,180.000,180.000,170.000,175.000,182.454,185.762,169.892,120.787,181.591,185.745,169.748,122.213,187.768,188.482,190.229,341.132,0.0000,0.0000,0.1273,0.9500,0.00,0.00,0.00,0.00
1118.00,180.000,180.000,170.000,175.000,182.411,185.761,169.885,120.858,181.547,185.742,169.740,122.281,187.638,188.442,190.179,341.197,0.0000,0.0000,0.1273,0.9500,0.00,0.00,0.00,0.00
1119.00,180.000,180.000,170.000,175.000,182.368,185.760,169.877,120.928,181.502,185.740,169.731,122.349,187.510,188.403,190.129,341.263,0.0000,0.0000,0.1273,0.9500,0.00,0.00,0.00,0.00
1120.00,180.000,180.000,170.000,175.000,182.326,185.759,169.870,120.998,181.457,185.737,169.723,122.416,187.382,188.363,190.080,341.328,0.0000,0.0000,0.1273,0.9500,0.00,0.00,0.00,0.00
1121.00,180.000,180.000,170.000,175.000,182.283,185.758,169.863,121.068,181.413,185.734,169.714,122.484,187.254,188.324,190.031,341.393,0.0000,0.0000,0.1273,0.9500,0.00,0.00,0.00,0.00
1122.00,180.000,180.000,170.000,175.000,182.240,185.757,169.855,121.138,181.368,185.731,169.705,122.551,187.128,188.285,189.982,341.458,0.0000,0.0000,0.1273,0.9500,0.00,0.00,0.00,0.00
1123.00,180.000,180.000,170.000,175.000,182.197,185.755,169.848,121.208,181.323,185.728,169.697,122.618,187.002,188.247,189.935,341.523,0.0000,0.0000,0.1293,0.9500,0.00,0.00,0.00,0.00
1124.00,180.000,180.000,170.000,175.000,182.154,185.754,169.841,121.277,181.278,185.725,169.688,122.685,186.877,188.208,189.889,341.588,0.0000,0.0000,0.1293,0.9500,0.00,0.00,0.00,0.00
1125.00,180.000,180.000,170.000,175.000,182.110,185.753,169.833,121.347,181.233,185.721,169.679,122.752,186.753,188.170,189.844,341.653,0.0000,0.0000,0.1293,0.9500,0.00,0.00,0.00,0.00
1126.00,180.000,180.000,170.000,175.000,182.067,185.751,169.825,121.416,181.189,185.718,169.670,122.819,186.630,188.132,189.799,341.718,0.0000,0.0000,0.1293,0.9500,0.00,0.00,0.00,0.00
1127.00,180.000,180.000,170.000,175.000,182.024,185.749,169.818,121.485,181.144,185.715,169.662,122.885,186.507,188.094,189.754,341.782,0.0000,0.0000,0.1293,0.9500,0.00,0.00,0.00,0.00
1128.00,180.000,180.000,170.000,175.000,181.980,185.748,169.810,121.554,181.099,185.711,169.653,122.952,186.385,188.057,189.710,341.847,0.0000,0.0000,0.1293,0.9500,0.00,0.00,0.00,0.00
1129.00,180.000,180.000,170.000,175.000,181.937,185.746,169.802,121.623,181.054,185.708,169.644,123.018,186.263,188.019,189.666,341.912,0.0000,0.0000,0.1293,0.9500,0.00,0.00,0.00,0.00
1130.00,180.000,180.000,170.000,175.000,181.893,185.744,169.794,121.692,181.009,185.704,169.635,123.084,186.142,187.982,189.622,341.976,0.0000,0.0000,0.1293,0.9500,0.00,0.00,0.00,0.00
1131.00,180.000,180.000,170.000,175.000,181.849,185.742,169.787,121.761,180.963,185.701,169.626,123.151,186.022,187.945,189.579,342.040,0.0000,0.0000,0.1293,0.9500,0.00,0.00,0.00,0.00
1132.00,180.000,180.000,170.000,175.000,181.805,185.740,169.779,121.830,180.918,185.697,169.617,123.217,185.903,187.909,189.535,342.104,0.0000,0.0000,0.1293,0.9500,0.00,0.00,0.00,0.00
1133.00,180.000,180.000,170.000,175.000,181.762,185.738,169.771,121.898,180.873,185.693,169.608,123.283,185.784,187.872,189.492,342.169,0.0000,0.0000,0.1293,0.9500,0.00,0.00,0.00,0.00
1134.00,180.000,180.000,170.000,175.000,181.718,185.736,169.763,121.966,180.828,185.689,169.599,123.348,185.666,187.836,189.450,342.233,0.0000,0.0000,0.1293,0.9500,0.00,0.00,0.00,0.00
1135.00,180.000,180.000,170.000,175.000,181.674,185.733,169.754,122.035,180.783,185.685,169.590,123.414,185.549,187.800,189.407,342.297,0.0000,0.0000,0.1293,0.9500,0.00,0.00,0.00,0.00
1136.00,180.000,180.000,170.000,175.000,181.630,185.731,169.746,122.103,180.738,185.681,169.581,123.480,185.432,187.764,189.366,342.360,0.0000,0.0000,0.1313,0.9500,0.00,0.00,0.00,0.00
1137.00,180.000,180.000,170.000,175.000,181.586,185.728,169.738,122.171,180.692,185.677,169.572,123.545,185.316,187.729,189.327,342.424,0.0000,0.0000,0.1314,0.9500,0.00,0.00,0.00,0.00
1138.00,180.000,180.000,170.000,175.000,181.542,185.726,169.730,122.238,180.647,185.673,169.562,123.610,185.201,187.693,189.288,342.488,0.0000,0.0000,0.1314,0.9500,0.00,0.00,0.00,0.00
1139.00,180.000,180.000,170.000,175.000,181.497,185.723,169.722,122.306,180.602,185.669,169.553,123.676,185.086,187.658,189.249,342.551,0.0000,0.0000,0.1314,0.9500,0.00,0.00,0.00,0.00
1140.00,180.000,180.000,170.000,175.000,181.453,185.720,169.713,122.374,180.556,185.664,169.544,123.741,184.972,187.623,189.210,342.615,0.0000,0.0000,0.1314,0.9500,0.00,0.00,0.00,0.00
1141.00,180.000,180.000,170.000,175.000,181.409,185.718,169.705,122.441,180.511,185.660,169.535,123.806,184.858,187.588,189.172,342.678,0.0000,0.0000,0.1314,0.9500,0.00,0.00,0.00,0.00
1142.00,180.000,180.000,170.000,175.000,181.365,185.715,169.697,122.509,180.466,185.655,169.526,123.871,184.746,187.554,189.134,342.742,0.0000,0.0000,0.1314,0.9500,0.00,0.00,0.00,0.00
1143.00,180.000,180.000,170.000,175.000,181.320,185.712,169.688,122.576,180.420,185.651,169.516,123.935,184.633,187.519,189.096,342.805,0.0000,0.0000,0.1314,0.9500,0.00,0.00,0.00,0.00
1144.00,180.000,180.000,170.000,175.000,181.276,185.709,169.680,122.643,180.375,185.646,169.507,124.000,184.522,187.485,189.058,342.868,0.0000,0.0000,0.1314,0.9500,0.00,0.00,0.00,0.00
1145.00,180.000,180.000,170.000,175.000,181.231,185.706,169.671,122.710,180.330,185.642,169.498,124.064,184.411,187.451,189.021,342.931,0.0000,0.0000,0.1314,0.9500,0.00,0.00,0.00,0.00
1146.00,180.000,180.000,170.000,175.000,181.187,185.703,169.662,122.777,180.284,185.637,169.488,124.129,184.300,187.417,188.984,342.994,0.0000,0.0000,0.1314,0.9500,0.00,0.00,0.00,0.00
1147.00,180.000,180.000,170.000,175.000,181.142,185.699,169.654,122.843,180.239,185.632,169.479,124.193,184.191,187.383,188.947,343.057,0.0000,0.0000,0.1314,0.9500,0.00,0.00,0.00,0.00
1148.00,180.000,180.000,170.000,175.000,181.097,185.696,169.645,122.910,180.193,185.627,169.470,124.257,184.081,187.350,188.911,343.119,0.0000,0.0000,0.1334,0.9500,0.00,0.00,0.00,0.00
1149.00,180.000,180.000,170.000,175.000,181.053,185.693,169.637,122.977,180.148,185.622,169.460,124.321,183.973,187.317,188.877,343.182,0.0000,0.0000,0.1334,0.9500,0.00,0.00,0.00,0.00
1150.00,180.000,180.000,170.000,175.000,181.008,185.689,169.628,123.043,180.102,185.617,169.451,124.385,183.865,187.284,188.844,343.245,0.0000,0.0000,0.1334,0.9500,0.00,0.00,0.00,0.00
1151.00,180.000,180.000,170.000,175.000,180.963,185.685,169.619,123.109,180.057,185.612,169.441,124.449,183.758,187.251,188.810,343.307,0.0000,0.0000,0.1334,0.9500,0.00,0.00,0.00,0.00
1152.00,180.000,180.000,170.000,175.000,180.919,185.682,169.610,123.175,180.011,185.607,169.432,124.513,183.651,187.218,188.777,343.370,0.0000,0.0000,0.1334,0.9500,0.00,0.00,0.00,0.00
1153.00,180.000,180.000,170.000,175.000,180.874,185.678,169.601,123.241,179.966,185.602,169.423,124.576,183.545,187.185,188.743,343.432,0.0000,0.0000,0.1334,0.9500,0.00,0.00,0.00,0.00
1154.00,180.000,180.000,170.000,175.000,180.829,185.674,169.593,123.307,179.920,185.597,169.413,124.640,183.439,187.153,188.710,343.494,0.0000,0.0000,0.1335,0.9500,0.00,0.00,0.00,0.00
1155.00,180.000,180.000,170.000,175.000,180.784,185.671,169.584,123.373,179.875,185.591,169.404,124.703,183.334,187.121,188.678,343.556,0.0000,0.0000,0.1335,0.9500,0.00,0.00,0.00,0.00
1156.00,180.000,180.000,170.000,175.000,180.739,185.667,169.575,123.439,179.829,185.586,169.394,124.766,183.230,187.088,188.645,343.618,0.0000,0.0000,0.1335,0.9500,0.00,0.00,0.00,0.00
1157.00,180.000,180.000,170.000,175.000,180.694,185.663,169.566,123.504,179.784,185.581,169.385,124.830,183.126,187.057,188.613,343.680,0.0000,0.0000,0.1335,0.9500,0.00,0.00,0.00,0.00
1158.00,180.000,180.000,170.000,175.000,180.649,185.659,169.557,123.570,179.738,185.575,169.375,124.893,183.022,187.025,188.581,343.742,0.0000,0.0000,0.1335,0.9500,0.00,0.00,0.00,0.00
1159.00,180.000,180.000,170.000,175.000,180.604,185.654,169.548,123.635,179.693,185.570,169.366,124.956,182.920,186.993,188.549,343.804,0.0000,0.0000,0.1355,0.9500,0.00,0.00,0.00,0.00
1160.00,180.000,180.000,170.000,175.000,180.559,185.650,169.539,123.700,179.647,185.564,169.356,125.018,182.817,186.962,188.519,343.865,0.0000,0.0000,0.1355,0.9500,0.00,0.00,0.00,0.00
1161.00,180.000,180.000,170.000,175.000,180.514,185.646,169.530,123.765,179.602,185.558,169.347,125.081,182.716,186.930,188.490,343.927,0.0000,0.0000,0.1355,0.9500,0.00,0.00,0.00,0.00
1162.00,180.000,180.000,170.000,175.000,180.469,185.642,169.521,123.830,179.556,185.552,169.337,125.144,182.614,186.899,188.461,343.988,0.0000,0.0000,0.1355,0.9500,0.00,0.00,0.00,0.00
1163.00,180.000,180.000,170.000,175.000,180.424,185.637,169.512,123.895,179.511,185.547,169.328,125.206,182.514,186.868,188.432,344.050,0.0000,0.0000,0.1355,0.9500,0.00,0.00,0.00,0.00
1164.00,180.000,180.000,170.000,175.000,180.379,185.633,169.503,123.960,179.465,185.541,169.318,125.268,182.414,186.838,188.404,344.111,0.0000,0.0000,0.1355,0.9500,0.00,0.00,0.00,0.00
1165.00,180.000,180.000,170.000,175.000,180.334,185.628,169.494,124.024,179.420,185.535,169.309,125.331,182.314,186.807,188.375,344.172,0.0000,0.0000,0.1355,0.9500,0.00,0.00,0.00,0.00
1166.00,180.000,180.000,170.000,175.000,180.289,185.623,169.484,124.089,179.374,185.529,169.299,125.393,182.215,186.776,188.347,344.233,0.0000,0.0000,0.1355,0.9500,0.00,0.00,0.00,0.00
1167.00,180.000,180.000,170.000,175.000,180.243,185.619,169.475,124.153,179.329,185.523,169.289,125.455,182.117,186.746,188.319,344.294,0.0000,0.0000,0.1356,0.9500,0.00,0.00,0.00,0.00
1168.00,180.000,180.000,170.000,175.000,180.198,185.614,169.466,124.217,179.283,185.517,169.280,125.517,182.019,186.716,188.291,344.355,0.0000,0.0000,0.1356,0.9500,0.00,0.00,0.00,0.00
1169.00,180.000,180.000,170.000,175.000,180.153,185.609,169.457,124.282,179.238,185.510,169.270,125.579,181.921,186.686,188.263,344.416,0.0000,0.0000,0.1356,0.9500,0.00,0.00,0.00,0.00
1170.00,180.000,180.000,170.000,175.000,180.108,185.604,169.448,124.346,179.192,185.504,169.261,125.640,181.824,186.656,188.236,344.477,0.0000,0.0000,0.1376,0.9500,0.00,0.00,0.00,0.00
1171.00,180.000,180.000,170.000,175.000,180.063,185.599,169.438,124.409,179.147,185.498,169.251,125.702,181.728,186.626,188.211,344.538,0.0000,0.0000,0.1376,0.9500,0.00,0.00,0.00,0.00
1172.00,180.000,180.000,170.000,175.000,180.017,185.594,169.429,124.473,179.101,185.492,169.242,125.763,181.632,186.597,188.186,344.598,0.0000,0.0000,0.1376,0.9500,0.00,0.00,0.00,0.00
1173.00,180.000,180.000,170.000,175.000,179.972,185.589,169.420,124.537,179.056,185.485,169.232,125.825,181.537,186.567,188.161,344.659,0.0000,0.0000,0.1376,0.9500,0.00,0.00,0.00,0.00
1174.00,180.000,180.000,170.000,175.000,179.927,185.584,169.411,124.601,179.011,185.479,169.223,125.886,181.447,186.538,188.137,344.719,0.0066,0.0000,0.1376,0.9500,0.00,0.00,0.00,0.00
1175.00,180.000,180.000,170.000,175.000,179.882,185.579,169.401,124.664,178.965,185.472,169.213,125.947,181.362,186.509,188.112,344.779,0.0066,0.0000,0.1376,0.9500,0.00,0.00,0.00,0.00
1176.00,180.000,180.000,170.000,175.000,179.836,185.574,169.392,124.727,178.920,185.466,169.204,126.008,181.282,186.480,188.088,344.840,0.0132,0.0000,0.1376,0.9500,0.00,0.00,0.00,0.00
1177.00,180.000,180.000,170.000,175.000,179.791,185.568,169.383,124.791,178.875,185.459,169.194,126.069,181.205,186.451,188.064,344.900,0.0132,0.0000,0.1377,0.9500,0.00,0.00,0.00,0.00
1178.00,180.000,180.000,170.000,175.000,179.746,185.563,169.373,124.854,178.830,185.452,169.184,126.130,181.130,186.422,188.040,344.960,0.0198,0.0000,0.1377,0.9500,0.00,0.00,0.00,0.00
1179.00,180.000,180.000,170.000,175.000,179.701,185.557,169.364,124.917,178.784,185.446,169.175,126.191,181.061,186.393,188.016,345.020,0.0198,0.0000,0.1377,0.9500,0.00,0.00,0.00,0.00
1180.00,180.000,180.000,170.000,175.000,179.655,185.552,169.355,124.980,178.739,185.439,169.165,126.251,180.994,186.365,187.992,345.080,0.0198,0.0000,0.1377,0.9500,0.00,0.00,0.00,0.00
1181.00,180.000,180.000,170.000,175.000,179.610,185.546,169.345,125.042,178.694,185.432,169.156,126.312,180.936,186.336,187.970,345.139,0.0264,0.0000,0.1397,0.9500,0.00,0.00,0.00,0.00
1182.00,180.000,180.000,170.000,175.000,179.565,185.541,169.336,125.105,178.649,185.425,169.146,126.372,180.879,186.308,187.949,345.199,0.0264,0.0000,0.1397,0.9500,0.00,0.00,0.00,0.00
1183.00,180.000,180.000,170.000,175.000,179.520,185.535,169.327,125.168,178.604,185.418,169.137,126.433,180.825,186.280,187.928,345.259,0.0330,0.0000,0.1397,0.9500,0.00,0.00,0.00,0.00
1184.00,180.000,180.000,170.000,175.000,179.475,185.529,169.317,125.230,178.560,185.411,169.127,126.493,180.776,186.252,187.908,345.318,0.0330,0.0000,0.1397,0.9500,0.00,0.00,0.00,0.00
1185.00,180.000,180.000,170.000,175.000,179.429,185.523,169.308,125.292,178.515,185.404,169.118,126.553,180.730,186.224,187.887,345.378,0.0396,0.0000,0.1397,0.9500,0.00,0.00,0.00,0.00
1186.00,180.000,180.000,170.000,175.000,179.384,185.517,169.299,125.355,178.470,185.397,169.108,126.613,180.689,186.196,187.866,345.437,0.0396,0.0000,0.1398,0.9500,0.00,0.00,0.00,0.00
1187.00,180.000,180.000,170.000,175.000,179.339,185.511,169.289,125.417,178.426,185.390,169.099,126.673,180.647,186.169,187.846,345.496,0.0462,0.0000,0.1398,0.9500,0.00,0.00,0.00,0.00
1188.00,180.000,180.000,170.000,175.000,179.294,185.505,169.280,125.479,178.382,185.382,169.090,126.733,180.616,186.141,187.826,345.555,0.0462,0.0000,0.1398,0.9500,0.00,0.00,0.00,0.00
1189.00,180.000,180.000,170.000,175.000,179.249,185.499,169.270,125.541,178.337,185.375,169.080,126.792,180.584,186.114,187.806,345.614,0.0528,0.0000,0.1398,0.9500,0.00,0.00,0.00,0.00
1190.00,180.000,180.000,170.000,175.000,179.204,185.493,169.261,125.602,178.293,185.368,169.071,126.852,180.560,186.087,187.785,345.673,0.0528,0.0000,0.1398,0.9500,0.00,0.00,0.00,0.00
1191.00,180.000,180.000,170.000,175.000,179.159,185.487,169.252,125.664,178.250,185.360,169.061,126.911,180.536,186.059,187.765,345.732,0.0528,0.0000,0.1398,0.9500,0.00,0.00,0.00,0.00
1192.00,180.000,180.000,170.000,175.000,179.114,185.481,169.242,125.726,178.206,185.353,169.052,126.971,180.520,186.032,187.748,345.791,0.0594,0.0000,0.1418,0.9500,0.00,0.00,0.00,0.00
1193.00,180.000,180.000,170.000,175.000,179.069,185.474,169.233,125.787,178.162,185.345,169.043,127.030,180.503,186.005,187.731,345.850,0.0594,0.0000,0.1418,0.9500,0.00,0.00,0.00,0.00
1194.00,180.000,180.000,170.000,175.000,179.025,185.468,169.223,125.848,178.119,185.338,169.033,127.089,180.490,185.979,187.714,345.908,0.0660,0.0000,0.1419,0.9500,0.00,0.00,0.00,0.00
1195.00,180.000,180.000,170.000,175.000,178.980,185.461,169.214,125.910,178.075,185.330,169.024,127.148,180.481,185.952,187.696,345.967,0.0660,0.0000,0.1419,0.9500,0.00,0.00,0.00,0.00
1196.00,180.000,180.000,170.000,175.000,178.935,185.455,169.205,125.971,178.032,185.323,169.014,127.207,180.476,185.925,187.679,346.025,0.0726,0.0000,0.1419,0.9500,0.00,0.00,0.00,0.00
1197.00,180.000,180.000,170.000,175.000,178.891,185.448,169.195,126.032,177.989,185.315,169.005,127.266,180.477,185.899,187.662,346.083,0.0726,0.0000,0.1419,0.9500,0.00,0.00,0.00,0.00
1198.00,180.000,180.000,170.000,175.000,178.846,185.442,169.186,126.093,177.947,185.307,168.996,127.325,180.477,185.873,187.646,346.142,0.0792,0.0000,0.1419,0.9500,0.00,0.00,0.00,0.00
1199.00,180.000,180.000,170.000,175.000,178.802,185.435,169.176,126.154,177.904,185.299,168.987,127.383,180.484,185.846,187.629,346.200,0.0792,0.0000,0.1419,0.9500,0.00,0.00,0.00,0.00
1200.00,180.000,180.000,170.000,175.000,178.757,185.428,169.167,126.214,177.862,185.292,168.977,127.442,180.491,185.820,187.612,346.258,0.0792,0.0000,0.1419,0.9500,0.00,0.00,0.00,0.00
1201.00,180.000,180.000,170.000,175.000,178.713,185.422,169.158,126.275,177.820,185.284,168.968,127.501,180.506,185.794,187.596,346.316,0.0858,0.0000,0.1419,0.9500,0.00,0.00,0.00,0.00
1202.00,180.000,180.000,170.000,175.000,178.669,185.415,169.148,126.335,177.778,185.276,168.959,127.559,180.520,185.768,187.579,346.374,0.0858,0.0000,0.1440,0.9500,0.00,0.00,0.00,0.00
1203.00,180.000,180.000,170.000,175.000,178.625,185.408,169.139,126.396,177.736,185.268,168.949,127.617,180.539,185.742,187.565,346.432,0.0924,0.0000,0.1440,0.9500,0.00,0.00,0.00,0.00
1204.00,180.000,180.000,170.000,175.000,178.581,185.401,169.130,126.456,177.694,185.260,168.940,127.675,180.562,185.717,187.551,346.489,0.0924,0.0000,0.1440,0.9500,0.00,0.00,0.00,0.00
1205.00,180.000,180.000,170.000,175.000,178.537,185.394,169.120,126.516,177.653,185.252,168.931,127.733,180.589,185.691,187.538,346.547,0.0990,0.0000,0.1440,0.9500,0.00,0.00,0.00,0.00
1206.00,180.000,180.000,170.000,175.000,178.494,185.387,169.111,126.576,177.612,185.243,168.922,127.791,180.620,185.666,187.527,346.605,0.0990,0.0000,0.1440,0.9500,0.00,0.00,0.00,0.00
1207.00,180.000,180.000,170.000,175.000,178.450,185.380,169.102,126.636,177.571,185.235,168.913,127.849,180.650,185.640,187.516,346.662,0.0990,0.0000,0.1440,0.9500,0.00,0.00,0.00,0.00
1208.00,180.000,180.000,170.000,175.000,178.407,185.373,169.092,126.696,177.530,185.227,168.904,127.907,180.687,185.615,187.505,346.719,0.1056,0.0000,0.1441,0.9500,0.00,0.00,0.00,0.00
1209.00,180.000,180.000,170.000,175.000,178.364,185.365,169.083,126.756,177.490,185.219,168.895,127.965,180.723,185.590,187.494,346.777,0.1056,0.0000,0.1441,0.9500,0.00,0.00,0.00,0.00
1210.00,180.000,180.000,170.000,175.000,178.321,185.358,169.074,126.816,177.450,185.210,168.886,128.022,180.764,185.565,187.482,346.834,0.1122,0.0000,0.1441,0.9500,0.00,0.00,0.00,0.00
1211.00,180.000,180.000,170.000,175.000,178.278,185.351,169.064,126.875,177.410,185.202,168.877,128.080,180.810,185.539,187.471,346.891,0.1122,0.0000,0.1441,0.9500,0.00,0.00,0.00,0.00
1212.00,180.000,180.000,170.000,175.000,178.235,185.344,169.055,126.935,177.371,185.193,168.868,128.137,180.859,185.515,187.460,346.948,0.1188,0.0000,0.1441,0.9500,0.00,0.00,0.00,0.00
1213.00,180.000,180.000,170.000,175.000,178.192,185.336,169.046,126.994,177.331,185.185,168.859,128.195,180.911,185.490,187.451,347.005,0.1188,0.0000,0.1461,0.9500,0.00,0.00,0.00,0.00
1214.00,180.000,180.000,170.000,175.000,178.150,185.329,169.037,127.053,177.292,185.176,168.850,128.252,180.962,185.465,187.442,347.062,0.1254,0.0000,0.1461,0.9500,0.00,0.00,0.00,0.00
1215.00,180.000,180.000,170.000,175.000,178.107,185.321,169.027,127.112,177.253,185.168,168.841,128.309,181.020,185.440,187.434,347.119,0.1254,0.0000,0.1462,0.9500,0.00,0.00,0.00,0.00
1216.00,180.000,180.000,170.000,175.000,178.065,185.314,169.018,127.172,177.215,185.159,168.832,128.366,181.078,185.416,187.425,347.175,0.1254,0.0000,0.1462,0.9500,0.00,0.00,0.00,0.00
1217.00,180.000,180.000,170.000,175.000,178.023,185.306,169.009,127.230,177.177,185.151,168.823,128.423,181.139,185.391,187.417,347.232,0.1320,0.0000,0.1462,0.9500,0.00,0.00,0.00,0.00
1218.00,180.000,180.000,170.000,175.000,177.982,185.298,169.000,127.289,177.139,185.142,168.814,128.480,181.203,185.367,187.408,347.288,0.1320,0.0000,0.1462,0.9500,0.00,0.00,0.00,0.00
1219.00,180.000,180.000,170.000,175.000,177.940,185.290,168.991,127.348,177.101,185.133,168.805,128.537,181.267,185.343,187.400,347.345,0.1386,0.0000,0.1462,0.9500,0.00,0.00,0.00,0.00
1220.00,180.000,180.000,170.000,175.000,177.899,185.283,168.981,127.407,177.064,185.124,168.796,128.593,181.340,185.319,187.392,347.401,0.1386,0.0000,0.1463,0.9500,0.00,0.00,0.00,0.00
1221.00,180.000,180.000,170.000,175.000,177.857,185.275,168.972,127.465,177.027,185.116,168.788,128.650,181.412,185.294,187.383,347.457,0.1386,0.0000,0.1463,0.9500,0.00,0.00,0.00,0.00
1222.00,180.000,180.000,170.000,175.000,177.816,185.267,168.963,127.524,176.990,185.107,168.779,128.706,181.491,185.270,187.375,347.514,0.1452,0.0000,0.1463,0.9500,0.00,0.00,0.00,0.00
1223.00,180.000,180.000,170.000,175.000,177.776,185.259,168.954,127.582,176.954,185.098,168.770,128.763,181.569,185.246,187.367,347.570,0.1452,0.0000,0.1463,0.9500,0.00,0.00,0.00,0.00
1224.00,180.000,180.000,170.000,175.000,177.735,185.251,168.945,127.641,176.917,185.089,168.762,128.819,181.650,185.223,187.360,347.626,0.1518,0.0000,0.1483,0.9500,0.00,0.00,0.00,0.00
1225.00,180.000,180.000,170.000,175.000,177.695,185.243,168.936,127.699,176.882,185.080,168.753,128.875,181.735,185.199,187.354,347.682,0.1518,0.0000,0.1483,0.9500,0.00,0.00,0.00,0.00
1226.00,180.000,180.000,170.000,175.000,177.655,185.235,168.927,127.757,176.846,185.071,168.744,128.932,181.818,185.175,187.348,347.737,0.1518,0.0000,0.1484,0.9500,0.00,0.00,0.00,0.00
1227.00,180.000,180.000,170.000,175.000,177.615,185.227,168.918,127.815,176.811,185.062,168.736,128.988,181.911,185.152,187.343,347.793,0.1584,0.0000,0.1484,0.9500,0.00,0.00,0.00,0.00
1228.00,180.000,180.000,170.000,175.000,177.575,185.219,168.909,127.873,176.776,185.052,168.727,129.044,182.003,185.128,187.337,347.849,0.1584,0.0000,0.1484,0.9500,0.00,0.00,0.00,0.00
1229.00,180.000,180.000,170.000,175.000,177.536,185.210,168.900,127.930,176.742,185.043,168.719,129.100,182.098,185.105,187.331,347.904,0.1650,0.0000,0.1484,0.9500,0.00,0.00,0.00,0.00
1230.00,180.000,180.000,170.000,175.000,177.497,185.202,168.891,127.988,176.708,185.034,168.710,129.155,182.196,185.081,187.326,347.960,0.1650,0.0000,0.1484,0.9500,0.00,0.00,0.00,0.00
1231.00,180.000,180.000,170.000,175.000,177.458,185.194,168.882,128.046,176.674,185.025,168.702,129.211,182.292,185.058,187.320,348.015,0.1650,0.0000,0.1485,0.9500,0.00,0.00,0.00,0.00
1232.00,180.000,180.000,170.000,175.000,177.419,185.186,168.873,128.103,176.640,185.015,168.694,129.267,182.396,185.035,187.314,348.071,0.1716,0.0000,0.1485,0.9500,0.00,0.00,0.00,0.00
1233.00,180.000,180.000,170.000,175.000,177.381,185.177,168.864,128.161,176.607,185.006,168.685,129.322,182.499,185.012,187.308,348.126,0.1716,0.0000,0.1485,0.9500,0.00,0.00,0.00,0.00
1234.00,180.000,180.000,170.000,175.000,177.343,185.169,168.856,128.218,176.574,184.997,168.677,129.378,182.601,184.989,187.303,348.181,0.1782,0.0000,0.1485,0.9500,0.00,0.00,0.00,0.00
1235.00,180.000,180.000,170.000,175.000,177.305,185.160,168.847,128.275,176.542,184.987,168.669,129.433,182.711,184.966,187.298,348.236,0.1782,0.0000,0.1505,0.9500,0.00,0.00,0.00,0.00
1236.00,180.000,180.000,170.000,175.000,177.267,185.152,168.838,128.333,176.510,184.978,168.660,129.489,182.821,184.943,187.295,348.291,0.1782,0.0000,0.1505,0.9500,0.00,0.00,0.00,0.00
1237.00,180.000,180.000,170.000,175.000,177.230,185.143,168.829,128.390,176.478,184.968,168.652,129.544,182.934,184.920,187.292,348.346,0.1848,0.0000,0.1506,0.9500,0.00,0.00,0.00,0.00
1238.00,180.000,180.000,170.000,175.000,177.193,185.134,168.820,128.447,176.447,184.959,168.644,129.599,183.050,184.897,187.289,348.401,0.1848,0.0000,0.1506,0.9500,0.00,0.00,0.00,0.00
1239.00,180.000,180.000,170.000,175.000,177.156,185.126,168.812,128.503,176.416,184.949,168.636,129.654,183.164,184.875,187.286,348.456,0.1848,0.0000,0.1506,0.9500,0.00,0.00,0.00,0.00
1240.00,180.000,180.000,170.000,175.000,177.120,185.117,168.803,128.560,176.385,184.940,168.628,129.709,183.286,184.852,187.282,348.510,0.1914,0.0000,0.1506,0.9500,0.00,0.00,0.00,0.00
1241.00,180.000,180.000,170.000,175.000,177.083,185.108,168.794,128.617,176.355,184.930,168.620,129.764,183.406,184.830,187.279,348.565,0.1914,0.0000,0.1506,0.9500,0.00,0.00,0.00,0.00
1242.00,180.000,180.000,170.000,175.000,177.047,185.099,168.786,128.674,176.325,184.920,168.612,129.819,183.525,184.807,187.276,348.619,0.1980,0.0000,0.1507,0.9500,0.00,0.00,0.00,0.00
1243.00,180.000,180.000,170.000,175.000,177.012,185.091,168.777,128.730,176.296,184.910,168.604,129.874,183.651,184.785,187.273,348.674,0.1980,0.0000,0.1507,0.9500,0.00,0.00,0.00,0.00
1244.00,180.000,180.000,170.000,175.000,176.977,185.082,168.769,128.787,176.267,184.901,168.596,129.928,183.775,184.762,187.269,348.728,0.1980,0.0000,0.1507,0.9500,0.00,0.00,0.00,0.00
1245.00,180.000,180.000,170.000,175.000,176.942,185.073,168.760,128.843,176.238,184.891,168.588,129.983,183.899,184.740,187.266,348.782,0.2046,0.0000,0.1507,0.9500,0.00,0.00,0.00,0.00
1246.00,180.000,180.000,170.000,175.000,176.907,185.064,168.752,128.899,176.210,184.881,168.580,130.038,184.032,184.718,187.263,348.836,0.2046,0.0000,0.1508,0.9500,0.00,0.00,0.00,0.00
1247.00,180.000,180.000,170.000,175.000,176.873,185.055,168.743,128.955,176.182,184.871,168.572,130.092,184.163,184.696,187.262,348.890,0.2046,0.0000,0.1528,0.9500,0.00,0.00,0.00,0.00
1248.00,180.000,180.000,170.000,175.000,176.839,185.046,168.735,129.012,176.154,184.861,168.564,130.146,184.298,184.674,187.261,348.944,0.2112,0.0000,0.1528,0.9500,0.00,0.00,0.00,0.00
1249.00,180.000,180.000,170.000,175.000,176.805,185.036,168.726,129.068,176.127,184.851,168.556,130.201,184.434,184.652,187.260,348.998,0.2112,0.0000,0.1528,0.9500,0.00,0.00,0.00,0.00
1250.00,180.000,180.000,170.000,175.000,176.771,185.027,168.718,129.123,176.100,184.841,168.549,130.255,184.570,184.630,187.259,349.052,0.2112,0.0000,0.1528,0.9500,0.00,0.00,0.00,0.00
1251.00,180.000,180.000,170.000,175.000,176.738,185.018,168.710,129.179,176.074,184.831,168.541,130.309,184.709,184.608,187.258,349.106,0.2178,0.0000,0.1529,0.9500,0.00,0.00,0.00,0.00
1252.00,180.000,180.000,170.000,175.000,176.706,185.009,168.701,129.235,176.048,184.821,168.533,130.363,184.850,184.587,187.257,349.160,0.2178,0.0000,0.1529,0.9500,0.00,0.00,0.00,0.00
1253.00,180.000,180.000,170.000,175.000,176.673,185.000,168.693,129.291,176.022,184.811,168.526,130.417,184.990,184.565,187.256,349.213,0.2178,0.0000,0.1529,0.9500,0.00,0.00,0.00,0.00
1254.00,180.000,180.000,170.000,175.000,176.641,184.990,168.685,129.346,175.997,184.801,168.518,130.471,185.134,184.543,187.256,349.267,0.2244,0.0000,0.1529,0.9500,0.00,0.00,0.00,0.00
1255.00,180.000,180.000,170.000,175.000,176.609,184.981,168.676,129.402,175.972,184.790,168.510,130.525,185.282,184.522,187.255,349.320,0.2244,0.0000,0.1529,0.9500,0.00,0.00,0.00,0.00
1256.00,180.000,180.000,170.000,175.000,176.578,184.971,168.668,129.457,175.948,184.780,168.503,130.579,185.428,184.500,187.253,349.373,0.2244,0.0000,0.1530,0.9500,0.00,0.00,0.00,0.00
1257.00,180.000,180.000,170.000,175.000,176.547,184.962,168.660,129.513,175.924,184.770,168.495,130.633,185.574,184.479,187.252,349.427,0.2310,0.0000,0.1530,0.9500,0.00,0.00,0.00,0.00
1258.00,180.000,180.000,170.000,175.000,176.516,184.952,168.652,129.568,175.900,184.760,168.488,130.687,185.726,184.457,187.251,349.480,0.2310,0.0000,0.1530,0.9500,0.00,0.00,0.00,0.00
1259.00,180.000,180.000,170.000,175.000,176.486,184.943,168.644,129.623,175.877,184.749,168.481,130.740,185.876,184.436,187.253,349.533,0.2310,0.0000,0.1550,0.9500,0.00,0.00,0.00,0.00
1260.00,180.000,180.000,170.000,175.000,176.456,184.933,168.636,129.678,175.855,184.739,168.473,130.794,186.026,184.415,187.254,349.586,0.2310,0.0000,0.1551,0.9500,0.00,0.00,0.00,0.00
1261.00,180.000,180.000,170.000,175.000,176.426,184.924,168.628,129.733,175.832,184.728,168.466,130.847,186.182,184.394,187.255,349.639,0.2376,0.0000,0.1551,0.9500,0.00,0.00,0.00,0.00
1262.00,180.000,180.000,170.000,175.000,176.397,184.914,168.620,129.788,175.810,184.718,168.459,130.901,186.336,184.373,187.257,349.692,0.2376,0.0000,0.1551,0.9500,0.00,0.00,0.00,0.00
1263.00,180.000,180.000,170.000,175.000,176.368,184.904,168.612,129.843,175.789,184.708,168.452,130.954,186.490,184.352,187.258,349.745,0.2376,0.0000,0.1551,0.9500,0.00,0.00,0.00,0.00
1264.00,180.000,180.000,170.000,175.000,176.340,184.895,168.604,129.898,175.768,184.697,168.444,131.007,186.647,184.331,187.259,349.797,0.2442,0.0000,0.1552,0.9500,0.00,0.00,0.00,0.00
1265.00,180.000,180.000,170.000,175.000,176.312,184.885,168.596,129.953,175.747,184.687,168.437,131.061,186.808,184.310,187.260,349.850,0.2442,0.0000,0.1552,0.9500,0.00,0.00,0.00,0.00
1266.00,180.000,180.000,170.000,175.000,176.284,184.875,168.588,130.008,175.727,184.676,168.430,131.114,186.968,184.289,187.261,349.903,0.2442,0.0000,0.1552,0.9500,0.00,0.00,0.00,0.00
1267.00,180.000,180.000,170.000,175.000,176.256,184.865,168.580,130.062,175.707,184.665,168.423,131.167,187.127,184.268,187.262,349.955,0.2442,0.0000,0.1552,0.9500,0.00,0.00,0.00,0.00
1268.00,180.000,180.000,170.000,175.000,176.229,184.855,168.573,130.117,175.688,184.655,168.416,131.220,187.292,184.247,187.263,350.007,0.2508,0.0000,0.1553,0.9500,0.00,0.00,0.00,0.00
1269.00,180.000,180.000,170.000,175.000,176.203,184.845,168.565,130.171,175.669,184.644,168.409,131.273,187.455,184.227,187.264,350.060,0.2508,0.0000,0.1553,0.9500,0.00,0.00,0.00,0.00
1270.00,180.000,180.000,170.000,175.000,176.176,184.835,168.557,130.226,175.650,184.633,168.402,131.326,187.618,184.206,187.265,350.112,0.2508,0.0000,0.1553,0.9500,0.00,0.00,0.00,0.00
1271.00,180.000,180.000,170.000,175.000,176.151,184.825,168.550,130.280,175.632,184.623,168.395,131.379,187.779,184.185,187.266,350.164,0.2508,0.0000,0.1573,0.9500,0.00,0.00,0.00,0.00
1272.00,180.000,180.000,170.000,175.000,176.125,184.815,168.542,130.334,175.614,184.612,168.388,131.432,187.946,184.165,187.270,350.216,0.2574,0.0000,0.1574,0.9500,0.00,0.00,0.00,0.00
1273.00,180.000,180.000,170.000,175.000,176.100,184.805,168.534,130.388,175.597,184.601,168.381,131.485,188.113,184.144,187.273,350.268,0.2574,0.0000,0.1574,0.9500,0.00,0.00,0.00,0.00
1274.00,180.000,180.000,170.000,175.000,176.075,184.795,168.527,130.443,175.580,184.590,168.375,131.537,188.278,184.124,187.276,350.320,0.2574,0.0000,0.1574,0.9500,0.00,0.00,0.00,0.00
1275.00,180.000,180.000,170.000,175.000,176.051,184.785,168.519,130.497,175.564,184.579,168.368,131.590,188.441,184.104,187.280,350.372,0.2574,0.0000,0.1574,0.9500,0.00,0.00,0.00,0.00
1276.00,180.000,180.000,170.000,175.000,176.027,184.775,168.512,130.551,175.548,184.568,168.361,131.643,188.611,184.083,187.283,350.424,0.2640,0.0000,0.1575,0.9500,0.00,0.00,0.00,0.00
1277.00,180.000,180.000,170.000,175.000,176.003,184.765,168.504,130.604,175.532,184.557,168.355,131.695,188.780,184.063,187.286,350.476,0.2640,0.0000,0.1575,0.9500,0.00,0.00,0.00,0.00
1278.00,180.000,180.000,170.000,175.000,175.980,184.755,168.497,130.658,175.517,184.547,168.348,131.748,188.948,184.043,187.289,350.527,0.2640,0.0000,0.1575,0.9500,0.00,0.00,0.00,0.00
1279.00,180.000,180.000,170.000,175.000,175.957,184.744,168.490,130.712,175.502,184.536,168.341,131.800,189.114,184.023,187.292,350.579,0.2640,0.0000,0.1575,0.9500,0.00,0.00,0.00,0.00
1280.00,180.000,180.000,170.000,175.000,175.935,184.734,168.482,130.766,175.488,184.525,168.335,131.852,189.284,184.003,187.295,350.630,0.2706,0.0000,0.1576,0.9500,0.00,0.00,0.00,0.00
1281.00,180.000,180.000,170.000,175.000,175.913,184.724,168.475,130.819,175.474,184.513,168.328,131.905,189.458,183.983,187.298,350.682,0.2706,0.0000,0.1576,0.9500,0.00,0.00,0.00,0.00
1282.00,180.000,180.000,170.000,175.000,175.891,184.713,168.468,130.873,175.460,184.502,168.322,131.957,189.630,183.963,187.301,350.733,0.2706,0.0000,0.1576,0.9500,0.00,0.00,0.00,0.00
1283.00,180.000,180.000,170.000,175.000,175.870,184.703,168.461,130.927,175.447,184.491,168.316,132.009,189.802,183.943,187.304,350.784,0.2706,0.0000,0.1576,0.9500,0.00,0.00,0.00,0.00
1284.00,180.000,180.000,170.000,175.000,175.849,184.692,168.454,130.980,175.434,184.480,168.309,132.062,189.972,183.923,187.306,350.836,0.2772,0.0000,0.1577,0.9500,0.00,0.00,0.00,0.00
1285.00,180.000,180.000,170.000,175.000,175.829,184.682,168.446,131.033,175.422,184.469,168.303,132.114,190.148,183.903,187.310,350.887,0.2772,0.0000,0.1597,0.9500,0.00,0.00,0.00,0.00
1286.00,180.000,180.000,170.000,175.000,175.809,184.671,168.439,131.087,175.410,184.458,168.297,132.166,190.323,183.883,187.316,350.938,0.2772,0.0000,0.1597,0.9500,0.00,0.00,0.00,0.00
1287.00,180.000,180.000,170.000,175.000,175.789,184.661,168.432,131.140,175.399,184.447,168.290,132.218,190.496,183.863,187.321,350.989,0.2772,0.0000,0.1597,0.9500,0.00,0.00,0.00,0.00
1288.00,180.000,180.000,170.000,175.000,175.770,184.650,168.425,131.193,175.388,184.435,168.284,132.270,190.669,183.844,187.326,351.040,0.2772,0.0000,0.1598,0.9500,0.00,0.00,0.00,0.00
1289.00,180.000,180.000,170.000,175.000,175.751,184.640,168.418,131.246,175.377,184.424,168.278,132.322,190.840,183.824,187.331,351.090,0.2772,0.0000,0.1598,0.9500,0.00,0.00,0.00,0.00
1290.00,180.000,180.000,170.000,175.000,175.733,184.629,168.411,131.299,175.367,184.413,168.272,132.374,191.017,183.805,187.336,351.141,0.2838,0.0000,0.1598,0.9500,0.00,0.00,0.00,0.00
1291.00,180.000,180.000,170.000,175.000,175.715,184.618,168.405,131.352,175.358,184.402,168.266,132.425,191.193,183.785,187.341,351.192,0.2838,0.0000,0.1598,0.9500,0.00,0.00,0.00,0.00
1292.00,180.000,180.000,170.000,175.000,175.698,184.608,168.398,131.405,175.348,184.390,168.260,132.477,191.368,183.766,187.345,351.242,0.2838,0.0000,0.1599,0.9500,0.00,0.00,0.00,0.00
1293.00,180.000,180.000,170.000,175.000,175.680,184.597,168.391,131.458,175.339,184.379,168.254,132.529,191.542,183.746,187.350,351.293,0.2838,0.0000,0.1599,0.9500,0.00,0.00,0.00,0.00
1294.00,180.000,180.000,170.000,175.000,175.664,184.586,168.384,131.511,175.331,184.367,168.248,132.581,191.714,183.727,187.355,351.343,0.2838,0.0000,0.1599,0.9500,0.00,0.00,0.00,0.00
1295.00,180.000,180.000,170.000,175.000,175.647,184.575,168.377,131.564,175.323,184.356,168.242,132.632,191.885,183.707,187.360,351.394,0.2904,0.0000,0.1600,0.9500,0.00,0.00,0.00,0.00
1296.00,180.000,180.000,170.000,175.000,175.631,184.564,168.371,131.617,175.315,184.345,168.236,132.684,192.065,183.688,187.364,351.444,0.2904,0.0000,0.1600,0.9500,0.00,0.00,0.00,0.00
1297.00,180.000,180.000,170.000,175.000,175.616,184.554,168.364,131.669,175.308,184.333,168.231,132.735,192.244,183.669,187.369,351.494,0.2904,0.0000,0.1600,0.9500,0.00,0.00,0.00,0.00
1298.00,180.000,180.000,170.000,175.000,175.601,184.543,168.358,131.722,175.301,184.322,168.225,132.787,192.421,183.650,187.376,351.545,0.2904,0.0000,0.1600,0.9500,0.00,0.00,0.00,0.00
1299.00,180.000,180.000,170.000,175.000,175.586,184.532,168.351,131.775,175.295,184.310,168.219,132.838,192.597,183.631,187.382,351.595,0.2904,0.0000,0.1601,0.9500,0.00,0.00,0.00,0.00
1300.00,180.000,180.000,170.000,175.000,175.572,184.521,168.345,131.827,175.289,184.298,168.213,132.890,192.772,183.612,187.392,351.645,0.2904,0.0000,0.1621,0.9500,0.00,0.00,0.00,0.00
1301.00,180.000,180.000,170.000,175.000,175.558,184.510,168.338,131.880,175.283,184.287,168.208,132.941,192.946,183.592,187.401,351.695,0.2904,0.0000,0.1621,0.9500,0.00,0.00,0.00,0.00
1302.00,180.000,180.000,170.000,175.000,175.544,184.499,168.332,131.932,175.278,184.275,168.202,132.993,193.122,183.574,187.410,351.745,0.2970,0.0000,0.1622,0.9500,0.00,0.00,0.00,0.00
1303.00,180.000,180.000,170.000,175.000,175.531,184.488,168.325,131.984,175.273,184.264,168.197,133.044,193.300,183.555,187.419,351.794,0.2970,0.0000,0.1622,0.9500,0.00,0.00,0.00,0.00
1304.00,180.000,180.000,170.000,175.000,175.519,184.477,168.319,132.037,175.269,184.252,168.191,133.095,193.477,183.536,187.428,351.844,0.2970,0.0000,0.1622,0.9500,0.00,0.00,0.00,0.00
1305.00,180.000,180.000,170.000,175.000,175.506,184.466,168.313,132.089,175.265,184.240,168.186,133.146,193.654,183.517,187.437,351.894,0.2970,0.0000,0.1622,0.9500,0.00,0.00,0.00,0.00
1306.00,180.000,180.000,170.000,175.000,175.495,184.454,168.306,132.141,175.261,184.229,168.180,133.198,193.828,183.498,187.446,351.944,0.2970,0.0000,0.1623,0.9500,0.00,0.00,0.00,0.00
1307.00,180.000,180.000,170.000,175.000,175.483,184.443,168.300,132.193,175.258,184.217,168.175,133.249,194.002,183.479,187.454,351.993,0.2970,0.0000,0.1623,0.9500,0.00,0.00,0.00,0.00
1308.00,180.000,180.000,170.000,175.000,175.472,184.432,168.294,132.245,175.255,184.205,168.170,133.300,194.174,183.461,187.463,352.043,0.2970,0.0000,0.1623,0.9500,0.00,0.00,0.00,0.00
1309.00,180.000,180.000,170.000,175.000,175.462,184.421,168.288,132.298,175.253,184.194,168.165,133.351,194.346,183.442,187.472,352.092,0.2970,0.0000,0.1624,0.9500,0.00,0.00,0.00,0.00
1310.00,180.000,180.000,170.000,175.000,175.451,184.410,168.282,132.350,175.251,184.182,168.160,133.402,194.516,183.423,187.480,352.141,0.2970,0.0000,0.1624,0.9500,0.00,0.00,0.00,0.00
1311.00,180.000,180.000,170.000,175.000,175.442,184.398,168.276,132.401,175.249,184.170,168.154,133.453,194.692,183.405,187.488,352.191,0.3036,0.0000,0.1624,0.9500,0.00,0.00,0.00,0.00
1312.00,180.000,180.000,170.000,175.000,175.432,184.387,168.270,132.453,175.248,184.158,168.149,133.504,194.867,183.386,187.497,352.240,0.3036,0.0000,0.1624,0.9500,0.00,0.00,0.00,0.00
1313.00,180.000,180.000,170.000,175.000,175.423,184.376,168.264,132.505,175.247,184.146,168.144,133.555,195.041,183.368,187.505,352.289,0.3036,0.0000,0.1625,0.9500,0.00,0.00,0.00,0.00
1314.00,180.000,180.000,170.000,175.000,175.415,184.364,168.258,132.557,175.247,184.135,168.139,133.606,195.214,183.349,187.513,352.338,0.3036,0.0000,0.1625,0.9500,0.00,0.00,0.00,0.00
1315.00,180.000,180.000,170.000,175.000,175.406,184.353,168.252,132.609,175.247,184.123,168.134,133.657,195.385,183.331,187.521,352.387,0.3036,0.0000,0.1625,0.9500,0.00,0.00,0.00,0.00
1316.00,180.000,180.000,170.000,175.000,175.399,184.342,168.246,132.661,175.247,184.111,168.129,133.708,195.555,183.312,187.530,352.436,0.3036,0.0000,0.1646,0.9500,0.00,0.00,0.00,0.00
1317.00,180.000,180.000,170.000,175.000,175.391,184.330,168.241,132.712,175.248,184.099,168.125,133.758,195.724,183.294,187.541,352.485,0.3036,0.0000,0.1646,0.9500,0.00,0.00,0.00,0.00
1318.00,180.000,180.000,170.000,175.000,175.384,184.319,168.235,132.764,175.249,184.087,168.120,133.809,195.892,183.276,187.551,352.534,0.3036,0.0000,0.1646,0.9500,0.00,0.00,0.00,0.00
1319.00,180.000,180.000,170.000,175.000,175.378,184.307,168.229,132.816,175.250,184.075,168.115,133.860,196.059,183.258,187.561,352.583,0.3036,0.0000,0.1646,0.9500,0.00,0.00,0.00,0.00
1320.00,180.000,180.000,170.000,175.000,175.371,184.296,168.224,132.867,175.252,184.063,168.110,133.911,196.225,183.239,187.571,352.631,0.3036,0.0000,0.1647,0.9500,0.00,0.00,0.00,0.00
1321.00,180.000,180.000,170.000,175.000,175.366,184.284,168.218,132.919,175.254,184.051,168.106,133.961,196.390,183.221,187.581,352.680,0.3036,0.0000,0.1647,0.9500,0.00,0.00,0.00,0.00
1322.00,180.000,180.000,170.000,175.000,175.360,184.273,168.212,132.970,175.257,184.039,168.101,134.012,196.553,183.203,187.591,352.729,0.3036,0.0000,0.1647,0.9500,0.00,0.00,0.00,0.00
1323.00,180.000,180.000,170.000,175.000,175.355,184.261,168.207,133.022,175.260,184.027,168.097,134.062,196.715,183.185,187.601,352.777,0.3036,0.0000,0.1648,0.9500,0.00,0.00,0.00,0.00
1324.00,180.000,180.000,170.000,175.000,175.351,184.250,168.202,133.073,175.263,184.015,168.092,134.113,196.877,183.167,187.611,352.826,0.3036,0.0000,0.1648,0.9500,0.00,0.00,0.00,0.00
1325.00,180.000,180.000,170.000,175.000,175.346,184.238,168.196,133.124,175.266,184.003,168.088,134.164,197.047,183.149,187.621,352.874,0.3102,0.0000,0.1648,0.9500,0.00,0.00,0.00,0.00
1326.00,180.000,180.000,170.000,175.000,175.342,184.227,168.191,133.176,175.270,183.991,168.083,134.214,197.216,183.131,187.630,352.922,0.3102,0.0000,0.1649,0.9500,0.00,0.00,0.00,0.00
1327.00,180.000,180.000,170.000,175.000,175.339,184.215,168.185,133.227,175.275,183.979,168.079,134.265,197.384,183.113,187.640,352.971,0.3102,0.0000,0.1649,0.9500,0.00,0.00,0.00,0.00
1328.00,180.000,180.000,170.000,175.000,175.336,184.203,168.180,133.278,175.279,183.967,168.074,134.315,197.550,183.095,187.649,353.019,0.3102,0.0000,0.1649,0.9500,0.00,0.00,0.00,0.00
1329.00,180.000,180.000,170.000,175.000,175.333,184.192,168.175,133.329,175.284,183.955,168.070,134.365,197.716,183.078,187.658,353.067,0.3102,0.0000,0.1650,0.9500,0.00,0.00,0.00,0.00
1330.00,180.000,180.000,170.000,175.000,175.331,184.180,168.170,133.380,175.290,183.942,168.066,134.416,197.880,183.060,187.668,353.115,0.3102,0.0000,0.1650,0.9500,0.00,0.00,0.00,0.00
1331.00,180.000,180.000,170.000,175.000,175.329,184.168,168.165,133.432,175.296,183.930,168.062,134.466,198.044,183.042,187.677,353.163,0.3102,0.0000,0.1650,0.9500,0.00,0.00,0.00,0.00
1332.00,180.000,180.000,170.000,175.000,175.327,184.156,168.160,133.483,175.302,183.918,168.058,134.516,198.206,183.024,187.686,353.211,0.3102,0.0000,0.1650,0.9500,0.00,0.00,0.00,0.00
1333.00,180.000,180.000,170.000,175.000,175.326,184.145,168.155,133.534,175.308,183.906,168.053,134.567,198.367,183.007,187.695,353.259,0.3102,0.0000,0.1651,0.9500,0.00,0.00,0.00,0.00
1334.00,180.000,180.000,170.000,175.000,175.325,184.133,168.150,133.585,175.315,183.894,168.049,134.617,198.527,182.989,187.704,353.307,0.3102,0.0000,0.1671,0.9500,0.00,0.00,0.00,0.00
1335.00,180.000,180.000,170.000,175.000,175.325,184.121,168.145,133.636,175.322,183.881,168.045,134.667,198.686,182.972,187.715,353.355,0.3102,0.0000,0.1671,0.9500,0.00,0.00,0.00,0.00
1336.00,180.000,180.000,170.000,175.000,175.325,184.109,168.140,133.687,175.330,183.869,168.041,134.718,198.845,182.954,187.726,353.402,0.3102,0.0000,0.1672,0.9500,0.00,0.00,0.00,0.00
1337.00,180.000,180.000,170.000,175.000,175.325,184.097,168.135,133.738,175.337,183.857,168.037,134.768,199.002,182.937,187.738,353.450,0.3102,0.0000,0.1672,0.9500,0.00,0.00,0.00,0.00
1338.00,180.000,180.000,170.000,175.000,175.326,184.085,168.130,133.788,175.345,183.845,168.034,134.818,199.158,182.919,187.749,353.498,0.3102,0.0000,0.1672,0.9500,0.00,0.00,0.00,0.00
1339.00,180.000,180.000,170.000,175.000,175.327,184.074,168.125,133.839,175.354,183.832,168.030,134.868,199.312,182.902,187.760,353.545,0.3102,0.0000,0.1673,0.9500,0.00,0.00,0.00,0.00
1340.00,180.000,180.000,170.000,175.000,175.328,184.062,168.121,133.890,175.363,183.820,168.026,134.918,199.466,182.884,187.770,353.593,0.3102,0.0000,0.1673,0.9500,0.00,0.00,0.00,0.00
1341.00,180.000,180.000,170.000,175.000,175.330,184.050,168.116,133.941,175.372,183.808,168.022,134.968,199.619,182.867,187.781,353.640,0.3102,0.0000,0.1673,0.9500,0.00,0.00,0.00,0.00
1342.00,180.000,180.000,170.000,175.000,175.332,184.038,168.111,133.992,175.381,183.796,168.019,135.018,199.771,182.850,187.792,353.687,0.3102,0.0000,0.1674,0.9500,0.00,0.00,0.00,0.00
1343.00,180.000,180.000,170.000,175.000,175.335,184.026,168.107,134.042,175.391,183.783,168.015,135.068,199.922,182.833,187.802,353.735,0.3102,0.0000,0.1674,0.9500,0.00,0.00,0.00,0.00
1344.00,180.000,180.000,170.000,175.000,175.338,184.014,168.102,134.093,175.401,183.771,168.011,135.119,200.072,182.815,187.813,353.782,0.3102,0.0000,0.1674,0.9500,0.00,0.00,0.00,0.00
1345.00,180.000,180.000,170.000,175.000,175.341,184.002,168.098,134.144,175.411,183.759,168.008,135.169,200.221,182.798,187.823,353.829,0.3102,0.0000,0.1675,0.9500,0.00,0.00,0.00,0.00
1346.00,180.000,180.000,170.000,175.000,175.344,183.990,168.093,134.194,175.422,183.746,168.004,135.219,200.369,182.781,187.834,353.876,0.3102,0.0000,0.1675,0.9500,0.00,0.00,0.00,0.00
1347.00,180.000,180.000,170.000,175.000,175.348,183.978,168.089,134.245,175.433,183.734,168.001,135.269,200.516,182.764,187.844,353.923,0.3102,0.0000,0.1675,0.9500,0.00,0.00,0.00,0.00
1348.00,180.000,180.000,170.000,175.000,175.353,183.966,168.085,134.295,175.444,183.722,167.997,135.318,200.658,182.747,187.854,353.970,0.3036,0.0000,0.1676,0.9500,0.00,0.00,0.00,0.00
1349.00,180.000,180.000,170.000,175.000,175.357,183.954,168.080,134.346,175.456,183.709,167.994,135.368,200.793,182.730,187.864,354.017,0.3036,0.0000,0.1676,0.9500,0.00,0.00,0.00,0.00
1350.00,180.000,180.000,170.000,175.000,175.362,183.942,168.076,134.396,175.467,183.697,167.991,135.418,200.927,182.713,187.874,354.064,0.3036,0.0000,0.1676,0.9500,0.00,0.00,0.00,0.00
1351.00,180.000,180.000,170.000,175.000,175.367,183.929,168.072,134.447,175.479,183.684,167.987,135.468,201.061,182.696,187.884,354.111,0.3036,0.0000,0.1677,0.9500,0.00,0.00,0.00,0.00
1352.00,180.000,180.000,170.000,175.000,175.373,183.917,168.068,134.497,175.492,183.672,167.984,135.518,201.194,182.679,187.894,354.158,0.3036,0.0000,0.1677,0.9500,0.00,0.00,0.00,0.00
1353.00,180.000,180.000,170.000,175.000,175.379,183.905,168.064,134.548,175.504,183.660,167.981,135.568,201.326,182.662,187.904,354.205,0.3036,0.0000,0.1677,0.9500,0.00,0.00,0.00,0.00
1354.00,180.000,180.000,170.000,175.000,175.385,183.893,168.059,134.598,175.517,183.647,167.978,135.618,201.457,182.645,187.913,354.251,0.3036,0.0000,0.1678,0.9500,0.00,0.00,0.00,0.00
1355.00,180.000,180.000,170.000,175.000,175.392,183.881,168.055,134.648,175.530,183.635,167.975,135.667,201.587,182.629,187.923,354.298,0.3036,0.0000,0.1678,0.9500,0.00,0.00,0.00,0.00
1356.00,180.000,180.000,170.000,175.000,175.399,183.869,168.051,134.699,175.544,183.622,167.971,135.717,201.716,182.612,187.932,354.345,0.3036,0.0000,0.1678,0.9500,0.00,0.00,0.00,0.00
1357.00,180.000,180.000,170.000,175.000,175.406,183.857,168.048,134.749,175.557,183.610,167.968,135.767,201.845,182.595,187.943,354.391,0.3036,0.0000,0.1699,0.9500,0.00,0.00,0.00,0.00
1358.00,180.000,180.000,170.000,175.000,175.414,183.844,168.044,134.799,175.571,183.597,167.965,135.817,201.973,182.579,187.955,354.438,0.3036,0.0000,0.1699,0.9500,0.00,0.00,0.00,0.00
1359.00,180.000,180.000,170.000,175.000,175.421,183.832,168.040,134.849,175.586,183.585,167.962,135.866,202.100,182.562,187.967,354.484,0.3036,0.0000,0.1699,0.9500,0.00,0.00,0.00,0.00
1360.00,180.000,180.000,170.000,175.000,175.430,183.820,168.036,134.900,175.600,183.572,167.960,135.916,202.226,182.545,187.978,354.530,0.3036,0.0000,0.1700,0.9500,0.00,0.00,0.00,0.00
1361.00,180.000,180.000,170.000,175.000,175.438,183.808,168.032,134.950,175.615,183.560,167.957,135.966,202.352,182.529,187.990,354.577,0.3036,0.0000,0.1700,0.9500,0.00,0.00,0.00,0.00
1362.00,180.000,180.000,170.000,175.000,175.447,183.796,168.028,135.000,175.630,183.547,167.954,136.016,202.477,182.512,188.003,354.623,0.3036,0.0000,0.1700,0.9500,0.00,0.00,0.00,0.00
1363.00,180.000,180.000,170.000,175.000,175.456,183.783,168.025,135.050,175.645,183.535,167.951,136.065,202.597,182.496,188.016,354.669,0.2970,0.0000,0.1701,0.9500,0.00,0.00,0.00,0.00
1364.00,180.000,180.000,170.000,175.000,175.465,183.771,168.021,135.100,175.660,183.522,167.948,136.115,202.713,182.479,188.030,354.715,0.2970,0.0000,0.1701,0.9500,0.00,0.00,0.00,0.00
1365.00,180.000,180.000,170.000,175.000,175.475,183.759,168.018,135.150,175.676,183.510,167.946,136.164,202.828,182.463,188.044,354.761,0.2970,0.0000,0.1701,0.9500,0.00,0.00,0.00,0.00
1366.00,180.000,180.000,170.000,175.000,175.485,183.746,168.014,135.200,175.692,183.497,167.943,136.214,202.942,182.446,188.057,354.807,0.2970,0.0000,0.1702,0.9500,0.00,0.00,0.00,0.00
1367.00,180.000,180.000,170.000,175.000,175.495,183.734,168.011,135.250,175.708,183.485,167.940,136.264,203.056,182.430,188.071,354.853,0.2970,0.0000,0.1702,0.9500,0.00,0.00,0.00,0.00
1368.00,180.000,180.000,170.000,175.000,175.506,183.722,168.007,135.301,175.724,183.472,167.938,136.313,203.169,182.414,188.084,354.899,0.2970,0.0000,0.1702,0.9500,0.00,0.00,0.00,0.00
1369.00,180.000,180.000,170.000,175.000,175.517,183.710,168.004,135.351,175.740,183.460,167.935,136.363,203.282,182.398,188.097,354.945,0.2970,0.0000,0.1703,0.9500,0.00,0.00,0.00,0.00
1370.00,180.000,180.000,170.000,175.000,175.528,183.697,168.000,135.401,175.757,183.447,167.933,136.412,203.393,182.381,188.110,354.991,0.2970,0.0000,0.1703,0.9500,0.00,0.00,0.00,0.00
1371.00,180.000,180.000,170.000,175.000,175.539,183.685,167.997,135.450,175.774,183.435,167.931,136.462,203.505,182.365,188.123,355.037,0.2970,0.0000,0.1703,0.9500,0.00,0.00,0.00,0.00
1372.00,180.000,180.000,170.000,175.000,175.551,183.673,167.994,135.500,175.791,183.422,167.928,136.511,203.615,182.349,188.136,355.083,0.2904,0.0000,0.1704,0.9500,0.00,0.00,0.00,0.00
1373.00,180.000,180.000,170.000,175.000,175.563,183.660,167.991,135.550,175.808,183.410,167.926,136.561,203.717,182.333,188.149,355.128,0.2904,0.0000,0.1704,0.9500,0.00,0.00,0.00,0.00
1374.00,180.000,180.000,170.000,175.000,175.575,183.648,167.987,135.600,175.826,183.397,167.924,136.610,203.819,182.317,188.162,355.174,0.2904,0.0000,0.1704,0.9500,0.00,0.00,0.00,0.00
1375.00,180.000,180.000,170.000,175.000,175.587,183.635,167.984,135.650,175.844,183.385,167.921,136.660,203.920,182.301,188.174,355.220,0.2904,0.0000,0.1705,0.9500,0.00,0.00,0.00,0.00
1376.00,180.000,180.000,170.000,175.000,175.600,183.623,167.981,135.700,175.862,183.372,167.919,136.709,204.021,182.285,188.187,355.265,0.2904,0.0000,0.1705,0.9500,0.00,0.00,0.00,0.00
1377.00,180.000,180.000,170.000,175.000,175.613,183.611,167.978,135.750,175.880,183.360,167.917,136.758,204.121,182.269,188.199,355.311,0.2904,0.0000,0.1705,0.9500,0.00,0.00,0.00,0.00
1378.00,180.000,180.000,170.000,175.000,175.626,183.598,167.975,135.800,175.898,183.347,167.915,136.808,204.220,182.253,188.212,355.356,0.2904,0.0000,0.1706,0.9500,0.00,0.00,0.00,0.00
1379.00,180.000,180.000,170.000,175.000,175.640,183.586,167.972,135.849,175.916,183.334,167.913,136.857,204.319,182.237,188.224,355.402,0.2904,0.0000,0.1706,0.9500,0.00,0.00,0.00,0.00
1380.00,180.000,180.000,170.000,175.000,175.654,183.573,167.969,135.899,175.935,183.322,167.911,136.907,204.412,182.221,188.236,355.447,0.2838,0.0000,0.1706,0.9500,0.00,0.00,0.00,0.00
1381.00,180.000,180.000,170.000,175.000,175.667,183.561,167.966,135.949,175.954,183.309,167.909,136.956,204.500,182.205,188.248,355.492,0.2838,0.0000,0.1707,0.9500,0.00,0.00,0.00,0.00
1382.00,180.000,180.000,170.000,175.000,175.682,183.549,167.963,135.999,175.973,183.297,167.907,137.005,204.588,182.189,188.260,355.538,0.2838,0.0000,0.1707,0.9500,0.00,0.00,0.00,0.00
1383.00,180.000,180.000,170.000,175.000,175.696,183.536,167.961,136.048,175.992,183.284,167.905,137.055,204.675,182.174,188.272,355.583,0.2838,0.0000,0.1707,0.9500,0.00,0.00,0.00,0.00
1384.00,180.000,180.000,170.000,175.000,175.711,183.524,167.958,136.098,176.011,183.272,167.903,137.104,204.761,182.158,188.284,355.628,0.2838,0.0000,0.1708,0.9500,0.00,0.00,0.00,0.00
1385.00,180.000,180.000,170.000,175.000,175.726,183.511,167.955,136.148,176.031,183.259,167.901,137.153,204.847,182.142,188.295,355.673,0.2838,0.0000,0.1708,0.9500,0.00,0.00,0.00,0.00
1386.00,180.000,180.000,170.000,175.000,175.741,183.499,167.953,136.197,176.050,183.246,167.900,137.203,204.933,182.126,188.307,355.718,0.2838,0.0000,0.1708,0.9500,0.00,0.00,0.00,0.00
1387.00,180.000,180.000,170.000,175.000,175.756,183.486,167.950,136.247,176.070,183.234,167.898,137.252,205.014,182.111,188.319,355.763,0.2772,0.0000,0.1729,0.9500,0.00,0.00,0.00,0.00
1388.00,180.000,180.000,170.000,175.000,175.772,183.474,167.947,136.297,176.090,183.221,167.896,137.301,205.091,182.095,188.333,355.808,0.2772,0.0000,0.1729,0.9500,0.00,0.00,0.00,0.00
1389.00,180.000,180.000,170.000,175.000,175.787,183.461,167.945,136.346,176.110,183.209,167.894,137.350,205.168,182.080,188.346,355.853,0.2772,0.0000,0.1729,0.9500,0.00,0.00,0.00,0.00
1390.00,180.000,180.000,170.000,175.000,175.803,183.449,167.942,136.396,176.130,183.196,167.893,137.400,205.244,182.064,188.360,355.898,0.2772,0.0000,0.1730,0.9500,0.00,0.00,0.00,0.00
1391.00,180.000,180.000,170.000,175.000,175.820,183.436,167.940,136.445,176.150,183.184,167.891,137.449,205.320,182.049,188.374,355.943,0.2772,0.0000,0.1730,0.9500,0.00,0.00,0.00,0.00
1392.00,180.000,180.000,170.000,175.000,175.836,183.424,167.938,136.495,176.171,183.171,167.890,137.498,205.396,182.033,188.387,355.988,0.2772,0.0000,0.1731,0.9500,0.00,0.00,0.00,0.00
1393.00,180.000,180.000,170.000,175.000,175.853,183.411,167.935,136.544,176.191,183.158,167.888,137.547,205.471,182.018,188.401,356.033,0.2706,0.0000,0.1731,0.9500,0.00,0.00,0.00,0.00
1394.00,180.000,180.000,170.000,175.000,175.869,183.399,167.933,136.594,176.212,183.146,167.887,137.596,205.539,182.002,188.414,356.077,0.2706,0.0000,0.1731,0.9500,0.00,0.00,0.00,0.00
1395.00,180.000,180.000,170.000,175.000,175.886,183.386,167.931,136.643,176.233,183.133,167.885,137.645,205.606,181.987,188.427,356.122,0.2706,0.0000,0.1732,0.9500,0.00,0.00,0.00,0.00
1396.00,180.000,180.000,170.000,175.000,175.903,183.374,167.928,136.693,176.253,183.121,167.884,137.695,205.673,181.972,188.440,356.167,0.2706,0.0000,0.1732,0.9500,0.00,0.00,0.00,0.00
1397.00,180.000,180.000,170.000,175.000,175.921,183.361,167.926,136.742,176.274,183.108,167.883,137.744,205.739,181.956,188.453,356.211,0.2706,0.0000,0.1732,0.9500,0.00,0.00,0.00,0.00
1398.00,180.000,180.000,170.000,175.000,175.938,183.349,167.924,136.792,176.296,183.096,167.882,137.793,205.805,181.941,188.466,356.256,0.2706,0.0000,0.1733,0.9500,0.00,0.00,0.00,0.00
1399.00,180.000,180.000,170.000,175.000,175.956,183.336,167.922,136.841,176.317,183.083,167.880,137.842,205.866,181.926,188.479,356.300,0.2640,0.0000,0.1733,0.9500,0.00,0.00,0.00,0.00
1400.00,180.000,180.000,170.000,175.000,175.974,183.324,167.920,136.891,176.338,183.070,167.879,137.891,205.922,181.911,188.492,356.345,0.2640,0.0000,0.1733,0.9500,0.00,0.00,0.00,0.00
1401.00,180.000,180.000,170.000,175.000,175.992,183.311,167.918,136.940,176.359,183.058,167.878,137.940,205.977,181.896,188.505,356.389,0.2640,0.0000,0.1734,0.9500,0.00,0.00,0.00,0.00
1402.00,180.000,180.000,170.000,175.000,176.010,183.299,167.916,136.989,176.381,183.045,167.877,137.989,206.032,181.881,188.517,356.434,0.2640,0.0000,0.1734,0.9500,0.00,0.00,0.00,0.00
1403.00,180.000,180.000,170.000,175.000,176.028,183.286,167.914,137.039,176.403,183.033,167.876,138.038,206.087,181.865,188.530,356.478,0.2640,0.0000,0.1734,0.9500,0.00,0.00,0.00,0.00
1404.00,180.000,180.000,170.000,175.000,176.047,183.274,167.912,137.088,176.424,183.020,167.875,138.087,206.142,181.850,188.542,356.522,0.2640,0.0000,0.1735,0.9500,0.00,0.00,0.00,0.00
1405.00,180.000,180.000,170.000,175.000,176.066,183.261,167.910,137.137,176.446,183.008,167.874,138.136,206.189,181.835,188.554,356.567,0.2574,0.0000,0.1735,0.9500,0.00,0.00,0.00,0.00
1406.00,180.000,180.000,170.000,175.000,176.084,183.249,167.909,137.187,176.468,182.995,167.873,138.185,206.236,181.820,188.567,356.611,0.2574,0.0000,0.1736,0.9500,0.00,0.00,0.00,0.00
1407.00,180.000,180.000,170.000,175.000,176.103,183.236,167.907,137.236,176.490,182.983,167.872,138.234,206.283,181.805,188.579,356.655,0.2574,0.0000,0.1736,0.9500,0.00,0.00,0.00,0.00
1408.00,180.000,180.000,170.000,175.000,176.122,183.224,167.905,137.285,176.512,182.970,167.871,138.283,206.329,181.791,188.591,356.699,0.2574,0.0000,0.1736,0.9500,0.00,0.00,0.00,0.00
1409.00,180.000,180.000,170.000,175.000,176.142,183.211,167.903,137.335,176.534,182.958,167.870,138.332,206.376,181.776,188.603,356.743,0.2574,0.0000,0.1737,0.9500,0.00,0.00,0.00,0.00
1410.00,180.000,180.000,170.000,175.000,176.161,183.199,167.902,137.384,176.556,182.945,167.869,138.381,206.418,181.761,188.615,356.787,0.2508,0.0000,0.1737,0.9500,0.00,0.00,0.00,0.00
1411.00,180.000,180.000,170.000,175.000,176.181,183.186,167.900,137.433,176.578,182.933,167.869,138.430,206.457,181.746,188.626,356.831,0.2508,0.0000,0.1737,0.9500,0.00,0.00,0.00,0.00
1412.00,180.000,180.000,170.000,175.000,176.200,183.174,167.899,137.482,176.600,182.920,167.868,138.479,206.495,181.731,188.638,356.875,0.2508,0.0000,0.1738,0.9500,0.00,0.00,0.00,0.00
1413.00,180.000,180.000,170.000,175.000,176.220,183.161,167.897,137.532,176.622,182.908,167.867,138.528,206.534,181.716,188.650,356.919,0.2508,0.0000,0.1738,0.9500,0.00,0.00,0.00,0.00
1414.00,180.000,180.000,170.000,175.000,176.240,183.149,167.896,137.581,176.644,182.895,167.866,138.577,206.572,181.702,188.661,356.963,0.2508,0.0000,0.1738,0.9500,0.00,0.00,0.00,0.00
1415.00,180.000,180.000,170.000,175.000,176.260,183.136,167.894,137.630,176.667,182.883,167.866,138.626,206.607,181.687,188.673,357.007,0.2442,0.0000,0.1739,0.9500,0.00,0.00,0.00,0.00
1416.00,180.000,180.000,170.000,175.000,176.280,183.124,167.893,137.679,176.689,182.870,167.865,138.675,206.637,181.672,188.684,357.051,0.2442,0.0000,0.1739,0.9500,0.00,0.00,0.00,0.00
1417.00,180.000,180.000,170.000,175.000,176.300,183.111,167.892,137.728,176.711,182.858,167.865,138.723,206.668,181.658,188.696,357.095,0.2442,0.0000,0.1739,0.9500,0.00,0.00,0.00,0.00
1418.00,180.000,180.000,170.000,175.000,176.321,183.098,167.890,137.777,176.734,182.845,167.864,138.772,206.698,181.643,188.707,357.138,0.2442,0.0000,0.1740,0.9500,0.00,0.00,0.00,0.00
1419.00,180.000,180.000,170.000,175.000,176.341,183.086,167.889,137.827,176.756,182.833,167.864,138.821,206.729,181.629,188.719,357.182,0.2442,0.0000,0.1740,0.9500,0.00,0.00,0.00,0.00
1420.00,180.000,180.000,170.000,175.000,176.362,183.073,167.888,137.876,176.779,182.820,167.863,138.870,206.754,181.614,188.733,357.226,0.2376,0.0000,0.1741,0.9500,0.00,0.00,0.00,0.00
1421.00,180.000,180.000,170.000,175.000,176.382,183.061,167.886,137.925,176.801,182.808,167.863,138.919,206.775,181.600,188.746,357.269,0.2376,0.0000,0.1741,0.9500,0.00,0.00,0.00,0.00
1422.00,180.000,180.000,170.000,175.000,176.403,183.048,167.885,137.974,176.824,182.795,167.862,138.968,206.796,181.585,188.760,357.313,0.2376,0.0000,0.1741,0.9500,0.00,0.00,0.00,0.00
1423.00,180.000,180.000,170.000,175.000,176.424,183.036,167.884,138.023,176.846,182.783,167.862,139.016,206.816,181.571,188.773,357.356,0.2376,0.0000,0.1742,0.9500,0.00,0.00,0.00,0.00
1424.00,180.000,180.000,170.000,175.000,176.445,183.023,167.883,138.072,176.869,182.770,167.862,139.065,206.837,181.556,188.786,357.400,0.2376,0.0000,0.1742,0.9500,0.00,0.00,0.00,0.00
1425.00,180.000,180.000,170.000,175.000,176.466,183.011,167.882,138.121,176.891,182.758,167.862,139.114,206.854,181.542,188.799,357.443,0.2310,0.0000,0.1742,0.9500,0.00,0.00,0.00,0.00
1426.00,180.000,180.000,170.000,175.000,176.487,182.998,167.881,138.170,176.914,182.746,167.861,139.163,206.867,181.528,188.812,357.487,0.2310,0.0000,0.1743,0.9500,0.00,0.00,0.00,0.00
1427.00,180.000,180.000,170.000,175.000,176.508,182.986,167.880,138.219,176.937,182.733,167.861,139.211,206.880,181.513,188.825,357.530,0.2310,0.0000,0.1743,0.9500,0.00,0.00,0.00,0.00
1428.00,180.000,180.000,170.000,175.000,176.529,182.973,167.879,138.268,176.959,182.721,167.861,139.260,206.894,181.499,188.838,357.574,0.2310,0.0000,0.1743,0.9500,0.00,0.00,0.00,0.00
1429.00,180.000,180.000,170.000,175.000,176.550,182.961,167.878,138.317,176.982,182.708,167.861,139.309,206.907,181.485,188.851,357.617,0.2244,0.0000,0.1744,0.9500,0.00,0.00,0.00,0.00
1430.00,180.000,180.000,170.000,175.000,176.571,182.949,167.877,138.366,177.004,182.696,167.861,139.357,206.913,181.471,188.863,357.660,0.2244,0.0000,0.1744,0.9500,0.00,0.00,0.00,0.00
1431.00,180.000,180.000,170.000,175.000,176.593,182.936,167.877,138.415,177.027,182.684,167.861,139.406,206.919,181.456,188.876,357.703,0.2244,0.0000,0.1744,0.9500,0.00,0.00,0.00,0.00
1432.00,180.000,180.000,170.000,175.000,176.614,182.924,167.876,138.464,177.049,182.671,167.861,139.455,206.926,181.442,188.888,357.747,0.2244,0.0000,0.1745,0.9500,0.00,0.00,0.00,0.00
1433.00,180.000,180.000,170.000,175.000,176.636,182.911,167.875,138.513,177.072,182.659,167.861,139.503,206.932,181.428,188.901,357.790,0.2244,0.0000,0.1745,0.9500,0.00,0.00,0.00,0.00
1434.00,180.000,180.000,170.000,175.000,176.657,182.899,167.874,138.562,177.094,182.647,167.861,139.552,206.934,181.414,188.913,357.833,0.2178,0.0000,0.1746,0.9500,0.00,0.00,0.00,0.00
1435.00,180.000,180.000,170.000,175.000,176.679,182.886,167.874,138.611,177.117,182.634,167.861,139.601,206.930,181.400,188.925,357.876,0.2178,0.0000,0.1746,0.9500,0.00,0.00,0.00,0.00
1436.00,180.000,180.000,170.000,175.000,176.701,182.874,167.873,138.660,177.139,182.622,167.861,139.649,206.927,181.386,188.937,357.919,0.2178,0.0000,0.1746,0.9500,0.00,0.00,0.00,0.00
1437.00,180.000,180.000,170.000,175.000,176.722,182.861,167.873,138.708,177.161,182.610,167.861,139.698,206.925,181.372,188.950,357.962,0.2178,0.0000,0.1747,0.9500,0.00,0.00,0.00,0.00
1438.00,180.000,180.000,170.000,175.000,176.744,182.849,167.872,138.757,177.184,182.597,167.861,139.746,206.922,181.358,188.962,358.005,0.2178,0.0000,0.1747,0.9500,0.00,0.00,0.00,0.00
1439.00,180.000,180.000,170.000,175.000,176.766,182.836,167.871,138.806,177.206,182.585,167.862,139.795,206.916,181.344,188.973,358.048,0.2112,0.0000,0.1747,0.9500,0.00,0.00,0.00,0.00
1440.00,180.000,180.000,170.000,175.000,176.787,182.824,167.871,138.855,177.228,182.573,167.862,139.843,206.906,181.330,188.985,358.091,0.2112,0.0000,0.1748,0.9500,0.00,0.00,0.00,0.00
1441.00,180.000,180.000,170.000,175.000,176.809,182.812,167.871,138.904,177.251,182.560,167.862,139.892,206.897,181.316,188.997,358.134,0.2112,0.0000,0.1748,0.9500,0.00,0.00,0.00,0.00
1442.00,180.000,180.000,170.000,175.000,176.831,182.799,167.870,138.953,177.273,182.548,167.862,139.940,206.888,181.302,189.009,358.177,0.2112,0.0000,0.1748,0.9500,0.00,0.00,0.00,0.00
1443.00,180.000,180.000,170.000,175.000,176.853,182.787,167.870,139.001,177.295,182.536,167.863,139.989,206.879,181.289,189.020,358.220,0.2046,0.0000,0.1749,0.9500,0.00,0.00,0.00,0.00
1444.00,180.000,180.000,170.000,175.000,176.875,182.774,167.869,139.050,177.317,182.524,167.863,140.037,206.862,181.275,189.032,358.263,0.2046,0.0000,0.1749,0.9500,0.00,0.00,0.00,0.00
1445.00,180.000,180.000,170.000,175.000,176.896,182.762,167.869,139.099,177.339,182.511,167.864,140.086,206.846,181.261,189.043,358.305,0.2046,0.0000,0.1749,0.9500,0.00,0.00,0.00,0.00
1446.00,180.000,180.000,170.000,175.000,176.918,182.750,167.869,139.148,177.361,182.499,167.864,140.134,206.831,181.247,189.055,358.348,0.2046,0.0000,0.1750,0.9500,0.00,0.00,0.00,0.00
1447.00,180.000,180.000,170.000,175.000,176.940,182.737,167.869,139.196,177.383,182.487,167.864,140.183,206.816,181.234,189.066,358.391,0.2046,0.0000,0.1750,0.9500,0.00,0.00,0.00,0.00
1448.00,180.000,180.000,170.000,175.000,176.962,182.725,167.868,139.245,177.405,182.475,167.865,140.231,206.795,181.220,189.077,358.433,0.1980,0.0000,0.1751,0.9500,0.00,0.00,0.00,0.00
1449.00,180.000,180.000,170.000,175.000,176.984,182.713,167.868,139.294,177.426,182.463,167.866,140.279,206.771,181.206,189.089,358.476,0.1980,0.0000,0.1751,0.9500,0.00,0.00,0.00,0.00
1450.00,180.000,180.000,170.000,175.000,177.006,182.700,167.868,139.342,177.448,182.450,167.866,140.328,206.746,181.193,189.100,358.519,0.1980,0.0000,0.1751,0.9500,0.00,0.00,0.00,0.00
1451.00,180.000,180.000,170.000,175.000,177.028,182.688,167.868,139.391,177.470,182.438,167.867,140.376,206.722,181.179,189.111,358.561,0.1980,0.0000,0.1752,0.9500,0.00,0.00,0.00,0.00
1452.00,180.000,180.000,170.000,175.000,177.049,182.676,167.868,139.440,177.491,182.426,167.867,140.424,206.699,181.166,189.122,358.604,0.1980,0.0000,0.1752,0.9500,0.00,0.00,0.00,0.00
1453.00,180.000,180.000,170.000,175.000,177.071,182.663,167.868,139.488,177.513,182.414,167.868,140.473,206.668,181.152,189.132,358.646,0.1914,0.0000,0.1752,0.9500,0.00,0.00,0.00,0.00
1454.00,180.000,180.000,170.000,175.000,177.093,182.651,167.868,139.537,177.534,182.402,167.869,140.521,206.637,181.139,189.143,358.689,0.1914,0.0000,0.1753,0.9500,0.00,0.00,0.00,0.00
1455.00,180.000,180.000,170.000,175.000,177.115,182.639,167.868,139.585,177.555,182.390,167.869,140.569,206.607,181.125,189.154,358.731,0.1914,0.0000,0.1753,0.9500,0.00,0.00,0.00,0.00
1456.00,180.000,180.000,170.000,175.000,177.137,182.626,167.868,139.634,177.576,182.378,167.870,140.617,206.578,181.112,189.165,358.774,0.1914,0.0000,0.1753,0.9500,0.00,0.00,0.00,0.00
1457.00,180.000,180.000,170.000,175.000,177.158,182.614,167.868,139.683,177.598,182.366,167.871,140.666,206.545,181.098,189.175,358.816,0.1848,0.0000,0.1754,0.9500,0.00,0.00,0.00,0.00
1458.00,180.000,180.000,170.000,175.000,177.180,182.602,167.868,139.731,177.619,182.353,167.872,140.714,206.508,181.085,189.186,358.858,0.1848,0.0000,0.1754,0.9500,0.00,0.00,0.00,0.00
1459.00,180.000,180.000,170.000,175.000,177.202,182.590,167.868,139.780,177.640,182.341,167.872,140.762,206.473,181.072,189.196,358.901,0.1848,0.0000,0.1754,0.9500,0.00,0.00,0.00,0.00
1460.00,180.000,180.000,170.000,175.000,177.223,182.577,167.869,139.828,177.660,182.329,167.873,140.810,206.437,181.058,189.207,358.943,0.1848,0.0000,0.1755,0.9500,0.00,0.00,0.00,0.00
1461.00,180.000,180.000,170.000,175.000,177.245,182.565,167.869,139.877,177.681,182.317,167.874,140.858,206.402,181.045,189.217,358.985,0.1848,0.0000,0.1755,0.9500,0.00,0.00,0.00,0.00
1462.00,180.000,180.000,170.000,175.000,177.266,182.553,167.869,139.925,177.702,182.305,167.875,140.907,206.360,181.032,189.227,359.027,0.1782,0.0000,0.1756,0.9500,0.00,0.00,0.00,0.00
1463.00,180.000,180.000,170.000,175.000,177.288,182.541,167.869,139.974,177.722,182.293,167.876,140.955,206.318,181.019,189.238,359.070,0.1782,0.0000,0.1756,0.9500,0.00,0.00,0.00,0.00
1464.00,180.000,180.000,170.000,175.000,177.309,182.528,167.870,140.022,177.743,182.281,167.877,141.003,206.277,181.005,189.248,359.112,0.1782,0.0000,0.1756,0.9500,0.00,0.00,0.00,0.00
1465.00,180.000,180.000,170.000,175.000,177.331,182.516,167.870,140.070,177.763,182.269,167.878,141.051,206.236,180.992,189.258,359.154,0.1782,0.0000,0.1757,0.9500,0.00,0.00,0.00,0.00
1466.00,180.000,180.000,170.000,175.000,177.352,182.504,167.871,140.119,177.783,182.257,167.879,141.099,206.196,180.979,189.268,359.196,0.1716,0.0000,0.1757,0.9500,0.00,0.00,0.00,0.00
1467.00,180.000,180.000,170.000,175.000,177.373,182.492,167.871,140.167,177.803,182.245,167.880,141.147,206.146,180.966,189.278,359.238,0.1716,0.0000,0.1757,0.9500,0.00,0.00,0.00,0.00
1468.00,180.000,180.000,170.000,175.000,177.394,182.480,167.871,140.216,177.823,182.233,167.881,141.195,206.097,180.953,189.288,359.280,0.1716,0.0000,0.1758,0.9500,0.00,0.00,0.00,0.00
1469.00,180.000,180.000,170.000,175.000,177.416,182.467,167.872,140.264,177.843,182.221,167.882,141.243,206.048,180.940,189.298,359.322,0.1716,0.0000,0.1758,0.9500,0.00,0.00,0.00,0.00
1470.00,180.000,180.000,170.000,175.000,177.437,182.455,167.872,140.312,177.863,182.210,167.883,141.291,206.000,180.927,189.308,359.364,0.1716,0.0000,0.1758,0.9500,0.00,0.00,0.00,0.00
1471.00,180.000,180.000,170.000,175.000,177.458,182.443,167.873,140.361,177.882,182.198,167.884,141.339,205.948,180.914,189.317,359.406,0.1650,0.0000,0.1759,0.9500,0.00,0.00,0.00,0.00
1472.00,180.000,180.000,170.000,175.000,177.479,182.431,167.874,140.409,177.902,182.186,167.886,141.387,205.893,180.901,189.327,359.448,0.1650,0.0000,0.1759,0.9500,0.00,0.00,0.00,0.00
1473.00,180.000,180.000,170.000,175.000,177.500,182.419,167.874,140.457,177.921,182.174,167.887,141.435,205.839,180.888,189.337,359.490,0.1650,0.0000,0.1759,0.9500,0.00,0.00,0.00,0.00
1474.00,180.000,180.000,170.000,175.000,177.520,182.407,167.875,140.506,177.940,182.162,167.888,141.483,205.786,180.875,189.346,359.532,0.1650,0.0000,0.1760,0.9500,0.00,0.00,0.00,0.00
1475.00,180.000,180.000,170.000,175.000,177.541,182.395,167.875,140.554,177.959,182.150,167.889,141.531,205.733,180.862,189.356,359.574,0.1650,0.0000,0.1760,0.9500,0.00,0.00,0.00,0.00
1476.00,180.000,180.000,170.000,175.000,177.562,182.383,167.876,140.602,177.978,182.138,167.890,141.578,205.676,180.849,189.368,359.615,0.1584,0.0000,0.1761,0.9500,0.00,0.00,0.00,0.00
1477.00,180.000,180.000,170.000,175.000,177.582,182.371,167.877,140.650,177.997,182.127,167.892,141.626,205.617,180.836,189.379,359.657,0.1584,0.0000,0.1761,0.9500,0.00,0.00,0.00,0.00
1478.00,180.000,180.000,170.000,175.000,177.603,182.359,167.878,140.698,178.016,182.115,167.893,141.674,205.558,180.823,189.391,359.699,0.1584,0.0000,0.1761,0.9500,0.00,0.00,0.00,0.00
1479.00,180.000,180.000,170.000,175.000,177.623,182.347,167.878,140.747,178.034,182.103,167.894,141.722,205.500,180.811,189.403,359.741,0.1584,0.0000,0.1762,0.9500,0.00,0.00,0.00,0.00
1480.00,180.000,180.000,170.000,175.000,177.643,182.335,167.879,140.795,178.053,182.091,167.896,141.770,205.442,180.798,189.415,359.782,0.1584,0.0000,0.1762,0.9500,0.00,0.00,0.00,0.00
1481.00,180.000,180.000,170.000,175.000,177.664,182.322,167.880,140.843,178.071,182.079,167.897,141.817,205.380,180.785,189.426,359.824,0.1518,0.0000,0.1762,0.9500,0.00,0.00,0.00,0.00
1482.00,180.000,180.000,170.000,175.000,177.684,182.310,167.881,140.891,178.089,182.068,167.899,141.865,205.313,180.772,189.438,359.866,0.1518,0.0000,0.1763,0.9500,0.00,0.00,0.00,0.00
1483.00,180.000,180.000,170.000,175.000,177.704,182.299,167.882,140.939,178.107,182.056,167.900,141.913,205.247,180.760,189.449,359.907,0.1518,0.0000,0.1763,0.9500,0.00,0.00,0.00,0.00
1484.00,180.000,180.000,170.000,175.000,177.724,182.287,167.883,140.987,178.125,182.044,167.902,141.961,205.182,180.747,189.461,359.949,0.1518,0.0000,0.1763,0.9500,0.00,0.00,0.00,0.00
1485.00,180.000,180.000,170.000,175.000,177.743,182.275,167.884,141.035,178.143,182.033,167.903,142.008,205.117,180.735,189.472,359.990,0.1518,0.0000,0.1764,0.9500,0.00,0.00,0.00,0.00
1486.00,180.000,180.000,170.000,175.000,177.763,182.263,167.885,141.083,178.160,182.021,167.905,142.056,205.049,180.722,189.483,360.032,0.1452,0.0000,0.1764,0.9500,0.00,0.00,0.00,0.00
1487.00,180.000,180.000,170.000,175.000,177.783,182.251,167.886,141.131,178.178,182.009,167.906,142.103,204.978,180.709,189.494,360.073,0.1452,0.0000,0.1764,0.9500,0.00,0.00,0.00,0.00
1488.00,180.000,180.000,170.000,175.000,177.802,182.239,167.887,141.179,178.195,181.998,167.908,142.151,204.908,180.697,189.505,360.115,0.1452,0.0000,0.1765,0.9500,0.00,0.00,0.00,0.00
1489.00,180.000,180.000,170.000,175.000,177.822,182.227,167.888,141.227,178.212,181.986,167.909,142.199,204.838,180.684,189.516,360.156,0.1452,0.0000,0.1765,0.9500,0.00,0.00,0.00,0.00
1490.00,180.000,180.000,170.000,175.000,177.841,182.215,167.889,141.275,178.229,181.974,167.911,142.246,204.769,180.672,189.527,360.197,0.1452,0.0000,0.1766,0.9500,0.00,0.00,0.00,0.00
1491.00,180.000,180.000,170.000,175.000,177.860,182.203,167.890,141.323,178.246,181.963,167.913,142.294,204.697,180.659,189.538,360.239,0.1386,0.0000,0.1766,0.9500,0.00,0.00,0.00,0.00
1492.00,180.000,180.000,170.000,175.000,177.879,182.191,167.891,141.371,178.262,181.951,167.914,142.341,204.622,180.647,189.549,360.280,0.1386,0.0000,0.1766,0.9500,0.00,0.00,0.00,0.00
1493.00,180.000,180.000,170.000,175.000,177.898,182.179,167.892,141.419,178.279,181.940,167.916,142.389,204.548,180.634,189.560,360.321,0.1386,0.0000,0.1767,0.9500,0.00,0.00,0.00,0.00
1494.00,180.000,180.000,170.000,175.000,177.917,182.168,167.893,141.467,178.295,181.928,167.918,142.436,204.474,180.622,189.571,360.363,0.1386,0.0000,0.1767,0.9500,0.00,0.00,0.00,0.00
1495.00,180.000,180.000,170.000,175.000,177.935,182.156,167.894,141.515,178.311,181.916,167.920,142.483,204.401,180.610,189.581,360.404,0.1386,0.0000,0.1767,0.9500,0.00,0.00,0.00,0.00
1496.00,180.000,180.000,170.000,175.000,177.954,182.144,167.896,141.563,178.327,181.905,167.921,142.531,204.328,180.597,189.592,360.445,0.1320,0.0000,0.1768,0.9500,0.00,0.00,0.00,0.00
1497.00,180.000,180.000,170.000,175.000,177.972,182.132,167.897,141.610,178.343,181.893,167.923,142.578,204.246,180.585,189.602,360.486,0.1320,0.0000,0.1768,0.9500,0.00,0.00,0.00,0.00
1498.00,180.000,180.000,170.000,175.000,177.990,182.120,167.898,141.658,178.358,181.882,167.925,142.625,204.165,180.573,189.613,360.528,0.1320,0.0000,0.1768,0.9500,0.00,0.00,0.00,0.00
1499.00,180.000,180.000,170.000,175.000,178.009,182.109,167.900,141.706,178.374,181.870,167.927,142.673,204.085,180.560,189.623,360.569,0.1320,0.0000,0.1769,0.9500,0.00,0.00,0.00,0.00
1500.00,180.000,180.000,170.000,175.000,178.027,182.097,167.901,141.754,178.389,181.859,167.929,142.720,204.005,180.548,189.634,360.610,0.1320,0.0000,0.1769,0.9500,0.00,0.00,0.00,0.00
1501.00,180.000,180.000,170.000,175.000,178.044,182.085,167.902,141.801,178.404,181.848,167.931,142.767,203.926,180.536,189.644,360.651,0.1320,0.0000,0.1769,0.9500,0.00,0.00,0.00,0.00
1502.00,180.000,180.000,170.000,175.000,178.062,182.073,167.904,141.849,178.419,181.836,167.932,142.814,203.844,180.524,189.654,360.692,0.1254,0.0000,0.1770,0.9500,0.00,0.00,0.00,0.00
1503.00,180.000,180.000,170.000,175.000,178.080,182.062,167.905,141.897,178.434,181.825,167.934,142.862,203.759,180.512,189.664,360.733,0.1254,0.0000,0.1770,0.9500,0.00,0.00,0.00,0.00
1504.00,180.000,180.000,170.000,175.000,178.097,182.050,167.907,141.944,178.448,181.813,167.936,142.909,203.675,180.499,189.675,360.774,0.1254,0.0000,0.1770,0.9500,0.00,0.00,0.00,0.00
1505.00,180.000,180.000,170.000,175.000,178.114,182.038,167.908,141.992,178.463,181.802,167.938,142.956,203.591,180.487,189.685,360.815,0.1254,0.0000,0.1771,0.9500,0.00,0.00,0.00,0.00
1506.00,180.000,180.000,170.000,175.000,178.132,182.027,167.910,142.040,178.477,181.791,167.940,143.003,203.508,180.475,189.695,360.856,0.1254,0.0000,0.1771,0.9500,0.00,0.00,0.00,0.00
1507.00,180.000,180.000,170.000,175.000,178.149,182.015,167.911,142.087,178.491,181.779,167.942,143.050,203.426,180.463,189.705,360.897,0.1254,0.0000,0.1772,0.9500,0.00,0.00,0.00,0.00
1508.00,180.000,180.000,170.000,175.000,178.166,182.003,167.913,142.135,178.505,181.768,167.944,143.097,203.337,180.451,189.714,360.938,0.1188,0.0000,0.1772,0.9500,0.00,0.00,0.00,0.00
1509.00,180.000,180.000,170.000,175.000,178.182,181.992,167.914,142.182,178.518,181.757,167.947,143.144,203.249,180.439,189.724,360.979,0.1188,0.0000,0.1772,0.9500,0.00,0.00,0.00,0.00
1510.00,180.000,180.000,170.000,175.000,178.199,181.980,167.916,142.230,178.532,181.745,167.949,143.191,203.162,180.427,189.734,361.019,0.1188,0.0000,0.1773,0.9500,0.00,0.00,0.00,0.00
1511.00,180.000,180.000,170.000,175.000,178.215,181.968,167.917,142.277,178.545,181.734,167.951,143.238,203.075,180.415,189.744,361.060,0.1188,0.0000,0.1773,0.9500,0.00,0.00,0.00,0.00
1512.00,180.000,180.000,170.000,175.000,178.231,181.957,167.919,142.325,178.558,181.723,167.953,143.285,202.989,180.403,189.754,361.101,0.1188,0.0000,0.1773,0.9500,0.00,0.00,0.00,0.00
1513.00,180.000,180.000,170.000,175.000,178.248,181.945,167.921,142.372,178.571,181.711,167.955,143.332,202.904,180.391,189.763,361.142,0.1188,0.0000,0.1774,0.9500,0.00,0.00,0.00,0.00
1514.00,180.000,180.000,170.000,175.000,178.264,181.934,167.922,142.419,178.584,181.700,167.957,143.379,202.812,180.379,189.773,361.182,0.1122,0.0000,0.1774,0.9500,0.00,0.00,0.00,0.00
1515.00,180.000,180.000,170.000,175.000,178.279,181.922,167.924,142.467,178.597,181.689,167.959,143.426,202.721,180.367,189.782,361.223,0.1122,0.0000,0.1774,0.9500,0.00,0.00,0.00,0.00
1516.00,180.000,180.000,170.000,175.000,178.295,181.911,167.926,142.514,178.609,181.678,167.962,143.473,202.631,180.355,189.792,361.264,0.1122,0.0000,0.1775,0.9500,0.00,0.00,0.00,0.00
1517.00,180.000,180.000,170.000,175.000,178.310,181.899,167.928,142.561,178.621,181.667,167.964,143.519,202.541,180.344,189.801,361.305,0.1122,0.0000,0.1775,0.9500,0.00,0.00,0.00,0.00
1518.00,180.000,180.000,170.000,175.000,178.326,181.888,167.930,142.609,178.633,181.655,167.966,143.566,202.452,180.332,189.811,361.345,0.1122,0.0000,0.1775,0.9500,0.00,0.00,0.00,0.00
1519.00,180.000,180.000,170.000,175.000,178.341,181.876,167.931,142.656,178.645,181.644,167.968,143.613,202.364,180.320,189.820,361.386,0.1122,0.0000,0.1776,0.9500,0.00,0.00,0.00,0.00
1520.00,180.000,180.000,170.000,175.000,178.356,181.865,167.933,142.703,178.657,181.633,167.971,143.659,202.272,180.308,189.829,361.426,0.1056,0.0000,0.1776,0.9500,0.00,0.00,0.00,0.00
1521.00,180.000,180.000,170.000,175.000,178.371,181.853,167.935,142.750,178.668,181.622,167.973,143.706,202.175,180.296,189.838,361.467,0.1056,0.0000,0.1777,0.9500,0.00,0.00,0.00,0.00
1522.00,180.000,180.000,170.000,175.000,178.385,181.842,167.937,142.798,178.679,181.611,167.975,143.753,202.079,180.285,189.848,361.507,0.1056,0.0000,0.1777,0.9500,0.00,0.00,0.00,0.00
1523.00,180.000,180.000,170.000,175.000,178.400,181.831,167.939,142.845,178.691,181.600,167.978,143.799,201.984,180.273,189.857,361.548,0.1056,0.0000,0.1777,0.9500,0.00,0.00,0.00,0.00
1524.00,180.000,180.000,170.000,175.000,178.414,181.819,167.941,142.892,178.701,181.589,167.980,143.846,201.890,180.261,189.866,361.588,0.1056,0.0000,0.1778,0.9500,0.00,0.00,0.00,0.00
1525.00,180.000,180.000,170.000,175.000,178.428,181.808,167.943,142.939,178.712,181.578,167.982,143.892,201.797,180.250,189.875,361.629,0.1056,0.0000,0.1778,0.9500,0.00,0.00,0.00,0.00
1526.00,180.000,180.000,170.000,175.000,178.442,181.796,167.945,142.986,178.723,181.567,167.985,143.939,201.704,180.238,189.884,361.669,0.1056,0.0000,0.1778,0.9500,0.00,0.00,0.00,0.00
1527.00,180.000,180.000,170.000,175.000,178.456,181.785,167.947,143.033,178.733,181.556,167.987,143.985,201.608,180.226,189.893,361.710,0.0990,0.0000,0.1779,0.9500,0.00,0.00,0.00,0.00
1528.00,180.000,180.000,170.000,175.000,178.470,181.774,167.949,143.080,178.743,181.545,167.990,144.032,201.510,180.215,189.902,361.750,0.0990,0.0000,0.1779,0.9500,0.00,0.00,0.00,0.00
1529.00,180.000,180.000,170.000,175.000,178.483,181.762,167.951,143.127,178.753,181.534,167.992,144.078,201.412,180.203,189.909,361.790,0.0990,0.0000,0.1759,0.9500,0.00,0.00,0.00,0.00
1530.00,180.000,180.000,170.000,175.000,178.496,181.751,167.953,143.174,178.763,181.523,167.995,144.125,201.315,180.192,189.916,361.830,0.0990,0.0000,0.1760,0.9500,0.00,0.00,0.00,0.00
1531.00,180.000,180.000,170.000,175.000,178.510,181.740,167.955,143.221,178.772,181.512,167.997,144.171,201.219,180.180,189.922,361.871,0.0990,0.0000,0.1760,0.9500,0.00,0.00,0.00,0.00
1532.00,180.000,180.000,170.000,175.000,178.523,181.729,167.957,143.268,178.782,181.501,168.000,144.217,201.124,180.168,189.931,361.911,0.0990,0.0000,0.1760,0.9500,0.00,0.00,0.00,0.00
1533.00,180.000,180.000,170.000,175.000,178.535,181.717,167.959,143.315,178.791,181.490,168.002,144.263,201.029,180.157,189.939,361.951,0.0990,0.0000,0.1761,0.9500,0.00,0.00,0.00,0.00
1534.00,180.000,180.000,170.000,175.000,178.548,181.706,167.961,143.362,178.800,181.479,168.005,144.310,200.935,180.145,189.948,361.991,0.0990,0.0000,0.1761,0.9500,0.00,0.00,0.00,0.00
1535.00,180.000,180.000,170.000,175.000,178.560,181.695,167.963,143.408,178.809,181.468,168.007,144.356,200.835,180.134,189.957,362.032,0.0924,0.0000,0.1761,0.9500,0.00,0.00,0.00,0.00
1536.00,180.000,180.000,170.000,175.000,178.573,181.684,167.966,143.455,178.818,181.457,168.010,144.402,200.735,180.123,189.965,362.072,0.0924,0.0000,0.1762,0.9500,0.00,0.00,0.00,0.00
1537.00,180.000,180.000,170.000,175.000,178.585,181.673,167.968,143.502,178.826,181.446,168.012,144.448,200.636,180.111,189.974,362.112,0.0924,0.0000,0.1762,0.9500,0.00,0.00,0.00,0.00
1538.00,180.000,180.000,170.000,175.000,178.596,181.661,167.970,143.549,178.834,181.436,168.015,144.494,200.538,180.100,189.982,362.152,0.0924,0.0000,0.1762,0.9500,0.00,0.00,0.00,0.00
1539.00,180.000,180.000,170.000,175.000,178.608,181.650,167.972,143.595,178.842,181.425,168.018,144.540,200.440,180.088,189.991,362.192,0.0924,0.0000,0.1763,0.9500,0.00,0.00,0.00,0.00
1540.00,180.000,180.000,170.000,175.000,178.620,181.639,167.974,143.642,178.850,181.414,168.020,144.586,200.344,180.077,189.999,362.232,0.0924,0.0000,0.1763,0.9500,0.00,0.00,0.00,0.00
1541.00,180.000,180.000,170.000,175.000,178.631,181.628,167.977,143.689,178.858,181.403,168.023,144.632,200.248,180.066,190.008,362.272,0.0924,0.0000,0.1763,0.9500,0.00,0.00,0.00,0.00
1542.00,180.000,180.000,170.000,175.000,178.642,181.617,167.979,143.735,178.865,181.392,168.026,144.678,200.153,180.054,190.016,362.312,0.0924,0.0000,0.1764,0.9500,0.00,0.00,0.00,0.00
1543.00,180.000,180.000,170.000,175.000,178.653,181.606,167.981,143.782,178.873,181.382,168.028,144.724,200.054,180.043,190.024,362.352,0.0858,0.0000,0.1764,0.9500,0.00,0.00,0.00,0.00
1544.00,180.000,180.000,170.000,175.000,178.664,181.595,167.984,143.828,178.880,181.371,168.031,144.770,199.950,180.032,190.032,362.392,0.0858,0.0000,0.1765,0.9500,0.00,0.00,0.00,0.00
1545.00,180.000,180.000,170.000,175.000,178.675,181.584,167.986,143.875,178.887,181.360,168.034,144.816,199.848,180.021,190.041,362.432,0.0858,0.0000,0.1765,0.9500,0.00,0.00,0.00,0.00
1546.00,180.000,180.000,170.000,175.000,178.685,181.573,167.988,143.921,178.893,181.349,168.036,144.862,199.746,180.009,190.049,362.472,0.0858,0.0000,0.1765,0.9500,0.00,0.00,0.00,0.00
1547.00,180.000,180.000,170.000,175.000,178.695,181.562,167.991,143.968,178.900,181.339,168.039,144.908,199.645,179.998,190.057,362.512,0.0858,0.0000,0.1766,0.9500,0.00,0.00,0.00,0.00
1548.00,180.000,180.000,170.000,175.000,178.705,181.551,167.993,144.014,178.906,181.328,168.042,144.953,199.545,179.987,190.065,362.551,0.0858,0.0000,0.1766,0.9500,0.00,0.00,0.00,0.00
1549.00,180.000,180.000,170.000,175.000,178.715,181.540,167.995,144.061,178.912,181.317,168.045,144.999,199.446,179.976,190.073,362.591,0.0858,0.0000,0.1766,0.9500,0.00,0.00,0.00,0.00
1550.00,180.000,180.000,170.000,175.000,178.725,181.529,167.998,144.107,178.918,181.307,168.047,145.045,199.347,179.965,190.081,362.631,0.0858,0.0000,0.1767,0.9500,0.00,0.00,0.00,0.00
1551.00,180.000,180.000,170.000,175.000,178.734,181.518,168.000,144.153,178.924,181.296,168.050,145.090,199.249,179.953,190.089,362.671,0.0858,0.0000,0.1767,0.9500,0.00,0.00,0.00,0.00
1552.00,180.000,180.000,170.000,175.000,178.744,181.507,168.003,144.199,178.930,181.286,168.053,145.136,199.152,179.942,190.097,362.710,0.0858,0.0000,0.1767,0.9500,0.00,0.00,0.00,0.00
1553.00,180.000,180.000,170.000,175.000,178.753,181.496,168.005,144.246,178.935,181.275,168.056,145.181,199.052,179.931,190.105,362.750,0.0792,0.0000,0.1768,0.9500,0.00,0.00,0.00,0.00
1554.00,180.000,180.000,170.000,175.000,178.762,181.485,168.008,144.292,178.940,181.264,168.059,145.227,198.949,179.920,190.113,362.790,0.0792,0.0000,0.1768,0.9500,0.00,0.00,0.00,0.00
1555.00,180.000,180.000,170.000,175.000,178.771,181.474,168.010,144.338,178.946,181.254,168.062,145.272,198.847,179.909,190.121,362.829,0.0792,0.0000,0.1768,0.9500,0.00,0.00,0.00,0.00
1556.00,180.000,180.000,170.000,175.000,178.779,181.463,168.013,144.384,178.950,181.243,168.065,145.318,198.746,179.898,190.129,362.869,0.0792,0.0000,0.1769,0.9500,0.00,0.00,0.00,0.00
1557.00,180.000,180.000,170.000,175.000,178.788,181.452,168.015,144.430,178.955,181.233,168.067,145.363,198.645,179.887,190.136,362.909,0.0792,0.0000,0.1769,0.9500,0.00,0.00,0.00,0.00
1558.00,180.000,180.000,170.000,175.000,178.796,181.442,168.018,144.476,178.960,181.222,168.070,145.409,198.545,179.876,190.144,362.948,0.0792,0.0000,0.1769,0.9500,0.00,0.00,0.00,0.00
1559.00,180.000,180.000,170.000,175.000,178.804,181.431,168.021,144.522,178.964,181.212,168.073,145.454,198.446,179.865,190.152,362.988,0.0792,0.0000,0.1770,0.9500,0.00,0.00,0.00,0.00
1560.00,180.000,180.000,170.000,175.000,178.812,181.420,168.023,144.568,178.968,181.201,168.076,145.499,198.348,179.854,190.159,363.027,0.0792,0.0000,0.1770,0.9500,0.00,0.00,0.00,0.00
1561.00,180.000,180.000,170.000,175.000,178.819,181.409,168.026,144.614,178.972,181.191,168.079,145.544,198.251,179.843,190.167,363.067,0.0792,0.0000,0.1770,0.9500,0.00,0.00,0.00,0.00
1562.00,180.000,180.000,170.000,175.000,178.827,181.398,168.028,144.660,178.976,181.180,168.082,145.590,198.154,179.832,190.175,363.106,0.0792,0.0000,0.1771,0.9500,0.00,0.00,0.00,0.00
1563.00,180.000,180.000,170.000,175.000,178.834,181.388,168.031,144.706,178.979,181.170,168.085,145.635,198.058,179.821,190.182,363.145,0.0792,0.0000,0.1771,0.9500,0.00,0.00,0.00,0.00
1564.00,180.000,180.000,170.000,175.000,178.841,181.377,168.034,144.752,178.983,181.160,168.088,145.680,197.963,179.810,190.190,363.185,0.0792,0.0000,0.1771,0.9500,0.00,0.00,0.00,0.00
1565.00,180.000,180.000,170.000,175.000,178.848,181.366,168.036,144.798,178.986,181.149,168.091,145.725,197.868,179.799,190.197,363.224,0.0792,0.0000,0.1772,0.9500,0.00,0.00,0.00,0.00
1566.00,180.000,180.000,170.000,175.000,178.855,181.355,168.039,144.844,178.989,181.139,168.094,145.770,197.771,179.788,190.205,363.264,0.0726,0.0000,0.1772,0.9500,0.00,0.00,0.00,0.00
1567.00,180.000,180.000,170.000,175.000,178.862,181.345,168.042,144.889,178.992,181.128,168.097,145.815,197.670,179.778,190.212,363.303,0.0726,0.0000,0.1772,0.9500,0.00,0.00,0.00,0.00
1568.00,180.000,180.000,170.000,175.000,178.868,181.334,168.045,144.935,178.995,181.118,168.100,145.860,197.571,179.767,190.220,363.342,0.0726,0.0000,0.1773,0.9500,0.00,0.00,0.00,0.00
1569.00,180.000,180.000,170.000,175.000,178.874,181.323,168.047,144.981,178.997,181.108,168.103,145.905,197.472,179.756,190.227,363.381,0.0726,0.0000,0.1773,0.9500,0.00,0.00,0.00,0.00
1570.00,180.000,180.000,170.000,175.000,178.880,181.313,168.050,145.026,179.000,181.097,168.106,145.950,197.374,179.745,190.234,363.421,0.0726,0.0000,0.1753,0.9500,0.00,0.00,0.00,0.00
1571.00,180.000,180.000,170.000,175.000,178.886,181.302,168.053,145.072,179.002,181.087,168.109,145.995,197.276,179.734,190.239,363.460,0.0726,0.0000,0.1754,0.9500,0.00,0.00,0.00,0.00
1572.00,180.000,180.000,170.000,175.000,178.892,181.291,168.056,145.117,179.004,181.077,168.112,146.039,197.180,179.723,190.244,363.499,0.0726,0.0000,0.1754,0.9500,0.00,0.00,0.00,0.00
1573.00,180.000,180.000,170.000,175.000,178.897,181.281,168.058,145.163,179.006,181.066,168.115,146.084,197.084,179.713,190.249,363.538,0.0726,0.0000,0.1754,0.9500,0.00,0.00,0.00,0.00
1574.00,180.000,180.000,170.000,175.000,178.903,181.270,168.061,145.208,179.007,181.056,168.118,146.129,196.989,179.702,190.254,363.577,0.0726,0.0000,0.1755,0.9500,0.00,0.00,0.00,0.00
1575.00,180.000,180.000,170.000,175.000,178.908,181.260,168.064,145.254,179.009,181.046,168.122,146.174,196.894,179.691,190.258,363.616,0.0726,0.0000,0.1755,0.9500,0.00,0.00,0.00,0.00
1576.00,180.000,180.000,170.000,175.000,178.913,181.249,168.067,145.299,179.010,181.036,168.125,146.218,196.801,179.681,190.263,363.656,0.0726,0.0000,0.1755,0.9500,0.00,0.00,0.00,0.00
1577.00,180.000,180.000,170.000,175.000,178.917,181.239,168.070,145.345,179.011,181.025,168.128,146.263,196.708,179.670,190.268,363.695,0.0726,0.0000,0.1756,0.9500,0.00,0.00,0.00,0.00
1578.00,180.000,180.000,170.000,175.000,178.922,181.228,168.073,145.390,179.012,181.015,168.131,146.307,196.615,179.659,190.273,363.734,0.0726,0.0000,0.1756,0.9500,0.00,0.00,0.00,0.00
1579.00,180.000,180.000,170.000,175.000,178.926,181.218,168.076,145.435,179.013,181.005,168.134,146.352,196.524,179.649,190.277,363.773,0.0726,0.0000,0.1756,0.9500,0.00,0.00,0.00,0.00
1580.00,180.000,180.000,170.000,175.000,178.931,181.207,168.078,145.481,179.014,180.995,168.137,146.396,196.433,179.638,190.282,363.812,0.0726,0.0000,0.1757,0.9500,0.00,0.00,0.00,0.00
1581.00,180.000,180.000,170.000,175.000,178.935,181.197,168.081,145.526,179.015,180.985,168.140,146.441,196.343,179.627,190.287,363.850,0.0726,0.0000,0.1757,0.9500,0.00,0.00,0.00,0.00
1582.00,180.000,180.000,170.000,175.000,178.939,181.186,168.084,145.571,179.015,180.975,168.143,146.485,196.253,179.617,190.291,363.889,0.0726,0.0000,0.1757,0.9500,0.00,0.00,0.00,0.00
1583.00,180.000,180.000,170.000,175.000,178.942,181.176,168.087,145.616,179.015,180.964,168.147,146.529,196.164,179.606,190.296,363.928,0.0726,0.0000,0.1758,0.9500,0.00,0.00,0.00,0.00
1584.00,180.000,180.000,170.000,175.000,178.946,181.165,168.090,145.661,179.015,180.954,168.150,146.574,196.076,179.595,190.301,363.967,0.0726,0.0000,0.1758,0.9500,0.00,0.00,0.00,0.00
1585.00,180.000,180.000,170.000,175.000,178.949,181.155,168.093,145.706,179.015,180.944,168.153,146.618,195.989,179.585,190.305,364.006,0.0726,0.0000,0.1758,0.9500,0.00,0.00,0.00,0.00
1586.00,180.000,180.000,170.000,175.000,178.953,181.144,168.096,145.751,179.015,180.934,168.156,146.662,195.892,179.574,190.310,364.045,0.0660,0.0000,0.1759,0.9500,0.00,0.00,0.00,0.00
1587.00,180.000,180.000,170.000,175.000,178.956,181.134,168.099,145.796,179.015,180.924,168.159,146.706,195.796,179.564,190.315,364.084,0.0660,0.0000,0.1759,0.9500,0.00,0.00,0.00,0.00
1588.00,180.000,180.000,170.000,175.000,178.958,181.124,168.102,145.841,179.014,180.914,168.162,146.751,195.701,179.553,190.319,364.122,0.0660,0.0000,0.1759,0.9500,0.00,0.00,0.00,0.00
1589.00,180.000,180.000,170.000,175.000,178.961,181.113,168.105,145.886,179.014,180.904,168.166,146.795,195.606,179.543,190.324,364.161,0.0660,0.0000,0.1759,0.9500,0.00,0.00,0.00,0.00
1590.00,180.000,180.000,170.000,175.000,178.964,181.103,168.108,145.931,179.013,180.894,168.169,146.839,195.512,179.532,190.328,364.200,0.0660,0.0000,0.1760,0.9500,0.00,0.00,0.00,0.00
1591.00,180.000,180.000,170.000,175.000,178.966,181.093,168.111,145.976,179.012,180.884,168.172,146.883,195.419,179.522,190.333,364.238,0.0660,0.0000,0.1760,0.9500,0.00,0.00,0.00,0.00
1592.00,180.000,180.000,170.000,175.000,178.968,181.082,168.114,146.021,179.011,180.874,168.175,146.927,195.327,179.511,190.340,364.277,0.0660,0.0000,0.1760,0.9500,0.00,0.00,0.00,0.00
1593.00,180.000,180.000,170.000,175.000,178.970,181.072,168.117,146.065,179.009,180.864,168.178,146.971,195.235,179.501,190.347,364.316,0.0660,0.0000,0.1761,0.9500,0.00,0.00,0.00,0.00
1594.00,180.000,180.000,170.000,175.000,178.972,181.062,168.120,146.110,179.008,180.854,168.182,147.014,195.144,179.490,190.354,364.354,0.0660,0.0000,0.1761,0.9500,0.00,0.00,0.00,0.00
1595.00,180.000,180.000,170.000,175.000,178.974,181.052,168.123,146.155,179.006,180.844,168.185,147.058,195.053,179.480,190.361,364.393,0.0660,0.0000,0.1761,0.9500,0.00,0.00,0.00,0.00
1596.00,180.000,180.000,170.000,175.000,178.976,181.041,168.126,146.199,179.004,180.834,168.188,147.102,194.964,179.470,190.368,364.431,0.0660,0.0000,0.1762,0.9500,0.00,0.00,0.00,0.00
1597.00,180.000,180.000,170.000,175.000,178.977,181.031,168.129,146.244,179.003,180.824,168.191,147.146,194.874,179.459,190.375,364.470,0.0660,0.0000,0.1762,0.9500,0.00,0.00,0.00,0.00
1598.00,180.000,180.000,170.000,175.000,178.978,181.021,168.132,146.288,179.001,180.814,168.195,147.190,194.786,179.449,190.382,364.508,0.0660,0.0000,0.1762,0.9500,0.00,0.00,0.00,0.00
1599.00,180.000,180.000,170.000,175.000,178.979,181.011,168.135,146.333,178.998,180.804,168.198,147.233,194.698,179.438,190.389,364.547,0.0660,0.0000,0.1763,0.9500,0.00,0.00,0.00,0.00
1600.00,180.000,180.000,170.000,175.000,178.980,181.000,168.138,146.377,178.996,180.794,168.201,147.277,194.611,179.428,190.396,364.585,0.0660,0.0000,0.1763,0.9500,0.00,0.00,0.00,0.00
1601.00,180.000,180.000,170.000,175.000,178.981,180.990,168.142,146.422,178.994,180.785,168.205,147.320,194.525,179.418,190.402,364.623,0.0660,0.0000,0.1763,0.9500,0.00,0.00,0.00,0.00
1602.00,180.000,180.000,170.000,175.000,178.981,180.980,168.145,146.466,178.991,180.775,168.208,147.364,194.439,179.407,190.409,364.662,0.0660,0.0000,0.1764,0.9500,0.00,0.00,0.00,0.00
1603.00,180.000,180.000,170.000,175.000,178.982,180.970,168.148,146.510,178.988,180.765,168.211,147.407,194.354,179.397,190.416,364.700,0.0660,0.0000,0.1764,0.9500,0.00,0.00,0.00,0.00
1604.00,180.000,180.000,170.000,175.000,178.982,180.960,168.151,146.555,178.985,180.755,168.215,147.451,194.269,179.387,190.421,364.738,0.0660,0.0000,0.1744,0.9500,0.00,0.00,0.00,0.00
1605.00,180.000,180.000,170.000,175.000,178.982,180.950,168.154,146.599,178.982,180.745,168.218,147.494,194.185,179.376,190.426,364.777,0.0660,0.0000,0.1745,0.9500,0.00,0.00,0.00,0.00
1606.00,180.000,180.000,170.000,175.000,178.982,180.940,168.157,146.643,178.979,180.735,168.221,147.538,194.102,179.369,190.430,364.815,0.0660,0.0000,0.1745,0.9500,0.00,0.00,0.00,0.00
1607.00,180.000,180.000,170.000,175.000,178.982,180.930,168.160,146.687,178.976,180.726,168.225,147.581,194.019,179.361,190.434,364.853,0.0660,0.0000,0.1745,0.9500,0.00,0.00,0.00,0.00
1608.00,180.000,180.000,170.000,175.000,178.982,180.920,168.164,146.731,178.973,180.716,168.228,147.624,193.937,179.353,190.438,364.891,0.0660,0.0000,0.1746,0.9500,0.00,0.00,0.00,0.00
1609.00,180.000,180.000,170.000,175.000,178.981,180.909,168.167,146.775,178.969,180.706,168.231,147.667,193.856,179.345,190.443,364.930,0.0660,0.0000,0.1746,0.9500,0.00,0.00,0.00,0.00
1610.00,180.000,180.000,170.000,175.000,178.981,180.899,168.170,146.820,178.965,180.696,168.235,147.711,193.775,179.337,190.447,364.968,0.0660,0.0000,0.1746,0.9500,0.00,0.00,0.00,0.00
1611.00,180.000,180.000,170.000,175.000,178.980,180.889,168.173,146.864,178.962,180.687,168.238,147.754,193.695,179.330,190.451,365.006,0.0660,0.0000,0.1746,0.9500,0.00,0.00,0.00,0.00
1612.00,180.000,180.000,170.000,175.000,178.979,180.879,168.176,146.907,178.958,180.677,168.241,147.797,193.615,179.322,190.455,365.044,0.0660,0.0000,0.1747,0.9500,0.00,0.00,0.00,0.00
1613.00,180.000,180.000,170.000,175.000,178.978,180.869,168.180,146.951,178.954,180.667,168.245,147.840,193.536,179.314,190.459,365.082,0.0660,0.0000,0.1747,0.9500,0.00,0.00,0.00,0.00
1614.00,180.000,180.000,170.000,175.000,178.977,180.859,168.183,146.995,178.950,180.657,168.248,147.883,193.457,179.306,190.463,365.120,0.0660,0.0000,0.1747,0.9500,0.00,0.00,0.00,0.00
1615.00,180.000,180.000,170.000,175.000,178.975,180.849,168.186,147.039,178.945,180.648,168.252,147.926,193.379,179.298,190.468,365.158,0.0660,0.0020,0.1748,0.9500,0.00,0.00,0.00,0.00
1616.00,180.000,180.000,170.000,175.000,178.974,180.839,168.189,147.083,178.941,180.638,168.255,147.969,193.302,179.293,190.472,365.196,0.0660,0.0020,0.1748,0.9500,0.00,0.00,0.00,0.00
1617.00,180.000,180.000,170.000,175.000,178.972,180.830,168.193,147.127,178.936,180.629,168.258,148.012,193.225,179.288,190.476,365.234,0.0660,0.0020,0.1748,0.9500,0.00,0.00,0.00,0.00
1618.00,180.000,180.000,170.000,175.000,178.970,180.820,168.196,147.170,178.932,180.619,168.262,148.054,193.149,179.282,190.480,365.272,0.0660,0.0020,0.1749,0.9500,0.00,0.00,0.00,0.00
1619.00,180.000,180.000,170.000,175.000,178.968,180.810,168.199,147.214,178.927,180.609,168.265,148.097,193.073,179.277,190.484,365.310,0.0660,0.0020,0.1749,0.9500,0.00,0.00,0.00,0.00
1620.00,180.000,180.000,170.000,175.000,178.966,180.800,168.202,147.258,178.922,180.600,168.269,148.140,192.998,179.271,190.488,365.348,0.0660,0.0020,0.1749,0.9500,0.00,0.00,0.00,0.00
1621.00,180.000,180.000,170.000,175.000,178.964,180.790,168.206,147.301,178.917,180.590,168.272,148.183,192.924,179.266,190.492,365.385,0.0660,0.0020,0.1750,0.9500,0.00,0.00,0.00,0.00
1622.00,180.000,180.000,170.000,175.000,178.962,180.780,168.209,147.345,178.912,180.581,168.275,148.225,192.850,179.260,190.497,365.423,0.0660,0.0020,0.1750,0.9500,0.00,0.00,0.00,0.00
1623.00,180.000,180.000,170.000,175.000,178.959,180.770,168.212,147.388,178.907,180.571,168.279,148.268,192.776,179.254,190.501,365.461,0.0660,0.0020,0.1750,0.9500,0.00,0.00,0.00,0.00
1624.00,180.000,180.000,170.000,175.000,178.957,180.760,168.215,147.431,178.902,180.562,168.282,148.310,192.703,179.246,190.505,365.499,0.0660,0.0020,0.1750,0.9500,0.00,0.00,0.00,0.00
1625.00,180.000,180.000,170.000,175.000,178.954,180.751,168.219,147.475,178.897,180.552,168.286,148.353,192.631,179.238,190.509,365.536,0.0660,0.0020,0.1751,0.9500,0.00,0.00,0.00,0.00
1626.00,180.000,180.000,170.000,175.000,178.951,180.741,168.222,147.518,178.891,180.543,168.289,148.395,192.559,179.232,190.513,365.574,0.0660,0.0040,0.1751,0.9500,0.00,0.00,0.00,0.00
1627.00,180.000,180.000,170.000,175.000,178.948,180.731,168.225,147.562,178.886,180.533,168.292,148.438,192.492,179.226,190.517,365.612,0.0726,0.0040,0.1751,0.9500,0.00,0.00,0.00,0.00
1628.00,180.000,180.000,170.000,175.000,178.945,180.721,168.229,147.605,178.880,180.524,168.296,148.480,192.431,179.221,190.521,365.649,0.0726,0.0040,0.1752,0.9500,0.00,0.00,0.00,0.00
1629.00,180.000,180.000,170.000,175.000,178.942,180.712,168.232,147.648,178.874,180.515,168.299,148.522,192.371,179.215,190.525,365.687,0.0726,0.0040,0.1752,0.9500,0.00,0.00,0.00,0.00
1630.00,180.000,180.000,170.000,175.000,178.938,180.702,168.235,147.691,178.868,180.505,168.303,148.565,192.311,179.210,190.529,365.724,0.0726,0.0040,0.1752,0.9500,0.00,0.00,0.00,0.00
1631.00,180.000,180.000,170.000,175.000,178.935,180.692,168.239,147.734,178.863,180.496,168.306,148.607,192.251,179.204,190.533,365.762,0.0726,0.0040,0.1753,0.9500,0.00,0.00,0.00,0.00
1632.00,180.000,180.000,170.000,175.000,178.931,180.682,168.242,147.777,178.857,180.487,168.310,148.649,192.192,179.198,190.537,365.799,0.0726,0.0040,0.1753,0.9500,0.00,0.00,0.00,0.00
1633.00,180.000,180.000,170.000,175.000,178.928,180.673,168.245,147.820,178.851,180.477,168.313,148.691,192.133,179.193,190.541,365.837,0.0726,0.0040,0.1753,0.9500,0.00,0.00,0.00,0.00
1634.00,180.000,180.000,170.000,175.000,178.924,180.663,168.249,147.863,178.844,180.468,168.317,148.733,192.074,179.187,190.545,365.874,0.0726,0.0040,0.1754,0.9500,0.00,0.00,0.00,0.00
1635.00,180.000,180.000,170.000,175.000,178.920,180.654,168.252,147.906,178.838,180.459,168.320,148.775,192.016,179.181,190.548,365.912,0.0726,0.0040,0.1734,0.9500,0.00,0.00,0.00,0.00
1636.00,180.000,180.000,170.000,175.000,178.916,180.644,168.255,147.949,178.832,180.449,168.324,148.817,191.959,179.177,190.550,365.949,0.0726,0.0060,0.1734,0.9500,0.00,0.00,0.00,0.00
1637.00,180.000,180.000,170.000,175.000,178.912,180.634,168.259,147.992,178.826,180.440,168.327,148.859,191.902,179.174,190.551,365.987,0.0726,0.0060,0.1734,0.9500,0.00,0.00,0.00,0.00
1638.00,180.000,180.000,170.000,175.000,178.907,180.625,168.262,148.035,178.819,180.431,168.330,148.901,191.845,179.170,190.553,366.024,0.0726,0.0060,0.1735,0.9500,0.00,0.00,0.00,0.00
1639.00,180.000,180.000,170.000,175.000,178.903,180.615,168.266,148.078,178.813,180.422,168.334,148.943,191.789,179.167,190.555,366.061,0.0726,0.0060,0.1735,0.9500,0.00,0.00,0.00,0.00
1640.00,180.000,180.000,170.000,175.000,178.898,180.606,168.269,148.120,178.806,180.413,168.337,148.985,191.733,179.164,190.556,366.098,0.0726,0.0060,0.1735,0.9500,0.00,0.00,0.00,0.00
1641.00,180.000,180.000,170.000,175.000,178.894,180.596,168.272,148.163,178.800,180.404,168.341,149.027,191.677,179.160,190.558,366.136,0.0726,0.0060,0.1736,0.9500,0.00,0.00,0.00,0.00
1642.00,180.000,180.000,170.000,175.000,178.889,180.587,168.276,148.206,178.793,180.394,168.344,149.068,191.622,179.157,190.559,366.173,0.0726,0.0060,0.1736,0.9500,0.00,0.00,0.00,0.00
1643.00,180.000,180.000,170.000,175.000,178.884,180.577,168.279,148.248,178.786,180.385,168.348,149.110,191.567,179.153,190.561,366.210,0.0726,0.0060,0.1736,0.9500,0.00,0.00,0.00,0.00
1644.00,180.000,180.000,170.000,175.000,178.880,180.568,168.282,148.291,178.780,180.376,168.351,149.152,191.513,179.150,190.563,366.247,0.0726,0.0060,0.1736,0.9500,0.00,0.00,0.00,0.00
1645.00,180.000,180.000,170.000,175.000,178.875,180.558,168.286,148.333,178.773,180.367,168.355,149.193,191.459,179.146,190.564,366.284,0.0726,0.0060,0.1737,0.9500,0.00,0.00,0.00,0.00
1646.00,180.000,180.000,170.000,175.000,178.870,180.549,168.289,148.376,178.766,180.358,168.358,149.235,191.405,179.143,190.566,366.321,0.0726,0.0080,0.1737,0.9500,0.00,0.00,0.00,0.00
1647.00,180.000,180.000,170.000,175.000,178.864,180.539,168.293,148.418,178.759,180.349,168.362,149.276,191.352,179.142,190.568,366.359,0.0726,0.0080,0.1737,0.9500,0.00,0.00,0.00,0.00
1648.00,180.000,180.000,170.000,175.000,178.859,180.530,168.296,148.461,178.752,180.340,168.365,149.318,191.299,179.140,190.569,366.396,0.0726,0.0079,0.1738,0.9500,0.00,0.00,0.00,0.00
1649.00,180.000,180.000,170.000,175.000,178.854,180.521,168.299,148.503,178.745,180.331,168.368,149.359,191.247,179.139,190.571,366.433,0.0726,0.0079,0.1738,0.9500,0.00,0.00,0.00,0.00
1650.00,180.000,180.000,170.000,175.000,178.848,180.511,168.303,148.545,178.738,180.322,168.372,149.401,191.198,179.138,190.573,366.470,0.0792,0.0079,0.1738,0.9500,0.00,0.00,0.00,0.00
1651.00,180.000,180.000,170.000,175.000,178.843,180.502,168.306,148.587,178.730,180.313,168.375,149.442,191.154,179.136,190.575,366.506,0.0792,0.0079,0.1738,0.9500,0.00,0.00,0.00,0.00
1652.00,180.000,180.000,170.000,175.000,178.837,180.493,168.310,148.630,178.723,180.304,168.379,149.483,191.110,179.135,190.576,366.543,0.0792,0.0079,0.1739,0.9500,0.00,0.00,0.00,0.00
1653.00,180.000,180.000,170.000,175.000,178.832,180.483,168.313,148.672,178.716,180.296,168.382,149.525,191.066,179.134,190.578,366.580,0.0792,0.0079,0.1739,0.9500,0.00,0.00,0.00,0.00
1654.00,180.000,180.000,170.000,175.000,178.826,180.474,168.317,148.714,178.708,180.287,168.386,149.566,191.023,179.132,190.580,366.617,0.0792,0.0079,0.1739,0.9500,0.00,0.00,0.00,0.00
1655.00,180.000,180.000,170.000,175.000,178.820,180.465,168.320,148.756,178.701,180.278,168.389,149.607,190.980,179.131,190.582,366.654,0.0792,0.0079,0.1740,0.9500,0.00,0.00,0.00,0.00
1656.00,180.000,180.000,170.000,175.000,178.814,180.456,168.323,148.798,178.694,180.269,168.393,149.648,190.937,179.129,190.583,366.691,0.0792,0.0079,0.1740,0.9500,0.00,0.00,0.00,0.00
1657.00,180.000,180.000,170.000,175.000,178.808,180.446,168.327,148.840,178.686,180.260,168.396,149.689,190.895,179.129,190.586,366.728,0.0792,0.0099,0.1740,0.9500,0.00,0.00,0.00,0.00
1658.00,180.000,180.000,170.000,175.000,178.802,180.437,168.330,148.882,178.679,180.252,168.399,149.730,190.853,179.130,190.591,366.764,0.0792,0.0099,0.1740,0.9500,0.00,0.00,0.00,0.00
1659.00,180.000,180.000,170.000,175.000,178.796,180.428,168.334,148.924,178.671,180.243,168.403,149.771,190.811,179.130,190.595,366.801,0.0792,0.0099,0.1741,0.9500,0.00,0.00,0.00,0.00
1660.00,180.000,180.000,170.000,175.000,178.790,180.419,168.337,148.966,178.664,180.234,168.406,149.812,190.769,179.131,190.599,366.838,0.0792,0.0099,0.1741,0.9500,0.00,0.00,0.00,0.00
1661.00,180.000,180.000,170.000,175.000,178.784,180.410,168.340,149.007,178.656,180.225,168.410,149.853,190.728,179.132,190.604,366.874,0.0792,0.0099,0.1741,0.9500,0.00,0.00,0.00,0.00
1662.00,180.000,180.000,170.000,175.000,178.777,180.401,168.344,149.049,178.648,180.217,168.413,149.894,190.687,179.132,190.608,366.911,0.0792,0.0099,0.1742,0.9500,0.00,0.00,0.00,0.00
1663.00,180.000,180.000,170.000,175.000,178.771,180.392,168.347,149.091,178.641,180.208,168.417,149.935,190.646,179.133,190.612,366.947,0.0792,0.0099,0.1742,0.9500,0.00,0.00,0.00,0.00
1664.00,180.000,180.000,170.000,175.000,178.765,180.383,168.351,149.132,178.633,180.200,168.420,149.975,190.606,179.133,190.616,366.984,0.0792,0.0099,0.1722,0.9500,0.00,0.00,0.00,0.00
1665.00,180.000,180.000,170.000,175.000,178.758,180.374,168.354,149.174,178.625,180.191,168.424,150.016,190.566,179.133,190.618,367.021,0.0792,0.0099,0.1722,0.9500,0.00,0.00,0.00,0.00
1666.00,180.000,180.000,170.000,175.000,178.751,180.365,168.358,149.216,178.618,180.183,168.427,150.057,190.526,179.134,190.620,367.057,0.0792,0.0099,0.1723,0.9500,0.00,0.00,0.00,0.00
1667.00,180.000,180.000,170.000,175.000,178.745,180.356,168.361,149.257,178.610,180.174,168.431,150.097,190.493,179.134,190.622,367.094,0.0858,0.0099,0.1723,0.9500,0.00,0.00,0.00,0.00
1668.00,180.000,180.000,170.000,175.000,178.738,180.347,168.364,149.299,178.602,180.166,168.434,150.138,190.462,179.135,190.623,367.130,0.0858,0.0119,0.1723,0.9500,0.00,0.00,0.00,0.00
1669.00,180.000,180.000,170.000,175.000,178.731,180.338,168.368,149.340,178.594,180.157,168.438,150.179,190.430,179.138,190.625,367.166,0.0858,0.0119,0.1724,0.9500,0.00,0.00,0.00,0.00
1670.00,180.000,180.000,170.000,175.000,178.725,180.329,168.371,149.382,178.586,180.149,168.441,150.219,190.398,179.141,190.627,367.203,0.0858,0.0119,0.1724,0.9500,0.00,0.00,0.00,0.00
1671.00,180.000,180.000,170.000,175.000,178.718,180.320,168.375,149.423,178.578,180.140,168.444,150.259,190.367,179.143,190.629,367.239,0.0858,0.0119,0.1724,0.9500,0.00,0.00,0.00,0.00
1672.00,180.000,180.000,170.000,175.000,178.711,180.311,168.378,149.464,178.571,180.132,168.448,150.300,190.336,179.145,190.631,367.275,0.0858,0.0119,0.1724,0.9500,0.00,0.00,0.00,0.00
1673.00,180.000,180.000,170.000,175.000,178.704,180.302,168.382,149.505,178.563,180.124,168.451,150.340,190.305,179.148,190.632,367.312,0.0858,0.0119,0.1725,0.9500,0.00,0.00,0.00,0.00
1674.00,180.000,180.000,170.000,175.000,178.697,180.293,168.385,149.547,178.555,180.115,168.455,150.381,190.274,179.150,190.634,367.348,0.0858,0.0119,0.1725,0.9500,0.00,0.00,0.00,0.00
1675.00,180.000,180.000,170.000,175.000,178.690,180.285,168.389,149.588,178.547,180.107,168.458,150.421,190.244,179.152,190.636,367.384,0.0858,0.0119,0.1725,0.9500,0.00,0.00,0.00,0.00
1676.00,180.000,180.000,170.000,175.000,178.683,180.276,168.392,149.629,178.539,180.099,168.462,150.461,190.214,179.154,190.638,367.420,0.0858,0.0119,0.1725,0.9500,0.00,0.00,0.00,0.00
1677.00,180.000,180.000,170.000,175.000,178.676,180.267,168.395,149.670,178.531,180.091,168.465,150.501,190.184,179.156,190.640,367.457,0.0858,0.0119,0.1726,0.9500,0.00,0.00,0.00,0.00
1678.00,180.000,180.000,170.000,175.000,178.669,180.258,168.399,149.711,178.523,180.082,168.469,150.541,190.154,179.158,190.642,367.493,0.0858,0.0119,0.1726,0.9500,0.00,0.00,0.00,0.00
1679.00,180.000,180.000,170.000,175.000,178.661,180.250,168.402,149.752,178.515,180.074,168.472,150.581,190.124,179.160,190.644,367.529,0.0858,0.0139,0.1726,0.9500,0.00,0.00,0.00,0.00
1680.00,180.000,180.000,170.000,175.000,178.654,180.241,168.406,149.793,178.507,180.066,168.476,150.622,190.095,179.164,190.645,367.565,0.0858,0.0139,0.1727,0.9500,0.00,0.00,0.00,0.00
1681.00,180.000,180.000,170.000,175.000,178.647,180.232,168.409,149.834,178.499,180.058,168.479,150.662,190.071,179.169,190.647,367.601,0.0924,0.0139,0.1727,0.9500,0.00,0.00,0.00,0.00
1682.00,180.000,180.000,170.000,175.000,178.640,180.224,168.413,149.875,178.491,180.050,168.482,150.702,190.052,179.173,190.649,367.637,0.0924,0.0139,0.1727,0.9500,0.00,0.00,0.00,0.00
1683.00,180.000,180.000,170.000,175.000,178.632,180.215,168.416,149.916,178.483,180.042,168.486,150.741,190.033,179.177,190.651,367.673,0.0924,0.0139,0.1727,0.9500,0.00,0.00,0.00,0.00
1684.00,180.000,180.000,170.000,175.000,178.625,180.207,168.420,149.956,178.475,180.034,168.489,150.781,190.014,179.181,190.653,367.709,0.0924,0.0139,0.1728,0.9500,0.00,0.00,0.00,0.00
1685.00,180.000,180.000,170.000,175.000,178.617,180.198,168.423,149.997,178.467,180.026,168.493,150.821,189.995,179.185,190.655,367.745,0.0924,0.0139,0.1728,0.9500,0.00,0.00,0.00,0.00
1686.00,180.000,180.000,170.000,175.000,178.610,180.190,168.426,150.038,178.459,180.018,168.496,150.861,189.976,179.188,190.657,367.781,0.0924,0.0139,0.1728,0.9500,0.00,0.00,0.00,0.00
1687.00,180.000,180.000,170.000,175.000,178.603,180.181,168.430,150.078,178.451,180.010,168.500,150.901,189.958,179.192,190.659,367.816,0.0924,0.0139,0.1728,0.9500,0.00,0.00,0.00,0.00
1688.00,180.000,180.000,170.000,175.000,178.595,180.173,168.433,150.119,178.443,180.002,168.503,150.941,189.940,179.196,190.661,367.852,0.0924,0.0139,0.1729,0.9500,0.00,0.00,0.00,0.00
1689.00,180.000,180.000,170.000,175.000,178.588,180.164,168.437,150.160,178.436,179.994,168.507,150.980,189.921,179.199,190.663,367.888,0.0924,0.0139,0.1729,0.9500,0.00,0.00,0.00,0.00
1690.00,180.000,180.000,170.000,175.000,178.580,180.156,168.440,150.200,178.428,179.986,168.510,151.020,189.903,179.203,190.665,367.924,0.0924,0.0139,0.1729,0.9500,0.00,0.00,0.00,0.00
1691.00,180.000,180.000,170.000,175.000,178.573,180.148,168.444,150.241,178.420,179.979,168.514,151.059,189.885,179.207,190.667,367.960,0.0924,0.0159,0.1730,0.9500,0.00,0.00,0.00,0.00
1692.00,180.000,180.000,170.000,175.000,178.565,180.139,168.447,150.281,178.412,179.971,168.517,151.099,189.867,179.213,190.669,367.995,0.0924,0.0159,0.1730,0.9500,0.00,0.00,0.00,0.00
1693.00,180.000,180.000,170.000,175.000,178.557,180.131,168.451,150.321,178.404,179.963,168.520,151.139,189.850,179.219,190.671,368.031,0.0924,0.0159,0.1710,0.9500,0.00,0.00,0.00,0.00
1694.00,180.000,180.000,170.000,175.000,178.550,180.123,168.454,150.362,178.396,179.955,168.524,151.178,189.832,179.224,190.671,368.067,0.0990,0.0159,0.1710,0.9500,0.00,0.00,0.00,0.00
1695.00,180.000,180.000,170.000,175.000,178.542,180.114,168.457,150.402,178.388,179.948,168.527,151.217,189.822,179.230,190.670,368.102,0.0990,0.0159,0.1711,0.9500,0.00,0.00,0.00,0.00
1696.00,180.000,180.000,170.000,175.000,178.535,180.106,168.461,150.442,178.381,179.940,168.531,151.257,189.812,179.235,190.670,368.138,0.0990,0.0159,0.1711,0.9500,0.00,0.00,0.00,0.00
1697.00,180.000,180.000,170.000,175.000,178.527,180.098,168.464,150.482,178.373,179.932,168.534,151.296,189.802,179.241,190.669,368.173,0.0990,0.0159,0.1711,0.9500,0.00,0.00,0.00,0.00
1698.00,180.000,180.000,170.000,175.000,178.519,180.090,168.468,150.523,178.365,179.925,168.538,151.336,189.792,179.246,190.669,368.209,0.0990,0.0159,0.1711,0.9500,0.00,0.00,0.00,0.00
1699.00,180.000,180.000,170.000,175.000,178.512,180.082,168.471,150.563,178.357,179.917,168.541,151.375,189.782,179.251,190.669,368.244,0.0990,0.0159,0.1712,0.9500,0.00,0.00,0.00,0.00
1700.00,180.000,180.000,170.000,175.000,178.504,180.074,168.475,150.603,178.350,179.910,168.544,151.414,189.772,179.256,190.668,368.280,0.0990,0.0159,0.1712,0.9500,0.00,0.00,0.00,0.00
1701.00,180.000,180.000,170.000,175.000,178.497,180.065,168.478,150.643,178.342,179.902,168.548,151.453,189.763,179.261,190.668,368.315,0.0990,0.0159,0.1712,0.9500,0.00,0.00,0.00,0.00
1702.00,180.000,180.000,170.000,175.000,178.489,180.057,168.482,150.683,178.334,179.895,168.551,151.492,189.753,179.266,190.668,368.351,0.0990,0.0159,0.1712,0.9500,0.00,0.00,0.00,0.00
1703.00,180.000,180.000,170.000,175.000,178.481,180.049,168.485,150.723,178.327,179.887,168.555,151.531,189.743,179.271,190.668,368.386,0.0990,0.0179,0.1713,0.9500,0.00,0.00,0.00,0.00
1704.00,180.000,180.000,170.000,175.000,178.474,180.041,168.488,150.763,178.319,179.880,168.558,151.571,189.734,179.278,190.667,368.421,0.0990,0.0179,0.1713,0.9500,0.00,0.00,0.00,0.00
1705.00,180.000,180.000,170.000,175.000,178.466,180.033,168.492,150.803,178.311,179.873,168.561,151.610,189.724,179.285,190.667,368.457,0.0990,0.0179,0.1713,0.9500,0.00,0.00,0.00,0.00
1706.00,180.000,180.000,170.000,175.000,178.458,180.025,168.495,150.843,178.304,179.865,168.565,151.649,189.715,179.292,190.667,368.492,0.0990,0.0179,0.1713,0.9500,0.00,0.00,0.00,0.00
1707.00,180.000,180.000,170.000,175.000,178.451,180.018,168.499,150.882,178.296,179.858,168.568,151.688,189.706,179.299,190.667,368.527,0.0990,0.0179,0.1714,0.9500,0.00,0.00,0.00,0.00
1708.00,180.000,180.000,170.000,175.000,178.443,180.010,168.502,150.922,178.289,179.851,168.571,151.726,189.704,179.306,190.667,368.562,0.1056,0.0179,0.1714,0.9500,0.00,0.00,0.00,0.00
1709.00,180.000,180.000,170.000,175.000,178.436,180.002,168.506,150.962,178.282,179.843,168.575,151.765,189.702,179.312,190.667,368.598,0.1056,0.0179,0.1714,0.9500,0.00,0.00,0.00,0.00
1710.00,180.000,180.000,170.000,175.000,178.428,179.994,168.509,151.001,178.274,179.836,168.578,151.804,189.700,179.319,190.667,368.633,0.1056,0.0179,0.1714,0.9500,0.00,0.00,0.00,0.00
1711.00,180.000,180.000,170.000,175.000,178.420,179.986,168.512,151.041,178.267,179.829,168.582,151.843,189.698,179.325,190.667,368.668,0.1056,0.0179,0.1715,0.9500,0.00,0.00,0.00,0.00
1712.00,180.000,180.000,170.000,175.000,178.413,179.978,168.516,151.081,178.259,179.822,168.585,151.882,189.696,179.332,190.667,368.703,0.1056,0.0179,0.1715,0.9500,0.00,0.00,0.00,0.00
1713.00,180.000,180.000,170.000,175.000,178.405,179.971,168.519,151.120,178.252,179.815,168.588,151.920,189.695,179.338,190.667,368.738,0.1056,0.0179,0.1715,0.9500,0.00,0.00,0.00,0.00
1714.00,180.000,180.000,170.000,175.000,178.398,179.963,168.523,151.160,178.245,179.808,168.592,151.959,189.693,179.344,190.667,368.773,0.1056,0.0179,0.1715,0.9500,0.00,0.00,0.00,0.00
1715.00,180.000,180.000,170.000,175.000,178.390,179.955,168.526,151.199,178.238,179.801,168.595,151.998,189.691,179.350,190.667,368.808,0.1056,0.0179,0.1716,0.9500,0.00,0.00,0.00,0.00
1716.00,180.000,180.000,170.000,175.000,178.383,179.948,168.529,151.239,178.231,179.794,168.598,152.036,189.689,179.358,190.667,368.843,0.1056,0.0199,0.1716,0.9500,0.00,0.00,0.00,0.00
1717.00,180.000,180.000,170.000,175.000,178.375,179.940,168.533,151.278,178.224,179.787,168.602,152.075,189.687,179.366,190.667,368.878,0.1056,0.0199,0.1716,0.9500,0.00,0.00,0.00,0.00
1718.00,180.000,180.000,170.000,175.000,178.368,179.933,168.536,151.317,178.216,179.780,168.605,152.113,189.686,179.374,190.667,368.913,0.1056,0.0199,0.1716,0.9500,0.00,0.00,0.00,0.00
1719.00,180.000,180.000,170.000,175.000,178.360,179.925,168.540,151.357,178.209,179.773,168.608,152.152,189.684,179.383,190.667,368.948,0.1056,0.0199,0.1717,0.9500,0.00,0.00,0.00,0.00
1720.00,180.000,180.000,170.000,175.000,178.353,179.918,168.543,151.396,178.202,179.766,168.612,152.190,189.682,179.391,190.667,368.983,0.1056,0.0199,0.1717,0.9500,0.00,0.00,0.00,0.00
1721.00,180.000,180.000,170.000,175.000,178.345,179.910,168.546,151.435,178.196,179.759,168.615,152.229,189.685,179.399,190.668,369.017,0.1122,0.0199,0.1717,0.9500,0.00,0.00,0.00,0.00
1722.00,180.000,180.000,170.000,175.000,178.338,179.903,168.550,151.474,178.189,179.752,168.618,152.267,189.693,179.406,190.668,369.052,0.1122,0.0199,0.1717,0.9500,0.00,0.00,0.00,0.00
1723.00,180.000,180.000,170.000,175.000,178.331,179.895,168.553,151.513,178.182,179.746,168.621,152.305,189.702,179.414,190.666,369.087,0.1122,0.0199,0.1698,0.9500,0.00,0.00,0.00,0.00
1724.00,180.000,180.000,170.000,175.000,178.323,179.888,168.557,151.553,178.175,179.739,168.625,152.344,189.710,179.422,190.663,369.122,0.1122,0.0199,0.1698,0.9500,0.00,0.00,0.00,0.00
1725.00,180.000,180.000,170.000,175.000,178.316,179.880,168.560,151.592,178.168,179.732,168.628,152.382,189.717,179.429,190.661,369.156,0.1122,0.0199,0.1698,0.9500,0.00,0.00,0.00,0.00
1726.00,180.000,180.000,170.000,175.000,178.309,179.873,168.563,151.631,178.162,179.725,168.631,152.420,189.725,179.437,190.659,369.191,0.1122,0.0199,0.1698,0.9500,0.00,0.00,0.00,0.00
1727.00,180.000,180.000,170.000,175.000,178.301,179.866,168.567,151.670,178.155,179.719,168.635,152.458,189.733,179.444,190.657,369.226,0.1122,0.0199,0.1699,0.9500,0.00,0.00,0.00,0.00
1728.00,180.000,180.000,170.000,175.000,178.294,179.859,168.570,151.709,178.149,179.712,168.638,152.497,189.741,179.451,190.655,369.260,0.1122,0.0199,0.1699,0.9500,0.00,0.00,0.00,0.00
1729.00,180.000,180.000,170.000,175.000,178.287,179.851,168.573,151.747,178.142,179.705,168.641,152.535,189.749,179.459,190.653,369.295,0.1122,0.0199,0.1699,0.9500,0.00,0.00,0.00,0.00
1730.00,180.000,180.000,170.000,175.000,178.280,179.844,168.577,151.786,178.136,179.699,168.644,152.573,189.756,179.468,190.651,369.329,0.1122,0.0219,0.1699,0.9500,0.00,0.00,0.00,0.00
1731.00,180.000,180.000,170.000,175.000,178.273,179.837,168.580,151.825,178.129,179.692,168.648,152.611,189.764,179.478,190.649,369.364,0.1122,0.0219,0.1700,0.9500,0.00,0.00,0.00,0.00
1732.00,180.000,180.000,170.000,175.000,178.266,179.830,168.583,151.864,178.123,179.686,168.651,152.649,189.772,179.487,190.647,369.398,0.1122,0.0219,0.1700,0.9500,0.00,0.00,0.00,0.00
1733.00,180.000,180.000,170.000,175.000,178.259,179.823,168.587,151.903,178.117,179.679,168.654,152.687,189.779,179.496,190.645,369.433,0.1122,0.0219,0.1700,0.9500,0.00,0.00,0.00,0.00
1734.00,180.000,180.000,170.000,175.000,178.252,179.816,168.590,151.941,178.111,179.673,168.657,152.725,189.786,179.505,190.646,369.467,0.1122,0.0219,0.1700,0.9500,0.00,0.00,0.00,0.00
1735.00,180.000,180.000,170.000,175.000,178.245,179.809,168.593,151.980,178.105,179.667,168.660,152.763,189.801,179.514,190.647,369.502,0.1188,0.0219,0.1701,0.9500,0.00,0.00,0.00,0.00
1736.00,180.000,180.000,170.000,175.000,178.238,179.802,168.597,152.019,178.099,179.660,168.664,152.800,189.816,179.523,190.647,369.536,0.1188,0.0219,0.1701,0.9500,0.00,0.00,0.00,0.00
1737.00,180.000,180.000,170.000,175.000,178.231,179.795,168.600,152.057,178.093,179.654,168.667,152.838,189.831,179.532,190.648,369.570,0.1188,0.0219,0.1701,0.9500,0.00,0.00,0.00,0.00
1738.00,180.000,180.000,170.000,175.000,178.224,179.788,168.603,152.096,178.087,179.648,168.670,152.876,189.845,179.540,190.649,369.605,0.1188,0.0219,0.1701,0.9500,0.00,0.00,0.00,0.00
1739.00,180.000,180.000,170.000,175.000,178.217,179.781,168.607,152.134,178.081,179.641,168.673,152.914,189.860,179.549,190.649,369.639,0.1188,0.0219,0.1701,0.9500,0.00,0.00,0.00,0.00
1740.00,180.000,180.000,170.000,175.000,178.211,179.774,168.610,152.173,178.075,179.635,168.676,152.952,189.874,179.557,190.650,369.673,0.1188,0.0219,0.1702,0.9500,0.00,0.00,0.00,0.00
1741.00,180.000,180.000,170.000,175.000,178.204,179.767,168.613,152.211,178.069,179.629,168.680,152.989,189.888,179.566,190.651,369.707,0.1188,0.0219,0.1702,0.9500,0.00,0.00,0.00,0.00
1742.00,180.000,180.000,170.000,175.000,178.197,179.760,168.616,152.250,178.064,179.623,168.683,153.027,189.902,179.574,190.652,369.741,0.1188,0.0219,0.1702,0.9500,0.00,0.00,0.00,0.00
1743.00,180.000,180.000,170.000,175.000,178.191,179.754,168.620,152.288,178.058,179.617,168.686,153.064,189.916,179.582,190.653,369.776,0.1188,0.0219,0.1702,0.9500,0.00,0.00,0.00,0.00
1744.00,180.000,180.000,170.000,175.000,178.184,179.747,168.623,152.326,178.053,179.611,168.689,153.102,189.930,179.591,190.653,369.810,0.1188,0.0239,0.1703,0.9500,0.00,0.00,0.00,0.00
1745.00,180.000,180.000,170.000,175.000,178.178,179.740,168.626,152.365,178.047,179.605,168.692,153.140,189.944,179.602,190.654,369.844,0.1188,0.0239,0.1703,0.9500,0.00,0.00,0.00,0.00
1746.00,180.000,180.000,170.000,175.000,178.171,179.733,168.629,152.403,178.042,179.599,168.696,153.177,189.958,179.612,190.655,369.878,0.1188,0.0239,0.1703,0.9500,0.00,0.00,0.00,0.00
1747.00,180.000,180.000,170.000,175.000,178.165,179.727,168.633,152.441,178.037,179.593,168.699,153.215,189.971,179.622,190.656,369.912,0.1188,0.0239,0.1703,0.9500,0.00,0.00,0.00,0.00
1748.00,180.000,180.000,170.000,175.000,178.159,179.720,168.636,152.479,178.031,179.587,168.702,153.252,189.985,179.632,190.657,369.946,0.1188,0.0239,0.1704,0.9500,0.00,0.00,0.00,0.00
1749.00,180.000,180.000,170.000,175.000,178.152,179.714,168.639,152.518,178.026,179.581,168.705,153.289,189.998,179.642,190.658,369.980,0.1188,0.0239,0.1704,0.9500,0.00,0.00,0.00,0.00
1750.00,180.000,180.000,170.000,175.000,178.146,179.707,168.643,152.556,178.021,179.575,168.708,153.327,190.015,179.652,190.659,370.014,0.1254,0.0239,0.1704,0.9500,0.00,0.00,0.00,0.00
1751.00,180.000,180.000,170.000,175.000,178.140,179.700,168.646,152.594,178.016,179.569,168.711,153.364,190.036,179.661,190.660,370.048,0.1254,0.0239,0.1704,0.9500,0.00,0.00,0.00,0.00
1752.00,180.000,180.000,170.000,175.000,178.134,179.694,168.649,152.632,178.011,179.563,168.715,153.402,190.057,179.671,190.660,370.082,0.1254,0.0239,0.1705,0.9500,0.00,0.00,0.00,0.00
1753.00,180.000,180.000,170.000,175.000,178.128,179.688,168.652,152.670,178.006,179.557,168.718,153.439,190.077,179.681,190.660,370.115,0.1254,0.0239,0.1685,0.9500,0.00,0.00,0.00,0.00
1754.00,180.000,180.000,170.000,175.000,178.122,179.681,168.655,152.708,178.002,179.552,168.721,153.476,190.097,179.690,190.659,370.149,0.1254,0.0239,0.1685,0.9500,0.00,0.00,0.00,0.00
1755.00,180.000,180.000,170.000,175.000,178.116,179.675,168.659,152.746,177.997,179.546,168.724,153.513,190.117,179.699,190.657,370.183,0.1254,0.0239,0.1685,0.9500,0.00,0.00,0.00,0.00
1756.00,180.000,180.000,170.000,175.000,178.110,179.668,168.662,152.784,177.992,179.540,168.727,153.550,190.137,179.708,190.656,370.217,0.1254,0.0239,0.1685,0.9500,0.00,0.00,0.00,0.00
1757.00,180.000,180.000,170.000,175.000,178.104,179.662,168.665,152.821,177.988,179.535,168.730,153.588,190.157,179.717,190.654,370.250,0.1254,0.0239,0.1686,0.9500,0.00,0.00,0.00,0.00
1758.00,180.000,180.000,170.000,175.000,178.099,179.656,168.668,152.859,177.983,179.529,168.734,153.625,190.177,179.726,190.653,370.284,0.1254,0.0239,0.1686,0.9500,0.00,0.00,0.00,0.00
1759.00,180.000,180.000,170.000,175.000,178.093,179.650,168.672,152.897,177.979,179.523,168.737,153.662,190.197,179.735,190.652,370.318,0.1254,0.0259,0.1686,0.9500,0.00,0.00,0.00,0.00
1760.00,180.000,180.000,170.000,175.000,178.087,179.643,168.675,152.935,177.975,179.518,168.740,153.699,190.216,179.746,190.650,370.351,0.1254,0.0259,0.1686,0.9500,0.00,0.00,0.00,0.00
1761.00,180.000,180.000,170.000,175.000,178.082,179.637,168.678,152.973,177.971,179.512,168.743,153.736,190.235,179.757,190.649,370.385,0.1254,0.0259,0.1687,0.9500,0.00,0.00,0.00,0.00
1762.00,180.000,180.000,170.000,175.000,178.076,179.631,168.681,153.010,177.966,179.507,168.746,153.773,190.254,179.768,190.648,370.419,0.1254,0.0259,0.1687,0.9500,0.00,0.00,0.00,0.00
1763.00,180.000,180.000,170.000,175.000,178.071,179.625,168.684,153.048,177.962,179.501,168.749,153.810,190.274,179.779,190.647,370.452,0.1254,0.0259,0.1687,0.9500,0.00,0.00,0.00,0.00
1764.00,180.000,180.000,170.000,175.000,178.066,179.619,168.688,153.085,177.958,179.496,168.752,153.847,190.292,179.790,190.645,370.486,0.1254,0.0259,0.1687,0.9500,0.00,0.00,0.00,0.00
1765.00,180.000,180.000,170.000,175.000,178.060,179.613,168.691,153.123,177.954,179.491,168.755,153.884,190.311,179.801,190.644,370.519,0.1254,0.0259,0.1687,0.9500,0.00,0.00,0.00,0.00
1766.00,180.000,180.000,170.000,175.000,178.055,179.607,168.694,153.161,177.950,179.485,168.758,153.920,190.330,179.811,190.643,370.553,0.1254,0.0259,0.1688,0.9500,0.00,0.00,0.00,0.00
1767.00,180.000,180.000,170.000,175.000,178.050,179.601,168.697,153.198,177.947,179.480,168.762,153.957,190.349,179.822,190.642,370.586,0.1320,0.0259,0.1688,0.9500,0.00,0.00,0.00,0.00
1768.00,180.000,180.000,170.000,175.000,178.045,179.595,168.700,153.236,177.943,179.475,168.765,153.994,190.374,179.832,190.641,370.619,0.1320,0.0259,0.1688,0.9500,0.00,0.00,0.00,0.00
1769.00,180.000,180.000,170.000,175.000,178.040,179.589,168.704,153.273,177.939,179.469,168.768,154.031,190.400,179.842,190.640,370.653,0.1320,0.0259,0.1688,0.9500,0.00,0.00,0.00,0.00
1770.00,180.000,180.000,170.000,175.000,178.035,179.583,168.707,153.310,177.936,179.464,168.771,154.068,190.426,179.852,190.639,370.686,0.1320,0.0259,0.1689,0.9500,0.00,0.00,0.00,0.00
1771.00,180.000,180.000,170.000,175.000,178.030,179.577,168.710,153.348,177.932,179.459,168.774,154.104,190.451,179.862,190.638,370.719,0.1320,0.0259,0.1689,0.9500,0.00,0.00,0.00,0.00
1772.00,180.000,180.000,170.000,175.000,178.025,179.571,168.713,153.385,177.929,179.454,168.777,154.141,190.476,179.872,190.637,370.753,0.1320,0.0259,0.1689,0.9500,0.00,0.00,0.00,0.00
1773.00,180.000,180.000,170.000,175.000,178.020,179.565,168.716,153.422,177.926,179.449,168.780,154.178,190.501,179.882,190.636,370.786,0.1320,0.0259,0.1689,0.9500,0.00,0.00,0.00,0.00
1774.00,180.000,180.000,170.000,175.000,178.016,179.560,168.719,153.460,177.923,179.444,168.783,154.214,190.526,179.891,190.635,370.819,0.1320,0.0259,0.1689,0.9500,0.00,0.00,0.00,0.00
1775.00,180.000,180.000,170.000,175.000,178.011,179.554,168.722,153.497,177.919,179.438,168.786,154.251,190.551,179.901,190.634,370.852,0.1320,0.0259,0.1690,0.9500,0.00,0.00,0.00,0.00
1776.00,180.000,180.000,170.000,175.000,178.007,179.548,168.726,153.534,177.916,179.433,168.789,154.287,190.576,179.911,190.634,370.886,0.1320,0.0279,0.1690,0.9500,0.00,0.00,0.00,0.00
1777.00,180.000,180.000,170.000,175.000,178.002,179.543,168.729,153.571,177.914,179.428,168.792,154.324,190.600,179.923,190.633,370.919,0.1320,0.0280,0.1690,0.9500,0.00,0.00,0.00,0.00
1778.00,180.000,180.000,170.000,175.000,177.998,179.537,168.732,153.609,177.911,179.423,168.795,154.360,190.624,179.935,190.632,370.952,0.1320,0.0280,0.1690,0.9500,0.00,0.00,0.00,0.00
1779.00,180.000,180.000,170.000,175.000,177.994,179.531,168.735,153.646,177.908,179.419,168.798,154.397,190.648,179.946,190.631,370.985,0.1320,0.0280,0.1691,0.9500,0.00,0.00,0.00,0.00
1780.00,180.000,180.000,170.000,175.000,177.989,179.526,168.738,153.683,177.905,179.414,168.801,154.433,190.672,179.958,190.631,371.018,0.1320,0.0280,0.1691,0.9500,0.00,0.00,0.00,0.00
1781.00,180.000,180.000,170.000,175.000,177.985,179.520,168.741,153.720,177.903,179.409,168.804,154.470,190.696,179.969,190.630,371.051,0.1320,0.0280,0.1691,0.9500,0.00,0.00,0.00,0.00
1782.00,180.000,180.000,170.000,175.000,177.981,179.515,168.744,153.757,177.900,179.404,168.807,154.506,190.720,179.980,190.629,371.084,0.1320,0.0280,0.1691,0.9500,0.00,0.00,0.00,0.00
1783.00,180.000,180.000,170.000,175.000,177.977,179.509,168.747,153.794,177.898,179.399,168.810,154.542,190.743,179.991,190.629,371.117,0.1320,0.0280,0.1691,0.9500,0.00,0.00,0.00,0.00
1784.00,180.000,180.000,170.000,175.000,177.973,179.504,168.750,153.831,177.895,179.394,168.813,154.579,190.767,180.002,190.628,371.150,0.1320,0.0280,0.1672,0.9500,0.00,0.00,0.00,0.00
1785.00,180.000,180.000,170.000,175.000,177.969,179.498,168.754,153.868,177.893,179.390,168.816,154.615,190.790,180.013,190.625,371.183,0.1320,0.0280,0.1672,0.9500,0.00,0.00,0.00,0.00
1786.00,180.000,180.000,170.000,175.000,177.966,179.493,168.757,153.905,177.891,179.385,168.819,154.651,190.813,180.024,190.622,371.216,0.1320,0.0280,0.1672,0.9500,0.00,0.00,0.00,0.00
1787.00,180.000,180.000,170.000,175.000,177.962,179.488,168.760,153.942,177.888,179.380,168.822,154.688,190.836,180.034,190.619,371.248,0.1320,0.0280,0.1672,0.9500,0.00,0.00,0.00,0.00
1788.00,180.000,180.000,170.000,175.000,177.958,179.482,168.763,153.978,177.886,179.376,168.825,154.724,190.859,180.045,190.616,371.281,0.1320,0.0280,0.1672,0.9500,0.00,0.00,0.00,0.00
1789.00,180.000,180.000,170.000,175.000,177.955,179.477,168.766,154.015,177.884,179.371,168.828,154.760,190.881,180.055,190.613,371.314,0.1320,0.0280,0.1673,0.9500,0.00,0.00,0.00,0.00
1790.00,180.000,180.000,170.000,175.000,177.951,179.472,168.769,154.052,177.883,179.367,168.831,154.796,190.904,180.066,190.610,371.347,0.1320,0.0280,0.1673,0.9500,0.00,0.00,0.00,0.00
1791.00,180.000,180.000,170.000,175.000,177.948,179.467,168.772,154.089,177.881,179.362,168.834,154.832,190.931,180.076,190.607,371.379,0.1386,0.0280,0.1673,0.9500,0.00,0.00,0.00,0.00
1792.00,180.000,180.000,170.000,175.000,177.945,179.462,168.775,154.125,177.879,179.357,168.837,154.868,190.963,180.086,190.605,371.412,0.1386,0.0280,0.1673,0.9500,0.00,0.00,0.00,0.00
1793.00,180.000,180.000,170.000,175.000,177.941,179.456,168.778,154.162,177.877,179.353,168.840,154.904,190.995,180.096,190.602,371.445,0.1386,0.0280,0.1673,0.9500,0.00,0.00,0.00,0.00
1794.00,180.000,180.000,170.000,175.000,177.938,179.451,168.781,154.199,177.876,179.349,168.843,154.941,191.027,180.106,190.599,371.477,0.1386,0.0280,0.1674,0.9500,0.00,0.00,0.00,0.00
1795.00,180.000,180.000,170.000,175.000,177.935,179.446,168.784,154.235,177.874,179.344,168.845,154.977,191.058,180.117,190.597,371.510,0.1386,0.0300,0.1674,0.9500,0.00,0.00,0.00,0.00
1796.00,180.000,180.000,170.000,175.000,177.932,179.441,168.787,154.272,177.873,179.340,168.848,155.013,191.089,180.129,190.594,371.543,0.1386,0.0300,0.1674,0.9500,0.00,0.00,0.00,0.00
1797.00,180.000,180.000,170.000,175.000,177.929,179.436,168.790,154.309,177.872,179.335,168.851,155.049,191.121,180.141,190.591,371.575,0.1386,0.0300,0.1674,0.9500,0.00,0.00,0.00,0.00
1798.00,180.000,180.000,170.000,175.000,177.927,179.431,168.793,154.345,177.870,179.331,168.854,155.084,191.151,180.153,190.589,371.608,0.1386,0.0300,0.1675,0.9500,0.00,0.00,0.00,0.00
1799.00,180.000,180.000,170.000,175.000,177.924,179.426,168.796,154.382,177.869,179.327,168.857,155.120,191.182,180.165,190.586,371.640,0.1386,0.0300,0.1675,0.9500,0.00,0.00,0.00,0.00
1800.00,180.000,180.000,170.000,175.000,177.921,179.421,168.799,154.418,177.868,179.323,168.860,155.156,191.213,180.176,190.584,371.673,0.1386,0.0300,0.1675,0.9500,0.00,0.00,0.00,0.00
1801.00,180.000,180.000,170.000,175.000,177.919,179.417,168.802,154.454,177.867,179.318,168.863,155.192,191.243,180.188,190.581,371.705,0.1386,0.0300,0.1675,0.9500,0.00,0.00,0.00,0.00
1802.00,180.000,180.000,170.000,175.000,177.916,179.412,168.805,154.491,177.866,179.314,168.866,155.228,191.273,180.199,190.579,371.738,0.1386,0.0300,0.1675,0.9500,0.00,0.00,0.00,0.00
1803.00,180.000,180.000,170.000,175.000,177.914,179.407,168.808,154.527,177.866,179.310,168.868,155.264,191.303,180.211,190.577,371.770,0.1386,0.0300,0.1676,0.9500,0.00,0.00,0.00,0.00
1804.00,180.000,180.000,170.000,175.000,177.911,179.402,168.811,154.564,177.865,179.306,168.871,155.300,191.333,180.222,190.574,371.802,0.1386,0.0300,0.1676,0.9500,0.00,0.00,0.00,0.00
1805.00,180.000,180.000,170.000,175.000,177.909,179.397,168.814,154.600,177.864,179.302,168.874,155.335,191.362,180.233,190.572,371.835,0.1386,0.0300,0.1676,0.9500,0.00,0.00,0.00,0.00
1806.00,180.000,180.000,170.000,175.000,177.907,179.393,168.817,154.636,177.864,179.298,168.877,155.371,191.392,180.244,190.570,371.867,0.1386,0.0300,0.1676,0.9500,0.00,0.00,0.00,0.00
1807.00,180.000,180.000,170.000,175.000,177.905,179.388,168.820,154.673,177.864,179.294,168.880,155.407,191.421,180.255,190.568,371.899,0.1386,0.0300,0.1676,0.9500,0.00,0.00,0.00,0.00
1808.00,180.000,180.000,170.000,175.000,177.903,179.383,168.823,154.709,177.863,179.290,168.882,155.442,191.450,180.268,190.566,371.932,0.1386,0.0300,0.1677,0.9500,0.00,0.00,0.00,0.00
1809.00,180.000,180.000,170.000,175.000,177.901,179.379,168.826,154.745,177.863,179.286,168.885,155.478,191.479,180.281,190.563,371.964,0.1386,0.0300,0.1677,0.9500,0.00,0.00,0.00,0.00
1810.00,180.000,180.000,170.000,175.000,177.899,179.374,168.829,154.781,177.863,179.282,168.888,155.514,191.508,180.294,190.561,371.996,0.1386,0.0300,0.1677,0.9500,0.00,0.00,0.00,0.00
1811.00,180.000,180.000,170.000,175.000,177.897,179.370,168.832,154.817,177.863,179.278,168.891,155.549,191.536,180.307,190.559,372.028,0.1386,0.0300,0.1677,0.9500,0.00,0.00,0.00,0.00
1812.00,180.000,180.000,170.000,175.000,177.895,179.365,168.835,154.854,177.863,179.274,168.894,155.585,191.564,180.320,190.557,372.060,0.1386,0.0300,0.1677,0.9500,0.00,0.00,0.00,0.00
1813.00,180.000,180.000,170.000,175.000,177.894,179.361,168.838,154.890,177.863,179.270,168.896,155.620,191.593,180.333,190.555,372.092,0.1386,0.0300,0.1678,0.9500,0.00,0.00,0.00,0.00
1814.00,180.000,180.000,170.000,175.000,177.892,179.356,168.840,154.926,177.863,179.266,168.899,155.656,191.621,180.345,190.553,372.125,0.1386,0.0300,0.1678,0.9500,0.00,0.00,0.00,0.00
1815.00,180.000,180.000,170.000,175.000,177.891,179.352,168.843,154.962,177.863,179.263,168.902,155.692,191.648,180.358,190.552,372.157,0.1386,0.0300,0.1678,0.9500,0.00,0.00,0.00,0.00
1816.00,180.000,180.000,170.000,175.000,177.890,179.347,168.846,154.998,177.864,179.259,168.905,155.727,191.676,180.371,190.550,372.189,0.1386,0.0320,0.1678,0.9500,0.00,0.00,0.00,0.00
1817.00,180.000,180.000,170.000,175.000,177.888,179.343,168.849,155.034,177.864,179.255,168.907,155.762,191.704,180.386,190.548,372.221,0.1386,0.0320,0.1678,0.9500,0.00,0.00,0.00,0.00
1818.00,180.000,180.000,170.000,175.000,177.887,179.339,168.852,155.070,177.864,179.252,168.910,155.798,191.731,180.400,190.545,372.253,0.1386,0.0320,0.1659,0.9500,0.00,0.00,0.00,0.00
1819.00,180.000,180.000,170.000,175.000,177.886,179.334,168.855,155.106,177.865,179.248,168.913,155.833,191.758,180.415,190.541,372.285,0.1386,0.0320,0.1659,0.9500,0.00,0.00,0.00,0.00
1820.00,180.000,180.000,170.000,175.000,177.885,179.330,168.858,155.142,177.866,179.244,168.916,155.869,191.785,180.429,190.536,372.316,0.1386,0.0320,0.1659,0.9500,0.00,0.00,0.00,0.00
1821.00,180.000,180.000,170.000,175.000,177.884,179.326,168.861,155.178,177.866,179.241,168.918,155.904,191.812,180.443,190.532,372.348,0.1386,0.0320,0.1659,0.9500,0.00,0.00,0.00,0.00
1822.00,180.000,180.000,170.000,175.000,177.883,179.322,168.863,155.213,177.867,179.237,168.921,155.939,191.839,180.457,190.528,372.380,0.1386,0.0320,0.1659,0.9500,0.00,0.00,0.00,0.00
1823.00,180.000,180.000,170.000,175.000,177.882,179.318,168.866,155.249,177.868,179.234,168.924,155.975,191.865,180.471,190.524,372.412,0.1386,0.0320,0.1660,0.9500,0.00,0.00,0.00,0.00
1824.00,180.000,180.000,170.000,175.000,177.882,179.313,168.869,155.285,177.869,179.230,168.926,156.010,191.892,180.485,190.520,372.444,0.1386,0.0320,0.1660,0.9500,0.00,0.00,0.00,0.00
1825.00,180.000,180.000,170.000,175.000,177.881,179.309,168.872,155.321,177.870,179.227,168.929,156.045,191.918,180.499,190.516,372.476,0.1386,0.0320,0.1660,0.9500,0.00,0.00,0.00,0.00
1826.00,180.000,180.000,170.000,175.000,177.881,179.305,168.875,155.357,177.871,179.224,168.932,156.081,191.944,180.512,190.513,372.507,0.1386,0.0320,0.1660,0.9500,0.00,0.00,0.00,0.00
1827.00,180.000,180.000,170.000,175.000,177.880,179.301,168.878,155.392,177.872,179.220,168.934,156.116,191.970,180.526,190.512,372.539,0.1386,0.0320,0.1660,0.9500,0.00,0.00,0.00,0.00
1828.00,180.000,180.000,170.000,175.000,177.880,179.297,168.880,155.428,177.873,179.217,168.937,156.151,191.996,180.539,190.511,372.571,0.1386,0.0320,0.1660,0.9500,0.00,0.00,0.00,0.00
1829.00,180.000,180.000,170.000,175.000,177.879,179.293,168.883,155.464,177.875,179.214,168.940,156.186,192.022,180.552,190.509,372.603,0.1386,0.0320,0.1661,0.9500,0.00,0.00,0.00,0.00
1830.00,180.000,180.000,170.000,175.000,177.879,179.289,168.886,155.499,177.876,179.211,168.942,156.221,192.047,180.565,190.508,372.634,0.1386,0.0320,0.1661,0.9500,0.00,0.00,0.00,0.00
1831.00,180.000,180.000,170.000,175.000,177.879,179.286,168.889,155.535,177.878,179.207,168.945,156.256,192.073,180.578,190.507,372.666,0.1386,0.0320,0.1661,0.9500,0.00,0.00,0.00,0.00
1832.00,180.000,180.000,170.000,175.000,177.879,179.282,168.892,155.571,177.879,179.204,168.948,156.292,192.098,180.591,190.506,372.698,0.1386,0.0320,0.1661,0.9500,0.00,0.00,0.00,0.00
1833.00,180.000,180.000,170.000,175.000,177.879,179.278,168.894,155.606,177.881,179.201,168.950,156.327,192.123,180.603,190.504,372.729,0.1386,0.0321,0.1661,0.9500,0.00,0.00,0.00,0.00
1834.00,180.000,180.000,170.000,175.000,177.879,179.274,168.897,155.642,177.882,179.198,168.953,156.362,192.148,180.616,190.503,372.761,0.1386,0.0321,0.1662,0.9500,0.00,0.00,0.00,0.00
1835.00,180.000,180.000,170.000,175.000,177.879,179.270,168.900,155.677,177.884,179.195,168.956,156.397,192.173,180.628,190.502,372.792,0.1386,0.0321,0.1662,0.9500,0.00,0.00,0.00,0.00
1836.00,180.000,180.000,170.000,175.000,177.880,179.267,168.903,155.713,177.886,179.192,168.958,156.432,192.197,180.641,190.501,372.824,0.1386,0.0321,0.1662,0.9500,0.00,0.00,0.00,0.00
1837.00,180.000,180.000,170.000,175.000,177.880,179.263,168.905,155.748,177.888,179.189,168.961,156.467,192.222,180.653,190.500,372.855,0.1386,0.0321,0.1662,0.9500,0.00,0.00,0.00,0.00
1838.00,180.000,180.000,170.000,175.000,177.880,179.259,168.908,155.784,177.890,179.186,168.963,156.502,192.246,180.665,190.499,372.887,0.1386,0.0321,0.1662,0.9500,0.00,0.00,0.00,0.00
1839.00,180.000,180.000,170.000,175.000,177.881,179.256,168.911,155.819,177.892,179.183,168.966,156.537,192.271,180.677,190.498,372.918,0.1386,0.0321,0.1663,0.9500,0.00,0.00,0.00,0.00
1840.00,180.000,180.000,170.000,175.000,177.881,179.252,168.914,155.855,177.894,179.180,168.969,156.572,192.295,180.689,190.497,372.949,0.1386,0.0321,0.1663,0.9500,0.00,0.00,0.00,0.00
1841.00,180.000,180.000,170.000,175.000,177.882,179.249,168.916,155.890,177.896,179.177,168.971,156.607,192.319,180.702,190.496,372.981,0.1386,0.0341,0.1663,0.9500,0.00,0.00,0.00,0.00
1842.00,180.000,180.000,170.000,175.000,177.883,179.245,168.919,155.925,177.898,179.174,168.974,156.641,192.343,180.716,190.495,373.012,0.1386,0.0341,0.1663,0.9500,0.00,0.00,0.00,0.00
1843.00,180.000,180.000,170.000,175.000,177.884,179.242,168.922,155.961,177.901,179.171,168.976,156.676,192.367,180.730,190.494,373.043,0.1386,0.0341,0.1663,0.9500,0.00,0.00,0.00,0.00
1844.00,180.000,180.000,170.000,175.000,177.884,179.238,168.924,155.996,177.903,179.169,168.979,156.711,192.390,180.744,190.493,373.075,0.1386,0.0341,0.1663,0.9500,0.00,0.00,0.00,0.00
1845.00,180.000,180.000,170.000,175.000,177.885,179.235,168.927,156.031,177.905,179.166,168.982,156.746,192.414,180.758,190.492,373.106,0.1386,0.0341,0.1664,0.9500,0.00,0.00,0.00,0.00
1846.00,180.000,180.000,170.000,175.000,177.886,179.231,168.930,156.067,177.908,179.163,168.984,156.781,192.437,180.772,190.491,373.137,0.1386,0.0341,0.1664,0.9500,0.00,0.00,0.00,0.00
1847.00,180.000,180.000,170.000,175.000,177.887,179.228,168.932,156.102,177.910,179.161,168.987,156.816,192.461,180.785,190.491,373.169,0.1386,0.0341,0.1664,0.9500,0.00,0.00,0.00,0.00
1848.00,180.000,180.000,170.000,175.000,177.889,179.225,168.935,156.137,177.913,179.158,168.989,156.850,192.484,180.799,190.490,373.200,0.1386,0.0341,0.1664,0.9500,0.00,0.00,0.00,0.00
1849.00,180.000,180.000,170.000,175.000,177.890,179.221,168.938,156.172,177.916,179.155,168.992,156.885,192.507,180.812,190.489,373.231,0.1386,0.0341,0.1664,0.9500,0.00,0.00,0.00,0.00
1850.00,180.000,180.000,170.000,175.000,177.891,179.218,168.940,156.208,177.918,179.153,168.994,156.920,192.530,180.825,190.488,373.262,0.1386,0.0341,0.1665,0.9500,0.00,0.00,0.00,0.00
1851.00,180.000,180.000,170.000,175.000,177.892,179.215,168.943,156.243,177.921,179.150,168.997,156.954,192.553,180.839,190.488,373.293,0.1386,0.0341,0.1665,0.9500,0.00,0.00,0.00,0.00
1852.00,180.000,180.000,170.000,175.000,177.894,179.212,168.946,156.278,177.924,179.148,169.000,156.989,192.575,180.852,190.487,373.324,0.1386,0.0341,0.1665,0.9500,0.00,0.00,0.00,0.00
1853.00,180.000,180.000,170.000,175.000,177.895,179.208,168.948,156.313,177.927,179.145,169.002,157.024,192.598,180.864,190.486,373.355,0.1386,0.0341,0.1665,0.9500,0.00,0.00,0.00,0.00
1854.00,180.000,180.000,170.000,175.000,177.897,179.205,168.951,156.348,177.930,179.143,169.005,157.058,192.620,180.877,190.484,373.386,0.1386,0.0341,0.1645,0.9500,0.00,0.00,0.00,0.00
1855.00,180.000,180.000,170.000,175.000,177.899,179.202,168.954,156.383,177.933,179.140,169.007,157.093,192.643,180.890,190.481,373.417,0.1386,0.0341,0.1645,0.9500,0.00,0.00,0.00,0.00
1856.00,180.000,180.000,170.000,175.000,177.900,179.199,168.956,156.418,177.936,179.138,169.010,157.128,192.665,180.902,190.478,373.448,0.1386,0.0341,0.1646,0.9500,0.00,0.00,0.00,0.00
1857.00,180.000,180.000,170.000,175.000,177.902,179.196,168.959,156.453,177.939,179.135,169.012,157.162,192.687,180.915,190.475,373.479,0.1386,0.0341,0.1646,0.9500,0.00,0.00,0.00,0.00
1858.00,180.000,180.000,170.000,175.000,177.904,179.193,168.962,156.488,177.943,179.133,169.015,157.197,192.709,180.927,190.472,373.510,0.1386,0.0341,0.1646,0.9500,0.00,0.00,0.00,0.00
1859.00,180.000,180.000,170.000,175.000,177.906,179.190,168.964,156.523,177.946,179.131,169.017,157.231,192.731,180.940,190.469,373.541,0.1386,0.0341,0.1646,0.9500,0.00,0.00,0.00,0.00
1860.00,180.000,180.000,170.000,175.000,177.908,179.187,168.967,156.558,177.949,179.129,169.020,157.266,192.753,180.952,190.467,373.572,0.1386,0.0341,0.1646,0.9500,0.00,0.00,0.00,0.00
1861.00,180.000,180.000,170.000,175.000,177.910,179.184,168.969,156.593,177.953,179.126,169.022,157.300,192.775,180.964,190.464,373.603,0.1386,0.0341,0.1647,0.9500,0.00,0.00,0.00,0.00
1862.00,180.000,180.000,170.000,175.000,177.912,179.182,168.972,156.628,177.956,179.124,169.025,157.335,192.797,180.976,190.461,373.634,0.1386,0.0341,0.1647,0.9500,0.00,0.00,0.00,0.00
1863.00,180.000,180.000,170.000,175.000,177.914,179.179,168.975,156.663,177.960,179.122,169.027,157.369,192.818,180.987,190.458,373.665,0.1386,0.0341,0.1647,0.9500,0.00,0.00,0.00,0.00
1864.00,180.000,180.000,170.000,175.000,177.917,179.176,168.977,156.698,177.963,179.120,169.030,157.404,192.840,180.999,190.455,373.696,0.1386,0.0341,0.1647,0.9500,0.00,0.00,0.00,0.00
1865.00,180.000,180.000,170.000,175.000,177.919,179.173,168.980,156.733,177.967,179.118,169.032,157.438,192.861,181.011,190.453,373.726,0.1386,0.0341,0.1647,0.9500,0.00,0.00,0.00,0.00
1866.00,180.000,180.000,170.000,175.000,177.921,179.170,168.982,156.768,177.971,179.115,169.035,157.472,192.882,181.022,190.450,373.757,0.1386,0.0341,0.1647,0.9500,0.00,0.00,0.00,0.00
1867.00,180.000,180.000,170.000,175.000,177.924,179.168,168.985,156.802,177.974,179.113,169.037,157.507,192.903,181.034,190.447,373.788,0.1386,0.0341,0.1648,0.9500,0.00,0.00,0.00,0.00
1868.00,180.000,180.000,170.000,175.000,177.926,179.165,168.988,156.837,177.978,179.111,169.040,157.541,192.924,181.045,190.445,373.818,0.1386,0.0341,0.1648,0.9500,0.00,0.00,0.00,0.00
1869.00,180.000,180.000,170.000,175.000,177.929,179.162,168.990,156.872,177.982,179.109,169.042,157.576,192.945,181.056,190.442,373.849,0.1386,0.0341,0.1648,0.9500,0.00,0.00,0.00,0.00
1870.00,180.000,180.000,170.000,175.000,177.931,179.160,168.993,156.907,177.986,179.107,169.045,157.610,192.966,181.067,190.440,373.880,0.1386,0.0341,0.1648,0.9500,0.00,0.00,0.00,0.00
1871.00,180.000,180.000,170.000,175.000,177.934,179.157,168.995,156.941,177.990,179.105,169.047,157.644,192.987,181.079,190.437,373.910,0.1386,0.0341,0.1648,0.9500,0.00,0.00,0.00,0.00
1872.00,180.000,180.000,170.000,175.000,177.937,179.155,168.998,156.976,177.994,179.103,169.050,157.678,193.007,181.089,190.435,373.941,0.1386,0.0341,0.1648,0.9500,0.00,0.00,0.00,0.00
1873.00,180.000,180.000,170.000,175.000,177.940,179.152,169.000,157.011,177.998,179.101,169.052,157.713,193.028,181.100,190.433,373.972,0.1386,0.0341,0.1649,0.9500,0.00,0.00,0.00,0.00
1874.00,180.000,180.000,170.000,175.000,177.943,179.150,169.003,157.045,178.002,179.100,169.054,157.747,193.049,181.111,190.430,374.002,0.1386,0.0361,0.1649,0.9500,0.00,0.00,0.00,0.00
1875.00,180.000,180.000,170.000,175.000,177.946,179.147,169.006,157.080,178.006,179.098,169.057,157.781,193.069,181.124,190.428,374.033,0.1386,0.0362,0.1649,0.9500,0.00,0.00,0.00,0.00
1876.00,180.000,180.000,170.000,175.000,177.949,179.145,169.008,157.115,178.011,179.096,169.059,157.815,193.089,181.137,190.426,374.063,0.1386,0.0362,0.1649,0.9500,0.00,0.00,0.00,0.00
1877.00,180.000,180.000,170.000,175.000,177.952,179.142,169.011,157.149,178.015,179.094,169.062,157.850,193.104,181.150,190.423,374.094,0.1320,0.0362,0.1649,0.9500,0.00,0.00,0.00,0.00
1878.00,180.000,180.000,170.000,175.000,177.955,179.140,169.013,157.184,178.019,179.092,169.064,157.884,193.115,181.163,190.421,374.124,0.1320,0.0362,0.1649,0.9500,0.00,0.00,0.00,0.00
1879.00,180.000,180.000,170.000,175.000,177.958,179.138,169.016,157.218,178.024,179.091,169.066,157.918,193.125,181.176,190.419,374.155,0.1320,0.0362,0.1650,0.9500,0.00,0.00,0.00,0.00
1880.00,180.000,180.000,170.000,175.000,177.961,179.135,169.018,157.253,178.028,179.089,169.069,157.952,193.135,181.188,190.417,374.185,0.1320,0.0362,0.1650,0.9500,0.00,0.00,0.00,0.00
1881.00,180.000,180.000,170.000,175.000,177.965,179.133,169.021,157.287,178.033,179.087,169.071,157.986,193.145,181.201,190.415,374.216,0.1320,0.0362,0.1650,0.9500,0.00,0.00,0.00,0.00
1882.00,180.000,180.000,170.000,175.000,177.968,179.131,169.023,157.322,178.037,179.086,169.074,158.020,193.155,181.213,190.413,374.246,0.1320,0.0362,0.1650,0.9500,0.00,0.00,0.00,0.00
1883.00,180.000,180.000,170.000,175.000,177.971,179.129,169.026,157.356,178.042,179.084,169.076,158.054,193.166,181.226,190.411,374.276,0.1320,0.0362,0.1650,0.9500,0.00,0.00,0.00,0.00
1884.00,180.000,180.000,170.000,175.000,177.975,179.126,169.028,157.391,178.046,179.082,169.078,158.088,193.176,181.238,190.409,374.307,0.1320,0.0362,0.1650,0.9500,0.00,0.00,0.00,0.00
1885.00,180.000,180.000,170.000,175.000,177.978,179.124,169.031,157.425,178.051,179.081,169.081,158.122,193.186,181.250,190.407,374.337,0.1320,0.0362,0.1651,0.9500,0.00,0.00,0.00,0.00
1886.00,180.000,180.000,170.000,175.000,177.982,179.122,169.033,157.460,178.055,179.079,169.083,158.156,193.196,181.262,190.405,374.367,0.1320,0.0362,0.1651,0.9500,0.00,0.00,0.00,0.00
1887.00,180.000,180.000,170.000,175.000,177.986,179.120,169.036,157.494,178.060,179.078,169.085,158.190,193.206,181.274,190.403,374.397,0.1320,0.0362,0.1651,0.9500,0.00,0.00,0.00,0.00
1888.00,180.000,180.000,170.000,175.000,177.989,179.118,169.038,157.528,178.065,179.076,169.088,158.224,193.216,181.286,190.401,374.428,0.1320,0.0362,0.1651,0.9500,0.00,0.00,0.00,0.00
1889.00,180.000,180.000,170.000,175.000,177.993,179.116,169.040,157.563,178.069,179.075,169.090,158.258,193.226,181.298,190.399,374.458,0.1320,0.0362,0.1651,0.9500,0.00,0.00,0.00,0.00
1890.00,180.000,180.000,170.000,175.000,177.997,179.114,169.043,157.597,178.074,179.073,169.093,158.292,193.236,181.309,190.398,374.488,0.1320,0.0362,0.1651,0.9500,0.00,0.00,0.00,0.00
1891.00,180.000,180.000,170.000,175.000,178.001,179.112,169.045,157.631,178.079,179.072,169.095,158.326,193.246,181.321,190.396,374.518,0.1320,0.0362,0.1652,0.9500,0.00,0.00,0.00,0.00
1892.00,180.000,180.000,170.000,175.000,178.005,179.110,169.048,157.666,178.084,179.071,169.097,158.360,193.256,181.332,190.394,374.548,0.1320,0.0362,0.1652,0.9500,0.00,0.00,0.00,0.00
1893.00,180.000,180.000,170.000,175.000,178.008,179.108,169.050,157.700,178.089,179.069,169.100,158.394,193.266,181.344,190.392,374.579,0.1320,0.0362,0.1632,0.9500,0.00,0.00,0.00,0.00
1894.00,180.000,180.000,170.000,175.000,178.012,179.106,169.053,157.734,178.093,179.068,169.102,158.428,193.276,181.355,190.388,374.609,0.1320,0.0362,0.1632,0.9500,0.00,0.00,0.00,0.00
1895.00,180.000,180.000,170.000,175.000,178.016,179.104,169.055,157.769,178.098,179.067,169.104,158.462,193.286,181.366,190.384,374.639,0.1320,0.0362,0.1632,0.9500,0.00,0.00,0.00,0.00
1896.00,180.000,180.000,170.000,175.000,178.020,179.102,169.058,157.803,178.103,179.065,169.107,158.495,193.296,181.377,190.380,374.669,0.1320,0.0362,0.1632,0.9500,0.00,0.00,0.00,0.00
1897.00,180.000,180.000,170.000,175.000,178.025,179.100,169.060,157.837,178.108,179.064,169.109,158.529,193.306,181.388,190.376,374.699,0.1320,0.0362,0.1633,0.9500,0.00,0.00,0.00,0.00
1898.00,180.000,180.000,170.000,175.000,178.029,179.099,169.062,157.871,178.113,179.063,169.111,158.563,193.316,181.399,190.372,374.729,0.1320,0.0362,0.1633,0.9500,0.00,0.00,0.00,0.00
1899.00,180.000,180.000,170.000,175.000,178.033,179.097,169.065,157.905,178.118,179.062,169.113,158.597,193.326,181.410,190.368,374.759,0.1320,0.0362,0.1633,0.9500,0.00,0.00,0.00,0.00
1900.00,180.000,180.000,170.000,175.000,178.037,179.095,169.067,157.939,178.123,179.060,169.116,158.631,193.336,181.421,190.364,374.789,0.1320,0.0362,0.1633,0.9500,0.00,0.00,0.00,0.00
1901.00,180.000,180.000,170.000,175.000,178.041,179.093,169.070,157.974,178.128,179.059,169.118,158.664,193.346,181.431,190.360,374.819,0.1320,0.0362,0.1633,0.9500,0.00,0.00,0.00,0.00
1902.00,180.000,180.000,170.000,175.000,178.046,179.092,169.072,158.008,178.134,179.058,169.120,158.698,193.356,181.442,190.357,374.849,0.1320,0.0362,0.1633,0.9500,0.00,0.00,0.00,0.00
1903.00,180.000,180.000,170.000,175.000,178.050,179.090,169.074,158.042,178.139,179.057,169.123,158.732,193.366,181.452,190.353,374.879,0.1254,0.0362,0.1633,0.9500,0.00,0.00,0.00,0.00
1904.00,180.000,180.000,170.000,175.000,178.054,179.089,169.077,158.076,178.144,179.056,169.125,158.765,193.368,181.463,190.349,374.908,0.1254,0.0362,0.1634,0.9500,0.00,0.00,0.00,0.00
1905.00,180.000,180.000,170.000,175.000,178.059,179.087,169.079,158.110,178.149,179.055,169.127,158.799,193.371,181.473,190.346,374.938,0.1254,0.0362,0.1634,0.9500,0.00,0.00,0.00,0.00
1906.00,180.000,180.000,170.000,175.000,178.063,179.085,169.081,158.144,178.154,179.054,169.129,158.833,193.373,181.483,190.342,374.968,0.1254,0.0362,0.1634,0.9500,0.00,0.00,0.00,0.00
1907.00,180.000,180.000,170.000,175.000,178.068,179.084,169.084,158.178,178.159,179.053,169.131,158.866,193.376,181.493,190.338,374.998,0.1254,0.0362,0.1634,0.9500,0.00,0.00,0.00,0.00
1908.00,180.000,180.000,170.000,175.000,178.072,179.082,169.086,158.212,178.165,179.052,169.134,158.900,193.378,181.503,190.335,375.028,0.1254,0.0362,0.1634,0.9500,0.00,0.00,0.00,0.00
1909.00,180.000,180.000,170.000,175.000,178.077,179.081,169.089,158.246,178.170,179.051,169.136,158.934,193.381,181.513,190.332,375.058,0.1254,0.0362,0.1634,0.9500,0.00,0.00,0.00,0.00
1910.00,180.000,180.000,170.000,175.000,178.082,179.079,169.091,158.280,178.175,179.050,169.138,158.967,193.384,181.523,190.328,375.087,0.1254,0.0362,0.1635,0.9500,0.00,0.00,0.00,0.00
1911.00,180.000,180.000,170.000,175.000,178.086,179.078,169.093,158.314,178.181,179.049,169.140,159.001,193.387,181.533,190.325,375.117,0.1254,0.0362,0.1635,0.9500,0.00,0.00,0.00,0.00
1912.00,180.000,180.000,170.000,175.000,178.091,179.076,169.096,158.348,178.186,179.048,169.143,159.034,193.389,181.543,190.321,375.147,0.1254,0.0363,0.1635,0.9500,0.00,0.00,0.00,0.00
1913.00,180.000,180.000,170.000,175.000,178.096,179.075,169.098,158.382,178.191,179.047,169.145,159.068,193.392,181.553,190.318,375.176,0.1254,0.0363,0.1635,0.9500,0.00,0.00,0.00,0.00
1914.00,180.000,180.000,170.000,175.000,178.100,179.074,169.100,158.415,178.196,179.047,169.147,159.101,193.395,181.562,190.315,375.206,0.1254,0.0363,0.1635,0.9500,0.00,0.00,0.00,0.00
1915.00,180.000,180.000,170.000,175.000,178.105,179.072,169.102,158.449,178.202,179.046,169.149,159.135,193.398,181.572,190.312,375.236,0.1254,0.0363,0.1635,0.9500,0.00,0.00,0.00,0.00
1916.00,180.000,180.000,170.000,175.000,178.110,179.071,169.105,158.483,178.207,179.045,169.151,159.168,193.401,181.581,190.308,375.265,0.1254,0.0363,0.1635,0.9500,0.00,0.00,0.00,0.00
1917.00,180.000,180.000,170.000,175.000,178.115,179.070,169.107,158.517,178.213,179.044,169.153,159.202,193.404,181.591,190.305,375.295,0.1254,0.0363,0.1636,0.9500,0.00,0.00,0.00,0.00
1918.00,180.000,180.000,170.000,175.000,178.119,179.069,169.109,158.551,178.218,179.043,169.156,159.235,193.407,181.600,190.302,375.325,0.1254,0.0363,0.1636,0.9500,0.00,0.00,0.00,0.00
1919.00,180.000,180.000,170.000,175.000,178.124,179.067,169.112,158.585,178.223,179.043,169.158,159.269,193.410,181.609,190.299,375.354,0.1254,0.0363,0.1636,0.9500,0.00,0.00,0.00,0.00
1920.00,180.000,180.000,170.000,175.000,178.129,179.066,169.114,158.618,178.229,179.042,169.160,159.302,193.413,181.618,190.296,375.384,0.1254,0.0363,0.1636,0.9500,0.00,0.00,0.00,0.00
1921.00,180.000,180.000,170.000,175.000,178.134,179.065,169.116,158.652,178.234,179.041,169.162,159.335,193.416,181.627,190.293,375.413,0.1254,0.0363,0.1636,0.9500,0.00,0.00,0.00,0.00
1922.00,180.000,180.000,170.000,175.000,178.139,179.064,169.118,158.686,178.240,179.041,169.164,159.369,193.420,181.636,190.290,375.443,0.1254,0.0363,0.1636,0.9500,0.00,0.00,0.00,0.00
1923.00,180.000,180.000,170.000,175.000,178.144,179.063,169.121,158.720,178.245,179.040,169.166,159.402,193.423,181.645,190.287,375.472,0.1254,0.0363,0.1637,0.9500,0.00,0.00,0.00,0.00
1924.00,180.000,180.000,170.000,175.000,178.149,179.061,169.123,158.753,178.251,179.039,169.168,159.435,193.426,181.654,190.285,375.502,0.1254,0.0363,0.1637,0.9500,0.00,0.00,0.00,0.00
1925.00,180.000,180.000,170.000,175.000,178.154,179.060,169.125,158.787,178.256,179.039,169.171,159.469,193.422,181.663,190.282,375.531,0.1188,0.0363,0.1637,0.9500,0.00,0.00,0.00,0.00
1926.00,180.000,180.000,170.000,175.000,178.159,179.059,169.127,158.821,178.262,179.038,169.173,159.502,193.418,181.672,190.279,375.560,0.1188,0.0363,0.1637,0.9500,0.00,0.00,0.00,0.00
1927.00,180.000,180.000,170.000,175.000,178.164,179.058,169.130,158.854,178.267,179.037,169.175,159.535,193.414,181.681,190.276,375.590,0.1188,0.0363,0.1637,0.9500,0.00,0.00,0.00,0.00
1928.00,180.000,180.000,170.000,175.000,178.169,179.057,169.132,158.888,178.273,179.037,169.177,159.568,193.410,181.689,190.274,375.619,0.1188,0.0363,0.1637,0.9500,0.00,0.00,0.00,0.00
1929.00,180.000,180.000,170.000,175.000,178.174,179.056,169.134,158.921,178.278,179.036,169.179,159.602,193.406,181.698,190.271,375.649,0.1188,0.0363,0.1637,0.9500,0.00,0.00,0.00,0.00
1930.00,180.000,180.000,170.000,175.000,178.180,179.055,169.136,158.955,178.284,179.036,169.181,159.635,193.403,181.706,190.268,375.678,0.1188,0.0363,0.1638,0.9500,0.00,0.00,0.00,0.00
1931.00,180.000,180.000,170.000,175.000,178.185,179.054,169.139,158.989,178.289,179.035,169.183,159.668,193.399,181.715,190.266,375.707,0.1188,0.0363,0.1638,0.9500,0.00,0.00,0.00,0.00
1932.00,180.000,180.000,170.000,175.000,178.190,179.053,169.141,159.022,178.295,179.035,169.185,159.701,193.396,181.723,190.263,375.737,0.1188,0.0363,0.1638,0.9500,0.00,0.00,0.00,0.00
1933.00,180.000,180.000,170.000,175.000,178.195,179.052,169.143,159.056,178.300,179.034,169.187,159.734,193.392,181.731,190.261,375.766,0.1188,0.0363,0.1638,0.9500,0.00,0.00,0.00,0.00
1934.00,180.000,180.000,170.000,175.000,178.200,179.052,169.145,159.089,178.306,179.034,169.190,159.768,193.389,181.739,190.258,375.795,0.1188,0.0363,0.1638,0.9500,0.00,0.00,0.00,0.00
1935.00,180.000,180.000,170.000,175.000,178.206,179.051,169.147,159.123,178.311,179.034,169.192,159.801,193.386,181.748,190.256,375.824,0.1188,0.0363,0.1638,0.9500,0.00,0.00,0.00,0.00
1936.00,180.000,180.000,170.000,175.000,178.211,179.050,169.150,159.156,178.317,179.033,169.194,159.834,193.383,181.756,190.253,375.854,0.1188,0.0383,0.1639,0.9500,0.00,0.00,0.00,0.00
1937.00,180.000,180.000,170.000,175.000,178.216,179.049,169.152,159.190,178.323,179.033,169.196,159.867,193.379,181.766,190.249,375.883,0.1188,0.0383,0.1619,0.9500,0.00,0.00,0.00,0.00
1938.00,180.000,180.000,170.000,175.000,178.221,179.048,169.154,159.223,178.328,179.032,169.198,159.900,193.377,181.777,190.244,375.912,0.1188,0.0383,0.1619,0.9500,0.00,0.00,0.00,0.00
1939.00,180.000,180.000,170.000,175.000,178.227,179.048,169.156,159.257,178.334,179.032,169.200,159.933,193.374,181.787,190.239,375.941,0.1188,0.0383,0.1619,0.9500,0.00,0.00,0.00,0.00
1940.00,180.000,180.000,170.000,175.000,178.232,179.047,169.158,159.290,178.339,179.032,169.202,159.966,193.371,181.797,190.234,375.970,0.1188,0.0383,0.1619,0.9500,0.00,0.00,0.00,0.00
1941.00,180.000,180.000,170.000,175.000,178.237,179.046,169.160,159.323,178.345,179.032,169.204,159.999,193.368,181.808,190.230,375.999,0.1188,0.0383,0.1619,0.9500,0.00,0.00,0.00,0.00
1942.00,180.000,180.000,170.000,175.000,178.242,179.045,169.163,159.357,178.350,179.031,169.206,160.032,193.365,181.818,190.225,376.028,0.1188,0.0383,0.1619,0.9500,0.00,0.00,0.00,0.00
1943.00,180.000,180.000,170.000,175.000,178.248,179.045,169.165,159.390,178.356,179.031,169.208,160.065,193.363,181.828,190.220,376.057,0.1188,0.0383,0.1619,0.9500,0.00,0.00,0.00,0.00
1944.00,180.000,180.000,170.000,175.000,178.253,179.044,169.167,159.423,178.361,179.031,169.210,160.098,193.357,181.838,190.216,376.086,0.1122,0.0383,0.1620,0.9500,0.00,0.00,0.00,0.00
1945.00,180.000,180.000,170.000,175.000,178.258,179.043,169.169,159.457,178.367,179.031,169.212,160.131,193.347,181.848,190.212,376.116,0.1122,0.0383,0.1620,0.9500,0.00,0.00,0.00,0.00
1946.00,180.000,180.000,170.000,175.000,178.264,179.043,169.171,159.490,178.373,179.030,169.214,160.164,193.337,181.858,190.207,376.145,0.1122,0.0383,0.1620,0.9500,0.00,0.00,0.00,0.00
1947.00,180.000,180.000,170.000,175.000,178.269,179.042,169.173,159.523,178.378,179.030,169.216,160.197,193.328,181.867,190.203,376.174,0.1122,0.0383,0.1620,0.9500,0.00,0.00,0.00,0.00
1948.00,180.000,180.000,170.000,175.000,178.275,179.042,169.175,159.557,178.384,179.030,169.218,160.230,193.318,181.877,190.201,376.203,0.1122,0.0384,0.1620,0.9500,0.00,0.00,0.00,0.00
1949.00,180.000,180.000,170.000,175.000,178.280,179.041,169.177,159.590,178.389,179.030,169.220,160.263,193.309,181.887,190.199,376.231,0.1122,0.0384,0.1620,0.9500,0.00,0.00,0.00,0.00
1950.00,180.000,180.000,170.000,175.000,178.285,179.040,169.180,159.623,178.395,179.030,169.222,160.296,193.300,181.896,190.197,376.260,0.1122,0.0384,0.1620,0.9500,0.00,0.00,0.00,0.00
1951.00,180.000,180.000,170.000,175.000,178.291,179.040,169.182,159.656,178.400,179.030,169.224,160.328,193.291,181.906,190.196,376.289,0.1122,0.0384,0.1621,0.9500,0.00,0.00,0.00,0.00
1952.00,180.000,180.000,170.000,175.000,178.296,179.039,169.184,159.689,178.406,179.030,169.226,160.361,193.282,181.915,190.194,376.318,0.1122,0.0384,0.1621,0.9500,0.00,0.00,0.00,0.00
1953.00,180.000,180.000,170.000,175.000,178.302,179.039,169.186,159.723,178.411,179.030,169.228,160.394,193.273,181.924,190.192,376.347,0.1122,0.0384,0.1621,0.9500,0.00,0.00,0.00,0.00
1954.00,180.000,180.000,170.000,175.000,178.307,179.038,169.188,159.756,178.417,179.030,169.230,160.427,193.264,181.934,190.191,376.376,0.1122,0.0384,0.1621,0.9500,0.00,0.00,0.00,0.00
1955.00,180.000,180.000,170.000,175.000,178.312,179.038,169.190,159.789,178.422,179.030,169.232,160.460,193.256,181.943,190.189,376.405,0.1122,0.0384,0.1621,0.9500,0.00,0.00,0.00,0.00
1956.00,180.000,180.000,170.000,175.000,178.318,179.038,169.192,159.822,178.428,179.030,169.234,160.492,193.248,181.952,190.188,376.434,0.1122,0.0384,0.1621,0.9500,0.00,0.00,0.00,0.00
1957.00,180.000,180.000,170.000,175.000,178.323,179.037,169.194,159.855,178.433,179.030,169.236,160.525,193.239,181.961,190.186,376.462,0.1122,0.0384,0.1621,0.9500,0.00,0.00,0.00,0.00
1958.00,180.000,180.000,170.000,175.000,178.329,179.037,169.196,159.888,178.438,179.030,169.238,160.558,193.231,181.970,190.185,376.491,0.1122,0.0384,0.1622,0.9500,0.00,0.00,0.00,0.00
1959.00,180.000,180.000,170.000,175.000,178.334,179.037,169.198,159.921,178.444,179.030,169.240,160.591,193.223,181.979,190.183,376.520,0.1122,0.0384,0.1622,0.9500,0.00,0.00,0.00,0.00
1960.00,180.000,180.000,170.000,175.000,178.340,179.036,169.200,159.954,178.449,179.030,169.242,160.623,193.215,181.988,190.182,376.549,0.1122,0.0384,0.1622,0.9500,0.00,0.00,0.00,0.00
1961.00,180.000,180.000,170.000,175.000,178.345,179.036,169.202,159.987,178.455,179.030,169.244,160.656,193.207,181.997,190.180,376.577,0.1122,0.0384,0.1622,0.9500,0.00,0.00,0.00,0.00
1962.00,180.000,180.000,170.000,175.000,178.350,179.036,169.204,160.020,178.460,179.030,169.245,160.689,193.200,182.006,190.179,376.606,0.1056,0.0384,0.1622,0.9500,0.00,0.00,0.00,0.00
1963.00,180.000,180.000,170.000,175.000,178.356,179.035,169.206,160.053,178.466,179.030,169.247,160.721,193.182,182.014,190.177,376.635,0.1056,0.0384,0.1622,0.9500,0.00,0.00,0.00,0.00
1964.00,180.000,180.000,170.000,175.000,178.361,179.035,169.208,160.086,178.471,179.031,169.249,160.754,193.165,182.023,190.176,376.663,0.1056,0.0384,0.1622,0.9500,0.00,0.00,0.00,0.00
1965.00,180.000,180.000,170.000,175.000,178.367,179.035,169.210,160.119,178.476,179.031,169.251,160.786,193.148,182.032,190.175,376.692,0.1056,0.0384,0.1622,0.9500,0.00,0.00,0.00,0.00
1966.00,180.000,180.000,170.000,175.000,178.372,179.035,169.212,160.152,178.482,179.031,169.253,160.819,193.131,182.040,190.173,376.721,0.1056,0.0384,0.1623,0.9500,0.00,0.00,0.00,0.00
1967.00,180.000,180.000,170.000,175.000,178.377,179.035,169.214,160.185,178.487,179.031,169.255,160.852,193.114,182.048,190.172,376.749,0.1056,0.0384,0.1623,0.9500,0.00,0.00,0.00,0.00
1968.00,180.000,180.000,170.000,175.000,178.383,179.034,169.216,160.218,178.492,179.031,169.257,160.884,193.097,182.057,190.171,376.778,0.1056,0.0384,0.1623,0.9500,0.00,0.00,0.00,0.00
1969.00,180.000,180.000,170.000,175.000,178.388,179.034,169.218,160.251,178.498,179.032,169.259,160.917,193.081,182.065,190.170,376.806,0.1056,0.0384,0.1623,0.9500,0.00,0.00,0.00,0.00
1970.00,180.000,180.000,170.000,175.000,178.394,179.034,169.220,160.284,178.503,179.032,169.261,160.949,193.065,182.073,190.168,376.835,0.1056,0.0384,0.1623,0.9500,0.00,0.00,0.00,0.00
1971.00,180.000,180.000,170.000,175.000,178.399,179.034,169.222,160.317,178.508,179.032,169.263,160.982,193.049,182.082,190.167,376.864,0.1056,0.0384,0.1623,0.9500,0.00,0.00,0.00,0.00
1972.00,180.000,180.000,170.000,175.000,178.404,179.034,169.224,160.349,178.513,179.032,169.265,161.014,193.033,182.090,190.166,376.892,0.1056,0.0384,0.1623,0.9500,0.00,0.00,0.00,0.00
1973.00,180.000,180.000,170.000,175.000,178.410,179.034,169.226,160.382,178.518,179.033,169.267,161.047,193.017,182.098,190.165,376.921,0.1056,0.0384,0.1624,0.9500,0.00,0.00,0.00,0.00
1974.00,180.000,180.000,170.000,175.000,178.415,179.034,169.228,160.415,178.524,179.033,169.269,161.079,193.002,182.106,190.164,376.949,0.1056,0.0384,0.1624,0.9500,0.00,0.00,0.00,0.00
1975.00,180.000,180.000,170.000,175.000,178.421,179.034,169.230,160.448,178.529,179.034,169.271,161.111,192.986,182.114,190.163,376.977,0.1056,0.0384,0.1624,0.9500,0.00,0.00,0.00,0.00
1976.00,180.000,180.000,170.000,175.000,178.426,179.034,169.232,160.481,178.534,179.034,169.273,161.144,192.971,182.122,190.162,377.006,0.1056,0.0384,0.1624,0.9500,0.00,0.00,0.00,0.00
1977.00,180.000,180.000,170.000,175.000,178.431,179.034,169.234,160.513,178.539,179.034,169.275,161.176,192.956,182.130,190.161,377.034,0.1056,0.0384,0.1624,0.9500,0.00,0.00,0.00,0.00
1978.00,180.000,180.000,170.000,175.000,178.437,179.034,169.236,160.546,178.544,179.035,169.277,161.208,192.941,182.138,190.160,377.063,0.1056,0.0384,0.1624,0.9500,0.00,0.00,0.00,0.00
1979.00,180.000,180.000,170.000,175.000,178.442,179.034,169.238,160.579,178.549,179.035,169.278,161.241,192.927,182.145,190.159,377.091,0.1056,0.0384,0.1624,0.9500,0.00,0.00,0.00,0.00
1980.00,180.000,180.000,170.000,175.000,178.447,179.034,169.240,160.611,178.554,179.036,169.280,161.273,192.912,182.153,190.158,377.120,0.1056,0.0384,0.1624,0.9500,0.00,0.00,0.00,0.00
1981.00,180.000,180.000,170.000,175.000,178.452,179.034,169.242,160.644,178.559,179.036,169.282,161.305,192.894,182.161,190.157,377.148,0.0990,0.0385,0.1625,0.9500,0.00,0.00,0.00,0.00
1982.00,180.000,180.000,170.000,175.000,178.458,179.034,169.244,160.677,178.564,179.036,169.284,161.338,192.873,182.168,190.156,377.176,0.0990,0.0385,0.1625,0.9500,0.00,0.00,0.00,0.00
1983.00,180.000,180.000,170.000,175.000,178.463,179.034,169.246,160.709,178.569,179.037,169.286,161.370,192.851,182.176,190.155,377.204,0.0990,0.0385,0.1625,0.9500,0.00,0.00,0.00,0.00
1984.00,180.000,180.000,170.000,175.000,178.468,179.034,169.248,160.742,178.574,179.037,169.288,161.402,192.830,182.183,190.154,377.233,0.0990,0.0385,0.1625,0.9500,0.00,0.00,0.00,0.00
1985.00,180.000,180.000,170.000,175.000,178.473,179.035,169.250,160.775,178.579,179.038,169.290,161.434,192.809,182.191,190.154,377.261,0.0990,0.0385,0.1605,0.9500,0.00,0.00,0.00,0.00
1986.00,180.000,180.000,170.000,175.000,178.479,179.035,169.252,160.807,178.584,179.039,169.292,161.467,192.788,182.198,190.150,377.289,0.0990,0.0385,0.1605,0.9500,0.00,0.00,0.00,0.00
1987.00,180.000,180.000,170.000,175.000,178.484,179.035,169.254,160.840,178.589,179.039,169.294,161.499,192.768,182.206,190.147,377.318,0.0990,0.0385,0.1605,0.9500,0.00,0.00,0.00,0.00
1988.00,180.000,180.000,170.000,175.000,178.489,179.035,169.256,160.872,178.594,179.040,169.296,161.531,192.747,182.213,190.144,377.346,0.0990,0.0385,0.1606,0.9500,0.00,0.00,0.00,0.00
1989.00,180.000,180.000,170.000,175.000,178.494,179.035,169.258,160.905,178.598,179.040,169.298,161.563,192.727,182.220,190.141,377.374,0.0990,0.0385,0.1606,0.9500,0.00,0.00,0.00,0.00
1990.00,180.000,180.000,170.000,175.000,178.499,179.036,169.260,160.937,178.603,179.041,169.300,161.595,192.707,182.227,190.138,377.402,0.0990,0.0385,0.1606,0.9500,0.00,0.00,0.00,0.00
1991.00,180.000,180.000,170.000,175.000,178.504,179.036,169.262,160.970,178.608,179.041,169.301,161.627,192.688,182.235,190.134,377.430,0.0990,0.0385,0.1606,0.9500,0.00,0.00,0.00,0.00
1992.00,180.000,180.000,170.000,175.000,178.510,179.036,169.264,161.002,178.612,179.042,169.303,161.660,192.668,182.242,190.131,377.458,0.0990,0.0385,0.1606,0.9500,0.00,0.00,0.00,0.00
1993.00,180.000,180.000,170.000,175.000,178.515,179.036,169.266,161.035,178.617,179.043,169.305,161.692,192.649,182.249,190.128,377.487,0.0990,0.0385,0.1606,0.9500,0.00,0.00,0.00,0.00
1994.00,180.000,180.000,170.000,175.000,178.520,179.037,169.268,161.067,178.622,179.043,169.307,161.724,192.630,182.256,190.125,377.515,0.0990,0.0385,0.1606,0.9500,0.00,0.00,0.00,0.00
1995.00,180.000,180.000,170.000,175.000,178.525,179.037,169.270,161.100,178.626,179.044,169.309,161.756,192.611,182.263,190.122,377.543,0.0990,0.0385,0.1606,0.9500,0.00,0.00,0.00,0.00
1996.00,180.000,180.000,170.000,175.000,178.530,179.037,169.272,161.132,178.631,179.045,169.311,161.788,192.592,182.270,190.120,377.571,0.0990,0.0385,0.1606,0.9500,0.00,0.00,0.00,0.00
1997.00,180.000,180.000,170.000,175.000,178.535,179.038,169.274,161.164,178.636,179.045,169.313,161.820,192.573,182.276,190.117,377.599,0.0990,0.0385,0.1607,0.9500,0.00,0.00,0.00,0.00
1998.00,180.000,180.000,170.000,175.000,178.540,179.038,169.276,161.197,178.640,179.046,169.315,161.852,192.555,182.283,190.114,377.627,0.0990,0.0385,0.1607,0.9500,0.00,0.00,0.00,0.00
1999.00,180.000,180.000,170.000,175.000,178.545,179.039,169.277,161.229,178.645,179.047,169.317,161.884,192.537,182.290,190.111,377.655,0.0990,0.0385,0.1607,0.9500,0.00,0.00,0.00,0.00
2000.00,180.000,180.000,170.000,175.000,178.550,179.039,169.279,161.261,178.649,179.047,169.318,161.916,192.519,182.297,190.108,377.683,0.0990,0.0385,0.1607,0.9500,0.00,0.00,0.00,0.00
2001.00,180.000,180.000,170.000,175.000,178.554,179.039,169.281,161.294,178.654,179.048,169.320,161.948,192.493,182.304,190.106,377.711,0.0924,0.0385,0.1607,0.9500,0.00,0.00,0.00,0.00
2002.00,180.000,180.000,170.000,175.000,178.559,179.040,169.283,161.326,178.658,179.049,169.322,161.979,192.468,182.310,190.103,377.739,0.0924,0.0385,0.1607,0.9500,0.00,0.00,0.00,0.00
2003.00,180.000,180.000,170.000,175.000,178.564,179.040,169.285,161.358,178.662,179.050,169.324,162.011,192.444,182.317,190.100,377.767,0.0924,0.0385,0.1607,0.9500,0.00,0.00,0.00,0.00
2004.00,180.000,180.000,170.000,175.000,178.569,179.041,169.287,161.391,178.667,179.051,169.326,162.043,192.419,182.323,190.098,377.795,0.0924,0.0385,0.1607,0.9500,0.00,0.00,0.00,0.00
2005.00,180.000,180.000,170.000,175.000,178.574,179.041,169.289,161.423,178.671,179.051,169.328,162.075,192.395,182.330,190.095,377.823,0.0924,0.0385,0.1608,0.9500,0.00,0.00,0.00,0.00
2006.00,180.000,180.000,170.000,175.000,178.579,179.042,169.291,161.455,178.675,179.052,169.329,162.107,192.371,182.336,190.093,377.851,0.0924,0.0385,0.1608,0.9500,0.00,0.00,0.00,0.00
2007.00,180.000,180.000,170.000,175.000,178.583,179.042,169.293,161.487,178.680,179.053,169.331,162.139,192.347,182.343,190.090,377.878,0.0924,0.0385,0.1608,0.9500,0.00,0.00,0.00,0.00
2008.00,180.000,180.000,170.000,175.000,178.588,179.043,169.295,161.519,178.684,179.054,169.333,162.170,192.323,182.349,190.088,377.906,0.0924,0.0385,0.1608,0.9500,0.00,0.00,0.00,0.00
2009.00,180.000,180.000,170.000,175.000,178.593,179.043,169.297,161.551,178.688,179.055,169.335,162.202,192.300,182.356,190.085,377.934,0.0924,0.0385,0.1608,0.9500,0.00,0.00,0.00,0.00
2010.00,180.000,180.000,170.000,175.000,178.598,179.044,169.299,161.584,178.692,179.055,169.337,162.234,192.277,182.362,190.083,377.962,0.0924,0.0385,0.1608,0.9500,0.00,0.00,0.00,0.00
2011.00,180.000,180.000,170.000,175.000,178.602,179.044,169.300,161.616,178.696,179.056,169.339,162.266,192.254,182.368,190.081,377.990,0.0924,0.0385,0.1608,0.9500,0.00,0.00,0.00,0.00
2012.00,180.000,180.000,170.000,175.000,178.607,179.045,169.302,161.648,178.700,179.057,169.340,162.297,192.231,182.374,190.078,378.018,0.0924,0.0385,0.1608,0.9500,0.00,0.00,0.00,0.00
2013.00,180.000,180.000,170.000,175.000,178.612,179.046,169.304,161.680,178.704,179.058,169.342,162.329,192.208,182.381,190.076,378.045,0.0924,0.0385,0.1609,0.9500,0.00,0.00,0.00,0.00
2014.00,180.000,180.000,170.000,175.000,178.616,179.046,169.306,161.712,178.708,179.059,169.344,162.361,192.186,182.387,190.074,378.073,0.0924,0.0385,0.1609,0.9500,0.00,0.00,0.00,0.00
2015.00,180.000,180.000,170.000,175.000,178.621,179.047,169.308,161.744,178.712,179.060,169.346,162.392,192.164,182.393,190.071,378.101,0.0924,0.0386,0.1609,0.9500,0.00,0.00,0.00,0.00
2016.00,180.000,180.000,170.000,175.000,178.625,179.048,169.310,161.776,178.716,179.061,169.348,162.424,192.142,182.399,190.069,378.128,0.0924,0.0386,0.1609,0.9500,0.00,0.00,0.00,0.00
2017.00,180.000,180.000,170.000,175.000,178.630,179.048,169.312,161.808,178.720,179.062,169.350,162.456,192.120,182.405,190.067,378.156,0.0924,0.0386,0.1609,0.9500,0.00,0.00,0.00,0.00
2018.00,180.000,180.000,170.000,175.000,178.634,179.049,169.314,161.840,178.724,179.063,169.351,162.487,192.099,182.411,190.065,378.184,0.0924,0.0386,0.1609,0.9500,0.00,0.00,0.00,0.00
2019.00,180.000,180.000,170.000,175.000,178.639,179.050,169.315,161.872,178.728,179.064,169.353,162.519,192.077,182.417,190.063,378.212,0.0924,0.0386,0.1609,0.9500,0.00,0.00,0.00,0.00
2020.00,180.000,180.000,170.000,175.000,178.643,179.050,169.317,161.904,178.732,179.065,169.355,162.550,192.056,182.422,190.061,378.239,0.0924,0.0366,0.1609,0.9500,0.00,0.00,0.00,0.00
2021.00,180.000,180.000,170.000,175.000,178.647,179.051,169.319,161.936,178.736,179.066,169.357,162.582,192.035,182.425,190.059,378.267,0.0924,0.0366,0.1609,0.9500,0.00,0.00,0.00,0.00
2022.00,180.000,180.000,170.000,175.000,178.652,179.052,169.321,161.968,178.739,179.067,169.359,162.614,192.010,182.428,190.057,378.294,0.0858,0.0366,0.1610,0.9500,0.00,0.00,0.00,0.00
2023.00,180.000,180.000,170.000,175.000,178.656,179.052,169.323,162.000,178.743,179.068,169.360,162.645,191.979,182.432,190.055,378.322,0.0858,0.0366,0.1610,0.9500,0.00,0.00,0.00,0.00
2024.00,180.000,180.000,170.000,175.000,178.660,179.053,169.325,162.031,178.747,179.069,169.362,162.676,191.949,182.435,190.053,378.350,0.0858,0.0366,0.1610,0.9500,0.00,0.00,0.00,0.00
2025.00,180.000,180.000,170.000,175.000,178.665,179.054,169.327,162.063,178.750,179.070,169.364,162.708,191.920,182.438,190.051,378.377,0.0858,0.0366,0.1610,0.9500,0.00,0.00,0.00,0.00
2026.00,180.000,180.000,170.000,175.000,178.669,179.055,169.328,162.095,178.754,179.071,169.366,162.739,191.890,182.442,190.049,378.405,0.0858,0.0366,0.1610,0.9500,0.00,0.00,0.00,0.00
2027.00,180.000,180.000,170.000,175.000,178.673,179.056,169.330,162.127,178.758,179.072,169.367,162.771,191.861,182.445,190.047,378.432,0.0858,0.0366,0.1610,0.9500,0.00,0.00,0.00,0.00
2028.00,180.000,180.000,170.000,175.000,178.677,179.056,169.332,162.159,178.761,179.073,169.369,162.802,191.832,182.448,190.045,378.460,0.0858,0.0366,0.1610,0.9500,0.00,0.00,0.00,0.00
2029.00,180.000,180.000,170.000,175.000,178.681,179.057,169.334,162.191,178.765,179.074,169.371,162.834,191.803,182.452,190.044,378.487,0.0858,0.0366,0.1610,0.9500,0.00,0.00,0.00,0.00
2030.00,180.000,180.000,170.000,175.000,178.685,179.058,169.336,162.222,178.768,179.075,169.373,162.865,191.774,182.455,190.042,378.515,0.0858,0.0366,0.1611,0.9500,0.00,0.00,0.00,0.00
2031.00,180.000,180.000,170.000,175.000,178.689,179.059,169.338,162.254,178.771,179.076,169.375,162.896,191.746,182.458,190.040,378.542,0.0858,0.0366,0.1611,0.9500,0.00,0.00,0.00,0.00
2032.00,180.000,180.000,170.000,175.000,178.694,179.060,169.339,162.286,178.775,179.077,169.376,162.928,191.718,182.461,190.038,378.570,0.0858,0.0366,0.1611,0.9500,0.00,0.00,0.00,0.00
2033.00,180.000,180.000,170.000,175.000,178.698,179.061,169.341,162.317,178.778,179.078,169.378,162.959,191.690,182.464,190.037,378.597,0.0858,0.0366,0.1611,0.9500,0.00,0.00,0.00,0.00
2034.00,180.000,180.000,170.000,175.000,178.701,179.061,169.343,162.349,178.781,179.079,169.380,162.990,191.663,182.468,190.035,378.624,0.0858,0.0366,0.1611,0.9500,0.00,0.00,0.00,0.00
2035.00,180.000,180.000,170.000,175.000,178.705,179.062,169.345,162.381,178.784,179.080,169.382,163.021,191.635,182.471,190.033,378.652,0.0858,0.0366,0.1611,0.9500,0.00,0.00,0.00,0.00
2036.00,180.000,180.000,170.000,175.000,178.709,179.063,169.347,162.412,178.788,179.081,169.383,163.053,191.608,182.474,190.032,378.679,0.0858,0.0366,0.1611,0.9500,0.00,0.00,0.00,0.00
2037.00,180.000,180.000,170.000,175.000,178.713,179.064,169.349,162.444,178.791,179.082,169.385,163.084,191.582,182.477,190.030,378.706,0.0858,0.0366,0.1611,0.9500,0.00,0.00,0.00,0.00
2038.00,180.000,180.000,170.000,175.000,178.717,179.065,169.350,162.476,178.794,179.083,169.387,163.115,191.555,182.480,190.029,378.734,0.0858,0.0366,0.1591,0.9500,0.00,0.00,0.00,0.00
2039.00,180.000,180.000,170.000,175.000,178.721,179.066,169.352,162.507,178.797,179.084,169.389,163.146,191.529,182.483,190.025,378.761,0.0858,0.0366,0.1592,0.9500,0.00,0.00,0.00,0.00
2040.00,180.000,180.000,170.000,175.000,178.725,179.067,169.354,162.539,178.800,179.085,169.391,163.177,191.503,182.486,190.021,378.788,0.0858,0.0366,0.1592,0.9500,0.00,0.00,0.00,0.00
2041.00,180.000,180.000,170.000,175.000,178.728,179.068,169.356,162.570,178.803,179.086,169.392,163.209,191.477,182.489,190.017,378.816,0.0858,0.0366,0.1592,0.9500,0.00,0.00,0.00,0.00
2042.00,180.000,180.000,170.000,175.000,178.732,179.069,169.358,162.602,178.806,179.088,169.394,163.240,191.451,182.492,190.013,378.843,0.0858,0.0366,0.1592,0.9500,0.00,0.00,0.00,0.00
2043.00,180.000,180.000,170.000,175.000,178.736,179.070,169.359,162.633,178.809,179.089,169.396,163.271,191.426,182.495,190.009,378.870,0.0858,0.0366,0.1592,0.9500,0.00,0.00,0.00,0.00
2044.00,180.000,180.000,170.000,175.000,178.739,179.070,169.361,162.665,178.812,179.090,169.398,163.302,191.401,182.498,190.005,378.897,0.0858,0.0366,0.1592,0.9500,0.00,0.00,0.00,0.00
2045.00,180.000,180.000,170.000,175.000,178.743,179.071,169.363,162.696,178.815,179.091,169.399,163.333,191.376,182.501,190.002,378.925,0.0858,0.0366,0.1592,0.9500,0.00,0.00,0.00,0.00
2046.00,180.000,180.000,170.000,175.000,178.746,179.072,169.365,162.728,178.817,179.092,169.401,163.364,191.351,182.504,189.998,378.952,0.0858,0.0366,0.1592,0.9500,0.00,0.00,0.00,0.00
2047.00,180.000,180.000,170.000,175.000,178.750,179.073,169.367,162.759,178.820,179.093,169.403,163.395,191.327,182.507,189.994,378.979,0.0858,0.0366,0.1592,0.9500,0.00,0.00,0.00,0.00
2048.00,180.000,180.000,170.000,175.000,178.753,179.074,169.368,162.790,178.823,179.094,169.404,163.426,191.295,182.510,189.991,379.006,0.0792,0.0366,0.1592,0.9500,0.00,0.00,0.00,0.00
2049.00,180.000,180.000,170.000,175.000,178.757,179.075,169.370,162.822,178.826,179.095,169.406,163.457,191.263,182.513,189.987,379.033,0.0792,0.0366,0.1593,0.9500,0.00,0.00,0.00,0.00
2050.00,180.000,180.000,170.000,175.000,178.760,179.076,169.372,162.853,178.828,179.097,169.408,163.488,191.232,182.516,189.984,379.060,0.0792,0.0366,0.1593,0.9500,0.00,0.00,0.00,0.00
2051.00,180.000,180.000,170.000,175.000,178.763,179.077,169.374,162.884,178.831,179.098,169.410,163.519,191.201,182.519,189.980,379.088,0.0792,0.0367,0.1593,0.9500,0.00,0.00,0.00,0.00
2052.00,180.000,180.000,170.000,175.000,178.767,179.078,169.375,162.916,178.834,179.099,169.411,163.550,191.171,182.522,189.977,379.115,0.0792,0.0367,0.1593,0.9500,0.00,0.00,0.00,0.00
2053.00,180.000,180.000,170.000,175.000,178.770,179.079,169.377,162.947,178.836,179.100,169.413,163.581,191.140,182.525,189.973,379.142,0.0792,0.0367,0.1593,0.9500,0.00,0.00,0.00,0.00
2054.00,180.000,180.000,170.000,175.000,178.773,179.080,169.379,162.978,178.839,179.101,169.415,163.611,191.110,182.528,189.970,379.169,0.0792,0.0367,0.1593,0.9500,0.00,0.00,0.00,0.00
2055.00,180.000,180.000,170.000,175.000,178.777,179.081,169.381,163.010,178.841,179.102,169.416,163.642,191.080,182.530,189.967,379.196,0.0792,0.0367,0.1593,0.9500,0.00,0.00,0.00,0.00
2056.00,180.000,180.000,170.000,175.000,178.780,179.082,169.382,163.041,178.843,179.103,169.418,163.673,191.051,182.533,189.963,379.223,0.0792,0.0367,0.1593,0.9500,0.00,0.00,0.00,0.00
2057.00,180.000,180.000,170.000,175.000,178.783,179.083,169.384,163.072,178.846,179.105,169.420,163.704,191.021,182.536,189.960,379.250,0.0792,0.0367,0.1593,0.9500,0.00,0.00,0.00,0.00
2058.00,180.000,180.000,170.000,175.000,178.786,179.085,169.386,163.103,178.848,179.106,169.421,163.735,190.992,182.539,189.957,379.277,0.0792,0.0367,0.1594,0.9500,0.00,0.00,0.00,0.00
2059.00,180.000,180.000,170.000,175.000,178.789,179.086,169.388,163.134,178.850,179.107,169.423,163.765,190.964,182.542,189.954,379.304,0.0792,0.0367,0.1594,0.9500,0.00,0.00,0.00,0.00
2060.00,180.000,180.000,170.000,175.000,178.792,179.087,169.389,163.166,178.853,179.108,169.425,163.796,190.935,182.544,189.951,379.331,0.0792,0.0367,0.1594,0.9500,0.00,0.00,0.00,0.00
2061.00,180.000,180.000,170.000,175.000,178.795,179.088,169.391,163.197,178.855,179.109,169.426,163.827,190.907,182.547,189.948,379.358,0.0792,0.0367,0.1594,0.9500,0.00,0.00,0.00,0.00
2062.00,180.000,180.000,170.000,175.000,178.798,179.089,169.393,163.228,178.857,179.111,169.428,163.858,190.879,182.550,189.945,379.385,0.0792,0.0367,0.1594,0.9500,0.00,0.00,0.00,0.00
2063.00,180.000,180.000,170.000,175.000,178.801,179.090,169.395,163.259,178.859,179.112,169.430,163.888,190.851,182.553,189.942,379.411,0.0792,0.0367,0.1594,0.9500,0.00,0.00,0.00,0.00
2064.00,180.000,180.000,170.000,175.000,178.804,179.091,169.396,163.290,178.861,179.113,169.431,163.919,190.823,182.555,189.939,379.438,0.0792,0.0367,0.1594,0.9500,0.00,0.00,0.00,0.00
2065.00,180.000,180.000,170.000,175.000,178.807,179.092,169.398,163.321,178.863,179.114,169.433,163.950,190.796,182.558,189.936,379.465,0.0792,0.0367,0.1594,0.9500,0.00,0.00,0.00,0.00
2066.00,180.000,180.000,170.000,175.000,178.809,179.093,169.400,163.352,178.865,179.115,169.435,163.980,190.769,182.561,189.933,379.492,0.0792,0.0367,0.1594,0.9500,0.00,0.00,0.00,0.00
2067.00,180.000,180.000,170.000,175.000,178.812,179.094,169.402,163.383,178.867,179.117,169.436,164.011,190.742,182.563,189.930,379.519,0.0792,0.0367,0.1594,0.9500,0.00,0.00,0.00,0.00
2068.00,180.000,180.000,170.000,175.000,178.815,179.095,169.403,163.414,178.869,179.118,169.438,164.041,190.715,182.566,189.927,379.546,0.0792,0.0367,0.1595,0.9500,0.00,0.00,0.00,0.00
2069.00,180.000,180.000,170.000,175.000,178.817,179.096,169.405,163.445,178.871,179.119,169.440,164.072,190.689,182.569,189.924,379.572,0.0792,0.0367,0.1595,0.9500,0.00,0.00,0.00,0.00
2070.00,180.000,180.000,170.000,175.000,178.820,179.098,169.407,163.476,178.873,179.120,169.441,164.102,190.662,182.571,189.922,379.599,0.0792,0.0367,0.1595,0.9500,0.00,0.00,0.00,0.00
2071.00,180.000,180.000,170.000,175.000,178.823,179.099,169.408,163.507,178.875,179.121,169.443,164.133,190.637,182.574,189.919,379.626,0.0792,0.0367,0.1595,0.9500,0.00,0.00,0.00,0.00
2072.00,180.000,180.000,170.000,175.000,178.825,179.100,169.410,163.538,178.877,179.123,169.444,164.163,190.611,182.577,189.916,379.653,0.0792,0.0367,0.1595,0.9500,0.00,0.00,0.00,0.00
2073.00,180.000,180.000,170.000,175.000,178.828,179.101,169.412,163.569,178.878,179.124,169.446,164.194,190.585,182.579,189.914,379.679,0.0792,0.0367,0.1595,0.9500,0.00,0.00,0.00,0.00
2074.00,180.000,180.000,170.000,175.000,178.830,179.102,169.413,163.600,178.880,179.125,169.448,164.224,190.560,182.582,189.911,379.706,0.0792,0.0367,0.1595,0.9500,0.00,0.00,0.00,0.00
2075.00,180.000,180.000,170.000,175.000,178.833,179.103,169.415,163.630,178.882,179.126,169.449,164.255,190.535,182.584,189.908,379.733,0.0792,0.0367,0.1595,0.9500,0.00,0.00,0.00,0.00
2076.00,180.000,180.000,170.000,175.000,178.835,179.104,169.417,163.661,178.883,179.128,169.451,164.285,190.510,182.587,189.906,379.760,0.0792,0.0367,0.1595,0.9500,0.00,0.00,0.00,0.00
2077.00,180.000,180.000,170.000,175.000,178.838,179.105,169.419,163.692,178.885,179.129,169.453,164.316,190.485,182.590,189.903,379.786,0.0792,0.0367,0.1595,0.9500,0.00,0.00,0.00,0.00
2078.00,180.000,180.000,170.000,175.000,178.840,179.107,169.420,163.723,178.887,179.130,169.454,164.346,190.461,182.592,189.901,379.813,0.0792,0.0367,0.1596,0.9500,0.00,0.00,0.00,0.00
2079.00,180.000,180.000,170.000,175.000,178.842,179.108,169.422,163.754,178.888,179.131,169.456,164.376,190.437,182.595,189.898,379.840,0.0792,0.0367,0.1596,0.9500,0.00,0.00,0.00,0.00
2080.00,180.000,180.000,170.000,175.000,178.844,179.109,169.424,163.784,178.890,179.133,169.457,164.407,190.413,182.597,189.896,379.866,0.0792,0.0367,0.1596,0.9500,0.00,0.00,0.00,0.00
2081.00,180.000,180.000,170.000,175.000,178.847,179.110,169.425,163.815,178.891,179.134,169.459,164.437,190.389,182.600,189.894,379.893,0.0792,0.0367,0.1596,0.9500,0.00,0.00,0.00,0.00
2082.00,180.000,180.000,170.000,175.000,178.849,179.111,169.427,163.846,178.893,179.135,169.461,164.467,190.365,182.602,189.891,379.919,0.0792,0.0367,0.1596,0.9500,0.00,0.00,0.00,0.00
2083.00,180.000,180.000,170.000,175.000,178.851,179.112,169.429,163.876,178.894,179.136,169.462,164.497,190.338,182.605,189.889,379.946,0.0726,0.0367,0.1596,0.9500,0.00,0.00,0.00,0.00
2084.00,180.000,180.000,170.000,175.000,178.853,179.114,169.430,163.907,178.896,179.138,169.464,164.528,190.308,182.607,189.887,379.972,0.0726,0.0367,0.1596,0.9500,0.00,0.00,0.00,0.00
2085.00,180.000,180.000,170.000,175.000,178.855,179.115,169.432,163.938,178.897,179.139,169.465,164.558,190.277,182.609,189.884,379.999,0.0726,0.0367,0.1596,0.9500,0.00,0.00,0.00,0.00
2086.00,180.000,180.000,170.000,175.000,178.857,179.116,169.434,163.968,178.899,179.140,169.467,164.588,190.247,182.612,189.882,380.025,0.0726,0.0367,0.1596,0.9500,0.00,0.00,0.00,0.00
2087.00,180.000,180.000,170.000,175.000,178.859,179.117,169.435,163.999,178.900,179.141,169.469,164.618,190.217,182.614,189.880,380.052,0.0726,0.0367,0.1596,0.9500,0.00,0.00,0.00,0.00
2088.00,180.000,180.000,170.000,175.000,178.861,179.118,169.437,164.030,178.901,179.143,169.470,164.648,190.188,182.617,189.878,380.078,0.0726,0.0368,0.1597,0.9500,0.00,0.00,0.00,0.00
2089.00,180.000,180.000,170.000,175.000,178.863,179.120,169.438,164.060,178.902,179.144,169.472,164.678,190.159,182.619,189.876,380.105,0.0726,0.0368,0.1597,0.9500,0.00,0.00,0.00,0.00
2090.00,180.000,180.000,170.000,175.000,178.865,179.121,169.440,164.091,178.904,179.145,169.473,164.708,190.129,182.622,189.874,380.131,0.0726,0.0368,0.1597,0.9500,0.00,0.00,0.00,0.00
2091.00,180.000,180.000,170.000,175.000,178.867,179.122,169.442,164.121,178.905,179.147,169.475,164.739,190.101,182.624,189.872,380.158,0.0726,0.0368,0.1597,0.9500,0.00,0.00,0.00,0.00
2092.00,180.000,180.000,170.000,175.000,178.869,179.123,169.443,164.152,178.906,179.148,169.476,164.769,190.072,182.626,189.870,380.184,0.0726,0.0368,0.1597,0.9500,0.00,0.00,0.00,0.00
2093.00,180.000,180.000,170.000,175.000,178.871,179.124,169.445,164.182,178.907,179.149,169.478,164.799,190.044,182.629,189.868,380.210,0.0726,0.0368,0.1597,0.9500,0.00,0.00,0.00,0.00
2094.00,180.000,180.000,170.000,175.000,178.873,179.126,169.447,164.213,178.908,179.151,169.480,164.829,190.016,182.631,189.866,380.237,0.0726,0.0368,0.1597,0.9500,0.00,0.00,0.00,0.00
2095.00,180.000,180.000,170.000,175.000,178.874,179.127,169.448,164.243,178.909,179.152,169.481,164.859,189.988,182.633,189.864,380.263,0.0726,0.0368,0.1597,0.9500,0.00,0.00,0.00,0.00
2096.00,180.000,180.000,170.000,175.000,178.876,179.128,169.450,164.273,178.910,179.153,169.483,164.889,189.960,182.636,189.862,380.290,0.0726,0.0368,0.1597,0.9500,0.00,0.00,0.00,0.00
2097.00,180.000,180.000,170.000,175.000,178.878,179.129,169.452,164.304,178.911,179.154,169.484,164.919,189.933,182.638,189.857,380.316,0.0726,0.0368,0.1577,0.9500,0.00,0.00,0.00,0.00
2098.00,180.000,180.000,170.000,175.000,178.879,179.131,169.453,164.334,178.912,179.156,169.486,164.949,189.905,182.640,189.853,380.342,0.0726,0.0368,0.1578,0.9500,0.00,0.00,0.00,0.00
2099.00,180.000,180.000,170.000,175.000,178.881,179.132,169.455,164.364,178.913,179.157,169.487,164.978,189.879,182.643,189.849,380.368,0.0726,0.0368,0.1578,0.9500,0.00,0.00,0.00,0.00
2100.00,180.000,180.000,170.000,175.000,178.882,179.133,169.456,164.395,178.914,179.158,169.489,165.008,189.852,182.645,189.844,380.395,0.0726,0.0368,0.1578,0.9500,0.00,0.00,0.00,0.00
2101.00,180.000,180.000,170.000,175.000,178.884,179.134,169.458,164.425,178.914,179.160,169.491,165.038,189.825,182.647,189.840,380.421,0.0726,0.0368,0.1578,0.9500,0.00,0.00,0.00,0.00
2102.00,180.000,180.000,170.000,175.000,178.886,179.136,169.460,164.455,178.915,179.161,169.492,165.068,189.799,182.650,189.836,380.447,0.0726,0.0368,0.1578,0.9500,0.00,0.00,0.00,0.00
2103.00,180.000,180.000,170.000,175.000,178.887,179.137,169.461,164.486,178.916,179.162,169.494,165.098,189.773,182.652,189.832,380.473,0.0726,0.0368,0.1578,0.9500,0.00,0.00,0.00,0.00
2104.00,180.000,180.000,170.000,175.000,178.888,179.138,169.463,164.516,178.917,179.164,169.495,165.128,189.747,182.654,189.828,380.500,0.0726,0.0368,0.1578,0.9500,0.00,0.00,0.00,0.00
2105.00,180.000,180.000,170.000,175.000,178.890,179.139,169.464,164.546,178.917,179.165,169.497,165.157,189.722,182.656,189.824,380.526,0.0726,0.0368,0.1578,0.9500,0.00,0.00,0.00,0.00
2106.00,180.000,180.000,170.000,175.000,178.891,179.141,169.466,164.576,178.918,179.166,169.498,165.187,189.696,182.659,189.820,380.552,0.0726,0.0368,0.1578,0.9500,0.00,0.00,0.00,0.00
2107.00,180.000,180.000,170.000,175.000,178.892,179.142,169.468,164.606,178.919,179.168,169.500,165.217,189.671,182.661,189.816,380.578,0.0726,0.0368,0.1578,0.9500,0.00,0.00,0.00,0.00
2108.00,180.000,180.000,170.000,175.000,178.894,179.143,169.469,164.636,178.919,179.169,169.501,165.247,189.646,182.663,189.812,380.604,0.0726,0.0368,0.1578,0.9500,0.00,0.00,0.00,0.00
2109.00,180.000,180.000,170.000,175.000,178.895,179.144,169.471,164.667,178.920,179.170,169.503,165.276,189.621,182.665,189.808,380.630,0.0726,0.0368,0.1578,0.9500,0.00,0.00,0.00,0.00
2110.00,180.000,180.000,170.000,175.000,178.896,179.146,169.472,164.697,178.920,179.172,169.504,165.306,189.597,182.667,189.804,380.656,0.0726,0.0368,0.1579,0.9500,0.00,0.00,0.00,0.00
2111.00,180.000,180.000,170.000,175.000,178.897,179.147,169.474,164.727,178.921,179.173,169.506,165.336,189.572,182.670,189.801,380.683,0.0726,0.0368,0.1579,0.9500,0.00,0.00,0.00,0.00
2112.00,180.000,180.000,170.000,175.000,178.899,179.148,169.475,164.757,178.921,179.174,169.507,165.365,189.548,182.672,189.797,380.709,0.0726,0.0368,0.1579,0.9500,0.00,0.00,0.00,0.00
2113.00,180.000,180.000,170.000,175.000,178.900,179.150,169.477,164.787,178.922,179.176,169.509,165.395,189.524,182.674,189.793,380.735,0.0726,0.0368,0.1579,0.9500,0.00,0.00,0.00,0.00
2114.00,180.000,180.000,170.000,175.000,178.901,179.151,169.479,164.817,178.922,179.177,169.510,165.424,189.501,182.675,189.790,380.761,0.0726,0.0348,0.1579,0.9500,0.00,0.00,0.00,0.00
2115.00,180.000,180.000,170.000,175.000,178.902,179.152,169.480,164.847,178.923,179.178,169.512,165.454,189.477,182.675,189.786,380.787,0.0726,0.0348,0.1579,0.9500,0.00,0.00,0.00,0.00
2116.00,180.000,180.000,170.000,175.000,178.903,179.153,169.482,164.877,178.923,179.180,169.513,165.483,189.454,182.674,189.783,380.813,0.0726,0.0348,0.1579,0.9500,0.00,0.00,0.00,0.00
2117.00,180.000,180.000,170.000,175.000,178.904,179.155,169.483,164.907,178.924,179.181,169.515,165.513,189.431,182.674,189.779,380.839,0.0726,0.0348,0.1579,0.9500,0.00,0.00,0.00,0.00
2118.00,180.000,180.000,170.000,175.000,178.905,179.156,169.485,164.937,178.924,179.182,169.516,165.542,189.408,182.674,189.776,380.865,0.0726,0.0348,0.1579,0.9500,0.00,0.00,0.00,0.00
2119.00,180.000,180.000,170.000,175.000,178.906,179.157,169.486,164.967,178.924,179.184,169.518,165.572,189.385,182.673,189.772,380.891,0.0726,0.0348,0.1579,0.9500,0.00,0.00,0.00,0.00
2120.00,180.000,180.000,170.000,175.000,178.907,179.159,169.488,164.997,178.925,179.185,169.519,165.601,189.362,182.673,189.769,380.917,0.0726,0.0348,0.1579,0.9500,0.00,0.00,0.00,0.00
2121.00,180.000,180.000,170.000,175.000,178.908,179.160,169.489,165.026,178.925,179.186,169.520,165.631,189.340,182.673,189.765,380.942,0.0726,0.0348,0.1580,0.9500,0.00,0.00,0.00,0.00
2122.00,180.000,180.000,170.000,175.000,178.908,179.161,169.491,165.056,178.925,179.188,169.522,165.660,189.318,182.672,189.762,380.968,0.0726,0.0348,0.1580,0.9500,0.00,0.00,0.00,0.00
2123.00,180.000,180.000,170.000,175.000,178.909,179.163,169.492,165.086,178.925,179.189,169.523,165.690,189.296,182.672,189.759,380.994,0.0726,0.0348,0.1580,0.9500,0.00,0.00,0.00,0.00
2124.00,180.000,180.000,170.000,175.000,178.910,179.164,169.494,165.116,178.926,179.190,169.525,165.719,189.274,182.672,189.755,381.020,0.0726,0.0348,0.1580,0.9500,0.00,0.00,0.00,0.00
2125.00,180.000,180.000,170.000,175.000,178.911,179.165,169.496,165.146,178.926,179.191,169.526,165.748,189.252,182.672,189.752,381.046,0.0726,0.0348,0.1580,0.9500,0.00,0.00,0.00,0.00
2126.00,180.000,180.000,170.000,175.000,178.911,179.166,169.497,165.175,178.926,179.193,169.528,165.778,189.231,182.671,189.749,381.072,0.0726,0.0349,0.1580,0.9500,0.00,0.00,0.00,0.00
2127.00,180.000,180.000,170.000,175.000,178.912,179.168,169.499,165.205,178.926,179.194,169.529,165.807,189.210,182.671,189.746,381.098,0.0726,0.0349,0.1580,0.9500,0.00,0.00,0.00,0.00
2128.00,180.000,180.000,170.000,175.000,178.913,179.169,169.500,165.235,178.926,179.195,169.531,165.836,189.189,182.671,189.745,381.123,0.0726,0.0349,0.1580,0.9500,0.00,0.00,0.00,0.00
2129.00,180.000,180.000,170.000,175.000,178.914,179.170,169.502,165.264,178.926,179.197,169.532,165.865,189.168,182.671,189.745,381.149,0.0726,0.0349,0.1580,0.9500,0.00,0.00,0.00,0.00
2130.00,180.000,180.000,170.000,175.000,178.914,179.172,169.503,165.294,178.926,179.198,169.533,165.895,189.147,182.671,189.744,381.175,0.0726,0.0349,0.1580,0.9500,0.00,0.00,0.00,0.00
2131.00,180.000,180.000,170.000,175.000,178.915,179.173,169.505,165.324,178.926,179.199,169.535,165.924,189.127,182.670,189.744,381.201,0.0726,0.0349,0.1580,0.9500,0.00,0.00,0.00,0.00
2132.00,180.000,180.000,170.000,175.000,178.915,179.174,169.506,165.353,178.927,179.201,169.536,165.953,189.106,182.670,189.743,381.226,0.0726,0.0349,0.1580,0.9500,0.00,0.00,0.00,0.00
2133.00,180.000,180.000,170.000,175.000,178.916,179.176,169.508,165.383,178.927,179.202,169.538,165.982,189.086,182.670,189.743,381.252,0.0726,0.0349,0.1581,0.9500,0.00,0.00,0.00,0.00
2134.00,180.000,180.000,170.000,175.000,178.916,179.177,169.509,165.413,178.927,179.203,169.539,166.011,189.066,182.670,189.742,381.278,0.0726,0.0349,0.1581,0.9500,0.00,0.00,0.00,0.00
2135.00,180.000,180.000,170.000,175.000,178.917,179.178,169.511,165.442,178.927,179.204,169.541,166.040,189.046,182.670,189.742,381.303,0.0726,0.0349,0.1581,0.9500,0.00,0.00,0.00,0.00
2136.00,180.000,180.000,170.000,175.000,178.917,179.179,169.512,165.472,178.927,179.206,169.542,166.069,189.027,182.669,189.741,381.329,0.0726,0.0349,0.1581,0.9500,0.00,0.00,0.00,0.00
2137.00,180.000,180.000,170.000,175.000,178.918,179.181,169.513,165.501,178.927,179.207,169.543,166.099,189.007,182.669,189.741,381.355,0.0726,0.0349,0.1581,0.9500,0.00,0.00,0.00,0.00
2138.00,180.000,180.000,170.000,175.000,178.918,179.182,169.515,165.531,178.927,179.208,169.545,166.128,188.988,182.669,189.740,381.380,0.0726,0.0349,0.1581,0.9500,0.00,0.00,0.00,0.00
2139.00,180.000,180.000,170.000,175.000,178.919,179.183,169.516,165.560,178.926,179.210,169.546,166.157,188.969,182.669,189.740,381.406,0.0726,0.0349,0.1581,0.9500,0.00,0.00,0.00,0.00
2140.00,180.000,180.000,170.000,175.000,178.919,179.185,169.518,165.590,178.926,179.211,169.548,166.186,188.950,182.669,189.739,381.432,0.0726,0.0349,0.1581,0.9500,0.00,0.00,0.00,0.00
2141.00,180.000,180.000,170.000,175.000,178.919,179.186,169.519,165.619,178.926,179.212,169.549,166.215,188.931,182.669,189.739,381.457,0.0726,0.0349,0.1581,0.9500,0.00,0.00,0.00,0.00
2142.00,180.000,180.000,170.000,175.000,178.920,179.187,169.521,165.648,178.926,179.213,169.551,166.244,188.912,182.669,189.739,381.483,0.0726,0.0349,0.1581,0.9500,0.00,0.00,0.00,0.00
2143.00,180.000,180.000,170.000,175.000,178.920,179.188,169.522,165.678,178.926,179.215,169.552,166.273,188.894,182.668,189.738,381.508,0.0726,0.0349,0.1581,0.9500,0.00,0.00,0.00,0.00
2144.00,180.000,180.000,170.000,175.000,178.920,179.190,169.524,165.707,178.926,179.216,169.554,166.301,188.876,182.668,189.738,381.534,0.0726,0.0349,0.1581,0.9500,0.00,0.00,0.00,0.00
2145.00,180.000,180.000,170.000,175.000,178.921,179.191,169.525,165.737,178.926,179.217,169.555,166.330,188.857,182.668,189.738,381.559,0.0726,0.0349,0.1582,0.9500,0.00,0.00,0.00,0.00
2146.00,180.000,180.000,170.000,175.000,178.921,179.192,169.527,165.766,178.926,179.218,169.557,166.359,188.839,182.668,189.737,381.585,0.0726,0.0349,0.1582,0.9500,0.00,0.00,0.00,0.00
2147.00,180.000,180.000,170.000,175.000,178.921,179.194,169.528,165.795,178.926,179.220,169.558,166.388,188.822,182.668,189.737,381.610,0.0726,0.0349,0.1582,0.9500,0.00,0.00,0.00,0.00
2148.00,180.000,180.000,170.000,175.000,178.921,179.195,169.530,165.824,178.925,179.221,169.559,166.417,188.804,182.668,189.737,381.636,0.0726,0.0349,0.1582,0.9500,0.00,0.00,0.00,0.00
2149.00,180.000,180.000,170.000,175.000,178.922,179.196,169.531,165.854,178.925,179.222,169.561,166.446,188.786,182.668,189.737,381.661,0.0726,0.0349,0.1582,0.9500,0.00,0.00,0.00,0.00
2150.00,180.000,180.000,170.000,175.000,178.922,179.197,169.533,165.883,178.925,179.223,169.562,166.475,188.769,182.668,189.736,381.686,0.0726,0.0349,0.1582,0.9500,0.00,0.00,0.00,0.00
2151.00,180.000,180.000,170.000,175.000,178.922,179.199,169.534,165.912,178.925,179.225,169.564,166.503,188.752,182.668,189.736,381.712,0.0726,0.0349,0.1582,0.9500,0.00,0.00,0.00,0.00
2152.00,180.000,180.000,170.000,175.000,178.922,179.200,169.536,165.941,178.924,179.226,169.565,166.532,188.735,182.668,189.736,381.737,0.0726,0.0349,0.1582,0.9500,0.00,0.00,0.00,0.00
2153.00,180.000,180.000,170.000,175.000,178.922,179.201,169.537,165.970,178.924,179.227,169.567,166.561,188.718,182.668,189.736,381.763,0.0726,0.0349,0.1582,0.9500,0.00,0.00,0.00,0.00
2154.00,180.000,180.000,170.000,175.000,178.922,179.203,169.539,166.000,178.924,179.228,169.568,166.589,188.701,182.668,189.735,381.788,0.0726,0.0349,0.1582,0.9500,0.00,0.00,0.00,0.00
2155.00,180.000,180.000,170.000,175.000,178.922,179.204,169.540,166.029,178.924,179.230,169.570,166.618,188.684,182.667,189.735,381.813,0.0726,0.0349,0.1582,0.9500,0.00,0.00,0.00,0.00
2156.00,180.000,180.000,170.000,175.000,178.922,179.205,169.541,166.058,178.923,179.231,169.571,166.647,188.668,182.667,189.735,381.839,0.0726,0.0349,0.1582,0.9500,0.00,0.00,0.00,0.00
2157.00,180.000,180.000,170.000,175.000,178.922,179.206,169.543,166.087,178.923,179.232,169.573,166.675,188.651,182.667,189.735,381.864,0.0726,0.0349,0.1583,0.9500,0.00,0.00,0.00,0.00
2158.00,180.000,180.000,170.000,175.000,178.922,179.208,169.544,166.116,178.923,179.233,169.574,166.704,188.635,182.667,189.735,381.889,0.0726,0.0349,0.1583,0.9500,0.00,0.00,0.00,0.00
2159.00,180.000,180.000,170.000,175.000,178.922,179.209,169.546,166.145,178.923,179.234,169.576,166.733,188.619,182.667,189.735,381.914,0.0726,0.0349,0.1583,0.9500,0.00,0.00,0.00,0.00
2160.00,180.000,180.000,170.000,175.000,178.922,179.210,169.547,166.174,178.922,179.236,169.577,166.761,188.603,182.667,189.735,381.940,0.0726,0.0349,0.1583,0.9500,0.00,0.00,0.00,0.00
2161.00,180.000,180.000,170.000,175.000,178.922,179.211,169.549,166.203,178.922,179.237,169.579,166.790,188.587,182.667,189.735,381.965,0.0726,0.0349,0.1583,0.9500,0.00,0.00,0.00,0.00
2162.00,180.000,180.000,170.000,175.000,178.922,179.213,169.550,166.232,178.922,179.238,169.580,166.818,188.572,182.667,189.735,381.990,0.0726,0.0349,0.1563,0.9500,0.00,0.00,0.00,0.00
2163.00,180.000,180.000,170.000,175.000,178.922,179.214,169.552,166.261,178.921,179.239,169.582,166.847,188.556,182.667,189.732,382.015,0.0726,0.0349,0.1563,0.9500,0.00,0.00,0.00,0.00
2164.00,180.000,180.000,170.000,175.000,178.922,179.215,169.553,166.290,178.921,179.240,169.583,166.875,188.541,182.667,189.730,382.041,0.0726,0.0349,0.1563,0.9500,0.00,0.00,0.00,0.00
2165.00,180.000,180.000,170.000,175.000,178.922,179.216,169.555,166.319,178.921,179.242,169.585,166.904,188.525,182.667,189.727,382.066,0.0726,0.0349,0.1563,0.9500,0.00,0.00,0.00,0.00
2166.00,180.000,180.000,170.000,175.000,178.922,179.218,169.556,166.348,178.920,179.243,169.586,166.932,188.510,182.667,189.725,382.091,0.0726,0.0349,0.1563,0.9500,0.00,0.00,0.00,0.00
2167.00,180.000,180.000,170.000,175.000,178.922,179.219,169.558,166.377,178.920,179.244,169.588,166.961,188.495,182.667,189.722,382.116,0.0726,0.0349,0.1563,0.9500,0.00,0.00,0.00,0.00
2168.00,180.000,180.000,170.000,175.000,178.922,179.220,169.559,166.405,178.920,179.245,169.589,166.989,188.481,182.667,189.720,382.141,0.0726,0.0350,0.1563,0.9500,0.00,0.00,0.00,0.00
2169.00,180.000,180.000,170.000,175.000,178.922,179.221,169.561,166.434,178.919,179.246,169.590,167.017,188.466,182.667,189.718,382.166,0.0726,0.0350,0.1563,0.9500,0.00,0.00,0.00,0.00
2170.00,180.000,180.000,170.000,175.000,178.922,179.223,169.562,166.463,178.919,179.248,169.592,167.046,188.451,182.667,189.715,382.191,0.0726,0.0350,0.1564,0.9500,0.00,0.00,0.00,0.00
2171.00,180.000,180.000,170.000,175.000,178.922,179.224,169.564,166.492,178.918,179.249,169.593,167.074,188.437,182.667,189.713,382.216,0.0726,0.0350,0.1564,0.9500,0.00,0.00,0.00,0.00
2172.00,180.000,180.000,170.000,175.000,178.921,179.225,169.565,166.521,178.918,179.250,169.595,167.102,188.423,182.667,189.711,382.241,0.0726,0.0350,0.1564,0.9500,0.00,0.00,0.00,0.00
2173.00,180.000,180.000,170.000,175.000,178.921,179.226,169.566,166.549,178.918,179.251,169.596,167.131,188.408,182.667,189.709,382.266,0.0726,0.0350,0.1564,0.9500,0.00,0.00,0.00,0.00
2174.00,180.000,180.000,170.000,175.000,178.921,179.228,169.568,166.578,178.917,179.252,169.598,167.159,188.394,182.667,189.706,382.291,0.0726,0.0350,0.1564,0.9500,0.00,0.00,0.00,0.00
2175.00,180.000,180.000,170.000,175.000,178.921,179.229,169.569,166.607,178.917,179.254,169.599,167.187,188.380,182.668,189.704,382.316,0.0726,0.0350,0.1564,0.9500,0.00,0.00,0.00,0.00
2176.00,180.000,180.000,170.000,175.000,178.921,179.230,169.571,166.635,178.916,179.255,169.601,167.216,188.367,182.668,189.702,382.341,0.0726,0.0350,0.1564,0.9500,0.00,0.00,0.00,0.00
2177.00,180.000,180.000,170.000,175.000,178.920,179.231,169.572,166.664,178.916,179.256,169.602,167.244,188.353,182.668,189.700,382.366,0.0726,0.0350,0.1564,0.9500,0.00,0.00,0.00,0.00
2178.00,180.000,180.000,170.000,175.000,178.920,179.232,169.574,166.693,178.916,179.257,169.604,167.272,188.339,182.668,189.698,382.391,0.0726,0.0350,0.1564,0.9500,0.00,0.00,0.00,0.00
2179.00,180.000,180.000,170.000,175.000,178.920,179.234,169.575,166.721,178.915,179.258,169.605,167.300,188.326,182.668,189.696,382.416,0.0726,0.0350,0.1564,0.9500,0.00,0.00,0.00,0.00
2180.00,180.000,180.000,170.000,175.000,178.920,179.235,169.577,166.750,178.915,179.259,169.607,167.328,188.313,182.668,189.694,382.441,0.0726,0.0350,0.1564,0.9500,0.00,0.00,0.00,0.00
2181.00,180.000,180.000,170.000,175.000,178.919,179.236,169.578,166.778,178.914,179.261,169.608,167.356,188.299,182.668,189.692,382.466,0.0726,0.0350,0.1564,0.9500,0.00,0.00,0.00,0.00
2182.00,180.000,180.000,170.000,175.000,178.919,179.237,169.580,166.807,178.914,179.262,169.609,167.385,188.286,182.668,189.690,382.491,0.0726,0.0350,0.1564,0.9500,0.00,0.00,0.00,0.00
2183.00,180.000,180.000,170.000,175.000,178.919,179.238,169.581,166.835,178.913,179.263,169.611,167.413,188.273,182.668,189.688,382.516,0.0726,0.0350,0.1564,0.9500,0.00,0.00,0.00,0.00
2184.00,180.000,180.000,170.000,175.000,178.919,179.240,169.583,166.864,178.913,179.264,169.612,167.441,188.260,182.668,189.686,382.541,0.0726,0.0350,0.1564,0.9500,0.00,0.00,0.00,0.00
2185.00,180.000,180.000,170.000,175.000,178.918,179.241,169.584,166.892,178.913,179.265,169.614,167.469,188.248,182.668,189.684,382.565,0.0726,0.0350,0.1565,0.9500,0.00,0.00,0.00,0.00
2186.00,180.000,180.000,170.000,175.000,178.918,179.242,169.586,166.921,178.912,179.266,169.615,167.497,188.235,182.668,189.682,382.590,0.0726,0.0350,0.1565,0.9500,0.00,0.00,0.00,0.00
2187.00,180.000,180.000,170.000,175.000,178.918,179.243,169.587,166.949,178.912,179.267,169.617,167.525,188.223,182.668,189.681,382.615,0.0726,0.0350,0.1565,0.9500,0.00,0.00,0.00,0.00
2188.00,180.000,180.000,170.000,175.000,178.918,179.244,169.589,166.978,178.911,179.269,169.618,167.553,188.210,182.668,189.679,382.640,0.0726,0.0350,0.1565,0.9500,0.00,0.00,0.00,0.00
2189.00,180.000,180.000,170.000,175.000,178.917,179.246,169.590,167.006,178.911,179.270,169.620,167.581,188.198,182.669,189.677,382.665,0.0726,0.0350,0.1565,0.9500,0.00,0.00,0.00,0.00
2190.00,180.000,180.000,170.000,175.000,178.917,179.247,169.591,167.034,178.910,179.271,169.621,167.609,188.186,182.669,189.675,382.689,0.0726,0.0350,0.1565,0.9500,0.00,0.00,0.00,0.00
2191.00,180.000,180.000,170.000,175.000,178.917,179.248,169.593,167.063,178.910,179.272,169.622,167.637,188.174,182.669,189.673,382.714,0.0726,0.0350,0.1565,0.9500,0.00,0.00,0.00,0.00
2192.00,180.000,180.000,170.000,175.000,178.916,179.249,169.594,167.091,178.910,179.273,169.624,167.664,188.162,182.669,189.672,382.739,0.0726,0.0350,0.1565,0.9500,0.00,0.00,0.00,0.00
2193.00,180.000,180.000,170.000,175.000,178.916,179.250,169.596,167.119,178.909,179.274,169.625,167.692,188.150,182.668,189.670,382.763,0.0726,0.0330,0.1565,0.9500,0.00,0.00,0.00,0.00
2194.00,180.000,180.000,170.000,175.000,178.916,179.252,169.597,167.148,178.909,179.275,169.627,167.720,188.138,182.665,189.669,382.788,0.0726,0.0330,0.1565,0.9500,0.00,0.00,0.00,0.00
2195.00,180.000,180.000,170.000,175.000,178.915,179.253,169.599,167.176,178.908,179.276,169.628,167.748,188.127,182.663,189.667,382.813,0.0726,0.0330,0.1565,0.9500,0.00,0.00,0.00,0.00
2196.00,180.000,180.000,170.000,175.000,178.915,179.254,169.600,167.204,178.908,179.278,169.630,167.776,188.115,182.661,189.665,382.837,0.0726,0.0330,0.1565,0.9500,0.00,0.00,0.00,0.00
2197.00,180.000,180.000,170.000,175.000,178.915,179.255,169.602,167.232,178.907,179.279,169.631,167.804,188.104,182.658,189.664,382.862,0.0726,0.0330,0.1565,0.9500,0.00,0.00,0.00,0.00
2198.00,180.000,180.000,170.000,175.000,178.914,179.256,169.603,167.261,178.907,179.280,169.632,167.831,188.093,182.656,189.662,382.887,0.0726,0.0330,0.1565,0.9500,0.00,0.00,0.00,0.00
2199.00,180.000,180.000,170.000,175.000,178.914,179.257,169.605,167.289,178.906,179.281,169.634,167.859,188.081,182.654,189.661,382.911,0.0726,0.0330,0.1566,0.9500,0.00,0.00,0.00,0.00
2200.00,180.000,180.000,170.000,175.000,178.913,179.259,169.606,167.317,178.906,179.282,169.635,167.887,188.070,182.652,189.659,382.936,0.0726,0.0330,0.1566,0.9500,0.00,0.00,0.00,0.00
2201.00,180.000,180.000,170.000,175.000,178.913,179.260,169.607,167.345,178.906,179.283,169.637,167.915,188.059,182.649,189.658,382.960,0.0726,0.0330,0.1566,0.9500,0.00,0.00,0.00,0.00
2202.00,180.000,180.000,170.000,175.000,178.913,179.261,169.609,167.373,178.905,179.284,169.638,167.942,188.049,182.647,189.656,382.985,0.0726,0.0330,0.1566,0.9500,0.00,0.00,0.00,0.00
2203.00,180.000,180.000,170.000,175.000,178.912,179.262,169.610,167.401,178.905,179.285,169.640,167.970,188.038,182.645,189.655,383.009,0.0726,0.0330,0.1566,0.9500,0.00,0.00,0.00,0.00
2204.00,180.000,180.000,170.000,175.000,178.912,179.263,169.612,167.429,178.904,179.286,169.641,167.998,188.027,182.643,189.653,383.034,0.0726,0.0330,0.1566,0.9500,0.00,0.00,0.00,0.00
2205.00,180.000,180.000,170.000,175.000,178.912,179.264,169.613,167.457,178.904,179.287,169.642,168.025,188.017,182.641,189.652,383.058,0.0726,0.0330,0.1566,0.9500,0.00,0.00,0.00,0.00
2206.00,180.000,180.000,170.000,175.000,178.911,179.265,169.615,167.486,178.903,179.288,169.644,168.053,188.006,182.639,189.651,383.083,0.0726,0.0330,0.1566,0.9500,0.00,0.00,0.00,0.00
2207.00,180.000,180.000,170.000,175.000,178.911,179.267,169.616,167.514,178.903,179.289,169.645,168.081,187.996,182.637,189.649,383.107,0.0726,0.0330,0.1566,0.9500,0.00,0.00,0.00,0.00
2208.00,180.000,180.000,170.000,175.000,178.910,179.268,169.618,167.542,178.903,179.290,169.647,168.108,187.985,182.635,189.648,383.132,0.0726,0.0330,0.1566,0.9500,0.00,0.00,0.00,0.00
2209.00,180.000,180.000,170.000,175.000,178.910,179.269,169.619,167.570,178.902,179.291,169.648,168.136,187.975,182.632,189.647,383.156,0.0726,0.0330,0.1566,0.9500,0.00,0.00,0.00,0.00
2210.00,180.000,180.000,170.000,175.000,178.910,179.270,169.620,167.597,178.902,179.292,169.650,168.163,187.965,182.630,189.646,383.181,0.0726,0.0330,0.1566,0.9500,0.00,0.00,0.00,0.00
2211.00,180.000,180.000,170.000,175.000,178.909,179.271,169.622,167.625,178.901,179.293,169.651,168.191,187.955,182.628,189.644,383.205,0.0726,0.0330,0.1566,0.9500,0.00,0.00,0.00,0.00
2212.00,180.000,180.000,170.000,175.000,178.909,179.272,169.623,167.653,178.901,179.294,169.652,168.218,187.945,182.626,189.643,383.229,0.0726,0.0331,0.1566,0.9500,0.00,0.00,0.00,0.00
2213.00,180.000,180.000,170.000,175.000,178.908,179.273,169.625,167.681,178.900,179.295,169.654,168.246,187.936,182.624,189.642,383.254,0.0726,0.0331,0.1566,0.9500,0.00,0.00,0.00,0.00
2214.00,180.000,180.000,170.000,175.000,178.908,179.274,169.626,167.709,178.900,179.296,169.655,168.273,187.926,182.622,189.641,383.278,0.0726,0.0331,0.1567,0.9500,0.00,0.00,0.00,0.00
2215.00,180.000,180.000,170.000,175.000,178.908,179.275,169.628,167.737,178.900,179.297,169.657,168.301,187.916,182.621,189.640,383.302,0.0726,0.0331,0.1567,0.9500,0.00,0.00,0.00,0.00
2216.00,180.000,180.000,170.000,175.000,178.907,179.276,169.629,167.765,178.899,179.298,169.658,168.328,187.907,182.619,189.639,383.327,0.0726,0.0331,0.1567,0.9500,0.00,0.00,0.00,0.00
2217.00,180.000,180.000,170.000,175.000,178.907,179.278,169.630,167.793,178.899,179.299,169.660,168.355,187.898,182.617,189.637,383.351,0.0726,0.0331,0.1567,0.9500,0.00,0.00,0.00,0.00
2218.00,180.000,180.000,170.000,175.000,178.906,179.279,169.632,167.820,178.898,179.300,169.661,168.383,187.888,182.615,189.636,383.375,0.0726,0.0331,0.1567,0.9500,0.00,0.00,0.00,0.00
2219.00,180.000,180.000,170.000,175.000,178.906,179.280,169.633,167.848,178.898,179.301,169.662,168.410,187.879,182.613,189.635,383.399,0.0726,0.0331,0.1567,0.9500,0.00,0.00,0.00,0.00
2220.00,180.000,180.000,170.000,175.000,178.906,179.281,169.635,167.876,178.898,179.302,169.664,168.437,187.870,182.611,189.634,383.424,0.0726,0.0331,0.1567,0.9500,0.00,0.00,0.00,0.00
2221.00,180.000,180.000,170.000,175.000,178.905,179.282,169.636,167.904,178.897,179.303,169.665,168.465,187.861,182.609,189.633,383.448,0.0726,0.0331,0.1567,0.9500,0.00,0.00,0.00,0.00
2222.00,180.000,180.000,170.000,175.000,178.905,179.283,169.638,167.931,178.897,179.304,169.667,168.492,187.852,182.607,189.632,383.472,0.0726,0.0331,0.1567,0.9500,0.00,0.00,0.00,0.00
2223.00,180.000,180.000,170.000,175.000,178.904,179.284,169.639,167.959,178.897,179.305,169.668,168.519,187.843,182.606,189.631,383.496,0.0726,0.0331,0.1567,0.9500,0.00,0.00,0.00,0.00
2224.00,180.000,180.000,170.000,175.000,178.904,179.285,169.641,167.987,178.896,179.306,169.670,168.547,187.834,182.604,189.630,383.520,0.0726,0.0331,0.1567,0.9500,0.00,0.00,0.00,0.00
2225.00,180.000,180.000,170.000,175.000,178.904,179.286,169.642,168.014,178.896,179.307,169.671,168.574,187.826,182.602,189.629,383.545,0.0726,0.0331,0.1567,0.9500,0.00,0.00,0.00,0.00
2226.00,180.000,180.000,170.000,175.000,178.903,179.287,169.643,168.042,178.896,179.308,169.672,168.601,187.817,182.600,189.628,383.569,0.0726,0.0331,0.1567,0.9500,0.00,0.00,0.00,0.00
2227.00,180.000,180.000,170.000,175.000,178.903,179.288,169.645,168.070,178.895,179.309,169.674,168.628,187.809,182.598,189.628,383.593,0.0726,0.0331,0.1567,0.9500,0.00,0.00,0.00,0.00
2228.00,180.000,180.000,170.000,175.000,178.903,179.289,169.646,168.097,178.895,179.310,169.675,168.655,187.800,182.597,189.627,383.617,0.0726,0.0331,0.1567,0.9500,0.00,0.00,0.00,0.00
2229.00,180.000,180.000,170.000,175.000,178.902,179.290,169.648,168.125,178.895,179.310,169.677,168.683,187.792,182.595,189.626,383.641,0.0726,0.0331,0.1568,0.9500,0.00,0.00,0.00,0.00
2230.00,180.000,180.000,170.000,175.000,178.902,179.291,169.649,168.152,178.894,179.311,169.678,168.710,187.784,182.593,189.625,383.665,0.0726,0.0331,0.1568,0.9500,0.00,0.00,0.00,0.00
2231.00,180.000,180.000,170.000,175.000,178.901,179.292,169.651,168.180,178.894,179.312,169.680,168.737,187.775,182.592,189.623,383.689,0.0726,0.0331,0.1548,0.9500,0.00,0.00,0.00,0.00
2232.00,180.000,180.000,170.000,175.000,178.901,179.293,169.652,168.207,178.894,179.313,169.681,168.764,187.767,182.590,189.620,383.713,0.0726,0.0331,0.1548,0.9500,0.00,0.00,0.00,0.00
2233.00,180.000,180.000,170.000,175.000,178.901,179.294,169.653,168.235,178.893,179.314,169.682,168.791,187.759,182.588,189.616,383.737,0.0726,0.0331,0.1548,0.9500,0.00,0.00,0.00,0.00
2234.00,180.000,180.000,170.000,175.000,178.900,179.295,169.655,168.262,178.893,179.315,169.684,168.818,187.751,182.587,189.613,383.761,0.0726,0.0331,0.1548,0.9500,0.00,0.00,0.00,0.00
2235.00,180.000,180.000,170.000,175.000,178.900,179.296,169.656,168.290,178.893,179.316,169.685,168.845,187.744,182.585,189.610,383.785,0.0726,0.0331,0.1548,0.9500,0.00,0.00,0.00,0.00
2236.00,180.000,180.000,170.000,175.000,178.900,179.297,169.658,168.317,178.892,179.317,169.687,168.872,187.736,182.583,189.607,383.809,0.0726,0.0331,0.1548,0.9500,0.00,0.00,0.00,0.00
2237.00,180.000,180.000,170.000,175.000,178.899,179.298,169.659,168.344,178.892,179.317,169.688,168.899,187.728,182.582,189.604,383.833,0.0726,0.0331,0.1548,0.9500,0.00,0.00,0.00,0.00
2238.00,180.000,180.000,170.000,175.000,178.899,179.299,169.661,168.372,178.892,179.318,169.689,168.926,187.720,182.580,189.601,383.857,0.0726,0.0331,0.1548,0.9500,0.00,0.00,0.00,0.00
2239.00,180.000,180.000,170.000,175.000,178.899,179.300,169.662,168.399,178.892,179.319,169.691,168.953,187.713,182.579,189.598,383.881,0.0726,0.0331,0.1548,0.9500,0.00,0.00,0.00,0.00
2240.00,180.000,180.000,170.000,175.000,178.898,179.301,169.663,168.427,178.891,179.320,169.692,168.980,187.706,182.577,189.595,383.905,0.0726,0.0331,0.1548,0.9500,0.00,0.00,0.00,0.00
2241.00,180.000,180.000,170.000,175.000,178.898,179.302,169.665,168.454,178.891,179.321,169.694,169.007,187.698,182.575,189.592,383.929,0.0726,0.0331,0.1548,0.9500,0.00,0.00,0.00,0.00
2242.00,180.000,180.000,170.000,175.000,178.898,179.303,169.666,168.481,178.891,179.322,169.695,169.034,187.691,182.574,189.589,383.953,0.0726,0.0331,0.1548,0.9500,0.00,0.00,0.00,0.00
2243.00,180.000,180.000,170.000,175.000,178.897,179.304,169.668,168.508,178.891,179.322,169.696,169.061,187.684,182.572,189.586,383.976,0.0726,0.0331,0.1548,0.9500,0.00,0.00,0.00,0.00
2244.00,180.000,180.000,170.000,175.000,178.897,179.305,169.669,168.536,178.890,179.323,169.698,169.088,187.677,182.571,189.583,384.000,0.0726,0.0331,0.1548,0.9500,0.00,0.00,0.00,0.00
2245.00,180.000,180.000,170.000,175.000,178.897,179.305,169.670,168.563,178.890,179.324,169.699,169.114,187.670,182.569,189.580,384.024,0.0726,0.0331,0.1548,0.9500,0.00,0.00,0.00,0.00
2246.00,180.000,180.000,170.000,175.000,178.896,179.306,169.672,168.590,178.890,179.325,169.700,169.141,187.663,182.568,189.578,384.048,0.0726,0.0331,0.1548,0.9500,0.00,0.00,0.00,0.00
2247.00,180.000,180.000,170.000,175.000,178.896,179.307,169.673,168.617,178.890,179.326,169.702,169.168,187.656,182.566,189.575,384.072,0.0726,0.0331,0.1548,0.9500,0.00,0.00,0.00,0.00
2248.00,180.000,180.000,170.000,175.000,178.896,179.308,169.675,168.645,178.890,179.327,169.703,169.195,187.649,182.565,189.572,384.095,0.0726,0.0331,0.1549,0.9500,0.00,0.00,0.00,0.00
2249.00,180.000,180.000,170.000,175.000,178.895,179.309,169.676,168.672,178.889,179.327,169.705,169.222,187.642,182.564,189.569,384.119,0.0726,0.0331,0.1549,0.9500,0.00,0.00,0.00,0.00
2250.00,180.000,180.000,170.000,175.000,178.895,179.310,169.678,168.699,178.889,179.328,169.706,169.248,187.635,182.562,189.567,384.143,0.0726,0.0331,0.1549,0.9500,0.00,0.00,0.00,0.00
2251.00,180.000,180.000,170.000,175.000,178.895,179.311,169.679,168.726,178.889,179.329,169.707,169.275,187.629,182.561,189.564,384.167,0.0726,0.0331,0.1549,0.9500,0.00,0.00,0.00,0.00
2252.00,180.000,180.000,170.000,175.000,178.895,179.312,169.680,168.753,178.889,179.330,169.709,169.302,187.622,182.559,189.561,384.190,0.0726,0.0331,0.1549,0.9500,0.00,0.00,0.00,0.00
2253.00,180.000,180.000,170.000,175.000,178.894,179.313,169.682,168.780,178.889,179.330,169.710,169.329,187.616,182.558,189.559,384.214,0.0726,0.0331,0.1549,0.9500,0.00,0.00,0.00,0.00
2254.00,180.000,180.000,170.000,175.000,178.894,179.314,169.683,168.807,178.889,179.331,169.711,169.355,187.609,182.557,189.556,384.238,0.0726,0.0331,0.1549,0.9500,0.00,0.00,0.00,0.00
2255.00,180.000,180.000,170.000,175.000,178.894,179.314,169.685,168.834,178.889,179.332,169.713,169.382,187.603,182.555,189.554,384.261,0.0726,0.0331,0.1549,0.9500,0.00,0.00,0.00,0.00
2256.00,180.000,180.000,170.000,175.000,178.893,179.315,169.686,168.861,178.888,179.333,169.714,169.409,187.597,182.554,189.551,384.285,0.0726,0.0331,0.1549,0.9500,0.00,0.00,0.00,0.00
2257.00,180.000,180.000,170.000,175.000,178.893,179.316,169.687,168.888,178.888,179.333,169.715,169.435,187.591,182.553,189.549,384.309,0.0726,0.0331,0.1549,0.9500,0.00,0.00,0.00,0.00
2258.00,180.000,180.000,170.000,175.000,178.893,179.317,169.689,168.915,178.888,179.334,169.717,169.462,187.585,182.551,189.547,384.332,0.0726,0.0331,0.1549,0.9500,0.00,0.00,0.00,0.00
2259.00,180.000,180.000,170.000,175.000,178.893,179.318,169.690,168.942,178.888,179.335,169.718,169.488,187.579,182.550,189.544,384.356,0.0726,0.0331,0.1549,0.9500,0.00,0.00,0.00,0.00
2260.00,180.000,180.000,170.000,175.000,178.893,179.319,169.691,168.969,178.888,179.336,169.719,169.515,187.573,182.549,189.542,384.379,0.0726,0.0332,0.1549,0.9500,0.00,0.00,0.00,0.00
2261.00,180.000,180.000,170.000,175.000,178.892,179.320,169.693,168.996,178.888,179.336,169.721,169.542,187.567,182.547,189.540,384.403,0.0726,0.0332,0.1549,0.9500,0.00,0.00,0.00,0.00
2262.00,180.000,180.000,170.000,175.000,178.892,179.320,169.694,169.023,178.888,179.337,169.722,169.568,187.561,182.546,189.537,384.427,0.0726,0.0332,0.1549,0.9500,0.00,0.00,0.00,0.00
2263.00,180.000,180.000,170.000,175.000,178.892,179.321,169.696,169.050,178.888,179.338,169.723,169.595,187.555,182.545,189.535,384.450,0.0726,0.0332,0.1549,0.9500,0.00,0.00,0.00,0.00
2264.00,180.000,180.000,170.000,175.000,178.892,179.322,169.697,169.077,178.888,179.339,169.725,169.621,187.549,182.543,189.533,384.474,0.0726,0.0332,0.1549,0.9500,0.00,0.00,0.00,0.00
2265.00,180.000,180.000,170.000,175.000,178.891,179.323,169.698,169.104,178.888,179.339,169.726,169.648,187.544,182.542,189.531,384.497,0.0726,0.0332,0.1549,0.9500,0.00,0.00,0.00,0.00
2266.00,180.000,180.000,170.000,175.000,178.891,179.324,169.700,169.131,178.888,179.340,169.727,169.674,187.538,182.541,189.528,384.521,0.0726,0.0332,0.1549,0.9500,0.00,0.00,0.00,0.00
2267.00,180.000,180.000,170.000,175.000,178.891,179.324,169.701,169.158,178.888,179.341,169.729,169.701,187.533,182.540,189.526,384.544,0.0726,0.0332,0.1550,0.9500,0.00,0.00,0.00,0.00
2268.00,180.000,180.000,170.000,175.000,178.891,179.325,169.702,169.184,178.888,179.342,169.730,169.727,187.527,182.539,189.524,384.567,0.0726,0.0332,0.1550,0.9500,0.00,0.00,0.00,0.00
2269.00,180.000,180.000,170.000,175.000,178.891,179.326,169.704,169.211,178.888,179.342,169.731,169.753,187.522,182.537,189.522,384.591,0.0726,0.0332,0.1550,0.9500,0.00,0.00,0.00,0.00
2270.00,180.000,180.000,170.000,175.000,178.891,179.327,169.705,169.238,178.888,179.343,169.733,169.780,187.517,182.536,189.520,384.614,0.0726,0.0332,0.1550,0.9500,0.00,0.00,0.00,0.00
2271.00,180.000,180.000,170.000,175.000,178.891,179.328,169.707,169.265,178.888,179.344,169.734,169.806,187.511,182.535,189.518,384.638,0.0726,0.0332,0.1550,0.9500,0.00,0.00,0.00,0.00
2272.00,180.000,180.000,170.000,175.000,178.890,179.328,169.708,169.291,178.888,179.344,169.735,169.832,187.506,182.534,189.516,384.661,0.0726,0.0332,0.1550,0.9500,0.00,0.00,0.00,0.00
2273.00,180.000,180.000,170.000,175.000,178.890,179.329,169.709,169.318,178.888,179.345,169.737,169.859,187.501,182.533,189.514,384.684,0.0726,0.0332,0.1550,0.9500,0.00,0.00,0.00,0.00
2274.00,180.000,180.000,170.000,175.000,178.890,179.330,169.711,169.345,178.888,179.346,169.738,169.885,187.496,182.531,189.512,384.708,0.0726,0.0332,0.1550,0.9500,0.00,0.00,0.00,0.00
2275.00,180.000,180.000,170.000,175.000,178.890,179.331,169.712,169.372,178.888,179.346,169.739,169.911,187.491,182.530,189.510,384.731,0.0726,0.0332,0.1550,0.9500,0.00,0.00,0.00,0.00
2276.00,180.000,180.000,170.000,175.000,178.890,179.332,169.713,169.398,178.888,179.347,169.740,169.938,187.486,182.529,189.508,384.754,0.0726,0.0332,0.1550,0.9500,0.00,0.00,0.00,0.00
2277.00,180.000,180.000,170.000,175.000,178.890,179.332,169.715,169.425,178.888,179.348,169.742,169.964,187.481,182.528,189.506,384.778,0.0726,0.0332,0.1550,0.9500,0.00,0.00,0.00,0.00
2278.00,180.000,180.000,170.000,175.000,178.890,179.333,169.716,169.451,178.888,179.348,169.743,169.990,187.477,182.527,189.504,384.801,0.0726,0.0332,0.1550,0.9500,0.00,0.00,0.00,0.00
2279.00,180.000,180.000,170.000,175.000,178.890,179.334,169.717,169.478,178.889,179.349,169.744,170.016,187.472,182.526,189.503,384.824,0.0726,0.0332,0.1550,0.9500,0.00,0.00,0.00,0.00
2280.00,180.000,180.000,170.000,175.000,178.890,179.335,169.719,169.505,178.889,179.350,169.746,170.043,187.467,182.525,189.501,384.848,0.0726,0.0332,0.1550,0.9500,0.00,0.00,0.00,0.00
2281.00,180.000,180.000,170.000,175.000,178.890,179.335,169.720,169.531,178.889,179.350,169.747,170.069,187.463,182.524,189.499,384.871,0.0726,0.0332,0.1550,0.9500,0.00,0.00,0.00,0.00
2282.00,180.000,180.000,170.000,175.000,178.890,179.336,169.721,169.558,178.889,179.351,169.748,170.095,187.458,182.523,189.497,384.894,0.0726,0.0332,0.1550,0.9500,0.00,0.00,0.00,0.00
2283.00,180.000,180.000,170.000,175.000,178.890,179.337,169.723,169.584,178.889,179.352,169.750,170.121,187.454,182.521,189.495,384.917,0.0726,0.0332,0.1550,0.9500,0.00,0.00,0.00,0.00
2284.00,180.000,180.000,170.000,175.000,178.890,179.338,169.724,169.611,178.889,179.352,169.751,170.147,187.449,182.520,189.494,384.940,0.0726,0.0332,0.1550,0.9500,0.00,0.00,0.00,0.00
2285.00,180.000,180.000,170.000,175.000,178.890,179.338,169.725,169.637,178.890,179.353,169.752,170.173,187.445,182.519,189.492,384.964,0.0726,0.0332,0.1550,0.9500,0.00,0.00,0.00,0.00
2286.00,180.000,180.000,170.000,175.000,178.890,179.339,169.727,169.664,178.890,179.354,169.753,170.200,187.440,182.518,189.490,384.987,0.0726,0.0332,0.1550,0.9500,0.00,0.00,0.00,0.00
2287.00,180.000,180.000,170.000,175.000,178.890,179.340,169.728,169.690,178.890,179.354,169.755,170.226,187.436,182.517,189.489,385.010,0.0726,0.0332,0.1551,0.9500,0.00,0.00,0.00,0.00
2288.00,180.000,180.000,170.000,175.000,178.890,179.340,169.729,169.717,178.890,179.355,169.756,170.252,187.432,182.516,189.487,385.033,0.0726,0.0332,0.1551,0.9500,0.00,0.00,0.00,0.00
2289.00,180.000,180.000,170.000,175.000,178.890,179.341,169.731,169.743,178.890,179.355,169.757,170.278,187.428,182.515,189.486,385.056,0.0726,0.0332,0.1551,0.9500,0.00,0.00,0.00,0.00
2290.00,180.000,180.000,170.000,175.000,178.890,179.342,169.732,169.769,178.891,179.356,169.759,170.304,187.424,182.514,189.484,385.079,0.0726,0.0332,0.1551,0.9500,0.00,0.00,0.00,0.00
2291.00,180.000,180.000,170.000,175.000,178.890,179.343,169.733,169.796,178.891,179.357,169.760,170.330,187.420,182.513,189.482,385.102,0.0726,0.0332,0.1551,0.9500,0.00,0.00,0.00,0.00
2292.00,180.000,180.000,170.000,175.000,178.890,179.343,169.735,169.822,178.891,179.357,169.761,170.356,187.416,182.512,189.481,385.125,0.0726,0.0332,0.1551,0.9500,0.00,0.00,0.00,0.00
2293.00,180.000,180.000,170.000,175.000,178.890,179.344,169.736,169.849,178.892,179.358,169.762,170.382,187.412,182.511,189.479,385.148,0.0726,0.0332,0.1551,0.9500,0.00,0.00,0.00,0.00
2294.00,180.000,180.000,170.000,175.000,178.890,179.345,169.737,169.875,178.892,179.359,169.764,170.408,187.408,182.510,189.478,385.171,0.0726,0.0332,0.1551,0.9500,0.00,0.00,0.00,0.00
2295.00,180.000,180.000,170.000,175.000,178.890,179.345,169.738,169.901,178.892,179.359,169.765,170.434,187.404,182.509,189.477,385.194,0.0726,0.0332,0.1551,0.9500,0.00,0.00,0.00,0.00
2296.00,180.000,180.000,170.000,175.000,178.890,179.346,169.740,169.927,178.892,179.360,169.766,170.460,187.400,182.508,189.475,385.217,0.0726,0.0332,0.1551,0.9500,0.00,0.00,0.00,0.00
2297.00,180.000,180.000,170.000,175.000,178.890,179.347,169.741,169.954,178.893,179.360,169.768,170.486,187.397,182.507,189.474,385.240,0.0726,0.0332,0.1551,0.9500,0.00,0.00,0.00,0.00
2298.00,180.000,180.000,170.000,175.000,178.890,179.347,169.742,169.980,178.893,179.361,169.769,170.511,187.393,182.507,189.472,385.263,0.0726,0.0332,0.1551,0.9500,0.00,0.00,0.00,0.00
2299.00,180.000,180.000,170.000,175.000,178.891,179.348,169.744,170.006,178.894,179.362,169.770,170.537,187.389,182.506,189.471,385.286,0.0726,0.0332,0.1551,0.9500,0.00,0.00,0.00,0.00
2300.00,180.000,180.000,170.000,175.000,178.891,179.349,169.745,170.032,178.894,179.362,169.771,170.563,187.386,182.505,189.470,385.309,0.0726,0.0332,0.1551,0.9500,0.00,0.00,0.00,0.00
2301.00,180.000,180.000,170.000,175.000,178.891,179.349,169.746,170.059,178.894,179.363,169.773,170.589,187.382,182.504,189.468,385.332,0.0726,0.0332,0.1551,0.9500,0.00,0.00,0.00,0.00
2302.00,180.000,180.000,170.000,175.000,178.891,179.350,169.748,170.085,178.895,179.363,169.774,170.615,187.379,182.503,189.467,385.355,0.0726,0.0332,0.1551,0.9500,0.00,0.00,0.00,0.00
2303.00,180.000,180.000,170.000,175.000,178.891,179.351,169.749,170.111,178.895,179.364,169.775,170.641,187.375,182.499,189.466,385.378,0.0726,0.0312,0.1551,0.9500,0.00,0.00,0.00,0.00
2304.00,180.000,180.000,170.000,175.000,178.891,179.351,169.750,170.137,178.896,179.364,169.776,170.666,187.372,182.496,189.464,385.401,0.0726,0.0312,0.1531,0.9500,0.00,0.00,0.00,0.00
2305.00,180.000,180.000,170.000,175.000,178.892,179.352,169.751,170.163,178.896,179.365,169.778,170.692,187.369,182.493,189.461,385.424,0.0726,0.0312,0.1531,0.9500,0.00,0.00,0.00,0.00
2306.00,180.000,180.000,170.000,175.000,178.892,179.353,169.753,170.189,178.896,179.366,169.779,170.718,187.366,182.489,189.457,385.447,0.0726,0.0312,0.1531,0.9500,0.00,0.00,0.00,0.00
2307.00,180.000,180.000,170.000,175.000,178.892,179.353,169.754,170.215,178.897,179.366,169.780,170.744,187.362,182.486,189.453,385.469,0.0726,0.0312,0.1532,0.9500,0.00,0.00,0.00,0.00
2308.00,180.000,180.000,170.000,175.000,178.892,179.354,169.755,170.242,178.897,179.367,169.782,170.769,187.359,182.483,189.450,385.492,0.0726,0.0313,0.1532,0.9500,0.00,0.00,0.00,0.00
2309.00,180.000,180.000,170.000,175.000,178.893,179.354,169.757,170.268,178.898,179.367,169.783,170.795,187.356,182.480,189.446,385.515,0.0726,0.0313,0.1532,0.9500,0.00,0.00,0.00,0.00
2310.00,180.000,180.000,170.000,175.000,178.893,179.355,169.758,170.294,178.898,179.368,169.784,170.821,187.353,182.476,189.443,385.538,0.0726,0.0313,0.1532,0.9500,0.00,0.00,0.00,0.00
2311.00,180.000,180.000,170.000,175.000,178.893,179.356,169.759,170.320,178.899,179.368,169.785,170.847,187.350,182.473,189.439,385.560,0.0726,0.0313,0.1532,0.9500,0.00,0.00,0.00,0.00
2312.00,180.000,180.000,170.000,175.000,178.893,179.356,169.761,170.346,178.899,179.369,169.786,170.872,187.347,182.470,189.436,385.583,0.0726,0.0313,0.1532,0.9500,0.00,0.00,0.00,0.00
2313.00,180.000,180.000,170.000,175.000,178.894,179.357,169.762,170.372,178.900,179.369,169.788,170.898,187.344,182.467,189.432,385.606,0.0726,0.0313,0.1532,0.9500,0.00,0.00,0.00,0.00
2314.00,180.000,180.000,170.000,175.000,178.894,179.358,169.763,170.398,178.901,179.370,169.789,170.923,187.342,182.464,189.429,385.629,0.0726,0.0313,0.1532,0.9500,0.00,0.00,0.00,0.00
2315.00,180.000,180.000,170.000,175.000,178.894,179.358,169.764,170.424,178.901,179.370,169.790,170.949,187.339,182.461,189.426,385.651,0.0726,0.0313,0.1532,0.9500,0.00,0.00,0.00,0.00
2316.00,180.000,180.000,170.000,175.000,178.895,179.359,169.766,170.450,178.902,179.371,169.791,170.975,187.336,182.458,189.422,385.674,0.0726,0.0313,0.1532,0.9500,0.00,0.00,0.00,0.00
2317.00,180.000,180.000,170.000,175.000,178.895,179.359,169.767,170.476,178.902,179.371,169.793,171.000,187.333,182.455,189.419,385.697,0.0726,0.0313,0.1532,0.9500,0.00,0.00,0.00,0.00
2318.00,180.000,180.000,170.000,175.000,178.895,179.360,169.768,170.501,178.903,179.372,169.794,171.026,187.331,182.452,189.416,385.719,0.0726,0.0313,0.1532,0.9500,0.00,0.00,0.00,0.00
2319.00,180.000,180.000,170.000,175.000,178.896,179.360,169.769,170.527,178.904,179.372,169.795,171.051,187.328,182.449,189.413,385.742,0.0726,0.0313,0.1532,0.9500,0.00,0.00,0.00,0.00
2320.00,180.000,180.000,170.000,175.000,178.896,179.361,169.771,170.553,178.904,179.372,169.796,171.077,187.326,182.446,189.409,385.765,0.0726,0.0313,0.1532,0.9500,0.00,0.00,0.00,0.00
2321.00,180.000,180.000,170.000,175.000,178.897,179.362,169.772,170.579,178.905,179.373,169.797,171.102,187.323,182.443,189.406,385.787,0.0726,0.0313,0.1532,0.9500,0.00,0.00,0.00,0.00
2322.00,180.000,180.000,170.000,175.000,178.897,179.362,169.773,170.605,178.906,179.373,169.799,171.128,187.321,182.440,189.403,385.810,0.0726,0.0313,0.1532,0.9500,0.00,0.00,0.00,0.00
2323.00,180.000,180.000,170.000,175.000,178.897,179.363,169.774,170.631,178.906,179.374,169.800,171.153,187.318,182.437,189.400,385.832,0.0726,0.0313,0.1532,0.9500,0.00,0.00,0.00,0.00
2324.00,180.000,180.000,170.000,175.000,178.898,179.363,169.776,170.656,178.907,179.374,169.801,171.179,187.316,182.434,189.397,385.855,0.0726,0.0313,0.1532,0.9500,0.00,0.00,0.00,0.00
2325.00,180.000,180.000,170.000,175.000,178.898,179.364,169.777,170.682,178.908,179.375,169.802,171.204,187.314,182.431,189.394,385.878,0.0726,0.0313,0.1532,0.9500,0.00,0.00,0.00,0.00
2326.00,180.000,180.000,170.000,175.000,178.899,179.364,169.778,170.708,178.908,179.375,169.803,171.230,187.311,182.428,189.391,385.900,0.0726,0.0313,0.1532,0.9500,0.00,0.00,0.00,0.00
2327.00,180.000,180.000,170.000,175.000,178.899,179.365,169.779,170.734,178.909,179.375,169.805,171.255,187.309,182.425,189.388,385.923,0.0726,0.0313,0.1532,0.9500,0.00,0.00,0.00,0.00
2328.00,180.000,180.000,170.000,175.000,178.900,179.365,169.781,170.760,178.910,179.376,169.806,171.280,187.307,182.423,189.385,385.945,0.0726,0.0313,0.1532,0.9500,0.00,0.00,0.00,0.00
2329.00,180.000,180.000,170.000,175.000,178.900,179.366,169.782,170.785,178.911,179.376,169.807,171.306,187.305,182.420,189.382,385.968,0.0726,0.0313,0.1532,0.9500,0.00,0.00,0.00,0.00
2330.00,180.000,180.000,170.000,175.000,178.901,179.366,169.783,170.811,178.911,179.377,169.808,171.331,187.303,182.417,189.379,385.990,0.0726,0.0313,0.1532,0.9500,0.00,0.00,0.00,0.00
2331.00,180.000,180.000,170.000,175.000,178.901,179.367,169.784,170.837,178.912,179.377,169.809,171.357,187.301,182.414,189.377,386.012,0.0726,0.0313,0.1532,0.9500,0.00,0.00,0.00,0.00
2332.00,180.000,180.000,170.000,175.000,178.902,179.367,169.786,170.862,178.913,179.377,169.810,171.382,187.299,182.412,189.374,386.035,0.0726,0.0313,0.1532,0.9500,0.00,0.00,0.00,0.00
2333.00,180.000,180.000,170.000,175.000,178.902,179.368,169.787,170.888,178.914,179.378,169.812,171.407,187.297,182.409,189.371,386.057,0.0726,0.0313,0.1532,0.9500,0.00,0.00,0.00,0.00
2334.00,180.000,180.000,170.000,175.000,178.903,179.368,169.788,170.914,178.915,179.378,169.813,171.432,187.295,182.406,189.368,386.080,0.0726,0.0313,0.1532,0.9500,0.00,0.00,0.00,0.00
2335.00,180.000,180.000,170.000,175.000,178.903,179.369,169.789,170.939,178.915,179.378,169.814,171.458,187.293,182.404,189.366,386.102,0.0726,0.0313,0.1532,0.9500,0.00,0.00,0.00,0.00
2336.00,180.000,180.000,170.000,175.000,178.904,179.369,169.790,170.965,178.916,179.379,169.815,171.483,187.291,182.401,189.363,386.125,0.0726,0.0313,0.1532,0.9500,0.00,0.00,0.00,0.00
2337.00,180.000,180.000,170.000,175.000,178.905,179.370,169.792,170.990,178.917,179.379,169.816,171.508,187.289,182.398,189.360,386.147,0.0726,0.0313,0.1533,0.9500,0.00,0.00,0.00,0.00
2338.00,180.000,180.000,170.000,175.000,178.905,179.370,169.793,171.016,178.918,179.380,169.817,171.534,187.288,182.396,189.358,386.169,0.0726,0.0313,0.1533,0.9500,0.00,0.00,0.00,0.00
2339.00,180.000,180.000,170.000,175.000,178.906,179.371,169.794,171.042,178.919,179.380,169.818,171.559,187.286,182.393,189.355,386.192,0.0726,0.0313,0.1533,0.9500,0.00,0.00,0.00,0.00
2340.00,180.000,180.000,170.000,175.000,178.907,179.371,169.795,171.067,178.920,179.380,169.820,171.584,187.284,182.391,189.353,386.214,0.0726,0.0313,0.1533,0.9500,0.00,0.00,0.00,0.00
2341.00,180.000,180.000,170.000,175.000,178.907,179.372,169.796,171.093,178.921,179.381,169.821,171.609,187.283,182.388,189.350,386.236,0.0726,0.0313,0.1533,0.9500,0.00,0.00,0.00,0.00
2342.00,180.000,180.000,170.000,175.000,178.908,179.372,169.798,171.118,178.922,179.381,169.822,171.634,187.281,182.386,189.348,386.259,0.0726,0.0313,0.1533,0.9500,0.00,0.00,0.00,0.00
2343.00,180.000,180.000,170.000,175.000,178.909,179.372,169.799,171.144,178.923,179.381,169.823,171.659,187.280,182.383,189.345,386.281,0.0726,0.0313,0.1533,0.9500,0.00,0.00,0.00,0.00
2344.00,180.000,180.000,170.000,175.000,178.909,179.373,169.800,171.169,178.924,179.381,169.824,171.685,187.278,182.381,189.343,386.303,0.0726,0.0313,0.1533,0.9500,0.00,0.00,0.00,0.00
2345.00,180.000,180.000,170.000,175.000,178.910,179.373,169.801,171.195,178.925,179.382,169.825,171.710,187.277,182.378,189.340,386.325,0.0726,0.0313,0.1533,0.9500,0.00,0.00,0.00,0.00
2346.00,180.000,180.000,170.000,175.000,178.911,179.374,169.802,171.220,178.926,179.382,169.826,171.735,187.275,182.376,189.338,386.348,0.0726,0.0313,0.1533,0.9500,0.00,0.00,0.00,0.00
2347.00,180.000,180.000,170.000,175.000,178.912,179.374,169.804,171.245,178.927,179.382,169.827,171.760,187.274,182.373,189.336,386.370,0.0726,0.0313,0.1533,0.9500,0.00,0.00,0.00,0.00
2348.00,180.000,180.000,170.000,175.000,178.912,179.375,169.805,171.271,178.928,179.383,169.829,171.785,187.272,182.371,189.333,386.392,0.0726,0.0313,0.1533,0.9500,0.00,0.00,0.00,0.00
2349.00,180.000,180.000,170.000,175.000,178.913,179.375,169.806,171.296,178.929,179.383,169.830,171.810,187.271,182.368,189.331,386.414,0.0726,0.0313,0.1533,0.9500,0.00,0.00,0.00,0.00
2350.00,180.000,180.000,170.000,175.000,178.914,179.375,169.807,171.322,178.930,179.383,169.831,171.835,187.270,182.366,189.329,386.436,0.0726,0.0313,0.1533,0.9500,0.00,0.00,0.00,0.00
2351.00,180.000,180.000,170.000,175.000,178.915,179.376,169.808,171.347,178.931,179.383,169.832,171.860,187.269,182.364,189.327,386.458,0.0726,0.0313,0.1533,0.9500,0.00,0.00,0.00,0.00
2352.00,180.000,180.000,170.000,175.000,178.915,179.376,169.809,171.372,178.932,179.384,169.833,171.885,187.268,182.361,189.324,386.481,0.0726,0.0313,0.1533,0.9500,0.00,0.00,0.00,0.00
2353.00,180.000,180.000,170.000,175.000,178.916,179.376,169.811,171.398,178.933,179.384,169.834,171.910,187.266,182.359,189.322,386.503,0.0726,0.0313,0.1533,0.9500,0.00,0.00,0.00,0.00
2354.00,180.000,180.000,170.000,175.000,178.917,179.377,169.812,171.423,178.934,179.384,169.835,171.935,187.265,182.357,189.320,386.525,0.0726,0.0313,0.1533,0.9500,0.00,0.00,0.00,0.00
2355.00,180.000,180.000,170.000,175.000,178.918,179.377,169.813,171.448,178.935,179.385,169.836,171.960,187.264,182.354,189.318,386.547,0.0726,0.0313,0.1533,0.9500,0.00,0.00,0.00,0.00
2356.00,180.000,180.000,170.000,175.000,178.919,179.378,169.814,171.473,178.937,179.385,169.837,171.985,187.263,182.352,189.316,386.569,0.0726,0.0313,0.1533,0.9500,0.00,0.00,0.00,0.00
2357.00,180.000,180.000,170.000,175.000,178.920,179.378,169.815,171.499,178.938,179.385,169.838,172.010,187.262,182.350,189.314,386.591,0.0726,0.0313,0.1533,0.9500,0.00,0.00,0.00,0.00
2358.00,180.000,180.000,170.000,175.000,178.921,179.378,169.816,171.524,178.939,179.385,169.840,172.035,187.261,182.347,189.312,386.613,0.0726,0.0313,0.1533,0.9500,0.00,0.00,0.00,0.00
2359.00,180.000,180.000,170.000,175.000,178.921,179.379,169.818,171.549,178.940,179.385,169.841,172.060,187.260,182.345,189.310,386.635,0.0726,0.0313,0.1533,0.9500,0.00,0.00,0.00,0.00
2360.00,180.000,180.000,170.000,175.000,178.922,179.379,169.819,171.574,178.941,179.386,169.842,172.085,187.260,182.343,189.308,386.657,0.0726,0.0313,0.1533,0.9500,0.00,0.00,0.00,0.00
2361.00,180.000,180.000,170.000,175.000,178.923,179.379,169.820,171.600,178.943,179.386,169.843,172.110,187.259,182.341,189.306,386.679,0.0726,0.0313,0.1533,0.9500,0.00,0.00,0.00,0.00
2362.00,180.000,180.000,170.000,175.000,178.924,179.380,169.821,171.625,178.944,179.386,169.844,172.134,187.258,182.339,189.304,386.701,0.0726,0.0313,0.1533,0.9500,0.00,0.00,0.00,0.00
2363.00,180.000,180.000,170.000,175.000,178.925,179.380,169.822,171.650,178.945,179.386,169.845,172.159,187.257,182.336,189.302,386.723,0.0726,0.0313,0.1533,0.9500,0.00,0.00,0.00,0.00
2364.00,180.000,180.000,170.000,175.000,178.926,179.380,169.823,171.675,178.946,179.387,169.846,172.184,187.256,182.334,189.300,386.745,0.0726,0.0314,0.1533,0.9500,0.00,0.00,0.00,0.00
2365.00,180.000,180.000,170.000,175.000,178.927,179.381,169.824,171.700,178.948,179.387,169.847,172.209,187.256,182.332,189.298,386.767,0.0726,0.0314,0.1533,0.9500,0.00,0.00,0.00,0.00
2366.00,180.000,180.000,170.000,175.000,178.928,179.381,169.825,171.725,178.949,179.387,169.848,172.234,187.255,182.330,189.296,386.789,0.0726,0.0314,0.1534,0.9500,0.00,0.00,0.00,0.00
2367.00,180.000,180.000,170.000,175.000,178.929,179.381,169.827,171.750,178.950,179.387,169.849,172.259,187.255,182.328,189.294,386.811,0.0726,0.0314,0.1534,0.9500,0.00,0.00,0.00,0.00
2368.00,180.000,180.000,170.000,175.000,178.930,179.381,169.828,171.776,178.951,179.387,169.850,172.283,187.254,182.326,189.292,386.833,0.0726,0.0314,0.1534,0.9500,0.00,0.00,0.00,0.00
2369.00,180.000,180.000,170.000,175.000,178.931,179.382,169.829,171.801,178.953,179.388,169.851,172.308,187.253,182.324,189.291,386.855,0.0726,0.0314,0.1534,0.9500,0.00,0.00,0.00,0.00
2370.00,180.000,180.000,170.000,175.000,178.932,179.382,169.830,171.826,178.954,179.388,169.853,172.333,187.253,182.322,189.289,386.877,0.0726,0.0314,0.1534,0.9500,0.00,0.00,0.00,0.00
2371.00,180.000,180.000,170.000,175.000,178.933,179.382,169.831,171.851,178.956,179.388,169.854,172.358,187.252,182.320,189.287,386.898,0.0726,0.0314,0.1534,0.9500,0.00,0.00,0.00,0.00
2372.00,180.000,180.000,170.000,175.000,178.935,179.383,169.832,171.876,178.957,179.388,169.855,172.382,187.252,182.318,189.285,386.920,0.0726,0.0314,0.1534,0.9500,0.00,0.00,0.00,0.00
2373.00,180.000,180.000,170.000,175.000,178.936,179.383,169.833,171.901,178.958,179.388,169.856,172.407,187.252,182.316,189.284,386.942,0.0726,0.0314,0.1534,0.9500,0.00,0.00,0.00,0.00
2374.00,180.000,180.000,170.000,175.000,178.937,179.383,169.834,171.926,178.960,179.388,169.857,172.432,187.251,182.313,189.282,386.964,0.0726,0.0314,0.1534,0.9500,0.00,0.00,0.00,0.00
2375.00,180.000,180.000,170.000,175.000,178.938,179.383,169.835,171.951,178.961,179.389,169.858,172.456,187.251,182.311,189.280,386.986,0.0726,0.0314,0.1534,0.9500,0.00,0.00,0.00,0.00
2376.00,180.000,180.000,170.000,175.000,178.939,179.384,169.837,171.976,178.963,179.389,169.859,172.481,187.251,182.310,189.279,387.008,0.0726,0.0314,0.1534,0.9500,0.00,0.00,0.00,0.00
2377.00,180.000,180.000,170.000,175.000,178.940,179.384,169.838,172.001,178.964,179.389,169.860,172.506,187.250,182.308,189.277,387.029,0.0726,0.0314,0.1534,0.9500,0.00,0.00,0.00,0.00
2378.00,180.000,180.000,170.000,175.000,178.941,179.384,169.839,172.026,178.966,179.389,169.861,172.530,187.250,182.306,189.275,387.051,0.0726,0.0314,0.1534,0.9500,0.00,0.00,0.00,0.00
2379.00,180.000,180.000,170.000,175.000,178.943,179.384,169.840,172.050,178.967,179.389,169.862,172.555,187.250,182.304,189.274,387.073,0.0726,0.0314,0.1534,0.9500,0.00,0.00,0.00,0.00
2380.00,180.000,180.000,170.000,175.000,178.944,179.385,169.841,172.075,178.969,179.389,169.863,172.579,187.250,182.302,189.272,387.095,0.0726,0.0314,0.1534,0.9500,0.00,0.00,0.00,0.00
2381.00,180.000,180.000,170.000,175.000,178.945,179.385,169.842,172.100,178.970,179.390,169.864,172.604,187.250,182.300,189.271,387.116,0.0726,0.0314,0.1534,0.9500,0.00,0.00,0.00,0.00
2382.00,180.000,180.000,170.000,175.000,178.946,179.385,169.843,172.125,178.972,179.390,169.865,172.629,187.250,182.298,189.269,387.138,0.0726,0.0314,0.1534,0.9500,0.00,0.00,0.00,0.00
2383.00,180.000,180.000,170.000,175.000,178.948,179.385,169.844,172.150,178.973,179.390,169.866,172.653,187.249,182.296,189.268,387.160,0.0726,0.0314,0.1534,0.9500,0.00,0.00,0.00,0.00
2384.00,180.000,180.000,170.000,175.000,178.949,179.386,169.845,172.175,178.975,179.390,169.867,172.678,187.249,182.294,189.266,387.181,0.0726,0.0314,0.1534,0.9500,0.00,0.00,0.00,0.00
2385.00,180.000,180.000,170.000,175.000,178.950,179.386,169.846,172.200,178.976,179.390,169.868,172.702,187.249,182.292,189.265,387.203,0.0660,0.0314,0.1534,0.9500,0.00,0.00,0.00,0.00
2386.00,180.000,180.000,170.000,175.000,178.951,179.386,169.848,172.224,178.978,179.390,169.870,172.727,187.240,182.290,189.264,387.225,0.0660,0.0314,0.1534,0.9500,0.00,0.00,0.00,0.00
2387.00,180.000,180.000,170.000,175.000,178.953,179.386,169.849,172.249,178.979,179.390,169.871,172.751,187.230,182.289,189.262,387.246,0.0660,0.0314,0.1534,0.9500,0.00,0.00,0.00,0.00
2388.00,180.000,180.000,170.000,175.000,178.954,179.386,169.850,172.274,178.981,179.390,169.872,172.776,187.220,182.287,189.261,387.268,0.0660,0.0314,0.1534,0.9500,0.00,0.00,0.00,0.00
2389.00,180.000,180.000,170.000,175.000,178.955,179.387,169.851,172.299,178.983,179.391,169.873,172.800,187.210,182.285,189.258,387.290,0.0660,0.0314,0.1514,0.9500,0.00,0.00,0.00,0.00
2390.00,180.000,180.000,170.000,175.000,178.957,179.387,169.852,172.324,178.984,179.391,169.874,172.825,187.201,182.283,189.254,387.311,0.0660,0.0314,0.1514,0.9500,0.00,0.00,0.00,0.00
2391.00,180.000,180.000,170.000,175.000,178.958,179.387,169.853,172.348,178.986,179.391,169.875,172.849,187.192,182.281,189.250,387.333,0.0660,0.0314,0.1514,0.9500,0.00,0.00,0.00,0.00
2392.00,180.000,180.000,170.000,175.000,178.959,179.387,169.854,172.373,178.987,179.391,169.876,172.873,187.182,182.280,189.247,387.354,0.0660,0.0314,0.1514,0.9500,0.00,0.00,0.00,0.00
2393.00,180.000,180.000,170.000,175.000,178.961,179.387,169.855,172.398,178.989,179.391,169.877,172.898,187.173,182.278,189.243,387.376,0.0660,0.0314,0.1514,0.9500,0.00,0.00,0.00,0.00
2394.00,180.000,180.000,170.000,175.000,178.962,179.388,169.856,172.422,178.990,179.391,169.878,172.922,187.164,182.276,189.239,387.397,0.0660,0.0314,0.1514,0.9500,0.00,0.00,0.00,0.00
2395.00,180.000,180.000,170.000,175.000,178.964,179.388,169.857,172.447,178.992,179.391,169.879,172.947,187.155,182.274,189.236,387.419,0.0660,0.0314,0.1514,0.9500,0.00,0.00,0.00,0.00
2396.00,180.000,180.000,170.000,175.000,178.965,179.388,169.858,172.472,178.993,179.391,169.880,172.971,187.146,182.273,189.232,387.440,0.0660,0.0314,0.1514,0.9500,0.00,0.00,0.00,0.00
2397.00,180.000,180.000,170.000,175.000,178.966,179.388,169.859,172.496,178.995,179.391,169.881,172.995,187.137,182.271,189.229,387.462,0.0660,0.0314,0.1514,0.9500,0.00,0.00,0.00,0.00
2398.00,180.000,180.000,170.000,175.000,178.968,179.388,169.860,172.521,178.996,179.392,169.882,173.020,187.129,182.269,189.225,387.483,0.0660,0.0314,0.1514,0.9500,0.00,0.00,0.00,0.00
2399.00,180.000,180.000,170.000,175.000,178.969,179.388,169.861,172.546,178.998,179.392,169.883,173.044,187.120,182.267,189.222,387.505,0.0660,0.0314,0.1514,0.9500,0.00,0.00,0.00,0.00
2400.00,180.000,180.000,170.000,175.000,178.971,179.389,169.863,172.570,179.000,179.392,169.884,173.068,187.112,182.266,189.218,387.526,0.0660,0.0314,0.1514,0.9500,0.00,0.00,0.00,0.00
2401.00,180.000,180.000,170.000,175.000,178.972,179.389,169.864,172.595,179.001,179.392,169.885,173.092,187.103,182.264,189.215,387.548,0.0660,0.0314,0.1514,0.9500,0.00,0.00,0.00,0.00
2402.00,180.000,180.000,170.000,175.000,178.973,179.389,169.865,172.619,179.003,179.392,169.886,173.117,187.095,182.262,189.211,387.569,0.0660,0.0314,0.1515,0.9500,0.00,0.00,0.00,0.00
2403.00,180.000,180.000,170.000,175.000,178.975,179.389,169.866,172.644,179.004,179.392,169.887,173.141,187.087,182.261,189.208,387.591,0.0660,0.0314,0.1515,0.9500,0.00,0.00,0.00,0.00
2404.00,180.000,180.000,170.000,175.000,178.976,179.389,169.867,172.668,179.006,179.392,169.888,173.165,187.078,182.259,189.205,387.612,0.0660,0.0314,0.1515,0.9500,0.00,0.00,0.00,0.00
2405.00,180.000,180.000,170.000,175.000,178.978,179.389,169.868,172.693,179.007,179.392,169.889,173.189,187.070,182.257,189.201,387.633,0.0660,0.0314,0.1515,0.9500,0.00,0.00,0.00,0.00
2406.00,180.000,180.000,170.000,175.000,178.979,179.389,169.869,172.718,179.009,179.392,169.890,173.214,187.062,182.256,189.198,387.655,0.0660,0.0314,0.1515,0.9500,0.00,0.00,0.00,0.00
2407.00,180.000,180.000,170.000,175.000,178.981,179.390,169.870,172.742,179.010,179.392,169.891,173.238,187.055,182.254,189.195,387.676,0.0660,0.0314,0.1515,0.9500,0.00,0.00,0.00,0.00
2408.00,180.000,180.000,170.000,175.000,178.982,179.390,169.871,172.767,179.012,179.392,169.892,173.262,187.047,182.253,189.192,387.697,0.0660,0.0314,0.1515,0.9500,0.00,0.00,0.00,0.00
2409.00,180.000,180.000,170.000,175.000,178.984,179.390,169.872,172.791,179.013,179.392,169.893,173.286,187.039,182.251,189.188,387.719,0.0660,0.0314,0.1515,0.9500,0.00,0.00,0.00,0.00
2410.00,180.000,180.000,170.000,175.000,178.985,179.390,169.873,172.815,179.015,179.392,169.894,173.310,187.031,182.249,189.185,387.740,0.0660,0.0314,0.1515,0.9500,0.00,0.00,0.00,0.00
2411.00,180.000,180.000,170.000,175.000,178.987,179.390,169.874,172.840,179.017,179.392,169.895,173.335,187.024,182.248,189.182,387.761,0.0660,0.0314,0.1515,0.9500,0.00,0.00,0.00,0.00
2412.00,180.000,180.000,170.000,175.000,178.988,179.390,169.875,172.864,179.018,179.392,169.896,173.359,187.016,182.246,189.179,387.705,0.0660,0.0314,0.1515,0.9125,0.00,0.00,0.00,0.00
2413.00,180.000,180.000,170.000,175.000,178.990,179.390,169.876,172.889,179.020,179.393,169.897,173.383,187.009,182.245,189.176,387.658,0.0660,0.0314,0.1515,0.9167,0.00,0.00,0.00,0.00
2414.00,180.000,180.000,170.000,175.000,178.991,179.390,169.877,172.913,179.021,179.393,169.897,173.407,187.002,182.243,189.173,387.620,0.0660,0.0314,0.1515,0.9209,0.00,0.00,0.00,0.00
2415.00,180.000,180.000,170.000,175.000,178.993,179.391,169.878,172.937,179.023,179.393,169.898,173.430,186.995,182.242,189.170,387.591,0.0660,0.0314,0.1515,0.9251,0.00,0.00,0.00,0.00
2416.00,180.000,180.000,170.000,175.000,178.994,179.391,169.879,172.962,179.024,179.393,169.899,173.454,186.988,182.240,189.167,387.524,0.0660,0.0314,0.1515,0.8859,0.00,0.00,0.00,0.00
2417.00,180.000,180.000,170.000,175.000,178.996,179.391,169.880,172.986,179.026,179.393,169.900,173.478,186.981,182.239,189.164,387.421,0.0660,0.0314,0.1515,0.8899,0.00,0.00,0.00,0.00
2418.00,180.000,180.000,170.000,175.000,178.997,179.391,169.881,173.010,179.027,179.393,169.901,173.501,186.974,182.237,189.161,387.327,0.0660,0.0314,0.1515,0.8939,0.00,0.00,0.00,0.00
2419.00,180.000,180.000,170.000,175.000,178.999,179.391,169.882,173.035,179.029,179.393,169.902,173.524,186.967,182.236,189.158,387.242,0.0660,0.0315,0.1515,0.8979,0.00,0.00,0.00,0.00
2420.00,180.000,180.000,170.000,175.000,179.000,179.391,169.883,173.059,179.030,179.393,169.903,173.548,186.960,182.234,189.156,387.123,0.0660,0.0315,0.1515,0.8584,0.00,0.00,0.00,0.00
2421.00,180.000,180.000,170.000,175.000,179.002,179.391,169.884,173.083,179.032,179.393,169.904,173.571,186.953,182.233,189.153,386.967,0.0660,0.0315,0.1515,0.8622,0.00,0.00,0.00,0.00
2422.00,180.000,180.000,170.000,175.000,179.003,179.391,169.885,173.107,179.033,179.393,169.905,173.593,186.947,182.231,189.150,386.820,0.0660,0.0315,0.1515,0.8660,0.00,0.00,0.00,0.00
2423.00,180.000,180.000,170.000,175.000,179.005,179.391,169.886,173.131,179.035,179.393,169.906,173.616,186.940,182.230,189.147,386.682,0.0660,0.0315,0.1515,0.8698,0.00,0.00,0.00,0.00
2424.00,180.000,180.000,170.000,175.000,179.006,179.391,169.887,173.155,179.037,179.393,169.907,173.638,186.934,182.228,189.145,386.507,0.0660,0.0315,0.1515,0.8303,0.00,0.00,0.00,0.00
2425.00,180.000,180.000,170.000,175.000,179.008,179.391,169.888,173.179,179.038,179.393,169.908,173.661,186.927,182.227,189.142,386.297,0.0660,0.0315,0.1515,0.8339,0.00,0.00,0.00,0.00
2426.00,180.000,180.000,170.000,175.000,179.009,179.391,169.889,173.203,179.040,179.393,169.908,173.682,186.921,182.226,189.139,386.098,0.0660,0.0315,0.1515,0.8375,0.00,0.00,0.00,0.00
2427.00,180.000,180.000,170.000,175.000,179.011,179.392,169.890,173.226,179.041,179.393,169.909,173.704,186.915,182.224,189.137,385.909,0.0660,0.0315,0.1515,0.8411,0.00,0.00,0.00,0.00
2428.00,180.000,180.000,170.000,175.000,179.012,179.392,169.891,173.250,179.043,179.393,169.910,173.726,186.909,182.223,189.134,385.730,0.0660,0.0315,0.1515,0.8447,0.00,0.00,0.00,0.00
2429.00,180.000,180.000,170.000,175.000,179.014,179.392,169.892,173.273,179.044,179.393,169.911,173.747,186.903,182.221,189.131,385.469,0.0660,0.0315,0.1515,0.8048,0.00,0.00,0.00,0.00
2430.00,180.000,180.000,170.000,175.000,179.015,179.392,169.893,173.297,179.046,179.393,169.912,173.768,186.897,182.220,189.129,385.217,0.0660,0.0315,0.1515,0.8082,0.00,0.00,0.00,0.00
2431.00,180.000,180.000,170.000,175.000,179.017,179.392,169.894,173.320,179.048,179.393,169.913,173.788,186.891,182.219,189.126,384.973,0.0660,0.0315,0.1515,0.8116,0.00,0.00,0.00,0.00
2432.00,180.000,180.000,170.000,175.000,179.018,179.392,169.895,173.343,179.049,179.393,169.914,173.809,186.885,182.217,189.124,384.741,0.0660,0.0315,0.1515,0.8150,0.00,0.00,0.00,0.00
2433.00,180.000,180.000,170.000,175.000,179.020,179.392,169.896,173.366,179.051,179.393,169.915,173.829,186.879,182.216,189.121,384.426,0.0660,0.0315,0.1515,0.7750,0.00,0.00,0.00,0.00
2434.00,180.000,180.000,170.000,175.000,179.021,179.392,169.897,173.389,179.052,179.393,169.916,173.849,186.873,182.215,189.119,384.122,0.0660,0.0315,0.1515,0.7782,0.00,0.00,0.00,0.00
2435.00,180.000,180.000,170.000,175.000,179.023,179.392,169.897,173.411,179.054,179.393,169.916,173.868,186.868,182.213,189.117,383.826,0.0660,0.0315,0.1515,0.7814,0.00,0.00,0.00,0.00
2436.00,180.000,180.000,170.000,175.000,179.024,179.392,169.898,173.434,179.055,179.393,169.917,173.888,186.862,182.212,189.114,383.541,0.0660,0.0315,0.1515,0.7846,0.00,0.00,0.00,0.00
2437.00,180.000,180.000,170.000,175.000,179.026,179.392,169.899,173.456,179.057,179.393,169.918,173.907,186.857,182.211,189.112,383.218,0.0660,0.0315,0.1515,0.7444,0.00,0.00,0.00,0.00
2438.00,180.000,180.000,170.000,175.000,179.027,179.392,169.900,173.479,179.059,179.393,169.919,173.925,186.851,182.209,189.110,382.860,0.0660,0.0315,0.1515,0.7474,0.00,0.00,0.00,0.00
2439.00,180.000,180.000,170.000,175.000,179.029,179.392,169.901,173.501,179.060,179.393,169.920,173.943,186.846,182.208,189.107,382.511,0.0660,0.0315,0.1515,0.7504,0.00,0.00,0.00,0.00
2440.00,180.000,180.000,170.000,175.000,179.030,179.392,169.902,173.522,179.062,179.393,169.921,173.961,186.841,182.207,189.105,382.172,0.0660,0.0315,0.1515,0.7534,0.00,0.00,0.00,0.00
2441.00,180.000,180.000,170.000,175.000,179.032,179.392,169.903,173.544,179.063,179.393,169.922,173.979,186.836,182.205,189.103,381.843,0.0660,0.0315,0.1515,0.7564,0.00,0.00,0.00,0.00
2442.00,180.000,180.000,170.000,175.000,179.034,179.392,169.904,173.565,179.065,179.393,169.923,173.996,186.830,182.204,189.100,381.433,0.0660,0.0315,0.1515,0.7159,0.00,0.00,0.00,0.00
2443.00,180.000,180.000,170.000,175.000,179.035,179.392,169.905,173.587,179.067,179.393,169.923,174.013,186.825,182.203,189.098,381.033,0.0660,0.0315,0.1515,0.7187,0.00,0.00,0.00,0.00
2444.00,180.000,180.000,170.000,175.000,179.037,179.392,169.906,173.608,179.068,179.393,169.924,174.030,186.820,182.202,189.096,380.641,0.0660,0.0315,0.1515,0.7215,0.00,0.00,0.00,0.00
2445.00,180.000,180.000,170.000,175.000,179.038,179.392,169.907,173.628,179.070,179.393,169.925,174.046,186.815,182.200,189.094,380.259,0.0660,0.0315,0.1515,0.7243,0.00,0.00,0.00,0.00
2446.00,180.000,180.000,170.000,175.000,179.040,179.392,169.908,173.649,179.071,179.393,169.926,174.062,186.811,182.199,189.092,379.886,0.0660,0.0315,0.1515,0.7271,0.00,0.00,0.00,0.00
2447.00,180.000,180.000,170.000,175.000,179.041,179.392,169.909,173.669,179.073,179.393,169.927,174.078,186.806,182.198,189.090,379.432,0.0660,0.0315,0.1515,0.6864,0.00,0.00,0.00,0.00
2448.00,180.000,180.000,170.000,175.000,179.043,179.393,169.909,173.689,179.075,179.393,169.928,174.093,186.801,182.197,189.088,378.988,0.0660,0.0315,0.1515,0.6890,0.00,0.00,0.00,0.00
2449.00,180.000,180.000,170.000,175.000,179.044,179.393,169.910,173.709,179.076,179.393,169.929,174.108,186.796,182.195,189.085,378.552,0.0660,0.0315,0.1515,0.6916,0.00,0.00,0.00,0.00
2450.00,180.000,180.000,170.000,175.000,179.046,179.393,169.911,173.729,179.078,179.393,169.929,174.123,186.792,182.194,189.083,378.127,0.0660,0.0315,0.1515,0.6942,0.00,0.00,0.00,0.00
2451.00,180.000,180.000,170.000,175.000,179.048,179.393,169.912,173.748,179.080,179.393,169.930,174.137,186.787,182.193,189.081,377.712,0.0660,0.0315,0.1515,0.6968,0.00,0.00,0.00,0.00
2452.00,180.000,180.000,170.000,175.000,179.049,179.393,169.913,173.767,179.081,179.393,169.931,174.151,186.783,182.192,189.079,377.215,0.0660,0.0315,0.1515,0.6559,0.00,0.00,0.00,0.00
2453.00,180.000,180.000,170.000,175.000,179.051,179.393,169.914,173.786,179.083,179.393,169.932,174.164,186.775,182.190,189.077,376.726,0.0594,0.0315,0.1515,0.6583,0.00,0.00,0.00,0.00
2454.00,180.000,180.000,170.000,175.000,179.052,179.393,169.915,173.805,179.085,179.393,169.933,174.177,186.763,182.189,189.075,376.249,0.0594,0.0315,0.1515,0.6607,0.00,0.00,0.00,0.00
2455.00,180.000,180.000,170.000,175.000,179.054,179.393,169.916,173.823,179.086,179.393,169.934,174.190,186.751,182.188,189.074,375.780,0.0594,0.0315,0.1515,0.6631,0.00,0.00,0.00,0.00
2456.00,180.000,180.000,170.000,175.000,179.056,179.393,169.917,173.841,179.088,179.393,169.934,174.203,186.740,182.187,189.072,375.320,0.0594,0.0315,0.1515,0.6655,0.00,0.00,0.00,0.00
2457.00,180.000,180.000,170.000,175.000,179.057,179.393,169.917,173.859,179.089,179.393,169.935,174.215,186.728,182.186,189.070,374.780,0.0594,0.0315,0.1515,0.6245,0.00,0.00,0.00,0.00
2458.00,180.000,180.000,170.000,175.000,179.059,179.393,169.918,173.877,179.091,179.393,169.936,174.226,186.717,182.185,189.068,374.249,0.0594,0.0315,0.1515,0.6267,0.00,0.00,0.00,0.00
2459.00,180.000,180.000,170.000,175.000,179.060,179.393,169.919,173.894,179.093,179.393,169.937,174.238,186.706,182.183,189.066,373.728,0.0594,0.0315,0.1515,0.6289,0.00,0.00,0.00,0.00
2460.00,180.000,180.000,170.000,175.000,179.062,179.393,169.920,173.911,179.094,179.393,169.938,174.248,186.695,182.182,189.064,373.215,0.0594,0.0315,0.1515,0.6311,0.00,0.00,0.00,0.00
2461.00,180.000,180.000,170.000,175.000,179.064,179.393,169.921,173.927,179.096,179.393,169.939,174.259,186.684,182.181,189.062,372.711,0.0594,0.0315,0.1516,0.6333,0.00,0.00,0.00,0.00
2462.00,180.000,180.000,170.000,175.000,179.065,179.393,169.922,173.944,179.097,179.393,169.939,174.269,186.673,182.180,189.061,372.216,0.0594,0.0315,0.1516,0.6355,0.00,0.00,0.00,0.00
2463.00,180.000,180.000,170.000,175.000,179.067,179.393,169.923,173.960,179.099,179.393,169.940,174.279,186.662,182.179,189.059,371.640,0.0594,0.0315,0.1516,0.5942,0.00,0.00,0.00,0.00
2464.00,180.000,180.000,170.000,175.000,179.068,179.393,169.924,173.975,179.100,179.392,169.941,174.289,186.652,182.178,189.057,371.073,0.0594,0.0315,0.1516,0.5962,0.00,0.00,0.00,0.00
2465.00,180.000,180.000,170.000,175.000,179.070,179.393,169.924,173.991,179.102,179.392,169.942,174.298,186.641,182.177,189.055,370.516,0.0594,0.0315,0.1516,0.5982,0.00,0.00,0.00,0.00
2466.00,180.000,180.000,170.000,175.000,179.071,179.393,169.925,174.006,179.104,179.392,169.943,174.307,186.631,182.176,189.054,369.968,0.0594,0.0315,0.1516,0.6002,0.00,0.00,0.00,0.00
2467.00,180.000,180.000,170.000,175.000,179.073,179.393,169.926,174.021,179.105,179.392,169.944,174.315,186.620,182.174,189.052,369.429,0.0594,0.0315,0.1516,0.6022,0.00,0.00,0.00,0.00
2468.00,180.000,180.000,170.000,175.000,179.075,179.393,169.927,174.035,179.107,179.392,169.944,174.323,186.610,182.173,189.050,368.899,0.0594,0.0315,0.1516,0.6042,0.00,0.00,0.00,0.00
2469.00,180.000,180.000,170.000,175.000,179.076,179.393,169.928,174.049,179.108,179.392,169.945,174.331,186.600,182.172,189.049,368.378,0.0594,0.0315,0.1516,0.6062,0.00,0.00,0.00,0.00
2470.00,180.000,180.000,170.000,175.000,179.078,179.393,169.929,174.063,179.110,179.392,169.946,174.338,186.590,182.171,189.047,367.776,0.0594,0.0315,0.1516,0.5647,0.00,0.00,0.00,0.00
2471.00,180.000,180.000,170.000,175.000,179.079,179.393,169.930,174.077,179.111,179.392,169.947,174.346,186.580,182.170,189.045,367.184,0.0594,0.0315,0.1516,0.5665,0.00,0.00,0.00,0.00
2472.00,180.000,180.000,170.000,175.000,179.081,179.393,169.930,174.090,179.113,179.392,169.948,174.352,186.570,182.169,189.044,366.599,0.0594,0.0315,0.1516,0.5683,0.00,0.00,0.00,0.00
2473.00,180.000,180.000,170.000,175.000,179.083,179.393,169.931,174.103,179.114,179.392,169.948,174.359,186.560,182.168,189.042,366.024,0.0594,0.0315,0.1516,0.5701,0.00,0.00,0.00,0.00
2474.00,180.000,180.000,170.000,175.000,179.084,179.392,169.932,174.115,179.116,179.392,169.949,174.365,186.551,182.167,189.041,365.458,0.0594,0.0315,0.1516,0.5719,0.00,0.00,0.00,0.00
2475.00,180.000,180.000,170.000,175.000,179.086,179.392,169.933,174.127,179.117,179.392,169.950,174.370,186.541,182.166,189.039,364.902,0.0594,0.0316,0.1516,0.5737,0.00,0.00,0.00,0.00
2476.00,180.000,180.000,170.000,175.000,179.087,179.392,169.934,174.139,179.119,179.392,169.951,174.376,186.532,182.165,189.038,364.354,0.0594,0.0316,0.1516,0.5755,0.00,0.00,0.00,0.00
2477.00,180.000,180.000,170.000,175.000,179.089,179.392,169.935,174.151,179.120,179.392,169.952,174.381,186.523,182.164,189.036,363.770,0.0594,0.0316,0.1516,0.5340,0.00,0.00,0.00,0.00
2478.00,180.000,180.000,170.000,175.000,179.090,179.392,169.935,174.162,179.122,179.392,169.952,174.386,186.513,182.163,189.035,363.149,0.0594,0.0316,0.1516,0.5356,0.00,0.00,0.00,0.00
2479.00,180.000,180.000,170.000,175.000,179.092,179.392,169.936,174.173,179.123,179.392,169.953,174.390,186.504,182.162,189.033,362.536,0.0594,0.0316,0.1516,0.5372,0.00,0.00,0.00,0.00
2480.00,180.000,180.000,170.000,175.000,179.093,179.392,169.937,174.184,179.125,179.392,169.954,174.395,186.495,182.161,189.032,361.932,0.0594,0.0316,0.1516,0.5388,0.00,0.00,0.00,0.00
2481.00,180.000,180.000,170.000,175.000,179.095,179.392,169.938,174.194,179.126,179.392,169.955,174.398,186.486,182.160,189.030,361.337,0.0594,0.0316,0.1516,0.5404,0.00,0.00,0.00,0.00
2482.00,180.000,180.000,170.000,175.000,179.096,179.392,169.939,174.204,179.128,179.392,169.956,174.402,186.477,182.159,189.029,360.750,0.0594,0.0316,0.1516,0.5420,0.00,0.00,0.00,0.00
2483.00,180.000,180.000,170.000,175.000,179.098,179.392,169.940,174.214,179.129,179.392,169.957,174.405,186.469,182.158,189.028,360.173,0.0594,0.0316,0.1516,0.5436,0.00,0.00,0.00,0.00
2484.00,180.000,180.000,170.000,175.000,179.100,179.392,169.940,174.223,179.131,179.391,169.957,174.408,186.460,182.157,189.026,359.604,0.0594,0.0316,0.1516,0.5452,0.00,0.00,0.00,0.00
2485.00,180.000,180.000,170.000,175.000,179.101,179.392,169.941,174.232,179.132,179.391,169.958,174.411,186.452,182.156,189.025,359.043,0.0594,0.0316,0.1516,0.5468,0.00,0.00,0.00,0.00
2486.00,180.000,180.000,170.000,175.000,179.103,179.392,169.942,174.241,179.133,179.391,169.959,174.413,186.443,182.155,189.024,358.490,0.0594,0.0316,0.1516,0.5484,0.00,0.00,0.00,0.00
2487.00,180.000,180.000,170.000,175.000,179.104,179.392,169.943,174.249,179.135,179.391,169.960,174.416,186.435,182.154,189.022,357.946,0.0594,0.0316,0.1516,0.5500,0.00,0.00,0.00,0.00
2488.00,180.000,180.000,170.000,175.000,179.106,179.392,169.944,174.258,179.136,179.391,169.961,174.418,186.426,182.153,189.021,357.319,0.0594,0.0316,0.1516,0.5080,0.00,0.00,0.00,0.00
2489.00,180.000,180.000,170.000,175.000,179.107,179.392,169.945,174.265,179.138,179.391,169.961,174.419,186.418,182.152,189.020,356.701,0.0594,0.0316,0.1516,0.5094,0.00,0.00,0.00,0.00
2490.00,180.000,180.000,170.000,175.000,179.109,179.392,169.945,174.273,179.139,179.391,169.962,174.421,186.410,182.151,189.019,356.092,0.0594,0.0316,0.1516,0.5108,0.00,0.00,0.00,0.00
2491.00,180.000,180.000,170.000,175.000,179.110,179.392,169.946,174.280,179.141,179.391,169.963,174.422,186.402,182.150,189.017,355.490,0.0594,0.0316,0.1516,0.5122,0.00,0.00,0.00,0.00
2492.00,180.000,180.000,170.000,175.000,179.112,179.392,169.947,174.287,179.142,179.391,169.964,174.423,186.394,182.149,189.016,354.897,0.0594,0.0316,0.1516,0.5136,0.00,0.00,0.00,0.00
2493.00,180.000,180.000,170.000,175.000,179.113,179.392,169.948,174.294,179.144,179.391,169.965,174.423,186.386,182.148,189.015,354.314,0.0594,0.0316,0.1516,0.5150,0.00,0.00,0.00,0.00
2494.00,180.000,180.000,170.000,175.000,179.115,179.392,169.949,174.300,179.145,179.391,169.965,174.424,186.378,182.147,189.014,353.738,0.0594,0.0316,0.1516,0.5164,0.00,0.00,0.00,0.00
2495.00,180.000,180.000,170.000,175.000,179.116,179.392,169.950,174.306,179.146,179.391,169.966,174.424,186.371,182.146,189.013,353.169,0.0594,0.0316,0.1516,0.5178,0.00,0.00,0.00,0.00
2496.00,180.000,180.000,170.000,175.000,179.118,179.392,169.950,174.312,179.148,179.391,169.967,174.424,186.363,182.145,189.010,352.610,0.0594,0.0316,0.1496,0.5192,0.00,0.00,0.00,0.00
2497.00,180.000,180.000,170.000,175.000,179.119,179.392,169.951,174.317,179.149,179.391,169.968,174.423,186.356,182.144,189.006,352.058,0.0594,0.0316,0.1496,0.5206,0.00,0.00,0.00,0.00
2498.00,180.000,180.000,170.000,175.000,179.121,179.392,169.952,174.322,179.151,179.391,169.969,174.423,186.348,182.143,189.003,351.512,0.0594,0.0316,0.1496,0.5220,0.00,0.00,0.00,0.00
2499.00,180.000,180.000,170.000,175.000,179.122,179.392,169.953,174.327,179.152,179.391,169.969,174.422,186.341,182.142,188.999,350.976,0.0594,0.0316,0.1496,0.5234,0.00,0.00,0.00,0.00
2500.00,180.000,180.000,170.000,175.000,179.124,179.392,169.954,174.332,179.154,179.390,169.970,174.422,186.334,182.142,188.996,350.447,0.0594,0.0316,0.1496,0.5248,0.00,0.00,0.00,0.00
2501.00,180.000,180.000,170.000,175.000,179.125,179.391,169.954,174.336,179.155,179.390,169.971,174.421,186.326,182.141,188.992,349.924,0.0594,0.0316,0.1496,0.5262,0.00,0.00,0.00,0.00
2502.00,180.000,180.000,170.000,175.000,179.127,179.391,169.955,174.340,179.156,179.390,169.972,174.419,186.319,182.140,188.989,349.410,0.0594,0.0316,0.1496,0.5276,0.00,0.00,0.00,0.00
2503.00,180.000,180.000,170.000,175.000,179.128,179.391,169.956,174.344,179.158,179.390,169.972,174.418,186.312,182.139,188.985,348.905,0.0594,0.0316,0.1496,0.5290,0.00,0.00,0.00,0.00
2504.00,180.000,180.000,170.000,175.000,179.130,179.391,169.957,174.348,179.159,179.390,169.973,174.417,186.305,182.138,188.982,348.406,0.0594,0.0316,0.1496,0.5304,0.00,0.00,0.00,0.00
2505.00,180.000,180.000,170.000,175.000,179.131,179.391,169.958,174.351,179.161,179.390,169.974,174.415,186.298,182.137,188.979,347.870,0.0594,0.0316,0.1496,0.4885,0.00,0.00,0.00,0.00
2506.00,180.000,180.000,170.000,175.000,179.132,179.391,169.958,174.354,179.162,179.390,169.975,174.414,186.292,182.136,188.975,347.295,0.0594,0.0316,0.1496,0.4897,0.00,0.00,0.00,0.00
2507.00,180.000,180.000,170.000,175.000,179.134,179.391,169.959,174.357,179.164,179.390,169.975,174.412,186.285,182.135,188.972,346.727,0.0594,0.0316,0.1496,0.4909,0.00,0.00,0.00,0.00
2508.00,180.000,180.000,170.000,175.000,179.135,179.391,169.960,174.360,179.165,179.390,169.976,174.410,186.278,182.134,188.969,346.166,0.0594,0.0316,0.1496,0.4921,0.00,0.00,0.00,0.00
2509.00,180.000,180.000,170.000,175.000,179.137,179.391,169.961,174.362,179.166,179.390,169.977,174.407,186.272,182.134,188.966,345.615,0.0594,0.0316,0.1496,0.4933,0.00,0.00,0.00,0.00
2510.00,180.000,180.000,170.000,175.000,179.138,179.391,169.962,174.364,179.168,179.390,169.978,174.405,186.265,182.133,188.962,345.070,0.0594,0.0316,0.1496,0.4945,0.00,0.00,0.00,0.00
2511.00,180.000,180.000,170.000,175.000,179.140,179.391,169.962,174.366,179.169,179.390,169.978,174.402,186.259,182.132,188.959,344.532,0.0594,0.0316,0.1496,0.4957,0.00,0.00,0.00,0.00
2512.00,180.000,180.000,170.000,175.000,179.141,179.391,169.963,174.368,179.171,179.390,169.979,174.400,186.252,182.131,188.956,344.001,0.0594,0.0316,0.1496,0.4969,0.00,0.00,0.00,0.00
2513.00,180.000,180.000,170.000,175.000,179.143,179.391,169.964,174.370,179.172,179.390,169.980,174.397,186.246,182.130,188.953,343.477,0.0594,0.0316,0.1496,0.4981,0.00,0.00,0.00,0.00
2514.00,180.000,180.000,170.000,175.000,179.144,179.391,169.965,174.371,179.174,179.389,169.981,174.393,186.240,182.129,188.950,342.961,0.0594,0.0316,0.1496,0.4993,0.00,0.00,0.00,0.00
2515.00,180.000,180.000,170.000,175.000,179.146,179.391,169.966,174.372,179.175,179.389,169.981,174.390,186.234,182.128,188.947,342.452,0.0594,0.0316,0.1496,0.5005,0.00,0.00,0.00,0.00
2516.00,180.000,180.000,170.000,175.000,179.147,179.391,169.966,174.373,179.176,179.389,169.982,174.387,186.228,182.128,188.944,341.950,0.0594,0.0316,0.1496,0.5017,0.00,0.00,0.00,0.00
2517.00,180.000,180.000,170.000,175.000,179.149,179.391,169.967,174.373,179.178,179.389,169.983,174.384,186.222,182.127,188.941,341.454,0.0594,0.0316,0.1496,0.5029,0.00,0.00,0.00,0.00
2518.00,180.000,180.000,170.000,175.000,179.150,179.390,169.968,174.374,179.179,179.389,169.983,174.380,186.216,182.126,188.938,340.965,0.0594,0.0316,0.1496,0.5041,0.00,0.00,0.00,0.00
2519.00,180.000,180.000,170.000,175.000,179.151,179.390,169.969,174.374,179.181,179.389,169.984,174.376,186.202,182.125,188.935,340.484,0.0528,0.0316,0.1496,0.5053,0.00,0.00,0.00,0.00
2520.00,180.000,180.000,170.000,175.000,179.153,179.390,169.969,174.374,179.182,179.389,169.985,174.373,186.189,182.124,188.932,340.009,0.0528,0.0316,0.1496,0.5065,0.00,0.00,0.00,0.00
2521.00,180.000,180.000,170.000,175.000,179.154,179.390,169.970,174.374,179.183,179.389,169.986,174.369,186.176,182.124,188.929,339.541,0.0528,0.0316,0.1496,0.5077,0.00,0.00,0.00,0.00
2522.00,180.000,180.000,170.000,175.000,179.156,179.390,169.971,174.374,179.185,179.389,169.986,174.365,186.163,182.123,188.926,339.079,0.0528,0.0316,0.1496,0.5089,0.00,0.00,0.00,0.00
2523.00,180.000,180.000,170.000,175.000,179.157,179.390,169.972,174.373,179.186,179.389,169.987,174.361,186.150,182.122,188.923,338.622,0.0528,0.0316,0.1496,0.5101,0.00,0.00,0.00,0.00
2524.00,180.000,180.000,170.000,175.000,179.159,179.390,169.972,174.373,179.188,179.389,169.988,174.357,186.137,182.121,188.921,338.175,0.0528,0.0316,0.1496,0.5113,0.00,0.00,0.00,0.00
2525.00,180.000,180.000,170.000,175.000,179.160,179.390,169.973,174.372,179.189,179.389,169.988,174.353,186.125,182.120,188.918,337.733,0.0528,0.0316,0.1496,0.5125,0.00,0.00,0.00,0.00
2526.00,180.000,180.000,170.000,175.000,179.161,179.390,169.974,174.371,179.190,179.389,169.989,174.349,186.112,182.120,188.915,337.297,0.0528,0.0316,0.1496,0.5137,0.00,0.00,0.00,0.00
2527.00,180.000,180.000,170.000,175.000,179.163,179.390,169.975,174.370,179.192,179.389,169.990,174.345,186.100,182.119,188.912,336.867,0.0528,0.0316,0.1496,0.5149,0.00,0.00,0.00,0.00
2528.00,180.000,180.000,170.000,175.000,179.164,179.390,169.975,174.368,179.193,179.388,169.990,174.340,186.088,182.118,188.910,336.443,0.0528,0.0316,0.1496,0.5161,0.00,0.00,0.00,0.00
2529.00,180.000,180.000,170.000,175.000,179.166,179.390,169.976,174.367,179.194,179.388,169.991,174.336,186.076,182.117,188.907,336.026,0.0528,0.0316,0.1496,0.5173,0.00,0.00,0.00,0.00
2530.00,180.000,180.000,170.000,175.000,179.167,179.390,169.977,174.365,179.196,179.388,169.992,174.332,186.064,182.116,188.904,335.616,0.0528,0.0317,0.1496,0.5185,0.00,0.00,0.00,0.00
2531.00,180.000,180.000,170.000,175.000,179.169,179.390,169.978,174.364,179.197,179.388,169.992,174.328,186.052,182.116,188.902,335.211,0.0528,0.0317,0.1496,0.5197,0.00,0.00,0.00,0.00
2532.00,180.000,180.000,170.000,175.000,179.170,179.390,169.978,174.362,179.198,179.388,169.993,174.323,186.040,182.115,188.899,334.812,0.0528,0.0317,0.1496,0.5209,0.00,0.00,0.00,0.00
2533.00,180.000,180.000,170.000,175.000,179.171,179.389,169.979,174.360,179.199,179.388,169.994,174.319,186.028,182.114,188.897,334.418,0.0528,0.0317,0.1496,0.5221,0.00,0.00,0.00,0.00
2534.00,180.000,180.000,170.000,175.000,179.173,179.389,169.980,174.358,179.201,179.388,169.994,174.315,186.017,182.113,188.894,334.032,0.0528,0.0317,0.1496,0.5233,0.00,0.00,0.00,0.00
2535.00,180.000,180.000,170.000,175.000,179.174,179.389,169.981,174.356,179.202,179.388,169.995,174.310,186.005,182.113,188.892,333.651,0.0528,0.0317,0.1496,0.5245,0.00,0.00,0.00,0.00
2536.00,180.000,180.000,170.000,175.000,179.175,179.389,169.981,174.354,179.203,179.388,169.996,174.306,185.994,182.112,188.889,333.276,0.0528,0.0317,0.1496,0.5257,0.00,0.00,0.00,0.00
2537.00,180.000,180.000,170.000,175.000,179.177,179.389,169.982,174.351,179.204,179.388,169.996,174.302,185.982,182.111,188.887,332.906,0.0528,0.0317,0.1496,0.5269,0.00,0.00,0.00,0.00
2538.00,180.000,180.000,170.000,175.000,179.178,179.389,169.983,174.349,179.205,179.388,169.997,174.297,185.971,182.110,188.884,332.633,0.0528,0.0317,0.1496,0.5715,0.00,0.00,0.00,0.00
2539.00,180.000,180.000,170.000,175.000,179.180,179.389,169.983,174.346,179.207,179.388,169.998,174.293,185.960,182.110,188.882,332.365,0.0528,0.0317,0.1496,0.5729,0.00,0.00,0.00,0.00
2540.00,180.000,180.000,170.000,175.000,179.181,179.389,169.984,174.343,179.208,179.387,169.998,174.289,185.949,182.109,188.879,332.104,0.0528,0.0317,0.1496,0.5743,0.00,0.00,0.00,0.00
2541.00,180.000,180.000,170.000,175.000,179.182,179.389,169.985,174.341,179.209,179.387,169.999,174.285,185.938,182.108,188.877,331.846,0.0528,0.0317,0.1496,0.5757,0.00,0.00,0.00,0.00
2542.00,180.000,180.000,170.000,175.000,179.184,179.389,169.985,174.338,179.210,179.387,170.000,174.281,185.928,182.107,188.875,331.595,0.0528,0.0317,0.1496,0.5771,0.00,0.00,0.00,0.00
2543.00,180.000,180.000,170.000,175.000,179.185,179.389,169.986,174.335,179.211,179.387,170.000,174.278,185.917,182.107,188.872,331.349,0.0528,0.0317,0.1496,0.5785,0.00,0.00,0.00,0.00
2544.00,180.000,180.000,170.000,175.000,179.186,179.389,169.987,174.332,179.213,179.387,170.001,174.274,185.906,182.106,188.870,331.106,0.0528,0.0317,0.1496,0.5799,0.00,0.00,0.00,0.00
2545.00,180.000,180.000,170.000,175.000,179.187,179.389,169.988,174.329,179.214,179.387,170.001,174.271,185.896,182.105,188.868,330.870,0.0528,0.0317,0.1496,0.5813,0.00,0.00,0.00,0.00
2546.00,180.000,180.000,170.000,175.000,179.189,179.389,169.988,174.327,179.215,179.387,170.002,174.267,185.885,182.105,188.866,330.638,0.0528,0.0317,0.1496,0.5827,0.00,0.00,0.00,0.00
2547.00,180.000,180.000,170.000,175.000,179.190,179.388,169.989,174.324,179.216,179.387,170.003,174.264,185.875,182.104,188.863,330.410,0.0528,0.0317,0.1496,0.5841,0.00,0.00,0.00,0.00
2548.00,180.000,180.000,170.000,175.000,179.191,179.388,169.990,174.321,179.217,179.387,170.003,174.261,185.865,182.103,188.861,330.188,0.0528,0.0317,0.1496,0.5855,0.00,0.00,0.00,0.00
2549.00,180.000,180.000,170.000,175.000,179.193,179.388,169.990,174.318,179.218,179.387,170.004,174.258,185.855,182.102,188.859,329.971,0.0528,0.0317,0.1496,0.5869,0.00,0.00,0.00,0.00
2550.00,180.000,180.000,170.000,175.000,179.194,179.388,169.991,174.315,179.219,179.387,170.005,174.255,185.845,182.102,188.857,329.759,0.0528,0.0317,0.1496,0.5883,0.00,0.00,0.00,0.00
2551.00,180.000,180.000,170.000,175.000,179.195,179.388,169.992,174.312,179.220,179.387,170.005,174.252,185.835,182.101,188.855,329.551,0.0528,0.0317,0.1496,0.5897,0.00,0.00,0.00,0.00
2552.00,180.000,180.000,170.000,175.000,179.196,179.388,169.992,174.309,179.222,179.387,170.006,174.250,185.825,182.100,188.853,329.350,0.0528,0.0317,0.1496,0.5911,0.00,0.00,0.00,0.00
2553.00,180.000,180.000,170.000,175.000,179.198,179.388,169.993,174.306,179.223,179.386,170.006,174.247,185.816,182.100,188.850,329.152,0.0528,0.0317,0.1496,0.5925,0.00,0.00,0.00,0.00
2554.00,180.000,180.000,170.000,175.000,179.199,179.388,169.994,174.303,179.224,179.386,170.007,174.245,185.806,182.099,188.848,328.957,0.0528,0.0317,0.1496,0.5939,0.00,0.00,0.00,0.00
2555.00,180.000,180.000,170.000,175.000,179.200,179.388,169.994,174.300,179.225,179.386,170.008,174.242,185.796,182.098,188.846,328.769,0.0528,0.0317,0.1496,0.5953,0.00,0.00,0.00,0.00
2556.00,180.000,180.000,170.000,175.000,179.201,179.388,169.995,174.297,179.226,179.386,170.008,174.240,185.787,182.098,188.844,328.585,0.0528,0.0317,0.1496,0.5967,0.00,0.00,0.00,0.00
2557.00,180.000,180.000,170.000,175.000,179.203,179.388,169.996,174.295,179.227,179.386,170.009,174.238,185.778,182.097,188.842,328.404,0.0528,0.0317,0.1496,0.5981,0.00,0.00,0.00,0.00
2558.00,180.000,180.000,170.000,175.000,179.204,179.388,169.996,174.292,179.228,179.386,170.010,174.236,185.768,182.096,188.840,328.229,0.0528,0.0317,0.1496,0.5995,0.00,0.00,0.00,0.00
2559.00,180.000,180.000,170.000,175.000,179.205,179.388,169.997,174.289,179.229,179.386,170.010,174.234,185.759,182.096,188.838,328.057,0.0528,0.0317,0.1496,0.6009,0.00,0.00,0.00,0.00
2560.00,180.000,180.000,170.000,175.000,179.206,179.387,169.998,174.286,179.230,179.386,170.011,174.233,185.750,182.095,188.836,327.891,0.0528,0.0317,0.1496,0.6023,0.00,0.00,0.00,0.00
2561.00,180.000,180.000,170.000,175.000,179.207,179.387,169.998,174.284,179.231,179.386,170.011,174.231,185.741,182.094,188.834,327.729,0.0528,0.0317,0.1496,0.6037,0.00,0.00,0.00,0.00
2562.00,180.000,180.000,170.000,175.000,179.208,179.387,169.999,174.281,179.232,179.386,170.012,174.229,185.732,182.094,188.833,327.572,0.0528,0.0317,0.1496,0.6051,0.00,0.00,0.00,0.00
2563.00,180.000,180.000,170.000,175.000,179.210,179.387,170.000,174.279,179.233,179.386,170.013,174.228,185.723,182.093,188.831,327.419,0.0528,0.0317,0.1496,0.6065,0.00,0.00,0.00,0.00
2564.00,180.000,180.000,170.000,175.000,179.211,179.387,170.000,174.276,179.234,179.386,170.013,174.227,185.714,182.092,188.829,327.269,0.0528,0.0317,0.1496,0.6079,0.00,0.00,0.00,0.00
2565.00,180.000,180.000,170.000,175.000,179.212,179.387,170.001,174.274,179.235,179.385,170.014,174.225,185.706,182.092,188.827,327.125,0.0528,0.0317,0.1496,0.6093,0.00,0.00,0.00,0.00
2566.00,180.000,180.000,170.000,175.000,179.213,179.387,170.001,174.271,179.236,179.385,170.014,174.224,185.697,182.091,188.825,326.984,0.0528,0.0317,0.1496,0.6107,0.00,0.00,0.00,0.00
2567.00,180.000,180.000,170.000,175.000,179.214,179.387,170.002,174.269,179.237,179.385,170.015,174.223,185.689,182.090,188.823,326.846,0.0528,0.0317,0.1496,0.6121,0.00,0.00,0.00,0.00
2568.00,180.000,180.000,170.000,175.000,179.215,179.387,170.003,174.267,179.238,179.385,170.016,174.222,185.680,182.090,188.821,326.714,0.0528,0.0317,0.1496,0.6135,0.00,0.00,0.00,0.00
2569.00,180.000,180.000,170.000,175.000,179.217,179.387,170.003,174.265,179.239,179.385,170.016,174.222,185.672,182.089,188.820,326.584,0.0528,0.0317,0.1496,0.6149,0.00,0.00,0.00,0.00
2570.00,180.000,180.000,170.000,175.000,179.218,179.387,170.004,174.262,179.240,179.385,170.017,174.221,185.664,182.088,188.818,326.461,0.0528,0.0317,0.1496,0.6163,0.00,0.00,0.00,0.00
2571.00,180.000,180.000,170.000,175.000,179.219,179.387,170.005,174.260,179.241,179.385,170.017,174.221,185.655,182.088,188.816,326.340,0.0528,0.0317,0.1496,0.6177,0.00,0.00,0.00,0.00
2572.00,180.000,180.000,170.000,175.000,179.220,179.386,170.005,174.259,179.242,179.385,170.018,174.220,185.647,182.087,188.814,326.225,0.0528,0.0317,0.1496,0.6191,0.00,0.00,0.00,0.00
2573.00,180.000,180.000,170.000,175.000,179.221,179.386,170.006,174.257,179.243,179.385,170.019,174.220,185.639,182.087,188.813,326.112,0.0528,0.0317,0.1496,0.6205,0.00,0.00,0.00,0.00
2574.00,180.000,180.000,170.000,175.000,179.222,179.386,170.006,174.255,179.244,179.385,170.019,174.220,185.631,182.086,188.811,326.003,0.0528,0.0317,0.1496,0.6219,0.00,0.00,0.00,0.00
2575.00,180.000,180.000,170.000,175.000,179.223,179.386,170.007,174.253,179.245,179.385,170.020,174.219,185.623,182.085,188.809,325.899,0.0528,0.0317,0.1496,0.6233,0.00,0.00,0.00,0.00
2576.00,180.000,180.000,170.000,175.000,179.224,179.386,170.008,174.251,179.246,179.385,170.020,174.219,185.616,182.085,188.808,325.798,0.0528,0.0317,0.1496,0.6247,0.00,0.00,0.00,0.00
2577.00,180.000,180.000,170.000,175.000,179.225,179.386,170.008,174.250,179.247,179.384,170.021,174.220,185.608,182.084,188.806,325.746,0.0528,0.0317,0.1496,0.6695,0.00,0.00,0.00,0.00
2578.00,180.000,180.000,170.000,175.000,179.226,179.386,170.009,174.248,179.248,179.384,170.021,174.220,185.600,182.084,188.805,325.742,0.0528,0.0317,0.1496,0.6711,0.00,0.00,0.00,0.00
2579.00,180.000,180.000,170.000,175.000,179.228,179.386,170.010,174.247,179.249,179.384,170.022,174.220,185.593,182.083,188.803,325.743,0.0528,0.0317,0.1496,0.6727,0.00,0.00,0.00,0.00
2580.00,180.000,180.000,170.000,175.000,179.229,179.386,170.010,174.246,179.250,179.384,170.023,174.221,185.585,182.082,188.801,325.746,0.0528,0.0317,0.1496,0.6743,0.00,0.00,0.00,0.00
2581.00,180.000,180.000,170.000,175.000,179.230,179.386,170.011,174.245,179.251,179.384,170.023,174.222,185.578,182.082,188.800,325.752,0.0528,0.0317,0.1496,0.6759,0.00,0.00,0.00,0.00
2582.00,180.000,180.000,170.000,175.000,179.231,179.386,170.011,174.243,179.252,179.384,170.024,174.223,185.570,182.081,188.798,325.763,0.0528,0.0317,0.1496,0.6775,0.00,0.00,0.00,0.00
2583.00,180.000,180.000,170.000,175.000,179.232,179.386,170.012,174.243,179.253,179.384,170.024,174.225,185.563,182.081,188.797,325.776,0.0528,0.0317,0.1496,0.6791,0.00,0.00,0.00,0.00
2584.00,180.000,180.000,170.000,175.000,179.233,179.386,170.013,174.242,179.254,179.384,170.025,174.226,185.556,182.080,188.795,325.794,0.0528,0.0317,0.1496,0.6807,0.00,0.00,0.00,0.00
2585.00,180.000,180.000,170.000,175.000,179.234,179.385,170.013,174.241,179.255,179.384,170.026,174.228,185.548,182.079,188.794,325.813,0.0528,0.0317,0.1496,0.6823,0.00,0.00,0.00,0.00
2586.00,180.000,180.000,170.000,175.000,179.235,179.385,170.014,174.240,179.256,179.384,170.026,174.230,185.541,182.079,188.792,325.836,0.0528,0.0318,0.1496,0.6839,0.00,0.00,0.00,0.00
2587.00,180.000,180.000,170.000,175.000,179.236,179.385,170.014,174.240,179.257,179.384,170.027,174.232,185.534,182.078,188.791,325.863,0.0528,0.0318,0.1496,0.6855,0.00,0.00,0.00,0.00
2588.00,180.000,180.000,170.000,175.000,179.237,179.385,170.015,174.240,179.257,179.384,170.027,174.235,185.527,182.078,188.789,325.894,0.0528,0.0318,0.1496,0.6871,0.00,0.00,0.00,0.00
2589.00,180.000,180.000,170.000,175.000,179.238,179.385,170.016,174.239,179.258,179.384,170.028,174.237,185.520,182.077,188.788,325.927,0.0528,0.0318,0.1496,0.6887,0.00,0.00,0.00,0.00
2590.00,180.000,180.000,170.000,175.000,179.239,179.385,170.016,174.239,179.259,179.383,170.028,174.240,185.514,182.076,188.787,325.963,0.0528,0.0318,0.1496,0.6903,0.00,0.00,0.00,0.00
2591.00,180.000,180.000,170.000,175.000,179.240,179.385,170.017,174.239,179.260,179.383,170.029,174.243,185.507,182.076,188.785,326.002,0.0528,0.0318,0.1496,0.6919,0.00,0.00,0.00,0.00
2592.00,180.000,180.000,170.000,175.000,179.241,179.385,170.017,174.240,179.261,179.383,170.030,174.246,185.500,182.075,188.784,326.044,0.0528,0.0318,0.1496,0.6935,0.00,0.00,0.00,0.00
2593.00,180.000,180.000,170.000,175.000,179.242,179.385,170.018,174.240,179.262,179.383,170.030,174.250,185.493,182.075,188.783,326.091,0.0528,0.0318,0.1496,0.6951,0.00,0.00,0.00,0.00
2594.00,180.000,180.000,170.000,175.000,179.243,179.385,170.019,174.240,179.263,179.383,170.031,174.253,185.487,182.074,188.781,326.139,0.0528,0.0318,0.1496,0.6967,0.00,0.00,0.00,0.00
2595.00,180.000,180.000,170.000,175.000,179.244,179.385,170.019,174.241,179.264,179.383,170.031,174.257,185.480,182.074,188.780,326.190,0.0528,0.0318,0.1496,0.6983,0.00,0.00,0.00,0.00
2596.00,180.000,180.000,170.000,175.000,179.245,179.385,170.020,174.242,179.265,179.383,170.032,174.261,185.474,182.073,188.779,326.244,0.0528,0.0318,0.1496,0.6999,0.00,0.00,0.00,0.00
2597.00,180.000,180.000,170.000,175.000,179.246,179.384,170.020,174.243,179.266,179.383,170.032,174.265,185.468,182.072,188.777,326.301,0.0528,0.0318,0.1496,0.7015,0.00,0.00,0.00,0.00
2598.00,180.000,180.000,170.000,175.000,179.247,179.384,170.021,174.244,179.266,179.383,170.033,174.269,185.461,182.072,188.776,326.362,0.0528,0.0318,0.1496,0.7031,0.00,0.00,0.00,0.00
2599.00,180.000,180.000,170.000,175.000,179.248,179.384,170.022,174.245,179.267,179.383,170.034,174.273,185.455,182.071,188.775,326.424,0.0528,0.0318,0.1496,0.7047,0.00,0.00,0.00,0.00
2600.00,180.000,180.000,170.000,175.000,179.249,179.384,170.022,174.247,179.268,179.383,170.034,174.278,185.449,182.071,188.773,326.490,0.0528,0.0318,0.1496,0.7063,0.00,0.00,0.00,0.00
2601.00,180.000,180.000,170.000,175.000,179.250,179.384,170.023,174.248,179.269,179.383,170.035,174.282,185.443,182.070,188.772,326.558,0.0528,0.0318,0.1496,0.7079,0.00,0.00,0.00,0.00
2602.00,180.000,180.000,170.000,175.000,179.251,179.384,170.023,174.250,179.270,179.382,170.035,174.287,185.433,182.070,188.771,326.629,0.0462,0.0318,0.1496,0.7095,0.00,0.00,0.00,0.00
2603.00,180.000,180.000,170.000,175.000,179.252,179.384,170.024,174.252,179.271,179.382,170.036,174.292,185.419,182.069,188.770,326.612,0.0462,0.0318,0.1496,0.6675,0.00,0.00,0.00,0.00
2604.00,180.000,180.000,170.000,175.000,179.253,179.384,170.025,174.254,179.272,179.382,170.036,174.297,185.406,182.069,188.769,326.599,0.0462,0.0318,0.1496,0.6689,0.00,0.00,0.00,0.00
2605.00,180.000,180.000,170.000,175.000,179.254,179.384,170.025,174.256,179.272,179.382,170.037,174.302,185.393,182.068,188.767,326.589,0.0462,0.0318,0.1496,0.6703,0.00,0.00,0.00,0.00
2606.00,180.000,180.000,170.000,175.000,179.254,179.384,170.026,174.258,179.273,179.382,170.038,174.307,185.380,182.067,188.766,326.580,0.0462,0.0318,0.1496,0.6717,0.00,0.00,0.00,0.00
2607.00,180.000,180.000,170.000,175.000,179.255,179.384,170.026,174.261,179.274,179.382,170.038,174.312,185.367,182.067,188.765,326.576,0.0462,0.0318,0.1496,0.6731,0.00,0.00,0.00,0.00
2608.00,180.000,180.000,170.000,175.000,179.256,179.384,170.027,174.263,179.275,179.382,170.039,174.317,185.354,182.066,188.764,326.574,0.0462,0.0318,0.1496,0.6745,0.00,0.00,0.00,0.00
2609.00,180.000,180.000,170.000,175.000,179.257,179.384,170.028,174.266,179.276,179.382,170.039,174.323,185.341,182.066,188.763,326.575,0.0462,0.0318,0.1496,0.6759,0.00,0.00,0.00,0.00
2610.00,180.000,180.000,170.000,175.000,179.258,179.383,170.028,174.269,179.276,179.382,170.040,174.328,185.328,182.065,188.762,326.579,0.0462,0.0318,0.1496,0.6773,0.00,0.00,0.00,0.00
2611.00,180.000,180.000,170.000,175.000,179.259,179.383,170.029,174.272,179.277,179.382,170.040,174.333,185.316,182.065,188.761,326.586,0.0462,0.0318,0.1496,0.6787,0.00,0.00,0.00,0.00
2612.00,180.000,180.000,170.000,175.000,179.260,179.383,170.029,174.275,179.278,179.382,170.041,174.339,185.303,182.064,188.760,326.594,0.0462,0.0318,0.1496,0.6801,0.00,0.00,0.00,0.00
2613.00,180.000,180.000,170.000,175.000,179.261,179.383,170.030,174.278,179.279,179.382,170.042,174.344,185.291,182.064,188.759,326.607,0.0462,0.0318,0.1496,0.6815,0.00,0.00,0.00,0.00
2614.00,180.000,180.000,170.000,175.000,179.262,179.383,170.030,174.281,179.279,179.382,170.042,174.350,185.278,182.063,188.757,326.624,0.0462,0.0318,0.1496,0.6829,0.00,0.00,0.00,0.00
2615.00,180.000,180.000,170.000,175.000,179.263,179.383,170.031,174.285,179.280,179.381,170.043,174.355,185.266,182.063,188.756,326.643,0.0462,0.0318,0.1496,0.6843,0.00,0.00,0.00,0.00
2616.00,180.000,180.000,170.000,175.000,179.263,179.383,170.032,174.288,179.281,179.381,170.043,174.361,185.254,182.062,188.755,326.664,0.0462,0.0318,0.1496,0.6857,0.00,0.00,0.00,0.00
2617.00,180.000,180.000,170.000,175.000,179.264,179.383,170.032,174.292,179.281,179.381,170.044,174.367,185.242,182.062,188.754,326.689,0.0462,0.0318,0.1496,0.6871,0.00,0.00,0.00,0.00
2618.00,180.000,180.000,170.000,175.000,179.265,179.383,170.033,174.296,179.282,179.381,170.044,174.373,185.230,182.061,188.753,326.715,0.0462,0.0318,0.1496,0.6885,0.00,0.00,0.00,0.00
2619.00,180.000,180.000,170.000,175.000,179.266,179.383,170.033,174.299,179.282,179.381,170.045,174.378,185.218,182.061,188.752,326.744,0.0462,0.0318,0.1496,0.6899,0.00,0.00,0.00,0.00
2620.00,180.000,180.000,170.000,175.000,179.267,179.383,170.034,174.303,179.283,179.381,170.046,174.384,185.207,182.060,188.751,326.777,0.0462,0.0318,0.1496,0.6913,0.00,0.00,0.00,0.00
2621.00,180.000,180.000,170.000,175.000,179.267,179.383,170.034,174.307,179.284,179.381,170.046,174.390,185.195,182.060,188.750,326.811,0.0462,0.0318,0.1496,0.6927,0.00,0.00,0.00,0.00
2622.00,180.000,180.000,170.000,175.000,179.268,179.383,170.035,174.311,179.284,179.381,170.047,174.397,185.184,182.059,188.750,326.848,0.0462,0.0318,0.1496,0.6941,0.00,0.00,0.00,0.00
2623.00,180.000,180.000,170.000,175.000,179.269,179.382,170.036,174.316,179.285,179.381,170.047,174.403,185.172,182.059,188.749,326.888,0.0462,0.0318,0.1496,0.6955,0.00,0.00,0.00,0.00
2624.00,180.000,180.000,170.000,175.000,179.270,179.382,170.036,174.320,179.285,179.381,170.048,174.409,185.161,182.058,188.748,326.932,0.0462,0.0318,0.1496,0.6969,0.00,0.00,0.00,0.00
2625.00,180.000,180.000,170.000,175.000,179.271,179.382,170.037,174.324,179.286,179.381,170.048,174.415,185.150,182.058,188.747,326.978,0.0462,0.0318,0.1496,0.6983,0.00,0.00,0.00,0.00
2626.00,180.000,180.000,170.000,175.000,179.271,179.382,170.037,174.329,179.286,179.381,170.049,174.422,185.139,182.057,188.746,327.026,0.0462,0.0318,0.1496,0.6997,0.00,0.00,0.00,0.00
2627.00,180.000,180.000,170.000,175.000,179.272,179.382,170.038,174.334,179.287,179.381,170.050,174.428,185.128,182.057,188.745,327.077,0.0462,0.0318,0.1496,0.7011,0.00,0.00,0.00,0.00
2628.00,180.000,180.000,170.000,175.000,179.273,179.382,170.039,174.338,179.287,179.380,170.050,174.435,185.117,182.056,188.744,327.130,0.0462,0.0318,0.1496,0.7025,0.00,0.00,0.00,0.00
2629.00,180.000,180.000,170.000,175.000,179.274,179.382,170.039,174.343,179.288,179.380,170.051,174.442,185.106,182.056,188.743,327.185,0.0462,0.0318,0.1496,0.7039,0.00,0.00,0.00,0.00
2630.00,180.000,180.000,170.000,175.000,179.274,179.382,170.040,174.348,179.288,179.380,170.051,174.449,185.095,182.055,188.742,327.244,0.0462,0.0318,0.1496,0.7053,0.00,0.00,0.00,0.00
2631.00,180.000,180.000,170.000,175.000,179.275,179.382,170.040,174.353,179.289,179.380,170.052,174.455,185.084,182.055,188.742,327.214,0.0462,0.0318,0.1496,0.6633,0.00,0.00,0.00,0.00
2632.00,180.000,180.000,170.000,175.000,179.276,179.382,170.041,174.358,179.289,179.380,170.053,174.462,185.074,182.054,188.741,327.187,0.0462,0.0318,0.1496,0.6645,0.00,0.00,0.00,0.00
2633.00,180.000,180.000,170.000,175.000,179.276,179.382,170.041,174.363,179.290,179.380,170.053,174.469,185.063,182.054,188.740,327.162,0.0462,0.0318,0.1496,0.6657,0.00,0.00,0.00,0.00
2634.00,180.000,180.000,170.000,175.000,179.277,179.382,170.042,174.368,179.290,179.380,170.054,174.476,185.053,182.053,188.739,327.141,0.0462,0.0318,0.1496,0.6669,0.00,0.00,0.00,0.00
2635.00,180.000,180.000,170.000,175.000,179.278,179.382,170.043,174.374,179.291,179.380,170.054,174.483,185.043,182.053,188.738,327.121,0.0462,0.0318,0.1496,0.6681,0.00,0.00,0.00,0.00
2636.00,180.000,180.000,170.000,175.000,179.278,179.381,170.043,174.379,179.291,179.380,170.055,174.489,185.032,182.052,188.738,327.105,0.0462,0.0318,0.1496,0.6693,0.00,0.00,0.00,0.00
2637.00,180.000,180.000,170.000,175.000,179.279,179.381,170.044,174.385,179.291,179.380,170.055,174.496,185.022,182.052,188.737,327.091,0.0462,0.0318,0.1496,0.6705,0.00,0.00,0.00,0.00
2638.00,180.000,180.000,170.000,175.000,179.279,179.381,170.044,174.390,179.292,179.380,170.056,174.503,185.012,182.051,188.736,327.080,0.0462,0.0318,0.1496,0.6717,0.00,0.00,0.00,0.00
2639.00,180.000,180.000,170.000,175.000,179.280,179.381,170.045,174.396,179.292,179.380,170.057,174.510,185.002,182.051,188.735,327.073,0.0462,0.0318,0.1496,0.6729,0.00,0.00,0.00,0.00
2640.00,180.000,180.000,170.000,175.000,179.281,179.381,170.045,174.401,179.292,179.380,170.057,174.516,184.992,182.050,188.735,327.066,0.0462,0.0318,0.1496,0.6741,0.00,0.00,0.00,0.00
2641.00,180.000,180.000,170.000,175.000,179.281,179.381,170.046,174.407,179.293,179.380,170.058,174.523,184.983,182.050,188.734,327.064,0.0462,0.0318,0.1496,0.6753,0.00,0.00,0.00,0.00
2642.00,180.000,180.000,170.000,175.000,179.282,179.381,170.047,174.413,179.293,179.379,170.058,174.530,184.973,182.049,188.733,327.063,0.0462,0.0319,0.1496,0.6765,0.00,0.00,0.00,0.00
2643.00,180.000,180.000,170.000,175.000,179.282,179.381,170.047,174.419,179.293,179.379,170.059,174.537,184.963,182.049,188.732,327.065,0.0462,0.0319,0.1496,0.6777,0.00,0.00,0.00,0.00
2644.00,180.000,180.000,170.000,175.000,179.283,179.381,170.048,174.424,179.294,179.379,170.060,174.544,184.954,182.048,188.732,327.071,0.0462,0.0319,0.1496,0.6789,0.00,0.00,0.00,0.00
2645.00,180.000,180.000,170.000,175.000,179.283,179.381,170.048,174.430,179.294,179.379,170.060,174.551,184.944,182.048,188.731,327.077,0.0462,0.0319,0.1496,0.6801,0.00,0.00,0.00,0.00
2646.00,180.000,180.000,170.000,175.000,179.284,179.381,170.049,174.436,179.294,179.379,170.061,174.557,184.935,182.047,188.730,327.087,0.0462,0.0319,0.1496,0.6813,0.00,0.00,0.00,0.00
2647.00,180.000,180.000,170.000,175.000,179.284,179.381,170.050,174.442,179.295,179.379,170.061,174.564,184.925,182.047,188.730,327.099,0.0462,0.0319,0.1496,0.6825,0.00,0.00,0.00,0.00
2648.00,180.000,180.000,170.000,175.000,179.285,179.381,170.050,174.448,179.295,179.379,170.062,174.571,184.916,182.047,188.729,327.113,0.0462,0.0319,0.1476,0.6837,0.00,0.00,0.00,0.00
2649.00,180.000,180.000,170.000,175.000,179.285,179.380,170.051,174.454,179.295,179.379,170.062,174.578,184.907,182.046,188.726,327.040,0.0462,0.0319,0.1476,0.6415,0.00,0.00,0.00,0.00
2650.00,180.000,180.000,170.000,175.000,179.286,179.380,170.051,174.461,179.295,179.379,170.063,174.585,184.898,182.046,188.723,326.969,0.0462,0.0319,0.1476,0.6425,0.00,0.00,0.00,0.00
2651.00,180.000,180.000,170.000,175.000,179.286,179.380,170.052,174.467,179.296,179.379,170.064,174.592,184.889,182.045,188.720,326.901,0.0462,0.0319,0.1476,0.6435,0.00,0.00,0.00,0.00
2652.00,180.000,180.000,170.000,175.000,179.287,179.380,170.052,174.473,179.296,179.379,170.064,174.599,184.880,182.045,188.717,326.835,0.0462,0.0319,0.1476,0.6445,0.00,0.00,0.00,0.00
2653.00,180.000,180.000,170.000,175.000,179.287,179.380,170.053,174.479,179.296,179.379,170.065,174.605,184.871,182.044,188.714,326.773,0.0462,0.0319,0.1476,0.6455,0.00,0.00,0.00,0.00
2654.00,180.000,180.000,170.000,175.000,179.288,179.380,170.054,174.485,179.296,179.379,170.065,174.612,184.862,182.044,188.711,326.713,0.0462,0.0319,0.1476,0.6465,0.00,0.00,0.00,0.00
2655.00,180.000,180.000,170.000,175.000,179.288,179.380,170.054,174.492,179.297,179.379,170.066,174.618,184.853,182.043,188.708,326.655,0.0462,0.0319,0.1476,0.6475,0.00,0.00,0.00,0.00
2656.00,180.000,180.000,170.000,175.000,179.289,179.380,170.055,174.498,179.297,179.378,170.066,174.625,184.845,182.043,188.705,326.601,0.0462,0.0319,0.1476,0.6485,0.00,0.00,0.00,0.00
2657.00,180.000,180.000,170.000,175.000,179.289,179.380,170.055,174.504,179.297,179.378,170.067,174.631,184.836,182.042,188.702,326.549,0.0462,0.0319,0.1476,0.6495,0.00,0.00,0.00,0.00
2658.00,180.000,180.000,170.000,175.000,179.289,179.380,170.056,174.510,179.297,179.378,170.068,174.638,184.827,182.042,188.699,326.499,0.0462,0.0319,0.1476,0.6505,0.00,0.00,0.00,0.00
2659.00,180.000,180.000,170.000,175.000,179.290,179.380,170.056,174.517,179.297,179.378,170.068,174.644,184.819,182.042,188.696,326.452,0.0462,0.0319,0.1476,0.6515,0.00,0.00,0.00,0.00
2660.00,180.000,180.000,170.000,175.000,179.290,179.380,170.057,174.523,179.298,179.378,170.069,174.650,184.811,182.041,188.693,326.408,0.0462,0.0319,0.1476,0.6525,0.00,0.00,0.00,0.00
2661.00,180.000,180.000,170.000,175.000,179.291,179.380,170.058,174.529,179.298,179.378,170.069,174.657,184.802,182.041,188.691,326.366,0.0462,0.0319,0.1476,0.6535,0.00,0.00,0.00,0.00
2662.00,180.000,180.000,170.000,175.000,179.291,179.380,170.058,174.536,179.298,179.378,170.070,174.663,184.794,182.040,188.688,326.327,0.0462,0.0319,0.1476,0.6545,0.00,0.00,0.00,0.00
2663.00,180.000,180.000,170.000,175.000,179.291,179.379,170.059,174.542,179.298,179.378,170.070,174.670,184.786,182.040,188.685,326.290,0.0462,0.0319,0.1476,0.6555,0.00,0.00,0.00,0.00
2664.00,180.000,180.000,170.000,175.000,179.292,179.379,170.059,174.548,179.298,179.378,170.071,174.676,184.778,182.039,188.682,326.256,0.0462,0.0319,0.1476,0.6565,0.00,0.00,0.00,0.00
2665.00,180.000,180.000,170.000,175.000,179.292,179.379,170.060,174.554,179.298,179.378,170.071,174.682,184.770,182.039,188.680,326.132,0.0462,0.0319,0.1476,0.6140,0.00,0.00,0.00,0.00
2666.00,180.000,180.000,170.000,175.000,179.292,179.379,170.060,174.561,179.298,179.378,170.072,174.688,184.762,182.038,188.677,326.013,0.0462,0.0319,0.1476,0.6148,0.00,0.00,0.00,0.00
2667.00,180.000,180.000,170.000,175.000,179.292,179.379,170.061,174.567,179.299,179.378,170.072,174.694,184.754,182.038,188.674,325.896,0.0462,0.0319,0.1476,0.6156,0.00,0.00,0.00,0.00
2668.00,180.000,180.000,170.000,175.000,179.293,179.379,170.062,174.573,179.299,179.378,170.073,174.700,184.746,182.038,188.672,325.781,0.0462,0.0319,0.1476,0.6164,0.00,0.00,0.00,0.00
2669.00,180.000,180.000,170.000,175.000,179.293,179.379,170.062,174.580,179.299,179.378,170.073,174.706,184.738,182.037,188.669,325.670,0.0462,0.0319,0.1476,0.6172,0.00,0.00,0.00,0.00
2670.00,180.000,180.000,170.000,175.000,179.293,179.379,170.063,174.586,179.299,179.378,170.074,174.712,184.730,182.037,188.667,325.560,0.0462,0.0319,0.1476,0.6180,0.00,0.00,0.00,0.00
2671.00,180.000,180.000,170.000,175.000,179.294,179.379,170.063,174.592,179.299,179.377,170.074,174.717,184.723,182.036,188.664,325.455,0.0462,0.0319,0.1476,0.6188,0.00,0.00,0.00,0.00
2672.00,180.000,180.000,170.000,175.000,179.294,179.379,170.064,174.598,179.299,179.377,170.075,174.723,184.715,182.036,188.662,325.351,0.0462,0.0319,0.1476,0.6196,0.00,0.00,0.00,0.00
2673.00,180.000,180.000,170.000,175.000,179.294,179.379,170.064,174.604,179.299,179.377,170.075,174.729,184.707,182.035,188.659,325.250,0.0462,0.0319,0.1476,0.6204,0.00,0.00,0.00,0.00
2674.00,180.000,180.000,170.000,175.000,179.294,179.379,170.065,174.611,179.299,179.377,170.076,174.734,184.700,182.035,188.657,325.152,0.0462,0.0319,0.1476,0.6212,0.00,0.00,0.00,0.00
2675.00,180.000,180.000,170.000,175.000,179.295,179.379,170.065,174.617,179.299,179.377,170.076,174.739,184.692,182.035,188.654,325.055,0.0462,0.0319,0.1476,0.6220,0.00,0.00,0.00,0.00
2676.00,180.000,180.000,170.000,175.000,179.295,179.379,170.066,174.623,179.299,179.377,170.077,174.745,184.685,182.034,188.652,324.963,0.0462,0.0319,0.1476,0.6228,0.00,0.00,0.00,0.00
2677.00,180.000,180.000,170.000,175.000,179.295,179.378,170.067,174.629,179.299,179.377,170.077,174.750,184.678,182.034,188.649,324.871,0.0462,0.0319,0.1476,0.6236,0.00,0.00,0.00,0.00
2678.00,180.000,180.000,170.000,175.000,179.295,179.378,170.067,174.635,179.299,179.377,170.078,174.755,184.671,182.033,188.647,324.783,0.0462,0.0319,0.1476,0.6244,0.00,0.00,0.00,0.00
2679.00,180.000,180.000,170.000,175.000,179.295,179.378,170.068,174.641,179.299,179.377,170.078,174.760,184.663,182.033,188.645,324.698,0.0462,0.0319,0.1476,0.6252,0.00,0.00,0.00,0.00
2680.00,180.000,180.000,170.000,175.000,179.296,179.378,170.068,174.647,179.299,179.377,170.079,174.766,184.656,182.033,188.642,324.613,0.0462,0.0319,0.1476,0.6260,0.00,0.00,0.00,0.00
2681.00,180.000,180.000,170.000,175.000,179.296,179.378,170.069,174.652,179.299,179.377,170.079,174.771,184.649,182.032,188.640,324.488,0.0462,0.0319,0.1476,0.5834,0.00,0.00,0.00,0.00
2682.00,180.000,180.000,170.000,175.000,179.296,179.378,170.069,174.658,179.299,179.377,170.080,174.776,184.642,182.032,188.638,324.317,0.0462,0.0319,0.1476,0.5840,0.00,0.00,0.00,0.00
2683.00,180.000,180.000,170.000,175.000,179.296,179.378,170.070,174.664,179.299,179.377,170.080,174.781,184.635,182.031,188.635,324.152,0.0462,0.0319,0.1475,0.5846,0.00,0.00,0.00,0.00
2684.00,180.000,180.000,170.000,175.000,179.296,179.378,170.070,174.670,179.299,179.377,170.081,174.785,184.628,182.031,188.633,323.989,0.0462,0.0319,0.1475,0.5852,0.00,0.00,0.00,0.00
2685.00,180.000,180.000,170.000,175.000,179.296,179.378,170.071,174.675,179.299,179.377,170.081,174.790,184.622,182.030,188.631,323.827,0.0462,0.0319,0.1475,0.5858,0.00,0.00,0.00,0.00
2686.00,180.000,180.000,170.000,175.000,179.297,179.378,170.071,174.681,179.299,179.376,170.082,174.794,184.615,182.030,188.629,323.669,0.0462,0.0319,0.1475,0.5864,0.00,0.00,0.00,0.00
2687.00,180.000,180.000,170.000,175.000,179.297,179.378,170.072,174.687,179.299,179.376,170.082,174.799,184.608,182.030,188.626,323.514,0.0462,0.0319,0.1475,0.5870,0.00,0.00,0.00,0.00
2688.00,180.000,180.000,170.000,175.000,179.297,179.378,170.072,174.692,179.299,179.376,170.083,174.803,184.601,182.029,188.624,323.361,0.0462,0.0319,0.1475,0.5876,0.00,0.00,0.00,0.00
2689.00,180.000,180.000,170.000,175.000,179.297,179.378,170.073,174.698,179.299,179.376,170.083,174.807,184.595,182.029,188.622,323.211,0.0462,0.0319,0.1475,0.5882,0.00,0.00,0.00,0.00
2690.00,180.000,180.000,170.000,175.000,179.297,179.378,170.073,174.703,179.299,179.376,170.084,174.811,184.588,182.028,188.620,323.065,0.0462,0.0319,0.1475,0.5888,0.00,0.00,0.00,0.00
2691.00,180.000,180.000,170.000,175.000,179.297,179.378,170.074,174.708,179.299,179.376,170.084,174.815,184.582,182.028,188.618,322.920,0.0462,0.0319,0.1475,0.5894,0.00,0.00,0.00,0.00
2692.00,180.000,180.000,170.000,175.000,179.297,179.377,170.074,174.714,179.299,179.376,170.085,174.819,184.575,182.028,188.616,322.776,0.0462,0.0319,0.1475,0.5900,0.00,0.00,0.00,0.00
2693.00,180.000,180.000,170.000,175.000,179.297,179.377,170.075,174.719,179.299,179.376,170.085,174.823,184.569,182.027,188.614,322.637,0.0462,0.0319,0.1475,0.5906,0.00,0.00,0.00,0.00
2694.00,180.000,180.000,170.000,175.000,179.297,179.377,170.075,174.724,179.299,179.376,170.086,174.827,184.562,182.027,188.612,322.500,0.0462,0.0319,0.1475,0.5912,0.00,0.00,0.00,0.00
2695.00,180.000,180.000,170.000,175.000,179.298,179.377,170.076,174.729,179.299,179.376,170.086,174.830,184.556,182.026,188.610,322.364,0.0462,0.0319,0.1475,0.5918,0.00,0.00,0.00,0.00
2696.00,180.000,180.000,170.000,175.000,179.298,179.377,170.076,174.734,179.299,179.376,170.087,174.834,184.550,182.026,188.608,322.232,0.0462,0.0319,0.1475,0.5924,0.00,0.00,0.00,0.00
2697.00,180.000,180.000,170.000,175.000,179.298,179.377,170.077,174.739,179.299,179.376,170.087,174.837,184.544,182.026,188.606,322.103,0.0462,0.0320,0.1475,0.5930,0.00,0.00,0.00,0.00
2698.00,180.000,180.000,170.000,175.000,179.298,179.377,170.077,174.744,179.299,179.376,170.087,174.841,184.538,182.025,188.604,321.974,0.0462,0.0320,0.1475,0.5936,0.00,0.00,0.00,0.00
2699.00,180.000,180.000,170.000,175.000,179.298,179.377,170.078,174.748,179.299,179.376,170.088,174.844,184.531,182.025,188.602,321.850,0.0462,0.0320,0.1475,0.5942,0.00,0.00,0.00,0.00
2700.00,180.000,180.000,170.000,175.000,179.298,179.377,170.078,174.753,179.299,179.376,170.088,174.848,184.525,182.025,188.600,321.636,0.0462,0.0320,0.1475,0.5513,0.00,0.00,0.00,0.00
2701.00,180.000,180.000,170.000,175.000,179.298,179.377,170.079,174.758,179.298,179.376,170.089,174.851,184.519,182.024,188.598,321.424,0.0462,0.0320,0.1475,0.5517,0.00,0.00,0.00,0.00
2702.00,180.000,180.000,170.000,175.000,179.298,179.377,170.079,174.762,179.298,179.376,170.089,174.854,184.513,182.024,188.596,321.216,0.0462,0.0320,0.1475,0.5521,0.00,0.00,0.00,0.00
2703.00,180.000,180.000,170.000,175.000,179.298,179.377,170.080,174.767,179.298,179.375,170.090,174.857,184.508,182.023,188.594,321.012,0.0462,0.0320,0.1475,0.5525,0.00,0.00,0.00,0.00
2704.00,180.000,180.000,170.000,175.000,179.298,179.377,170.080,174.771,179.298,179.375,170.090,174.860,184.502,182.023,188.592,320.810,0.0462,0.0320,0.1475,0.5529,0.00,0.00,0.00,0.00
2705.00,180.000,180.000,170.000,175.000,179.298,179.377,170.081,174.776,179.298,179.375,170.091,174.862,184.496,182.023,188.590,320.610,0.0462,0.0320,0.1475,0.5533,0.00,0.00,0.00,0.00
2706.00,180.000,180.000,170.000,175.000,179.298,179.377,170.081,174.780,179.298,179.375,170.091,174.865,184.490,182.022,188.589,320.411,0.0462,0.0320,0.1475,0.5537,0.00,0.00,0.00,0.00
2707.00,180.000,180.000,170.000,175.000,179.298,179.376,170.082,174.784,179.298,179.375,170.091,174.867,184.484,182.022,188.587,320.217,0.0462,0.0320,0.1475,0.5541,0.00,0.00,0.00,0.00
2708.00,180.000,180.000,170.000,175.000,179.298,179.376,170.082,174.788,179.298,179.375,170.092,174.870,184.479,182.021,188.585,320.026,0.0462,0.0320,0.1475,0.5545,0.00,0.00,0.00,0.00
2709.00,180.000,180.000,170.000,175.000,179.298,179.376,170.083,174.792,179.298,179.375,170.092,174.872,184.473,182.021,188.583,319.837,0.0462,0.0320,0.1475,0.5549,0.00,0.00,0.00,0.00
2710.00,180.000,180.000,170.000,175.000,179.298,179.376,170.083,174.796,179.297,179.375,170.093,174.874,184.468,182.021,188.582,319.649,0.0462,0.0320,0.1475,0.5553,0.00,0.00,0.00,0.00
2711.00,180.000,180.000,170.000,175.000,179.298,179.376,170.084,174.800,179.297,179.375,170.093,174.876,184.462,182.020,188.580,319.463,0.0462,0.0320,0.1475,0.5557,0.00,0.00,0.00,0.00
2712.00,180.000,180.000,170.000,175.000,179.298,179.376,170.084,174.804,179.297,179.375,170.094,174.878,184.457,182.020,188.578,319.281,0.0462,0.0320,0.1475,0.5561,0.00,0.00,0.00,0.00
2713.00,180.000,180.000,170.000,175.000,179.298,179.376,170.085,174.807,179.297,179.375,170.094,174.880,184.451,182.020,188.576,319.103,0.0462,0.0320,0.1475,0.5565,0.00,0.00,0.00,0.00
2714.00,180.000,180.000,170.000,175.000,179.298,179.376,170.085,174.811,179.297,179.375,170.095,174.882,184.446,182.019,188.575,318.926,0.0462,0.0320,0.1475,0.5569,0.00,0.00,0.00,0.00
2715.00,180.000,180.000,170.000,175.000,179.298,179.376,170.086,174.814,179.297,179.375,170.095,174.883,184.440,182.019,188.573,318.751,0.0462,0.0320,0.1475,0.5573,0.00,0.00,0.00,0.00
2716.00,180.000,180.000,170.000,175.000,179.298,179.376,170.086,174.818,179.297,179.375,170.095,174.885,184.435,182.018,188.571,318.577,0.0462,0.0320,0.1475,0.5577,0.00,0.00,0.00,0.00
2717.00,180.000,180.000,170.000,175.000,179.298,179.376,170.086,174.821,179.296,179.375,170.096,174.887,184.430,182.018,188.570,318.407,0.0462,0.0320,0.1475,0.5581,0.00,0.00,0.00,0.00
2718.00,180.000,180.000,170.000,175.000,179.298,179.376,170.087,174.824,179.296,179.375,170.096,174.888,184.425,182.018,188.568,318.240,0.0462,0.0320,0.1475,0.5585,0.00,0.00,0.00,0.00
2719.00,180.000,180.000,170.000,175.000,179.297,179.376,170.087,174.827,179.296,179.375,170.097,174.890,184.419,182.017,188.567,318.075,0.0462,0.0320,0.1475,0.5589,0.00,0.00,0.00,0.00
2720.00,180.000,180.000,170.000,175.000,179.297,179.376,170.088,174.830,179.296,179.374,170.097,174.891,184.414,182.017,188.565,317.911,0.0462,0.0320,0.1475,0.5593,0.00,0.00,0.00,0.00
2721.00,180.000,180.000,170.000,175.000,179.297,179.376,170.088,174.833,179.296,179.374,170.098,174.893,184.409,182.017,188.563,317.749,0.0462,0.0320,0.1475,0.5597,0.00,0.00,0.00,0.00
2722.00,180.000,180.000,170.000,175.000,179.297,179.376,170.089,174.836,179.296,179.374,170.098,174.894,184.404,182.016,188.562,317.591,0.0462,0.0320,0.1475,0.5601,0.00,0.00,0.00,0.00
2723.00,180.000,180.000,170.000,175.000,179.297,179.376,170.089,174.839,179.295,179.374,170.098,174.895,184.399,182.016,188.560,317.435,0.0462,0.0320,0.1475,0.5605,0.00,0.00,0.00,0.00
2724.00,180.000,180.000,170.000,175.000,179.297,179.375,170.090,174.842,179.295,179.374,170.099,174.896,184.394,182.015,188.559,317.282,0.0462,0.0320,0.1475,0.5609,0.00,0.00,0.00,0.00
2725.00,180.000,180.000,170.000,175.000,179.297,179.375,170.090,174.845,179.295,179.374,170.099,174.898,184.389,182.016,188.557,317.129,0.0462,0.0320,0.1475,0.5613,0.00,0.00,0.00,0.00
2726.00,180.000,180.000,170.000,175.000,179.297,179.375,170.091,174.847,179.295,179.374,170.100,174.899,184.384,182.018,188.556,316.978,0.0462,0.0320,0.1475,0.5617,0.00,0.00,0.00,0.00
2727.00,180.000,180.000,170.000,175.000,179.297,179.375,170.091,174.850,179.295,179.374,170.100,174.900,184.380,182.021,188.554,316.830,0.0462,0.0320,0.1475,0.5621,0.00,0.00,0.00,0.00
2728.00,180.000,180.000,170.000,175.000,179.297,179.375,170.091,174.852,179.295,179.374,170.101,174.901,184.375,182.023,188.553,316.594,0.0462,0.0320,0.1475,0.5191,0.00,0.00,0.00,0.00
2729.00,180.000,180.000,170.000,175.000,179.297,179.375,170.092,174.855,179.294,179.374,170.101,174.902,184.370,182.025,188.551,316.360,0.0462,0.0320,0.1475,0.5193,0.00,0.00,0.00,0.00
2730.00,180.000,180.000,170.000,175.000,179.296,179.375,170.092,174.857,179.294,179.374,170.101,174.903,184.365,182.027,188.550,316.128,0.0462,0.0320,0.1475,0.5195,0.00,0.00,0.00,0.00
2731.00,180.000,180.000,170.000,175.000,179.296,179.375,170.093,174.859,179.294,179.374,170.102,174.903,184.361,182.029,188.549,315.897,0.0462,0.0320,0.1475,0.5197,0.00,0.00,0.00,0.00
2732.00,180.000,180.000,170.000,175.000,179.296,179.375,170.093,174.861,179.294,179.374,170.102,174.904,184.356,182.031,188.547,315.669,0.0462,0.0320,0.1475,0.5199,0.00,0.00,0.00,0.00
2733.00,180.000,180.000,170.000,175.000,179.296,179.375,170.094,174.863,179.294,179.374,170.103,174.904,184.351,182.033,188.546,315.445,0.0462,0.0320,0.1475,0.5201,0.00,0.00,0.00,0.00
2734.00,180.000,180.000,170.000,175.000,179.296,179.375,170.094,174.865,179.293,179.374,170.103,174.905,184.347,182.035,188.544,315.225,0.0462,0.0320,0.1475,0.5203,0.00,0.00,0.00,0.00
2735.00,180.000,180.000,170.000,175.000,179.296,179.375,170.095,174.867,179.293,179.374,170.103,174.905,184.342,182.037,188.543,315.007,0.0462,0.0320,0.1475,0.5205,0.00,0.00,0.00,0.00
2736.00,180.000,180.000,170.000,175.000,179.296,179.375,170.095,174.869,179.293,179.374,170.104,174.905,184.338,182.039,188.542,314.791,0.0462,0.0320,0.1475,0.5207,0.00,0.00,0.00,0.00
2737.00,180.000,180.000,170.000,175.000,179.296,179.375,170.095,174.871,179.293,179.374,170.104,174.905,184.333,182.041,188.540,314.577,0.0462,0.0320,0.1475,0.5209,0.00,0.00,0.00,0.00
2738.00,180.000,180.000,170.000,175.000,179.295,179.375,170.096,174.873,179.293,179.374,170.105,174.905,184.329,182.043,188.539,314.364,0.0462,0.0320,0.1475,0.5211,0.00,0.00,0.00,0.00
2739.00,180.000,180.000,170.000,175.000,179.295,179.375,170.096,174.874,179.292,179.374,170.105,174.905,184.325,182.044,188.538,314.154,0.0462,0.0320,0.1475,0.5213,0.00,0.00,0.00,0.00
2740.00,180.000,180.000,170.000,175.000,179.295,179.375,170.097,174.876,179.292,179.374,170.106,174.905,184.320,182.046,188.536,313.945,0.0462,0.0320,0.1475,0.5215,0.00,0.00,0.00,0.00
2741.00,180.000,180.000,170.000,175.000,179.295,179.375,170.097,174.877,179.292,179.374,170.106,174.904,184.316,182.048,188.535,313.738,0.0462,0.0320,0.1475,0.5217,0.00,0.00,0.00,0.00
2742.00,180.000,180.000,170.000,175.000,179.295,179.375,170.098,174.878,179.292,179.374,170.106,174.904,184.312,182.050,188.534,313.533,0.0462,0.0320,0.1474,0.5219,0.00,0.00,0.00,0.00
2743.00,180.000,180.000,170.000,175.000,179.295,179.375,170.098,174.880,179.292,179.374,170.107,174.903,184.307,182.052,188.533,313.332,0.0462,0.0320,0.1474,0.5221,0.00,0.00,0.00,0.00
2744.00,180.000,180.000,170.000,175.000,179.295,179.375,170.098,174.881,179.291,179.374,170.107,174.903,184.303,182.054,188.532,313.134,0.0462,0.0320,0.1474,0.5223,0.00,0.00,0.00,0.00
2745.00,180.000,180.000,170.000,175.000,179.294,179.375,170.099,174.882,179.291,179.374,170.108,174.902,184.299,182.056,188.530,312.938,0.0462,0.0320,0.1474,0.5225,0.00,0.00,0.00,0.00
2746.00,180.000,180.000,170.000,175.000,179.294,179.374,170.099,174.883,179.291,179.374,170.108,174.902,184.295,182.057,188.529,312.744,0.0462,0.0320,0.1474,0.5227,0.00,0.00,0.00,0.00
2747.00,180.000,180.000,170.000,175.000,179.294,179.374,170.100,174.884,179.291,179.374,170.108,174.901,184.291,182.059,188.528,312.552,0.0462,0.0320,0.1474,0.5229,0.00,0.00,0.00,0.00
2748.00,180.000,180.000,170.000,175.000,179.294,179.374,170.100,174.885,179.291,179.374,170.109,174.900,184.287,182.061,188.527,312.361,0.0462,0.0320,0.1474,0.5231,0.00,0.00,0.00,0.00
2749.00,180.000,180.000,170.000,175.000,179.294,179.374,170.101,174.885,179.290,179.374,170.109,174.899,184.283,182.063,188.526,312.172,0.0462,0.0320,0.1474,0.5233,0.00,0.00,0.00,0.00
2750.00,180.000,180.000,170.000,175.000,179.294,179.374,170.101,174.886,179.290,179.374,170.110,174.898,184.279,182.064,188.524,311.985,0.0462,0.0320,0.1474,0.5235,0.00,0.00,0.00,0.00
2751.00,180.000,180.000,170.000,175.000,179.293,179.374,170.102,174.887,179.290,179.374,170.110,174.898,184.275,182.066,188.523,311.799,0.0462,0.0320,0.1474,0.5237,0.00,0.00,0.00,0.00
2752.00,180.000,180.000,170.000,175.000,179.293,179.374,170.102,174.887,179.290,179.374,170.111,174.897,184.271,182.068,188.522,311.615,0.0462,0.0320,0.1474,0.5239,0.00,0.00,0.00,0.00
2753.00,180.000,180.000,170.000,175.000,179.293,179.374,170.102,174.888,179.289,179.374,170.111,174.896,184.267,182.070,188.521,311.435,0.0462,0.0321,0.1474,0.5241,0.00,0.00,0.00,0.00
2754.00,180.000,180.000,170.000,175.000,179.293,179.374,170.103,174.888,179.289,179.375,170.111,174.895,184.263,182.071,188.520,311.258,0.0462,0.0321,0.1474,0.5243,0.00,0.00,0.00,0.00
2755.00,180.000,180.000,170.000,175.000,179.293,179.374,170.103,174.888,179.289,179.375,170.112,174.894,184.259,182.073,188.519,311.083,0.0462,0.0321,0.1474,0.5245,0.00,0.00,0.00,0.00
2756.00,180.000,180.000,170.000,175.000,179.293,179.374,170.104,174.888,179.289,179.375,170.112,174.893,184.255,182.075,188.518,310.909,0.0462,0.0321,0.1474,0.5247,0.00,0.00,0.00,0.00
2757.00,180.000,180.000,170.000,175.000,179.292,179.374,170.104,174.889,179.289,179.375,170.113,174.892,184.252,182.076,188.517,310.737,0.0462,0.0321,0.1474,0.5249,0.00,0.00,0.00,0.00
2758.00,180.000,180.000,170.000,175.000,179.292,179.374,170.104,174.889,179.288,179.375,170.113,174.890,184.248,182.078,188.516,310.566,0.0462,0.0321,0.1474,0.5251,0.00,0.00,0.00,0.00
2759.00,180.000,180.000,170.000,175.000,179.292,179.374,170.105,174.889,179.288,179.375,170.113,174.889,184.244,182.080,188.515,310.397,0.0462,0.0321,0.1474,0.5253,0.00,0.00,0.00,0.00
2760.00,180.000,180.000,170.000,175.000,179.292,179.375,170.105,174.889,179.288,179.375,170.114,174.888,184.241,182.081,188.514,310.229,0.0462,0.0321,0.1474,0.5255,0.00,0.00,0.00,0.00
2761.00,180.000,180.000,170.000,175.000,179.292,179.375,170.106,174.889,179.288,179.375,170.114,174.887,184.237,182.083,188.513,310.063,0.0462,0.0321,0.1474,0.5257,0.00,0.00,0.00,0.00
2762.00,180.000,180.000,170.000,175.000,179.291,179.375,170.106,174.889,179.287,179.375,170.115,174.886,184.233,182.084,188.512,309.898,0.0462,0.0321,0.1474,0.5259,0.00,0.00,0.00,0.00
2763.00,180.000,180.000,170.000,175.000,179.291,179.375,170.107,174.889,179.287,179.375,170.115,174.884,184.230,182.086,188.511,309.736,0.0462,0.0321,0.1474,0.5261,0.00,0.00,0.00,0.00
2764.00,180.000,180.000,170.000,175.000,179.291,179.375,170.107,174.888,179.287,179.375,170.116,174.883,184.226,182.087,188.510,309.578,0.0462,0.0321,0.1474,0.5263,0.00,0.00,0.00,0.00
2765.00,180.000,180.000,170.000,175.000,179.291,179.375,170.107,174.888,179.287,179.376,170.116,174.882,184.223,182.089,188.509,309.422,0.0462,0.0321,0.1474,0.5265,0.00,0.00,0.00,0.00
2766.00,180.000,180.000,170.000,175.000,179.291,179.375,170.108,174.888,179.287,179.376,170.116,174.881,184.219,182.091,188.508,309.267,0.0462,0.0321,0.1474,0.5267,0.00,0.00,0.00,0.00
2767.00,180.000,180.000,170.000,175.000,179.290,179.375,170.108,174.887,179.286,179.376,170.117,174.879,184.216,182.092,188.507,309.113,0.0462,0.0321,0.1474,0.5269,0.00,0.00,0.00,0.00
2768.00,180.000,180.000,170.000,175.000,179.290,179.375,170.109,174.887,179.286,179.376,170.117,174.878,184.212,182.094,188.506,308.960,0.0462,0.0321,0.1474,0.5271,0.00,0.00,0.00,0.00
2769.00,180.000,180.000,170.000,175.000,179.290,179.375,170.109,174.887,179.286,179.376,170.118,174.877,184.209,182.095,188.505,308.809,0.0462,0.0321,0.1474,0.5273,0.00,0.00,0.00,0.00
2770.00,180.000,180.000,170.000,175.000,179.290,179.375,170.110,174.886,179.286,179.376,170.118,174.875,184.205,182.097,188.504,308.659,0.0462,0.0321,0.1474,0.5275,0.00,0.00,0.00,0.00
2771.00,180.000,180.000,170.000,175.000,179.290,179.375,170.110,174.886,179.285,179.376,170.118,174.874,184.202,182.098,188.503,308.511,0.0462,0.0321,0.1474,0.5277,0.00,0.00,0.00,0.00
2772.00,180.000,180.000,170.000,175.000,179.289,179.375,170.110,174.885,179.285,179.376,170.119,174.873,184.199,182.100,188.502,308.363,0.0462,0.0321,0.1474,0.5279,0.00,0.00,0.00,0.00
2773.00,180.000,180.000,170.000,175.000,179.289,179.375,170.111,174.884,179.285,179.376,170.119,174.871,184.195,182.101,188.501,308.219,0.0462,0.0321,0.1474,0.5281,0.00,0.00,0.00,0.00
2774.00,180.000,180.000,170.000,175.000,179.289,179.375,170.111,174.884,179.285,179.377,170.120,174.870,184.192,182.102,188.500,308.079,0.0462,0.0321,0.1474,0.5283,0.00,0.00,0.00,0.00
2775.00,180.000,180.000,170.000,175.000,179.289,179.375,170.112,174.883,179.285,179.377,170.120,174.869,184.189,182.104,188.500,307.939,0.0462,0.0321,0.1474,0.5285,0.00,0.00,0.00,0.00
2776.00,180.000,180.000,170.000,175.000,179.289,179.375,170.112,174.882,179.284,179.377,170.121,174.867,184.186,182.105,188.499,307.801,0.0462,0.0321,0.1474,0.5287,0.00,0.00,0.00,0.00
2777.00,180.000,180.000,170.000,175.000,179.288,179.375,170.112,174.882,179.284,179.377,170.121,174.866,184.182,182.107,188.498,307.664,0.0462,0.0321,0.1474,0.5289,0.00,0.00,0.00,0.00
2778.00,180.000,180.000,170.000,175.000,179.288,179.375,170.113,174.881,179.284,179.377,170.121,174.865,184.179,182.108,188.497,307.528,0.0462,0.0321,0.1474,0.5291,0.00,0.00,0.00,0.00
2779.00,180.000,180.000,170.000,175.000,179.288,179.376,170.113,174.880,179.284,179.377,170.122,174.863,184.176,182.110,188.496,307.393,0.0462,0.0321,0.1474,0.5293,0.00,0.00,0.00,0.00
2780.00,180.000,180.000,170.000,175.000,179.288,179.376,170.114,174.879,179.283,179.377,170.122,174.862,184.173,182.111,188.495,307.260,0.0462,0.0321,0.1474,0.5295,0.00,0.00,0.00,0.00
2781.00,180.000,180.000,170.000,175.000,179.287,179.376,170.114,174.878,179.283,179.378,170.123,174.861,184.170,182.112,188.495,307.127,0.0462,0.0321,0.1474,0.5297,0.00,0.00,0.00,0.00
2782.00,180.000,180.000,170.000,175.000,179.287,179.376,170.115,174.877,179.283,179.378,170.123,174.859,184.167,182.114,188.494,306.996,0.0462,0.0321,0.1474,0.5299,0.00,0.00,0.00,0.00
2783.00,180.000,180.000,170.000,175.000,179.287,179.376,170.115,174.877,179.283,179.378,170.123,174.858,184.164,182.115,188.493,306.868,0.0462,0.0321,0.1474,0.5301,0.00,0.00,0.00,0.00
2784.00,180.000,180.000,170.000,175.000,179.287,179.376,170.115,174.876,179.283,179.378,170.124,174.857,184.161,182.116,188.492,306.743,0.0462,0.0321,0.1474,0.5303,0.00,0.00,0.00,0.00
2785.00,180.000,180.000,170.000,175.000,179.287,179.376,170.116,174.875,179.282,179.378,170.124,174.856,184.158,182.118,188.492,306.620,0.0462,0.0321,0.1474,0.5305,0.00,0.00,0.00,0.00
2786.00,180.000,180.000,170.000,175.000,179.286,179.376,170.116,174.874,179.282,179.378,170.125,174.854,184.155,182.119,188.491,306.497,0.0462,0.0321,0.1474,0.5307,0.00,0.00,0.00,0.00
2787.00,180.000,180.000,170.000,175.000,179.286,179.376,170.117,174.873,179.282,179.379,170.125,174.853,184.152,182.120,188.490,306.375,0.0462,0.0321,0.1474,0.5309,0.00,0.00,0.00,0.00
2788.00,180.000,180.000,170.000,175.000,179.286,179.376,170.117,174.872,179.282,179.379,170.126,174.852,184.149,182.122,188.489,306.255,0.0462,0.0321,0.1474,0.5311,0.00,0.00,0.00,0.00
2789.00,180.000,180.000,170.000,175.000,179.286,179.377,170.118,174.871,179.281,179.379,170.126,174.850,184.146,182.123,188.489,306.135,0.0462,0.0321,0.1474,0.5313,0.00,0.00,0.00,0.00
2790.00,180.000,180.000,170.000,175.000,179.286,179.377,170.118,174.870,179.281,179.379,170.126,174.849,184.143,182.124,188.488,306.017,0.0462,0.0321,0.1474,0.5315,0.00,0.00,0.00,0.00
2791.00,180.000,180.000,170.000,175.000,179.285,179.377,170.118,174.869,179.281,179.379,170.127,174.848,184.140,182.126,188.487,305.899,0.0462,0.0321,0.1474,0.5317,0.00,0.00,0.00,0.00
2792.00,180.000,180.000,170.000,175.000,179.285,179.377,170.119,174.868,179.281,179.380,170.127,174.847,184.138,182.127,188.487,305.783,0.0462,0.0321,0.1474,0.5319,0.00,0.00,0.00,0.00
2793.00,180.000,180.000,170.000,175.000,179.285,179.377,170.119,174.867,179.281,179.380,170.128,174.845,184.135,182.128,188.486,305.669,0.0462,0.0321,0.1474,0.5321,0.00,0.00,0.00,0.00
2794.00,180.000,180.000,170.000,175.000,179.285,179.377,170.120,174.866,179.280,179.380,170.128,174.844,184.132,182.129,188.485,305.559,0.0462,0.0321,0.1474,0.5323,0.00,0.00,0.00,0.00
2795.00,180.000,180.000,170.000,175.000,179.285,179.377,170.120,174.865,179.280,179.380,170.129,174.843,184.129,182.131,188.485,305.450,0.0462,0.0321,0.1474,0.5325,0.00,0.00,0.00,0.00
2796.00,180.000,180.000,170.000,175.000,179.284,179.377,170.120,174.864,179.280,179.380,170.129,174.842,184.127,182.132,188.484,305.341,0.0462,0.0321,0.1474,0.5327,0.00,0.00,0.00,0.00
2797.00,180.000,180.000,170.000,175.000,179.284,179.378,170.121,174.862,179.280,179.380,170.129,174.841,184.124,182.133,188.483,305.234,0.0462,0.0321,0.1474,0.5329,0.00,0.00,0.00,0.00
2798.00,180.000,180.000,170.000,175.000,179.284,179.378,170.121,174.861,179.280,179.381,170.130,174.839,184.121,182.134,188.483,305.127,0.0462,0.0321,0.1474,0.5331,0.00,0.00,0.00,0.00
2799.00,180.000,180.000,170.000,175.000,179.284,179.378,170.122,174.860,179.279,179.381,170.130,174.838,184.118,182.135,188.482,305.021,0.0462,0.0321,0.1474,0.5333,0.00,0.00,0.00,0.00
2800.00,180.000,180.000,170.000,175.000,179.283,179.378,170.122,174.859,179.279,179.381,170.131,174.837,184.116,182.137,188.481,304.917,0.0462,0.0321,0.1473,0.5335,0.00,0.00,0.00,0.00
2801.00,180.000,180.000,170.000,175.000,179.283,179.378,170.123,174.858,179.279,179.381,170.131,174.836,184.113,182.138,188.481,304.813,0.0462,0.0321,0.1473,0.5337,0.00,0.00,0.00,0.00
2802.00,180.000,180.000,170.000,175.000,179.283,179.378,170.123,174.857,179.279,179.382,170.132,174.835,184.111,182.139,188.480,304.710,0.0462,0.0321,0.1473,0.5339,0.00,0.00,0.00,0.00
2803.00,180.000,180.000,170.000,175.000,179.283,179.379,170.123,174.856,179.279,179.382,170.132,174.834,184.108,182.140,188.480,304.610,0.0462,0.0321,0.1473,0.5341,0.00,0.00,0.00,0.00
2804.00,180.000,180.000,170.000,175.000,179.283,179.379,170.124,174.855,179.278,179.382,170.132,174.833,184.106,182.141,188.479,304.513,0.0462,0.0321,0.1473,0.5343,0.00,0.00,0.00,0.00
2805.00,180.000,180.000,170.000,175.000,179.282,179.379,170.124,174.854,179.278,179.382,170.133,174.832,184.103,182.143,188.479,304.416,0.0462,0.0321,0.1473,0.5345,0.00,0.00,0.00,0.00
2806.00,180.000,180.000,170.000,175.000,179.282,179.379,170.125,174.853,179.278,179.382,170.133,174.831,184.101,182.144,188.478,304.321,0.0462,0.0321,0.1473,0.5347,0.00,0.00,0.00,0.00
2807.00,180.000,180.000,170.000,175.000,179.282,179.379,170.125,174.852,179.278,179.383,170.134,174.830,184.098,182.145,188.477,304.227,0.0462,0.0321,0.1473,0.5349,0.00,0.00,0.00,0.00
2808.00,180.000,180.000,170.000,175.000,179.282,179.379,170.126,174.850,179.278,179.383,170.134,174.829,184.096,182.146,188.477,304.133,0.0462,0.0322,0.1473,0.5351,0.00,0.00,0.00,0.00
2809.00,180.000,180.000,170.000,175.000,179.282,179.380,170.126,174.849,179.277,179.383,170.135,174.828,184.093,182.147,188.476,304.132,0.0462,0.0322,0.1473,0.5787,0.00,0.00,0.00,0.00
2810.00,180.000,180.000,170.000,175.000,179.281,179.380,170.126,174.848,179.277,179.383,170.135,174.827,184.091,182.148,188.476,304.131,0.0462,0.0322,0.1473,0.5791,0.00,0.00,0.00,0.00
2811.00,180.000,180.000,170.000,175.000,179.281,179.380,170.127,174.847,179.277,179.384,170.136,174.826,184.088,182.149,188.475,304.130,0.0462,0.0322,0.1473,0.5795,0.00,0.00,0.00,0.00
2812.00,180.000,180.000,170.000,175.000,179.281,179.380,170.127,174.846,179.277,179.384,170.136,174.826,184.086,182.150,188.475,304.129,0.0462,0.0322,0.1473,0.5799,0.00,0.00,0.00,0.00
2813.00,180.000,180.000,170.000,175.000,179.281,179.380,170.128,174.845,179.277,179.384,170.136,174.825,184.084,182.152,188.474,304.132,0.0462,0.0322,0.1473,0.5803,0.00,0.00,0.00,0.00
2814.00,180.000,180.000,170.000,175.000,179.281,179.380,170.128,174.844,179.276,179.384,170.137,174.825,184.081,182.153,188.474,304.136,0.0462,0.0322,0.1473,0.5807,0.00,0.00,0.00,0.00
2815.00,180.000,180.000,170.000,175.000,179.280,179.381,170.129,174.843,179.276,179.384,170.137,174.825,184.079,182.154,188.473,304.139,0.0462,0.0322,0.1473,0.5811,0.00,0.00,0.00,0.00
2816.00,180.000,180.000,170.000,175.000,179.280,179.381,170.129,174.842,179.276,179.385,170.138,174.825,184.077,182.155,188.473,304.142,0.0462,0.0322,0.1473,0.5815,0.00,0.00,0.00,0.00
2817.00,180.000,180.000,170.000,175.000,179.280,179.381,170.129,174.841,179.276,179.385,170.138,174.825,184.074,182.156,188.472,304.145,0.0462,0.0322,0.1473,0.5819,0.00,0.00,0.00,0.00
2818.00,180.000,180.000,170.000,175.000,179.280,179.381,170.130,174.841,179.276,179.385,170.139,174.825,184.072,182.157,188.472,304.153,0.0462,0.0322,0.1473,0.5823,0.00,0.00,0.00,0.00
2819.00,180.000,180.000,170.000,175.000,179.279,179.381,170.130,174.840,179.275,179.385,170.139,174.825,184.070,182.158,188.472,304.160,0.0462,0.0322,0.1473,0.5827,0.00,0.00,0.00,0.00
2820.00,180.000,180.000,170.000,175.000,179.279,179.382,170.131,174.839,179.275,179.386,170.140,174.825,184.068,182.159,188.471,304.167,0.0462,0.0322,0.1473,0.5831,0.00,0.00,0.00,0.00
2821.00,180.000,180.000,170.000,175.000,179.279,179.382,170.131,174.839,179.275,179.386,170.140,174.826,184.065,182.160,188.471,304.174,0.0462,0.0322,0.1473,0.5835,0.00,0.00,0.00,0.00
2822.00,180.000,180.000,170.000,175.000,179.279,179.382,170.132,174.838,179.275,179.386,170.141,174.826,184.063,182.161,188.470,304.181,0.0462,0.0322,0.1473,0.5839,0.00,0.00,0.00,0.00
2823.00,180.000,180.000,170.000,175.000,179.279,179.382,170.132,174.837,179.275,179.386,170.141,174.827,184.061,182.162,188.470,304.193,0.0462,0.0322,0.1473,0.5843,0.00,0.00,0.00,0.00
2824.00,180.000,180.000,170.000,175.000,179.279,179.382,170.133,174.837,179.275,179.387,170.141,174.828,184.059,182.163,188.469,304.204,0.0462,0.0322,0.1473,0.5847,0.00,0.00,0.00,0.00
2825.00,180.000,180.000,170.000,175.000,179.278,179.383,170.133,174.836,179.274,179.387,170.142,174.828,184.057,182.164,188.469,304.215,0.0462,0.0322,0.1473,0.5851,0.00,0.00,0.00,0.00
2826.00,180.000,180.000,170.000,175.000,179.278,179.383,170.133,174.836,179.274,179.387,170.142,174.829,184.055,182.165,188.469,304.226,0.0462,0.0322,0.1473,0.5855,0.00,0.00,0.00,0.00
2827.00,180.000,180.000,170.000,175.000,179.278,179.383,170.134,174.836,179.274,179.387,170.143,174.830,184.052,182.166,188.468,304.237,0.0462,0.0322,0.1473,0.5859,0.00,0.00,0.00,0.00
2828.00,180.000,180.000,170.000,175.000,179.278,179.383,170.134,174.835,179.274,179.388,170.143,174.831,184.050,182.167,188.468,304.251,0.0462,0.0322,0.1473,0.5863,0.00,0.00,0.00,0.00
2829.00,180.000,180.000,170.000,175.000,179.278,179.383,170.135,174.835,179.274,179.388,170.144,174.833,184.048,182.168,188.467,304.266,0.0462,0.0322,0.1473,0.5867,0.00,0.00,0.00,0.00
2830.00,180.000,180.000,170.000,175.000,179.277,179.384,170.135,174.835,179.274,179.388,170.144,174.834,184.046,182.169,188.467,304.281,0.0462,0.0322,0.1473,0.5871,0.00,0.00,0.00,0.00
2831.00,180.000,180.000,170.000,175.000,179.277,179.384,170.136,174.835,179.273,179.389,170.145,174.835,184.044,182.170,188.467,304.296,0.0462,0.0322,0.1473,0.5875,0.00,0.00,0.00,0.00
2832.00,180.000,180.000,170.000,175.000,179.277,179.384,170.136,174.835,179.273,179.389,170.145,174.836,184.042,182.171,188.466,304.310,0.0462,0.0322,0.1473,0.5879,0.00,0.00,0.00,0.00
2833.00,180.000,180.000,170.000,175.000,179.277,179.384,170.137,174.835,179.273,179.389,170.146,174.838,184.040,182.172,188.466,304.329,0.0462,0.0322,0.1473,0.5883,0.00,0.00,0.00,0.00
2834.00,180.000,180.000,170.000,175.000,179.277,179.385,170.137,174.835,179.273,179.389,170.146,174.839,184.038,182.173,188.466,304.347,0.0462,0.0322,0.1473,0.5887,0.00,0.00,0.00,0.00
2835.00,180.000,180.000,170.000,175.000,179.276,179.385,170.137,174.836,179.273,179.390,170.147,174.841,184.036,182.174,188.465,304.366,0.0462,0.0322,0.1473,0.5891,0.00,0.00,0.00,0.00
2836.00,180.000,180.000,170.000,175.000,179.276,179.385,170.138,174.836,179.273,179.390,170.147,174.843,184.034,182.175,188.465,304.384,0.0462,0.0322,0.1473,0.5895,0.00,0.00,0.00,0.00
2837.00,180.000,180.000,170.000,175.000,179.276,179.385,170.138,174.836,179.272,179.390,170.147,174.844,184.032,182.176,188.465,304.402,0.0462,0.0322,0.1473,0.5899,0.00,0.00,0.00,0.00
2838.00,180.000,180.000,170.000,175.000,179.276,179.386,170.139,174.837,179.272,179.391,170.148,174.846,184.030,182.177,188.464,304.424,0.0462,0.0322,0.1473,0.5903,0.00,0.00,0.00,0.00
2839.00,180.000,180.000,170.000,175.000,179.276,179.386,170.139,174.837,179.272,179.391,170.148,174.848,184.029,182.177,188.464,304.446,0.0462,0.0322,0.1473,0.5907,0.00,0.00,0.00,0.00
2840.00,180.000,180.000,170.000,175.000,179.276,179.386,170.140,174.838,179.272,179.391,170.149,174.850,184.027,182.178,188.464,304.467,0.0462,0.0322,0.1473,0.5911,0.00,0.00,0.00,0.00
2841.00,180.000,180.000,170.000,175.000,179.275,179.386,170.140,174.838,179.272,179.391,170.149,174.852,184.025,182.179,188.464,304.489,0.0462,0.0322,0.1473,0.5915,0.00,0.00,0.00,0.00
2842.00,180.000,180.000,170.000,175.000,179.275,179.387,170.141,174.839,179.272,179.392,170.150,174.854,184.023,182.180,188.463,304.510,0.0462,0.0322,0.1473,0.5919,0.00,0.00,0.00,0.00
2843.00,180.000,180.000,170.000,175.000,179.275,179.387,170.141,174.840,179.272,179.392,170.150,174.856,184.021,182.181,188.463,304.536,0.0462,0.0322,0.1473,0.5923,0.00,0.00,0.00,0.00
2844.00,180.000,180.000,170.000,175.000,179.275,179.387,170.141,174.841,179.271,179.392,170.151,174.858,184.019,182.182,188.463,304.561,0.0462,0.0322,0.1473,0.5927,0.00,0.00,0.00,0.00
2845.00,180.000,180.000,170.000,175.000,179.275,179.387,170.142,174.841,179.271,179.393,170.151,174.860,184.018,182.183,188.463,304.586,0.0462,0.0322,0.1473,0.5931,0.00,0.00,0.00,0.00
2846.00,180.000,180.000,170.000,175.000,179.275,179.388,170.142,174.842,179.271,179.393,170.152,174.863,184.016,182.184,188.462,304.610,0.0462,0.0322,0.1473,0.5935,0.00,0.00,0.00,0.00
2847.00,180.000,180.000,170.000,175.000,179.274,179.388,170.143,174.843,179.271,179.393,170.152,174.865,184.014,182.185,188.462,304.635,0.0462,0.0322,0.1473,0.5939,0.00,0.00,0.00,0.00
2848.00,180.000,180.000,170.000,175.000,179.274,179.388,170.143,174.844,179.271,179.393,170.153,174.867,184.012,182.186,188.462,304.664,0.0462,0.0322,0.1473,0.5943,0.00,0.00,0.00,0.00
2849.00,180.000,180.000,170.000,175.000,179.274,179.388,170.144,174.846,179.271,179.394,170.153,174.870,184.010,182.186,188.462,304.692,0.0462,0.0322,0.1473,0.5947,0.00,0.00,0.00,0.00
2850.00,180.000,180.000,170.000,175.000,179.274,179.389,170.144,174.847,179.271,179.394,170.154,174.872,184.009,182.187,188.461,304.720,0.0462,0.0322,0.1473,0.5951,0.00,0.00,0.00,0.00
2851.00,180.000,180.000,170.000,175.000,179.274,179.389,170.145,174.848,179.270,179.394,170.154,174.875,184.007,182.188,188.461,304.748,0.0462,0.0322,0.1473,0.5955,0.00,0.00,0.00,0.00
2852.00,180.000,180.000,170.000,175.000,179.274,179.389,170.145,174.849,179.270,179.395,170.155,174.878,184.005,182.189,188.461,304.776,0.0462,0.0322,0.1473,0.5959,0.00,0.00,0.00,0.00
2853.00,180.000,180.000,170.000,175.000,179.273,179.389,170.146,174.851,179.270,179.395,170.155,174.880,184.004,182.190,188.461,304.715,0.0462,0.0322,0.1473,0.5529,0.00,0.00,0.00,0.00
2854.00,180.000,180.000,170.000,175.000,179.273,179.390,170.146,174.852,179.270,179.395,170.156,174.883,184.002,182.191,188.460,304.656,0.0462,0.0322,0.1473,0.5531,0.00,0.00,0.00,0.00
2855.00,180.000,180.000,170.000,175.000,179.273,179.390,170.147,174.854,179.270,179.396,170.156,174.885,184.000,182.191,188.460,304.596,0.0462,0.0322,0.1473,0.5533,0.00,0.00,0.00,0.00
2856.00,180.000,180.000,170.000,175.000,179.273,179.390,170.147,174.855,179.270,179.396,170.157,174.888,183.999,182.192,188.460,304.538,0.0462,0.0322,0.1473,0.5535,0.00,0.00,0.00,0.00
2857.00,180.000,180.000,170.000,175.000,179.273,179.391,170.148,174.857,179.270,179.396,170.157,174.890,183.997,182.193,188.460,304.479,0.0462,0.0322,0.1473,0.5537,0.00,0.00,0.00,0.00
2858.00,180.000,180.000,170.000,175.000,179.273,179.391,170.148,174.859,179.270,179.397,170.158,174.893,183.995,182.194,188.460,304.422,0.0462,0.0322,0.1473,0.5539,0.00,0.00,0.00,0.00
2859.00,180.000,180.000,170.000,175.000,179.272,179.391,170.148,174.860,179.270,179.397,170.158,174.895,183.994,182.195,188.460,304.367,0.0462,0.0322,0.1472,0.5541,0.00,0.00,0.00,0.00
2860.00,180.000,180.000,170.000,175.000,179.272,179.391,170.149,174.862,179.269,179.397,170.159,174.897,183.992,182.196,188.459,304.314,0.0462,0.0322,0.1472,0.5543,0.00,0.00,0.00,0.00
2861.00,180.000,180.000,170.000,175.000,179.272,179.392,170.149,174.864,179.269,179.397,170.159,174.899,183.991,182.196,188.459,304.262,0.0462,0.0322,0.1472,0.5545,0.00,0.00,0.00,0.00
2862.00,180.000,180.000,170.000,175.000,179.272,179.392,170.150,174.866,179.269,179.398,170.160,174.902,183.989,182.197,188.459,304.211,0.0462,0.0322,0.1472,0.5547,0.00,0.00,0.00,0.00
2863.00,180.000,180.000,170.000,175.000,179.272,179.392,170.150,174.867,179.269,179.398,170.160,174.904,183.988,182.198,188.456,304.160,0.0462,0.0322,0.1452,0.5549,0.00,0.00,0.00,0.00
2864.00,180.000,180.000,170.000,175.000,179.272,179.393,170.151,174.869,179.269,179.398,170.161,174.906,183.986,182.199,188.454,304.109,0.0462,0.0323,0.1452,0.5551,0.00,0.00,0.00,0.00
2865.00,180.000,180.000,170.000,175.000,179.272,179.393,170.151,174.871,179.269,179.399,170.161,174.908,183.985,182.199,188.451,304.059,0.0462,0.0323,0.1452,0.5553,0.00,0.00,0.00,0.00
2866.00,180.000,180.000,170.000,175.000,179.271,179.393,170.152,174.873,179.269,179.399,170.162,174.910,183.983,182.200,188.449,304.009,0.0462,0.0323,0.1452,0.5555,0.00,0.00,0.00,0.00
2867.00,180.000,180.000,170.000,175.000,179.271,179.393,170.152,174.875,179.269,179.399,170.162,174.912,183.982,182.201,188.446,303.960,0.0462,0.0323,0.1452,0.5557,0.00,0.00,0.00,0.00
2868.00,180.000,180.000,170.000,175.000,179.271,179.394,170.153,174.876,179.269,179.400,170.163,174.914,183.980,182.202,188.444,303.911,0.0462,0.0323,0.1452,0.5559,0.00,0.00,0.00,0.00
2869.00,180.000,180.000,170.000,175.000,179.271,179.394,170.153,174.878,179.268,179.400,170.163,174.916,183.979,182.203,188.441,303.865,0.0462,0.0323,0.1452,0.5561,0.00,0.00,0.00,0.00
2870.00,180.000,180.000,170.000,175.000,179.271,179.394,170.154,174.880,179.268,179.400,170.164,174.918,183.977,182.203,188.439,303.821,0.0462,0.0323,0.1452,0.5563,0.00,0.00,0.00,0.00
2871.00,180.000,180.000,170.000,175.000,179.271,179.395,170.154,174.882,179.268,179.401,170.164,174.920,183.976,182.204,188.436,303.778,0.0462,0.0323,0.1452,0.5565,0.00,0.00,0.00,0.00
2872.00,180.000,180.000,170.000,175.000,179.271,179.395,170.155,174.884,179.268,179.401,170.164,174.922,183.974,182.205,188.434,303.735,0.0462,0.0323,0.1452,0.5567,0.00,0.00,0.00,0.00
2873.00,180.000,180.000,170.000,175.000,179.271,179.395,170.155,174.886,179.268,179.401,170.165,174.924,183.973,182.206,188.431,303.692,0.0462,0.0323,0.1452,0.5569,0.00,0.00,0.00,0.00
2874.00,180.000,180.000,170.000,175.000,179.270,179.396,170.156,174.888,179.268,179.402,170.165,174.926,183.971,182.206,188.429,303.650,0.0462,0.0323,0.1452,0.5571,0.00,0.00,0.00,0.00
2875.00,180.000,180.000,170.000,175.000,179.270,179.396,170.156,174.890,179.268,179.402,170.166,174.928,183.970,182.207,188.427,303.608,0.0462,0.0323,0.1452,0.5573,0.00,0.00,0.00,0.00
2876.00,180.000,180.000,170.000,175.000,179.270,179.396,170.157,174.891,179.268,179.402,170.166,174.930,183.969,182.208,188.424,303.567,0.0462,0.0323,0.1452,0.5575,0.00,0.00,0.00,0.00
2877.00,180.000,180.000,170.000,175.000,179.270,179.396,170.157,174.893,179.268,179.403,170.167,174.932,183.967,182.209,188.422,303.526,0.0462,0.0323,0.1452,0.5577,0.00,0.00,0.00,0.00
2878.00,180.000,180.000,170.000,175.000,179.270,179.397,170.158,174.895,179.268,179.403,170.167,174.934,183.966,182.209,188.420,303.485,0.0462,0.0323,0.1452,0.5579,0.00,0.00,0.00,0.00
2879.00,180.000,180.000,170.000,175.000,179.270,179.397,170.158,174.897,179.268,179.404,170.168,174.935,183.965,182.210,188.418,303.447,0.0462,0.0323,0.1452,0.5581,0.00,0.00,0.00,0.00
2880.00,180.000,180.000,170.000,175.000,179.270,179.397,170.159,174.899,179.268,179.404,170.168,174.937,183.963,182.211,188.415,303.411,0.0462,0.0323,0.1452,0.5583,0.00,0.00,0.00,0.00
2881.00,180.000,180.000,170.000,175.000,179.270,179.398,170.159,174.901,179.267,179.404,170.169,174.939,183.962,182.211,188.413,303.376,0.0462,0.0323,0.1452,0.5585,0.00,0.00,0.00,0.00
2882.00,180.000,180.000,170.000,175.000,179.270,179.398,170.160,174.903,179.267,179.405,170.169,174.941,183.961,182.212,188.411,303.341,0.0462,0.0323,0.1452,0.5587,0.00,0.00,0.00,0.00
2883.00,180.000,180.000,170.000,175.000,179.269,179.398,170.160,174.905,179.267,179.405,170.170,174.943,183.959,182.213,188.409,303.306,0.0462,0.0323,0.1452,0.5589,0.00,0.00,0.00,0.00
2884.00,180.000,180.000,170.000,175.000,179.269,179.399,170.160,174.907,179.267,179.405,170.170,174.945,183.958,182.214,188.407,303.271,0.0462,0.0323,0.1452,0.5591,0.00,0.00,0.00,0.00
2885.00,180.000,180.000,170.000,175.000,179.269,179.399,170.161,174.908,179.267,179.406,170.170,174.947,183.957,182.214,188.404,303.237,0.0462,0.0323,0.1452,0.5593,0.00,0.00,0.00,0.00
2886.00,180.000,180.000,170.000,175.000,179.269,179.399,170.161,174.910,179.267,179.406,170.171,174.949,183.956,182.215,188.402,303.203,0.0462,0.0323,0.1452,0.5595,0.00,0.00,0.00,0.00
2887.00,180.000,180.000,170.000,175.000,179.269,179.400,170.162,174.912,179.267,179.406,170.171,174.951,183.954,182.216,188.400,303.170,0.0462,0.0323,0.1452,0.5597,0.00,0.00,0.00,0.00
2888.00,180.000,180.000,170.000,175.000,179.269,179.400,170.162,174.914,179.267,179.407,170.172,174.953,183.953,182.216,188.398,303.137,0.0462,0.0323,0.1452,0.5599,0.00,0.00,0.00,0.00
2889.00,180.000,180.000,170.000,175.000,179.269,179.400,170.163,174.916,179.267,179.407,170.172,174.954,183.952,182.217,188.396,303.106,0.0462,0.0323,0.1452,0.5601,0.00,0.00,0.00,0.00
2890.00,180.000,180.000,170.000,175.000,179.269,179.401,170.163,174.918,179.267,179.407,170.173,174.956,183.951,182.218,188.394,303.077,0.0462,0.0323,0.1451,0.5603,0.00,0.00,0.00,0.00
2891.00,180.000,180.000,170.000,175.000,179.269,179.401,170.164,174.920,179.267,179.408,170.173,174.958,183.949,182.218,188.392,303.049,0.0462,0.0323,0.1451,0.5605,0.00,0.00,0.00,0.00
2892.00,180.000,180.000,170.000,175.000,179.269,179.401,170.164,174.922,179.267,179.408,170.173,174.960,183.948,182.219,188.390,303.021,0.0462,0.0323,0.1451,0.5607,0.00,0.00,0.00,0.00
2893.00,180.000,180.000,170.000,175.000,179.268,179.402,170.165,174.924,179.267,179.408,170.174,174.962,183.947,182.220,188.388,302.994,0.0462,0.0323,0.1451,0.5609,0.00,0.00,0.00,0.00
2894.00,180.000,180.000,170.000,175.000,179.268,179.402,170.165,174.926,179.267,179.409,170.174,174.964,183.946,182.220,188.386,302.966,0.0462,0.0323,0.1451,0.5611,0.00,0.00,0.00,0.00
2895.00,180.000,180.000,170.000,175.000,179.268,179.402,170.166,174.927,179.267,179.409,170.175,174.966,183.945,182.221,188.384,302.939,0.0462,0.0323,0.1451,0.5613,0.00,0.00,0.00,0.00
2896.00,180.000,180.000,170.000,175.000,179.268,179.403,170.166,174.929,179.267,179.410,170.175,174.968,183.944,182.222,188.382,302.912,0.0462,0.0323,0.1451,0.5615,0.00,0.00,0.00,0.00
2897.00,180.000,180.000,170.000,175.000,179.268,179.403,170.166,174.931,179.267,179.410,170.176,174.970,183.942,182.222,188.380,302.886,0.0462,0.0323,0.1451,0.5617,0.00,0.00,0.00,0.00
2898.00,180.000,180.000,170.000,175.000,179.268,179.403,170.167,174.933,179.266,179.410,170.176,174.972,183.941,182.223,188.378,302.859,0.0462,0.0323,0.1451,0.5619,0.00,0.00,0.00,0.00
2899.00,180.000,180.000,170.000,175.000,179.268,179.404,170.167,174.935,179.266,179.411,170.176,174.974,183.940,182.224,188.376,302.835,0.0462,0.0323,0.1451,0.5621,0.00,0.00,0.00,0.00
2900.00,180.000,180.000,170.000,175.000,179.268,179.404,170.168,174.937,179.266,179.411,170.177,174.976,183.939,182.224,188.375,302.814,0.0462,0.0323,0.1451,0.5623,0.00,0.00,0.00,0.00
2901.00,180.000,180.000,170.000,175.000,179.268,179.404,170.168,174.939,179.266,179.411,170.177,174.978,183.938,182.225,188.373,302.792,0.0462,0.0323,0.1451,0.5625,0.00,0.00,0.00,0.00
2902.00,180.000,180.000,170.000,175.000,179.268,179.405,170.169,174.941,179.266,179.412,170.178,174.980,183.937,182.226,188.371,302.771,0.0462,0.0323,0.1451,0.5627,0.00,0.00,0.00,0.00
2903.00,180.000,180.000,170.000,175.000,179.268,179.405,170.169,174.943,179.266,179.412,170.178,174.982,183.936,182.226,188.369,302.750,0.0462,0.0323,0.1451,0.5629,0.00,0.00,0.00,0.00
2904.00,180.000,180.000,170.000,175.000,179.268,179.405,170.170,174.945,179.266,179.413,170.178,174.984,183.935,182.227,188.367,302.729,0.0462,0.0323,0.1451,0.5631,0.00,0.00,0.00,0.00
2905.00,180.000,180.000,170.000,175.000,179.268,179.406,170.170,174.947,179.266,179.413,170.179,174.986,183.934,182.227,188.365,302.708,0.0462,0.0323,0.1451,0.5633,0.00,0.00,0.00,0.00
2906.00,180.000,180.000,170.000,175.000,179.267,179.406,170.170,174.949,179.266,179.413,170.179,174.988,183.933,182.228,188.364,302.687,0.0462,0.0323,0.1451,0.5635,0.00,0.00,0.00,0.00
2907.00,180.000,180.000,170.000,175.000,179.267,179.406,170.171,174.951,179.266,179.414,170.180,174.990,183.932,182.229,188.362,302.623,0.0462,0.0323,0.1451,0.5203,0.00,0.00,0.00,0.00
2908.00,180.000,180.000,170.000,175.000,179.267,179.407,170.171,174.953,179.266,179.414,170.180,174.992,183.931,182.229,188.360,302.516,0.0462,0.0323,0.1451,0.5203,0.00,0.00,0.00,0.00
2909.00,180.000,180.000,170.000,175.000,179.267,179.407,170.172,174.955,179.266,179.414,170.180,174.994,183.930,182.230,188.359,302.409,0.0462,0.0323,0.1451,0.5203,0.00,0.00,0.00,0.00
2910.00,180.000,180.000,170.000,175.000,179.267,179.408,170.172,174.956,179.266,179.415,170.181,174.996,183.929,182.231,188.357,302.303,0.0462,0.0323,0.1451,0.5203,0.00,0.00,0.00,0.00
2911.00,180.000,180.000,170.000,175.000,179.267,179.408,170.173,174.958,179.266,179.415,170.181,174.998,183.928,182.231,188.355,302.199,0.0462,0.0323,0.1451,0.5203,0.00,0.00,0.00,0.00
2912.00,180.000,180.000,170.000,175.000,179.267,179.408,170.173,174.960,179.266,179.416,170.182,174.999,183.927,182.232,188.354,302.095,0.0462,0.0323,0.1451,0.5203,0.00,0.00,0.00,0.00
2913.00,180.000,180.000,170.000,175.000,179.267,179.409,170.173,174.962,179.266,179.416,170.182,175.001,183.926,182.232,188.352,301.992,0.0462,0.0323,0.1451,0.5203,0.00,0.00,0.00,0.00
2914.00,180.000,180.000,170.000,175.000,179.267,179.409,170.174,174.964,179.266,179.416,170.182,175.002,183.925,182.233,188.350,301.890,0.0462,0.0323,0.1451,0.5203,0.00,0.00,0.00,0.00
2915.00,180.000,180.000,170.000,175.000,179.267,179.409,170.174,174.966,179.266,179.417,170.183,175.004,183.924,182.234,188.349,301.789,0.0462,0.0323,0.1451,0.5203,0.00,0.00,0.00,0.00
2916.00,180.000,180.000,170.000,175.000,179.267,179.410,170.175,174.968,179.266,179.417,170.183,175.005,183.923,182.234,188.347,301.689,0.0462,0.0323,0.1451,0.5203,0.00,0.00,0.00,0.00
2917.00,180.000,180.000,170.000,175.000,179.267,179.410,170.175,174.970,179.266,179.417,170.184,175.006,183.922,182.235,188.346,301.589,0.0462,0.0323,0.1451,0.5203,0.00,0.00,0.00,0.00
2918.00,180.000,180.000,170.000,175.000,179.267,179.410,170.176,174.972,179.266,179.418,170.184,175.008,183.921,182.235,188.344,301.491,0.0462,0.0323,0.1451,0.5203,0.00,0.00,0.00,0.00
2919.00,180.000,180.000,170.000,175.000,179.267,179.411,170.176,174.973,179.266,179.418,170.184,175.009,183.920,182.236,188.342,301.393,0.0462,0.0324,0.1451,0.5203,0.00,0.00,0.00,0.00
2920.00,180.000,180.000,170.000,175.000,179.267,179.411,170.176,174.975,179.266,179.419,170.185,175.010,183.919,182.237,188.341,301.297,0.0462,0.0324,0.1450,0.5203,0.00,0.00,0.00,0.00
2921.00,180.000,180.000,170.000,175.000,179.267,179.412,170.177,174.977,179.266,179.419,170.185,175.011,183.918,182.237,188.339,301.201,0.0462,0.0324,0.1450,0.5203,0.00,0.00,0.00,0.00
2922.00,180.000,180.000,170.000,175.000,179.267,179.412,170.177,174.978,179.266,179.419,170.186,175.012,183.917,182.238,188.338,301.106,0.0462,0.0324,0.1450,0.5203,0.00,0.00,0.00,0.00
2923.00,180.000,180.000,170.000,175.000,179.267,179.412,170.178,174.980,179.266,179.420,170.186,175.013,183.916,182.238,188.336,301.012,0.0462,0.0324,0.1450,0.5203,0.00,0.00,0.00,0.00
2924.00,180.000,180.000,170.000,175.000,179.267,179.413,170.178,174.982,179.266,179.420,170.186,175.014,183.915,182.239,188.335,300.918,0.0462,0.0324,0.1450,0.5203,0.00,0.00,0.00,0.00
2925.00,180.000,180.000,170.000,175.000,179.267,179.413,170.178,174.983,179.266,179.421,170.187,175.015,183.915,182.239,188.333,300.826,0.0462,0.0324,0.1450,0.5203,0.00,0.00,0.00,0.00
2926.00,180.000,180.000,170.000,175.000,179.267,179.413,170.179,174.985,179.266,179.421,170.187,175.015,183.914,182.240,188.332,300.734,0.0462,0.0324,0.1450,0.5203,0.00,0.00,0.00,0.00
2927.00,180.000,180.000,170.000,175.000,179.267,179.414,170.179,174.986,179.266,179.421,170.187,175.016,183.913,182.241,188.331,300.643,0.0462,0.0324,0.1450,0.5203,0.00,0.00,0.00,0.00
2928.00,180.000,180.000,170.000,175.000,179.267,179.414,170.180,174.988,179.266,179.422,170.188,175.017,183.912,182.241,188.329,300.553,0.0462,0.0324,0.1450,0.5203,0.00,0.00,0.00,0.00
2929.00,180.000,180.000,170.000,175.000,179.267,179.415,170.180,174.989,179.266,179.422,170.188,175.018,183.911,182.242,188.328,300.463,0.0462,0.0324,0.1450,0.5203,0.00,0.00,0.00,0.00
2930.00,180.000,180.000,170.000,175.000,179.267,179.415,170.181,174.991,179.266,179.423,170.189,175.018,183.910,182.242,188.326,300.375,0.0462,0.0324,0.1450,0.5203,0.00,0.00,0.00,0.00
2931.00,180.000,180.000,170.000,175.000,179.266,179.415,170.181,174.992,179.266,179.423,170.189,175.019,183.909,182.243,188.325,300.287,0.0462,0.0324,0.1450,0.5203,0.00,0.00,0.00,0.00
2932.00,180.000,180.000,170.000,175.000,179.266,179.416,170.181,174.993,179.266,179.423,170.189,175.019,183.909,182.243,188.324,300.200,0.0462,0.0324,0.1450,0.5203,0.00,0.00,0.00,0.00
2933.00,180.000,180.000,170.000,175.000,179.266,179.416,170.182,174.995,179.266,179.424,170.190,175.020,183.908,182.244,188.322,300.114,0.0462,0.0324,0.1450,0.5203,0.00,0.00,0.00,0.00
2934.00,180.000,180.000,170.000,175.000,179.266,179.416,170.182,174.996,179.266,179.424,170.190,175.021,183.907,182.245,188.321,300.028,0.0462,0.0324,0.1450,0.5203,0.00,0.00,0.00,0.00
2935.00,180.000,180.000,170.000,175.000,179.266,179.417,170.182,174.997,179.266,179.425,170.191,175.021,183.906,182.245,188.320,299.944,0.0462,0.0324,0.1450,0.5203,0.00,0.00,0.00,0.00
2936.00,180.000,180.000,170.000,175.000,179.266,179.417,170.183,174.998,179.266,179.425,170.191,175.022,183.905,182.246,188.318,299.859,0.0462,0.0324,0.1450,0.5203,0.00,0.00,0.00,0.00
2937.00,180.000,180.000,170.000,175.000,179.266,179.418,170.183,174.999,179.266,179.425,170.191,175.022,183.905,182.246,188.317,299.776,0.0462,0.0324,0.1450,0.5203,0.00,0.00,0.00,0.00
2938.00,180.000,180.000,170.000,175.000,179.266,179.418,170.184,175.000,179.266,179.426,170.192,175.022,183.904,182.247,188.316,299.694,0.0462,0.0324,0.1450,0.5203,0.00,0.00,0.00,0.00
2939.00,180.000,180.000,170.000,175.000,179.266,179.418,170.184,175.002,179.266,179.426,170.192,175.023,183.903,182.247,188.315,299.612,0.0462,0.0324,0.1450,0.5203,0.00,0.00,0.00,0.00
2940.00,180.000,180.000,170.000,175.000,179.266,179.419,170.184,175.003,179.266,179.427,170.192,175.023,183.902,182.248,188.313,299.531,0.0462,0.0324,0.1450,0.5203,0.00,0.00,0.00,0.00
2941.00,180.000,180.000,170.000,175.000,179.266,179.419,170.185,175.004,179.267,179.427,170.193,175.024,183.902,182.248,188.312,299.450,0.0462,0.0324,0.1450,0.5203,0.00,0.00,0.00,0.00
2942.00,180.000,180.000,170.000,175.000,179.266,179.420,170.185,175.005,179.267,179.427,170.193,175.024,183.901,182.249,188.311,299.371,0.0462,0.0324,0.1450,0.5203,0.00,0.00,0.00,0.00
2943.00,180.000,180.000,170.000,175.000,179.266,179.420,170.186,175.006,179.267,179.428,170.194,175.024,183.900,182.249,188.310,299.291,0.0462,0.0324,0.1450,0.5203,0.00,0.00,0.00,0.00
2944.00,180.000,180.000,170.000,175.000,179.266,179.420,170.186,175.006,179.267,179.428,170.194,175.025,183.900,182.250,188.308,299.213,0.0462,0.0324,0.1450,0.5203,0.00,0.00,0.00,0.00
2945.00,180.000,180.000,170.000,175.000,179.266,179.421,170.186,175.007,179.267,179.429,170.194,175.025,183.899,182.251,188.307,299.135,0.0462,0.0324,0.1450,0.5203,0.00,0.00,0.00,0.00
2946.00,180.000,180.000,170.000,175.000,179.266,179.421,170.187,175.008,179.267,179.429,170.195,175.025,183.898,182.251,188.306,299.059,0.0462,0.0324,0.1450,0.5203,0.00,0.00,0.00,0.00
2947.00,180.000,180.000,170.000,175.000,179.266,179.421,170.187,175.009,179.267,179.430,170.195,175.026,183.897,182.252,188.305,298.982,0.0462,0.0324,0.1450,0.5203,0.00,0.00,0.00,0.00
2948.00,180.000,180.000,170.000,175.000,179.267,179.422,170.188,175.010,179.267,179.430,170.195,175.026,183.897,182.252,188.304,298.907,0.0462,0.0324,0.1450,0.5203,0.00,0.00,0.00,0.00
2949.00,180.000,180.000,170.000,175.000,179.267,179.422,170.188,175.011,179.267,179.430,170.196,175.026,183.896,182.253,188.303,298.832,0.0462,0.0324,0.1449,0.5203,0.00,0.00,0.00,0.00
2950.00,180.000,180.000,170.000,175.000,179.267,179.423,170.188,175.011,179.267,179.431,170.196,175.026,183.895,182.253,188.302,298.757,0.0462,0.0324,0.1449,0.5203,0.00,0.00,0.00,0.00
2951.00,180.000,180.000,170.000,175.000,179.267,179.423,170.189,175.012,179.267,179.431,170.196,175.027,183.895,182.254,188.300,298.684,0.0462,0.0324,0.1449,0.5203,0.00,0.00,0.00,0.00
2952.00,180.000,180.000,170.000,175.000,179.267,179.423,170.189,175.013,179.267,179.432,170.197,175.027,183.894,182.254,188.299,298.611,0.0462,0.0324,0.1449,0.5203,0.00,0.00,0.00,0.00
2953.00,180.000,180.000,170.000,175.000,179.267,179.424,170.189,175.014,179.267,179.432,170.197,175.027,183.893,182.255,188.298,298.538,0.0462,0.0324,0.1449,0.5203,0.00,0.00,0.00,0.00
2954.00,180.000,180.000,170.000,175.000,179.267,179.424,170.190,175.014,179.267,179.432,170.198,175.027,183.893,182.255,188.297,298.466,0.0462,0.0324,0.1449,0.5203,0.00,0.00,0.00,0.00
2955.00,180.000,180.000,170.000,175.000,179.267,179.425,170.190,175.015,179.267,179.433,170.198,175.028,183.892,182.256,188.296,298.395,0.0462,0.0324,0.1449,0.5203,0.00,0.00,0.00,0.00
2956.00,180.000,180.000,170.000,175.000,179.267,179.425,170.191,175.015,179.267,179.433,170.198,175.028,183.892,182.256,188.295,298.325,0.0462,0.0324,0.1449,0.5203,0.00,0.00,0.00,0.00
2957.00,180.000,180.000,170.000,175.000,179.267,179.425,170.191,175.016,179.267,179.434,170.199,175.028,183.891,182.257,188.294,298.255,0.0462,0.0324,0.1449,0.5203,0.00,0.00,0.00,0.00
2958.00,180.000,180.000,170.000,175.000,179.267,179.426,170.191,175.017,179.268,179.434,170.199,175.028,183.890,182.257,188.293,298.186,0.0462,0.0324,0.1449,0.5203,0.00,0.00,0.00,0.00
2959.00,180.000,180.000,170.000,175.000,179.267,179.426,170.192,175.017,179.268,179.435,170.199,175.028,183.890,182.258,188.292,298.117,0.0462,0.0324,0.1449,0.5203,0.00,0.00,0.00,0.00
2960.00,180.000,180.000,170.000,175.000,179.267,179.427,170.192,175.018,179.268,179.435,170.200,175.028,183.889,182.258,188.291,298.049,0.0462,0.0324,0.1449,0.5203,0.00,0.00,0.00,0.00
2961.00,180.000,180.000,170.000,175.000,179.267,179.427,170.193,175.018,179.268,179.435,170.200,175.029,183.889,182.259,188.290,297.981,0.0462,0.0324,0.1449,0.5203,0.00,0.00,0.00,0.00
2962.00,180.000,180.000,170.000,175.000,179.267,179.428,170.193,175.019,179.268,179.436,170.201,175.029,183.888,182.259,188.289,297.914,0.0462,0.0324,0.1449,0.5203,0.00,0.00,0.00,0.00
2963.00,180.000,180.000,170.000,175.000,179.267,179.428,170.193,175.019,179.268,179.436,170.201,175.029,183.887,182.260,188.288,297.848,0.0462,0.0324,0.1449,0.5203,0.00,0.00,0.00,0.00
2964.00,180.000,180.000,170.000,175.000,179.267,179.428,170.194,175.020,179.268,179.437,170.201,175.029,183.887,182.260,188.287,297.782,0.0462,0.0324,0.1449,0.5203,0.00,0.00,0.00,0.00
2965.00,180.000,180.000,170.000,175.000,179.267,179.429,170.194,175.020,179.268,179.437,170.202,175.029,183.886,182.261,188.286,297.717,0.0462,0.0324,0.1449,0.5203,0.00,0.00,0.00,0.00
2966.00,180.000,180.000,170.000,175.000,179.267,179.429,170.194,175.021,179.268,179.438,170.202,175.030,183.886,182.261,188.285,297.652,0.0462,0.0324,0.1449,0.5203,0.00,0.00,0.00,0.00
2967.00,180.000,180.000,170.000,175.000,179.267,179.430,170.195,175.021,179.268,179.438,170.202,175.030,183.885,182.262,188.284,297.588,0.0462,0.0324,0.1449,0.5203,0.00,0.00,0.00,0.00
2968.00,180.000,180.000,170.000,175.000,179.267,179.430,170.195,175.022,179.268,179.438,170.203,175.030,183.885,182.262,188.283,297.525,0.0462,0.0324,0.1449,0.5203,0.00,0.00,0.00,0.00
2969.00,180.000,180.000,170.000,175.000,179.267,179.430,170.196,175.022,179.269,179.439,170.203,175.030,183.884,182.263,188.282,297.462,0.0462,0.0324,0.1449,0.5203,0.00,0.00,0.00,0.00
2970.00,180.000,180.000,170.000,175.000,179.267,179.431,170.196,175.022,179.269,179.439,170.203,175.030,183.884,182.263,188.282,297.400,0.0462,0.0324,0.1449,0.5203,0.00,0.00,0.00,0.00
2971.00,180.000,180.000,170.000,175.000,179.267,179.431,170.196,175.023,179.269,179.440,170.204,175.030,183.883,182.264,188.281,297.338,0.0462,0.0324,0.1449,0.5203,0.00,0.00,0.00,0.00
2972.00,180.000,180.000,170.000,175.000,179.268,179.432,170.197,175.023,179.269,179.440,170.204,175.031,183.882,182.264,188.280,297.276,0.0462,0.0324,0.1449,0.5203,0.00,0.00,0.00,0.00
2973.00,180.000,180.000,170.000,175.000,179.268,179.432,170.197,175.023,179.269,179.441,170.205,175.031,183.882,182.265,188.279,297.216,0.0462,0.0324,0.1449,0.5203,0.00,0.00,0.00,0.00
2974.00,180.000,180.000,170.000,175.000,179.268,179.432,170.197,175.024,179.269,179.441,170.205,175.031,183.881,182.265,188.278,297.155,0.0462,0.0324,0.1449,0.5203,0.00,0.00,0.00,0.00
2975.00,180.000,180.000,170.000,175.000,179.268,179.433,170.198,175.024,179.269,179.441,170.205,175.031,183.881,182.266,188.277,297.096,0.0462,0.0325,0.1449,0.5203,0.00,0.00,0.00,0.00
2976.00,180.000,180.000,170.000,175.000,179.268,179.433,170.198,175.024,179.269,179.442,170.206,175.031,183.880,182.266,188.276,297.037,0.0462,0.0325,0.1449,0.5203,0.00,0.00,0.00,0.00
2977.00,180.000,180.000,170.000,175.000,179.268,179.434,170.198,175.025,179.269,179.442,170.206,175.031,183.880,182.267,188.276,296.978,0.0462,0.0325,0.1449,0.5203,0.00,0.00,0.00,0.00
2978.00,180.000,180.000,170.000,175.000,179.268,179.434,170.199,175.025,179.270,179.443,170.206,175.032,183.880,182.267,188.275,296.920,0.0462,0.0325,0.1449,0.5203,0.00,0.00,0.00,0.00
2979.00,180.000,180.000,170.000,175.000,179.268,179.435,170.199,175.025,179.270,179.443,170.207,175.032,183.879,182.268,188.274,296.862,0.0462,0.0325,0.1448,0.5203,0.00,0.00,0.00,0.00
2980.00,180.000,180.000,170.000,175.000,179.268,179.435,170.200,175.026,179.270,179.444,170.207,175.032,183.879,182.268,188.273,296.805,0.0462,0.0325,0.1448,0.5203,0.00,0.00,0.00,0.00
2981.00,180.000,180.000,170.000,175.000,179.268,179.435,170.200,175.026,179.270,179.444,170.207,175.032,183.878,182.269,188.272,296.748,0.0462,0.0325,0.1448,0.5203,0.00,0.00,0.00,0.00
2982.00,180.000,180.000,170.000,175.000,179.268,179.436,170.200,175.026,179.270,179.444,170.208,175.032,183.878,182.269,188.272,296.692,0.0462,0.0325,0.1448,0.5203,0.00,0.00,0.00,0.00
2983.00,180.000,180.000,170.000,175.000,179.268,179.436,170.201,175.027,179.270,179.445,170.208,175.033,183.877,182.269,188.271,296.636,0.0462,0.0325,0.1448,0.5203,0.00,0.00,0.00,0.00
2984.00,180.000,180.000,170.000,175.000,179.268,179.437,170.201,175.027,179.270,179.445,170.209,175.033,183.877,182.270,188.270,296.581,0.0462,0.0325,0.1448,0.5203,0.00,0.00,0.00,0.00
2985.00,180.000,180.000,170.000,175.000,179.269,179.437,170.201,175.027,179.270,179.446,170.209,175.033,183.876,182.270,188.269,296.527,0.0462,0.0325,0.1448,0.5203,0.00,0.00,0.00,0.00
2986.00,180.000,180.000,170.000,175.000,179.269,179.438,170.202,175.028,179.271,179.446,170.209,175.033,183.876,182.271,188.269,296.472,0.0462,0.0325,0.1448,0.5203,0.00,0.00,0.00,0.00
2987.00,180.000,180.000,170.000,175.000,179.269,179.438,170.202,175.028,179.271,179.447,170.210,175.033,183.875,182.271,188.268,296.419,0.0462,0.0325,0.1448,0.5203,0.00,0.00,0.00,0.00
2988.00,180.000,180.000,170.000,175.000,179.269,179.438,170.203,175.028,179.271,179.447,170.210,175.034,183.875,182.272,188.267,296.365,0.0462,0.0325,0.1448,0.5203,0.00,0.00,0.00,0.00
2989.00,180.000,180.000,170.000,175.000,179.269,179.439,170.203,175.028,179.271,179.448,170.210,175.034,183.875,182.272,188.267,296.312,0.0462,0.0325,0.1448,0.5203,0.00,0.00,0.00,0.00
2990.00,180.000,180.000,170.000,175.000,179.269,179.439,170.203,175.029,179.271,179.448,170.211,175.034,183.874,182.273,188.266,296.260,0.0462,0.0325,0.1448,0.5203,0.00,0.00,0.00,0.00
2991.00,180.000,180.000,170.000,175.000,179.269,179.440,170.204,175.029,179.271,179.448,170.211,175.034,183.874,182.273,188.265,296.208,0.0462,0.0325,0.1448,0.5203,0.00,0.00,0.00,0.00
2992.00,180.000,180.000,170.000,175.000,179.269,179.440,170.204,175.029,179.271,179.449,170.212,175.034,183.873,182.274,188.264,296.157,0.0462,0.0325,0.1448,0.5203,0.00,0.00,0.00,0.00
2993.00,180.000,180.000,170.000,175.000,179.269,179.441,170.204,175.029,179.272,179.449,170.212,175.035,183.873,182.274,188.264,296.106,0.0462,0.0325,0.1448,0.5203,0.00,0.00,0.00,0.00
2994.00,180.000,180.000,170.000,175.000,179.269,179.441,170.205,175.030,179.272,179.450,170.212,175.035,183.873,182.275,188.263,296.055,0.0462,0.0325,0.1448,0.5203,0.00,0.00,0.00,0.00
2995.00,180.000,180.000,170.000,175.000,179.270,179.441,170.205,175.030,179.272,179.450,170.213,175.035,183.872,182.275,188.262,296.005,0.0462,0.0325,0.1448,0.5203,0.00,0.00,0.00,0.00
2996.00,180.000,180.000,170.000,175.000,179.270,179.442,170.206,175.030,179.272,179.451,170.213,175.035,183.872,182.275,188.262,295.955,0.0462,0.0325,0.1448,0.5203,0.00,0.00,0.00,0.00
2997.00,180.000,180.000,170.000,175.000,179.270,179.442,170.206,175.030,179.272,179.451,170.213,175.036,183.872,182.276,188.261,295.906,0.0462,0.0325,0.1448,0.5203,0.00,0.00,0.00,0.00
2998.00,180.000,180.000,170.000,175.000,179.270,179.443,170.206,175.031,179.272,179.452,170.214,175.036,183.871,182.276,188.261,295.857,0.0462,0.0325,0.1448,0.5203,0.00,0.00,0.00,0.00
2999.00,180.000,180.000,170.000,175.000,179.270,179.443,170.207,175.031,179.273,179.452,170.214,175.036,183.871,182.277,188.260,295.809,0.0462,0.0325,0.1448,0.5203,0.00,0.00,0.00,0.00
3000.00,180.000,180.000,170.000,175.000,179.270,179.444,170.207,175.031,179.273,179.453,170.215,175.036,183.870,182.277,188.259,295.761,0.0462,0.0325,0.1448,0.5203,0.00,0.00,0.00,0.00
3001.00,180.000,180.000,170.000,175.000,179.270,179.444,170.207,175.031,179.273,179.453,170.215,175.037,183.870,182.278,188.259,295.714,0.0462,0.0325,0.1448,0.5203,0.00,0.00,0.00,0.00
3002.00,180.000,180.000,170.000,175.000,179.270,179.445,170.208,175.032,179.273,179.453,170.215,175.037,183.870,182.278,188.258,295.666,0.0462,0.0325,0.1448,0.5203,0.00,0.00,0.00,0.00
3003.00,180.000,180.000,170.000,175.000,179.271,179.445,170.208,175.032,179.273,179.454,170.216,175.037,183.869,182.279,188.258,295.620,0.0462,0.0325,0.1448,0.5203,0.00,0.00,0.00,0.00
3004.00,180.000,180.000,170.000,175.000,179.271,179.445,170.209,175.032,179.273,179.454,170.216,175.038,183.869,182.279,188.257,295.573,0.0462,0.0325,0.1448,0.5203,0.00,0.00,0.00,0.00
3005.00,180.000,180.000,170.000,175.000,179.271,179.446,170.209,175.033,179.274,179.455,170.216,175.038,183.869,182.280,188.256,295.528,0.0462,0.0325,0.1448,0.5203,0.00,0.00,0.00,0.00
3006.00,180.000,180.000,170.000,175.000,179.271,179.446,170.209,175.033,179.274,179.455,170.217,175.038,183.868,182.280,188.256,295.482,0.0462,0.0325,0.1448,0.5203,0.00,0.00,0.00,0.00
3007.00,180.000,180.000,170.000,175.000,179.271,179.447,170.210,175.033,179.274,179.456,170.217,175.039,183.868,182.280,188.255,295.437,0.0462,0.0325,0.1448,0.5203,0.00,0.00,0.00,0.00
3008.00,180.000,180.000,170.000,175.000,179.271,179.447,170.210,175.033,179.274,179.456,170.218,175.039,183.868,182.281,188.255,295.392,0.0462,0.0325,0.1447,0.5203,0.00,0.00,0.00,0.00
3009.00,180.000,180.000,170.000,175.000,179.271,179.448,170.210,175.034,179.274,179.457,170.218,175.039,183.868,182.281,188.254,295.348,0.0462,0.0325,0.1447,0.5203,0.00,0.00,0.00,0.00
3010.00,180.000,180.000,170.000,175.000,179.272,179.448,170.211,175.034,179.275,179.457,170.218,175.040,183.867,182.282,188.254,295.304,0.0462,0.0325,0.1447,0.5203,0.00,0.00,0.00,0.00
3011.00,180.000,180.000,170.000,175.000,179.272,179.449,170.211,175.034,179.275,179.458,170.219,175.040,183.867,182.282,188.253,295.260,0.0462,0.0325,0.1447,0.5203,0.00,0.00,0.00,0.00
3012.00,180.000,180.000,170.000,175.000,179.272,179.449,170.212,175.034,179.275,179.458,170.219,175.040,183.867,182.283,188.253,295.217,0.0462,0.0325,0.1447,0.5203,0.00,0.00,0.00,0.00
3013.00,180.000,180.000,170.000,175.000,179.272,179.449,170.212,175.035,179.275,179.458,170.220,175.041,183.866,182.283,188.252,295.175,0.0462,0.0325,0.1447,0.5203,0.00,0.00,0.00,0.00
3014.00,180.000,180.000,170.000,175.000,179.272,179.450,170.212,175.035,179.275,179.459,170.220,175.041,183.866,182.284,188.252,295.132,0.0462,0.0325,0.1447,0.5203,0.00,0.00,0.00,0.00
3015.00,180.000,180.000,170.000,175.000,179.272,179.450,170.213,175.035,179.276,179.459,170.220,175.042,183.866,182.283,188.251,295.090,0.0462,0.0305,0.1447,0.5203,0.00,0.00,0.00,0.00
3016.00,180.000,180.000,170.000,175.000,179.272,179.451,170.213,175.036,179.276,179.460,170.221,175.042,183.866,182.281,188.251,295.049,0.0462,0.0305,0.1447,0.5203,0.00,0.00,0.00,0.00
3017.00,180.000,180.000,170.000,175.000,179.273,179.451,170.213,175.036,179.276,179.460,170.221,175.042,183.865,182.279,188.250,295.007,0.0462,0.0305,0.1447,0.5203,0.00,0.00,0.00,0.00
3018.00,180.000,180.000,170.000,175.000,179.273,179.452,170.214,175.036,179.276,179.461,170.222,175.043,183.865,182.277,188.250,294.966,0.0462,0.0305,0.1447,0.5203,0.00,0.00,0.00,0.00
3019.00,180.000,180.000,170.000,175.000,179.273,179.452,170.214,175.037,179.276,179.461,170.222,175.043,183.865,182.275,188.249,294.926,0.0462,0.0305,0.1447,0.5203,0.00,0.00,0.00,0.00
3020.00,180.000,180.000,170.000,175.000,179.273,179.453,170.215,175.037,179.277,179.462,170.222,175.044,183.865,182.273,188.249,294.886,0.0462,0.0305,0.1447,0.5203,0.00,0.00,0.00,0.00
3021.00,180.000,180.000,170.000,175.000,179.273,179.453,170.215,175.037,179.277,179.462,170.223,175.044,183.864,182.271,188.248,294.846,0.0462,0.0305,0.1447,0.5203,0.00,0.00,0.00,0.00
3022.00,180.000,180.000,170.000,175.000,179.273,179.453,170.215,175.038,179.277,179.462,170.223,175.044,183.864,182.269,188.248,294.806,0.0462,0.0305,0.1447,0.5203,0.00,0.00,0.00,0.00
3023.00,180.000,180.000,170.000,175.000,179.274,179.454,170.216,175.038,179.277,179.463,170.223,175.045,183.864,182.267,188.247,294.767,0.0462,0.0305,0.1447,0.5203,0.00,0.00,0.00,0.00
3024.00,180.000,180.000,170.000,175.000,179.274,179.454,170.216,175.038,179.277,179.463,170.224,175.045,183.864,182.265,188.247,294.728,0.0462,0.0305,0.1447,0.5203,0.00,0.00,0.00,0.00
3025.00,180.000,180.000,170.000,175.000,179.274,179.455,170.216,175.039,179.278,179.464,170.224,175.046,183.863,182.263,188.247,294.690,0.0462,0.0305,0.1447,0.5203,0.00,0.00,0.00,0.00
3026.00,180.000,180.000,170.000,175.000,179.274,179.455,170.217,175.039,179.278,179.464,170.225,175.046,183.863,182.261,188.246,294.652,0.0462,0.0305,0.1447,0.5203,0.00,0.00,0.00,0.00
3027.00,180.000,180.000,170.000,175.000,179.274,179.456,170.217,175.039,179.278,179.465,170.225,175.047,183.863,182.259,188.246,294.614,0.0462,0.0305,0.1447,0.5203,0.00,0.00,0.00,0.00
3028.00,180.000,180.000,170.000,175.000,179.275,179.456,170.218,175.040,179.278,179.465,170.225,175.047,183.863,182.258,188.245,294.576,0.0462,0.0305,0.1447,0.5203,0.00,0.00,0.00,0.00
3029.00,180.000,180.000,170.000,175.000,179.275,179.457,170.218,175.040,179.279,179.465,170.226,175.048,183.862,182.256,188.245,294.539,0.0462,0.0305,0.1447,0.5203,0.00,0.00,0.00,0.00
3030.00,180.000,180.000,170.000,175.000,179.275,179.457,170.218,175.040,179.279,179.466,170.226,175.048,183.862,182.254,188.245,294.502,0.0462,0.0305,0.1447,0.5203,0.00,0.00,0.00,0.00
3031.00,180.000,180.000,170.000,175.000,179.275,179.457,170.219,175.041,179.279,179.466,170.227,175.049,183.862,182.252,188.244,294.466,0.0462,0.0305,0.1447,0.5203,0.00,0.00,0.00,0.00
3032.00,180.000,180.000,170.000,175.000,179.275,179.458,170.219,175.041,179.279,179.467,170.227,175.049,183.862,182.250,188.244,294.430,0.0462,0.0305,0.1447,0.5203,0.00,0.00,0.00,0.00
3033.00,180.000,180.000,170.000,175.000,179.276,179.458,170.220,175.042,179.279,179.467,170.227,175.050,183.862,182.249,188.244,294.394,0.0462,0.0305,0.1447,0.5203,0.00,0.00,0.00,0.00
3034.00,180.000,180.000,170.000,175.000,179.276,179.459,170.220,175.042,179.280,179.467,170.228,175.050,183.861,182.247,188.243,294.359,0.0462,0.0306,0.1447,0.5203,0.00,0.00,0.00,0.00
3035.00,180.000,180.000,170.000,175.000,179.276,179.459,170.220,175.042,179.280,179.468,170.228,175.051,183.861,182.245,188.243,294.323,0.0462,0.0306,0.1447,0.5203,0.00,0.00,0.00,0.00
3036.00,180.000,180.000,170.000,175.000,179.276,179.460,170.221,175.043,179.280,179.468,170.229,175.051,183.861,182.243,188.242,294.288,0.0462,0.0306,0.1447,0.5203,0.00,0.00,0.00,0.00
3037.00,180.000,180.000,170.000,175.000,179.276,179.460,170.221,175.043,179.280,179.469,170.229,175.052,183.861,182.242,188.242,294.254,0.0462,0.0306,0.1446,0.5203,0.00,0.00,0.00,0.00
3038.00,180.000,180.000,170.000,175.000,179.277,179.460,170.222,175.044,179.281,179.469,170.230,175.053,183.861,182.240,188.242,294.220,0.0462,0.0306,0.1446,0.5203,0.00,0.00,0.00,0.00
3039.00,180.000,180.000,170.000,175.000,179.277,179.461,170.222,175.044,179.281,179.469,170.230,175.053,183.861,182.238,188.241,294.186,0.0462,0.0306,0.1446,0.5203,0.00,0.00,0.00,0.00
3040.00,180.000,180.000,170.000,175.000,179.277,179.461,170.222,175.045,179.281,179.470,170.230,175.054,183.860,182.237,188.241,294.152,0.0462,0.0306,0.1446,0.5203,0.00,0.00,0.00,0.00
3041.00,180.000,180.000,170.000,175.000,179.277,179.462,170.223,175.045,179.281,179.470,170.231,175.054,183.860,182.235,188.241,294.119,0.0462,0.0306,0.1446,0.5203,0.00,0.00,0.00,0.00
3042.00,180.000,180.000,170.000,175.000,179.277,179.462,170.223,175.046,179.282,179.470,170.231,175.055,183.860,182.233,188.241,294.086,0.0462,0.0306,0.1446,0.5203,0.00,0.00,0.00,0.00
3043.00,180.000,180.000,170.000,175.000,179.278,179.463,170.224,175.046,179.282,179.471,170.232,175.056,183.860,182.232,188.240,294.053,0.0462,0.0306,0.1446,0.5203,0.00,0.00,0.00,0.00
3044.00,180.000,180.000,170.000,175.000,179.278,179.463,170.224,175.046,179.282,179.471,170.232,175.056,183.860,182.230,188.240,294.020,0.0462,0.0306,0.1446,0.5203,0.00,0.00,0.00,0.00
3045.00,180.000,180.000,170.000,175.000,179.278,179.463,170.224,175.047,179.282,179.472,170.232,175.057,183.860,182.228,188.240,293.988,0.0462,0.0306,0.1446,0.5203,0.00,0.00,0.00,0.00
3046.00,180.000,180.000,170.000,175.000,179.278,179.464,170.225,175.047,179.283,179.472,170.233,175.057,183.860,182.227,188.239,293.956,0.0462,0.0306,0.1446,0.5203,0.00,0.00,0.00,0.00
3047.00,180.000,180.000,170.000,175.000,179.278,179.464,170.225,175.048,179.283,179.472,170.233,175.058,183.859,182.225,188.239,293.925,0.0462,0.0306,0.1446,0.5203,0.00,0.00,0.00,0.00
3048.00,180.000,180.000,170.000,175.000,179.279,179.465,170.226,175.048,179.283,179.473,170.234,175.059,183.859,182.224,188.239,293.893,0.0462,0.0306,0.1446,0.5203,0.00,0.00,0.00,0.00
3049.00,180.000,180.000,170.000,175.000,179.279,179.465,170.226,175.049,179.284,179.473,170.234,175.059,183.859,182.222,188.239,293.862,0.0462,0.0306,0.1446,0.5203,0.00,0.00,0.00,0.00
3050.00,180.000,180.000,170.000,175.000,179.279,179.465,170.226,175.049,179.284,179.473,170.235,175.060,183.859,182.221,188.238,293.831,0.0462,0.0306,0.1446,0.5203,0.00,0.00,0.00,0.00
3051.00,180.000,180.000,170.000,175.000,179.279,179.466,170.227,175.050,179.284,179.474,170.235,175.061,183.859,182.219,188.238,293.801,0.0462,0.0306,0.1446,0.5203,0.00,0.00,0.00,0.00
3052.00,180.000,180.000,170.000,175.000,179.280,179.466,170.227,175.051,179.284,179.474,170.235,175.061,183.859,182.218,188.238,293.679,0.0462,0.0306,0.1446,0.4767,0.00,0.00,0.00,0.00
3053.00,180.000,180.000,170.000,175.000,179.280,179.467,170.228,175.051,179.285,179.474,170.236,175.062,183.859,182.216,188.238,293.557,0.0462,0.0306,0.1446,0.4765,0.00,0.00,0.00,0.00
3054.00,180.000,180.000,170.000,175.000,179.280,179.467,170.228,175.052,179.285,179.475,170.236,175.062,183.859,182.215,188.237,293.437,0.0462,0.0306,0.1446,0.4763,0.00,0.00,0.00,0.00
3055.00,180.000,180.000,170.000,175.000,179.280,179.467,170.228,175.052,179.285,179.475,170.237,175.063,183.859,182.213,188.237,293.318,0.0462,0.0306,0.1446,0.4761,0.00,0.00,0.00,0.00
3056.00,180.000,180.000,170.000,175.000,179.281,179.468,170.229,175.053,179.286,179.475,170.237,175.063,183.858,182.212,188.237,293.200,0.0462,0.0306,0.1446,0.4759,0.00,0.00,0.00,0.00
3057.00,180.000,180.000,170.000,175.000,179.281,179.468,170.229,175.053,179.286,179.476,170.238,175.063,183.858,182.210,188.237,293.079,0.0462,0.0306,0.1446,0.4757,0.00,0.00,0.00,0.00
3058.00,180.000,180.000,170.000,175.000,179.281,179.468,170.230,175.054,179.286,179.476,170.238,175.063,183.858,182.209,188.237,292.959,0.0462,0.0306,0.1446,0.4755,0.00,0.00,0.00,0.00
3059.00,180.000,180.000,170.000,175.000,179.281,179.469,170.230,175.054,179.286,179.476,170.238,175.063,183.858,182.208,188.236,292.840,0.0462,0.0306,0.1446,0.4753,0.00,0.00,0.00,0.00
3060.00,180.000,180.000,170.000,175.000,179.282,179.469,170.230,175.055,179.287,179.477,170.239,175.063,183.858,182.206,188.236,292.722,0.0462,0.0306,0.1446,0.4751,0.00,0.00,0.00,0.00
3061.00,180.000,180.000,170.000,175.000,179.282,179.470,170.231,175.055,179.287,179.477,170.239,175.063,183.858,182.205,188.236,292.605,0.0462,0.0306,0.1446,0.4749,0.00,0.00,0.00,0.00
3062.00,180.000,180.000,170.000,175.000,179.282,179.470,170.231,175.055,179.287,179.477,170.240,175.062,183.858,182.203,188.236,292.489,0.0462,0.0306,0.1446,0.4747,0.00,0.00,0.00,0.00
3063.00,180.000,180.000,170.000,175.000,179.282,179.470,170.232,175.056,179.288,179.478,170.240,175.062,183.858,182.202,188.236,292.374,0.0462,0.0306,0.1446,0.4745,0.00,0.00,0.00,0.00
3064.00,180.000,180.000,170.000,175.000,179.283,179.471,170.232,175.056,179.288,179.478,170.241,175.062,183.858,182.201,188.235,292.259,0.0462,0.0306,0.1446,0.4743,0.00,0.00,0.00,0.00
3065.00,180.000,180.000,170.000,175.000,179.283,179.471,170.233,175.056,179.288,179.478,170.241,175.061,183.858,182.199,188.235,292.146,0.0462,0.0306,0.1446,0.4741,0.00,0.00,0.00,0.00
3066.00,180.000,180.000,170.000,175.000,179.283,179.471,170.233,175.056,179.288,179.479,170.241,175.061,183.858,182.198,188.235,292.034,0.0462,0.0306,0.1446,0.4739,0.00,0.00,0.00,0.00
3067.00,180.000,180.000,170.000,175.000,179.283,179.472,170.233,175.057,179.289,179.479,170.242,175.060,183.858,182.197,188.235,291.919,0.0462,0.0306,0.1445,0.4737,0.00,0.00,0.00,0.00
3068.00,180.000,180.000,170.000,175.000,179.284,179.472,170.234,175.057,179.289,179.479,170.242,175.059,183.858,182.195,188.235,291.805,0.0462,0.0306,0.1445,0.4735,0.00,0.00,0.00,0.00
3069.00,180.000,180.000,170.000,175.000,179.284,179.472,170.234,175.057,179.289,179.479,170.243,175.059,183.857,182.194,188.235,291.691,0.0462,0.0306,0.1445,0.4733,0.00,0.00,0.00,0.00
3070.00,180.000,180.000,170.000,175.000,179.284,179.473,170.235,175.057,179.290,179.480,170.243,175.058,183.857,182.193,188.235,291.579,0.0462,0.0306,0.1445,0.4731,0.00,0.00,0.00,0.00
3071.00,180.000,180.000,170.000,175.000,179.284,179.473,170.235,175.057,179.290,179.480,170.244,175.057,183.857,182.191,188.234,291.467,0.0462,0.0306,0.1445,0.4729,0.00,0.00,0.00,0.00
3072.00,180.000,180.000,170.000,175.000,179.285,179.473,170.235,175.057,179.290,179.480,170.244,175.056,183.857,182.190,188.234,291.357,0.0462,0.0306,0.1445,0.4727,0.00,0.00,0.00,0.00
3073.00,180.000,180.000,170.000,175.000,179.285,179.474,170.236,175.057,179.291,179.481,170.245,175.055,183.857,182.189,188.234,291.248,0.0462,0.0306,0.1445,0.4725,0.00,0.00,0.00,0.00
3074.00,180.000,180.000,170.000,175.000,179.285,179.474,170.236,175.057,179.291,179.481,170.245,175.054,183.857,182.188,188.234,291.139,0.0462,0.0306,0.1445,0.4723,0.00,0.00,0.00,0.00
3075.00,180.000,180.000,170.000,175.000,179.286,179.474,170.237,175.057,179.291,179.481,170.245,175.053,183.857,182.186,188.234,291.031,0.0462,0.0306,0.1445,0.4721,0.00,0.00,0.00,0.00
3076.00,180.000,180.000,170.000,175.000,179.286,179.475,170.237,175.057,179.292,179.481,170.246,175.052,183.857,182.185,188.234,290.925,0.0462,0.0306,0.1445,0.4719,0.00,0.00,0.00,0.00
3077.00,180.000,180.000,170.000,175.000,179.286,179.475,170.238,175.056,179.292,179.482,170.246,175.051,183.857,182.184,188.234,290.815,0.0462,0.0306,0.1445,0.4717,0.00,0.00,0.00,0.00
3078.00,180.000,180.000,170.000,175.000,179.286,179.475,170.238,175.056,179.292,179.482,170.247,175.050,183.857,182.183,188.234,290.706,0.0462,0.0306,0.1445,0.4715,0.00,0.00,0.00,0.00
3079.00,180.000,180.000,170.000,175.000,179.287,179.476,170.238,175.056,179.293,179.482,170.247,175.049,183.857,182.182,188.233,290.597,0.0462,0.0306,0.1445,0.4713,0.00,0.00,0.00,0.00
3080.00,180.000,180.000,170.000,175.000,179.287,179.476,170.239,175.055,179.293,179.483,170.248,175.048,183.857,182.180,188.233,290.490,0.0462,0.0306,0.1445,0.4711,0.00,0.00,0.00,0.00
3081.00,180.000,180.000,170.000,175.000,179.287,179.476,170.239,175.055,179.293,179.483,170.248,175.046,183.857,182.179,188.233,290.384,0.0462,0.0306,0.1445,0.4709,0.00,0.00,0.00,0.00
3082.00,180.000,180.000,170.000,175.000,179.288,179.477,170.240,175.055,179.294,179.483,170.249,175.045,183.857,182.178,188.233,290.279,0.0462,0.0306,0.1445,0.4707,0.00,0.00,0.00,0.00
3083.00,180.000,180.000,170.000,175.000,179.288,179.477,170.240,175.054,179.294,179.483,170.249,175.044,183.857,182.177,188.233,290.174,0.0462,0.0306,0.1445,0.4705,0.00,0.00,0.00,0.00
3084.00,180.000,180.000,170.000,175.000,179.288,179.477,170.241,175.054,179.294,179.484,170.250,175.042,183.857,182.176,188.233,290.071,0.0462,0.0306,0.1445,0.4703,0.00,0.00,0.00,0.00
3085.00,180.000,180.000,170.000,175.000,179.288,179.478,170.241,175.053,179.295,179.484,170.250,175.041,183.857,182.175,188.233,289.968,0.0462,0.0306,0.1445,0.4701,0.00,0.00,0.00,0.00
3086.00,180.000,180.000,170.000,175.000,179.289,179.478,170.242,175.052,179.295,179.484,170.250,175.040,183.857,182.173,188.233,289.866,0.0462,0.0306,0.1445,0.4699,0.00,0.00,0.00,0.00
3087.00,180.000,180.000,170.000,175.000,179.289,179.478,170.242,175.052,179.295,179.484,170.251,175.038,183.857,182.172,188.233,289.761,0.0462,0.0306,0.1445,0.4697,0.00,0.00,0.00,0.00
3088.00,180.000,180.000,170.000,175.000,179.289,179.479,170.242,175.051,179.296,179.485,170.251,175.037,183.857,182.171,188.233,289.657,0.0462,0.0306,0.1445,0.4695,0.00,0.00,0.00,0.00
3089.00,180.000,180.000,170.000,175.000,179.290,179.479,170.243,175.050,179.296,179.485,170.252,175.035,183.857,182.170,188.233,289.553,0.0462,0.0306,0.1445,0.4693,0.00,0.00,0.00,0.00
3090.00,180.000,180.000,170.000,175.000,179.290,179.479,170.243,175.050,179.296,179.485,170.252,175.034,183.857,182.169,188.233,289.497,0.0462,0.0306,0.1445,0.5126,0.00,0.00,0.00,0.00
3091.00,180.000,180.000,170.000,175.000,179.290,179.479,170.244,175.049,179.297,179.486,170.253,175.032,183.857,182.168,188.233,289.487,0.0462,0.0306,0.1445,0.5126,0.00,0.00,0.00,0.00
3092.00,180.000,180.000,170.000,175.000,179.291,179.480,170.244,175.048,179.297,179.486,170.253,175.031,183.857,182.167,188.233,289.477,0.0462,0.0306,0.1445,0.5126,0.00,0.00,0.00,0.00
3093.00,180.000,180.000,170.000,175.000,179.291,179.480,170.245,175.047,179.297,179.486,170.254,175.030,183.857,182.166,188.233,289.467,0.0462,0.0306,0.1445,0.5126,0.00,0.00,0.00,0.00
3094.00,180.000,180.000,170.000,175.000,179.291,179.480,170.245,175.046,179.298,179.486,170.254,175.029,183.857,182.165,188.233,289.458,0.0462,0.0306,0.1445,0.5126,0.00,0.00,0.00,0.00
3095.00,180.000,180.000,170.000,175.000,179.292,179.481,170.246,175.045,179.298,179.487,170.255,175.027,183.857,182.164,188.233,289.448,0.0462,0.0306,0.1445,0.5126,0.00,0.00,0.00,0.00
3096.00,180.000,180.000,170.000,175.000,179.292,179.481,170.246,175.045,179.298,179.487,170.255,175.026,183.857,182.163,188.233,289.438,0.0462,0.0306,0.1444,0.5126,0.00,0.00,0.00,0.00
3097.00,180.000,180.000,170.000,175.000,179.292,179.481,170.246,175.044,179.299,179.487,170.256,175.026,183.857,182.162,188.233,289.429,0.0462,0.0306,0.1444,0.5126,0.00,0.00,0.00,0.00
3098.00,180.000,180.000,170.000,175.000,179.293,179.482,170.247,175.043,179.299,179.487,170.256,175.025,183.857,182.161,188.233,289.419,0.0462,0.0306,0.1444,0.5126,0.00,0.00,0.00,0.00
3099.00,180.000,180.000,170.000,175.000,179.293,179.482,170.247,175.042,179.300,179.488,170.257,175.024,183.858,182.160,188.233,289.410,0.0462,0.0306,0.1444,0.5126,0.00,0.00,0.00,0.00
3100.00,180.000,180.000,170.000,175.000,179.293,179.482,170.248,175.041,179.300,179.488,170.257,175.023,183.858,182.159,188.233,289.401,0.0462,0.0307,0.1444,0.5126,0.00,0.00,0.00,0.00
3101.00,180.000,180.000,170.000,175.000,179.294,179.482,170.248,175.040,179.300,179.488,170.258,175.022,183.858,182.158,188.233,289.392,0.0462,0.0307,0.1444,0.5126,0.00,0.00,0.00,0.00
3102.00,180.000,180.000,170.000,175.000,179.294,179.483,170.249,175.039,179.301,179.488,170.258,175.022,183.858,182.157,188.233,289.382,0.0462,0.0307,0.1444,0.5126,0.00,0.00,0.00,0.00
3103.00,180.000,180.000,170.000,175.000,179.294,179.483,170.249,175.038,179.301,179.489,170.259,175.021,183.858,182.156,188.233,289.373,0.0462,0.0307,0.1444,0.5126,0.00,0.00,0.00,0.00
3104.00,180.000,180.000,170.000,175.000,179.295,179.483,170.250,175.038,179.301,179.489,170.259,175.021,183.858,182.155,188.233,289.364,0.0462,0.0307,0.1444,0.5126,0.00,0.00,0.00,0.00
3105.00,180.000,180.000,170.000,175.000,179.295,179.483,170.250,175.037,179.302,179.489,170.260,175.020,183.858,182.154,188.231,289.356,0.0462,0.0307,0.1424,0.5126,0.00,0.00,0.00,0.00
3106.00,180.000,180.000,170.000,175.000,179.295,179.484,170.251,175.036,179.302,179.489,170.260,175.020,183.858,182.153,188.229,289.347,0.0462,0.0307,0.1424,0.5126,0.00,0.00,0.00,0.00
3107.00,180.000,180.000,170.000,175.000,179.296,179.484,170.251,175.035,179.302,179.490,170.261,175.020,183.858,182.152,188.227,289.338,0.0462,0.0307,0.1424,0.5126,0.00,0.00,0.00,0.00
3108.00,180.000,180.000,170.000,175.000,179.296,179.484,170.252,175.034,179.303,179.490,170.261,175.019,183.858,182.151,188.224,289.329,0.0462,0.0307,0.1424,0.5126,0.00,0.00,0.00,0.00
3109.00,180.000,180.000,170.000,175.000,179.296,179.485,170.252,175.034,179.303,179.490,170.261,175.019,183.858,182.150,188.222,289.321,0.0462,0.0307,0.1424,0.5126,0.00,0.00,0.00,0.00
3110.00,180.000,180.000,170.000,175.000,179.297,179.485,170.252,175.033,179.304,179.490,170.262,175.019,183.858,182.149,188.219,289.312,0.0462,0.0307,0.1424,0.5126,0.00,0.00,0.00,0.00
3111.00,180.000,180.000,170.000,175.000,179.297,179.485,170.253,175.032,179.304,179.490,170.262,175.019,183.858,182.148,188.217,289.304,0.0462,0.0307,0.1424,0.5126,0.00,0.00,0.00,0.00
3112.00,180.000,180.000,170.000,175.000,179.297,179.485,170.253,175.032,179.304,179.491,170.263,175.019,183.858,182.147,188.215,289.295,0.0462,0.0307,0.1424,0.5126,0.00,0.00,0.00,0.00
3113.00,180.000,180.000,170.000,175.000,179.298,179.486,170.254,175.031,179.305,179.491,170.263,175.019,183.858,182.146,188.213,289.287,0.0462,0.0307,0.1424,0.5126,0.00,0.00,0.00,0.00
3114.00,180.000,180.000,170.000,175.000,179.298,179.486,170.254,175.030,179.305,179.491,170.264,175.019,183.859,182.146,188.210,289.279,0.0462,0.0307,0.1424,0.5126,0.00,0.00,0.00,0.00
3115.00,180.000,180.000,170.000,175.000,179.298,179.486,170.255,175.030,179.306,179.491,170.264,175.019,183.859,182.145,188.208,289.271,0.0462,0.0307,0.1424,0.5126,0.00,0.00,0.00,0.00
3116.00,180.000,180.000,170.000,175.000,179.299,179.486,170.255,175.029,179.306,179.492,170.265,175.019,183.859,182.144,188.206,289.263,0.0462,0.0307,0.1424,0.5126,0.00,0.00,0.00,0.00
3117.00,180.000,180.000,170.000,175.000,179.299,179.487,170.256,175.029,179.306,179.492,170.265,175.019,183.859,182.143,188.204,289.255,0.0462,0.0307,0.1424,0.5126,0.00,0.00,0.00,0.00
3118.00,180.000,180.000,170.000,175.000,179.299,179.487,170.256,175.028,179.307,179.492,170.266,175.019,183.859,182.142,188.201,289.247,0.0462,0.0307,0.1424,0.5126,0.00,0.00,0.00,0.00
3119.00,180.000,180.000,170.000,175.000,179.300,179.487,170.257,175.028,179.307,179.492,170.266,175.019,183.859,182.141,188.199,289.239,0.0462,0.0307,0.1423,0.5126,0.00,0.00,0.00,0.00
3120.00,180.000,180.000,170.000,175.000,179.300,179.487,170.257,175.027,179.308,179.492,170.267,175.019,183.859,182.140,188.197,289.231,0.0462,0.0307,0.1423,0.5126,0.00,0.00,0.00,0.00
3121.00,180.000,180.000,170.000,175.000,179.301,179.488,170.258,175.027,179.308,179.493,170.267,175.019,183.859,182.140,188.195,289.224,0.0462,0.0307,0.1423,0.5126,0.00,0.00,0.00,0.00
3122.00,180.000,180.000,170.000,175.000,179.301,179.488,170.258,175.027,179.308,179.493,170.267,175.020,183.859,182.139,188.193,289.216,0.0462,0.0307,0.1423,0.5126,0.00,0.00,0.00,0.00
3123.00,180.000,180.000,170.000,175.000,179.301,179.488,170.259,175.026,179.309,179.493,170.268,175.020,183.859,182.138,188.191,289.209,0.0462,0.0307,0.1423,0.5126,0.00,0.00,0.00,0.00
3124.00,180.000,180.000,170.000,175.000,179.302,179.488,170.259,175.026,179.309,179.493,170.268,175.020,183.860,182.137,188.189,289.201,0.0462,0.0307,0.1423,0.5126,0.00,0.00,0.00,0.00
3125.00,180.000,180.000,170.000,175.000,179.302,179.489,170.259,175.026,179.310,179.494,170.269,175.021,183.860,182.136,188.187,289.194,0.0462,0.0307,0.1423,0.5126,0.00,0.00,0.00,0.00
3126.00,180.000,180.000,170.000,175.000,179.302,179.489,170.260,175.025,179.310,179.494,170.269,175.021,183.860,182.136,188.185,289.186,0.0462,0.0307,0.1423,0.5126,0.00,0.00,0.00,0.00
3127.00,180.000,180.000,170.000,175.000,179.303,179.489,170.260,175.025,179.310,179.494,170.270,175.021,183.860,182.135,188.183,289.179,0.0462,0.0307,0.1423,0.5126,0.00,0.00,0.00,0.00
3128.00,180.000,180.000,170.000,175.000,179.303,179.489,170.261,175.025,179.311,179.494,170.270,175.022,183.860,182.134,188.181,289.172,0.0462,0.0307,0.1423,0.5126,0.00,0.00,0.00,0.00
3129.00,180.000,180.000,170.000,175.000,179.304,179.490,170.261,175.025,179.311,179.494,170.270,175.022,183.860,182.133,188.179,289.165,0.0462,0.0307,0.1423,0.5126,0.00,0.00,0.00,0.00
3130.00,180.000,180.000,170.000,175.000,179.304,179.490,170.262,175.025,179.312,179.495,170.271,175.023,183.860,182.132,188.177,289.158,0.0462,0.0307,0.1423,0.5126,0.00,0.00,0.00,0.00
3131.00,180.000,180.000,170.000,175.000,179.304,179.490,170.262,175.025,179.312,179.495,170.271,175.023,183.860,182.132,188.175,289.151,0.0462,0.0307,0.1423,0.5126,0.00,0.00,0.00,0.00
3132.00,180.000,180.000,170.000,175.000,179.305,179.490,170.263,175.025,179.312,179.495,170.272,175.024,183.861,182.131,188.173,289.144,0.0462,0.0307,0.1423,0.5126,0.00,0.00,0.00,0.00
3133.00,180.000,180.000,170.000,175.000,179.305,179.491,170.263,175.025,179.313,179.495,170.272,175.024,183.861,182.130,188.171,289.137,0.0462,0.0307,0.1423,0.5126,0.00,0.00,0.00,0.00
3134.00,180.000,180.000,170.000,175.000,179.305,179.491,170.264,175.025,179.313,179.496,170.272,175.025,183.861,182.129,188.169,289.130,0.0462,0.0307,0.1423,0.5126,0.00,0.00,0.00,0.00
3135.00,180.000,180.000,170.000,175.000,179.306,179.491,170.264,175.025,179.314,179.496,170.273,175.025,183.861,182.129,188.167,289.123,0.0462,0.0307,0.1423,0.5126,0.00,0.00,0.00,0.00
3136.00,180.000,180.000,170.000,175.000,179.306,179.491,170.264,175.025,179.314,179.496,170.273,175.026,183.861,182.128,188.165,289.117,0.0462,0.0307,0.1423,0.5126,0.00,0.00,0.00,0.00
3137.00,180.000,180.000,170.000,175.000,179.307,179.492,170.265,175.025,179.315,179.496,170.274,175.027,183.861,182.127,188.163,289.110,0.0462,0.0307,0.1423,0.5126,0.00,0.00,0.00,0.00
3138.00,180.000,180.000,170.000,175.000,179.307,179.492,170.265,175.025,179.315,179.496,170.274,175.027,183.861,182.126,188.161,289.104,0.0462,0.0307,0.1422,0.5126,0.00,0.00,0.00,0.00
3139.00,180.000,180.000,170.000,175.000,179.307,179.492,170.266,175.025,179.315,179.497,170.274,175.028,183.862,182.126,188.160,289.097,0.0462,0.0307,0.1422,0.5126,0.00,0.00,0.00,0.00
3140.00,180.000,180.000,170.000,175.000,179.308,179.492,170.266,175.025,179.316,179.497,170.275,175.029,183.862,182.125,188.158,289.091,0.0462,0.0307,0.1422,0.5126,0.00,0.00,0.00,0.00
3141.00,180.000,180.000,170.000,175.000,179.308,179.492,170.267,175.025,179.316,179.497,170.275,175.029,183.862,182.124,188.156,289.085,0.0462,0.0307,0.1422,0.5126,0.00,0.00,0.00,0.00
3142.00,180.000,180.000,170.000,175.000,179.309,179.493,170.267,175.025,179.317,179.497,170.276,175.030,183.862,182.124,188.154,289.078,0.0462,0.0307,0.1422,0.5126,0.00,0.00,0.00,0.00
3143.00,180.000,180.000,170.000,175.000,179.309,179.493,170.267,175.026,179.317,179.497,170.276,175.031,183.862,182.123,188.153,289.072,0.0462,0.0307,0.1422,0.5126,0.00,0.00,0.00,0.00
3144.00,180.000,180.000,170.000,175.000,179.309,179.493,170.268,175.026,179.318,179.498,170.276,175.031,183.862,182.122,188.151,289.066,0.0462,0.0307,0.1422,0.5126,0.00,0.00,0.00,0.00
3145.00,180.000,180.000,170.000,175.000,179.310,179.493,170.268,175.026,179.318,179.498,170.277,175.032,183.862,182.122,188.149,289.060,0.0462,0.0307,0.1422,0.5126,0.00,0.00,0.00,0.00
3146.00,180.000,180.000,170.000,175.000,179.310,179.494,170.269,175.026,179.318,179.498,170.277,175.033,183.863,182.121,188.148,289.054,0.0462,0.0307,0.1422,0.5126,0.00,0.00,0.00,0.00
3147.00,180.000,180.000,170.000,175.000,179.311,179.494,170.269,175.027,179.319,179.498,170.278,175.034,183.863,182.120,188.146,289.048,0.0462,0.0307,0.1422,0.5126,0.00,0.00,0.00,0.00
3148.00,180.000,180.000,170.000,175.000,179.311,179.494,170.270,175.027,179.319,179.498,170.278,175.035,183.863,182.120,188.144,289.042,0.0462,0.0307,0.1422,0.5126,0.00,0.00,0.00,0.00
3149.00,180.000,180.000,170.000,175.000,179.311,179.494,170.270,175.028,179.320,179.499,170.278,175.036,183.863,182.119,188.143,289.036,0.0462,0.0307,0.1422,0.5126,0.00,0.00,0.00,0.00
3150.00,180.000,180.000,170.000,175.000,179.312,179.494,170.270,175.028,179.320,179.499,170.279,175.036,183.863,182.118,188.141,289.030,0.0462,0.0307,0.1422,0.5126,0.00,0.00,0.00,0.00
3151.00,180.000,180.000,170.000,175.000,179.312,179.495,170.271,175.028,179.321,179.499,170.279,175.037,183.863,182.118,188.139,289.025,0.0462,0.0307,0.1422,0.5126,0.00,0.00,0.00,0.00
3152.00,180.000,180.000,170.000,175.000,179.313,179.495,170.271,175.029,179.321,179.499,170.280,175.038,183.864,182.117,188.138,289.019,0.0462,0.0307,0.1422,0.5126,0.00,0.00,0.00,0.00
3153.00,180.000,180.000,170.000,175.000,179.313,179.495,170.272,175.029,179.322,179.499,170.280,175.039,183.864,182.117,188.136,289.014,0.0462,0.0307,0.1422,0.5126,0.00,0.00,0.00,0.00
3154.00,180.000,180.000,170.000,175.000,179.314,179.495,170.272,175.030,179.322,179.500,170.280,175.040,183.864,182.116,188.135,289.008,0.0462,0.0307,0.1422,0.5126,0.00,0.00,0.00,0.00
3155.00,180.000,180.000,170.000,175.000,179.314,179.495,170.272,175.030,179.322,179.500,170.281,175.041,183.864,182.115,188.133,289.003,0.0462,0.0307,0.1422,0.5126,0.00,0.00,0.00,0.00
3156.00,180.000,180.000,170.000,175.000,179.314,179.496,170.273,175.031,179.323,179.500,170.281,175.042,183.864,182.115,188.131,288.997,0.0462,0.0307,0.1422,0.5126,0.00,0.00,0.00,0.00
3157.00,180.000,180.000,170.000,175.000,179.315,179.496,170.273,175.031,179.323,179.500,170.281,175.043,183.865,182.114,188.130,288.992,0.0462,0.0307,0.1422,0.5126,0.00,0.00,0.00,0.00
3158.00,180.000,180.000,170.000,175.000,179.315,179.496,170.274,175.032,179.324,179.500,170.282,175.044,183.865,182.113,188.128,288.987,0.0462,0.0307,0.1421,0.5126,0.00,0.00,0.00,0.00
3159.00,180.000,180.000,170.000,175.000,179.316,179.496,170.274,175.033,179.324,179.501,170.282,175.045,183.865,182.113,188.127,288.981,0.0462,0.0307,0.1421,0.5126,0.00,0.00,0.00,0.00
3160.00,180.000,180.000,170.000,175.000,179.316,179.497,170.274,175.033,179.325,179.501,170.283,175.046,183.865,182.112,188.125,288.976,0.0462,0.0307,0.1421,0.5126,0.00,0.00,0.00,0.00
3161.00,180.000,180.000,170.000,175.000,179.317,179.497,170.275,175.034,179.325,179.501,170.283,175.047,183.865,182.112,188.124,288.971,0.0462,0.0307,0.1421,0.5126,0.00,0.00,0.00,0.00
3162.00,180.000,180.000,170.000,175.000,179.317,179.497,170.275,175.034,179.326,179.501,170.283,175.048,183.865,182.111,188.123,288.966,0.0462,0.0307,0.1421,0.5126,0.00,0.00,0.00,0.00
3163.00,180.000,180.000,170.000,175.000,179.317,179.497,170.276,175.035,179.326,179.501,170.284,175.049,183.866,182.111,188.121,288.961,0.0462,0.0307,0.1421,0.5126,0.00,0.00,0.00,0.00
3164.00,180.000,180.000,170.000,175.000,179.318,179.497,170.276,175.036,179.327,179.502,170.284,175.050,183.866,182.110,188.120,288.956,0.0462,0.0307,0.1421,0.5126,0.00,0.00,0.00,0.00
3165.00,180.000,180.000,170.000,175.000,179.318,179.498,170.276,175.037,179.327,179.502,170.284,175.051,183.866,182.109,188.118,288.951,0.0462,0.0307,0.1421,0.5126,0.00,0.00,0.00,0.00
3166.00,180.000,180.000,170.000,175.000,179.319,179.498,170.277,175.037,179.328,179.502,170.285,175.052,183.866,182.109,188.117,288.946,0.0462,0.0307,0.1421,0.5126,0.00,0.00,0.00,0.00
3167.00,180.000,180.000,170.000,175.000,179.319,179.498,170.277,175.038,179.328,179.502,170.285,175.053,183.866,182.108,188.116,288.942,0.0462,0.0308,0.1421,0.5126,0.00,0.00,0.00,0.00
3168.00,180.000,180.000,170.000,175.000,179.320,179.498,170.278,175.039,179.328,179.502,170.285,175.055,183.867,182.108,188.114,288.937,0.0462,0.0308,0.1421,0.5126,0.00,0.00,0.00,0.00
3169.00,180.000,180.000,170.000,175.000,179.320,179.498,170.278,175.040,179.329,179.503,170.286,175.056,183.867,182.107,188.113,288.932,0.0462,0.0308,0.1421,0.5126,0.00,0.00,0.00,0.00
3170.00,180.000,180.000,170.000,175.000,179.320,179.499,170.278,175.040,179.329,179.503,170.286,175.057,183.867,182.107,188.111,288.928,0.0462,0.0308,0.1421,0.5126,0.00,0.00,0.00,0.00
3171.00,180.000,180.000,170.000,175.000,179.321,179.499,170.279,175.041,179.330,179.503,170.286,175.058,183.867,182.106,188.110,288.923,0.0462,0.0308,0.1421,0.5126,0.00,0.00,0.00,0.00
3172.00,180.000,180.000,170.000,175.000,179.321,179.499,170.279,175.042,179.330,179.503,170.287,175.059,183.868,182.106,188.109,288.918,0.0462,0.0308,0.1421,0.5126,0.00,0.00,0.00,0.00
3173.00,180.000,180.000,170.000,175.000,179.322,179.499,170.279,175.043,179.331,179.503,170.287,175.060,183.868,182.105,188.108,288.914,0.0462,0.0308,0.1421,0.5126,0.00,0.00,0.00,0.00
3174.00,180.000,180.000,170.000,175.000,179.322,179.499,170.280,175.044,179.331,179.504,170.287,175.062,183.868,182.105,188.106,288.910,0.0462,0.0308,0.1421,0.5126,0.00,0.00,0.00,0.00
3175.00,180.000,180.000,170.000,175.000,179.323,179.500,170.280,175.045,179.332,179.504,170.288,175.063,183.868,182.104,188.105,288.905,0.0462,0.0308,0.1421,0.5126,0.00,0.00,0.00,0.00
3176.00,180.000,180.000,170.000,175.000,179.323,179.500,170.281,175.046,179.332,179.504,170.288,175.064,183.868,182.104,188.104,288.901,0.0462,0.0308,0.1421,0.5126,0.00,0.00,0.00,0.00
3177.00,180.000,180.000,170.000,175.000,179.324,179.500,170.281,175.046,179.333,179.504,170.289,175.065,183.869,182.103,188.102,288.897,0.0462,0.0308,0.1421,0.5126,0.00,0.00,0.00,0.00
3178.00,180.000,180.000,170.000,175.000,179.324,179.500,170.281,175.047,179.333,179.504,170.289,175.067,183.869,182.103,188.101,288.892,0.0462,0.0308,0.1420,0.5126,0.00,0.00,0.00,0.00
3179.00,180.000,180.000,170.000,175.000,179.324,179.500,170.282,175.048,179.334,179.505,170.289,175.068,183.869,182.102,188.100,288.888,0.0462,0.0308,0.1420,0.5126,0.00,0.00,0.00,0.00
3180.00,180.000,180.000,170.000,175.000,179.325,179.501,170.282,175.049,179.334,179.505,170.290,175.069,183.869,182.102,188.099,288.884,0.0462,0.0308,0.1420,0.5126,0.00,0.00,0.00,0.00
3181.00,180.000,180.000,170.000,175.000,179.325,179.501,170.282,175.050,179.335,179.505,170.290,175.070,183.870,182.101,188.098,288.834,0.0462,0.0308,0.1420,0.4691,0.00,0.00,0.00,0.00
3182.00,180.000,180.000,170.000,175.000,179.326,179.501,170.283,175.051,179.335,179.505,170.290,175.071,183.870,182.101,188.096,288.738,0.0462,0.0308,0.1420,0.4689,0.00,0.00,0.00,0.00
3183.00,180.000,180.000,170.000,175.000,179.326,179.501,170.283,175.052,179.336,179.505,170.291,175.073,183.870,182.100,188.095,288.644,0.0462,0.0308,0.1420,0.4687,0.00,0.00,0.00,0.00
3184.00,180.000,180.000,170.000,175.000,179.327,179.501,170.284,175.053,179.336,179.506,170.291,175.073,183.870,182.100,188.094,288.550,0.0462,0.0308,0.1420,0.4685,0.00,0.00,0.00,0.00
3185.00,180.000,180.000,170.000,175.000,179.327,179.502,170.284,175.054,179.337,179.506,170.291,175.074,183.870,182.099,188.093,288.457,0.0462,0.0308,0.1420,0.4683,0.00,0.00,0.00,0.00
3186.00,180.000,180.000,170.000,175.000,179.328,179.502,170.284,175.055,179.337,179.506,170.292,175.075,183.871,182.099,188.092,288.364,0.0462,0.0308,0.1420,0.4681,0.00,0.00,0.00,0.00
3187.00,180.000,180.000,170.000,175.000,179.328,179.502,170.285,175.056,179.338,179.506,170.292,175.076,183.871,182.098,188.091,288.273,0.0462,0.0308,0.1420,0.4679,0.00,0.00,0.00,0.00
3188.00,180.000,180.000,170.000,175.000,179.329,179.502,170.285,175.057,179.338,179.506,170.292,175.076,183.871,182.098,188.087,288.178,0.0462,0.0308,0.1420,0.4677,0.00,0.00,0.00,0.00
3189.00,180.000,180.000,170.000,175.000,179.329,179.502,170.285,175.058,179.339,179.507,170.293,175.077,183.871,182.098,188.083,288.084,0.0462,0.0308,0.1420,0.4675,0.00,0.00,0.00,0.00
3190.00,180.000,180.000,170.000,175.000,179.330,179.503,170.286,175.059,179.339,179.507,170.293,175.077,183.872,182.097,188.080,287.991,0.0462,0.0308,0.1420,0.4673,0.00,0.00,0.00,0.00
3191.00,180.000,180.000,170.000,175.000,179.330,179.503,170.286,175.060,179.340,179.507,170.293,175.078,183.872,182.097,188.076,287.898,0.0462,0.0308,0.1420,0.4671,0.00,0.00,0.00,0.00
3192.00,180.000,180.000,170.000,175.000,179.331,179.503,170.286,175.061,179.340,179.507,170.294,175.078,183.872,182.096,188.073,287.806,0.0462,0.0308,0.1420,0.4669,0.00,0.00,0.00,0.00
3193.00,180.000,180.000,170.000,175.000,179.331,179.503,170.287,175.062,179.341,179.507,170.294,175.078,183.872,182.096,188.069,287.716,0.0462,0.0308,0.1420,0.4667,0.00,0.00,0.00,0.00
3194.00,180.000,180.000,170.000,175.000,179.331,179.503,170.287,175.062,179.341,179.507,170.294,175.078,183.873,182.095,188.066,287.626,0.0462,0.0308,0.1420,0.4665,0.00,0.00,0.00,0.00
3195.00,180.000,180.000,170.000,175.000,179.332,179.504,170.287,175.063,179.342,179.508,170.294,175.079,183.873,182.095,188.063,287.536,0.0462,0.0308,0.1420,0.4663,0.00,0.00,0.00,0.00
3196.00,180.000,180.000,170.000,175.000,179.332,179.504,170.288,175.064,179.342,179.508,170.295,175.079,183.873,182.095,188.059,287.448,0.0462,0.0308,0.1420,0.4661,0.00,0.00,0.00,0.00
3197.00,180.000,180.000,170.000,175.000,179.333,179.504,170.288,175.065,179.343,179.508,170.295,175.079,183.873,182.094,188.056,287.360,0.0462,0.0308,0.1419,0.4659,0.00,0.00,0.00,0.00
3198.00,180.000,180.000,170.000,175.000,179.333,179.504,170.289,175.065,179.343,179.508,170.295,175.079,183.874,182.094,188.052,287.269,0.0462,0.0308,0.1419,0.4657,0.00,0.00,0.00,0.00
3199.00,180.000,180.000,170.000,175.000,179.334,179.504,170.289,175.066,179.344,179.508,170.296,175.078,183.874,182.093,188.049,287.178,0.0462,0.0308,0.1419,0.4655,0.00,0.00,0.00,0.00
3200.00,180.000,180.000,170.000,175.000,179.334,179.505,170.289,175.067,179.344,179.509,170.296,175.078,183.874,182.093,188.046,287.089,0.0462,0.0308,0.1419,0.4653,0.00,0.00,0.00,0.00
3201.00,180.000,180.000,170.000,175.000,179.335,179.505,170.290,175.067,179.345,179.509,170.296,175.078,183.875,182.093,188.043,287.000,0.0462,0.0308,0.1419,0.4651,0.00,0.00,0.00,0.00
3202.00,180.000,180.000,170.000,175.000,179.335,179.505,170.290,175.068,179.345,179.509,170.296,175.078,183.875,182.092,188.039,286.912,0.0462,0.0308,0.1419,0.4649,0.00,0.00,0.00,0.00
3203.00,180.000,180.000,170.000,175.000,179.336,179.505,170.290,175.068,179.346,179.509,170.297,175.077,183.875,182.092,188.036,286.825,0.0462,0.0308,0.1419,0.4647,0.00,0.00,0.00,0.00
3204.00,180.000,180.000,170.000,175.000,179.336,179.505,170.290,175.069,179.346,179.509,170.297,175.077,183.875,182.092,188.033,286.738,0.0462,0.0308,0.1419,0.4645,0.00,0.00,0.00,0.00
3205.00,180.000,180.000,170.000,175.000,179.337,179.506,170.291,175.069,179.347,179.510,170.297,175.077,183.876,182.091,188.030,286.652,0.0462,0.0308,0.1419,0.4643,0.00,0.00,0.00,0.00
3206.00,180.000,180.000,170.000,175.000,179.337,179.506,170.291,175.069,179.347,179.510,170.297,175.076,183.876,182.091,188.027,286.567,0.0462,0.0308,0.1419,0.4641,0.00,0.00,0.00,0.00
3207.00,180.000,180.000,170.000,175.000,179.338,179.506,170.291,175.070,179.348,179.510,170.298,175.076,183.876,182.090,188.024,286.483,0.0462,0.0308,0.1419,0.4639,0.00,0.00,0.00,0.00
3208.00,180.000,180.000,170.000,175.000,179.338,179.506,170.292,175.070,179.348,179.510,170.298,175.075,183.876,182.090,188.021,286.395,0.0462,0.0308,0.1419,0.4637,0.00,0.00,0.00,0.00
3209.00,180.000,180.000,170.000,175.000,179.339,179.506,170.292,175.070,179.349,179.510,170.298,175.075,183.877,182.090,188.018,286.308,0.0462,0.0308,0.1419,0.4635,0.00,0.00,0.00,0.00
3210.00,180.000,180.000,170.000,175.000,179.339,179.507,170.292,175.070,179.349,179.511,170.298,175.074,183.877,182.089,188.015,286.222,0.0462,0.0308,0.1419,0.4633,0.00,0.00,0.00,0.00
3211.00,180.000,180.000,170.000,175.000,179.340,179.507,170.293,175.071,179.350,179.511,170.299,175.073,183.877,182.089,188.012,286.136,0.0462,0.0308,0.1419,0.4631,0.00,0.00,0.00,0.00
3212.00,180.000,180.000,170.000,175.000,179.340,179.507,170.293,175.071,179.350,179.511,170.299,175.073,183.878,182.089,188.009,286.051,0.0462,0.0308,0.1419,0.4629,0.00,0.00,0.00,0.00
3213.00,180.000,180.000,170.000,175.000,179.341,179.507,170.293,175.071,179.351,179.511,170.299,175.072,183.878,182.088,188.006,285.967,0.0462,0.0308,0.1419,0.4627,0.00,0.00,0.00,0.00
3214.00,180.000,180.000,170.000,175.000,179.341,179.507,170.294,175.071,179.351,179.511,170.299,175.071,183.878,182.088,188.003,285.884,0.0462,0.0308,0.1419,0.4625,0.00,0.00,0.00,0.00
3215.00,180.000,180.000,170.000,175.000,179.342,179.508,170.294,175.071,179.352,179.512,170.299,175.070,183.878,182.088,188.000,285.801,0.0462,0.0308,0.1419,0.4623,0.00,0.00,0.00,0.00
3216.00,180.000,180.000,170.000,175.000,179.342,179.508,170.294,175.071,179.352,179.512,170.300,175.070,183.879,182.087,187.997,285.719,0.0462,0.0308,0.1419,0.4621,0.00,0.00,0.00,0.00
3217.00,180.000,180.000,170.000,175.000,179.343,179.508,170.294,175.071,179.353,179.512,170.300,175.069,183.879,182.087,187.994,285.638,0.0462,0.0308,0.1418,0.4619,0.00,0.00,0.00,0.00
3218.00,180.000,180.000,170.000,175.000,179.343,179.508,170.295,175.071,179.353,179.512,170.300,175.068,183.879,182.087,187.991,285.553,0.0462,0.0308,0.1418,0.4617,0.00,0.00,0.00,0.00
3219.00,180.000,180.000,170.000,175.000,179.344,179.508,170.295,175.070,179.354,179.512,170.300,175.067,183.880,182.086,187.989,285.469,0.0462,0.0308,0.1418,0.4615,0.00,0.00,0.00,0.00
3220.00,180.000,180.000,170.000,175.000,179.344,179.509,170.295,175.070,179.355,179.513,170.300,175.066,183.880,182.086,187.986,285.386,0.0462,0.0308,0.1418,0.4613,0.00,0.00,0.00,0.00
3221.00,180.000,180.000,170.000,175.000,179.345,179.509,170.295,175.070,179.355,179.513,170.301,175.065,183.880,182.086,187.983,285.303,0.0462,0.0308,0.1418,0.4611,0.00,0.00,0.00,0.00
3222.00,180.000,180.000,170.000,175.000,179.345,179.509,170.296,175.070,179.356,179.513,170.301,175.064,183.880,182.085,187.980,285.221,0.0462,0.0308,0.1418,0.4609,0.00,0.00,0.00,0.00
3223.00,180.000,180.000,170.000,175.000,179.346,179.509,170.296,175.070,179.356,179.513,170.301,175.063,183.881,182.085,187.978,285.140,0.0462,0.0308,0.1418,0.4607,0.00,0.00,0.00,0.00
3224.00,180.000,180.000,170.000,175.000,179.346,179.509,170.296,175.069,179.357,179.513,170.301,175.062,183.881,182.085,187.975,285.060,0.0462,0.0308,0.1418,0.4605,0.00,0.00,0.00,0.00
3225.00,180.000,180.000,170.000,175.000,179.347,179.510,170.296,175.069,179.357,179.514,170.301,175.061,183.881,182.085,187.972,284.980,0.0462,0.0308,0.1418,0.4603,0.00,0.00,0.00,0.00
3226.00,180.000,180.000,170.000,175.000,179.347,179.510,170.297,175.068,179.358,179.514,170.302,175.060,183.882,182.084,187.970,284.901,0.0462,0.0308,0.1418,0.4601,0.00,0.00,0.00,0.00
3227.00,180.000,180.000,170.000,175.000,179.348,179.510,170.297,175.068,179.358,179.514,170.302,175.059,183.882,182.084,187.967,284.822,0.0462,0.0308,0.1418,0.4599,0.00,0.00,0.00,0.00
3228.00,180.000,180.000,170.000,175.000,179.348,179.510,170.297,175.068,179.359,179.514,170.302,175.058,183.882,182.084,187.964,284.740,0.0462,0.0308,0.1418,0.4597,0.00,0.00,0.00,0.00
3229.00,180.000,180.000,170.000,175.000,179.349,179.510,170.297,175.067,179.359,179.514,170.302,175.057,183.883,182.083,187.962,284.659,0.0462,0.0308,0.1418,0.4595,0.00,0.00,0.00,0.00
3230.00,180.000,180.000,170.000,175.000,179.349,179.511,170.298,175.067,179.360,179.515,170.302,175.056,183.883,182.083,187.959,284.578,0.0462,0.0308,0.1418,0.4593,0.00,0.00,0.00,0.00
3231.00,180.000,180.000,170.000,175.000,179.350,179.511,170.298,175.066,179.360,179.515,170.302,175.054,183.883,182.083,187.957,284.498,0.0462,0.0308,0.1418,0.4591,0.00,0.00,0.00,0.00
3232.00,180.000,180.000,170.000,175.000,179.350,179.511,170.298,175.065,179.361,179.515,170.303,175.053,183.874,182.083,187.954,284.419,0.0396,0.0308,0.1418,0.4589,0.00,0.00,0.00,0.00
3233.00,180.000,180.000,170.000,175.000,179.351,179.511,170.298,175.065,179.361,179.515,170.303,175.052,183.864,182.082,187.952,284.341,0.0396,0.0308,0.1418,0.4587,0.00,0.00,0.00,0.00
3234.00,180.000,180.000,170.000,175.000,179.351,179.511,170.299,175.064,179.362,179.515,170.303,175.051,183.855,182.082,187.949,284.263,0.0396,0.0309,0.1418,0.4585,0.00,0.00,0.00,0.00
3235.00,180.000,180.000,170.000,175.000,179.352,179.512,170.299,175.064,179.362,179.516,170.303,175.050,183.845,182.082,187.947,284.186,0.0396,0.0309,0.1418,0.4583,0.00,0.00,0.00,0.00
3236.00,180.000,180.000,170.000,175.000,179.353,179.512,170.299,175.063,179.363,179.516,170.303,175.048,183.836,182.081,187.944,284.109,0.0396,0.0309,0.1417,0.4581,0.00,0.00,0.00,0.00
3237.00,180.000,180.000,170.000,175.000,179.353,179.512,170.299,175.062,179.363,179.516,170.303,175.047,183.827,182.081,187.942,284.033,0.0396,0.0309,0.1417,0.4579,0.00,0.00,0.00,0.00
3238.00,180.000,180.000,170.000,175.000,179.354,179.512,170.299,175.061,179.364,179.516,170.303,175.046,183.817,182.081,187.939,283.954,0.0396,0.0309,0.1417,0.4577,0.00,0.00,0.00,0.00
3239.00,180.000,180.000,170.000,175.000,179.354,179.512,170.300,175.061,179.364,179.516,170.304,175.045,183.808,182.081,187.937,283.875,0.0396,0.0309,0.1417,0.4575,0.00,0.00,0.00,0.00
3240.00,180.000,180.000,170.000,175.000,179.355,179.513,170.300,175.060,179.365,179.517,170.304,175.043,183.799,182.080,187.935,283.797,0.0396,0.0309,0.1417,0.4573,0.00,0.00,0.00,0.00
3241.00,180.000,180.000,170.000,175.000,179.355,179.513,170.300,175.059,179.365,179.517,170.304,175.042,183.790,182.080,187.932,283.719,0.0396,0.0309,0.1417,0.4571,0.00,0.00,0.00,0.00
3242.00,180.000,180.000,170.000,175.000,179.356,179.513,170.300,175.058,179.365,179.517,170.304,175.041,183.781,182.080,187.930,283.643,0.0396,0.0309,0.1417,0.4569,0.00,0.00,0.00,0.00
3243.00,180.000,180.000,170.000,175.000,179.356,179.513,170.300,175.057,179.366,179.517,170.304,175.039,183.772,182.080,187.928,283.567,0.0396,0.0309,0.1417,0.4567,0.00,0.00,0.00,0.00
3244.00,180.000,180.000,170.000,175.000,179.356,179.513,170.301,175.056,179.366,179.517,170.304,175.038,183.764,182.080,187.925,283.491,0.0396,0.0309,0.1417,0.4565,0.00,0.00,0.00,0.00
3245.00,180.000,180.000,170.000,175.000,179.357,179.514,170.301,175.055,179.366,179.518,170.304,175.037,183.755,182.079,187.923,283.416,0.0396,0.0309,0.1417,0.4563,0.00,0.00,0.00,0.00
3246.00,180.000,180.000,170.000,175.000,179.357,179.514,170.301,175.055,179.367,179.518,170.304,175.035,183.746,182.079,187.921,283.342,0.0396,0.0309,0.1417,0.4561,0.00,0.00,0.00,0.00
3247.00,180.000,180.000,170.000,175.000,179.358,179.514,170.301,175.054,179.367,179.518,170.305,175.034,183.738,182.079,187.919,283.268,0.0396,0.0309,0.1417,0.4559,0.00,0.00,0.00,0.00
3248.00,180.000,180.000,170.000,175.000,179.358,179.514,170.301,175.053,179.367,179.518,170.305,175.032,183.729,182.079,187.916,283.191,0.0396,0.0309,0.1417,0.4557,0.00,0.00,0.00,0.00
3249.00,180.000,180.000,170.000,175.000,179.359,179.514,170.301,175.052,179.367,179.519,170.305,175.031,183.721,182.078,187.914,283.115,0.0396,0.0309,0.1417,0.4555,0.00,0.00,0.00,0.00
3250.00,180.000,180.000,170.000,175.000,179.359,179.515,170.302,175.051,179.368,179.519,170.305,175.029,183.712,182.078,187.912,283.039,0.0396,0.0309,0.1417,0.4553,0.00,0.00,0.00,0.00
3251.00,180.000,180.000,170.000,175.000,179.360,179.515,170.302,175.049,179.368,179.519,170.305,175.028,183.704,182.078,187.910,283.010,0.0396,0.0309,0.1417,0.4986,0.00,0.00,0.00,0.00
3252.00,180.000,180.000,170.000,175.000,179.360,179.515,170.302,175.048,179.368,179.519,170.305,175.027,183.696,182.078,187.908,283.027,0.0396,0.0309,0.1417,0.4986,0.00,0.00,0.00,0.00
3253.00,180.000,180.000,170.000,175.000,179.360,179.515,170.302,175.047,179.368,179.519,170.305,175.025,183.687,182.078,187.906,283.044,0.0396,0.0309,0.1417,0.4986,0.00,0.00,0.00,0.00
3254.00,180.000,180.000,170.000,175.000,179.361,179.515,170.302,175.046,179.369,179.520,170.305,175.024,183.679,182.077,187.904,283.061,0.0396,0.0309,0.1417,0.4986,0.00,0.00,0.00,0.00
3255.00,180.000,180.000,170.000,175.000,179.361,179.516,170.302,175.045,179.369,179.520,170.305,175.023,183.671,182.077,187.901,283.077,0.0396,0.0309,0.1417,0.4986,0.00,0.00,0.00,0.00
3256.00,180.000,180.000,170.000,175.000,179.362,179.516,170.302,175.044,179.369,179.520,170.305,175.022,183.663,182.077,187.899,283.094,0.0396,0.0309,0.1416,0.4986,0.00,0.00,0.00,0.00
3257.00,180.000,180.000,170.000,175.000,179.362,179.516,170.303,175.043,179.369,179.520,170.306,175.021,183.655,182.077,187.897,283.110,0.0396,0.0309,0.1416,0.4986,0.00,0.00,0.00,0.00
3258.00,180.000,180.000,170.000,175.000,179.362,179.516,170.303,175.042,179.369,179.520,170.306,175.021,183.647,182.077,187.895,283.126,0.0396,0.0309,0.1416,0.4986,0.00,0.00,0.00,0.00
3259.00,180.000,180.000,170.000,175.000,179.363,179.516,170.303,175.041,179.369,179.521,170.306,175.020,183.639,182.076,187.893,283.142,0.0396,0.0309,0.1416,0.4986,0.00,0.00,0.00,0.00
3260.00,180.000,180.000,170.000,175.000,179.363,179.517,170.303,175.040,179.369,179.521,170.306,175.019,183.632,182.076,187.891,283.158,0.0396,0.0309,0.1416,0.4986,0.00,0.00,0.00,0.00
3261.00,180.000,180.000,170.000,175.000,179.363,179.517,170.303,175.039,179.370,179.521,170.306,175.019,183.624,182.076,187.889,283.174,0.0396,0.0309,0.1416,0.4986,0.00,0.00,0.00,0.00
3262.00,180.000,180.000,170.000,175.000,179.364,179.517,170.303,175.038,179.370,179.521,170.306,175.018,183.616,182.076,187.887,283.189,0.0396,0.0309,0.1416,0.4986,0.00,0.00,0.00,0.00
3263.00,180.000,180.000,170.000,175.000,179.364,179.517,170.303,175.037,179.370,179.522,170.306,175.018,183.609,182.076,187.885,283.205,0.0396,0.0309,0.1416,0.4986,0.00,0.00,0.00,0.00
3264.00,180.000,180.000,170.000,175.000,179.364,179.517,170.304,175.036,179.370,179.522,170.306,175.017,183.601,182.075,187.883,283.220,0.0396,0.0309,0.1416,0.4986,0.00,0.00,0.00,0.00
3265.00,180.000,180.000,170.000,175.000,179.364,179.518,170.304,175.035,179.370,179.522,170.306,175.017,183.593,182.075,187.881,283.235,0.0396,0.0309,0.1416,0.4986,0.00,0.00,0.00,0.00
3266.00,180.000,180.000,170.000,175.000,179.365,179.518,170.304,175.034,179.370,179.522,170.306,175.017,183.586,182.075,187.880,283.250,0.0396,0.0309,0.1416,0.4986,0.00,0.00,0.00,0.00
3267.00,180.000,180.000,170.000,175.000,179.365,179.518,170.304,175.033,179.370,179.522,170.306,175.017,183.579,182.075,187.878,283.265,0.0396,0.0309,0.1416,0.4986,0.00,0.00,0.00,0.00
3268.00,180.000,180.000,170.000,175.000,179.365,179.518,170.304,175.033,179.370,179.523,170.306,175.017,183.571,182.075,187.876,283.280,0.0396,0.0309,0.1416,0.4986,0.00,0.00,0.00,0.00
3269.00,180.000,180.000,170.000,175.000,179.365,179.519,170.304,175.032,179.370,179.523,170.307,175.017,183.564,182.075,187.874,283.295,0.0396,0.0309,0.1416,0.4986,0.00,0.00,0.00,0.00
3270.00,180.000,180.000,170.000,175.000,179.366,179.519,170.304,175.031,179.370,179.523,170.307,175.017,183.557,182.074,187.872,283.309,0.0396,0.0309,0.1416,0.4986,0.00,0.00,0.00,0.00
