t_s,setpoint_front,setpoint_middle,setpoint_back,setpoint_nozzle,sensor_front,sensor_middle,sensor_back,sensor_nozzle,steel_front,steel_middle,steel_back,steel_nozzle,band_front,band_middle,band_back,band_nozzle,duty_front,duty_middle,duty_back,duty_nozzle,power_w_front,power_w_middle,power_w_back,power_w_nozzle
0.01,180.000,180.000,170.000,175.000,22.000,22.000,22.000,22.000,22.000,22.000,22.000,22.000,22.171,22.171,22.171,22.288,1.0000,1.0000,1.0000,0.9500,700.00,700.00,700.00,200.00
1.00,180.000,180.000,170.000,175.000,22.000,22.000,22.000,22.000,22.015,22.015,22.015,22.018,38.321,38.321,38.321,47.974,1.0000,1.0000,1.0000,0.9500,700.00,700.00,700.00,0.00
2.00,180.000,180.000,170.000,175.000,22.000,22.000,22.000,22.000,22.059,22.059,22.059,22.067,53.094,53.094,53.094,71.349,1.0000,1.0000,1.0000,0.9500,700.00,700.00,700.00,0.00
3.00,180.000,180.000,170.000,175.000,22.001,22.001,22.001,22.001,22.128,22.128,22.128,22.144,66.468,66.468,66.468,92.355,1.0000,1.0000,1.0000,0.9500,700.00,700.00,700.00,0.00
4.00,180.000,180.000,170.000,175.000,22.002,22.002,22.002,22.002,22.221,22.221,22.221,22.245,78.579,78.579,78.578,111.215,1.0000,1.0000,1.0000,0.9500,700.00,700.00,700.00,0.00
5.00,180.000,180.000,170.000,175.000,22.003,22.003,22.003,22.004,22.335,22.335,22.335,22.365,89.548,89.548,89.547,128.137,1.0000,1.0000,1.0000,0.9500,700.00,700.00,700.00,0.00
6.00,180.000,180.000,170.000,175.000,22.006,22.006,22.006,22.006,22.467,22.467,22.467,22.502,99.485,99.486,99.484,143.309,1.0000,1.0000,1.0000,0.9500,700.00,700.00,700.00,0.00
7.00,180.000,180.000,170.000,175.000,22.009,22.009,22.009,22.010,22.617,22.617,22.617,22.654,108.491,108.493,108.490,156.907,1.0000,1.0000,1.0000,0.9500,700.00,700.00,700.00,0.00
8.00,180.000,180.000,170.000,175.000,22.013,22.013,22.013,22.014,22.782,22.782,22.782,22.817,116.655,116.658,116.654,169.087,1.0000,1.0000,1.0000,0.9500,700.00,700.00,700.00,0.00
9.00,180.000,180.000,170.000,175.000,22.019,22.019,22.019,22.020,22.962,22.962,22.962,22.990,124.059,124.062,124.057,179.996,1.0000,1.0000,1.0000,0.9500,700.00,700.00,700.00,0.00
10.00,180.000,180.000,170.000,175.000,22.025,22.025,22.025,22.027,23.153,23.153,23.153,23.170,130.776,130.780,130.773,189.761,1.0000,1.0000,1.0000,0.9500,700.00,700.00,700.00,0.00
11.00,180.000,180.000,170.000,175.000,22.033,22.033,22.033,22.035,23.357,23.357,23.357,23.357,136.872,136.878,136.868,198.503,1.0000,1.0000,1.0000,0.9500,700.00,700.00,700.00,0.00
12.00,180.000,180.000,170.000,175.000,22.042,22.042,22.042,22.044,23.570,23.570,23.570,23.549,142.407,142.415,142.403,206.326,1.0000,1.0000,1.0000,0.9500,700.00,700.00,700.00,0.00
13.00,180.000,180.000,170.000,175.000,22.053,22.053,22.053,22.054,23.793,23.793,23.793,23.745,147.436,147.446,147.431,213.327,1.0000,1.0000,1.0000,0.9500,700.00,700.00,700.00,0.00
14.00,180.000,180.000,170.000,175.000,22.065,22.065,22.065,22.066,24.024,24.024,24.024,23.942,152.007,152.020,152.002,219.593,1.0000,1.0000,1.0000,0.9500,700.00,700.00,700.00,0.00
15.00,180.000,180.000,170.000,175.000,22.078,22.078,22.078,22.078,24.263,24.263,24.263,24.142,156.164,156.181,156.159,225.200,1.0000,1.0000,1.0000,0.9500,700.00,700.00,700.00,0.00
16.00,180.000,180.000,170.000,175.000,22.093,22.093,22.093,22.092,24.508,24.509,24.508,24.342,159.949,159.968,159.942,230.219,1.0000,1.0000,1.0000,0.9500,700.00,700.00,700.00,0.00
17.00,180.000,180.000,170.000,175.000,22.109,22.109,22.109,22.108,24.760,24.760,24.760,24.543,163.395,163.419,163.388,234.713,1.0000,1.0000,1.0000,0.9500,700.00,700.00,700.00,0.00
18.00,180.000,180.000,170.000,175.000,22.128,22.128,22.128,22.124,25.017,25.018,25.017,24.743,166.537,166.565,166.530,238.738,1.0000,1.0000,1.0000,0.9500,700.00,700.00,700.00,0.00
19.00,180.000,180.000,170.000,175.000,22.147,22.147,22.147,22.142,25.280,25.280,25.279,24.943,169.403,169.436,169.396,242.343,1.0000,1.0000,1.0000,0.9500,700.00,700.00,700.00,0.00
20.00,180.000,180.000,170.000,175.000,22.168,22.168,22.168,22.161,25.546,25.547,25.546,25.141,172.021,172.058,172.013,245.574,1.0000,1.0000,1.0000,0.9500,700.00,700.00,700.00,0.00
21.00,180.000,180.000,170.000,175.000,22.191,22.191,22.191,22.181,25.817,25.818,25.817,25.337,174.413,174.456,174.405,248.470,1.0000,1.0000,1.0000,0.9500,700.00,700.00,700.00,0.00
22.00,180.000,180.000,170.000,175.000,22.216,22.216,22.216,22.202,26.092,26.092,26.091,25.532,176.602,176.651,176.594,251.069,1.0000,1.0000,1.0000,0.9500,700.00,700.00,700.00,0.00
23.00,180.000,180.000,170.000,175.000,22.242,22.242,22.242,22.225,26.369,26.370,26.369,25.725,178.608,178.663,178.599,253.402,1.0000,1.0000,1.0000,0.9500,700.00,700.00,700.00,0.00
24.00,180.000,180.000,170.000,175.000,22.270,22.270,22.270,22.248,26.650,26.651,26.650,25.915,180.448,180.510,180.439,255.498,1.0000,1.0000,1.0000,0.9500,700.00,700.00,700.00,0.00
25.00,180.000,180.000,170.000,175.000,22.299,22.300,22.299,22.273,26.934,26.935,26.933,26.103,182.138,182.207,182.129,257.382,1.0000,1.0000,1.0000,0.9500,700.00,700.00,700.00,0.00
26.00,180.000,180.000,170.000,175.000,22.331,22.331,22.331,22.299,27.220,27.221,27.219,26.289,183.692,183.769,183.684,259.077,1.0000,1.0000,1.0000,0.9500,700.00,700.00,700.00,0.00
27.00,180.000,180.000,170.000,175.000,22.364,22.364,22.364,22.326,27.508,27.509,27.507,26.472,185.124,185.210,185.116,260.604,1.0000,1.0000,1.0000,0.9500,700.00,700.00,700.00,0.00
28.00,180.000,180.000,170.000,175.000,22.398,22.398,22.398,22.353,27.798,27.799,27.797,26.652,186.445,186.540,186.438,261.924,1.0000,1.0000,1.0000,0.9456,700.00,700.00,700.00,0.00
29.00,180.000,180.000,170.000,175.000,22.435,22.435,22.435,22.382,28.089,28.091,28.089,26.830,187.667,187.770,187.660,262.948,1.0000,1.0000,1.0000,0.9398,700.00,700.00,700.00,0.00
30.00,180.000,180.000,170.000,175.000,22.473,22.473,22.473,22.412,28.383,28.385,28.382,27.004,188.798,188.911,188.791,263.738,1.0000,1.0000,1.0000,0.9352,700.00,700.00,700.00,0.00
31.00,180.000,180.000,170.000,175.000,22.512,22.513,22.512,22.443,28.678,28.680,28.677,27.176,189.847,189.970,189.841,264.346,1.0000,1.0000,1.0000,0.9314,700.00,700.00,700.00,0.00
32.00,180.000,180.000,170.000,175.000,22.554,22.554,22.554,22.475,28.974,28.976,28.973,27.344,190.823,190.956,190.818,264.822,1.0000,1.0000,1.0000,0.9284,700.00,700.00,700.00,0.00
33.00,180.000,180.000,170.000,175.000,22.597,22.597,22.597,22.507,29.271,29.273,29.270,27.510,191.732,191.876,191.728,265.205,1.0000,1.0000,1.0000,0.9259,700.00,700.00,700.00,0.00
34.00,180.000,180.000,170.000,175.000,22.642,22.642,22.642,22.541,29.569,29.572,29.569,27.672,192.580,192.736,192.578,265.507,1.0000,1.0000,1.0000,0.9240,700.00,700.00,700.00,0.00
35.00,180.000,180.000,170.000,175.000,22.688,22.689,22.688,22.575,29.868,29.871,29.868,27.831,193.374,193.542,193.373,265.736,1.0000,1.0000,1.0000,0.9224,700.00,700.00,700.00,0.00
36.00,180.000,180.000,170.000,175.000,22.737,22.737,22.737,22.610,30.168,30.172,30.168,27.987,194.119,194.299,194.119,265.899,1.0000,1.0000,1.0000,0.9211,700.00,700.00,700.00,0.00
37.00,180.000,180.000,170.000,175.000,22.787,22.787,22.786,22.646,30.469,30.473,30.468,28.141,194.819,195.012,194.821,266.060,1.0000,1.0000,1.0000,0.9201,700.00,700.00,700.00,0.00
38.00,180.000,180.000,170.000,175.000,22.838,22.838,22.838,22.683,30.770,30.775,30.769,28.291,195.479,195.685,195.482,266.162,1.0000,1.0000,1.0000,0.9192,700.00,700.00,700.00,0.00
39.00,180.000,180.000,170.000,175.000,22.891,22.891,22.891,22.721,31.072,31.077,31.071,28.439,196.103,196.322,196.107,266.268,1.0000,1.0000,1.0000,0.9186,700.00,700.00,700.00,0.00
40.00,180.000,180.000,170.000,175.000,22.946,22.946,22.946,22.759,31.375,31.380,31.374,28.585,196.693,196.926,196.700,266.377,1.0000,1.0000,1.0000,0.9180,700.00,700.00,700.00,0.00
41.00,180.000,180.000,170.000,175.000,23.003,23.003,23.003,22.798,31.677,31.683,31.676,28.728,197.254,197.501,197.263,266.433,1.0000,1.0000,1.0000,0.9176,700.00,700.00,700.00,0.00
42.00,180.000,180.000,170.000,175.000,23.061,23.061,23.061,22.837,31.981,31.987,31.980,28.869,197.788,198.050,197.798,266.496,1.0000,1.0000,1.0000,0.9172,700.00,700.00,700.00,0.00
43.00,180.000,180.000,170.000,175.000,23.120,23.121,23.120,22.878,32.284,32.291,32.283,29.007,198.297,198.574,198.310,266.567,1.0000,1.0000,1.0000,0.9169,700.00,700.00,700.00,0.00
44.00,180.000,180.000,170.000,175.000,23.182,23.182,23.182,22.919,32.588,32.596,32.587,29.143,198.785,199.077,198.800,266.643,1.0000,1.0000,1.0000,0.9167,700.00,700.00,700.00,0.00
45.00,180.000,180.000,170.000,175.000,23.245,23.245,23.245,22.960,32.892,32.901,32.891,29.278,199.252,199.560,199.270,266.724,1.0000,1.0000,1.0000,0.9165,700.00,700.00,700.00,0.00
46.00,180.000,180.000,170.000,175.000,23.309,23.310,23.309,23.002,33.197,33.206,33.195,29.410,199.701,200.026,199.721,266.810,1.0000,1.0000,1.0000,0.9164,700.00,700.00,700.00,0.00
47.00,180.000,180.000,170.000,175.000,23.376,23.376,23.376,23.045,33.501,33.511,33.500,29.541,200.134,200.475,200.157,266.900,1.0000,1.0000,1.0000,0.9163,700.00,700.00,700.00,0.00
48.00,180.000,180.000,170.000,175.000,23.443,23.444,23.443,23.089,33.806,33.817,33.805,29.670,200.553,200.911,200.578,266.992,1.0000,1.0000,1.0000,0.9162,700.00,700.00,700.00,0.00
49.00,180.000,180.000,170.000,175.000,23.513,23.514,23.513,23.132,34.111,34.123,34.109,29.797,200.957,201.333,200.986,267.087,1.0000,1.0000,1.0000,0.9161,700.00,700.00,700.00,0.00
50.00,180.000,180.000,170.000,175.000,23.584,23.585,23.584,23.177,34.416,34.429,34.414,29.923,201.350,201.743,201.381,267.184,1.0000,1.0000,1.0000,0.9160,700.00,700.00,700.00,0.00
51.00,180.000,180.000,170.000,175.000,23.656,23.657,23.656,23.222,34.721,34.735,34.719,30.048,201.732,202.142,201.766,267.227,1.0000,1.0000,1.0000,0.9160,700.00,700.00,700.00,0.00
52.00,180.000,180.000,170.000,175.000,23.730,23.731,23.730,23.268,35.026,35.041,35.024,30.171,202.103,202.532,202.141,267.278,1.0000,1.0000,1.0000,0.9159,700.00,700.00,700.00,0.00
53.00,180.000,180.000,170.000,175.000,23.806,23.807,23.806,23.314,35.332,35.347,35.329,30.292,202.466,202.914,202.506,267.335,1.0000,1.0000,1.0000,0.9159,700.00,700.00,700.00,0.00
54.00,180.000,180.000,170.000,175.000,23.883,23.884,23.883,23.360,35.637,35.654,35.635,30.412,202.821,203.287,202.864,267.398,1.0000,1.0000,1.0000,0.9159,700.00,700.00,700.00,0.00
55.00,180.000,180.000,170.000,175.000,23.961,23.963,23.961,23.407,35.942,35.960,35.940,30.531,203.168,203.653,203.215,267.466,1.0000,1.0000,1.0000,0.9158,700.00,700.00,700.00,0.00
56.00,180.000,180.000,170.000,175.000,24.042,24.043,24.041,23.455,36.247,36.267,36.245,30.649,203.508,204.013,203.558,267.537,1.0000,1.0000,1.0000,0.9158,700.00,700.00,700.00,0.00
57.00,180.000,180.000,170.000,175.000,24.123,24.125,24.123,23.503,36.553,36.573,36.550,30.766,203.842,204.367,203.896,267.613,1.0000,1.0000,1.0000,0.9158,700.00,700.00,700.00,0.00
58.00,180.000,180.000,170.000,175.000,24.206,24.208,24.206,23.551,36.858,36.880,36.855,30.882,204.171,204.716,204.228,267.692,1.0000,1.0000,1.0000,0.9158,700.00,700.00,700.00,0.00
59.00,180.000,180.000,170.000,175.000,24.291,24.293,24.291,23.600,37.163,37.187,37.160,30.996,204.494,205.060,204.556,267.773,1.0000,1.0000,1.0000,0.9158,700.00,700.00,700.00,0.00
60.00,180.000,180.000,170.000,175.000,24.377,24.379,24.377,23.649,37.468,37.493,37.465,31.110,204.813,205.400,204.878,267.856,1.0000,1.0000,1.0000,0.9158,700.00,700.00,700.00,0.00
61.00,180.000,180.000,170.000,175.000,24.464,24.466,24.464,23.699,37.773,37.800,37.770,31.223,205.128,205.736,205.197,267.942,1.0000,1.0000,1.0000,0.9158,700.00,700.00,700.00,0.00
62.00,180.000,180.000,170.000,175.000,24.553,24.556,24.553,23.749,38.078,38.107,38.075,31.335,205.439,206.068,205.512,268.029,1.0000,1.0000,1.0000,0.9158,700.00,700.00,700.00,0.00
63.00,180.000,180.000,170.000,175.000,24.644,24.646,24.643,23.800,38.383,38.414,38.380,31.446,205.747,206.398,205.824,268.117,1.0000,1.0000,1.0000,0.9158,700.00,700.00,700.00,0.00
64.00,180.000,180.000,170.000,175.000,24.735,24.738,24.735,23.851,38.688,38.720,38.684,31.557,206.051,206.724,206.132,268.206,1.0000,1.0000,1.0000,0.9158,700.00,700.00,700.00,0.00
65.00,180.000,180.000,170.000,175.000,24.829,24.831,24.828,23.902,38.993,39.027,38.989,31.666,206.353,207.048,206.438,268.297,1.0000,1.0000,1.0000,0.9158,700.00,700.00,700.00,0.00
66.00,180.000,180.000,170.000,175.000,24.923,24.926,24.923,23.954,39.298,39.334,39.294,31.775,206.652,207.369,206.741,268.387,1.0000,1.0000,1.0000,0.9158,700.00,700.00,700.00,0.00
67.00,180.000,180.000,170.000,175.000,25.019,25.023,25.019,24.006,39.602,39.640,39.598,31.884,206.948,207.688,207.042,268.479,1.0000,1.0000,1.0000,0.9158,700.00,700.00,700.00,0.00
68.00,180.000,180.000,170.000,175.000,25.117,25.120,25.116,24.059,39.907,39.947,39.902,31.992,207.243,208.006,207.340,268.571,1.0000,1.0000,1.0000,0.9158,700.00,700.00,700.00,0.00
69.00,180.000,180.000,170.000,175.000,25.215,25.219,25.215,24.112,40.211,40.254,40.207,32.099,207.535,208.321,207.637,268.663,1.0000,1.0000,1.0000,0.9158,700.00,700.00,700.00,0.00
70.00,180.000,180.000,170.000,175.000,25.316,25.320,25.315,24.165,40.515,40.560,40.511,32.205,207.825,208.635,207.932,268.755,1.0000,1.0000,1.0000,0.9157,700.00,700.00,700.00,0.00
71.00,180.000,180.000,170.000,175.000,25.417,25.421,25.417,24.219,40.819,40.867,40.815,32.311,208.114,208.948,208.226,268.847,1.0000,1.0000,1.0000,0.9157,700.00,700.00,700.00,0.00
72.00,180.000,180.000,170.000,175.000,25.520,25.524,25.519,24.272,41.123,41.173,41.118,32.417,208.402,209.259,208.517,268.939,1.0000,1.0000,1.0000,0.9157,700.00,700.00,700.00,0.00
73.00,180.000,180.000,170.000,175.000,25.624,25.629,25.623,24.327,41.427,41.480,41.422,32.522,208.687,209.570,208.808,269.031,1.0000,1.0000,1.0000,0.9157,700.00,700.00,700.00,0.00
74.00,180.000,180.000,170.000,175.000,25.730,25.735,25.729,24.381,41.731,41.787,41.726,32.627,208.972,209.879,209.097,269.123,1.0000,1.0000,1.0000,0.9157,700.00,700.00,700.00,0.00
75.00,180.000,180.000,170.000,175.000,25.836,25.842,25.836,24.436,42.035,42.093,42.029,32.731,209.255,210.187,209.385,269.215,1.0000,1.0000,1.0000,0.9157,700.00,700.00,700.00,0.00
76.00,180.000,180.000,170.000,175.000,25.945,25.950,25.944,24.492,42.338,42.399,42.332,32.835,209.538,210.494,209.672,269.307,1.0000,1.0000,1.0000,0.9157,700.00,700.00,700.00,0.00
77.00,180.000,180.000,170.000,175.000,26.054,26.060,26.053,24.547,42.641,42.706,42.635,32.938,209.819,210.801,209.959,269.398,1.0000,1.0000,1.0000,0.9157,700.00,700.00,700.00,0.00
78.00,180.000,180.000,170.000,175.000,26.165,26.171,26.164,24.603,42.945,43.012,42.938,33.041,210.099,211.106,210.244,269.489,1.0000,1.0000,1.0000,0.9157,700.00,700.00,700.00,0.00
79.00,180.000,180.000,170.000,175.000,26.277,26.284,26.276,24.659,43.248,43.318,43.241,33.144,210.379,211.411,210.528,269.580,1.0000,1.0000,1.0000,0.9157,700.00,700.00,700.00,0.00
80.00,180.000,180.000,170.000,175.000,26.390,26.397,26.389,24.716,43.551,43.625,43.544,33.246,210.657,211.716,210.812,269.670,1.0000,1.0000,1.0000,0.9157,700.00,700.00,700.00,0.00
81.00,180.000,180.000,170.000,175.000,26.504,26.512,26.504,24.773,43.853,43.931,43.846,33.348,210.935,212.020,211.095,269.760,1.0000,1.0000,1.0000,0.9157,700.00,700.00,700.00,0.00
82.00,180.000,180.000,170.000,175.000,26.620,26.629,26.619,24.830,44.156,44.237,44.149,33.449,211.212,212.323,211.377,269.850,1.0000,1.0000,1.0000,0.9157,700.00,700.00,700.00,0.00
83.00,180.000,180.000,170.000,175.000,26.737,26.746,26.736,24.887,44.458,44.543,44.451,33.551,211.489,212.626,211.658,269.940,1.0000,1.0000,1.0000,0.9157,700.00,700.00,700.00,0.00
84.00,180.000,180.000,170.000,175.000,26.855,26.865,26.854,24.945,44.760,44.849,44.753,33.652,211.764,212.929,211.939,270.029,1.0000,1.0000,1.0000,0.9157,700.00,700.00,700.00,0.00
85.00,180.000,180.000,170.000,175.000,26.975,26.985,26.974,25.003,45.063,45.155,45.055,33.753,212.040,213.231,212.220,270.118,1.0000,1.0000,1.0000,0.9157,700.00,700.00,700.00,0.00
86.00,180.000,180.000,170.000,175.000,27.096,27.106,27.095,25.061,45.364,45.461,45.357,33.853,212.314,213.533,212.500,270.206,1.0000,1.0000,1.0000,0.9157,700.00,700.00,700.00,0.00
87.00,180.000,180.000,170.000,175.000,27.218,27.229,27.216,25.120,45.666,45.767,45.658,33.954,212.588,213.835,212.779,270.294,1.0000,1.0000,1.0000,0.9157,700.00,700.00,700.00,0.00
88.00,180.000,180.000,170.000,175.000,27.341,27.352,27.339,25.179,45.968,46.073,45.959,34.054,212.862,214.136,213.058,270.382,1.0000,1.0000,1.0000,0.9157,700.00,700.00,700.00,0.00
89.00,180.000,180.000,170.000,175.000,27.465,27.477,27.464,25.238,46.269,46.379,46.261,34.154,213.135,214.437,213.337,270.469,1.0000,1.0000,1.0000,0.9157,700.00,700.00,700.00,0.00
90.00,180.000,180.000,170.000,175.000,27.590,27.603,27.589,25.297,46.570,46.685,46.562,34.253,213.408,214.738,213.615,270.556,1.0000,1.0000,1.0000,0.9157,700.00,700.00,700.00,0.00
91.00,180.000,180.000,170.000,175.000,27.717,27.731,27.716,25.357,46.871,46.990,46.862,34.353,213.680,215.038,213.893,270.642,1.0000,1.0000,1.0000,0.9157,700.00,700.00,700.00,0.00
92.00,180.000,180.000,170.000,175.000,27.845,27.859,27.843,25.417,47.172,47.296,47.163,34.452,213.952,215.339,214.170,270.729,1.0000,1.0000,1.0000,0.9157,700.00,700.00,700.00,0.00
93.00,180.000,180.000,170.000,175.000,27.974,27.989,27.972,25.477,47.473,47.602,47.464,34.552,214.224,215.639,214.448,270.815,1.0000,1.0000,1.0000,0.9157,700.00,700.00,700.00,0.00
94.00,180.000,180.000,170.000,175.000,28.104,28.119,28.102,25.538,47.773,47.907,47.764,34.651,214.495,215.939,214.724,270.900,1.0000,1.0000,1.0000,0.9157,700.00,700.00,700.00,0.00
95.00,180.000,180.000,170.000,175.000,28.235,28.251,28.233,25.598,48.074,48.213,48.064,34.749,214.766,216.239,215.001,270.986,1.0000,1.0000,1.0000,0.9157,700.00,700.00,700.00,0.00
96.00,180.000,180.000,170.000,175.000,28.367,28.385,28.366,25.659,48.374,48.518,48.364,34.848,215.036,216.539,215.277,271.071,1.0000,1.0000,1.0000,0.9157,700.00,700.00,700.00,0.00
97.00,180.000,180.000,170.000,175.000,28.501,28.519,28.499,25.721,48.674,48.824,48.664,34.947,215.307,216.838,215.553,271.155,1.0000,1.0000,1.0000,0.9157,700.00,700.00,700.00,0.00
98.00,180.000,180.000,170.000,175.000,28.635,28.654,28.633,25.782,48.974,49.129,48.963,35.045,215.576,217.138,215.828,271.240,1.0000,1.0000,1.0000,0.9157,700.00,700.00,700.00,0.00
99.00,180.000,180.000,170.000,175.000,28.771,28.791,28.769,25.844,49.273,49.434,49.263,35.144,215.846,217.437,216.104,271.324,1.0000,1.0000,1.0000,0.9157,700.00,700.00,700.00,0.00
100.00,180.000,180.000,170.000,175.000,28.907,28.929,28.906,25.906,49.573,49.740,49.562,35.242,216.115,217.736,216.379,271.408,1.0000,1.0000,1.0000,0.9157,700.00,700.00,700.00,0.00
101.00,180.000,180.000,170.000,175.000,29.045,29.067,29.043,25.968,49.872,50.045,49.861,35.340,216.384,218.035,216.653,271.491,1.0000,1.0000,1.0000,0.9157,700.00,700.00,700.00,0.00
102.00,180.000,180.000,170.000,175.000,29.184,29.207,29.182,26.030,50.171,50.350,50.160,35.438,216.653,218.334,216.928,271.575,1.0000,1.0000,1.0000,0.9157,700.00,700.00,700.00,0.00
103.00,180.000,180.000,170.000,175.000,29.324,29.348,29.322,26.093,50.470,50.655,50.458,35.536,216.921,218.633,217.202,271.658,1.0000,1.0000,1.0000,0.9157,700.00,700.00,700.00,0.00
104.00,180.000,180.000,170.000,175.000,29.465,29.490,29.463,26.156,50.768,50.960,50.757,35.634,217.189,218.932,217.476,271.741,1.0000,1.0000,1.0000,0.9157,700.00,700.00,700.00,0.00
105.00,180.000,180.000,170.000,175.000,29.607,29.633,29.605,26.219,51.067,51.265,51.055,35.732,217.457,219.231,217.750,271.823,1.0000,1.0000,1.0000,0.9157,700.00,700.00,700.00,0.00
106.00,180.000,180.000,170.000,175.000,29.750,29.778,29.748,26.282,51.365,51.570,51.353,35.830,217.725,219.529,218.024,271.905,1.0000,1.0000,1.0000,0.9157,700.00,700.00,700.00,0.00
107.00,180.000,180.000,170.000,175.000,29.894,29.923,29.892,26.346,51.663,51.875,51.651,35.927,217.992,219.828,218.297,271.988,1.0000,1.0000,1.0000,0.9157,700.00,700.00,700.00,0.00
108.00,180.000,180.000,170.000,175.000,30.039,30.069,30.037,26.410,51.961,52.180,51.949,36.025,218.259,220.126,218.570,272.069,1.0000,1.0000,1.0000,0.9157,700.00,700.00,700.00,0.00
109.00,180.000,180.000,170.000,175.000,30.186,30.217,30.183,26.474,52.258,52.485,52.246,36.122,218.526,220.425,218.843,272.151,1.0000,1.0000,1.0000,0.9157,700.00,700.00,700.00,0.00
110.00,180.000,180.000,170.000,175.000,30.333,30.365,30.330,26.538,52.556,52.790,52.543,36.220,218.793,220.723,219.116,272.233,1.0000,1.0000,1.0000,0.9157,700.00,700.00,700.00,0.00
111.00,180.000,180.000,170.000,175.000,30.481,30.515,30.478,26.603,52.853,53.094,52.841,36.317,219.059,221.022,219.389,272.314,1.0000,1.0000,1.0000,0.9157,700.00,700.00,700.00,0.00
112.00,180.000,180.000,170.000,175.000,30.630,30.665,30.627,26.667,53.150,53.399,53.138,36.415,219.325,221.320,219.661,272.395,1.0000,1.0000,1.0000,0.9157,700.00,700.00,700.00,0.00
113.00,180.000,180.000,170.000,175.000,30.780,30.817,30.778,26.732,53.447,53.704,53.434,36.512,219.591,221.618,219.933,272.476,1.0000,1.0000,1.0000,0.9157,700.00,700.00,700.00,0.00
114.00,180.000,180.000,170.000,175.000,30.931,30.969,30.929,26.797,53.743,54.008,53.731,36.610,219.857,221.916,220.205,272.557,1.0000,1.0000,1.0000,0.9157,700.00,700.00,700.00,0.00
115.00,180.000,180.000,170.000,175.000,31.083,31.123,31.081,26.863,54.040,54.313,54.027,36.707,220.123,222.214,220.477,272.637,1.0000,1.0000,1.0000,0.9157,700.00,700.00,700.00,0.00
116.00,180.000,180.000,170.000,175.000,31.236,31.278,31.233,26.928,54.336,54.617,54.323,36.804,220.388,222.512,220.749,272.718,1.0000,1.0000,1.0000,0.9157,700.00,700.00,700.00,0.00
117.00,180.000,180.000,170.000,175.000,31.390,31.433,31.387,26.994,54.632,54.921,54.619,36.902,220.653,222.810,221.020,272.798,1.0000,1.0000,1.0000,0.9157,700.00,700.00,700.00,0.00
118.00,180.000,180.000,170.000,175.000,31.545,31.590,31.542,27.060,54.928,55.226,54.915,36.999,220.918,223.108,221.291,272.878,1.0000,1.0000,1.0000,0.9157,700.00,700.00,700.00,0.00
119.00,180.000,180.000,170.000,175.000,31.701,31.747,31.698,27.126,55.223,55.530,55.210,37.096,221.183,223.406,221.562,272.958,1.0000,1.0000,1.0000,0.9157,700.00,700.00,700.00,0.00
120.00,180.000,180.000,170.000,175.000,31.858,31.906,31.855,27.193,55.519,55.834,55.506,37.193,221.447,223.704,221.833,273.038,1.0000,1.0000,1.0000,0.9157,700.00,700.00,700.00,0.00
121.00,180.000,180.000,170.000,175.000,32.016,32.065,32.012,27.259,55.814,56.139,55.801,37.291,221.711,224.002,222.104,273.118,1.0000,1.0000,1.0000,0.9157,700.00,700.00,700.00,0.00
122.00,180.000,180.000,170.000,175.000,32.174,32.226,32.171,27.326,56.109,56.443,56.096,37.388,221.975,224.299,222.374,273.197,1.0000,1.0000,1.0000,0.9157,700.00,700.00,700.00,0.00
123.00,180.000,180.000,170.000,175.000,32.334,32.387,32.330,27.393,56.403,56.747,56.391,37.485,222.239,224.597,222.644,273.277,1.0000,1.0000,1.0000,0.9157,700.00,700.00,700.00,0.00
124.00,180.000,180.000,170.000,175.000,32.494,32.549,32.491,27.460,56.698,57.051,56.685,37.582,222.503,224.895,222.915,273.356,1.0000,1.0000,1.0000,0.9157,700.00,700.00,700.00,0.00
125.00,180.000,180.000,170.000,175.000,32.655,32.713,32.652,27.528,56.992,57.355,56.979,37.680,222.766,225.192,223.185,273.435,1.0000,1.0000,1.0000,0.9157,700.00,700.00,700.00,0.00
126.00,180.000,180.000,170.000,175.000,32.818,32.877,32.814,27.595,57.286,57.659,57.274,37.777,223.030,225.490,223.454,273.515,1.0000,1.0000,1.0000,0.9157,700.00,700.00,700.00,0.00
127.00,180.000,180.000,170.000,175.000,32.981,33.042,32.977,27.663,57.580,57.963,57.568,37.874,223.293,225.787,223.724,273.594,1.0000,1.0000,1.0000,0.9157,700.00,700.00,700.00,0.00
128.00,180.000,180.000,170.000,175.000,33.145,33.208,33.141,27.731,57.874,58.267,57.861,37.971,223.555,226.085,223.993,273.673,1.0000,1.0000,1.0000,0.9157,700.00,700.00,700.00,0.00
129.00,180.000,180.000,170.000,175.000,33.309,33.375,33.306,27.799,58.167,58.571,58.155,38.069,223.818,226.382,224.263,273.751,1.0000,1.0000,1.0000,0.9157,700.00,700.00,700.00,0.00
130.00,180.000,180.000,170.000,175.000,33.475,33.543,33.471,27.868,58.460,58.874,58.448,38.166,224.081,226.679,224.532,273.830,1.0000,1.0000,1.0000,0.9157,700.00,700.00,700.00,0.00
131.00,180.000,180.000,170.000,175.000,33.642,33.712,33.638,27.936,58.754,59.178,58.741,38.263,224.343,226.977,224.801,273.909,1.0000,1.0000,1.0000,0.9157,700.00,700.00,700.00,0.00
132.00,180.000,180.000,170.000,175.000,33.809,33.882,33.805,28.005,59.046,59.482,59.034,38.361,224.605,227.274,225.069,273.987,1.0000,1.0000,1.0000,0.9157,700.00,700.00,700.00,0.00
133.00,180.000,180.000,170.000,175.000,33.977,34.052,33.973,28.074,59.339,59.785,59.327,38.458,224.867,227.571,225.338,274.066,1.0000,1.0000,1.0000,0.9157,700.00,700.00,700.00,0.00
134.00,180.000,180.000,170.000,175.000,34.146,34.224,34.142,28.143,59.631,60.089,59.620,38.555,225.129,227.869,225.606,274.144,1.0000,1.0000,1.0000,0.9157,700.00,700.00,700.00,0.00
135.00,180.000,180.000,170.000,175.000,34.316,34.396,34.312,28.213,59.923,60.392,59.912,38.653,225.390,228.166,225.875,274.223,1.0000,1.0000,1.0000,0.9157,700.00,700.00,700.00,0.00
136.00,180.000,180.000,170.000,175.000,34.486,34.569,34.482,28.282,60.215,60.696,60.204,38.750,225.651,228.463,226.143,274.301,1.0000,1.0000,1.0000,0.9157,700.00,700.00,700.00,0.00
137.00,180.000,180.000,170.000,175.000,34.658,34.743,34.654,28.352,60.507,60.999,60.496,38.848,225.913,228.760,226.411,274.379,1.0000,1.0000,1.0000,0.9157,700.00,700.00,700.00,0.00
138.00,180.000,180.000,170.000,175.000,34.830,34.918,34.826,28.422,60.799,61.303,60.788,38.945,226.174,229.057,226.679,274.457,1.0000,1.0000,1.0000,0.9157,700.00,700.00,700.00,0.00
139.00,180.000,180.000,170.000,175.000,35.003,35.094,34.999,28.492,61.090,61.606,61.079,39.043,226.434,229.354,226.946,274.535,1.0000,1.0000,1.0000,0.9157,700.00,700.00,700.00,0.00
140.00,180.000,180.000,170.000,175.000,35.177,35.271,35.173,28.562,61.381,61.909,61.371,39.141,226.695,229.651,227.214,274.613,1.0000,1.0000,1.0000,0.9157,700.00,700.00,700.00,0.00
141.00,180.000,180.000,170.000,175.000,35.352,35.448,35.347,28.633,61.672,62.213,61.662,39.238,226.955,229.948,227.481,274.691,1.0000,1.0000,1.0000,0.9157,700.00,700.00,700.00,0.00
142.00,180.000,180.000,170.000,175.000,35.527,35.627,35.523,28.703,61.963,62.516,61.953,39.336,227.216,230.244,227.748,274.769,1.0000,1.0000,1.0000,0.9157,700.00,700.00,700.00,0.00
143.00,180.000,180.000,170.000,175.000,35.703,35.806,35.699,28.774,62.253,62.819,62.244,39.434,227.476,230.541,228.015,274.847,1.0000,1.0000,1.0000,0.9157,700.00,700.00,700.00,0.00
144.00,180.000,180.000,170.000,175.000,35.880,35.986,35.876,28.845,62.543,63.122,62.534,39.531,227.736,230.838,228.282,274.925,1.0000,1.0000,1.0000,0.9157,700.00,700.00,700.00,0.00
145.00,180.000,180.000,170.000,175.000,36.058,36.167,36.053,28.916,62.833,63.425,62.824,39.629,227.995,231.135,228.549,275.003,1.0000,1.0000,1.0000,0.9157,700.00,700.00,700.00,0.00
146.00,180.000,180.000,170.000,175.000,36.236,36.348,36.232,28.988,63.123,63.728,63.115,39.727,228.255,231.431,228.815,275.081,1.0000,1.0000,1.0000,0.9157,700.00,700.00,700.00,0.00
147.00,180.000,180.000,170.000,175.000,36.415,36.531,36.411,29.059,63.413,64.031,63.405,39.825,228.514,231.728,229.081,275.159,1.0000,1.0000,1.0000,0.9157,700.00,700.00,700.00,0.00
148.00,180.000,180.000,170.000,175.000,36.595,36.714,36.591,29.131,63.702,64.334,63.694,39.923,228.773,232.025,229.348,275.236,1.0000,1.0000,1.0000,0.9157,700.00,700.00,700.00,0.00
149.00,180.000,180.000,170.000,175.000,36.776,36.898,36.771,29.203,63.991,64.637,63.984,40.021,229.032,232.321,229.614,275.314,1.0000,1.0000,1.0000,0.9157,700.00,700.00,700.00,0.00
150.00,180.000,180.000,170.000,175.000,36.957,37.083,36.952,29.275,64.280,64.940,64.273,40.119,229.291,232.618,229.880,275.392,1.0000,1.0000,1.0000,0.9157,700.00,700.00,700.00,0.00
151.00,180.000,180.000,170.000,175.000,37.139,37.268,37.134,29.347,64.569,65.243,64.562,40.217,229.550,232.914,230.145,275.469,1.0000,1.0000,1.0000,0.9157,700.00,700.00,700.00,0.00
152.00,180.000,180.000,170.000,175.000,37.322,37.455,37.317,29.419,64.857,65.545,64.851,40.315,229.808,233.211,230.411,275.547,1.0000,1.0000,1.0000,0.9157,700.00,700.00,700.00,0.00
153.00,180.000,180.000,170.000,175.000,37.505,37.642,37.501,29.492,65.146,65.848,65.140,40.413,230.067,233.507,230.676,275.624,1.0000,1.0000,1.0000,0.9157,700.00,700.00,700.00,0.00
154.00,180.000,180.000,170.000,175.000,37.689,37.830,37.685,29.565,65.434,66.151,65.429,40.511,230.325,233.803,230.942,275.702,1.0000,1.0000,1.0000,0.9157,700.00,700.00,700.00,0.00
155.00,180.000,180.000,170.000,175.000,37.874,38.019,37.870,29.637,65.722,66.453,65.717,40.609,230.583,234.100,231.207,275.779,1.0000,1.0000,1.0000,0.9157,700.00,700.00,700.00,0.00
156.00,180.000,180.000,170.000,175.000,38.060,38.208,38.055,29.711,66.009,66.756,66.005,40.708,230.841,234.396,231.472,275.857,1.0000,1.0000,1.0000,0.9157,700.00,700.00,700.00,0.00
157.00,180.000,180.000,170.000,175.000,38.246,38.398,38.241,29.784,66.297,67.058,66.293,40.806,231.098,234.692,231.736,275.934,1.0000,1.0000,1.0000,0.9157,700.00,700.00,700.00,0.00
158.00,180.000,180.000,170.000,175.000,38.433,38.589,38.428,29.857,66.584,67.361,66.581,40.904,231.356,234.988,232.001,276.012,1.0000,1.0000,1.0000,0.9157,700.00,700.00,700.00,0.00
159.00,180.000,180.000,170.000,175.000,38.620,38.781,38.616,29.931,66.871,67.663,66.868,41.003,231.613,235.284,232.266,276.089,1.0000,1.0000,1.0000,0.9157,700.00,700.00,700.00,0.00
160.00,180.000,180.000,170.000,175.000,38.808,38.973,38.804,30.004,67.158,67.966,67.156,41.101,231.870,235.581,232.530,276.167,1.0000,1.0000,1.0000,0.9157,700.00,700.00,700.00,0.00
161.00,180.000,180.000,170.000,175.000,38.997,39.166,38.993,30.078,67.444,68.268,67.443,41.200,232.127,235.877,232.794,276.244,1.0000,1.0000,1.0000,0.9157,700.00,700.00,700.00,0.00
162.00,180.000,180.000,170.000,175.000,39.187,39.360,39.182,30.152,67.731,68.570,67.730,41.299,232.384,236.173,233.058,276.322,1.0000,1.0000,1.0000,0.9157,700.00,700.00,700.00,0.00
163.00,180.000,180.000,170.000,175.000,39.377,39.555,39.372,30.227,68.017,68.872,68.017,41.397,232.641,236.469,233.322,276.399,1.0000,1.0000,1.0000,0.9157,700.00,700.00,700.00,0.00
164.00,180.000,180.000,170.000,175.000,39.568,39.750,39.563,30.301,68.303,69.175,68.303,41.496,232.897,236.765,233.586,276.477,1.0000,1.0000,1.0000,0.9157,700.00,700.00,700.00,0.00
165.00,180.000,180.000,170.000,175.000,39.759,39.946,39.755,30.376,68.588,69.477,68.590,41.595,233.154,237.060,233.850,276.554,1.0000,1.0000,1.0000,0.9157,700.00,700.00,700.00,0.00
166.00,180.000,180.000,170.000,175.000,39.951,40.143,39.947,30.450,68.874,69.779,68.876,41.694,233.410,237.356,234.113,276.632,1.0000,1.0000,1.0000,0.9157,700.00,700.00,700.00,0.00
167.00,180.000,180.000,170.000,175.000,40.144,40.340,40.139,30.525,69.159,70.081,69.162,41.793,233.666,237.652,234.376,276.709,1.0000,1.0000,1.0000,0.9157,700.00,700.00,700.00,0.00
168.00,180.000,180.000,170.000,175.000,40.337,40.538,40.333,30.600,69.444,70.383,69.448,41.892,233.922,237.948,234.640,276.787,1.0000,1.0000,1.0000,0.9157,700.00,700.00,700.00,0.00
169.00,180.000,180.000,170.000,175.000,40.531,40.737,40.527,30.675,69.729,70.685,69.733,41.991,234.177,238.243,234.903,276.864,1.0000,1.0000,1.0000,0.9157,700.00,700.00,700.00,0.00
170.00,180.000,180.000,170.000,175.000,40.725,40.937,40.721,30.751,70.014,70.987,70.019,42.090,234.433,238.539,235.166,276.941,1.0000,1.0000,1.0000,0.9157,700.00,700.00,700.00,0.00
171.00,180.000,180.000,170.000,175.000,40.920,41.137,40.916,30.826,70.298,71.289,70.304,42.189,234.688,238.835,235.428,277.019,1.0000,1.0000,1.0000,0.9157,700.00,700.00,700.00,0.00
172.00,180.000,180.000,170.000,175.000,41.116,41.338,41.112,30.902,70.582,71.591,70.589,42.288,234.943,239.130,235.691,277.096,1.0000,1.0000,1.0000,0.9157,700.00,700.00,700.00,0.00
173.00,180.000,180.000,170.000,175.000,41.312,41.539,41.308,30.978,70.866,71.892,70.874,42.387,235.198,239.426,235.953,277.174,1.0000,1.0000,1.0000,0.9157,700.00,700.00,700.00,0.00
174.00,180.000,180.000,170.000,175.000,41.509,41.741,41.505,31.054,71.150,72.194,71.159,42.487,235.453,239.721,236.216,277.251,1.0000,1.0000,1.0000,0.9157,700.00,700.00,700.00,0.00
175.00,180.000,180.000,170.000,175.000,41.707,41.944,41.703,31.130,71.434,72.496,71.443,42.586,235.708,240.017,236.478,277.329,1.0000,1.0000,1.0000,0.9157,700.00,700.00,700.00,0.00
176.00,180.000,180.000,170.000,175.000,41.905,42.148,41.901,31.206,71.717,72.798,71.727,42.686,235.962,240.312,236.740,277.406,1.0000,1.0000,1.0000,0.9157,700.00,700.00,700.00,0.00
177.00,180.000,180.000,170.000,175.000,42.103,42.352,42.100,31.283,72.000,73.099,72.011,42.785,236.217,240.608,237.002,277.484,1.0000,1.0000,1.0000,0.9157,700.00,700.00,700.00,0.00
178.00,180.000,180.000,170.000,175.000,42.302,42.557,42.299,31.359,72.283,73.401,72.295,42.885,236.471,240.903,237.264,277.561,1.0000,1.0000,1.0000,0.9157,700.00,700.00,700.00,0.00
179.00,180.000,180.000,170.000,175.000,42.502,42.762,42.499,31.436,72.566,73.702,72.579,42.984,236.725,241.198,237.525,277.639,1.0000,1.0000,1.0000,0.9157,700.00,700.00,700.00,0.00
180.00,180.000,180.000,170.000,175.000,42.702,42.968,42.699,31.513,72.849,74.004,72.863,43.084,236.979,241.493,237.787,277.716,1.0000,1.0000,1.0000,0.9157,700.00,700.00,700.00,0.00
181.00,180.000,180.000,170.000,175.000,42.903,43.175,42.900,31.590,73.131,74.305,73.146,43.184,237.233,241.789,238.048,277.794,1.0000,1.0000,1.0000,0.9157,700.00,700.00,700.00,0.00
182.00,180.000,180.000,170.000,175.000,43.104,43.382,43.101,31.667,73.413,74.607,73.429,43.284,237.487,242.084,238.309,277.872,1.0000,1.0000,1.0000,0.9157,700.00,700.00,700.00,0.00
183.00,180.000,180.000,170.000,175.000,43.306,43.590,43.303,31.744,73.695,74.908,73.712,43.384,237.740,242.379,238.571,277.949,1.0000,1.0000,1.0000,0.9157,700.00,700.00,700.00,0.00
184.00,180.000,180.000,170.000,175.000,43.508,43.799,43.506,31.822,73.977,75.209,73.995,43.484,237.993,242.674,238.831,278.027,1.0000,1.0000,1.0000,0.9157,700.00,700.00,700.00,0.00
185.00,180.000,180.000,170.000,175.000,43.711,44.008,43.709,31.900,74.258,75.511,74.277,43.584,238.246,242.969,239.092,278.104,1.0000,1.0000,1.0000,0.9157,700.00,700.00,700.00,0.00
186.00,180.000,180.000,170.000,175.000,43.915,44.218,43.912,31.977,74.539,75.812,74.560,43.684,238.499,243.264,239.353,278.182,1.0000,1.0000,1.0000,0.9157,700.00,700.00,700.00,0.00
187.00,180.000,180.000,170.000,175.000,44.119,44.428,44.116,32.055,74.820,76.113,74.842,43.784,238.752,243.559,239.613,278.260,1.0000,1.0000,1.0000,0.9157,700.00,700.00,700.00,0.00
188.00,180.000,180.000,170.000,175.000,44.323,44.639,44.321,32.133,75.101,76.414,75.124,43.884,239.005,243.854,239.874,278.337,1.0000,1.0000,1.0000,0.9157,700.00,700.00,700.00,0.00
189.00,180.000,180.000,170.000,175.000,44.528,44.851,44.526,32.212,75.382,76.715,75.406,43.984,239.258,244.149,240.134,278.415,1.0000,1.0000,1.0000,0.9157,700.00,700.00,700.00,0.00
190.00,180.000,180.000,170.000,175.000,44.734,45.063,44.732,32.290,75.662,77.017,75.687,44.085,239.510,244.443,240.394,278.493,1.0000,1.0000,1.0000,0.9157,700.00,700.00,700.00,0.00
191.00,180.000,180.000,170.000,175.000,44.940,45.276,44.938,32.369,75.943,77.318,75.969,44.185,239.762,244.738,240.654,278.571,1.0000,1.0000,1.0000,0.9157,700.00,700.00,700.00,0.00
192.00,180.000,180.000,170.000,175.000,45.146,45.489,45.145,32.447,76.223,77.619,76.250,44.286,240.014,245.033,240.914,278.649,1.0000,1.0000,1.0000,0.9157,700.00,700.00,700.00,0.00
193.00,180.000,180.000,170.000,175.000,45.353,45.703,45.352,32.526,76.502,77.920,76.531,44.386,240.266,245.327,241.174,278.726,1.0000,1.0000,1.0000,0.9157,700.00,700.00,700.00,0.00
194.00,180.000,180.000,170.000,175.000,45.560,45.918,45.559,32.605,76.782,78.220,76.812,44.487,240.518,245.622,241.433,278.804,1.0000,1.0000,1.0000,0.9157,700.00,700.00,700.00,0.00
195.00,180.000,180.000,170.000,175.000,45.768,46.133,45.768,32.684,77.062,78.521,77.093,44.587,240.770,245.917,241.693,278.882,1.0000,1.0000,1.0000,0.9157,700.00,700.00,700.00,0.00
196.00,180.000,180.000,170.000,175.000,45.977,46.349,45.976,32.763,77.341,78.822,77.373,44.688,241.021,246.211,241.952,278.960,1.0000,1.0000,1.0000,0.9157,700.00,700.00,700.00,0.00
197.00,180.000,180.000,170.000,175.000,46.186,46.565,46.185,32.843,77.620,79.123,77.653,44.789,241.273,246.506,242.211,279.038,1.0000,1.0000,1.0000,0.9157,700.00,700.00,700.00,0.00
198.00,180.000,180.000,170.000,175.000,46.395,46.782,46.395,32.922,77.899,79.424,77.934,44.890,241.524,246.800,242.470,279.116,1.0000,1.0000,1.0000,0.9157,700.00,700.00,700.00,0.00
199.00,180.000,180.000,170.000,175.000,46.605,46.999,46.605,33.002,78.177,79.724,78.214,44.991,241.775,247.095,242.729,279.194,1.0000,1.0000,1.0000,0.9157,700.00,700.00,700.00,0.00
200.00,180.000,180.000,170.000,175.000,46.815,47.217,46.815,33.082,78.456,80.025,78.493,45.092,242.026,247.389,242.988,279.272,1.0000,1.0000,1.0000,0.9157,700.00,700.00,700.00,0.00
201.00,180.000,180.000,170.000,175.000,47.026,47.436,47.026,33.162,78.734,80.326,78.773,45.193,242.277,247.683,243.247,279.350,1.0000,1.0000,1.0000,0.9157,700.00,700.00,700.00,0.00
202.00,180.000,180.000,170.000,175.000,47.237,47.655,47.238,33.242,79.012,80.626,79.052,45.294,242.527,247.977,243.505,279.428,1.0000,1.0000,1.0000,0.9157,700.00,700.00,700.00,0.00
203.00,180.000,180.000,170.000,175.000,47.448,47.874,47.449,33.322,79.290,80.927,79.332,45.395,242.778,248.272,243.763,279.506,1.0000,1.0000,1.0000,0.9157,700.00,700.00,700.00,0.00
204.00,180.000,180.000,170.000,175.000,47.660,48.094,47.662,33.403,79.567,81.227,79.611,45.496,243.028,248.566,244.022,279.584,1.0000,1.0000,1.0000,0.9157,700.00,700.00,700.00,0.00
205.00,180.000,180.000,170.000,175.000,47.873,48.315,47.875,33.483,79.845,81.528,79.890,45.598,243.278,248.860,244.280,279.662,1.0000,1.0000,1.0000,0.9157,700.00,700.00,700.00,0.00
206.00,180.000,180.000,170.000,175.000,48.086,48.536,48.088,33.564,80.122,81.828,80.168,45.699,243.528,249.154,244.538,279.740,1.0000,1.0000,1.0000,0.9157,700.00,700.00,700.00,0.00
207.00,180.000,180.000,170.000,175.000,48.299,48.758,48.301,33.645,80.399,82.128,80.447,45.800,243.778,249.448,244.796,279.819,1.0000,1.0000,1.0000,0.9157,700.00,700.00,700.00,0.00
208.00,180.000,180.000,170.000,175.000,48.513,48.980,48.515,33.725,80.676,82.429,80.725,45.902,244.028,249.742,245.053,279.897,1.0000,1.0000,1.0000,0.9157,700.00,700.00,700.00,0.00
209.00,180.000,180.000,170.000,175.000,48.727,49.203,48.730,33.807,80.952,82.729,81.003,46.004,244.278,250.036,245.311,279.975,1.0000,1.0000,1.0000,0.9157,700.00,700.00,700.00,0.00
210.00,180.000,180.000,170.000,175.000,48.942,49.426,48.945,33.888,81.229,83.029,81.281,46.105,244.527,250.330,245.568,280.053,1.0000,1.0000,1.0000,0.9157,700.00,700.00,700.00,0.00
211.00,180.000,180.000,170.000,175.000,49.157,49.650,49.160,33.969,81.505,83.329,81.559,46.207,244.777,250.624,245.826,280.132,1.0000,1.0000,1.0000,0.9157,700.00,700.00,700.00,0.00
212.00,180.000,180.000,170.000,175.000,49.372,49.874,49.376,34.051,81.781,83.630,81.837,46.309,245.026,250.918,246.083,280.210,1.0000,1.0000,1.0000,0.9157,700.00,700.00,700.00,0.00
213.00,180.000,180.000,170.000,175.000,49.588,50.099,49.592,34.132,82.057,83.930,82.114,46.410,245.275,251.211,246.340,280.288,1.0000,1.0000,1.0000,0.9157,700.00,700.00,700.00,0.00
214.00,180.000,180.000,170.000,175.000,49.804,50.324,49.809,34.214,82.332,84.230,82.391,46.512,245.524,251.505,246.597,280.367,1.0000,1.0000,1.0000,0.9157,700.00,700.00,700.00,0.00
215.00,180.000,180.000,170.000,175.000,50.021,50.550,50.025,34.296,82.608,84.530,82.669,46.614,245.773,251.799,246.854,280.445,1.0000,1.0000,1.0000,0.9157,700.00,700.00,700.00,0.00
216.00,180.000,180.000,170.000,175.000,50.238,50.776,50.243,34.378,82.883,84.830,82.945,46.716,246.021,252.092,247.110,280.524,1.0000,1.0000,1.0000,0.9157,700.00,700.00,700.00,0.00
217.00,180.000,180.000,170.000,175.000,50.455,51.003,50.461,34.460,83.158,85.130,83.222,46.818,246.270,252.386,247.367,280.602,1.0000,1.0000,1.0000,0.9157,700.00,700.00,700.00,0.00
218.00,180.000,180.000,170.000,175.000,50.673,51.230,50.679,34.542,83.433,85.430,83.499,46.921,246.518,252.680,247.624,280.681,1.0000,1.0000,1.0000,0.9157,700.00,700.00,700.00,0.00
219.00,180.000,180.000,170.000,175.000,50.891,51.458,50.897,34.625,83.707,85.730,83.775,47.023,246.766,252.973,247.880,280.759,1.0000,1.0000,1.0000,0.9157,700.00,700.00,700.00,0.00
220.00,180.000,180.000,170.000,175.000,51.109,51.686,51.116,34.707,83.982,86.029,84.051,47.125,247.014,253.266,248.136,280.838,1.0000,1.0000,1.0000,0.9157,700.00,700.00,700.00,0.00
221.00,180.000,180.000,170.000,175.000,51.328,51.915,51.335,34.790,84.256,86.329,84.328,47.227,247.262,253.560,248.392,280.917,1.0000,1.0000,1.0000,0.9157,700.00,700.00,700.00,0.00
222.00,180.000,180.000,170.000,175.000,51.547,52.144,51.555,34.873,84.530,86.629,84.603,47.330,247.510,253.853,248.648,280.995,1.0000,1.0000,1.0000,0.9157,700.00,700.00,700.00,0.00
223.00,180.000,180.000,170.000,175.000,51.767,52.374,51.775,34.956,84.804,86.929,84.879,47.432,247.758,254.147,248.904,281.074,1.0000,1.0000,1.0000,0.9156,700.00,700.00,700.00,0.00
224.00,180.000,180.000,170.000,175.000,51.987,52.604,51.996,35.039,85.078,87.228,85.155,47.535,248.005,254.440,249.160,281.153,1.0000,1.0000,1.0000,0.9156,700.00,700.00,700.00,0.00
225.00,180.000,180.000,170.000,175.000,52.207,52.834,52.216,35.122,85.351,87.528,85.430,47.637,248.253,254.733,249.415,281.232,1.0000,1.0000,1.0000,0.9156,700.00,700.00,700.00,0.00
226.00,180.000,180.000,170.000,175.000,52.428,53.065,52.438,35.205,85.624,87.828,85.705,47.740,248.500,255.026,249.671,281.311,1.0000,1.0000,1.0000,0.9156,700.00,700.00,700.00,0.00
227.00,180.000,180.000,170.000,175.000,52.649,53.297,52.659,35.289,85.897,88.127,85.980,47.843,248.747,255.319,249.926,281.389,1.0000,1.0000,1.0000,0.9156,700.00,700.00,700.00,0.00
228.00,180.000,180.000,170.000,175.000,52.870,53.529,52.881,35.372,86.170,88.427,86.255,47.945,248.994,255.612,250.181,281.468,1.0000,1.0000,1.0000,0.9156,700.00,700.00,700.00,0.00
229.00,180.000,180.000,170.000,175.000,53.092,53.761,53.103,35.456,86.443,88.726,86.530,48.048,249.241,255.905,250.436,281.547,1.0000,1.0000,1.0000,0.9156,700.00,700.00,700.00,0.00
230.00,180.000,180.000,170.000,175.000,53.314,53.994,53.326,35.540,86.716,89.025,86.804,48.151,249.488,256.198,250.691,281.626,1.0000,1.0000,1.0000,0.9156,700.00,700.00,700.00,0.00
231.00,180.000,180.000,170.000,175.000,53.537,54.227,53.549,35.624,86.988,89.325,87.079,48.254,249.734,256.491,250.946,281.705,1.0000,1.0000,1.0000,0.9156,700.00,700.00,700.00,0.00
232.00,180.000,180.000,170.000,175.000,53.759,54.461,53.772,35.708,87.260,89.624,87.353,48.357,249.981,256.784,251.201,281.784,1.0000,1.0000,1.0000,0.9156,700.00,700.00,700.00,0.00
233.00,180.000,180.000,170.000,175.000,53.982,54.695,53.995,35.792,87.532,89.923,87.627,48.460,250.227,257.077,251.455,281.863,1.0000,1.0000,1.0000,0.9156,700.00,700.00,700.00,0.00
234.00,180.000,180.000,170.000,175.000,54.206,54.930,54.219,35.877,87.804,90.223,87.901,48.563,250.473,257.370,251.710,281.943,1.0000,1.0000,1.0000,0.9156,700.00,700.00,700.00,0.00
235.00,180.000,180.000,170.000,175.000,54.429,55.165,54.444,35.961,88.076,90.522,88.174,48.667,250.720,257.663,251.964,282.022,1.0000,1.0000,1.0000,0.9156,700.00,700.00,700.00,0.00
236.00,180.000,180.000,170.000,175.000,54.653,55.400,54.668,36.046,88.347,90.821,88.448,48.770,250.965,257.955,252.218,282.101,1.0000,1.0000,1.0000,0.9156,700.00,700.00,700.00,0.00
237.00,180.000,180.000,170.000,175.000,54.878,55.636,54.893,36.130,88.618,91.120,88.721,48.873,251.211,258.248,252.472,282.180,1.0000,1.0000,1.0000,0.9156,700.00,700.00,700.00,0.00
238.00,180.000,180.000,170.000,175.000,55.102,55.872,55.118,36.215,88.889,91.419,88.994,48.977,251.457,258.541,252.726,282.259,1.0000,1.0000,1.0000,0.9156,700.00,700.00,700.00,0.00
239.00,180.000,180.000,170.000,175.000,55.327,56.109,55.344,36.300,89.160,91.718,89.267,49.080,251.702,258.833,252.980,282.339,1.0000,1.0000,1.0000,0.9156,700.00,700.00,700.00,0.00
240.00,180.000,180.000,170.000,175.000,55.553,56.346,55.570,36.385,89.431,92.017,89.540,49.184,251.948,259.126,253.234,282.418,1.0000,1.0000,1.0000,0.9156,700.00,700.00,700.00,0.00
241.00,180.000,180.000,170.000,175.000,55.778,56.583,55.796,36.470,89.701,92.316,89.813,49.287,252.193,259.418,253.488,282.498,1.0000,1.0000,1.0000,0.9156,700.00,700.00,700.00,0.00
242.00,180.000,180.000,170.000,175.000,56.004,56.821,56.022,36.556,89.971,92.615,90.085,49.391,252.438,259.711,253.741,282.577,1.0000,1.0000,1.0000,0.9156,700.00,700.00,700.00,0.00
243.00,180.000,180.000,170.000,175.000,56.230,57.060,56.249,36.641,90.242,92.914,90.358,49.495,252.683,260.003,253.995,282.656,1.0000,1.0000,1.0000,0.9156,700.00,700.00,700.00,0.00
244.00,180.000,180.000,170.000,175.000,56.457,57.298,56.476,36.727,90.512,93.213,90.630,49.598,252.928,260.295,254.248,282.736,1.0000,1.0000,1.0000,0.9156,700.00,700.00,700.00,0.00
245.00,180.000,180.000,170.000,175.000,56.683,57.538,56.704,36.812,90.781,93.512,90.902,49.702,253.173,260.588,254.501,282.815,1.0000,1.0000,1.0000,0.9156,700.00,700.00,700.00,0.00
246.00,180.000,180.000,170.000,175.000,56.910,57.777,56.931,36.898,91.051,93.810,91.174,49.806,253.418,260.880,254.754,282.895,1.0000,1.0000,1.0000,0.9156,700.00,700.00,700.00,0.00
247.00,180.000,180.000,170.000,175.000,57.138,58.017,57.159,36.984,91.320,94.109,91.446,49.910,253.662,261.172,255.007,282.975,1.0000,1.0000,1.0000,0.9156,700.00,700.00,700.00,0.00
248.00,180.000,180.000,170.000,175.000,57.365,58.257,57.387,37.070,91.589,94.408,91.717,50.014,253.907,261.464,255.260,283.054,1.0000,1.0000,1.0000,0.9156,700.00,700.00,700.00,0.00
249.00,180.000,180.000,170.000,175.000,57.593,58.498,57.616,37.156,91.858,94.707,91.989,50.118,254.151,261.756,255.512,283.134,1.0000,1.0000,1.0000,0.9156,700.00,700.00,700.00,0.00
250.00,180.000,180.000,170.000,175.000,57.821,58.739,57.845,37.243,92.127,95.005,92.260,50.222,254.395,262.048,255.765,283.214,1.0000,1.0000,1.0000,0.9156,700.00,700.00,700.00,0.00
251.00,180.000,180.000,170.000,175.000,58.050,58.981,58.074,37.329,92.396,95.304,92.531,50.326,254.639,262.340,256.017,283.293,1.0000,1.0000,1.0000,0.9156,700.00,700.00,700.00,0.00
252.00,180.000,180.000,170.000,175.000,58.278,59.222,58.303,37.416,92.664,95.602,92.802,50.431,254.883,262.632,256.270,283.373,1.0000,1.0000,1.0000,0.9156,700.00,700.00,700.00,0.00
253.00,180.000,180.000,170.000,175.000,58.507,59.465,58.533,37.502,92.933,95.901,93.072,50.535,255.127,262.924,256.522,283.453,1.0000,1.0000,1.0000,0.9156,700.00,700.00,700.00,0.00
254.00,180.000,180.000,170.000,175.000,58.736,59.707,58.763,37.589,93.201,96.199,93.343,50.639,255.370,263.216,256.774,283.533,1.0000,1.0000,1.0000,0.9156,700.00,700.00,700.00,0.00
255.00,180.000,180.000,170.000,175.000,58.966,59.950,58.993,37.676,93.469,96.497,93.613,50.744,255.614,263.508,257.026,283.613,1.0000,1.0000,1.0000,0.9156,700.00,700.00,700.00,0.00
256.00,180.000,180.000,170.000,175.000,59.195,60.194,59.224,37.763,93.737,96.796,93.884,50.848,255.857,263.799,257.278,283.693,1.0000,1.0000,1.0000,0.9156,700.00,700.00,700.00,0.00
257.00,180.000,180.000,170.000,175.000,59.425,60.437,59.454,37.850,94.004,97.094,94.154,50.953,256.100,264.091,257.530,283.773,1.0000,1.0000,1.0000,0.9156,700.00,700.00,700.00,0.00
258.00,180.000,180.000,170.000,175.000,59.656,60.681,59.685,37.937,94.272,97.392,94.424,51.057,256.343,264.383,257.781,283.853,1.0000,1.0000,1.0000,0.9156,700.00,700.00,700.00,0.00
259.00,180.000,180.000,170.000,175.000,59.886,60.926,59.917,38.025,94.539,97.691,94.694,51.162,256.586,264.674,258.033,283.933,1.0000,1.0000,1.0000,0.9156,700.00,700.00,700.00,0.00
260.00,180.000,180.000,170.000,175.000,60.117,61.171,60.148,38.112,94.806,97.989,94.963,51.267,256.829,264.966,258.284,284.013,1.0000,1.0000,1.0000,0.9156,700.00,700.00,700.00,0.00
261.00,180.000,180.000,170.000,175.000,60.348,61.416,60.380,38.200,95.073,98.287,95.233,51.371,257.072,265.258,258.536,284.093,1.0000,1.0000,1.0000,0.9156,700.00,700.00,700.00,0.00
262.00,180.000,180.000,170.000,175.000,60.579,61.661,60.612,38.287,95.340,98.585,95.502,51.476,257.315,265.549,258.787,284.173,1.0000,1.0000,1.0000,0.9156,700.00,700.00,700.00,0.00
263.00,180.000,180.000,170.000,175.000,60.810,61.907,60.844,38.375,95.606,98.883,95.771,51.581,257.557,265.840,259.038,284.254,1.0000,1.0000,1.0000,0.9156,700.00,700.00,700.00,0.00
264.00,180.000,180.000,170.000,175.000,61.042,62.153,61.077,38.463,95.873,99.181,96.040,51.686,257.800,266.132,259.289,284.334,1.0000,1.0000,1.0000,0.9156,700.00,700.00,700.00,0.00
265.00,180.000,180.000,170.000,175.000,61.274,62.400,61.310,38.551,96.139,99.479,96.309,51.791,258.042,266.423,259.540,284.414,1.0000,1.0000,1.0000,0.9156,700.00,700.00,700.00,0.00
266.00,180.000,180.000,170.000,175.000,61.506,62.647,61.543,38.639,96.405,99.777,96.578,51.896,258.284,266.714,259.790,284.495,1.0000,1.0000,1.0000,0.9156,700.00,700.00,700.00,0.00
267.00,180.000,180.000,170.000,175.000,61.738,62.894,61.776,38.728,96.671,100.075,96.846,52.001,258.526,267.006,260.041,284.575,1.0000,1.0000,1.0000,0.9156,700.00,700.00,700.00,0.00
268.00,180.000,180.000,170.000,175.000,61.971,63.141,62.009,38.816,96.936,100.373,97.115,52.106,258.768,267.297,260.291,284.655,1.0000,1.0000,1.0000,0.9156,700.00,700.00,700.00,0.00
269.00,180.000,180.000,170.000,175.000,62.204,63.389,62.243,38.904,97.202,100.671,97.383,52.211,259.010,267.588,260.542,284.736,1.0000,1.0000,1.0000,0.9156,700.00,700.00,700.00,0.00
270.00,180.000,180.000,170.000,175.000,62.437,63.637,62.477,38.993,97.467,100.968,97.651,52.317,259.251,267.879,260.792,284.816,1.0000,1.0000,1.0000,0.9156,700.00,700.00,700.00,0.00
271.00,180.000,180.000,170.000,175.000,62.670,63.886,62.711,39.082,97.732,101.266,97.919,52.422,259.493,268.170,261.042,284.897,1.0000,1.0000,1.0000,0.9156,700.00,700.00,700.00,0.00
272.00,180.000,180.000,170.000,175.000,62.903,64.135,62.945,39.171,97.997,101.564,98.187,52.527,259.734,268.461,261.292,284.977,1.0000,1.0000,1.0000,0.9156,700.00,700.00,700.00,0.00
273.00,180.000,180.000,170.000,175.000,63.137,64.384,63.180,39.259,98.262,101.861,98.454,52.633,259.975,268.752,261.542,285.058,1.0000,1.0000,1.0000,0.9156,700.00,700.00,700.00,0.00
274.00,180.000,180.000,170.000,175.000,63.371,64.633,63.415,39.349,98.527,102.159,98.722,52.738,260.217,269.043,261.792,285.139,1.0000,1.0000,1.0000,0.9156,700.00,700.00,700.00,0.00
275.00,180.000,180.000,170.000,175.000,63.605,64.883,63.650,39.438,98.791,102.457,98.989,52.844,260.458,269.333,262.042,285.219,1.0000,1.0000,1.0000,0.9156,700.00,700.00,700.00,0.00
276.00,180.000,180.000,170.000,175.000,63.839,65.133,63.885,39.527,99.056,102.754,99.256,52.949,260.699,269.624,262.291,285.300,1.0000,1.0000,1.0000,0.9156,700.00,700.00,700.00,0.00
277.00,180.000,180.000,170.000,175.000,64.073,65.384,64.121,39.616,99.320,103.052,99.523,53.055,260.939,269.915,262.541,285.381,1.0000,1.0000,1.0000,0.9156,700.00,700.00,700.00,0.00
278.00,180.000,180.000,170.000,175.000,64.308,65.635,64.356,39.706,99.584,103.349,99.790,53.161,261.180,270.206,262.790,285.462,1.0000,1.0000,1.0000,0.9156,700.00,700.00,700.00,0.00
279.00,180.000,180.000,170.000,175.000,64.543,65.886,64.592,39.795,99.848,103.646,100.057,53.267,261.421,270.496,263.040,285.542,1.0000,1.0000,1.0000,0.9156,700.00,700.00,700.00,0.00
280.00,180.000,180.000,170.000,175.000,64.778,66.137,64.828,39.885,100.111,103.944,100.324,53.372,261.661,270.787,263.289,285.623,1.0000,1.0000,1.0000,0.9156,700.00,700.00,700.00,0.00
281.00,180.000,180.000,170.000,175.000,65.013,66.389,65.065,39.975,100.375,104.241,100.590,53.478,261.901,271.077,263.538,285.704,1.0000,1.0000,1.0000,0.9156,700.00,700.00,700.00,0.00
282.00,180.000,180.000,170.000,175.000,65.248,66.641,65.301,40.065,100.638,104.538,100.856,53.584,262.142,271.368,263.787,285.785,1.0000,1.0000,1.0000,0.9156,700.00,700.00,700.00,0.00
283.00,180.000,180.000,170.000,175.000,65.484,66.893,65.538,40.155,100.901,104.835,101.122,53.690,262.382,271.658,264.036,285.866,1.0000,1.0000,1.0000,0.9156,700.00,700.00,700.00,0.00
284.00,180.000,180.000,170.000,175.000,65.720,67.146,65.775,40.245,101.164,105.133,101.388,53.796,262.622,271.949,264.284,285.947,1.0000,1.0000,1.0000,0.9156,700.00,700.00,700.00,0.00
285.00,180.000,180.000,170.000,175.000,65.956,67.399,66.012,40.335,101.427,105.430,101.654,53.902,262.862,272.239,264.533,286.028,1.0000,1.0000,1.0000,0.9156,700.00,700.00,700.00,0.00
286.00,180.000,180.000,170.000,175.000,66.192,67.652,66.249,40.425,101.690,105.727,101.920,54.009,263.101,272.529,264.782,286.109,1.0000,1.0000,1.0000,0.9156,700.00,700.00,700.00,0.00
287.00,180.000,180.000,170.000,175.000,66.428,67.905,66.486,40.516,101.952,106.024,102.185,54.115,263.341,272.819,265.030,286.191,1.0000,1.0000,1.0000,0.9156,700.00,700.00,700.00,0.00
288.00,180.000,180.000,170.000,175.000,66.665,68.159,66.724,40.606,102.215,106.321,102.451,54.221,263.580,273.110,265.278,286.272,1.0000,1.0000,1.0000,0.9156,700.00,700.00,700.00,0.00
289.00,180.000,180.000,170.000,175.000,66.901,68.413,66.962,40.697,102.477,106.618,102.716,54.327,263.820,273.400,265.526,286.353,1.0000,1.0000,1.0000,0.9156,700.00,700.00,700.00,0.00
290.00,180.000,180.000,170.000,175.000,67.138,68.668,67.200,40.788,102.739,106.915,102.981,54.434,264.059,273.690,265.775,286.434,1.0000,1.0000,1.0000,0.9156,700.00,700.00,700.00,0.00
291.00,180.000,180.000,170.000,175.000,67.375,68.922,67.438,40.879,103.001,107.212,103.246,54.540,264.298,273.980,266.023,286.515,1.0000,1.0000,1.0000,0.9156,700.00,700.00,700.00,0.00
292.00,180.000,180.000,170.000,175.000,67.612,69.177,67.677,40.969,103.262,107.509,103.511,54.646,264.537,274.270,266.270,286.597,1.0000,1.0000,1.0000,0.9156,700.00,700.00,700.00,0.00
293.00,180.000,180.000,170.000,175.000,67.850,69.432,67.915,41.061,103.524,107.805,103.776,54.753,264.776,274.560,266.518,286.678,1.0000,1.0000,1.0000,0.9156,700.00,700.00,700.00,0.00
294.00,180.000,180.000,170.000,175.000,68.087,69.688,68.154,41.152,103.785,108.102,104.040,54.860,265.015,274.849,266.766,286.760,1.0000,1.0000,1.0000,0.9156,700.00,700.00,700.00,0.00
295.00,180.000,180.000,170.000,175.000,68.325,69.943,68.393,41.243,104.047,108.399,104.305,54.966,265.254,275.139,267.013,286.841,1.0000,1.0000,1.0000,0.9156,700.00,700.00,700.00,0.00
296.00,180.000,180.000,170.000,175.000,68.562,70.199,68.632,41.334,104.308,108.696,104.569,55.073,265.492,275.429,267.261,286.922,1.0000,1.0000,1.0000,0.9156,700.00,700.00,700.00,0.00
297.00,180.000,180.000,170.000,175.000,68.800,70.456,68.871,41.426,104.569,108.992,104.833,55.180,265.731,275.719,267.508,287.004,1.0000,1.0000,1.0000,0.9156,700.00,700.00,700.00,0.00
298.00,180.000,180.000,170.000,175.000,69.038,70.712,69.110,41.517,104.829,109.289,105.097,55.286,265.969,276.008,267.755,287.086,1.0000,1.0000,1.0000,0.9156,700.00,700.00,700.00,0.00
299.00,180.000,180.000,170.000,175.000,69.277,70.969,69.350,41.609,105.090,109.585,105.361,55.393,266.207,276.298,268.003,287.167,1.0000,1.0000,1.0000,0.9156,700.00,700.00,700.00,0.00
300.00,180.000,180.000,170.000,175.000,69.515,71.226,69.590,41.701,105.350,109.882,105.624,55.500,266.446,276.588,268.250,287.249,1.0000,1.0000,1.0000,0.9156,700.00,700.00,700.00,0.00
301.00,180.000,180.000,170.000,175.000,69.754,71.484,69.829,41.793,105.611,110.178,105.888,55.607,266.684,276.877,268.497,287.330,1.0000,1.0000,1.0000,0.9156,700.00,700.00,700.00,0.00
302.00,180.000,180.000,170.000,175.000,69.992,71.741,70.069,41.885,105.871,110.475,106.151,55.714,266.922,277.166,268.743,287.412,1.0000,1.0000,1.0000,0.9156,700.00,700.00,700.00,0.00
303.00,180.000,180.000,170.000,175.000,70.231,71.999,70.310,41.977,106.131,110.771,106.415,55.821,267.159,277.456,268.990,287.494,1.0000,1.0000,1.0000,0.9156,700.00,700.00,700.00,0.00
304.00,180.000,180.000,170.000,175.000,70.470,72.257,70.550,42.069,106.390,111.067,106.678,55.928,267.397,277.745,269.237,287.576,1.0000,1.0000,1.0000,0.9156,700.00,700.00,700.00,0.00
305.00,180.000,180.000,170.000,175.000,70.709,72.515,70.790,42.161,106.650,111.364,106.941,56.035,267.635,278.035,269.483,287.657,1.0000,1.0000,1.0000,0.9156,700.00,700.00,700.00,0.00
306.00,180.000,180.000,170.000,175.000,70.948,72.774,71.031,42.253,106.910,111.660,107.204,56.142,267.872,278.324,269.730,287.739,1.0000,1.0000,1.0000,0.9156,700.00,700.00,700.00,0.00
307.00,180.000,180.000,170.000,175.000,71.188,73.033,71.272,42.346,107.169,111.956,107.466,56.250,268.109,278.613,269.976,287.821,1.0000,1.0000,1.0000,0.9156,700.00,700.00,700.00,0.00
308.00,180.000,180.000,170.000,175.000,71.427,73.292,71.513,42.438,107.428,112.252,107.729,56.357,268.347,278.902,270.222,287.903,1.0000,1.0000,1.0000,0.9156,700.00,700.00,700.00,0.00
309.00,180.000,180.000,170.000,175.000,71.667,73.551,71.754,42.531,107.687,112.548,107.991,56.464,268.584,279.191,270.468,287.985,1.0000,1.0000,1.0000,0.9156,700.00,700.00,700.00,0.00
310.00,180.000,180.000,170.000,175.000,71.907,73.811,71.995,42.624,107.946,112.845,108.254,56.572,268.821,279.480,270.714,288.067,1.0000,1.0000,1.0000,0.9156,700.00,700.00,700.00,0.00
311.00,180.000,180.000,170.000,175.000,72.147,74.071,72.236,42.717,108.205,113.141,108.516,56.679,269.058,279.769,270.960,288.149,1.0000,1.0000,1.0000,0.9156,700.00,700.00,700.00,0.00
312.00,180.000,180.000,170.000,175.000,72.387,74.331,72.478,42.810,108.463,113.437,108.778,56.786,269.295,280.058,271.206,288.231,1.0000,1.0000,1.0000,0.9156,700.00,700.00,700.00,0.00
313.00,180.000,180.000,170.000,175.000,72.627,74.591,72.720,42.903,108.722,113.733,109.040,56.894,269.531,280.347,271.452,288.313,1.0000,1.0000,1.0000,0.9156,700.00,700.00,700.00,0.00
314.00,180.000,180.000,170.000,175.000,72.867,74.852,72.961,42.996,108.980,114.028,109.301,57.001,269.768,280.636,271.697,288.395,1.0000,1.0000,1.0000,0.9156,700.00,700.00,700.00,0.00
315.00,180.000,180.000,170.000,175.000,73.107,75.113,73.203,43.089,109.238,114.324,109.563,57.109,270.004,280.925,271.943,288.477,1.0000,1.0000,1.0000,0.9156,700.00,700.00,700.00,0.00
316.00,180.000,180.000,170.000,175.000,73.348,75.374,73.445,43.182,109.496,114.620,109.824,57.217,270.241,281.213,272.188,288.560,1.0000,1.0000,1.0000,0.9156,700.00,700.00,700.00,0.00
317.00,180.000,180.000,170.000,175.000,73.589,75.635,73.687,43.276,109.754,114.916,110.086,57.324,270.477,281.502,272.433,288.642,1.0000,1.0000,1.0000,0.9156,700.00,700.00,700.00,0.00
318.00,180.000,180.000,170.000,175.000,73.829,75.896,73.930,43.369,110.011,115.212,110.347,57.432,270.713,281.791,272.679,288.724,1.0000,1.0000,1.0000,0.9156,700.00,700.00,700.00,0.00
319.00,180.000,180.000,170.000,175.000,74.070,76.158,74.172,43.463,110.269,115.507,110.608,57.540,270.949,282.079,272.924,288.806,1.0000,1.0000,1.0000,0.9156,700.00,700.00,700.00,0.00
320.00,180.000,180.000,170.000,175.000,74.311,76.420,74.415,43.557,110.526,115.803,110.869,57.648,271.185,282.368,273.169,288.889,1.0000,1.0000,1.0000,0.9156,700.00,700.00,700.00,0.00
321.00,180.000,180.000,170.000,175.000,74.552,76.682,74.657,43.651,110.783,116.099,111.130,57.756,271.421,282.656,273.413,288.971,1.0000,1.0000,1.0000,0.9156,700.00,700.00,700.00,0.00
322.00,180.000,180.000,170.000,175.000,74.793,76.945,74.900,43.744,111.040,116.394,111.390,57.864,271.657,282.945,273.658,289.054,1.0000,1.0000,1.0000,0.9156,700.00,700.00,700.00,0.00
323.00,180.000,180.000,170.000,175.000,75.035,77.207,75.143,43.838,111.297,116.690,111.651,57.972,271.892,283.233,273.903,289.136,1.0000,1.0000,1.0000,0.9156,700.00,700.00,700.00,0.00
324.00,180.000,180.000,170.000,175.000,75.276,77.470,75.386,43.933,111.554,116.985,111.911,58.080,272.128,283.521,274.147,289.219,1.0000,1.0000,1.0000,0.9156,700.00,700.00,700.00,0.00
325.00,180.000,180.000,170.000,175.000,75.517,77.733,75.629,44.027,111.811,117.281,112.171,58.188,272.363,283.809,274.392,289.301,1.0000,1.0000,1.0000,0.9156,700.00,700.00,700.00,0.00
326.00,180.000,180.000,170.000,175.000,75.759,77.996,75.872,44.121,112.067,117.576,112.432,58.296,272.598,284.098,274.636,289.384,1.0000,1.0000,1.0000,0.9156,700.00,700.00,700.00,0.00
327.00,180.000,180.000,170.000,175.000,76.001,78.260,76.116,44.215,112.323,117.871,112.692,58.404,272.834,284.386,274.881,289.466,1.0000,1.0000,1.0000,0.9156,700.00,700.00,700.00,0.00
328.00,180.000,180.000,170.000,175.000,76.242,78.524,76.359,44.310,112.580,118.167,112.951,58.512,273.069,284.674,275.125,289.549,1.0000,1.0000,1.0000,0.9156,700.00,700.00,700.00,0.00
329.00,180.000,180.000,170.000,175.000,76.484,78.788,76.603,44.404,112.836,118.462,113.211,58.621,273.304,284.962,275.369,289.632,1.0000,1.0000,1.0000,0.9156,700.00,700.00,700.00,0.00
330.00,180.000,180.000,170.000,175.000,76.726,79.052,76.846,44.499,113.091,118.757,113.471,58.729,273.538,285.250,275.613,289.714,1.0000,1.0000,1.0000,0.9156,700.00,700.00,700.00,0.00
331.00,180.000,180.000,170.000,175.000,76.968,79.316,77.090,44.594,113.347,119.052,113.730,58.837,273.773,285.538,275.857,289.797,1.0000,1.0000,1.0000,0.9156,700.00,700.00,700.00,0.00
332.00,180.000,180.000,170.000,175.000,77.210,79.580,77.334,44.689,113.603,119.347,113.990,58.946,274.008,285.826,276.100,289.880,1.0000,1.0000,1.0000,0.9156,700.00,700.00,700.00,0.00
333.00,180.000,180.000,170.000,175.000,77.453,79.845,77.578,44.783,113.858,119.642,114.249,59.054,274.242,286.113,276.344,289.962,1.0000,1.0000,1.0000,0.9156,700.00,700.00,700.00,0.00
334.00,180.000,180.000,170.000,175.000,77.695,80.110,77.822,44.878,114.113,119.937,114.508,59.163,274.477,286.401,276.588,290.045,1.0000,1.0000,1.0000,0.9156,700.00,700.00,700.00,0.00
335.00,180.000,180.000,170.000,175.000,77.937,80.375,78.066,44.974,114.369,120.232,114.767,59.271,274.711,286.689,276.831,290.128,1.0000,1.0000,1.0000,0.9156,700.00,700.00,700.00,0.00
336.00,180.000,180.000,170.000,175.000,78.180,80.641,78.311,45.069,114.624,120.527,115.026,59.380,274.945,286.977,277.075,290.211,1.0000,1.0000,1.0000,0.9156,700.00,700.00,700.00,0.00
337.00,180.000,180.000,170.000,175.000,78.422,80.906,78.555,45.164,114.878,120.822,115.284,59.488,275.180,287.264,277.318,290.294,1.0000,1.0000,1.0000,0.9156,700.00,700.00,700.00,0.00
338.00,180.000,180.000,170.000,175.000,78.665,81.172,78.799,45.259,115.133,121.117,115.543,59.597,275.414,287.552,277.561,290.377,1.0000,1.0000,1.0000,0.9156,700.00,700.00,700.00,0.00
339.00,180.000,180.000,170.000,175.000,78.908,81.438,79.044,45.355,115.388,121.412,115.801,59.706,275.647,287.839,277.804,290.460,1.0000,1.0000,1.0000,0.9156,700.00,700.00,700.00,0.00
340.00,180.000,180.000,170.000,175.000,79.151,81.704,79.289,45.450,115.642,121.707,116.059,59.815,275.881,288.127,278.047,290.543,1.0000,1.0000,1.0000,0.9156,700.00,700.00,700.00,0.00
341.00,180.000,180.000,170.000,175.000,79.394,81.970,79.533,45.546,115.896,122.001,116.318,59.923,276.115,288.414,278.290,290.626,1.0000,1.0000,1.0000,0.9156,700.00,700.00,700.00,0.00
342.00,180.000,180.000,170.000,175.000,79.637,82.237,79.778,45.642,116.151,122.296,116.576,60.032,276.349,288.701,278.533,290.709,1.0000,1.0000,1.0000,0.9156,700.00,700.00,700.00,0.00
343.00,180.000,180.000,170.000,175.000,79.880,82.503,80.023,45.737,116.405,122.591,116.834,60.141,276.582,288.989,278.776,290.792,1.0000,1.0000,1.0000,0.9156,700.00,700.00,700.00,0.00
344.00,180.000,180.000,170.000,175.000,80.123,82.770,80.268,45.833,116.658,122.885,117.091,60.250,276.816,289.276,279.018,290.875,1.0000,1.0000,1.0000,0.9156,700.00,700.00,700.00,0.00
345.00,180.000,180.000,170.000,175.000,80.366,83.037,80.513,45.929,116.912,123.180,117.349,60.359,277.049,289.563,279.261,290.959,1.0000,1.0000,1.0000,0.9156,700.00,700.00,700.00,0.00
346.00,180.000,180.000,170.000,175.000,80.609,83.304,80.759,46.025,117.166,123.474,117.607,60.468,277.282,289.850,279.503,291.042,1.0000,1.0000,1.0000,0.9156,700.00,700.00,700.00,0.00
347.00,180.000,180.000,170.000,175.000,80.852,83.572,81.004,46.122,117.419,123.769,117.864,60.577,277.515,290.137,279.745,291.125,1.0000,1.0000,1.0000,0.9156,700.00,700.00,700.00,0.00
348.00,180.000,180.000,170.000,175.000,81.096,83.839,81.249,46.218,117.672,124.063,118.121,60.686,277.748,290.424,279.988,291.208,1.0000,1.0000,1.0000,0.9156,700.00,700.00,700.00,0.00
349.00,180.000,180.000,170.000,175.000,81.339,84.107,81.495,46.314,117.926,124.358,118.378,60.796,277.981,290.711,280.230,291.292,1.0000,1.0000,1.0000,0.9156,700.00,700.00,700.00,0.00
350.00,180.000,180.000,170.000,175.000,81.583,84.375,81.740,46.411,118.179,124.652,118.635,60.905,278.214,290.998,280.472,291.375,1.0000,1.0000,1.0000,0.9156,700.00,700.00,700.00,0.00
351.00,180.000,180.000,170.000,175.000,81.826,84.643,81.986,46.507,118.431,124.946,118.892,61.014,278.446,291.285,280.714,291.459,1.0000,1.0000,1.0000,0.9156,700.00,700.00,700.00,0.00
352.00,180.000,180.000,170.000,175.000,82.070,84.911,82.231,46.604,118.684,125.240,119.149,61.123,278.679,291.572,280.956,291.542,1.0000,1.0000,1.0000,0.9156,700.00,700.00,700.00,0.00
353.00,180.000,180.000,170.000,175.000,82.314,85.180,82.477,46.700,118.937,125.534,119.406,61.233,278.912,291.858,281.197,291.625,1.0000,1.0000,1.0000,0.9156,700.00,700.00,700.00,0.00
354.00,180.000,180.000,170.000,175.000,82.557,85.448,82.723,46.797,119.189,125.829,119.662,61.342,279.144,292.145,281.439,291.709,1.0000,1.0000,1.0000,0.9156,700.00,700.00,700.00,0.00
355.00,180.000,180.000,170.000,175.000,82.801,85.717,82.969,46.894,119.442,126.123,119.919,61.451,279.376,292.432,281.681,291.792,1.0000,1.0000,1.0000,0.9156,700.00,700.00,700.00,0.00
356.00,180.000,180.000,170.000,175.000,83.045,85.986,83.215,46.991,119.694,126.417,120.175,61.561,279.608,292.718,281.922,291.876,1.0000,1.0000,1.0000,0.9156,700.00,700.00,700.00,0.00
357.00,180.000,180.000,170.000,175.000,83.289,86.255,83.461,47.088,119.946,126.711,120.431,61.670,279.841,293.005,282.163,291.960,1.0000,1.0000,1.0000,0.9156,700.00,700.00,700.00,0.00
358.00,180.000,180.000,170.000,175.000,83.533,86.525,83.707,47.185,120.198,127.005,120.687,61.780,280.073,293.291,282.405,292.043,1.0000,1.0000,1.0000,0.9156,700.00,700.00,700.00,0.00
359.00,180.000,180.000,170.000,175.000,83.777,86.794,83.953,47.282,120.449,127.299,120.943,61.889,280.304,293.578,282.646,292.127,1.0000,1.0000,1.0000,0.9156,700.00,700.00,700.00,0.00
360.00,180.000,180.000,170.000,175.000,84.021,87.064,84.199,47.379,120.701,127.592,121.199,61.999,280.536,293.864,282.887,292.211,1.0000,1.0000,1.0000,0.9156,700.00,700.00,700.00,0.00
361.00,180.000,180.000,170.000,175.000,84.265,87.333,84.445,47.476,120.953,127.886,121.455,62.109,280.768,294.150,283.128,292.294,1.0000,1.0000,1.0000,0.9156,700.00,700.00,700.00,0.00
362.00,180.000,180.000,170.000,175.000,84.510,87.603,84.692,47.574,121.204,128.180,121.710,62.218,280.999,294.437,283.369,292.378,1.0000,1.0000,1.0000,0.9156,700.00,700.00,700.00,0.00
363.00,180.000,180.000,170.000,175.000,84.754,87.874,84.938,47.671,121.455,128.474,121.966,62.328,281.231,294.723,283.610,292.462,1.0000,1.0000,1.0000,0.9156,700.00,700.00,700.00,0.00
364.00,180.000,180.000,170.000,175.000,84.998,88.144,85.185,47.769,121.706,128.767,122.221,62.438,281.462,295.009,283.850,292.546,1.0000,1.0000,1.0000,0.9156,700.00,700.00,700.00,0.00
365.00,180.000,180.000,170.000,175.000,85.242,88.414,85.431,47.867,121.957,129.061,122.476,62.548,281.694,295.295,284.091,292.629,1.0000,1.0000,1.0000,0.9156,700.00,700.00,700.00,0.00
366.00,180.000,180.000,170.000,175.000,85.487,88.685,85.678,47.964,122.208,129.355,122.731,62.658,281.925,295.581,284.332,292.713,1.0000,1.0000,1.0000,0.9156,700.00,700.00,700.00,0.00
367.00,180.000,180.000,170.000,175.000,85.731,88.955,85.924,48.062,122.459,129.648,122.986,62.767,282.156,295.867,284.572,292.797,1.0000,1.0000,1.0000,0.9156,700.00,700.00,700.00,0.00
368.00,180.000,180.000,170.000,175.000,85.976,89.226,86.171,48.160,122.709,129.942,123.241,62.877,282.387,296.153,284.812,292.881,1.0000,1.0000,1.0000,0.9156,700.00,700.00,700.00,0.00
369.00,180.000,180.000,170.000,175.000,86.220,89.497,86.418,48.258,122.960,130.235,123.496,62.987,282.618,296.439,285.053,292.965,1.0000,1.0000,1.0000,0.9156,700.00,700.00,700.00,0.00
370.00,180.000,180.000,170.000,175.000,86.465,89.769,86.664,48.356,123.210,130.529,123.750,63.097,282.849,296.724,285.293,293.049,1.0000,1.0000,1.0000,0.9156,700.00,700.00,700.00,0.00
371.00,180.000,180.000,170.000,175.000,86.709,90.040,86.911,48.454,123.460,130.822,124.005,63.207,283.079,297.010,285.533,293.133,1.0000,1.0000,1.0000,0.9156,700.00,700.00,700.00,0.00
372.00,180.000,180.000,170.000,175.000,86.954,90.311,87.158,48.552,123.710,131.115,124.259,63.318,283.310,297.296,285.773,293.217,1.0000,1.0000,1.0000,0.9156,700.00,700.00,700.00,0.00
373.00,180.000,180.000,170.000,175.000,87.198,90.583,87.405,48.651,123.960,131.408,124.513,63.428,283.540,297.581,286.013,293.301,1.0000,1.0000,1.0000,0.9156,700.00,700.00,700.00,0.00
374.00,180.000,180.000,170.000,175.000,87.443,90.855,87.652,48.749,124.210,131.702,124.767,63.538,283.771,297.867,286.252,293.385,1.0000,1.0000,1.0000,0.9156,700.00,700.00,700.00,0.00
375.00,180.000,180.000,170.000,175.000,87.688,91.127,87.899,48.848,124.460,131.995,125.021,63.648,284.001,298.153,286.492,293.470,1.0000,1.0000,1.0000,0.9156,700.00,700.00,700.00,0.00
376.00,180.000,180.000,170.000,175.000,87.933,91.399,88.146,48.946,124.709,132.288,125.275,63.758,284.231,298.438,286.732,293.554,1.0000,1.0000,1.0000,0.9156,700.00,700.00,700.00,0.00
377.00,180.000,180.000,170.000,175.000,88.177,91.671,88.393,49.045,124.958,132.581,125.529,63.869,284.462,298.723,286.971,293.638,1.0000,1.0000,1.0000,0.9156,700.00,700.00,700.00,0.00
378.00,180.000,180.000,170.000,175.000,88.422,91.943,88.641,49.143,125.208,132.874,125.783,63.979,284.692,299.009,287.211,293.722,1.0000,1.0000,1.0000,0.9156,700.00,700.00,700.00,0.00
379.00,180.000,180.000,170.000,175.000,88.667,92.216,88.888,49.242,125.457,133.167,126.036,64.089,284.922,299.294,287.450,293.806,1.0000,1.0000,1.0000,0.9156,700.00,700.00,700.00,0.00
380.00,180.000,180.000,170.000,175.000,88.912,92.488,89.135,49.341,125.706,133.460,126.289,64.200,285.151,299.579,287.689,293.891,1.0000,1.0000,1.0000,0.9156,700.00,700.00,700.00,0.00
381.00,180.000,180.000,170.000,175.000,89.157,92.761,89.382,49.440,125.955,133.753,126.543,64.310,285.381,299.864,287.929,293.975,1.0000,1.0000,1.0000,0.9156,700.00,700.00,700.00,0.00
382.00,180.000,180.000,170.000,175.000,89.402,93.034,89.630,49.539,126.203,134.046,126.796,64.421,285.611,300.150,288.168,294.059,1.0000,1.0000,1.0000,0.9156,700.00,700.00,700.00,0.00
383.00,180.000,180.000,170.000,175.000,89.647,93.307,89.877,49.638,126.452,134.338,127.049,64.531,285.840,300.435,288.407,294.144,1.0000,1.0000,1.0000,0.9156,700.00,700.00,700.00,0.00
384.00,180.000,180.000,170.000,175.000,89.892,93.580,90.124,49.737,126.700,134.631,127.302,64.642,286.070,300.720,288.645,294.228,1.0000,1.0000,1.0000,0.9156,700.00,700.00,700.00,0.00
385.00,180.000,180.000,170.000,175.000,90.137,93.853,90.372,49.836,126.949,134.924,127.555,64.752,286.299,301.005,288.884,294.313,1.0000,1.0000,1.0000,0.9156,700.00,700.00,700.00,0.00
386.00,180.000,180.000,170.000,175.000,90.382,94.126,90.619,49.936,127.197,135.217,127.807,64.863,286.528,301.289,289.123,294.397,1.0000,1.0000,1.0000,0.9156,700.00,700.00,700.00,0.00
387.00,180.000,180.000,170.000,175.000,90.627,94.400,90.867,50.035,127.445,135.509,128.060,64.974,286.758,301.574,289.362,294.482,1.0000,1.0000,1.0000,0.9156,700.00,700.00,700.00,0.00
388.00,180.000,180.000,170.000,175.000,90.872,94.674,91.114,50.134,127.693,135.802,128.312,65.084,286.987,301.859,289.600,294.566,1.0000,1.0000,1.0000,0.9156,700.00,700.00,700.00,0.00
389.00,180.000,180.000,170.000,175.000,91.117,94.947,91.362,50.234,127.941,136.094,128.565,65.195,287.216,302.144,289.839,294.651,1.0000,1.0000,1.0000,0.9156,700.00,700.00,700.00,0.00
390.00,180.000,180.000,170.000,175.000,91.362,95.221,91.610,50.333,128.189,136.387,128.817,65.306,287.445,302.428,290.077,294.735,1.0000,1.0000,1.0000,0.9156,700.00,700.00,700.00,0.00
391.00,180.000,180.000,170.000,175.000,91.607,95.495,91.857,50.433,128.436,136.679,129.069,65.417,287.673,302.713,290.315,294.820,1.0000,1.0000,1.0000,0.9156,700.00,700.00,700.00,0.00
392.00,180.000,180.000,170.000,175.000,91.852,95.769,92.105,50.533,128.684,136.971,129.321,65.528,287.902,302.998,290.553,294.905,1.0000,1.0000,1.0000,0.9156,700.00,700.00,700.00,0.00
393.00,180.000,180.000,170.000,175.000,92.097,96.044,92.353,50.633,128.931,137.264,129.573,65.639,288.131,303.282,290.792,294.989,1.0000,1.0000,1.0000,0.9156,700.00,700.00,700.00,0.00
394.00,180.000,180.000,170.000,175.000,92.342,96.318,92.600,50.733,129.178,137.556,129.825,65.749,288.359,303.567,291.030,295.074,1.0000,1.0000,1.0000,0.9156,700.00,700.00,700.00,0.00
395.00,180.000,180.000,170.000,175.000,92.588,96.593,92.848,50.833,129.425,137.848,130.077,65.860,288.588,303.851,291.267,295.159,1.0000,1.0000,1.0000,0.9156,700.00,700.00,700.00,0.00
396.00,180.000,180.000,170.000,175.000,92.833,96.867,93.096,50.933,129.672,138.140,130.328,65.971,288.816,304.135,291.505,295.243,1.0000,1.0000,1.0000,0.9156,700.00,700.00,700.00,0.00
397.00,180.000,180.000,170.000,175.000,93.078,97.142,93.344,51.033,129.919,138.432,130.580,66.082,289.044,304.419,291.743,295.328,1.0000,1.0000,1.0000,0.9156,700.00,700.00,700.00,0.00
398.00,180.000,180.000,170.000,175.000,93.323,97.417,93.591,51.133,130.166,138.725,130.831,66.194,289.272,304.704,291.981,295.413,1.0000,1.0000,1.0000,0.9156,700.00,700.00,700.00,0.00
399.00,180.000,180.000,170.000,175.000,93.568,97.692,93.839,51.233,130.412,139.017,131.082,66.305,289.500,304.988,292.218,295.498,1.0000,1.0000,1.0000,0.9156,700.00,700.00,700.00,0.00
400.00,180.000,180.000,170.000,175.000,93.814,97.967,94.087,51.333,130.659,139.309,131.333,66.416,289.728,305.272,292.456,295.583,1.0000,1.0000,1.0000,0.9156,700.00,700.00,700.00,0.00
401.00,180.000,180.000,170.000,175.000,94.059,98.242,94.335,51.434,130.905,139.600,131.584,66.527,289.956,305.556,292.693,295.668,1.0000,1.0000,1.0000,0.9156,700.00,700.00,700.00,0.00
402.00,180.000,180.000,170.000,175.000,94.304,98.517,94.583,51.534,131.151,139.892,131.835,66.638,290.184,305.840,292.930,295.753,1.0000,1.0000,1.0000,0.9156,700.00,700.00,700.00,0.00
403.00,180.000,180.000,170.000,175.000,94.549,98.793,94.831,51.635,131.398,140.184,132.086,66.749,290.412,306.124,293.168,295.838,1.0000,1.0000,1.0000,0.9156,700.00,700.00,700.00,0.00
404.00,180.000,180.000,170.000,175.000,94.794,99.068,95.079,51.735,131.643,140.476,132.337,66.861,290.639,306.408,293.405,295.923,1.0000,1.0000,1.0000,0.9156,700.00,700.00,700.00,0.00
405.00,180.000,180.000,170.000,175.000,95.040,99.344,95.327,51.836,131.889,140.768,132.587,66.972,290.867,306.692,293.642,296.008,1.0000,1.0000,1.0000,0.9156,700.00,700.00,700.00,0.00
406.00,180.000,180.000,170.000,175.000,95.285,99.619,95.575,51.937,132.135,141.059,132.838,67.083,291.094,306.975,293.879,296.093,1.0000,1.0000,1.0000,0.9156,700.00,700.00,700.00,0.00
407.00,180.000,180.000,170.000,175.000,95.530,99.895,95.823,52.038,132.381,141.351,133.088,67.195,291.322,307.259,294.116,296.178,1.0000,1.0000,1.0000,0.9156,700.00,700.00,700.00,0.00
408.00,180.000,180.000,170.000,175.000,95.776,100.171,96.071,52.139,132.626,141.643,133.338,67.306,291.549,307.543,294.352,296.263,1.0000,1.0000,1.0000,0.9156,700.00,700.00,700.00,0.00
409.00,180.000,180.000,170.000,175.000,96.021,100.447,96.319,52.240,132.872,141.934,133.588,67.418,291.776,307.826,294.589,296.348,1.0000,1.0000,1.0000,0.9156,700.00,700.00,700.00,0.00
410.00,180.000,180.000,170.000,175.000,96.266,100.723,96.567,52.341,133.117,142.226,133.838,67.529,292.003,308.110,294.826,296.433,1.0000,1.0000,1.0000,0.9156,700.00,700.00,700.00,0.00
411.00,180.000,180.000,170.000,175.000,96.511,101.000,96.815,52.442,133.362,142.517,134.088,67.641,292.230,308.393,295.062,296.518,1.0000,1.0000,1.0000,0.9156,700.00,700.00,700.00,0.00
412.00,180.000,180.000,170.000,175.000,96.757,101.276,97.063,52.543,133.607,142.808,134.338,67.752,292.457,308.677,295.299,296.603,1.0000,1.0000,1.0000,0.9156,700.00,700.00,700.00,0.00
413.00,180.000,180.000,170.000,175.000,97.002,101.552,97.311,52.644,133.852,143.100,134.588,67.864,292.684,308.960,295.535,296.689,1.0000,1.0000,1.0000,0.9156,700.00,700.00,700.00,0.00
414.00,180.000,180.000,170.000,175.000,97.247,101.829,97.559,52.745,134.097,143.391,134.837,67.975,292.910,309.243,295.771,296.774,1.0000,1.0000,1.0000,0.9156,700.00,700.00,700.00,0.00
415.00,180.000,180.000,170.000,175.000,97.492,102.106,97.807,52.847,134.341,143.682,135.087,68.087,293.137,309.526,296.007,296.859,1.0000,1.0000,1.0000,0.9156,700.00,700.00,700.00,0.00
416.00,180.000,180.000,170.000,175.000,97.738,102.382,98.056,52.948,134.586,143.974,135.336,68.199,293.364,309.810,296.244,296.944,1.0000,1.0000,1.0000,0.9156,700.00,700.00,700.00,0.00
417.00,180.000,180.000,170.000,175.000,97.983,102.659,98.304,53.050,134.830,144.265,135.585,68.311,293.590,310.093,296.480,297.030,1.0000,1.0000,1.0000,0.9156,700.00,700.00,700.00,0.00
418.00,180.000,180.000,170.000,175.000,98.228,102.936,98.552,53.151,135.074,144.556,135.834,68.422,293.816,310.376,296.715,297.115,1.0000,1.0000,1.0000,0.9156,700.00,700.00,700.00,0.00
419.00,180.000,180.000,170.000,175.000,98.473,103.213,98.800,53.253,135.319,144.847,136.083,68.534,294.043,310.659,296.951,297.201,1.0000,1.0000,1.0000,0.9156,700.00,700.00,700.00,0.00
420.00,180.000,180.000,170.000,175.000,98.719,103.490,99.048,53.355,135.563,145.138,136.332,68.646,294.269,310.942,297.187,297.286,1.0000,1.0000,1.0000,0.9156,700.00,700.00,700.00,0.00
421.00,180.000,180.000,170.000,175.000,98.964,103.767,99.296,53.457,135.807,145.429,136.581,68.758,294.495,311.224,297.423,297.371,1.0000,1.0000,1.0000,0.9156,700.00,700.00,700.00,0.00
422.00,180.000,180.000,170.000,175.000,99.209,104.045,99.544,53.558,136.050,145.720,136.830,68.870,294.721,311.507,297.658,297.457,1.0000,1.0000,1.0000,0.9156,700.00,700.00,700.00,0.00
423.00,180.000,180.000,170.000,175.000,99.454,104.322,99.793,53.660,136.294,146.011,137.078,68.982,294.947,311.790,297.894,297.542,1.0000,1.0000,1.0000,0.9156,700.00,700.00,700.00,0.00
424.00,180.000,180.000,170.000,175.000,99.699,104.600,100.041,53.762,136.538,146.301,137.327,69.094,295.173,312.073,298.129,297.628,1.0000,1.0000,1.0000,0.9156,700.00,700.00,700.00,0.00
425.00,180.000,180.000,170.000,175.000,99.945,104.877,100.289,53.864,136.781,146.592,137.575,69.206,295.398,312.355,298.365,297.713,1.0000,1.0000,1.0000,0.9156,700.00,700.00,700.00,0.00
426.00,180.000,180.000,170.000,175.000,100.190,105.155,100.537,53.966,137.024,146.883,137.824,69.318,295.624,312.638,298.600,297.799,1.0000,1.0000,1.0000,0.9156,700.00,700.00,700.00,0.00
427.00,180.000,180.000,170.000,175.000,100.435,105.433,100.785,54.069,137.268,147.173,138.072,69.430,295.850,312.920,298.835,297.885,1.0000,1.0000,1.0000,0.9156,700.00,700.00,700.00,0.00
428.00,180.000,180.000,170.000,175.000,100.680,105.710,101.033,54.171,137.511,147.464,138.320,69.542,296.075,313.203,299.070,297.970,1.0000,1.0000,1.0000,0.9156,700.00,700.00,700.00,0.00
429.00,180.000,180.000,170.000,175.000,100.925,105.988,101.282,54.273,137.754,147.755,138.568,69.654,296.300,313.485,299.305,298.056,1.0000,1.0000,1.0000,0.9156,700.00,700.00,700.00,0.00
430.00,180.000,180.000,170.000,175.000,101.170,106.266,101.530,54.376,137.997,148.045,138.816,69.766,296.526,313.768,299.540,298.141,1.0000,1.0000,1.0000,0.9156,700.00,700.00,700.00,0.00
431.00,180.000,180.000,170.000,175.000,101.415,106.544,101.778,54.478,138.239,148.336,139.063,69.878,296.751,314.050,299.775,298.227,1.0000,1.0000,1.0000,0.9156,700.00,700.00,700.00,0.00
432.00,180.000,180.000,170.000,175.000,101.660,106.823,102.026,54.581,138.482,148.626,139.311,69.990,296.976,314.332,300.010,298.313,1.0000,1.0000,1.0000,0.9156,700.00,700.00,700.00,0.00
433.00,180.000,180.000,170.000,175.000,101.905,107.101,102.274,54.683,138.725,148.916,139.559,70.103,297.201,314.614,300.244,298.399,1.0000,1.0000,1.0000,0.9156,700.00,700.00,700.00,0.00
434.00,180.000,180.000,170.000,175.000,102.151,107.379,102.522,54.786,138.967,149.207,139.806,70.215,297.426,314.896,300.479,298.484,1.0000,1.0000,1.0000,0.9156,700.00,700.00,700.00,0.00
435.00,180.000,180.000,170.000,175.000,102.396,107.658,102.770,54.889,139.209,149.497,140.053,70.327,297.651,315.179,300.713,298.570,1.0000,1.0000,1.0000,0.9156,700.00,700.00,700.00,0.00
436.00,180.000,180.000,170.000,175.000,102.641,107.936,103.019,54.991,139.452,149.787,140.301,70.440,297.876,315.461,300.948,298.656,1.0000,1.0000,1.0000,0.9156,700.00,700.00,700.00,0.00
437.00,180.000,180.000,170.000,175.000,102.886,108.215,103.267,55.094,139.694,150.077,140.548,70.552,298.100,315.742,301.182,298.742,1.0000,1.0000,1.0000,0.9156,700.00,700.00,700.00,0.00
438.00,180.000,180.000,170.000,175.000,103.131,108.493,103.515,55.197,139.936,150.367,140.795,70.664,298.325,316.024,301.416,298.828,1.0000,1.0000,1.0000,0.9156,700.00,700.00,700.00,0.00
439.00,180.000,180.000,170.000,175.000,103.375,108.772,103.763,55.300,140.177,150.657,141.042,70.777,298.549,316.306,301.651,298.914,1.0000,1.0000,1.0000,0.9156,700.00,700.00,700.00,0.00
440.00,180.000,180.000,170.000,175.000,103.620,109.051,104.011,55.403,140.419,150.947,141.288,70.889,298.774,316.588,301.885,298.999,1.0000,1.0000,1.0000,0.9156,700.00,700.00,700.00,0.00
441.00,180.000,180.000,170.000,175.000,103.865,109.330,104.259,55.506,140.661,151.237,141.535,71.002,298.998,316.870,302.119,299.085,1.0000,1.0000,1.0000,0.9156,700.00,700.00,700.00,0.00
442.00,180.000,180.000,170.000,175.000,104.110,109.609,104.507,55.609,140.902,151.527,141.782,71.114,299.222,317.151,302.353,299.171,1.0000,1.0000,1.0000,0.9156,700.00,700.00,700.00,0.00
443.00,180.000,180.000,170.000,175.000,104.355,109.888,104.755,55.712,141.144,151.817,142.028,71.227,299.447,317.433,302.587,299.257,1.0000,1.0000,1.0000,0.9156,700.00,700.00,700.00,0.00
444.00,180.000,180.000,170.000,175.000,104.600,110.167,105.003,55.816,141.385,152.107,142.275,71.339,299.671,317.714,302.820,299.343,1.0000,1.0000,1.0000,0.9156,700.00,700.00,700.00,0.00
445.00,180.000,180.000,170.000,175.000,104.845,110.446,105.251,55.919,141.626,152.396,142.521,71.452,299.895,317.996,303.054,299.429,1.0000,1.0000,1.0000,0.9156,700.00,700.00,700.00,0.00
446.00,180.000,180.000,170.000,175.000,105.090,110.725,105.500,56.022,141.867,152.686,142.767,71.565,300.119,318.277,303.288,299.515,1.0000,1.0000,1.0000,0.9156,700.00,700.00,700.00,0.00
447.00,180.000,180.000,170.000,175.000,105.334,111.004,105.748,56.126,142.108,152.976,143.013,71.677,300.342,318.559,303.521,299.601,1.0000,1.0000,1.0000,0.9156,700.00,700.00,700.00,0.00
448.00,180.000,180.000,170.000,175.000,105.579,111.284,105.996,56.229,142.349,153.265,143.259,71.790,300.566,318.840,303.755,299.688,1.0000,1.0000,1.0000,0.9156,700.00,700.00,700.00,0.00
449.00,180.000,180.000,170.000,175.000,105.824,111.563,106.244,56.333,142.590,153.555,143.505,71.903,300.790,319.121,303.988,299.774,1.0000,1.0000,1.0000,0.9156,700.00,700.00,700.00,0.00
450.00,180.000,180.000,170.000,175.000,106.068,111.843,106.492,56.437,142.830,153.844,143.751,72.015,301.013,319.402,304.221,299.860,1.0000,1.0000,1.0000,0.9156,700.00,700.00,700.00,0.00
451.00,180.000,180.000,170.000,175.000,106.313,112.122,106.740,56.540,143.071,154.134,143.997,72.128,301.237,319.683,304.454,299.946,1.0000,1.0000,1.0000,0.9156,700.00,700.00,700.00,0.00
452.00,180.000,180.000,170.000,175.000,106.558,112.402,106.988,56.644,143.311,154.423,144.242,72.241,301.460,319.964,304.688,300.032,1.0000,1.0000,1.0000,0.9156,700.00,700.00,700.00,0.00
453.00,180.000,180.000,170.000,175.000,106.802,112.682,107.235,56.748,143.552,154.713,144.488,72.354,301.684,320.245,304.921,300.118,1.0000,1.0000,1.0000,0.9156,700.00,700.00,700.00,0.00
454.00,180.000,180.000,170.000,175.000,107.047,112.961,107.483,56.852,143.792,155.002,144.733,72.467,301.907,320.526,305.154,300.205,1.0000,1.0000,1.0000,0.9156,700.00,700.00,700.00,0.00
455.00,180.000,180.000,170.000,175.000,107.291,113.241,107.731,56.956,144.032,155.291,144.978,72.580,302.130,320.807,305.386,300.291,1.0000,1.0000,1.0000,0.9156,700.00,700.00,700.00,0.00
456.00,180.000,180.000,170.000,175.000,107.536,113.521,107.979,57.060,144.272,155.580,145.224,72.693,302.353,321.088,305.619,300.377,1.0000,1.0000,1.0000,0.9156,700.00,700.00,700.00,0.00
457.00,180.000,180.000,170.000,175.000,107.781,113.801,108.227,57.164,144.512,155.869,145.469,72.806,302.576,321.369,305.852,300.464,1.0000,1.0000,1.0000,0.9156,700.00,700.00,700.00,0.00
458.00,180.000,180.000,170.000,175.000,108.025,114.081,108.475,57.268,144.751,156.158,145.714,72.919,302.799,321.649,306.085,300.550,1.0000,1.0000,1.0000,0.9156,700.00,700.00,700.00,0.00
459.00,180.000,180.000,170.000,175.000,108.269,114.361,108.723,57.372,144.991,156.447,145.959,73.032,303.022,321.930,306.317,300.636,1.0000,1.0000,1.0000,0.9156,700.00,700.00,700.00,0.00
460.00,180.000,180.000,170.000,175.000,108.514,114.641,108.971,57.476,145.231,156.736,146.203,73.145,303.245,322.210,306.550,300.723,1.0000,1.0000,1.0000,0.9156,700.00,700.00,700.00,0.00
461.00,180.000,180.000,170.000,175.000,108.758,114.921,109.218,57.581,145.470,157.025,146.448,73.258,303.467,322.491,306.782,300.809,1.0000,1.0000,1.0000,0.9156,700.00,700.00,700.00,0.00
462.00,180.000,180.000,170.000,175.000,109.002,115.202,109.466,57.685,145.709,157.314,146.693,73.371,303.690,322.771,307.014,300.895,1.0000,1.0000,1.0000,0.9156,700.00,700.00,700.00,0.00
463.00,180.000,180.000,170.000,175.000,109.247,115.482,109.714,57.789,145.948,157.603,146.937,73.484,303.912,323.052,307.247,300.982,1.0000,1.0000,1.0000,0.9156,700.00,700.00,700.00,0.00
464.00,180.000,180.000,170.000,175.000,109.491,115.762,109.962,57.894,146.188,157.892,147.182,73.597,304.135,323.332,307.479,301.068,1.0000,1.0000,1.0000,0.9156,700.00,700.00,700.00,0.00
465.00,180.000,180.000,170.000,175.000,109.735,116.043,110.209,57.998,146.427,158.180,147.426,73.710,304.357,323.612,307.711,301.155,1.0000,1.0000,1.0000,0.9156,700.00,700.00,700.00,0.00
466.00,180.000,180.000,170.000,175.000,109.979,116.323,110.457,58.103,146.665,158.469,147.670,73.824,304.579,323.893,307.943,301.241,1.0000,1.0000,1.0000,0.9156,700.00,700.00,700.00,0.00
467.00,180.000,180.000,170.000,175.000,110.224,116.604,110.705,58.208,146.904,158.758,147.914,73.937,304.802,324.173,308.175,301.328,1.0000,1.0000,1.0000,0.9156,700.00,700.00,700.00,0.00
468.00,180.000,180.000,170.000,175.000,110.468,116.884,110.952,58.312,147.143,159.046,148.158,74.050,305.024,324.453,308.407,301.414,1.0000,1.0000,1.0000,0.9156,700.00,700.00,700.00,0.00
469.00,180.000,180.000,170.000,175.000,110.712,117.165,111.200,58.417,147.381,159.335,148.402,74.163,305.246,324.733,308.639,301.501,1.0000,1.0000,1.0000,0.9156,700.00,700.00,700.00,0.00
470.00,180.000,180.000,170.000,175.000,110.956,117.445,111.448,58.522,147.620,159.623,148.646,74.277,305.468,325.013,308.870,301.588,1.0000,1.0000,1.0000,0.9156,700.00,700.00,700.00,0.00
471.00,180.000,180.000,170.000,175.000,111.200,117.726,111.695,58.627,147.858,159.912,148.890,74.390,305.690,325.293,309.102,301.674,1.0000,1.0000,1.0000,0.9156,700.00,700.00,700.00,0.00
472.00,180.000,180.000,170.000,175.000,111.444,118.007,111.943,58.732,148.097,160.200,149.133,74.503,305.911,325.572,309.333,301.761,1.0000,1.0000,1.0000,0.9156,700.00,700.00,700.00,0.00
473.00,180.000,180.000,170.000,175.000,111.688,118.288,112.190,58.837,148.335,160.488,149.377,74.617,306.133,325.852,309.565,301.848,1.0000,1.0000,1.0000,0.9156,700.00,700.00,700.00,0.00
474.00,180.000,180.000,170.000,175.000,111.932,118.569,112.438,58.942,148.573,160.776,149.620,74.730,306.355,326.132,309.796,301.934,1.0000,1.0000,1.0000,0.9156,700.00,700.00,700.00,0.00
475.00,180.000,180.000,170.000,175.000,112.176,118.850,112.685,59.047,148.811,161.065,149.864,74.844,306.576,326.412,310.028,302.021,1.0000,1.0000,1.0000,0.9156,700.00,700.00,700.00,0.00
476.00,180.000,180.000,170.000,175.000,112.419,119.131,112.933,59.152,149.048,161.353,150.107,74.957,306.798,326.691,310.259,302.108,1.0000,1.0000,1.0000,0.9156,700.00,700.00,700.00,0.00
477.00,180.000,180.000,170.000,175.000,112.663,119.412,113.180,59.257,149.286,161.641,150.350,75.071,307.019,326.971,310.490,302.194,1.0000,1.0000,1.0000,0.9156,700.00,700.00,700.00,0.00
478.00,180.000,180.000,170.000,175.000,112.907,119.693,113.427,59.362,149.524,161.929,150.593,75.184,307.240,327.250,310.721,302.281,1.0000,1.0000,1.0000,0.9156,700.00,700.00,700.00,0.00
479.00,180.000,180.000,170.000,175.000,113.151,119.974,113.675,59.468,149.761,162.217,150.836,75.298,307.462,327.530,310.952,302.368,1.0000,1.0000,1.0000,0.9156,700.00,700.00,700.00,0.00
480.00,180.000,180.000,170.000,175.000,113.394,120.255,113.922,59.573,149.999,162.505,151.079,75.412,307.683,327.809,311.183,302.455,1.0000,1.0000,1.0000,0.9156,700.00,700.00,700.00,0.00
481.00,180.000,180.000,170.000,175.000,113.638,120.536,114.169,59.679,150.236,162.792,151.322,75.525,307.904,328.088,311.414,302.542,1.0000,1.0000,1.0000,0.9156,700.00,700.00,700.00,0.00
482.00,180.000,180.000,170.000,175.000,113.881,120.817,114.417,59.784,150.473,163.080,151.564,75.639,308.125,328.367,311.645,302.628,1.0000,1.0000,1.0000,0.9156,700.00,700.00,700.00,0.00
483.00,180.000,180.000,170.000,175.000,114.125,121.099,114.664,59.890,150.710,163.368,151.807,75.752,308.346,328.647,311.875,302.715,1.0000,1.0000,1.0000,0.9156,700.00,700.00,700.00,0.00
484.00,180.000,180.000,170.000,175.000,114.368,121.380,114.911,59.995,150.947,163.656,152.049,75.866,308.566,328.926,312.106,302.802,1.0000,1.0000,1.0000,0.9156,700.00,700.00,700.00,0.00
485.00,180.000,180.000,170.000,175.000,114.612,121.661,115.158,60.101,151.184,163.943,152.292,75.980,308.787,329.205,312.336,302.889,1.0000,1.0000,1.0000,0.9156,700.00,700.00,700.00,0.00
486.00,180.000,180.000,170.000,175.000,114.855,121.943,115.405,60.206,151.421,164.231,152.534,76.094,309.008,329.484,312.567,302.976,1.0000,1.0000,1.0000,0.9156,700.00,700.00,700.00,0.00
487.00,180.000,180.000,170.000,175.000,115.099,122.224,115.653,60.312,151.658,164.518,152.776,76.207,309.228,329.763,312.797,303.063,1.0000,1.0000,1.0000,0.9156,700.00,700.00,700.00,0.00
488.00,180.000,180.000,170.000,175.000,115.342,122.506,115.900,60.418,151.894,164.806,153.018,76.321,309.449,330.041,313.028,303.150,1.0000,1.0000,1.0000,0.9156,700.00,700.00,700.00,0.00
489.00,180.000,180.000,170.000,175.000,115.585,122.787,116.147,60.524,152.131,165.093,153.260,76.435,309.669,330.320,313.258,303.237,1.0000,1.0000,1.0000,0.9156,700.00,700.00,700.00,0.00
490.00,180.000,180.000,170.000,175.000,115.828,123.069,116.394,60.630,152.367,165.381,153.502,76.549,309.890,330.599,313.488,303.324,1.0000,1.0000,1.0000,0.9156,700.00,700.00,700.00,0.00
491.00,180.000,180.000,170.000,175.000,116.072,123.351,116.641,60.736,152.603,165.668,153.744,76.663,310.110,330.878,313.718,303.411,1.0000,1.0000,1.0000,0.9156,700.00,700.00,700.00,0.00
492.00,180.000,180.000,170.000,175.000,116.315,123.632,116.888,60.842,152.840,165.955,153.986,76.777,310.330,331.156,313.948,303.498,1.0000,1.0000,1.0000,0.9156,700.00,700.00,700.00,0.00
493.00,180.000,180.000,170.000,175.000,116.558,123.914,117.134,60.948,153.076,166.243,154.227,76.891,310.550,331.435,314.178,303.585,1.0000,1.0000,1.0000,0.9156,700.00,700.00,700.00,0.00
494.00,180.000,180.000,170.000,175.000,116.801,124.196,117.381,61.054,153.312,166.530,154.469,77.005,310.770,331.713,314.408,303.672,1.0000,1.0000,1.0000,0.9156,700.00,700.00,700.00,0.00
495.00,180.000,180.000,170.000,175.000,117.044,124.477,117.628,61.160,153.548,166.817,154.710,77.119,310.990,331.992,314.638,303.759,1.0000,1.0000,1.0000,0.9156,700.00,700.00,700.00,0.00
496.00,180.000,180.000,170.000,175.000,117.287,124.759,117.875,61.266,153.783,167.104,154.952,77.233,311.210,332.270,314.867,303.846,1.0000,1.0000,1.0000,0.9156,700.00,700.00,700.00,0.00
497.00,180.000,180.000,170.000,175.000,117.530,125.041,118.122,61.373,154.019,167.391,155.193,77.347,311.430,332.548,315.097,303.934,1.0000,1.0000,1.0000,0.9156,700.00,700.00,700.00,0.00
498.00,180.000,180.000,170.000,175.000,117.773,125.323,118.368,61.479,154.255,167.678,155.434,77.461,311.650,332.827,315.326,304.021,1.0000,1.0000,1.0000,0.9156,700.00,700.00,700.00,0.00
499.00,180.000,180.000,170.000,175.000,118.015,125.605,118.615,61.585,154.490,167.965,155.675,77.575,311.869,333.105,315.556,304.108,1.0000,1.0000,1.0000,0.9156,700.00,700.00,700.00,0.00
500.00,180.000,180.000,170.000,175.000,118.258,125.887,118.862,61.692,154.725,168.252,155.916,77.689,312.089,333.383,315.785,304.195,1.0000,1.0000,1.0000,0.9156,700.00,700.00,700.00,0.00
501.00,180.000,180.000,170.000,175.000,118.501,126.169,119.108,61.798,154.961,168.538,156.157,77.803,312.308,333.661,316.015,304.282,1.0000,1.0000,1.0000,0.9156,700.00,700.00,700.00,0.00
502.00,180.000,180.000,170.000,175.000,118.743,126.451,119.355,61.905,155.196,168.825,156.398,77.917,312.528,333.939,316.244,304.370,1.0000,1.0000,1.0000,0.9156,700.00,700.00,700.00,0.00
503.00,180.000,180.000,170.000,175.000,118.986,126.733,119.601,62.011,155.431,169.112,156.638,78.031,312.747,334.217,316.473,304.457,1.0000,1.0000,1.0000,0.9156,700.00,700.00,700.00,0.00
504.00,180.000,180.000,170.000,175.000,119.229,127.015,119.848,62.118,155.666,169.398,156.879,78.146,312.966,334.495,316.702,304.544,1.0000,1.0000,1.0000,0.9156,700.00,700.00,700.00,0.00
505.00,180.000,180.000,170.000,175.000,119.471,127.297,120.094,62.225,155.901,169.685,157.120,78.260,313.185,334.773,316.931,304.632,1.0000,1.0000,1.0000,0.9156,700.00,700.00,700.00,0.00
506.00,180.000,180.000,170.000,175.000,119.714,127.579,120.341,62.331,156.136,169.971,157.360,78.374,313.405,335.050,317.160,304.719,1.0000,1.0000,1.0000,0.9156,700.00,700.00,700.00,0.00
507.00,180.000,180.000,170.000,175.000,119.956,127.861,120.587,62.438,156.370,170.258,157.600,78.488,313.624,335.328,317.389,304.806,1.0000,1.0000,1.0000,0.9156,700.00,700.00,700.00,0.00
508.00,180.000,180.000,170.000,175.000,120.198,128.143,120.834,62.545,156.605,170.544,157.841,78.603,313.843,335.606,317.618,304.894,1.0000,1.0000,1.0000,0.9156,700.00,700.00,700.00,0.00
509.00,180.000,180.000,170.000,175.000,120.441,128.426,121.080,62.652,156.839,170.831,158.081,78.717,314.061,335.883,317.847,304.981,1.0000,1.0000,1.0000,0.9156,700.00,700.00,700.00,0.00
510.00,180.000,180.000,170.000,175.000,120.683,128.708,121.326,62.759,157.074,171.117,158.321,78.831,314.280,336.161,318.075,305.068,1.0000,1.0000,1.0000,0.9156,700.00,700.00,700.00,0.00
511.00,180.000,180.000,170.000,175.000,120.925,128.990,121.572,62.866,157.308,171.403,158.561,78.946,314.499,336.438,318.304,305.156,1.0000,1.0000,1.0000,0.9156,700.00,700.00,700.00,0.00
512.00,180.000,180.000,170.000,175.000,121.167,129.272,121.818,62.973,157.542,171.689,158.801,79.060,314.718,336.716,318.532,305.243,1.0000,1.0000,1.0000,0.9156,700.00,700.00,700.00,0.00
513.00,180.000,180.000,170.000,175.000,121.409,129.555,122.065,63.080,157.776,171.975,159.041,79.174,314.936,336.993,318.761,305.331,1.0000,1.0000,1.0000,0.9156,700.00,700.00,700.00,0.00
514.00,180.000,180.000,170.000,175.000,121.651,129.837,122.311,63.187,158.010,172.261,159.280,79.289,315.155,337.270,318.989,305.418,1.0000,1.0000,1.0000,0.9156,700.00,700.00,700.00,0.00
515.00,180.000,180.000,170.000,175.000,121.893,130.119,122.557,63.294,158.244,172.547,159.520,79.403,315.373,337.547,319.218,305.506,1.0000,1.0000,1.0000,0.9156,700.00,700.00,700.00,0.00
516.00,180.000,180.000,170.000,175.000,122.135,130.402,122.803,63.402,158.478,172.833,159.759,79.518,315.591,337.825,319.446,305.593,1.0000,1.0000,1.0000,0.9156,700.00,700.00,700.00,0.00
517.00,180.000,180.000,170.000,175.000,122.377,130.684,123.049,63.509,158.712,173.119,159.999,79.632,315.810,338.102,319.674,305.681,1.0000,1.0000,1.0000,0.9156,700.00,700.00,700.00,0.00
518.00,180.000,180.000,170.000,175.000,122.619,130.967,123.295,63.616,158.945,173.405,160.238,79.747,316.028,338.379,319.902,305.768,1.0000,1.0000,1.0000,0.9156,700.00,700.00,700.00,0.00
519.00,180.000,180.000,170.000,175.000,122.861,131.249,123.540,63.723,159.179,173.691,160.477,79.861,316.246,338.656,320.130,305.856,1.0000,1.0000,1.0000,0.9156,700.00,700.00,700.00,0.00
520.00,180.000,180.000,170.000,175.000,123.102,131.532,123.786,63.831,159.412,173.977,160.717,79.976,316.464,338.933,320.358,305.943,1.0000,1.0000,1.0000,0.9156,700.00,700.00,700.00,0.00
521.00,180.000,180.000,170.000,175.000,123.344,131.814,124.032,63.938,159.646,174.262,160.956,80.091,316.682,339.209,320.586,306.031,1.0000,1.0000,1.0000,0.9156,700.00,700.00,700.00,0.00
522.00,180.000,180.000,170.000,175.000,123.586,132.097,124.278,64.046,159.879,174.548,161.195,80.205,316.900,339.486,320.814,306.119,1.0000,1.0000,1.0000,0.9156,700.00,700.00,700.00,0.00
523.00,180.000,180.000,170.000,175.000,123.827,132.379,124.523,64.153,160.112,174.834,161.434,80.320,317.118,339.763,320.956,306.206,1.0000,1.0000,0.9903,0.9156,700.00,700.00,420.00,0.00
524.00,180.000,180.000,170.000,175.000,124.069,132.662,124.769,64.261,160.345,175.119,161.672,80.435,317.336,340.039,320.873,306.294,1.0000,1.0000,0.9771,0.9156,700.00,700.00,0.00,0.00
525.00,180.000,180.000,170.000,175.000,124.310,132.944,125.015,64.369,160.578,175.405,161.910,80.549,317.553,340.316,320.619,306.382,1.0000,1.0000,0.9649,0.9156,700.00,700.00,0.00,0.00
526.00,180.000,180.000,170.000,175.000,124.551,133.227,125.260,64.476,160.811,175.690,162.147,80.664,317.771,340.593,320.210,306.469,1.0000,1.0000,0.9534,0.9156,700.00,700.00,0.00,0.00
527.00,180.000,180.000,170.000,175.000,124.793,133.509,125.506,64.584,161.043,175.975,162.382,80.779,317.988,340.869,319.694,306.557,1.0000,1.0000,0.9427,0.9156,700.00,700.00,0.00,0.00
528.00,180.000,180.000,170.000,175.000,125.034,133.792,125.751,64.692,161.276,176.261,162.616,80.893,318.206,341.145,319.065,306.645,1.0000,1.0000,0.9325,0.9156,700.00,700.00,0.00,0.00
529.00,180.000,180.000,170.000,175.000,125.275,134.075,125.996,64.800,161.509,176.546,162.849,81.008,318.423,341.422,318.351,306.732,1.0000,1.0000,0.9228,0.9156,700.00,700.00,0.00,0.00
530.00,180.000,180.000,170.000,175.000,125.516,134.357,126.242,64.908,161.741,176.831,163.079,81.123,318.641,341.698,317.575,306.820,1.0000,1.0000,0.9135,0.9156,700.00,700.00,0.00,0.00
531.00,180.000,180.000,170.000,175.000,125.757,134.640,126.487,65.016,161.974,177.116,163.308,81.238,318.858,341.974,316.744,306.908,1.0000,1.0000,0.9046,0.9156,700.00,700.00,0.00,0.00
532.00,180.000,180.000,170.000,175.000,125.998,134.923,126.732,65.124,162.206,177.401,163.535,81.353,319.075,342.250,315.880,306.996,1.0000,1.0000,0.8961,0.9156,700.00,700.00,0.00,0.00
533.00,180.000,180.000,170.000,175.000,126.239,135.206,126.977,65.232,162.438,177.686,163.759,81.467,319.292,342.526,314.985,307.084,1.0000,1.0000,0.8878,0.9156,700.00,700.00,0.00,0.00
534.00,180.000,180.000,170.000,175.000,126.480,135.488,127.222,65.340,162.670,177.971,163.982,81.582,319.509,342.802,314.062,307.171,1.0000,1.0000,0.8797,0.9156,700.00,700.00,0.00,0.00
535.00,180.000,180.000,170.000,175.000,126.721,135.771,127.466,65.448,162.902,178.256,164.202,81.697,319.726,343.078,313.114,307.259,1.0000,1.0000,0.8719,0.9156,700.00,700.00,0.00,0.00
536.00,180.000,180.000,170.000,175.000,126.962,136.054,127.711,65.556,163.134,178.541,164.420,81.812,319.943,343.354,312.143,307.347,1.0000,1.0000,0.8643,0.9156,700.00,700.00,0.00,0.00
537.00,180.000,180.000,170.000,175.000,127.203,136.337,127.955,65.664,163.366,178.826,164.636,81.927,320.160,343.629,311.151,307.435,1.0000,1.0000,0.8568,0.9156,700.00,700.00,0.00,0.00
538.00,180.000,180.000,170.000,175.000,127.443,136.619,128.199,65.772,163.598,179.110,164.850,82.042,320.376,343.905,310.140,307.523,1.0000,1.0000,0.8494,0.9156,700.00,700.00,0.00,0.00
539.00,180.000,180.000,170.000,175.000,127.684,136.902,128.443,65.881,163.829,179.395,165.061,82.157,320.593,344.180,309.145,307.611,1.0000,1.0000,0.8423,0.9156,700.00,700.00,0.00,0.00
540.00,180.000,180.000,170.000,175.000,127.924,137.185,128.687,65.989,164.061,179.680,165.271,82.272,320.810,344.455,308.131,307.699,1.0000,1.0000,0.8352,0.9156,700.00,700.00,0.00,0.00
541.00,180.000,180.000,170.000,175.000,128.165,137.468,128.930,66.097,164.292,179.964,165.478,82.387,321.026,344.731,307.133,307.787,1.0000,1.0000,0.8282,0.9156,700.00,700.00,0.00,0.00
542.00,180.000,180.000,170.000,175.000,128.405,137.751,129.173,66.206,164.524,180.249,165.682,82.502,321.243,345.006,306.115,307.875,1.0000,1.0000,0.8214,0.9156,700.00,700.00,0.00,0.00
543.00,180.000,180.000,170.000,175.000,128.646,138.034,129.416,66.314,164.755,180.533,165.885,82.617,321.459,345.281,305.114,307.963,1.0000,1.0000,0.8146,0.9156,700.00,700.00,0.00,0.00
544.00,180.000,180.000,170.000,175.000,128.886,138.316,129.659,66.423,164.986,180.818,166.085,82.732,321.675,345.556,304.110,308.051,1.0000,1.0000,0.8079,0.9156,700.00,700.00,0.00,0.00
545.00,180.000,180.000,170.000,175.000,129.126,138.599,129.901,66.531,165.217,181.102,166.283,82.847,321.891,345.830,303.104,308.139,1.0000,1.0000,0.8013,0.9156,700.00,700.00,0.00,0.00
546.00,180.000,180.000,170.000,175.000,129.366,138.882,130.143,66.640,165.448,181.386,166.478,82.963,322.108,346.105,302.111,308.227,1.0000,1.0000,0.7948,0.9156,700.00,700.00,0.00,0.00
547.00,180.000,180.000,170.000,175.000,129.607,139.165,130.385,66.749,165.679,181.670,166.672,83.078,322.324,346.379,301.132,308.315,1.0000,1.0000,0.7884,0.9156,700.00,700.00,0.00,0.00
548.00,180.000,180.000,170.000,175.000,129.847,139.448,130.626,66.857,165.910,181.954,166.863,83.193,322.540,345.492,300.148,308.403,1.0000,0.9038,0.7820,0.9156,700.00,0.00,0.00,0.00
549.00,180.000,180.000,170.000,175.000,130.087,139.731,130.867,66.966,166.140,182.235,167.052,83.308,322.756,343.352,299.175,308.491,1.0000,0.8230,0.7757,0.9156,700.00,0.00,0.00,0.00
550.00,180.000,180.000,170.000,175.000,130.327,140.014,131.108,67.075,166.371,182.511,167.239,83.423,322.971,340.299,298.213,308.579,1.0000,0.7548,0.7695,0.9156,700.00,0.00,0.00,0.00
551.00,180.000,180.000,170.000,175.000,130.567,140.297,131.349,67.184,166.602,182.780,167.424,83.539,323.187,336.570,297.260,308.667,1.0000,0.6966,0.7633,0.9156,700.00,0.00,0.00,0.00
552.00,180.000,180.000,170.000,175.000,130.806,140.579,131.589,67.293,166.832,183.042,167.607,83.654,323.403,332.364,296.299,308.755,1.0000,0.6466,0.7572,0.9156,700.00,0.00,0.00,0.00
553.00,180.000,180.000,170.000,175.000,131.046,140.862,131.828,67.401,167.062,183.295,167.788,83.769,323.618,327.843,295.346,308.843,1.0000,0.6032,0.7512,0.9156,700.00,0.00,0.00,0.00
554.00,180.000,180.000,170.000,175.000,131.286,141.144,132.067,67.510,167.293,183.539,167.966,83.884,323.834,323.119,294.401,308.931,1.0000,0.5653,0.7452,0.9156,700.00,0.00,0.00,0.00
555.00,180.000,180.000,170.000,175.000,131.525,141.426,132.306,67.619,167.523,183.774,168.143,84.000,324.049,318.293,293.480,309.020,1.0000,0.5318,0.7393,0.9156,700.00,0.00,0.00,0.00
556.00,180.000,180.000,170.000,175.000,131.765,141.708,132.545,67.728,167.753,184.000,168.317,84.115,324.264,313.441,292.564,309.108,1.0000,0.5021,0.7334,0.9156,700.00,0.00,0.00,0.00
557.00,180.000,180.000,170.000,175.000,132.004,141.989,132.783,67.837,167.983,184.216,168.489,84.230,324.479,308.631,291.652,309.196,1.0000,0.4754,0.7276,0.9156,700.00,0.00,0.00,0.00
558.00,180.000,180.000,170.000,175.000,132.244,142.270,133.020,67.947,168.213,184.423,168.660,84.346,324.694,303.874,290.743,309.284,1.0000,0.4512,0.7218,0.9156,700.00,0.00,0.00,0.00
559.00,180.000,180.000,170.000,175.000,132.483,142.551,133.257,68.056,168.443,184.621,168.828,84.461,324.909,299.230,289.836,309.372,1.0000,0.4292,0.7161,0.9156,700.00,0.00,0.00,0.00
560.00,180.000,180.000,170.000,175.000,132.723,142.831,133.494,68.165,168.672,184.810,168.994,84.577,325.123,294.704,288.949,309.461,1.0000,0.4090,0.7104,0.9156,700.00,0.00,0.00,0.00
561.00,180.000,180.000,170.000,175.000,132.962,143.110,133.730,68.274,168.902,184.991,169.159,84.692,325.337,290.301,288.062,309.549,1.0000,0.3905,0.7048,0.9156,700.00,0.00,0.00,0.00
562.00,180.000,180.000,170.000,175.000,133.201,143.388,133.966,68.383,169.131,185.163,169.321,84.808,325.551,286.057,287.192,309.637,1.0000,0.3733,0.6993,0.9156,700.00,0.00,0.00,0.00
563.00,180.000,180.000,170.000,175.000,133.440,143.666,134.201,68.493,169.361,185.327,169.481,84.923,325.765,281.974,286.321,309.725,1.0000,0.3573,0.6937,0.9156,700.00,0.00,0.00,0.00
564.00,180.000,180.000,170.000,175.000,133.679,143.943,134.436,68.602,169.590,185.484,169.640,85.038,325.979,278.034,285.448,309.814,1.0000,0.3424,0.6883,0.9156,700.00,0.00,0.00,0.00
565.00,180.000,180.000,170.000,175.000,133.918,144.220,134.670,68.712,169.819,185.633,169.797,85.154,326.192,274.240,284.590,309.902,1.0000,0.3284,0.6829,0.9156,700.00,0.00,0.00,0.00
566.00,180.000,180.000,170.000,175.000,134.157,144.495,134.903,68.821,170.049,185.775,169.951,85.270,326.405,270.611,283.745,309.990,1.0000,0.3153,0.6775,0.9156,700.00,0.00,0.00,0.00
567.00,180.000,180.000,170.000,175.000,134.396,144.770,135.137,68.930,170.278,185.910,170.104,85.385,326.618,267.129,282.896,310.079,1.0000,0.3029,0.6722,0.9156,700.00,0.00,0.00,0.00
568.00,180.000,180.000,170.000,175.000,134.635,145.043,135.369,69.040,170.507,186.038,170.255,85.501,326.830,263.798,282.059,310.167,1.0000,0.2912,0.6669,0.9156,700.00,0.00,0.00,0.00
569.00,180.000,180.000,170.000,175.000,134.874,145.316,135.601,69.150,170.736,186.160,170.404,85.616,327.042,260.618,281.234,310.255,1.0000,0.2802,0.6617,0.9156,700.00,0.00,0.00,0.00
570.00,180.000,180.000,170.000,175.000,135.112,145.587,135.833,69.259,170.964,186.276,170.552,85.732,327.254,257.573,280.401,310.344,1.0000,0.2697,0.6565,0.9156,700.00,0.00,0.00,0.00
571.00,180.000,180.000,170.000,175.000,135.351,145.858,136.064,69.369,171.193,186.387,170.697,85.847,327.466,254.668,279.595,310.432,1.0000,0.2597,0.6514,0.9156,700.00,0.00,0.00,0.00
572.00,180.000,180.000,170.000,175.000,135.589,146.127,136.294,69.479,171.422,186.492,170.841,85.963,327.677,251.888,278.781,310.521,1.0000,0.2503,0.6463,0.9156,700.00,0.00,0.00,0.00
573.00,180.000,180.000,170.000,175.000,135.828,146.396,136.524,69.588,171.650,186.592,170.983,86.079,327.888,249.238,277.991,310.609,1.0000,0.2413,0.6413,0.9156,700.00,0.00,0.00,0.00
574.00,180.000,180.000,170.000,175.000,136.066,146.663,136.753,69.698,171.879,186.686,171.123,86.194,328.099,246.704,277.190,310.698,1.0000,0.2327,0.6363,0.9156,700.00,0.00,0.00,0.00
575.00,180.000,180.000,170.000,175.000,136.305,146.929,136.982,69.808,172.107,186.776,171.262,86.310,328.309,244.276,276.412,310.786,1.0000,0.2246,0.6313,0.9156,700.00,0.00,0.00,0.00
576.00,180.000,180.000,170.000,175.000,136.543,147.194,137.210,69.918,172.335,186.862,171.398,86.426,328.519,241.958,275.622,310.874,1.0000,0.2169,0.6264,0.9156,700.00,0.00,0.00,0.00
577.00,180.000,180.000,170.000,175.000,136.781,147.458,137.437,70.028,172.563,186.943,171.533,86.542,328.729,239.773,274.854,310.963,1.0000,0.2094,0.6215,0.9156,700.00,0.00,0.00,0.00
578.00,180.000,180.000,170.000,175.000,137.019,147.720,137.664,70.137,172.791,187.020,171.667,86.657,328.938,237.675,274.088,311.051,1.0000,0.2024,0.6167,0.9156,700.00,0.00,0.00,0.00
579.00,180.000,180.000,170.000,175.000,137.257,147.981,137.890,70.247,173.019,187.092,171.798,86.773,329.147,235.671,273.326,311.140,1.0000,0.1956,0.6119,0.9156,700.00,0.00,0.00,0.00
580.00,180.000,180.000,170.000,175.000,137.495,148.241,138.116,70.357,173.247,187.162,171.928,86.889,329.356,233.753,272.582,311.229,1.0000,0.1893,0.6072,0.9156,700.00,0.00,0.00,0.00
581.00,180.000,180.000,170.000,175.000,137.733,148.500,138.340,70.467,173.475,187.227,172.057,87.005,329.565,231.928,271.822,311.317,1.0000,0.1832,0.6025,0.9156,700.00,0.00,0.00,0.00
582.00,180.000,180.000,170.000,175.000,137.971,148.758,138.565,70.578,173.703,187.289,172.183,87.121,329.773,230.187,271.080,311.406,1.0000,0.1773,0.5978,0.9156,700.00,0.00,0.00,0.00
583.00,180.000,180.000,170.000,175.000,138.209,149.014,138.788,70.688,173.930,187.348,172.309,87.236,329.980,228.521,270.355,311.494,1.0000,0.1718,0.5932,0.9156,700.00,0.00,0.00,0.00
584.00,180.000,180.000,170.000,175.000,138.447,149.269,139.011,70.798,174.158,187.404,172.432,87.352,330.188,226.941,269.611,311.583,1.0000,0.1664,0.5886,0.9156,700.00,0.00,0.00,0.00
585.00,180.000,180.000,170.000,175.000,138.684,149.522,139.233,70.908,174.385,187.456,172.554,87.468,330.395,225.420,268.883,311.671,1.0000,0.1613,0.5841,0.9156,700.00,0.00,0.00,0.00
586.00,180.000,180.000,170.000,175.000,138.922,149.774,139.455,71.018,174.612,187.506,172.674,87.584,330.602,223.985,268.170,311.760,1.0000,0.1564,0.5796,0.9156,700.00,0.00,0.00,0.00
587.00,180.000,180.000,170.000,175.000,139.159,150.025,139.676,71.128,174.839,187.553,172.793,87.700,330.808,222.612,267.470,311.849,1.0000,0.1517,0.5751,0.9156,700.00,0.00,0.00,0.00
588.00,180.000,180.000,170.000,175.000,139.397,150.274,139.896,71.239,175.066,187.598,172.910,87.816,331.014,221.295,266.749,311.937,1.0000,0.1472,0.5707,0.9156,700.00,0.00,0.00,0.00
589.00,180.000,180.000,170.000,175.000,139.634,150.522,140.116,71.349,175.293,187.640,173.026,87.932,331.220,220.044,266.041,312.026,1.0000,0.1429,0.5663,0.9156,700.00,0.00,0.00,0.00
590.00,180.000,180.000,170.000,175.000,139.871,150.769,140.335,71.459,175.520,187.680,173.140,88.048,331.425,218.853,265.345,312.115,1.0000,0.1388,0.5620,0.9156,700.00,0.00,0.00,0.00
591.00,180.000,180.000,170.000,175.000,140.109,151.015,140.553,71.570,175.747,187.717,173.253,88.164,331.631,217.716,264.661,312.203,1.0000,0.1349,0.5577,0.9156,700.00,0.00,0.00,0.00
592.00,180.000,180.000,170.000,175.000,140.346,151.258,140.770,71.680,175.973,187.753,173.364,88.280,331.835,216.627,263.985,312.292,1.0000,0.1310,0.5534,0.9156,700.00,0.00,0.00,0.00
593.00,180.000,180.000,170.000,175.000,140.583,151.501,140.987,71.791,176.200,187.786,173.473,88.396,332.040,215.583,263.319,312.381,1.0000,0.1275,0.5492,0.9156,700.00,0.00,0.00,0.00
594.00,180.000,180.000,170.000,175.000,140.820,151.742,141.203,71.901,176.426,187.817,173.582,88.512,332.244,214.577,262.643,312.469,1.0000,0.1240,0.5450,0.9156,700.00,0.00,0.00,0.00
595.00,180.000,180.000,170.000,175.000,141.057,151.982,141.418,72.012,176.652,187.847,173.688,88.628,332.448,213.624,261.960,312.558,1.0000,0.1206,0.5408,0.9156,700.00,0.00,0.00,0.00
596.00,180.000,180.000,170.000,175.000,141.294,152.220,141.633,72.122,176.878,187.875,173.793,88.744,332.651,212.717,261.286,312.647,1.0000,0.1174,0.5367,0.9156,700.00,0.00,0.00,0.00
597.00,180.000,180.000,170.000,175.000,141.531,152.457,141.847,72.233,177.104,187.901,173.897,88.860,332.854,211.836,260.620,312.736,1.0000,0.1143,0.5326,0.9156,700.00,0.00,0.00,0.00
598.00,180.000,180.000,170.000,175.000,141.767,152.693,142.060,72.344,177.330,187.925,174.000,88.976,333.057,211.011,259.961,312.824,1.0000,0.1114,0.5285,0.9156,700.00,0.00,0.00,0.00
599.00,180.000,180.000,170.000,175.000,142.004,152.927,142.272,72.455,177.556,187.948,174.101,89.092,333.260,210.204,259.308,312.913,1.0000,0.1086,0.5245,0.9156,700.00,0.00,0.00,0.00
600.00,180.000,180.000,170.000,175.000,142.241,153.160,142.484,72.565,177.781,187.969,174.200,89.208,333.462,209.445,258.661,313.002,1.0000,0.1058,0.5205,0.9156,700.00,0.00,0.00,0.00
601.00,180.000,180.000,170.000,175.000,142.477,153.391,142.695,72.676,178.007,187.989,174.298,89.324,333.664,208.714,258.019,313.091,1.0000,0.1032,0.5166,0.9156,700.00,0.00,0.00,0.00
602.00,180.000,180.000,170.000,175.000,142.714,153.621,142.905,72.787,178.232,188.008,174.395,89.441,333.865,208.007,257.381,313.180,1.0000,0.1008,0.5127,0.9156,700.00,0.00,0.00,0.00
603.00,180.000,180.000,170.000,175.000,142.950,153.849,143.114,72.898,178.457,188.025,174.490,89.557,334.067,207.339,256.747,313.268,1.0000,0.0984,0.5088,0.9156,700.00,0.00,0.00,0.00
604.00,180.000,180.000,170.000,175.000,143.186,154.077,143.323,73.009,178.683,188.041,174.584,89.673,334.267,206.705,256.117,313.357,1.0000,0.0960,0.5050,0.9156,700.00,0.00,0.00,0.00
605.00,180.000,180.000,170.000,175.000,143.423,154.302,143.531,73.119,178.907,188.056,174.677,89.789,334.468,206.087,255.506,313.446,1.0000,0.0939,0.5011,0.9156,700.00,0.00,0.00,0.00
606.00,180.000,180.000,170.000,175.000,143.659,154.527,143.738,73.230,179.132,188.070,174.768,89.905,334.668,205.499,254.912,313.535,1.0000,0.0917,0.4974,0.9156,700.00,0.00,0.00,0.00
607.00,180.000,180.000,170.000,175.000,143.895,154.749,143.944,73.341,179.357,188.082,174.859,90.022,334.868,204.937,254.318,313.624,1.0000,0.0896,0.4936,0.9156,700.00,0.00,0.00,0.00
608.00,180.000,180.000,170.000,175.000,144.131,154.971,144.150,73.452,179.582,188.094,174.947,90.138,335.068,204.400,253.722,313.713,1.0000,0.0876,0.4899,0.9156,700.00,0.00,0.00,0.00
609.00,180.000,180.000,170.000,175.000,144.367,155.191,144.355,73.564,179.806,188.104,175.035,90.254,335.268,203.885,253.126,313.802,1.0000,0.0857,0.4862,0.9156,700.00,0.00,0.00,0.00
610.00,180.000,180.000,170.000,175.000,144.603,155.410,144.559,73.675,180.030,188.114,175.121,90.371,335.467,203.389,252.529,313.891,1.0000,0.0838,0.4826,0.9156,700.00,0.00,0.00,0.00
611.00,180.000,180.000,170.000,175.000,144.838,155.627,144.762,73.786,180.254,188.123,175.206,90.487,335.665,202.911,251.931,313.980,1.0000,0.0820,0.4789,0.9156,700.00,0.00,0.00,0.00
612.00,180.000,180.000,170.000,175.000,145.074,155.843,144.964,73.897,180.478,188.131,175.290,90.603,335.864,202.449,251.365,314.069,1.0000,0.0803,0.4753,0.9156,700.00,0.00,0.00,0.00
613.00,180.000,180.000,170.000,175.000,145.310,156.058,145.166,74.008,180.702,188.138,175.372,90.719,336.062,202.017,250.795,314.158,1.0000,0.0786,0.4718,0.9156,700.00,0.00,0.00,0.00
614.00,180.000,180.000,170.000,175.000,145.545,156.271,145.367,74.119,180.926,188.144,175.453,90.836,336.260,201.597,250.221,314.246,1.0000,0.0769,0.4682,0.9156,700.00,0.00,0.00,0.00
615.00,180.000,180.000,170.000,175.000,145.781,156.483,145.567,74.231,181.149,188.150,175.533,90.952,336.458,201.203,249.643,314.335,1.0000,0.0754,0.4647,0.9156,700.00,0.00,0.00,0.00
616.00,180.000,180.000,170.000,175.000,146.016,156.693,145.766,74.342,181.373,188.155,175.612,91.069,336.655,200.817,249.080,314.424,1.0000,0.0739,0.4613,0.9156,700.00,0.00,0.00,0.00
617.00,180.000,180.000,170.000,175.000,146.251,156.902,145.965,74.453,181.596,188.159,175.690,91.185,336.682,200.438,248.527,314.513,0.9825,0.0725,0.4578,0.9156,140.00,0.00,0.00,0.00
618.00,180.000,180.000,170.000,175.000,146.487,157.110,146.162,74.565,181.818,188.163,175.766,91.301,336.341,200.081,247.969,314.602,0.9604,0.0711,0.4544,0.9156,0.00,0.00,0.00,0.00
619.00,180.000,180.000,170.000,175.000,146.722,157.316,146.359,74.676,182.040,188.166,175.841,91.418,335.717,199.745,247.405,314.692,0.9400,0.0697,0.4510,0.9156,0.00,0.00,0.00,0.00
620.00,180.000,180.000,170.000,175.000,146.957,157.521,146.555,74.787,182.259,188.168,175.915,91.534,334.837,199.410,246.869,314.781,0.9212,0.0683,0.4477,0.9156,0.00,0.00,0.00,0.00
621.00,180.000,180.000,170.000,175.000,147.192,157.725,146.750,74.899,182.477,188.170,175.988,91.651,333.776,199.094,246.325,314.870,0.9036,0.0670,0.4443,0.9156,0.00,0.00,0.00,0.00
622.00,180.000,180.000,170.000,175.000,147.426,157.927,146.945,75.010,182.691,188.172,176.060,91.767,332.550,198.793,245.774,314.959,0.8870,0.0658,0.4411,0.9156,0.00,0.00,0.00,0.00
623.00,180.000,180.000,170.000,175.000,147.661,158.128,147.138,75.122,182.903,188.172,176.131,91.884,331.210,198.492,245.250,315.048,0.8715,0.0646,0.4378,0.9156,0.00,0.00,0.00,0.00
624.00,180.000,180.000,170.000,175.000,147.896,158.328,147.331,75.234,183.112,188.173,176.200,92.000,329.747,198.221,244.716,315.137,0.8567,0.0635,0.4346,0.9156,0.00,0.00,0.00,0.00
625.00,180.000,180.000,170.000,175.000,148.130,158.526,147.523,75.345,183.318,188.173,176.268,92.117,328.209,197.946,244.191,315.226,0.8425,0.0624,0.4314,0.9156,0.00,0.00,0.00,0.00
626.00,180.000,180.000,170.000,175.000,148.364,158.723,147.714,75.457,183.521,188.172,176.336,92.233,326.618,197.682,243.673,315.315,0.8290,0.0612,0.4282,0.9156,0.00,0.00,0.00,0.00
627.00,180.000,180.000,170.000,175.000,148.598,158.919,147.904,75.568,183.720,188.171,176.402,92.350,324.962,197.430,243.145,315.404,0.8160,0.0602,0.4250,0.9156,0.00,0.00,0.00,0.00
628.00,180.000,180.000,170.000,175.000,148.832,159.113,148.094,75.680,183.916,188.170,176.467,92.466,323.281,197.188,242.640,315.493,0.8035,0.0591,0.4219,0.9156,0.00,0.00,0.00,0.00
629.00,180.000,180.000,170.000,175.000,149.065,159.306,148.283,75.792,184.108,188.168,176.531,92.583,321.577,196.954,242.124,315.582,0.7913,0.0580,0.4188,0.9156,0.00,0.00,0.00,0.00
630.00,180.000,180.000,170.000,175.000,149.298,159.498,148.470,75.904,184.296,188.166,176.593,92.699,319.852,196.713,241.630,315.672,0.7795,0.0570,0.4157,0.9156,0.00,0.00,0.00,0.00
631.00,180.000,180.000,170.000,175.000,149.531,159.688,148.657,76.015,184.481,188.163,176.655,92.816,318.107,196.497,241.124,315.761,0.7680,0.0561,0.4127,0.9156,0.00,0.00,0.00,0.00
632.00,180.000,180.000,170.000,175.000,149.764,159.878,148.843,76.127,184.663,188.161,176.716,92.932,316.362,196.286,240.638,315.850,0.7568,0.0552,0.4096,0.9156,0.00,0.00,0.00,0.00
633.00,180.000,180.000,170.000,175.000,149.996,160.066,149.029,76.239,184.840,188.157,176.776,93.049,314.615,196.082,240.139,315.939,0.7459,0.0543,0.4067,0.9156,0.00,0.00,0.00,0.00
634.00,180.000,180.000,170.000,175.000,150.228,160.252,149.213,76.351,185.014,188.154,176.834,93.165,312.866,195.882,239.661,316.028,0.7352,0.0534,0.4037,0.9156,0.00,0.00,0.00,0.00
635.00,180.000,180.000,170.000,175.000,150.459,160.438,149.397,76.463,185.185,188.150,176.892,93.282,311.133,195.687,239.168,316.117,0.7247,0.0526,0.4007,0.9156,0.00,0.00,0.00,0.00
636.00,180.000,180.000,170.000,175.000,150.690,160.622,149.580,76.575,185.352,188.146,176.948,93.398,309.396,195.513,238.695,316.207,0.7144,0.0517,0.3978,0.9156,0.00,0.00,0.00,0.00
637.00,180.000,180.000,170.000,175.000,150.921,160.805,149.762,76.687,185.515,188.142,177.004,93.515,307.673,195.324,238.206,316.296,0.7043,0.0509,0.3949,0.9156,0.00,0.00,0.00,0.00
638.00,180.000,180.000,170.000,175.000,151.151,160.986,149.943,76.799,185.675,188.138,177.059,93.631,305.961,195.156,237.737,316.385,0.6944,0.0501,0.3920,0.9156,0.00,0.00,0.00,0.00
639.00,180.000,180.000,170.000,175.000,151.381,161.167,150.123,76.911,185.831,188.133,177.112,93.748,304.277,194.988,237.268,316.474,0.6846,0.0493,0.3892,0.9156,0.00,0.00,0.00,0.00
640.00,180.000,180.000,170.000,175.000,151.610,161.346,150.302,77.023,185.984,188.128,177.165,93.864,302.601,194.822,236.800,316.563,0.6750,0.0485,0.3864,0.9156,0.00,0.00,0.00,0.00
641.00,180.000,180.000,170.000,175.000,151.838,161.524,150.481,77.135,186.133,188.123,177.216,93.981,300.931,194.674,236.333,316.652,0.6656,0.0478,0.3836,0.9156,0.00,0.00,0.00,0.00
642.00,180.000,180.000,170.000,175.000,152.067,161.701,150.659,77.247,186.279,188.118,177.267,94.097,299.284,194.509,235.866,316.742,0.6563,0.0470,0.3808,0.9156,0.00,0.00,0.00,0.00
643.00,180.000,180.000,170.000,175.000,152.294,161.876,150.836,77.359,186.422,188.112,177.317,94.213,297.657,194.361,235.415,316.831,0.6471,0.0464,0.3781,0.9156,0.00,0.00,0.00,0.00
644.00,180.000,180.000,170.000,175.000,152.521,162.050,151.012,77.471,186.561,188.107,177.366,94.329,296.047,194.213,234.963,316.920,0.6381,0.0456,0.3753,0.9156,0.00,0.00,0.00,0.00
645.00,180.000,180.000,170.000,175.000,152.747,162.223,151.187,77.584,186.697,188.101,177.413,94.446,294.454,194.064,234.509,317.009,0.6292,0.0450,0.3726,0.9156,0.00,0.00,0.00,0.00
646.00,180.000,180.000,170.000,175.000,152.973,162.395,151.361,77.696,186.829,188.095,177.460,94.562,292.892,193.931,234.071,317.098,0.6204,0.0442,0.3699,0.9156,0.00,0.00,0.00,0.00
647.00,180.000,180.000,170.000,175.000,153.198,162.566,151.535,77.808,186.959,188.089,177.506,94.678,291.324,193.795,233.629,317.187,0.6117,0.0436,0.3673,0.9156,0.00,0.00,0.00,0.00
648.00,180.000,180.000,170.000,175.000,153.423,162.736,151.707,77.920,187.085,188.082,177.551,94.794,289.784,193.659,233.185,317.277,0.6032,0.0429,0.3647,0.9156,0.00,0.00,0.00,0.00
649.00,180.000,180.000,170.000,175.000,153.647,162.904,151.879,78.033,187.208,188.076,177.595,94.910,288.269,193.536,232.755,317.366,0.5948,0.0423,0.3620,0.9156,0.00,0.00,0.00,0.00
650.00,180.000,180.000,170.000,175.000,153.870,163.071,152.050,78.145,187.327,188.069,177.639,95.026,286.776,193.426,232.321,317.455,0.5865,0.0417,0.3594,0.9156,0.00,0.00,0.00,0.00
651.00,180.000,180.000,170.000,175.000,154.093,163.238,152.220,78.257,187.444,188.063,177.681,95.141,285.287,193.296,231.884,317.544,0.5783,0.0411,0.3569,0.9156,0.00,0.00,0.00,0.00
652.00,180.000,180.000,170.000,175.000,154.314,163.402,152.389,78.370,187.558,188.056,177.722,95.257,283.801,193.180,231.459,317.633,0.5702,0.0405,0.3543,0.9156,0.00,0.00,0.00,0.00
653.00,180.000,180.000,170.000,175.000,154.535,163.566,152.558,78.482,187.669,188.049,177.763,95.373,282.334,193.076,231.031,317.722,0.5622,0.0399,0.3518,0.9156,0.00,0.00,0.00,0.00
654.00,180.000,180.000,170.000,175.000,154.756,163.729,152.725,78.595,187.776,188.042,177.802,95.488,280.917,192.951,230.614,317.811,0.5544,0.0394,0.3493,0.9156,0.00,0.00,0.00,0.00
655.00,180.000,180.000,170.000,175.000,154.975,163.890,152.892,78.707,187.881,188.035,177.841,95.603,279.512,192.839,230.191,317.900,0.5466,0.0388,0.3468,0.9156,0.00,0.00,0.00,0.00
656.00,180.000,180.000,170.000,175.000,155.194,164.051,153.058,78.820,187.983,188.028,177.879,95.719,278.118,192.739,229.780,317.989,0.5389,0.0382,0.3443,0.9156,0.00,0.00,0.00,0.00
657.00,180.000,180.000,170.000,175.000,155.412,164.210,153.223,78.932,188.082,188.021,177.916,95.834,276.733,192.634,229.363,318.078,0.5314,0.0376,0.3419,0.9156,0.00,0.00,0.00,0.00
658.00,180.000,180.000,170.000,175.000,155.629,164.368,153.387,79.044,188.178,188.014,177.953,95.949,275.357,192.523,228.957,318.167,0.5239,0.0371,0.3395,0.9156,0.00,0.00,0.00,0.00
659.00,180.000,180.000,170.000,175.000,155.846,164.526,153.550,79.157,188.271,188.006,177.988,96.064,274.005,192.425,228.543,318.255,0.5166,0.0366,0.3371,0.9156,0.00,0.00,0.00,0.00
660.00,180.000,180.000,170.000,175.000,156.061,164.682,153.713,79.270,188.362,187.999,178.023,96.179,272.674,192.337,228.140,318.344,0.5093,0.0361,0.3347,0.9156,0.00,0.00,0.00,0.00
661.00,180.000,180.000,170.000,175.000,156.276,164.836,153.874,79.382,188.450,187.991,178.056,96.294,271.345,192.242,227.746,318.433,0.5021,0.0356,0.3323,0.9156,0.00,0.00,0.00,0.00
662.00,180.000,180.000,170.000,175.000,156.490,164.990,154.035,79.495,188.535,187.984,178.089,96.408,270.052,192.141,227.344,318.521,0.4950,0.0350,0.3300,0.9156,0.00,0.00,0.00,0.00
663.00,180.000,180.000,170.000,175.000,156.703,165.143,154.195,79.607,188.617,187.976,178.121,96.523,268.758,192.051,226.951,318.610,0.4881,0.0346,0.3277,0.9156,0.00,0.00,0.00,0.00
664.00,180.000,180.000,170.000,175.000,156.915,165.295,154.354,79.720,188.697,187.969,178.153,96.637,267.495,191.971,226.566,318.699,0.4812,0.0340,0.3254,0.9156,0.00,0.00,0.00,0.00
665.00,180.000,180.000,170.000,175.000,157.127,165.445,154.512,79.832,188.774,187.961,178.183,96.751,266.244,191.883,226.172,318.787,0.4744,0.0336,0.3231,0.9156,0.00,0.00,0.00,0.00
666.00,180.000,180.000,170.000,175.000,157.337,165.595,154.669,79.945,188.849,187.954,178.213,96.865,265.004,191.788,225.785,318.876,0.4677,0.0331,0.3208,0.9156,0.00,0.00,0.00,0.00
667.00,180.000,180.000,170.000,175.000,157.547,165.744,154.826,80.058,188.921,187.946,178.242,96.979,263.789,191.704,225.406,318.964,0.4610,0.0326,0.3186,0.9156,0.00,0.00,0.00,0.00
668.00,180.000,180.000,170.000,175.000,157.755,165.891,154.982,80.170,188.990,187.938,178.270,97.093,262.582,191.628,225.033,319.052,0.4545,0.0321,0.3164,0.9156,0.00,0.00,0.00,0.00
669.00,180.000,180.000,170.000,175.000,157.963,166.038,155.136,80.283,189.057,187.931,178.298,97.206,261.380,191.545,224.666,319.141,0.4480,0.0317,0.3142,0.9156,0.00,0.00,0.00,0.00
670.00,180.000,180.000,170.000,175.000,158.170,166.183,155.290,80.395,189.122,187.923,178.324,97.320,260.200,191.454,224.288,319.229,0.4416,0.0312,0.3120,0.9156,0.00,0.00,0.00,0.00
671.00,180.000,180.000,170.000,175.000,158.375,166.327,155.443,80.508,189.184,187.915,178.350,97.433,259.039,191.373,223.916,319.317,0.4354,0.0308,0.3098,0.9156,0.00,0.00,0.00,0.00
672.00,180.000,180.000,170.000,175.000,158.580,166.471,155.596,80.621,189.244,187.907,178.375,97.546,257.896,191.301,223.550,319.405,0.4292,0.0303,0.3077,0.9156,0.00,0.00,0.00,0.00
673.00,180.000,180.000,170.000,175.000,158.784,166.613,155.747,80.733,189.302,187.899,178.400,97.659,256.753,191.236,223.188,319.493,0.4231,0.0299,0.3056,0.9156,0.00,0.00,0.00,0.00
674.00,180.000,180.000,170.000,175.000,158.987,166.755,155.898,80.846,189.357,187.892,178.424,97.772,255.625,191.146,222.831,319.581,0.4170,0.0295,0.3035,0.9156,0.00,0.00,0.00,0.00
675.00,180.000,180.000,170.000,175.000,159.189,166.895,156.047,80.959,189.410,187.884,178.447,97.885,254.511,191.066,222.478,319.669,0.4111,0.0290,0.3014,0.9156,0.00,0.00,0.00,0.00
676.00,180.000,180.000,170.000,175.000,159.390,167.035,156.196,81.071,189.461,187.876,178.469,97.997,253.409,190.994,222.128,319.757,0.4052,0.0286,0.2993,0.9156,0.00,0.00,0.00,0.00
677.00,180.000,180.000,170.000,175.000,159.590,167.173,156.344,81.184,189.509,187.868,178.491,98.109,252.334,190.930,221.765,319.844,0.3995,0.0282,0.2973,0.9156,0.00,0.00,0.00,0.00
678.00,180.000,180.000,170.000,175.000,159.788,167.311,156.491,81.297,189.555,187.860,178.512,98.221,251.268,190.872,221.406,319.932,0.3937,0.0278,0.2952,0.9156,0.00,0.00,0.00,0.00
679.00,180.000,180.000,170.000,175.000,159.986,167.447,156.638,81.409,189.599,187.853,178.532,98.333,250.209,190.789,221.051,320.019,0.3881,0.0274,0.2932,0.9156,0.00,0.00,0.00,0.00
680.00,180.000,180.000,170.000,175.000,160.183,167.583,156.783,81.522,189.641,187.845,178.551,98.445,249.173,190.714,220.699,320.107,0.3825,0.0270,0.2912,0.9156,0.00,0.00,0.00,0.00
681.00,180.000,180.000,170.000,175.000,160.379,167.717,156.928,81.635,189.681,187.837,178.570,98.556,248.141,190.648,220.350,320.194,0.3770,0.0266,0.2892,0.9156,0.00,0.00,0.00,0.00
682.00,180.000,180.000,170.000,175.000,160.574,167.851,157.072,81.747,189.719,187.829,178.588,98.668,247.129,190.588,220.004,320.281,0.3716,0.0261,0.2872,0.9156,0.00,0.00,0.00,0.00
683.00,180.000,180.000,170.000,175.000,160.767,167.984,157.215,81.860,189.754,187.821,178.606,98.779,246.119,190.518,219.661,320.368,0.3662,0.0257,0.2853,0.9156,0.00,0.00,0.00,0.00
684.00,180.000,180.000,170.000,175.000,160.960,168.116,157.357,81.972,189.788,187.814,178.623,98.890,245.127,190.440,219.336,320.455,0.3609,0.0253,0.2833,0.9156,0.00,0.00,0.00,0.00
685.00,180.000,180.000,170.000,175.000,161.152,168.246,157.498,82.085,189.820,187.806,178.639,99.001,244.134,190.370,219.011,320.542,0.3557,0.0250,0.2814,0.9156,0.00,0.00,0.00,0.00
686.00,180.000,180.000,170.000,175.000,161.342,168.376,157.639,82.198,189.849,187.798,178.654,99.111,243.174,190.307,218.687,320.629,0.3506,0.0247,0.2795,0.9156,0.00,0.00,0.00,0.00
687.00,180.000,180.000,170.000,175.000,161.532,168.505,157.779,82.310,189.877,187.790,178.669,99.222,242.209,190.251,218.362,320.716,0.3455,0.0243,0.2776,0.9156,0.00,0.00,0.00,0.00
688.00,180.000,180.000,170.000,175.000,161.720,168.634,157.917,82.423,189.903,187.783,178.683,99.332,241.274,190.201,218.038,320.802,0.3405,0.0239,0.2758,0.9156,0.00,0.00,0.00,0.00
689.00,180.000,180.000,170.000,175.000,161.907,168.761,158.055,82.535,189.926,187.775,178.697,99.442,240.332,190.124,217.714,320.889,0.3356,0.0235,0.2739,0.9156,0.00,0.00,0.00,0.00
690.00,180.000,180.000,170.000,175.000,162.094,168.887,158.193,82.648,189.948,187.767,178.710,99.551,239.417,190.055,217.390,320.975,0.3307,0.0231,0.2721,0.9156,0.00,0.00,0.00,0.00
691.00,180.000,180.000,170.000,175.000,162.279,169.013,158.329,82.760,189.969,187.759,178.722,99.661,238.494,189.993,217.066,321.062,0.3259,0.0228,0.2702,0.9156,0.00,0.00,0.00,0.00
692.00,180.000,180.000,170.000,175.000,162.463,169.137,158.464,82.873,189.987,187.752,178.734,99.770,237.595,189.937,216.741,321.148,0.3212,0.0225,0.2684,0.9156,0.00,0.00,0.00,0.00
693.00,180.000,180.000,170.000,175.000,162.646,169.261,158.599,82.985,190.003,187.744,178.745,99.879,236.718,189.888,216.432,321.234,0.3165,0.0221,0.2666,0.9156,0.00,0.00,0.00,0.00
694.00,180.000,180.000,170.000,175.000,162.828,169.384,158.733,83.098,190.018,187.737,178.756,99.988,235.829,189.827,216.122,321.320,0.3119,0.0217,0.2649,0.9156,0.00,0.00,0.00,0.00
695.00,180.000,180.000,170.000,175.000,163.008,169.506,158.866,83.210,190.031,187.729,178.766,100.097,234.961,189.756,215.810,321.405,0.3073,0.0214,0.2631,0.9156,0.00,0.00,0.00,0.00
696.00,180.000,180.000,170.000,175.000,163.188,169.627,158.998,83.322,190.043,187.721,178.775,100.205,234.112,189.693,215.496,321.491,0.3028,0.0210,0.2613,0.9156,0.00,0.00,0.00,0.00
697.00,180.000,180.000,170.000,175.000,163.366,169.747,159.130,83.435,190.052,187.714,178.784,100.314,233.263,189.636,215.198,321.577,0.2984,0.0207,0.2596,0.9156,0.00,0.00,0.00,0.00
698.00,180.000,180.000,170.000,175.000,163.544,169.866,159.260,83.547,190.060,187.706,178.792,100.422,232.415,189.586,214.897,321.662,0.2941,0.0203,0.2579,0.9156,0.00,0.00,0.00,0.00
699.00,180.000,180.000,170.000,175.000,163.720,169.985,159.390,83.659,190.066,187.699,178.800,100.529,231.584,189.540,214.593,321.748,0.2898,0.0200,0.2562,0.9156,0.00,0.00,0.00,0.00
700.00,180.000,180.000,170.000,175.000,163.895,170.102,159.519,83.772,190.071,187.691,178.807,100.637,230.768,189.467,214.287,321.833,0.2855,0.0197,0.2545,0.9156,0.00,0.00,0.00,0.00
701.00,180.000,180.000,170.000,175.000,164.069,170.219,159.647,83.884,190.074,187.684,178.813,100.744,229.965,189.401,213.994,321.918,0.2813,0.0193,0.2528,0.9156,0.00,0.00,0.00,0.00
702.00,180.000,180.000,170.000,175.000,164.242,170.335,159.775,83.996,190.075,187.676,178.819,100.852,229.174,189.342,213.698,322.003,0.2772,0.0191,0.2512,0.9156,0.00,0.00,0.00,0.00
703.00,180.000,180.000,170.000,175.000,164.413,170.451,159.901,84.108,190.075,187.669,178.825,100.958,228.394,189.289,213.415,322.088,0.2731,0.0187,0.2495,0.9156,0.00,0.00,0.00,0.00
704.00,180.000,180.000,170.000,175.000,164.584,170.565,160.027,84.220,190.074,187.661,178.829,101.065,227.624,189.241,213.127,322.172,0.2691,0.0183,0.2479,0.9156,0.00,0.00,0.00,0.00
705.00,180.000,180.000,170.000,175.000,164.753,170.679,160.152,84.333,190.071,187.654,178.834,101.172,226.863,189.198,212.836,322.257,0.2651,0.0180,0.2463,0.9156,0.00,0.00,0.00,0.00
706.00,180.000,180.000,170.000,175.000,164.921,170.791,160.276,84.445,190.066,187.647,178.837,101.278,226.109,189.128,212.556,322.341,0.2612,0.0177,0.2447,0.9156,0.00,0.00,0.00,0.00
707.00,180.000,180.000,170.000,175.000,165.088,170.903,160.399,84.557,190.060,187.639,178.841,101.384,225.362,189.064,212.271,322.425,0.2574,0.0174,0.2431,0.9156,0.00,0.00,0.00,0.00
708.00,180.000,180.000,170.000,175.000,165.254,171.014,160.522,84.669,190.053,187.632,178.843,101.490,224.621,189.007,211.998,322.510,0.2536,0.0171,0.2415,0.9156,0.00,0.00,0.00,0.00
709.00,180.000,180.000,170.000,175.000,165.419,171.125,160.644,84.781,190.044,187.624,178.846,101.595,223.886,188.956,211.720,322.594,0.2498,0.0168,0.2400,0.9156,0.00,0.00,0.00,0.00
710.00,180.000,180.000,170.000,175.000,165.583,171.235,160.765,84.892,190.033,187.617,178.847,101.701,223.156,188.909,211.436,322.678,0.2461,0.0165,0.2384,0.9156,0.00,0.00,0.00,0.00
711.00,180.000,180.000,170.000,175.000,165.745,171.343,160.885,85.004,190.021,187.610,178.849,101.806,222.430,188.867,211.163,322.761,0.2425,0.0162,0.2369,0.9156,0.00,0.00,0.00,0.00
712.00,180.000,180.000,170.000,175.000,165.906,171.451,161.004,85.116,190.008,187.603,178.849,101.910,221.740,188.829,210.884,322.845,0.2389,0.0159,0.2354,0.9156,0.00,0.00,0.00,0.00
713.00,180.000,180.000,170.000,175.000,166.067,171.559,161.123,85.228,189.994,187.595,178.849,102.015,221.051,188.764,210.617,322.928,0.2353,0.0156,0.2339,0.9156,0.00,0.00,0.00,0.00
714.00,180.000,180.000,170.000,175.000,166.226,171.665,161.241,85.340,189.978,187.588,178.849,102.119,220.361,188.704,210.343,323.012,0.2319,0.0153,0.2324,0.9156,0.00,0.00,0.00,0.00
715.00,180.000,180.000,170.000,175.000,166.383,171.771,161.358,85.451,189.961,187.581,178.848,102.224,219.672,188.651,210.079,323.095,0.2284,0.0150,0.2309,0.9156,0.00,0.00,0.00,0.00
716.00,180.000,180.000,170.000,175.000,166.540,171.876,161.474,85.563,189.943,187.574,178.847,102.328,219.015,188.602,209.808,323.178,0.2250,0.0148,0.2294,0.9156,0.00,0.00,0.00,0.00
717.00,180.000,180.000,170.000,175.000,166.695,171.980,161.589,85.674,189.923,187.567,178.845,102.431,218.355,188.558,209.547,323.261,0.2217,0.0144,0.2280,0.9156,0.00,0.00,0.00,0.00
718.00,180.000,180.000,170.000,175.000,166.850,172.084,161.704,85.786,189.902,187.560,178.843,102.535,217.692,188.519,209.280,323.343,0.2184,0.0141,0.2265,0.9156,0.00,0.00,0.00,0.00
719.00,180.000,180.000,170.000,175.000,167.003,172.187,161.818,85.897,189.880,187.553,178.840,102.638,217.059,188.483,209.021,323.426,0.2151,0.0139,0.2251,0.9156,0.00,0.00,0.00,0.00
720.00,180.000,180.000,170.000,175.000,167.155,172.289,161.931,86.009,189.857,187.546,178.837,102.741,216.420,188.419,208.771,323.508,0.2119,0.0136,0.2237,0.9156,0.00,0.00,0.00,0.00
721.00,180.000,180.000,170.000,175.000,167.306,172.390,162.043,86.120,189.833,187.539,178.833,102.844,215.776,188.361,208.513,323.591,0.2087,0.0133,0.2223,0.9156,0.00,0.00,0.00,0.00
722.00,180.000,180.000,170.000,175.000,167.455,172.491,162.155,86.231,189.807,187.532,178.829,102.946,215.159,188.308,208.263,323.673,0.2056,0.0131,0.2209,0.9156,0.00,0.00,0.00,0.00
723.00,180.000,180.000,170.000,175.000,167.604,172.591,162.266,86.343,189.780,187.524,178.825,103.048,214.535,188.261,208.021,323.755,0.2026,0.0128,0.2195,0.9156,0.00,0.00,0.00,0.00
724.00,180.000,180.000,170.000,175.000,167.751,172.690,162.376,86.454,189.753,187.517,178.820,103.150,213.937,188.218,207.770,323.837,0.1995,0.0125,0.2182,0.9156,0.00,0.00,0.00,0.00
725.00,180.000,180.000,170.000,175.000,167.897,172.789,162.485,86.565,189.724,187.511,178.815,103.252,213.329,188.179,207.527,323.918,0.1965,0.0123,0.2168,0.9156,0.00,0.00,0.00,0.00
726.00,180.000,180.000,170.000,175.000,168.042,172.886,162.593,86.676,189.694,187.504,178.809,103.354,212.745,188.144,207.274,324.000,0.1936,0.0120,0.2155,0.9156,0.00,0.00,0.00,0.00
727.00,180.000,180.000,170.000,175.000,168.186,172.983,162.701,86.787,189.662,187.497,178.803,103.455,212.150,188.080,207.029,324.081,0.1907,0.0117,0.2141,0.9156,0.00,0.00,0.00,0.00
728.00,180.000,180.000,170.000,175.000,168.329,173.080,162.808,86.898,189.630,187.490,178.796,103.556,211.578,188.022,206.776,324.163,0.1878,0.0114,0.2128,0.9156,0.00,0.00,0.00,0.00
729.00,180.000,180.000,170.000,175.000,168.470,173.176,162.914,87.009,189.597,187.483,178.789,103.657,211.010,187.969,206.546,324.244,0.1850,0.0111,0.2115,0.9156,0.00,0.00,0.00,0.00
730.00,180.000,180.000,170.000,175.000,168.611,173.271,163.020,87.120,189.563,187.476,178.781,103.757,210.445,187.922,206.306,324.325,0.1822,0.0109,0.2102,0.9156,0.00,0.00,0.00,0.00
731.00,180.000,180.000,170.000,175.000,168.750,173.365,163.124,87.230,189.527,187.469,178.773,103.858,209.884,187.879,206.071,324.405,0.1795,0.0107,0.2089,0.9156,0.00,0.00,0.00,0.00
732.00,180.000,180.000,170.000,175.000,168.888,173.459,163.228,87.341,189.491,187.462,178.765,103.958,209.326,187.840,205.844,324.486,0.1768,0.0104,0.2076,0.9156,0.00,0.00,0.00,0.00
733.00,180.000,180.000,170.000,175.000,169.025,173.552,163.332,87.451,189.454,187.455,178.756,104.058,208.786,187.804,205.605,324.566,0.1742,0.0101,0.2064,0.9156,0.00,0.00,0.00,0.00
734.00,180.000,180.000,170.000,175.000,169.160,173.644,163.434,87.562,189.416,187.448,178.747,104.157,208.247,187.755,205.372,324.647,0.1715,0.0099,0.2051,0.9156,0.00,0.00,0.00,0.00
735.00,180.000,180.000,170.000,175.000,169.295,173.736,163.536,87.672,189.377,187.442,178.738,104.257,207.725,187.695,205.145,324.727,0.1690,0.0097,0.2039,0.9156,0.00,0.00,0.00,0.00
736.00,180.000,180.000,170.000,175.000,169.428,173.827,163.637,87.783,189.337,187.435,178.728,104.356,207.201,187.641,204.908,324.807,0.1664,0.0094,0.2027,0.9156,0.00,0.00,0.00,0.00
737.00,180.000,180.000,170.000,175.000,169.560,173.917,163.737,87.893,189.296,187.428,178.718,104.455,206.693,187.592,204.675,324.887,0.1639,0.0092,0.2014,0.9156,0.00,0.00,0.00,0.00
738.00,180.000,180.000,170.000,175.000,169.691,174.007,163.837,88.003,189.254,187.421,178.707,104.553,206.182,187.547,204.449,324.966,0.1614,0.0090,0.2002,0.9156,0.00,0.00,0.00,0.00
739.00,180.000,180.000,170.000,175.000,169.821,174.096,163.935,88.113,189.211,187.414,178.696,104.652,205.685,187.506,204.228,325.046,0.1590,0.0087,0.1990,0.9156,0.00,0.00,0.00,0.00
740.00,180.000,180.000,170.000,175.000,169.950,174.185,164.033,88.223,189.168,187.407,178.684,104.750,205.184,187.468,204.011,325.125,0.1566,0.0084,0.1978,0.9156,0.00,0.00,0.00,0.00
741.00,180.000,180.000,170.000,175.000,170.078,174.273,164.131,88.333,189.123,187.401,178.673,104.848,204.696,187.434,203.782,325.204,0.1543,0.0082,0.1967,0.9156,0.00,0.00,0.00,0.00
742.00,180.000,180.000,170.000,175.000,170.204,174.360,164.227,88.443,189.078,187.394,178.661,104.946,204.219,187.403,203.558,325.283,0.1520,0.0080,0.1955,0.9156,0.00,0.00,0.00,0.00
743.00,180.000,180.000,170.000,175.000,170.330,174.446,164.323,88.553,189.032,187.387,178.648,105.043,203.737,187.343,203.339,325.362,0.1497,0.0078,0.1943,0.9156,0.00,0.00,0.00,0.00
744.00,180.000,180.000,170.000,175.000,170.454,174.532,164.418,88.663,188.985,187.380,178.635,105.140,203.266,187.288,203.123,325.441,0.1474,0.0076,0.1932,0.9156,0.00,0.00,0.00,0.00
745.00,180.000,180.000,170.000,175.000,170.577,174.618,164.513,88.773,188.938,187.374,178.622,105.237,202.804,187.238,202.912,325.520,0.1452,0.0073,0.1921,0.9156,0.00,0.00,0.00,0.00
746.00,180.000,180.000,170.000,175.000,170.699,174.703,164.607,88.882,188.889,187.367,178.608,105.334,202.335,187.193,202.688,325.598,0.1430,0.0070,0.1909,0.9156,0.00,0.00,0.00,0.00
747.00,180.000,180.000,170.000,175.000,170.820,174.787,164.700,88.992,188.840,187.360,178.594,105.430,201.875,187.151,202.484,325.676,0.1409,0.0068,0.1898,0.9156,0.00,0.00,0.00,0.00
748.00,180.000,180.000,170.000,175.000,170.939,174.870,164.792,89.101,188.790,187.353,178.580,105.527,201.423,187.113,202.267,325.754,0.1388,0.0067,0.1887,0.9156,0.00,0.00,0.00,0.00
749.00,180.000,180.000,170.000,175.000,171.058,174.953,164.884,89.210,188.740,187.346,178.566,105.623,200.979,187.079,202.070,325.832,0.1367,0.0064,0.1876,0.9156,0.00,0.00,0.00,0.00
750.00,180.000,180.000,170.000,175.000,171.175,175.035,164.974,89.319,188.689,187.340,178.551,105.718,200.542,187.047,201.859,325.910,0.1347,0.0062,0.1865,0.9156,0.00,0.00,0.00,0.00
751.00,180.000,180.000,170.000,175.000,171.291,175.117,165.065,89.429,188.637,187.333,178.535,105.814,200.111,187.017,201.650,325.988,0.1326,0.0060,0.1855,0.9156,0.00,0.00,0.00,0.00
752.00,180.000,180.000,170.000,175.000,171.407,175.198,165.154,89.538,188.584,187.326,178.520,105.909,199.686,186.959,201.445,326.065,0.1307,0.0057,0.1844,0.9156,0.00,0.00,0.00,0.00
753.00,180.000,180.000,170.000,175.000,171.521,175.279,165.243,89.647,188.531,187.319,178.504,106.004,199.266,186.905,201.242,326.142,0.1287,0.0055,0.1834,0.9156,0.00,0.00,0.00,0.00
754.00,180.000,180.000,170.000,175.000,171.634,175.359,165.331,89.755,188.477,187.313,178.488,106.099,198.850,186.856,201.042,326.219,0.1268,0.0053,0.1823,0.9156,0.00,0.00,0.00,0.00
755.00,180.000,180.000,170.000,175.000,171.745,175.438,165.418,89.864,188.422,187.306,178.471,106.194,198.438,186.811,200.843,326.296,0.1249,0.0051,0.1813,0.9156,0.00,0.00,0.00,0.00
756.00,180.000,180.000,170.000,175.000,171.856,175.517,165.505,89.973,188.367,187.299,178.454,106.288,198.030,186.770,200.646,326.373,0.1230,0.0049,0.1802,0.9156,0.00,0.00,0.00,0.00
757.00,180.000,180.000,170.000,175.000,171.966,175.595,165.591,90.081,188.311,187.292,178.437,106.382,197.642,186.733,200.451,326.450,0.1212,0.0046,0.1792,0.9156,0.00,0.00,0.00,0.00
758.00,180.000,180.000,170.000,175.000,172.074,175.673,165.676,90.190,188.254,187.285,178.420,106.476,197.254,186.698,200.258,326.526,0.1194,0.0044,0.1782,0.9156,0.00,0.00,0.00,0.00
759.00,180.000,180.000,170.000,175.000,172.182,175.750,165.761,90.298,188.197,187.279,178.402,106.570,196.868,186.667,200.065,326.602,0.1176,0.0042,0.1772,0.9156,0.00,0.00,0.00,0.00
760.00,180.000,180.000,170.000,175.000,172.288,175.827,165.845,90.406,188.140,187.272,178.384,106.663,196.483,186.637,199.874,326.679,0.1159,0.0040,0.1762,0.9156,0.00,0.00,0.00,0.00
761.00,180.000,180.000,170.000,175.000,172.393,175.903,165.928,90.515,188.082,187.265,178.366,106.756,196.099,186.594,199.684,326.755,0.1142,0.0038,0.1753,0.9156,0.00,0.00,0.00,0.00
762.00,180.000,180.000,170.000,175.000,172.497,175.978,166.011,90.623,188.023,187.258,178.347,106.849,195.731,186.539,199.495,326.830,0.1125,0.0036,0.1743,0.9156,0.00,0.00,0.00,0.00
763.00,180.000,180.000,170.000,175.000,172.600,176.053,166.093,90.731,187.964,187.251,178.328,106.942,195.362,186.488,199.307,326.906,0.1108,0.0034,0.1733,0.9156,0.00,0.00,0.00,0.00
764.00,180.000,180.000,170.000,175.000,172.702,176.128,166.174,90.839,187.904,187.245,178.309,107.035,194.993,186.442,199.119,326.981,0.1092,0.0033,0.1724,0.9156,0.00,0.00,0.00,0.00
765.00,180.000,180.000,170.000,175.000,172.803,176.202,166.255,90.946,187.844,187.238,178.290,107.127,194.639,186.399,198.932,327.057,0.1075,0.0031,0.1714,0.9156,0.00,0.00,0.00,0.00
766.00,180.000,180.000,170.000,175.000,172.903,176.275,166.335,91.054,187.783,187.231,178.270,107.219,194.283,186.360,198.746,327.132,0.1060,0.0029,0.1705,0.9156,0.00,0.00,0.00,0.00
767.00,180.000,180.000,170.000,175.000,173.002,176.348,166.414,91.162,187.721,187.224,178.250,107.311,193.925,186.324,198.560,327.207,0.1044,0.0028,0.1695,0.9156,0.00,0.00,0.00,0.00
768.00,180.000,180.000,170.000,175.000,173.100,176.420,166.493,91.269,187.660,187.217,178.230,107.402,193.580,186.290,198.374,327.282,0.1028,0.0025,0.1686,0.9156,0.00,0.00,0.00,0.00
769.00,180.000,180.000,170.000,175.000,173.196,176.492,166.571,91.376,187.597,187.210,178.209,107.494,193.249,186.260,198.205,327.356,0.1014,0.0023,0.1677,0.9156,0.00,0.00,0.00,0.00
770.00,180.000,180.000,170.000,175.000,173.292,176.563,166.648,91.484,187.535,187.203,178.188,107.585,192.914,186.231,198.019,327.431,0.0999,0.0022,0.1668,0.9156,0.00,0.00,0.00,0.00
771.00,180.000,180.000,170.000,175.000,173.386,176.634,166.724,91.591,187.471,187.196,178.167,107.676,192.574,186.205,197.849,327.505,0.0984,0.0020,0.1659,0.9156,0.00,0.00,0.00,0.00
772.00,180.000,180.000,170.000,175.000,173.480,176.704,166.800,91.698,187.408,187.189,178.146,107.766,192.246,186.148,197.662,327.580,0.0970,0.0017,0.1650,0.9156,0.00,0.00,0.00,0.00
773.00,180.000,180.000,170.000,175.000,173.572,176.773,166.876,91.805,187.344,187.182,178.125,107.857,191.929,186.096,197.491,327.654,0.0956,0.0015,0.1642,0.9156,0.00,0.00,0.00,0.00
774.00,180.000,180.000,170.000,175.000,173.664,176.843,166.951,91.912,187.279,187.175,178.103,107.947,191.607,186.049,197.319,327.727,0.0942,0.0014,0.1633,0.9156,0.00,0.00,0.00,0.00
775.00,180.000,180.000,170.000,175.000,173.754,176.911,167.025,92.018,187.214,187.168,178.081,108.037,191.295,186.005,197.146,327.801,0.0929,0.0012,0.1624,0.9156,0.00,0.00,0.00,0.00
776.00,180.000,180.000,170.000,175.000,173.844,176.979,167.098,92.125,187.149,187.161,178.059,108.127,190.992,185.965,196.971,327.875,0.0915,0.0010,0.1616,0.9156,0.00,0.00,0.00,0.00
777.00,180.000,180.000,170.000,175.000,173.932,177.047,167.171,92.231,187.084,187.154,178.036,108.216,190.683,185.927,196.796,327.948,0.0902,0.0009,0.1607,0.9156,0.00,0.00,0.00,0.00
778.00,180.000,180.000,170.000,175.000,174.019,177.114,167.243,92.338,187.018,187.147,178.013,108.305,190.382,185.893,196.637,328.021,0.0889,0.0007,0.1599,0.9156,0.00,0.00,0.00,0.00
779.00,180.000,180.000,170.000,175.000,174.105,177.181,167.315,92.444,186.951,187.140,177.990,108.394,190.090,185.861,196.459,328.094,0.0877,0.0005,0.1591,0.9156,0.00,0.00,0.00,0.00
780.00,180.000,180.000,170.000,175.000,174.191,177.247,167.385,92.550,186.884,187.133,177.967,108.483,189.789,185.831,196.296,328.167,0.0864,0.0004,0.1582,0.9156,0.00,0.00,0.00,0.00
781.00,180.000,180.000,170.000,175.000,174.275,177.313,167.456,92.656,186.817,187.126,177.944,108.572,189.497,185.803,196.131,328.240,0.0852,0.0002,0.1574,0.9156,0.00,0.00,0.00,0.00
782.00,180.000,180.000,170.000,175.000,174.358,177.378,167.525,92.762,186.750,187.119,177.920,108.660,189.212,185.778,195.965,328.313,0.0840,0.0000,0.1566,0.9156,0.00,0.00,0.00,0.00
783.00,180.000,180.000,170.000,175.000,174.440,177.443,167.594,92.868,186.682,187.112,177.896,108.748,188.918,185.737,195.812,328.385,0.0829,0.0000,0.1558,0.9156,0.00,0.00,0.00,0.00
784.00,180.000,180.000,170.000,175.000,174.522,177.507,167.663,92.973,186.614,187.105,177.872,108.836,188.648,185.684,195.641,328.457,0.0817,0.0000,0.1550,0.9156,0.00,0.00,0.00,0.00
785.00,180.000,180.000,170.000,175.000,174.602,177.571,167.731,93.079,186.546,187.097,177.848,108.924,188.367,185.635,195.484,328.529,0.0806,0.0000,0.1542,0.9156,0.00,0.00,0.00,0.00
786.00,180.000,180.000,170.000,175.000,174.681,177.634,167.798,93.184,186.477,187.090,177.823,109.012,188.093,185.590,195.325,328.601,0.0794,0.0000,0.1535,0.9156,0.00,0.00,0.00,0.00
787.00,180.000,180.000,170.000,175.000,174.759,177.697,167.864,93.290,186.408,187.083,177.799,109.099,187.824,185.548,195.163,328.673,0.0784,0.0000,0.1527,0.9156,0.00,0.00,0.00,0.00
788.00,180.000,180.000,170.000,175.000,174.837,177.759,167.930,93.395,186.339,187.075,177.774,109.186,187.560,185.510,195.015,328.745,0.0773,0.0000,0.1520,0.9156,0.00,0.00,0.00,0.00
789.00,180.000,180.000,170.000,175.000,174.913,177.821,167.996,93.500,186.269,187.068,177.749,109.273,187.302,185.474,194.847,328.816,0.0762,0.0000,0.1512,0.9156,0.00,0.00,0.00,0.00
790.00,180.000,180.000,170.000,175.000,174.988,177.882,168.060,93.605,186.199,187.061,177.723,109.360,187.047,185.441,194.694,328.887,0.0752,0.0000,0.1505,0.9156,0.00,0.00,0.00,0.00
791.00,180.000,180.000,170.000,175.000,175.063,177.943,168.125,93.710,186.129,187.053,177.698,109.446,186.796,185.410,194.553,328.959,0.0742,0.0000,0.1497,0.9156,0.00,0.00,0.00,0.00
792.00,180.000,180.000,170.000,175.000,175.136,178.004,168.188,93.814,186.059,187.046,177.672,109.532,186.548,185.381,194.393,329.030,0.0732,0.0000,0.1490,0.9156,0.00,0.00,0.00,0.00
793.00,180.000,180.000,170.000,175.000,175.209,178.064,168.251,93.919,185.989,187.038,177.646,109.618,186.304,185.353,194.245,329.100,0.0722,0.0000,0.1483,0.9156,0.00,0.00,0.00,0.00
794.00,180.000,180.000,170.000,175.000,175.280,178.124,168.314,94.023,185.918,187.031,177.620,109.704,186.063,185.328,194.094,329.171,0.0713,0.0000,0.1475,0.9156,0.00,0.00,0.00,0.00
795.00,180.000,180.000,170.000,175.000,175.351,178.183,168.375,94.128,185.847,187.024,177.594,109.789,185.824,185.304,193.940,329.242,0.0703,0.0000,0.1468,0.9156,0.00,0.00,0.00,0.00
796.00,180.000,180.000,170.000,175.000,175.420,178.241,168.437,94.232,185.776,187.016,177.567,109.875,185.587,185.281,193.798,329.312,0.0694,0.0000,0.1461,0.9156,0.00,0.00,0.00,0.00
797.00,180.000,180.000,170.000,175.000,175.489,178.300,168.497,94.336,185.704,187.009,177.541,109.960,185.352,185.259,193.652,329.382,0.0685,0.0000,0.1454,0.9156,0.00,0.00,0.00,0.00
798.00,180.000,180.000,170.000,175.000,175.557,178.358,168.557,94.440,185.633,187.001,177.514,110.045,185.136,185.239,193.503,329.452,0.0676,0.0000,0.1447,0.9156,0.00,0.00,0.00,0.00
799.00,180.000,180.000,170.000,175.000,175.624,178.415,168.617,94.544,185.561,186.994,177.487,110.130,184.903,185.219,193.365,329.522,0.0668,0.0000,0.1440,0.9156,0.00,0.00,0.00,0.00
800.00,180.000,180.000,170.000,175.000,175.689,178.472,168.676,94.648,185.489,186.986,177.460,110.214,184.688,185.201,193.207,329.592,0.0659,0.0000,0.1434,0.9156,0.00,0.00,0.00,0.00
801.00,180.000,180.000,170.000,175.000,175.754,178.529,168.734,94.751,185.417,186.979,177.432,110.298,184.457,185.183,193.063,329.662,0.0651,0.0000,0.1427,0.9156,0.00,0.00,0.00,0.00
802.00,180.000,180.000,170.000,175.000,175.819,178.585,168.792,94.855,185.344,186.971,177.405,110.382,184.244,185.166,192.930,329.731,0.0643,0.0000,0.1420,0.9156,0.00,0.00,0.00,0.00
803.00,180.000,180.000,170.000,175.000,175.882,178.640,168.849,94.958,185.272,186.964,177.377,110.466,184.030,185.149,192.776,329.800,0.0635,0.0000,0.1414,0.9156,0.00,0.00,0.00,0.00
804.00,180.000,180.000,170.000,175.000,175.944,178.696,168.905,95.061,185.199,186.956,177.349,110.550,183.816,185.133,192.634,329.869,0.0627,0.0000,0.1407,0.9156,0.00,0.00,0.00,0.00
805.00,180.000,180.000,170.000,175.000,176.005,178.751,168.962,95.164,185.126,186.949,177.321,110.633,183.618,185.118,192.504,329.938,0.0620,0.0000,0.1401,0.9156,0.00,0.00,0.00,0.00
806.00,180.000,180.000,170.000,175.000,176.066,178.805,169.017,95.267,185.053,186.941,177.293,110.717,183.402,185.102,192.369,330.007,0.0612,0.0000,0.1394,0.9156,0.00,0.00,0.00,0.00
807.00,180.000,180.000,170.000,175.000,176.125,178.859,169.072,95.370,184.980,186.934,177.265,110.800,183.202,185.088,192.228,330.076,0.0605,0.0000,0.1388,0.9156,0.00,0.00,0.00,0.00
808.00,180.000,180.000,170.000,175.000,176.184,178.913,169.126,95.472,184.907,186.927,177.236,110.883,183.017,185.073,192.099,330.144,0.0598,0.0000,0.1382,0.9156,0.00,0.00,0.00,0.00
809.00,180.000,180.000,170.000,175.000,176.242,178.966,169.180,95.575,184.834,186.919,177.208,110.965,182.812,185.059,191.964,330.213,0.0591,0.0000,0.1376,0.9156,0.00,0.00,0.00,0.00
810.00,180.000,180.000,170.000,175.000,176.299,179.019,169.234,95.677,184.760,186.912,177.179,111.048,182.623,185.045,191.825,330.281,0.0584,0.0000,0.1370,0.9156,0.00,0.00,0.00,0.00
811.00,180.000,180.000,170.000,175.000,176.355,179.071,169.286,95.780,184.687,186.904,177.150,111.130,182.447,185.032,191.696,330.349,0.0578,0.0000,0.1363,0.9156,0.00,0.00,0.00,0.00
812.00,180.000,180.000,170.000,175.000,176.410,179.123,169.338,95.882,184.613,186.897,177.121,111.212,182.251,185.019,191.578,330.417,0.0571,0.0000,0.1358,0.9156,0.00,0.00,0.00,0.00
813.00,180.000,180.000,170.000,175.000,176.465,179.175,169.390,95.984,184.539,186.889,177.092,111.294,182.069,185.005,191.438,330.485,0.0565,0.0000,0.1351,0.9156,0.00,0.00,0.00,0.00
814.00,180.000,180.000,170.000,175.000,176.518,179.226,169.441,96.086,184.466,186.882,177.063,111.375,181.900,184.992,191.308,330.552,0.0558,0.0000,0.1346,0.9155,0.00,0.00,0.00,0.00
815.00,180.000,180.000,170.000,175.000,176.571,179.277,169.492,96.187,184.392,186.874,177.033,111.457,181.711,184.979,191.189,330.620,0.0552,0.0000,0.1340,0.9155,0.00,0.00,0.00,0.00
816.00,180.000,180.000,170.000,175.000,176.623,179.328,169.542,96.289,184.318,186.867,177.004,111.538,181.534,184.967,191.047,330.687,0.0547,0.0000,0.1334,0.9155,0.00,0.00,0.00,0.00
817.00,180.000,180.000,170.000,175.000,176.674,179.378,169.591,96.390,184.244,186.859,176.974,111.619,181.370,184.954,190.917,330.754,0.0541,0.0000,0.1328,0.9155,0.00,0.00,0.00,0.00
818.00,180.000,180.000,170.000,175.000,176.724,179.427,169.640,96.492,184.170,186.852,176.944,111.700,181.201,184.942,190.797,330.821,0.0535,0.0000,0.1323,0.9155,0.00,0.00,0.00,0.00
819.00,180.000,180.000,170.000,175.000,176.773,179.477,169.689,96.593,184.095,186.844,176.914,111.781,181.028,184.929,190.670,330.888,0.0530,0.0000,0.1317,0.9155,0.00,0.00,0.00,0.00
820.00,180.000,180.000,170.000,175.000,176.822,179.526,169.737,96.694,184.021,186.837,176.884,111.861,180.866,184.917,190.537,330.955,0.0525,0.0000,0.1312,0.9155,0.00,0.00,0.00,0.00
821.00,180.000,180.000,170.000,175.000,176.870,179.574,169.784,96.795,183.947,186.829,176.854,111.941,180.715,184.904,190.415,331.021,0.0519,0.0000,0.1306,0.9155,0.00,0.00,0.00,0.00
822.00,180.000,180.000,170.000,175.000,176.916,179.622,169.831,96.896,183.873,186.822,176.823,112.021,180.542,184.892,190.303,331.088,0.0514,0.0000,0.1301,0.9155,0.00,0.00,0.00,0.00
823.00,180.000,180.000,170.000,175.000,176.963,179.670,169.878,96.996,183.798,186.814,176.793,112.101,180.381,184.879,190.183,331.154,0.0509,0.0000,0.1295,0.9155,0.00,0.00,0.00,0.00
824.00,180.000,180.000,170.000,175.000,177.008,179.718,169.924,97.097,183.724,186.807,176.762,112.181,180.231,184.867,190.056,331.220,0.0505,0.0000,0.1290,0.9155,0.00,0.00,0.00,0.00
825.00,180.000,180.000,170.000,175.000,177.052,179.765,169.969,97.197,183.650,186.799,176.732,112.260,180.090,184.855,189.939,331.286,0.0500,0.0000,0.1285,0.9155,0.00,0.00,0.00,0.00
826.00,180.000,180.000,170.000,175.000,177.096,179.811,170.014,97.297,183.575,186.792,176.701,112.340,179.926,184.842,189.832,331.352,0.0495,0.0000,0.1279,0.9155,0.00,0.00,0.00,0.00
827.00,180.000,180.000,170.000,175.000,177.139,179.858,170.058,97.397,183.501,186.784,176.670,112.419,179.773,184.830,189.700,331.418,0.0491,0.0000,0.1274,0.9155,0.00,0.00,0.00,0.00
828.00,180.000,180.000,170.000,175.000,177.181,179.904,170.102,97.497,183.427,186.776,176.639,112.498,179.631,184.818,189.579,331.483,0.0487,0.0000,0.1269,0.9155,0.00,0.00,0.00,0.00
829.00,180.000,180.000,170.000,175.000,177.223,179.949,170.146,97.597,183.352,186.769,176.608,112.576,179.497,184.806,189.467,331.549,0.0483,0.0000,0.1264,0.9155,0.00,0.00,0.00,0.00
830.00,180.000,180.000,170.000,175.000,177.263,179.995,170.188,97.697,183.278,186.761,176.576,112.655,179.371,184.793,189.364,331.614,0.0479,0.0000,0.1259,0.9155,0.00,0.00,0.00,0.00
831.00,180.000,180.000,170.000,175.000,177.303,180.040,170.231,97.796,183.203,186.754,176.545,112.733,179.220,184.781,189.237,331.679,0.0475,0.0000,0.1254,0.9155,0.00,0.00,0.00,0.00
832.00,180.000,180.000,170.000,175.000,177.342,180.084,170.273,97.896,183.129,186.746,176.514,112.811,179.080,184.768,189.119,331.744,0.0471,0.0000,0.1249,0.9155,0.00,0.00,0.00,0.00
833.00,180.000,180.000,170.000,175.000,177.380,180.129,170.314,97.995,183.055,186.738,176.482,112.889,178.948,184.756,189.010,331.809,0.0467,0.0000,0.1245,0.9155,0.00,0.00,0.00,0.00
834.00,180.000,180.000,170.000,175.000,177.418,180.173,170.355,98.094,182.980,186.731,176.450,112.967,178.824,184.743,188.910,331.873,0.0463,0.0000,0.1240,0.9155,0.00,0.00,0.00,0.00
835.00,180.000,180.000,170.000,175.000,177.455,180.216,170.396,98.193,182.906,186.723,176.419,113.045,178.707,184.731,188.785,331.938,0.0460,0.0000,0.1235,0.9155,0.00,0.00,0.00,0.00
836.00,180.000,180.000,170.000,175.000,177.491,180.259,170.435,98.292,182.832,186.716,176.387,113.122,178.581,184.718,188.670,332.002,0.0457,0.0000,0.1231,0.9155,0.00,0.00,0.00,0.00
837.00,180.000,180.000,170.000,175.000,177.526,180.302,170.475,98.391,182.758,186.708,176.355,113.199,178.446,184.706,188.563,332.067,0.0454,0.0000,0.1226,0.9155,0.00,0.00,0.00,0.00
838.00,180.000,180.000,170.000,175.000,177.561,180.345,170.514,98.489,182.683,186.700,176.323,113.276,178.320,184.693,188.464,332.131,0.0450,0.0000,0.1221,0.9155,0.00,0.00,0.00,0.00
839.00,180.000,180.000,170.000,175.000,177.595,180.387,170.553,98.587,182.609,186.692,176.291,113.353,178.201,184.681,188.356,332.195,0.0447,0.0000,0.1217,0.9155,0.00,0.00,0.00,0.00
840.00,180.000,180.000,170.000,175.000,177.628,180.429,170.591,98.686,182.535,186.685,176.259,113.430,178.089,184.668,188.241,332.259,0.0444,0.0000,0.1212,0.9155,0.00,0.00,0.00,0.00
841.00,180.000,180.000,170.000,175.000,177.661,180.470,170.628,98.784,182.461,186.677,176.226,113.506,177.983,184.655,188.134,332.322,0.0442,0.0000,0.1208,0.9155,0.00,0.00,0.00,0.00
842.00,180.000,180.000,170.000,175.000,177.692,180.512,170.665,98.882,182.387,186.669,176.194,113.583,177.882,184.642,188.036,332.386,0.0439,0.0000,0.1203,0.9155,0.00,0.00,0.00,0.00
843.00,180.000,180.000,170.000,175.000,177.723,180.553,170.702,98.980,182.313,186.661,176.162,113.659,177.755,184.629,187.944,332.449,0.0436,0.0000,0.1199,0.9155,0.00,0.00,0.00,0.00
844.00,180.000,180.000,170.000,175.000,177.754,180.593,170.738,99.077,182.239,186.654,176.129,113.735,177.635,184.616,187.827,332.513,0.0434,0.0000,0.1195,0.9155,0.00,0.00,0.00,0.00
845.00,180.000,180.000,170.000,175.000,177.783,180.633,170.774,99.175,182.166,186.646,176.096,113.811,177.522,184.604,187.718,332.576,0.0431,0.0000,0.1191,0.9155,0.00,0.00,0.00,0.00
846.00,180.000,180.000,170.000,175.000,177.812,180.673,170.809,99.272,182.092,186.638,176.064,113.886,177.416,184.591,187.618,332.639,0.0429,0.0000,0.1186,0.9155,0.00,0.00,0.00,0.00
847.00,180.000,180.000,170.000,175.000,177.841,180.713,170.844,99.369,182.018,186.630,176.031,113.962,177.314,184.577,187.525,332.702,0.0427,0.0000,0.1182,0.9155,0.00,0.00,0.00,0.00
848.00,180.000,180.000,170.000,175.000,177.868,180.752,170.879,99.466,181.945,186.622,175.998,114.037,177.219,184.564,187.439,332.764,0.0425,0.0000,0.1178,0.9155,0.00,0.00,0.00,0.00
849.00,180.000,180.000,170.000,175.000,177.895,180.791,170.913,99.563,181.871,186.614,175.965,114.112,177.127,184.551,187.326,332.827,0.0423,0.0000,0.1174,0.9155,0.00,0.00,0.00,0.00
850.00,180.000,180.000,170.000,175.000,177.922,180.830,170.946,99.660,181.798,186.606,175.932,114.187,177.040,184.538,187.222,332.889,0.0421,0.0000,0.1170,0.9155,0.00,0.00,0.00,0.00
851.00,180.000,180.000,170.000,175.000,177.947,180.868,170.979,99.757,181.725,186.598,175.899,114.262,176.957,184.525,187.126,332.952,0.0419,0.0000,0.1166,0.9155,0.00,0.00,0.00,0.00
852.00,180.000,180.000,170.000,175.000,177.972,180.906,171.012,99.853,181.652,186.590,175.866,114.336,176.845,184.511,187.036,333.014,0.0417,0.0000,0.1162,0.9155,0.00,0.00,0.00,0.00
853.00,180.000,180.000,170.000,175.000,177.997,180.944,171.044,99.950,181.579,186.582,175.833,114.411,176.740,184.498,186.953,333.076,0.0416,0.0000,0.1159,0.9155,0.00,0.00,0.00,0.00
854.00,180.000,180.000,170.000,175.000,178.020,180.982,171.076,100.046,181.506,186.574,175.800,114.485,176.640,184.485,186.843,333.138,0.0414,0.0000,0.1155,0.9155,0.00,0.00,0.00,0.00
855.00,180.000,180.000,170.000,175.000,178.043,181.019,171.107,100.142,181.433,186.566,175.767,114.559,176.545,184.471,186.742,333.200,0.0413,0.0000,0.1151,0.9155,0.00,0.00,0.00,0.00
856.00,180.000,180.000,170.000,175.000,178.066,181.056,171.138,100.238,181.360,186.558,175.733,114.633,176.455,184.458,186.647,333.261,0.0411,0.0000,0.1147,0.9155,0.00,0.00,0.00,0.00
857.00,180.000,180.000,170.000,175.000,178.088,181.092,171.169,100.334,181.288,186.550,175.700,114.707,176.368,184.444,186.560,333.323,0.0410,0.0000,0.1143,0.9155,0.00,0.00,0.00,0.00
858.00,180.000,180.000,170.000,175.000,178.109,181.128,171.199,100.429,181.215,186.542,175.667,114.780,176.286,184.430,186.478,333.384,0.0409,0.0000,0.1140,0.9155,0.00,0.00,0.00,0.00
859.00,180.000,180.000,170.000,175.000,178.129,181.164,171.228,100.525,181.143,186.534,175.633,114.854,176.207,184.417,186.370,333.446,0.0408,0.0000,0.1136,0.9155,0.00,0.00,0.00,0.00
860.00,180.000,180.000,170.000,175.000,178.149,181.200,171.257,100.620,181.070,186.526,175.600,114.927,176.131,184.403,186.270,333.507,0.0407,0.0000,0.1133,0.9155,0.00,0.00,0.00,0.00
861.00,180.000,180.000,170.000,175.000,178.168,181.235,171.286,100.715,180.998,186.518,175.566,115.000,176.058,184.389,186.177,333.568,0.0406,0.0000,0.1129,0.9155,0.00,0.00,0.00,0.00
862.00,180.000,180.000,170.000,175.000,178.187,181.270,171.315,100.810,180.926,186.509,175.532,115.073,175.988,184.375,186.090,333.629,0.0405,0.0000,0.1125,0.9155,0.00,0.00,0.00,0.00
863.00,180.000,180.000,170.000,175.000,178.205,181.305,171.343,100.905,180.855,186.501,175.499,115.146,175.920,184.361,186.010,333.690,0.0404,0.0000,0.1122,0.9155,0.00,0.00,0.00,0.00
864.00,180.000,180.000,170.000,175.000,178.223,181.340,171.370,101.000,180.783,186.493,175.465,115.218,175.854,184.347,185.935,333.750,0.0403,0.0000,0.1119,0.9155,0.00,0.00,0.00,0.00
865.00,180.000,180.000,170.000,175.000,178.240,181.374,171.397,101.095,180.711,186.484,175.431,115.291,175.790,184.333,185.832,333.811,0.0403,0.0000,0.1115,0.9155,0.00,0.00,0.00,0.00
866.00,180.000,180.000,170.000,175.000,178.256,181.408,171.424,101.189,180.640,186.476,175.397,115.363,175.728,184.319,185.737,333.871,0.0402,0.0000,0.1112,0.9155,0.00,0.00,0.00,0.00
867.00,180.000,180.000,170.000,175.000,178.272,181.442,171.450,101.283,180.569,186.468,175.364,115.435,175.667,184.305,185.649,333.931,0.0401,0.0000,0.1109,0.9155,0.00,0.00,0.00,0.00
868.00,180.000,180.000,170.000,175.000,178.287,181.475,171.476,101.377,180.498,186.459,175.330,115.507,175.608,184.291,185.566,333.991,0.0401,0.0000,0.1105,0.9155,0.00,0.00,0.00,0.00
869.00,180.000,180.000,170.000,175.000,178.301,181.508,171.502,101.471,180.427,186.451,175.296,115.579,175.551,184.277,185.489,334.051,0.0400,0.0000,0.1102,0.9155,0.00,0.00,0.00,0.00
870.00,180.000,180.000,170.000,175.000,178.315,181.541,171.527,101.565,180.356,186.442,175.262,115.650,175.494,184.263,185.417,334.111,0.0400,0.0000,0.1099,0.9155,0.00,0.00,0.00,0.00
871.00,180.000,180.000,170.000,175.000,178.329,181.573,171.552,101.659,180.286,186.434,175.228,115.722,175.439,184.248,185.318,334.171,0.0400,0.0000,0.1096,0.9155,0.00,0.00,0.00,0.00
872.00,180.000,180.000,170.000,175.000,178.342,181.606,171.576,101.753,180.215,186.425,175.194,115.793,175.384,184.234,185.225,334.231,0.0400,0.0000,0.1093,0.9155,0.00,0.00,0.00,0.00
873.00,180.000,180.000,170.000,175.000,178.354,181.638,171.600,101.846,180.145,186.417,175.160,115.864,175.331,184.220,185.139,334.290,0.0400,0.0000,0.1090,0.9155,0.00,0.00,0.00,0.00
874.00,180.000,180.000,170.000,175.000,178.366,181.669,171.624,101.939,180.075,186.408,175.126,115.935,175.278,184.205,185.059,334.350,0.0400,0.0000,0.1087,0.9155,0.00,0.00,0.00,0.00
875.00,180.000,180.000,170.000,175.000,178.377,181.701,171.647,102.032,180.005,186.400,175.091,116.006,175.195,184.191,184.984,334.409,0.0400,0.0000,0.1084,0.9155,0.00,0.00,0.00,0.00
876.00,180.000,180.000,170.000,175.000,178.388,181.732,171.670,102.125,179.936,186.391,175.057,116.077,175.115,184.176,184.914,334.468,0.0400,0.0000,0.1081,0.9155,0.00,0.00,0.00,0.00
877.00,180.000,180.000,170.000,175.000,178.398,181.763,171.692,102.218,179.866,186.382,175.023,116.147,175.038,184.161,184.832,334.527,0.0400,0.0000,0.1078,0.9155,0.00,0.00,0.00,0.00
878.00,180.000,180.000,170.000,175.000,178.408,181.794,171.714,102.311,179.797,186.373,174.989,116.217,174.965,184.147,184.739,334.586,0.0400,0.0000,0.1075,0.9155,0.00,0.00,0.00,0.00
879.00,180.000,180.000,170.000,175.000,178.417,181.824,171.736,102.403,179.727,186.365,174.955,116.288,174.926,184.132,184.653,334.645,0.0401,0.0000,0.1073,0.9155,0.00,0.00,0.00,0.00
880.00,180.000,180.000,170.000,175.000,178.425,181.854,171.757,102.496,179.658,186.356,174.920,116.358,174.887,184.117,184.573,334.703,0.0401,0.0000,0.1070,0.9155,0.00,0.00,0.00,0.00
881.00,180.000,180.000,170.000,175.000,178.433,181.884,171.778,102.588,179.590,186.347,174.886,116.428,174.848,184.102,184.497,334.762,0.0402,0.0000,0.1067,0.9155,0.00,0.00,0.00,0.00
882.00,180.000,180.000,170.000,175.000,178.441,181.914,171.799,102.680,179.521,186.338,174.852,116.497,174.808,184.087,184.427,334.820,0.0403,0.0000,0.1064,0.9155,0.00,0.00,0.00,0.00
883.00,180.000,180.000,170.000,175.000,178.448,181.943,171.819,102.772,179.452,186.329,174.817,116.567,174.768,184.073,184.361,334.878,0.0404,0.0000,0.1062,0.9155,0.00,0.00,0.00,0.00
884.00,180.000,180.000,170.000,175.000,178.455,181.972,171.839,102.864,179.384,186.320,174.783,116.637,174.727,184.058,184.299,334.937,0.0404,0.0000,0.1059,0.9155,0.00,0.00,0.00,0.00
885.00,180.000,180.000,170.000,175.000,178.461,182.001,171.859,102.955,179.316,186.311,174.748,116.706,174.687,184.043,184.208,334.995,0.0404,0.0000,0.1057,0.9155,0.00,0.00,0.00,0.00
886.00,180.000,180.000,170.000,175.000,178.466,182.030,171.878,103.047,179.248,186.302,174.714,116.775,174.646,184.027,184.124,335.053,0.0404,0.0000,0.1054,0.9155,0.00,0.00,0.00,0.00
887.00,180.000,180.000,170.000,175.000,178.471,182.058,171.896,103.138,179.181,186.293,174.680,116.844,174.605,184.012,184.045,335.110,0.0405,0.0000,0.1051,0.9155,0.00,0.00,0.00,0.00
888.00,180.000,180.000,170.000,175.000,178.476,182.086,171.915,103.229,179.113,186.284,174.645,116.913,174.564,183.997,183.971,335.168,0.0406,0.0000,0.1049,0.9155,0.00,0.00,0.00,0.00
889.00,180.000,180.000,170.000,175.000,178.480,182.114,171.933,103.320,179.046,186.275,174.611,116.982,174.523,183.982,183.902,335.226,0.0406,0.0000,0.1046,0.9155,0.00,0.00,0.00,0.00
890.00,180.000,180.000,170.000,175.000,178.484,182.142,171.951,103.411,178.979,186.266,174.576,117.050,174.482,183.967,183.837,335.283,0.0407,0.0000,0.1044,0.9155,0.00,0.00,0.00,0.00
891.00,180.000,180.000,170.000,175.000,178.487,182.169,171.968,103.502,178.912,186.257,174.542,117.119,174.440,183.951,183.775,335.340,0.0408,0.0000,0.1041,0.9155,0.00,0.00,0.00,0.00
892.00,180.000,180.000,170.000,175.000,178.490,182.196,171.985,103.593,178.845,186.247,174.507,117.187,174.399,183.936,183.717,335.398,0.0409,0.0000,0.1039,0.9155,0.00,0.00,0.00,0.00
893.00,180.000,180.000,170.000,175.000,178.492,182.223,172.002,103.683,178.779,186.238,174.473,117.255,174.358,183.921,183.630,335.455,0.0410,0.0000,0.1037,0.9155,0.00,0.00,0.00,0.00
894.00,180.000,180.000,170.000,175.000,178.494,182.250,172.018,103.773,178.712,186.229,174.438,117.323,174.316,183.905,183.549,335.512,0.0411,0.0000,0.1034,0.9155,0.00,0.00,0.00,0.00
895.00,180.000,180.000,170.000,175.000,178.495,182.276,172.034,103.863,178.646,186.219,174.404,117.391,174.275,183.890,183.474,335.569,0.0413,0.0000,0.1032,0.9155,0.00,0.00,0.00,0.00
896.00,180.000,180.000,170.000,175.000,178.496,182.303,172.050,103.953,178.580,186.210,174.369,117.459,174.234,183.874,183.403,335.625,0.0414,0.0000,0.1030,0.9155,0.00,0.00,0.00,0.00
897.00,180.000,180.000,170.000,175.000,178.496,182.329,172.065,104.043,178.515,186.200,174.335,117.526,174.192,183.859,183.336,335.682,0.0415,0.0000,0.1028,0.9155,0.00,0.00,0.00,0.00
898.00,180.000,180.000,170.000,175.000,178.496,182.354,172.080,104.133,178.449,186.191,174.300,117.594,174.151,183.843,183.273,335.739,0.0417,0.0000,0.1026,0.9155,0.00,0.00,0.00,0.00
899.00,180.000,180.000,170.000,175.000,178.496,182.380,172.095,104.223,178.384,186.181,174.266,117.661,174.110,183.827,183.214,335.795,0.0418,0.0000,0.1023,0.9155,0.00,0.00,0.00,0.00
900.00,180.000,180.000,170.000,175.000,178.495,182.405,172.109,104.312,178.319,186.172,174.231,117.728,174.069,183.812,183.158,335.851,0.0419,0.0000,0.1021,0.9155,0.00,0.00,0.00,0.00
901.00,180.000,180.000,170.000,175.000,178.494,182.430,172.123,104.401,178.254,186.162,174.197,117.795,174.044,183.796,183.105,335.908,0.0421,0.0000,0.1019,0.9155,0.00,0.00,0.00,0.00
902.00,180.000,180.000,170.000,175.000,178.492,182.455,172.137,104.490,178.189,186.153,174.162,117.862,174.034,183.780,183.022,335.964,0.0422,0.0000,0.1017,0.9155,0.00,0.00,0.00,0.00
903.00,180.000,180.000,170.000,175.000,178.490,182.479,172.151,104.579,178.125,186.143,174.128,117.929,174.020,183.764,182.945,336.020,0.0424,0.0000,0.1015,0.9155,0.00,0.00,0.00,0.00
904.00,180.000,180.000,170.000,175.000,178.487,182.504,172.164,104.668,178.060,186.133,174.093,117.996,174.004,183.748,182.873,336.076,0.0426,0.0000,0.1013,0.9155,0.00,0.00,0.00,0.00
905.00,180.000,180.000,170.000,175.000,178.484,182.528,172.176,104.757,177.996,186.123,174.059,118.062,173.986,183.732,182.805,336.131,0.0427,0.0000,0.1011,0.9155,0.00,0.00,0.00,0.00
906.00,180.000,180.000,170.000,175.000,178.481,182.552,172.189,104.845,177.933,186.114,174.024,118.129,173.966,183.717,182.742,336.187,0.0429,0.0000,0.1009,0.9155,0.00,0.00,0.00,0.00
907.00,180.000,180.000,170.000,175.000,178.477,182.575,172.201,104.934,177.869,186.104,173.989,118.195,173.944,183.700,182.681,336.243,0.0430,0.0000,0.1007,0.9155,0.00,0.00,0.00,0.00
908.00,180.000,180.000,170.000,175.000,178.473,182.599,172.213,105.022,177.806,186.094,173.955,118.261,173.920,183.684,182.624,336.298,0.0432,0.0000,0.1005,0.9155,0.00,0.00,0.00,0.00
909.00,180.000,180.000,170.000,175.000,178.469,182.622,172.224,105.110,177.743,186.084,173.920,118.327,173.895,183.668,182.571,336.353,0.0434,0.0000,0.1004,0.9155,0.00,0.00,0.00,0.00
910.00,180.000,180.000,170.000,175.000,178.464,182.645,172.236,105.198,177.680,186.074,173.886,118.393,173.869,183.652,182.519,336.409,0.0435,0.0000,0.1002,0.9155,0.00,0.00,0.00,0.00
911.00,180.000,180.000,170.000,175.000,178.458,182.668,172.246,105.286,177.617,186.064,173.852,118.458,173.841,183.636,182.470,336.464,0.0437,0.0000,0.1000,0.9155,0.00,0.00,0.00,0.00
912.00,180.000,180.000,170.000,175.000,178.453,182.690,172.257,105.373,177.555,186.054,173.817,118.524,173.813,183.620,182.407,336.519,0.0439,0.0000,0.0999,0.9155,0.00,0.00,0.00,0.00
913.00,180.000,180.000,170.000,175.000,178.447,182.713,172.267,105.461,177.492,186.044,173.783,118.589,173.783,183.604,182.332,336.574,0.0441,0.0000,0.0997,0.9155,0.00,0.00,0.00,0.00
914.00,180.000,180.000,170.000,175.000,178.440,182.735,172.277,105.548,177.430,186.034,173.748,118.655,173.785,183.587,182.262,336.628,0.0444,0.0000,0.0995,0.9155,0.00,0.00,0.00,0.00
915.00,180.000,180.000,170.000,175.000,178.433,182.757,172.287,105.635,177.369,186.024,173.714,118.720,173.783,183.571,182.196,336.683,0.0446,0.0000,0.0993,0.9155,0.00,0.00,0.00,0.00
916.00,180.000,180.000,170.000,175.000,178.426,182.778,172.297,105.722,177.307,186.013,173.679,118.785,173.777,183.555,182.134,336.738,0.0448,0.0000,0.0991,0.9155,0.00,0.00,0.00,0.00
917.00,180.000,180.000,170.000,175.000,178.419,182.800,172.306,105.809,177.246,186.003,173.645,118.850,173.768,183.538,182.075,336.792,0.0451,0.0000,0.0990,0.9155,0.00,0.00,0.00,0.00
918.00,180.000,180.000,170.000,175.000,178.411,182.821,172.315,105.896,177.185,185.993,173.610,118.915,173.757,183.522,182.019,336.847,0.0453,0.0000,0.0988,0.9155,0.00,0.00,0.00,0.00
919.00,180.000,180.000,170.000,175.000,178.403,182.842,172.323,105.983,177.124,185.982,173.576,118.979,173.743,183.505,181.966,336.901,0.0455,0.0000,0.0987,0.9155,0.00,0.00,0.00,0.00
920.00,180.000,180.000,170.000,175.000,178.394,182.863,172.331,106.069,177.063,185.972,173.542,119.044,173.727,183.489,181.916,336.955,0.0457,0.0000,0.0985,0.9155,0.00,0.00,0.00,0.00
921.00,180.000,180.000,170.000,175.000,178.385,182.884,172.339,106.155,177.003,185.962,173.507,119.108,173.709,183.472,181.868,337.009,0.0459,0.0000,0.0984,0.9155,0.00,0.00,0.00,0.00
922.00,180.000,180.000,170.000,175.000,178.376,182.904,172.347,106.242,176.943,185.951,173.473,119.173,173.706,183.456,181.822,337.063,0.0461,0.0000,0.0983,0.9155,0.00,0.00,0.00,0.00
923.00,180.000,180.000,170.000,175.000,178.366,182.924,172.354,106.328,176.883,185.941,173.439,119.237,173.715,183.439,181.779,337.117,0.0463,0.0000,0.0981,0.9155,0.00,0.00,0.00,0.00
924.00,180.000,180.000,170.000,175.000,178.356,182.944,172.362,106.413,176.824,185.930,173.404,119.301,173.719,183.422,181.736,337.171,0.0465,0.0000,0.0979,0.9155,0.00,0.00,0.00,0.00
925.00,180.000,180.000,170.000,175.000,178.346,182.964,172.368,106.499,176.764,185.919,173.370,119.365,173.720,183.405,181.664,337.224,0.0468,0.0000,0.0978,0.9155,0.00,0.00,0.00,0.00
926.00,180.000,180.000,170.000,175.000,178.335,182.984,172.375,106.585,176.705,185.909,173.336,119.429,173.717,183.389,181.596,337.278,0.0471,0.0000,0.0976,0.9155,0.00,0.00,0.00,0.00
927.00,180.000,180.000,170.000,175.000,178.324,183.003,172.381,106.670,176.646,185.898,173.302,119.492,173.711,183.372,181.532,337.332,0.0473,0.0000,0.0975,0.9155,0.00,0.00,0.00,0.00
928.00,180.000,180.000,170.000,175.000,178.313,183.022,172.387,106.756,176.588,185.887,173.268,119.556,173.703,183.355,181.471,337.385,0.0476,0.0000,0.0973,0.9155,0.00,0.00,0.00,0.00
929.00,180.000,180.000,170.000,175.000,178.302,183.041,172.393,106.841,176.529,185.877,173.233,119.619,173.692,183.338,181.414,337.438,0.0478,0.0000,0.0972,0.9155,0.00,0.00,0.00,0.00
930.00,180.000,180.000,170.000,175.000,178.290,183.060,172.399,106.926,176.471,185.866,173.199,119.683,173.678,183.321,181.360,337.491,0.0481,0.0000,0.0971,0.9155,0.00,0.00,0.00,0.00
931.00,180.000,180.000,170.000,175.000,178.278,183.079,172.404,107.011,176.413,185.855,173.165,119.746,173.694,183.304,181.309,337.544,0.0483,0.0000,0.0970,0.9155,0.00,0.00,0.00,0.00
932.00,180.000,180.000,170.000,175.000,178.265,183.097,172.409,107.095,176.356,185.844,173.131,119.809,173.706,183.287,181.260,337.597,0.0485,0.0000,0.0968,0.9155,0.00,0.00,0.00,0.00
933.00,180.000,180.000,170.000,175.000,178.252,183.115,172.414,107.180,176.299,185.833,173.097,119.872,173.713,183.270,181.213,337.650,0.0488,0.0000,0.0967,0.9155,0.00,0.00,0.00,0.00
934.00,180.000,180.000,170.000,175.000,178.239,183.134,172.418,107.264,176.241,185.822,173.063,119.935,173.716,183.253,181.169,337.703,0.0491,0.0000,0.0966,0.9155,0.00,0.00,0.00,0.00
935.00,180.000,180.000,170.000,175.000,178.226,183.151,172.422,107.349,176.185,185.811,173.029,119.997,173.716,183.236,181.126,337.756,0.0494,0.0000,0.0965,0.9155,0.00,0.00,0.00,0.00
936.00,180.000,180.000,170.000,175.000,178.212,183.169,172.426,107.433,176.128,185.800,172.995,120.060,173.712,183.219,181.085,337.808,0.0496,0.0000,0.0964,0.9155,0.00,0.00,0.00,0.00
937.00,180.000,180.000,170.000,175.000,178.198,183.186,172.430,107.517,176.072,185.789,172.961,120.123,173.705,183.202,181.045,337.861,0.0499,0.0000,0.0963,0.9155,0.00,0.00,0.00,0.00
938.00,180.000,180.000,170.000,175.000,178.184,183.204,172.434,107.601,176.016,185.778,172.927,120.185,173.713,183.185,181.006,337.913,0.0502,0.0000,0.0962,0.9155,0.00,0.00,0.00,0.00
939.00,180.000,180.000,170.000,175.000,178.170,183.221,172.437,107.684,175.960,185.766,172.893,120.247,173.732,183.168,180.969,337.966,0.0504,0.0000,0.0961,0.9155,0.00,0.00,0.00,0.00
940.00,180.000,180.000,170.000,175.000,178.155,183.238,172.440,107.768,175.904,185.755,172.859,120.309,173.745,183.150,180.933,338.018,0.0506,0.0000,0.0960,0.9155,0.00,0.00,0.00,0.00
941.00,180.000,180.000,170.000,175.000,178.140,183.254,172.443,107.851,175.849,185.744,172.825,120.371,173.755,183.133,180.882,338.070,0.0509,0.0000,0.0959,0.9155,0.00,0.00,0.00,0.00
942.00,180.000,180.000,170.000,175.000,178.124,183.271,172.445,107.935,175.794,185.732,172.792,120.433,173.760,183.116,180.817,338.122,0.0513,0.0000,0.0959,0.9155,0.00,0.00,0.00,0.00
943.00,180.000,180.000,170.000,175.000,178.109,183.287,172.447,108.018,175.739,185.721,172.758,120.495,173.762,183.099,180.757,338.174,0.0515,0.0000,0.0958,0.9155,0.00,0.00,0.00,0.00
944.00,180.000,180.000,170.000,175.000,178.093,183.303,172.449,108.101,175.684,185.710,172.724,120.557,173.761,183.081,180.699,338.226,0.0518,0.0000,0.0957,0.9155,0.00,0.00,0.00,0.00
945.00,180.000,180.000,170.000,175.000,178.077,183.319,172.451,108.184,175.630,185.698,172.690,120.619,173.756,183.064,180.645,338.277,0.0521,0.0000,0.0956,0.9155,0.00,0.00,0.00,0.00
946.00,180.000,180.000,170.000,175.000,178.061,183.335,172.453,108.266,175.576,185.687,172.657,120.680,173.781,183.046,180.593,338.329,0.0523,0.0000,0.0954,0.9155,0.00,0.00,0.00,0.00
947.00,180.000,180.000,170.000,175.000,178.044,183.351,172.454,108.349,175.522,185.675,172.623,120.741,173.800,183.029,180.544,338.381,0.0526,0.0000,0.0953,0.9155,0.00,0.00,0.00,0.00
948.00,180.000,180.000,170.000,175.000,178.027,183.366,172.455,108.431,175.469,185.663,172.589,120.803,173.815,183.011,180.497,338.432,0.0530,0.0000,0.0952,0.9155,0.00,0.00,0.00,0.00
949.00,180.000,180.000,170.000,175.000,178.010,183.381,172.456,108.514,175.416,185.652,172.556,120.864,173.825,182.994,180.452,338.483,0.0533,0.0000,0.0951,0.9155,0.00,0.00,0.00,0.00
950.00,180.000,180.000,170.000,175.000,177.993,183.397,172.456,108.596,175.363,185.640,172.522,120.925,173.831,182.976,180.409,338.535,0.0536,0.0000,0.0950,0.9155,0.00,0.00,0.00,0.00
951.00,180.000,180.000,170.000,175.000,177.975,183.411,172.457,108.678,175.310,185.628,172.489,120.986,173.834,182.959,180.368,338.586,0.0538,0.0000,0.0949,0.9155,0.00,0.00,0.00,0.00
952.00,180.000,180.000,170.000,175.000,177.957,183.426,172.457,108.760,175.257,185.616,172.455,121.047,173.833,182.941,180.328,338.637,0.0541,0.0000,0.0948,0.9155,0.00,0.00,0.00,0.00
953.00,180.000,180.000,170.000,175.000,177.939,183.441,172.457,108.842,175.205,185.605,172.422,121.107,173.861,182.923,180.290,338.688,0.0544,0.0000,0.0947,0.9155,0.00,0.00,0.00,0.00
954.00,180.000,180.000,170.000,175.000,177.921,183.455,172.457,108.923,175.153,185.593,172.388,121.168,173.884,182.906,180.253,338.739,0.0547,0.0000,0.0946,0.9155,0.00,0.00,0.00,0.00
955.00,180.000,180.000,170.000,175.000,177.903,183.469,172.456,109.005,175.101,185.581,172.355,121.229,173.902,182.888,180.217,338.790,0.0551,0.0000,0.0945,0.9155,0.00,0.00,0.00,0.00
956.00,180.000,180.000,170.000,175.000,177.884,183.483,172.455,109.086,175.050,185.569,172.322,121.289,173.915,182.870,180.182,338.841,0.0553,0.0000,0.0944,0.9155,0.00,0.00,0.00,0.00
957.00,180.000,180.000,170.000,175.000,177.865,183.497,172.454,109.167,174.998,185.557,172.289,121.349,173.924,182.853,180.148,338.891,0.0556,0.0000,0.0943,0.9155,0.00,0.00,0.00,0.00
958.00,180.000,180.000,170.000,175.000,177.846,183.511,172.453,109.248,174.947,185.545,172.255,121.410,173.929,182.835,180.115,338.942,0.0559,0.0000,0.0942,0.9155,0.00,0.00,0.00,0.00
959.00,180.000,180.000,170.000,175.000,177.826,183.524,172.452,109.329,174.897,185.533,172.222,121.470,173.947,182.817,180.083,338.992,0.0562,0.0000,0.0942,0.9155,0.00,0.00,0.00,0.00
960.00,180.000,180.000,170.000,175.000,177.807,183.538,172.450,109.410,174.846,185.521,172.189,121.530,173.977,182.799,180.051,339.043,0.0566,0.0000,0.0941,0.9155,0.00,0.00,0.00,0.00
961.00,180.000,180.000,170.000,175.000,177.787,183.551,172.449,109.490,174.796,185.508,172.156,121.590,174.000,182.781,180.020,339.093,0.0569,0.0000,0.0941,0.9155,0.00,0.00,0.00,0.00
962.00,180.000,180.000,170.000,175.000,177.767,183.564,172.447,109.571,174.746,185.496,172.123,121.649,174.019,182.763,179.989,339.143,0.0572,0.0000,0.0941,0.9155,0.00,0.00,0.00,0.00
963.00,180.000,180.000,170.000,175.000,177.747,183.577,172.444,109.651,174.696,185.484,172.091,121.709,174.033,182.746,179.959,339.193,0.0575,0.0000,0.0940,0.9155,0.00,0.00,0.00,0.00
964.00,180.000,180.000,170.000,175.000,177.727,183.589,172.442,109.732,174.647,185.471,172.058,121.769,174.043,182.728,179.930,339.244,0.0578,0.0000,0.0940,0.9155,0.00,0.00,0.00,0.00
965.00,180.000,180.000,170.000,175.000,177.706,183.602,172.439,109.812,174.598,185.459,172.025,121.828,174.049,182.710,179.885,339.293,0.0581,0.0000,0.0940,0.9155,0.00,0.00,0.00,0.00
966.00,180.000,180.000,170.000,175.000,177.685,183.614,172.437,109.892,174.549,185.447,171.992,121.888,174.084,182.692,179.826,339.343,0.0584,0.0000,0.0939,0.9155,0.00,0.00,0.00,0.00
967.00,180.000,180.000,170.000,175.000,177.665,183.626,172.434,109.971,174.500,185.434,171.959,121.947,174.113,182.674,179.770,339.393,0.0587,0.0000,0.0939,0.9155,0.00,0.00,0.00,0.00
968.00,180.000,180.000,170.000,175.000,177.643,183.638,172.430,110.051,174.452,185.422,171.927,122.006,174.136,182.656,179.717,339.443,0.0591,0.0000,0.0939,0.9155,0.00,0.00,0.00,0.00
969.00,180.000,180.000,170.000,175.000,177.622,183.650,172.427,110.131,174.404,185.409,171.894,122.065,174.155,182.637,179.667,339.493,0.0594,0.0000,0.0938,0.9154,0.00,0.00,0.00,0.00
970.00,180.000,180.000,170.000,175.000,177.601,183.662,172.423,110.210,174.356,185.397,171.861,122.124,174.169,182.619,179.619,339.542,0.0597,0.0000,0.0938,0.9154,0.00,0.00,0.00,0.00
971.00,180.000,180.000,170.000,175.000,177.579,183.673,172.420,110.289,174.308,185.384,171.829,122.183,174.179,182.601,179.574,339.592,0.0600,0.0000,0.0937,0.9154,0.00,0.00,0.00,0.00
972.00,180.000,180.000,170.000,175.000,177.557,183.685,172.416,110.368,174.261,185.371,171.796,122.242,174.218,182.583,179.530,339.641,0.0603,0.0000,0.0937,0.9154,0.00,0.00,0.00,0.00
973.00,180.000,180.000,170.000,175.000,177.535,183.696,172.411,110.447,174.214,185.359,171.763,122.301,174.250,182.565,179.488,339.690,0.0607,0.0000,0.0937,0.9154,0.00,0.00,0.00,0.00
974.00,180.000,180.000,170.000,175.000,177.513,183.707,172.407,110.526,174.167,185.346,171.731,122.359,174.276,182.547,179.448,339.740,0.0610,0.0000,0.0936,0.9154,0.00,0.00,0.00,0.00
975.00,180.000,180.000,170.000,175.000,177.491,183.718,172.403,110.605,174.120,185.333,171.698,122.418,174.298,182.529,179.410,339.789,0.0613,0.0000,0.0936,0.9154,0.00,0.00,0.00,0.00
976.00,180.000,180.000,170.000,175.000,177.468,183.728,172.398,110.684,174.074,185.320,171.666,122.476,174.315,182.510,179.372,339.838,0.0616,0.0000,0.0935,0.9154,0.00,0.00,0.00,0.00
977.00,180.000,180.000,170.000,175.000,177.446,183.739,172.393,110.762,174.028,185.307,171.634,122.534,174.328,182.492,179.336,339.887,0.0619,0.0000,0.0935,0.9154,0.00,0.00,0.00,0.00
978.00,180.000,180.000,170.000,175.000,177.423,183.749,172.388,110.840,173.982,185.295,171.601,122.593,174.353,182.474,179.301,339.936,0.0623,0.0000,0.0934,0.9154,0.00,0.00,0.00,0.00
979.00,180.000,180.000,170.000,175.000,177.400,183.760,172.382,110.918,173.937,185.282,171.569,122.651,174.389,182.455,179.267,339.984,0.0626,0.0000,0.0934,0.9154,0.00,0.00,0.00,0.00
980.00,180.000,180.000,170.000,175.000,177.377,183.770,172.377,110.997,173.891,185.269,171.537,122.709,174.419,182.437,179.234,340.033,0.0630,0.0000,0.0933,0.9154,0.00,0.00,0.00,0.00
981.00,180.000,180.000,170.000,175.000,177.354,183.780,172.371,111.074,173.846,185.256,171.504,122.767,174.444,182.419,179.202,340.082,0.0633,0.0000,0.0933,0.9154,0.00,0.00,0.00,0.00
982.00,180.000,180.000,170.000,175.000,177.330,183.789,172.366,111.152,173.801,185.242,171.472,122.825,174.464,182.400,179.170,340.130,0.0636,0.0000,0.0932,0.9154,0.00,0.00,0.00,0.00
983.00,180.000,180.000,170.000,175.000,177.307,183.799,172.360,111.230,173.757,185.229,171.440,122.882,174.480,182.382,179.139,340.179,0.0640,0.0000,0.0932,0.9154,0.00,0.00,0.00,0.00
984.00,180.000,180.000,170.000,175.000,177.283,183.808,172.353,111.307,173.713,185.216,171.408,122.940,174.508,182.364,179.109,340.227,0.0643,0.0000,0.0932,0.9154,0.00,0.00,0.00,0.00
985.00,180.000,180.000,170.000,175.000,177.259,183.818,172.347,111.385,173.669,185.203,171.376,122.998,174.547,182.345,179.079,340.276,0.0646,0.0000,0.0931,0.9154,0.00,0.00,0.00,0.00
986.00,180.000,180.000,170.000,175.000,177.235,183.827,172.341,111.462,173.625,185.190,171.344,123.055,174.579,182.327,179.050,340.324,0.0649,0.0000,0.0932,0.9154,0.00,0.00,0.00,0.00
987.00,180.000,180.000,170.000,175.000,177.211,183.836,172.334,111.539,173.581,185.176,171.312,123.113,174.607,182.308,179.021,340.372,0.0653,0.0000,0.0932,0.9154,0.00,0.00,0.00,0.00
988.00,180.000,180.000,170.000,175.000,177.187,183.845,172.327,111.616,173.538,185.163,171.281,123.170,174.629,182.290,178.993,340.420,0.0656,0.0000,0.0932,0.9154,0.00,0.00,0.00,0.00
989.00,180.000,180.000,170.000,175.000,177.163,183.854,172.320,111.693,173.495,185.150,171.249,123.227,174.647,182.271,178.965,340.468,0.0659,0.0000,0.0932,0.9154,0.00,0.00,0.00,0.00
990.00,180.000,180.000,170.000,175.000,177.138,183.862,172.313,111.770,173.452,185.136,171.217,123.284,174.677,182.253,178.938,340.516,0.0663,0.0000,0.0931,0.9154,0.00,0.00,0.00,0.00
991.00,180.000,180.000,170.000,175.000,177.114,183.871,172.306,111.846,173.410,185.123,171.186,123.341,174.717,182.234,178.911,340.564,0.0666,0.0000,0.0931,0.9154,0.00,0.00,0.00,0.00
992.00,180.000,180.000,170.000,175.000,177.089,183.879,172.298,111.923,173.368,185.109,171.154,123.398,174.752,182.215,178.884,340.612,0.0670,0.0000,0.0931,0.9154,0.00,0.00,0.00,0.00
993.00,180.000,180.000,170.000,175.000,177.064,183.887,172.290,111.999,173.326,185.096,171.123,123.455,174.781,182.197,178.857,340.660,0.0673,0.0000,0.0931,0.9154,0.00,0.00,0.00,0.00
994.00,180.000,180.000,170.000,175.000,177.039,183.895,172.283,112.075,173.284,185.082,171.091,123.512,174.805,182.178,178.831,340.708,0.0676,0.0000,0.0931,0.9154,0.00,0.00,0.00,0.00
995.00,180.000,180.000,170.000,175.000,177.014,183.903,172.275,112.152,173.242,185.069,171.060,123.569,174.824,182.160,178.805,340.755,0.0680,0.0000,0.0930,0.9154,0.00,0.00,0.00,0.00
996.00,180.000,180.000,170.000,175.000,176.989,183.911,172.267,112.227,173.201,185.055,171.028,123.625,174.856,182.141,178.779,340.803,0.0683,0.0000,0.0930,0.9154,0.00,0.00,0.00,0.00
997.00,180.000,180.000,170.000,175.000,176.964,183.918,172.258,112.303,173.160,185.041,170.997,123.682,174.898,182.122,178.753,340.850,0.0686,0.0000,0.0930,0.9154,0.00,0.00,0.00,0.00
998.00,180.000,180.000,170.000,175.000,176.939,183.926,172.250,112.379,173.119,185.027,170.966,123.738,174.934,182.104,178.727,340.898,0.0690,0.0000,0.0930,0.9154,0.00,0.00,0.00,0.00
999.00,180.000,180.000,170.000,175.000,176.913,183.933,172.241,112.455,173.079,185.014,170.935,123.795,174.964,182.085,178.702,340.945,0.0693,0.0000,0.0930,0.9154,0.00,0.00,0.00,0.00
1000.00,180.000,180.000,170.000,175.000,176.888,183.940,172.233,112.530,173.039,185.000,170.904,123.851,174.990,182.066,178.677,340.992,0.0697,0.0000,0.0930,0.9154,0.00,0.00,0.00,0.00
1001.00,180.000,180.000,170.000,175.000,176.862,183.947,172.224,112.605,172.999,184.986,170.873,123.907,175.011,182.047,178.652,341.039,0.0700,0.0000,0.0930,0.9154,0.00,0.00,0.00,0.00
1002.00,180.000,180.000,170.000,175.000,176.836,183.954,172.215,112.681,172.959,184.972,170.842,123.963,175.044,182.029,178.627,341.086,0.0703,0.0000,0.0931,0.9154,0.00,0.00,0.00,0.00
1003.00,180.000,180.000,170.000,175.000,176.810,183.961,172.205,112.756,172.919,184.958,170.811,124.019,175.087,182.010,178.602,341.133,0.0707,0.0000,0.0931,0.9154,0.00,0.00,0.00,0.00
1004.00,180.000,180.000,170.000,175.000,176.785,183.967,172.196,112.831,172.880,184.944,170.780,124.075,175.124,181.991,178.577,341.180,0.0710,0.0000,0.0931,0.9154,0.00,0.00,0.00,0.00
1005.00,180.000,180.000,170.000,175.000,176.759,183.974,172.187,112.905,172.841,184.930,170.750,124.131,175.156,181.972,178.553,341.227,0.0713,0.0000,0.0931,0.9154,0.00,0.00,0.00,0.00
1006.00,180.000,180.000,170.000,175.000,176.732,183.980,172.177,112.980,172.802,184.916,170.719,124.187,175.183,181.953,178.528,341.274,0.0717,0.0000,0.0930,0.9154,0.00,0.00,0.00,0.00
1007.00,180.000,180.000,170.000,175.000,176.706,183.986,172.167,113.055,172.764,184.902,170.688,124.242,175.205,181.935,178.504,341.321,0.0720,0.0000,0.0930,0.9154,0.00,0.00,0.00,0.00
1008.00,180.000,180.000,170.000,175.000,176.680,183.992,172.157,113.129,172.726,184.888,170.658,124.298,175.254,181.916,178.480,341.367,0.0724,0.0000,0.0930,0.9154,0.00,0.00,0.00,0.00
1009.00,180.000,180.000,170.000,175.000,176.654,183.998,172.147,113.203,172.688,184.874,170.627,124.354,175.298,181.897,178.455,341.414,0.0727,0.0000,0.0930,0.9154,0.00,0.00,0.00,0.00
1010.00,180.000,180.000,170.000,175.000,176.627,184.004,172.137,113.277,172.650,184.859,170.597,124.409,175.335,181.878,178.431,341.461,0.0730,0.0000,0.0931,0.9154,0.00,0.00,0.00,0.00
1011.00,180.000,180.000,170.000,175.000,176.601,184.010,172.127,113.352,172.612,184.845,170.567,124.464,175.366,181.859,178.407,341.507,0.0734,0.0000,0.0931,0.9154,0.00,0.00,0.00,0.00
1012.00,180.000,180.000,170.000,175.000,176.574,184.015,172.117,113.425,172.575,184.831,170.536,124.520,175.393,181.840,178.383,341.553,0.0737,0.0000,0.0931,0.9154,0.00,0.00,0.00,0.00
1013.00,180.000,180.000,170.000,175.000,176.548,184.021,172.106,113.499,172.538,184.817,170.506,124.575,175.415,181.821,178.360,341.600,0.0740,0.0000,0.0931,0.9154,0.00,0.00,0.00,0.00
1014.00,180.000,180.000,170.000,175.000,176.521,184.026,172.095,113.573,172.501,184.802,170.476,124.630,175.465,181.802,178.336,341.646,0.0744,0.0000,0.0932,0.9154,0.00,0.00,0.00,0.00
1015.00,180.000,180.000,170.000,175.000,176.494,184.031,172.085,113.647,172.465,184.788,170.446,124.685,175.509,181.783,178.312,341.692,0.0748,0.0000,0.0932,0.9154,0.00,0.00,0.00,0.00
1016.00,180.000,180.000,170.000,175.000,176.467,184.036,172.074,113.720,172.428,184.773,170.416,124.740,175.546,181.764,178.288,341.738,0.0751,0.0000,0.0932,0.9154,0.00,0.00,0.00,0.00
1017.00,180.000,180.000,170.000,175.000,176.440,184.041,172.063,113.793,172.392,184.759,170.386,124.795,175.578,181.745,178.265,341.784,0.0754,0.0000,0.0932,0.9154,0.00,0.00,0.00,0.00
1018.00,180.000,180.000,170.000,175.000,176.413,184.046,172.051,113.866,172.357,184.744,170.356,124.850,175.606,181.726,178.241,341.830,0.0758,0.0000,0.0932,0.9154,0.00,0.00,0.00,0.00
1019.00,180.000,180.000,170.000,175.000,176.386,184.050,172.040,113.940,172.321,184.730,170.326,124.904,175.628,181.707,178.218,341.876,0.0761,0.0000,0.0932,0.9154,0.00,0.00,0.00,0.00
1020.00,180.000,180.000,170.000,175.000,176.359,184.055,172.029,114.012,172.286,184.715,170.296,124.959,175.679,181.688,178.194,341.922,0.0764,0.0000,0.0932,0.9154,0.00,0.00,0.00,0.00
1021.00,180.000,180.000,170.000,175.000,176.332,184.059,172.017,114.085,172.251,184.701,170.266,125.014,175.723,181.669,178.171,341.968,0.0768,0.0000,0.0933,0.9154,0.00,0.00,0.00,0.00
1022.00,180.000,180.000,170.000,175.000,176.305,184.064,172.005,114.158,172.216,184.686,170.237,125.068,175.761,181.650,178.148,342.014,0.0771,0.0000,0.0933,0.9154,0.00,0.00,0.00,0.00
1023.00,180.000,180.000,170.000,175.000,176.278,184.068,171.994,114.231,172.181,184.671,170.207,125.123,175.794,181.631,178.125,342.059,0.0774,0.0000,0.0933,0.9154,0.00,0.00,0.00,0.00
1024.00,180.000,180.000,170.000,175.000,176.251,184.072,171.982,114.303,172.147,184.656,170.178,125.177,175.822,181.612,178.101,342.105,0.0777,0.0000,0.0933,0.9154,0.00,0.00,0.00,0.00
1025.00,180.000,180.000,170.000,175.000,176.223,184.075,171.970,114.375,172.113,184.642,170.148,125.231,175.846,181.593,178.078,342.150,0.0781,0.0000,0.0934,0.9154,0.00,0.00,0.00,0.00
1026.00,180.000,180.000,170.000,175.000,176.196,184.079,171.957,114.448,172.079,184.627,170.119,125.286,175.897,181.574,178.055,342.196,0.0785,0.0000,0.0934,0.9154,0.00,0.00,0.00,0.00
1027.00,180.000,180.000,170.000,175.000,176.168,184.083,171.945,114.520,172.045,184.612,170.089,125.340,175.942,181.555,178.032,342.241,0.0788,0.0000,0.0934,0.9154,0.00,0.00,0.00,0.00
1028.00,180.000,180.000,170.000,175.000,176.141,184.086,171.933,114.592,172.012,184.597,170.060,125.394,175.981,181.536,178.009,342.287,0.0791,0.0000,0.0934,0.9154,0.00,0.00,0.00,0.00
1029.00,180.000,180.000,170.000,175.000,176.113,184.090,171.920,114.664,171.979,184.582,170.031,125.448,176.015,181.517,177.986,342.332,0.0795,0.0000,0.0935,0.9154,0.00,0.00,0.00,0.00
1030.00,180.000,180.000,170.000,175.000,176.086,184.093,171.908,114.735,171.946,184.567,170.002,125.502,176.043,181.497,177.963,342.377,0.0798,0.0000,0.0935,0.9154,0.00,0.00,0.00,0.00
1031.00,180.000,180.000,170.000,175.000,176.058,184.096,171.895,114.807,171.913,184.552,169.972,125.556,176.068,181.478,177.940,342.422,0.0801,0.0000,0.0936,0.9154,0.00,0.00,0.00,0.00
1032.00,180.000,180.000,170.000,175.000,176.031,184.099,171.882,114.878,171.880,184.537,169.943,125.609,176.120,181.459,177.918,342.467,0.0805,0.0000,0.0936,0.9154,0.00,0.00,0.00,0.00
1033.00,180.000,180.000,170.000,175.000,176.003,184.102,171.869,114.950,171.848,184.522,169.914,125.663,176.166,181.440,177.895,342.512,0.0808,0.0000,0.0936,0.9154,0.00,0.00,0.00,0.00
1034.00,180.000,180.000,170.000,175.000,175.975,184.105,171.856,115.021,171.816,184.507,169.886,125.717,176.206,181.421,177.872,342.557,0.0811,0.0000,0.0936,0.9154,0.00,0.00,0.00,0.00
1035.00,180.000,180.000,170.000,175.000,175.948,184.107,171.843,115.092,171.784,184.492,169.857,125.770,176.240,181.402,177.849,342.602,0.0814,0.0000,0.0937,0.9154,0.00,0.00,0.00,0.00
1036.00,180.000,180.000,170.000,175.000,175.920,184.110,171.830,115.163,171.753,184.477,169.828,125.824,176.270,181.382,177.827,342.647,0.0818,0.0000,0.0937,0.9154,0.00,0.00,0.00,0.00
1037.00,180.000,180.000,170.000,175.000,175.892,184.112,171.816,115.234,171.721,184.462,169.799,125.877,176.295,181.363,177.804,342.692,0.0821,0.0000,0.0938,0.9154,0.00,0.00,0.00,0.00
1038.00,180.000,180.000,170.000,175.000,175.865,184.115,171.803,115.305,171.690,184.446,169.770,125.930,176.349,181.344,177.782,342.737,0.0824,0.0000,0.0938,0.9154,0.00,0.00,0.00,0.00
1039.00,180.000,180.000,170.000,175.000,175.837,184.117,171.789,115.376,171.659,184.431,169.742,125.984,176.395,181.325,177.759,342.781,0.0828,0.0000,0.0939,0.9154,0.00,0.00,0.00,0.00
1040.00,180.000,180.000,170.000,175.000,175.809,184.119,171.776,115.446,171.629,184.416,169.713,126.037,176.436,181.305,177.737,342.826,0.0831,0.0000,0.0939,0.9154,0.00,0.00,0.00,0.00
1041.00,180.000,180.000,170.000,175.000,175.781,184.121,171.762,115.517,171.598,184.400,169.685,126.090,176.472,181.286,177.714,342.870,0.0834,0.0000,0.0939,0.9154,0.00,0.00,0.00,0.00
1042.00,180.000,180.000,170.000,175.000,175.753,184.123,171.748,115.587,171.568,184.385,169.656,126.143,176.502,181.267,177.692,342.915,0.0837,0.0000,0.0939,0.9154,0.00,0.00,0.00,0.00
1043.00,180.000,180.000,170.000,175.000,175.725,184.124,171.734,115.657,171.538,184.370,169.628,126.196,176.529,181.248,177.670,342.959,0.0841,0.0000,0.0940,0.9154,0.00,0.00,0.00,0.00
1044.00,180.000,180.000,170.000,175.000,175.698,184.126,171.720,115.727,171.508,184.354,169.599,126.249,176.583,181.228,177.679,343.003,0.0844,0.0000,0.0941,0.9154,0.00,0.00,0.00,0.00
1045.00,180.000,180.000,170.000,175.000,175.670,184.127,171.706,115.797,171.479,184.339,169.571,126.302,176.631,181.209,177.686,343.048,0.0847,0.0000,0.0941,0.9154,0.00,0.00,0.00,0.00
1046.00,180.000,180.000,170.000,175.000,175.642,184.129,171.692,115.867,171.450,184.323,169.543,126.355,176.673,181.190,177.690,343.092,0.0851,0.0000,0.0942,0.9154,0.00,0.00,0.00,0.00
1047.00,180.000,180.000,170.000,175.000,175.614,184.130,171.678,115.937,171.421,184.308,169.515,126.408,176.709,181.170,177.692,343.136,0.0854,0.0000,0.0942,0.9154,0.00,0.00,0.00,0.00
1048.00,180.000,180.000,170.000,175.000,175.586,184.131,171.663,116.007,171.392,184.292,169.487,126.460,176.741,181.151,177.691,343.180,0.0858,0.0000,0.0942,0.9154,0.00,0.00,0.00,0.00
1049.00,180.000,180.000,170.000,175.000,175.558,184.132,171.649,116.076,171.363,184.277,169.460,126.513,176.768,181.132,177.688,343.224,0.0860,0.0000,0.0943,0.9154,0.00,0.00,0.00,0.00
1050.00,180.000,180.000,170.000,175.000,175.530,184.133,171.634,116.146,171.335,184.261,169.432,126.565,176.823,181.113,177.684,343.268,0.0864,0.0000,0.0943,0.9154,0.00,0.00,0.00,0.00
1051.00,180.000,180.000,170.000,175.000,175.502,184.134,171.619,116.215,171.307,184.245,169.404,126.618,176.872,181.093,177.678,343.312,0.0867,0.0000,0.0944,0.9154,0.00,0.00,0.00,0.00
1052.00,180.000,180.000,170.000,175.000,175.474,184.135,171.605,116.284,171.279,184.230,169.377,126.670,176.914,181.074,177.670,343.356,0.0870,0.0000,0.0945,0.9154,0.00,0.00,0.00,0.00
1053.00,180.000,180.000,170.000,175.000,175.446,184.135,171.590,116.353,171.251,184.214,169.349,126.723,176.952,181.055,177.662,343.400,0.0873,0.0000,0.0945,0.9154,0.00,0.00,0.00,0.00
1054.00,180.000,180.000,170.000,175.000,175.418,184.136,171.575,116.422,171.223,184.198,169.322,126.775,176.984,181.035,177.652,343.444,0.0877,0.0000,0.0945,0.9154,0.00,0.00,0.00,0.00
1055.00,180.000,180.000,170.000,175.000,175.391,184.136,171.560,116.491,171.196,184.182,169.295,126.827,177.012,181.016,177.641,343.487,0.0880,0.0000,0.0946,0.9154,0.00,0.00,0.00,0.00
1056.00,180.000,180.000,170.000,175.000,175.363,184.137,171.545,116.560,171.169,184.167,169.267,126.879,177.069,180.996,177.629,343.531,0.0883,0.0000,0.0946,0.9154,0.00,0.00,0.00,0.00
1057.00,180.000,180.000,170.000,175.000,175.335,184.137,171.530,116.629,171.142,184.151,169.240,126.931,177.118,180.977,177.616,343.575,0.0887,0.0000,0.0947,0.9154,0.00,0.00,0.00,0.00
1058.00,180.000,180.000,170.000,175.000,175.307,184.137,171.514,116.697,171.115,184.135,169.213,126.983,177.162,180.958,177.602,343.618,0.0890,0.0000,0.0948,0.9154,0.00,0.00,0.00,0.00
1059.00,180.000,180.000,170.000,175.000,175.279,184.137,171.499,116.766,171.089,184.119,169.186,127.035,177.200,180.938,177.588,343.662,0.0893,0.0000,0.0948,0.9154,0.00,0.00,0.00,0.00
1060.00,180.000,180.000,170.000,175.000,175.251,184.137,171.484,116.834,171.063,184.103,169.159,127.087,177.234,180.919,177.573,343.705,0.0896,0.0000,0.0949,0.9154,0.00,0.00,0.00,0.00
1061.00,180.000,180.000,170.000,175.000,175.223,184.136,171.468,116.902,171.037,184.087,169.132,127.139,177.263,180.900,177.558,343.749,0.0899,0.0000,0.0949,0.9154,0.00,0.00,0.00,0.00
1062.00,180.000,180.000,170.000,175.000,175.195,184.136,171.452,116.970,171.011,184.071,169.106,127.191,177.304,180.880,177.542,343.792,0.0902,0.0000,0.0950,0.9154,0.00,0.00,0.00,0.00
1063.00,180.000,180.000,170.000,175.000,175.167,184.136,171.437,117.038,170.985,184.055,169.079,127.242,177.356,180.861,177.525,343.835,0.0905,0.0000,0.0951,0.9154,0.00,0.00,0.00,0.00
1064.00,180.000,180.000,170.000,175.000,175.140,184.135,171.421,117.106,170.960,184.039,169.052,127.294,177.402,180.841,177.508,343.878,0.0909,0.0000,0.0951,0.9154,0.00,0.00,0.00,0.00
1065.00,180.000,180.000,170.000,175.000,175.112,184.134,171.405,117.174,170.935,184.023,169.026,127.346,177.443,180.822,177.491,343.922,0.0912,0.0000,0.0952,0.9154,0.00,0.00,0.00,0.00
1066.00,180.000,180.000,170.000,175.000,175.084,184.134,171.389,117.242,170.910,184.007,168.999,127.397,177.478,180.803,177.474,343.965,0.0915,0.0000,0.0952,0.9154,0.00,0.00,0.00,0.00
1067.00,180.000,180.000,170.000,175.000,175.056,184.133,171.374,117.309,170.885,183.991,168.973,127.449,177.509,180.783,177.456,344.008,0.0918,0.0000,0.0953,0.9154,0.00,0.00,0.00,0.00
1068.00,180.000,180.000,170.000,175.000,175.028,184.132,171.358,117.377,170.861,183.975,168.946,127.500,177.536,180.764,177.438,344.051,0.0921,0.0000,0.0953,0.9154,0.00,0.00,0.00,0.00
1069.00,180.000,180.000,170.000,175.000,175.001,184.131,171.342,117.444,170.836,183.958,168.920,127.551,177.591,180.744,177.420,344.094,0.0925,0.0000,0.0954,0.9154,0.00,0.00,0.00,0.00
1070.00,180.000,180.000,170.000,175.000,174.973,184.129,171.325,117.511,170.812,183.942,168.894,127.603,177.640,180.725,177.401,344.137,0.0927,0.0000,0.0955,0.9154,0.00,0.00,0.00,0.00
1071.00,180.000,180.000,170.000,175.000,174.945,184.128,171.309,117.578,170.788,183.926,168.867,127.654,177.683,180.706,177.382,344.179,0.0930,0.0000,0.0956,0.9154,0.00,0.00,0.00,0.00
1072.00,180.000,180.000,170.000,175.000,174.918,184.127,171.293,117.645,170.765,183.910,168.841,127.705,177.722,180.686,177.364,344.222,0.0934,0.0000,0.0956,0.9154,0.00,0.00,0.00,0.00
1073.00,180.000,180.000,170.000,175.000,174.890,184.125,171.277,117.712,170.741,183.893,168.815,127.756,177.755,180.667,177.345,344.265,0.0937,0.0000,0.0957,0.9154,0.00,0.00,0.00,0.00
1074.00,180.000,180.000,170.000,175.000,174.862,184.124,171.260,117.779,170.718,183.877,168.789,127.807,177.784,180.647,177.326,344.308,0.0940,0.0000,0.0957,0.9154,0.00,0.00,0.00,0.00
1075.00,180.000,180.000,170.000,175.000,174.835,184.122,171.244,117.846,170.695,183.861,168.763,127.858,177.826,180.628,177.306,344.350,0.0943,0.0000,0.0958,0.9154,0.00,0.00,0.00,0.00
1076.00,180.000,180.000,170.000,175.000,174.807,184.120,171.227,117.912,170.672,183.844,168.737,127.909,177.879,180.608,177.287,344.393,0.0946,0.0000,0.0959,0.9154,0.00,0.00,0.00,0.00
1077.00,180.000,180.000,170.000,175.000,174.780,184.118,171.211,117.979,170.649,183.828,168.711,127.960,177.925,180.589,177.268,344.435,0.0949,0.0000,0.0960,0.9154,0.00,0.00,0.00,0.00
1078.00,180.000,180.000,170.000,175.000,174.752,184.117,171.194,118.045,170.627,183.811,168.685,128.011,177.966,180.570,177.265,344.478,0.0952,0.0000,0.0960,0.9154,0.00,0.00,0.00,0.00
1079.00,180.000,180.000,170.000,175.000,174.725,184.114,171.177,118.112,170.605,183.795,168.659,128.062,178.003,180.550,177.276,344.520,0.0955,0.0000,0.0961,0.9154,0.00,0.00,0.00,0.00
1080.00,180.000,180.000,170.000,175.000,174.697,184.112,171.160,118.178,170.582,183.778,168.634,128.112,178.035,180.531,177.283,344.563,0.0958,0.0000,0.0961,0.9154,0.00,0.00,0.00,0.00
1081.00,180.000,180.000,170.000,175.000,174.670,184.110,171.144,118.244,170.561,183.762,168.608,128.163,178.063,180.511,177.289,344.605,0.0961,0.0000,0.0962,0.9154,0.00,0.00,0.00,0.00
1082.00,180.000,180.000,170.000,175.000,174.643,184.108,171.127,118.310,170.539,183.745,168.583,128.213,178.119,180.492,177.292,344.647,0.0964,0.0000,0.0963,0.9154,0.00,0.00,0.00,0.00
1083.00,180.000,180.000,170.000,175.000,174.615,184.105,171.110,118.376,170.517,183.729,168.558,128.264,178.169,180.472,177.293,344.689,0.0967,0.0000,0.0964,0.9154,0.00,0.00,0.00,0.00
1084.00,180.000,180.000,170.000,175.000,174.588,184.103,171.093,118.442,170.496,183.712,168.532,128.314,178.214,180.453,177.291,344.732,0.0970,0.0000,0.0964,0.9154,0.00,0.00,0.00,0.00
1085.00,180.000,180.000,170.000,175.000,174.561,184.100,171.076,118.507,170.475,183.695,168.507,128.365,178.253,180.433,177.288,344.774,0.0973,0.0000,0.0965,0.9154,0.00,0.00,0.00,0.00
1086.00,180.000,180.000,170.000,175.000,174.534,184.097,171.059,118.573,170.454,183.679,168.482,128.415,178.288,180.414,177.284,344.816,0.0976,0.0000,0.0966,0.9154,0.00,0.00,0.00,0.00
1087.00,180.000,180.000,170.000,175.000,174.507,184.095,171.041,118.638,170.433,183.662,168.457,128.466,178.318,180.395,177.278,344.858,0.0979,0.0000,0.0966,0.9154,0.00,0.00,0.00,0.00
1088.00,180.000,180.000,170.000,175.000,174.480,184.092,171.024,118.704,170.413,183.645,168.432,128.516,178.362,180.375,177.271,344.900,0.0982,0.0000,0.0967,0.9154,0.00,0.00,0.00,0.00
1089.00,180.000,180.000,170.000,175.000,174.452,184.089,171.007,118.769,170.392,183.629,168.407,128.566,178.416,180.356,177.262,344.942,0.0984,0.0000,0.0968,0.9153,0.00,0.00,0.00,0.00
1090.00,180.000,180.000,170.000,175.000,174.425,184.086,170.990,118.834,170.372,183.612,168.383,128.616,178.464,180.336,177.253,344.984,0.0988,0.0000,0.0969,0.9153,0.00,0.00,0.00,0.00
1091.00,180.000,180.000,170.000,175.000,174.399,184.082,170.972,118.899,170.352,183.595,168.358,128.666,178.506,180.317,177.243,345.025,0.0991,0.0000,0.0969,0.9153,0.00,0.00,0.00,0.00
1092.00,180.000,180.000,170.000,175.000,174.372,184.079,170.955,118.964,170.333,183.578,168.333,128.716,178.544,180.297,177.231,345.067,0.0993,0.0000,0.0970,0.9153,0.00,0.00,0.00,0.00
1093.00,180.000,180.000,170.000,175.000,174.345,184.076,170.937,119.029,170.313,183.562,168.309,128.766,178.578,180.278,177.219,345.109,0.0996,0.0000,0.0971,0.9153,0.00,0.00,0.00,0.00
1094.00,180.000,180.000,170.000,175.000,174.318,184.072,170.920,119.094,170.294,183.545,168.284,128.816,178.607,180.258,177.207,345.151,0.0999,0.0000,0.0972,0.9153,0.00,0.00,0.00,0.00
1095.00,180.000,180.000,170.000,175.000,174.291,184.069,170.902,119.159,170.275,183.528,168.260,128.866,178.650,180.239,177.194,345.192,0.1002,0.0000,0.0973,0.9153,0.00,0.00,0.00,0.00
1096.00,180.000,180.000,170.000,175.000,174.264,184.065,170.885,119.223,170.256,183.511,168.235,128.916,178.703,180.220,177.180,345.234,0.1005,0.0000,0.0973,0.9153,0.00,0.00,0.00,0.00
1097.00,180.000,180.000,170.000,175.000,174.238,184.062,170.867,119.288,170.237,183.494,168.211,128.966,178.750,180.200,177.165,345.275,0.1008,0.0000,0.0974,0.9153,0.00,0.00,0.00,0.00
1098.00,180.000,180.000,170.000,175.000,174.211,184.058,170.849,119.352,170.218,183.477,168.187,129.015,178.793,180.181,177.151,345.317,0.1011,0.0000,0.0975,0.9153,0.00,0.00,0.00,0.00
1099.00,180.000,180.000,170.000,175.000,174.185,184.054,170.832,119.416,170.200,183.460,168.162,129.065,178.830,180.161,177.136,345.358,0.1014,0.0000,0.0976,0.9153,0.00,0.00,0.00,0.00
1100.00,180.000,180.000,170.000,175.000,174.158,184.050,170.814,119.481,170.182,183.443,168.138,129.115,178.863,180.142,177.120,345.400,0.1016,0.0000,0.0977,0.9153,0.00,0.00,0.00,0.00
1101.00,180.000,180.000,170.000,175.000,174.132,184.046,170.796,119.545,170.163,183.426,168.114,129.164,178.893,180.122,177.104,345.441,0.1019,0.0000,0.0977,0.9153,0.00,0.00,0.00,0.00
1102.00,180.000,180.000,170.000,175.000,174.105,184.042,170.778,119.609,170.146,183.409,168.090,129.214,178.935,180.103,177.088,345.482,0.1022,0.0000,0.0978,0.9153,0.00,0.00,0.00,0.00
1103.00,180.000,180.000,170.000,175.000,174.079,184.037,170.760,119.673,170.128,183.392,168.066,129.263,178.989,180.084,177.072,345.524,0.1025,0.0000,0.0979,0.9153,0.00,0.00,0.00,0.00
1104.00,180.000,180.000,170.000,175.000,174.053,184.033,170.742,119.736,170.110,183.375,168.042,129.312,179.036,180.064,177.055,345.565,0.1027,0.0000,0.0980,0.9153,0.00,0.00,0.00,0.00
1105.00,180.000,180.000,170.000,175.000,174.026,184.029,170.724,119.800,170.093,183.358,168.018,129.362,179.079,180.045,177.055,345.606,0.1030,0.0000,0.0981,0.9153,0.00,0.00,0.00,0.00
1106.00,180.000,180.000,170.000,175.000,174.000,184.024,170.706,119.864,170.076,183.341,167.995,129.411,179.117,180.025,177.068,345.647,0.1033,0.0000,0.0981,0.9153,0.00,0.00,0.00,0.00
1107.00,180.000,180.000,170.000,175.000,173.974,184.020,170.688,119.927,170.059,183.324,167.971,129.460,179.150,180.006,177.078,345.688,0.1036,0.0000,0.0982,0.9153,0.00,0.00,0.00,0.00
1108.00,180.000,180.000,170.000,175.000,173.948,184.015,170.670,119.991,170.042,183.307,167.947,129.509,179.180,179.986,177.086,345.729,0.1038,0.0000,0.0983,0.9153,0.00,0.00,0.00,0.00
1109.00,180.000,180.000,170.000,175.000,173.922,184.010,170.652,120.054,170.025,183.289,167.924,129.559,179.223,179.967,177.091,345.770,0.1041,0.0000,0.0983,0.9153,0.00,0.00,0.00,0.00
1110.00,180.000,180.000,170.000,175.000,173.896,184.005,170.634,120.117,170.009,183.272,167.900,129.608,179.277,179.948,177.094,345.811,0.1044,0.0000,0.0985,0.9153,0.00,0.00,0.00,0.00
1111.00,180.000,180.000,170.000,175.000,173.870,184.001,170.616,120.180,169.993,183.255,167.877,129.657,179.325,179.928,177.095,345.852,0.1047,0.0000,0.0986,0.9153,0.00,0.00,0.00,0.00
1112.00,180.000,180.000,170.000,175.000,173.845,183.996,170.598,120.243,169.977,183.238,167.854,129.706,179.368,179.909,177.094,345.893,0.1049,0.0000,0.0986,0.9153,0.00,0.00,0.00,0.00
1113.00,180.000,180.000,170.000,175.000,173.819,183.991,170.579,120.306,169.961,183.221,167.831,129.755,179.407,179.889,177.092,345.934,0.1052,0.0000,0.0987,0.9153,0.00,0.00,0.00,0.00
1114.00,180.000,180.000,170.000,175.000,173.793,183.985,170.561,120.369,169.945,183.203,167.808,129.804,179.441,179.870,177.088,345.975,0.1055,0.0000,0.0988,0.9153,0.00,0.00,0.00,0.00
1115.00,180.000,180.000,170.000,175.000,173.768,183.980,170.543,120.432,169.930,183.186,167.785,129.852,179.471,179.851,177.082,346.015,0.1057,0.0000,0.0989,0.9153,0.00,0.00,0.00,0.00
1116.00,180.000,180.000,170.000,175.000,173.742,183.975,170.524,120.495,169.914,183.169,167.762,129.901,179.499,179.831,177.076,346.056,0.1060,0.0000,0.0990,0.9153,0.00,0.00,0.00,0.00
1117.00,180.000,180.000,170.000,175.000,173.717,183.969,170.506,120.557,169.899,183.151,167.739,129.950,179.555,179.812,177.068,346.097,0.1063,0.0000,0.0991,0.9153,0.00,0.00,0.00,0.00
1118.00,180.000,180.000,170.000,175.000,173.691,183.964,170.487,120.620,169.884,183.134,167.716,129.999,179.605,179.792,177.059,346.137,0.1066,0.0000,0.0991,0.9153,0.00,0.00,0.00,0.00
1119.00,180.000,180.000,170.000,175.000,173.666,183.958,170.469,120.682,169.869,183.117,167.693,130.047,179.650,179.773,177.050,346.178,0.1068,0.0000,0.0992,0.9153,0.00,0.00,0.00,0.00
1120.00,180.000,180.000,170.000,175.000,173.641,183.953,170.451,120.744,169.854,183.099,167.671,130.096,179.690,179.754,177.040,346.218,0.1071,0.0000,0.0993,0.9153,0.00,0.00,0.00,0.00
1121.00,180.000,180.000,170.000,175.000,173.615,183.947,170.432,120.807,169.840,183.082,167.648,130.145,179.726,179.734,177.029,346.259,0.1073,0.0000,0.0994,0.9153,0.00,0.00,0.00,0.00
1122.00,180.000,180.000,170.000,175.000,173.590,183.941,170.413,120.869,169.825,183.064,167.626,130.193,179.759,179.715,177.017,346.299,0.1076,0.0000,0.0995,0.9153,0.00,0.00,0.00,0.00
1123.00,180.000,180.000,170.000,175.000,173.565,183.936,170.395,120.931,169.811,183.047,167.603,130.242,179.787,179.696,177.005,346.340,0.1078,0.0000,0.0996,0.9153,0.00,0.00,0.00,0.00
1124.00,180.000,180.000,170.000,175.000,173.540,183.930,170.376,120.993,169.797,183.029,167.581,130.290,179.813,179.676,176.992,346.380,0.1081,0.0000,0.0997,0.9153,0.00,0.00,0.00,0.00
1125.00,180.000,180.000,170.000,175.000,173.515,183.924,170.358,121.055,169.783,183.012,167.558,130.338,179.868,179.657,176.979,346.420,0.1084,0.0000,0.0997,0.9153,0.00,0.00,0.00,0.00
1126.00,180.000,180.000,170.000,175.000,173.491,183.917,170.339,121.116,169.769,182.994,167.536,130.387,179.917,179.638,176.965,346.461,0.1086,0.0000,0.0998,0.9153,0.00,0.00,0.00,0.00
1127.00,180.000,180.000,170.000,175.000,173.466,183.911,170.320,121.178,169.756,182.977,167.514,130.435,179.961,179.618,176.951,346.501,0.1088,0.0000,0.0999,0.9153,0.00,0.00,0.00,0.00
1128.00,180.000,180.000,170.000,175.000,173.441,183.905,170.302,121.240,169.742,182.959,167.491,130.483,180.001,179.599,176.937,346.541,0.1091,0.0000,0.1000,0.9153,0.00,0.00,0.00,0.00
1129.00,180.000,180.000,170.000,175.000,173.417,183.899,170.283,121.301,169.729,182.942,167.469,130.531,180.036,179.580,176.954,346.581,0.1094,0.0000,0.1001,0.9153,0.00,0.00,0.00,0.00
1130.00,180.000,180.000,170.000,175.000,173.392,183.892,170.264,121.363,169.716,182.924,167.447,130.579,180.068,179.560,176.968,346.621,0.1096,0.0000,0.1002,0.9153,0.00,0.00,0.00,0.00
1131.00,180.000,180.000,170.000,175.000,173.368,183.886,170.246,121.424,169.703,182.907,167.425,130.628,180.096,179.541,176.979,346.661,0.1099,0.0000,0.1003,0.9153,0.00,0.00,0.00,0.00
1132.00,180.000,180.000,170.000,175.000,173.343,183.879,170.227,121.485,169.690,182.889,167.403,130.676,180.122,179.522,176.987,346.701,0.1101,0.0000,0.1004,0.9153,0.00,0.00,0.00,0.00
1133.00,180.000,180.000,170.000,175.000,173.319,183.873,170.208,121.546,169.678,182.872,167.382,130.724,180.176,179.502,176.993,346.741,0.1104,0.0000,0.1005,0.9153,0.00,0.00,0.00,0.00
1134.00,180.000,180.000,170.000,175.000,173.295,183.866,170.189,121.607,169.665,182.854,167.360,130.772,180.225,179.483,176.997,346.781,0.1106,0.0000,0.1006,0.9153,0.00,0.00,0.00,0.00
1135.00,180.000,180.000,170.000,175.000,173.271,183.859,170.170,121.668,169.653,182.836,167.338,130.819,180.270,179.464,176.999,346.821,0.1108,0.0000,0.1006,0.9153,0.00,0.00,0.00,0.00
1136.00,180.000,180.000,170.000,175.000,173.247,183.853,170.151,121.729,169.641,182.819,167.317,130.867,180.309,179.444,176.999,346.861,0.1111,0.0000,0.1007,0.9153,0.00,0.00,0.00,0.00
1137.00,180.000,180.000,170.000,175.000,173.223,183.846,170.133,121.790,169.629,182.801,167.296,130.915,180.345,179.425,176.997,346.901,0.1114,0.0000,0.1008,0.9153,0.00,0.00,0.00,0.00
1138.00,180.000,180.000,170.000,175.000,173.199,183.839,170.114,121.851,169.617,182.783,167.274,130.963,180.377,179.406,176.994,346.941,0.1116,0.0000,0.1009,0.9153,0.00,0.00,0.00,0.00
1139.00,180.000,180.000,170.000,175.000,173.175,183.832,170.095,121.911,169.606,182.766,167.253,131.011,180.406,179.387,176.990,346.980,0.1118,0.0000,0.1010,0.9153,0.00,0.00,0.00,0.00
1140.00,180.000,180.000,170.000,175.000,173.151,183.824,170.076,121.972,169.594,182.748,167.232,131.058,180.432,179.367,176.984,347.020,0.1120,0.0000,0.1011,0.9153,0.00,0.00,0.00,0.00
1141.00,180.000,180.000,170.000,175.000,173.127,183.817,170.057,122.032,169.583,182.730,167.210,131.106,180.487,179.348,176.978,347.060,0.1123,0.0000,0.1012,0.9153,0.00,0.00,0.00,0.00
1142.00,180.000,180.000,170.000,175.000,173.104,183.810,170.038,122.093,169.571,182.712,167.189,131.154,180.536,179.329,176.970,347.099,0.1125,0.0000,0.1013,0.9153,0.00,0.00,0.00,0.00
1143.00,180.000,180.000,170.000,175.000,173.080,183.803,170.019,122.153,169.560,182.695,167.168,131.201,180.581,179.310,176.962,347.139,0.1128,0.0000,0.1014,0.9153,0.00,0.00,0.00,0.00
1144.00,180.000,180.000,170.000,175.000,173.057,183.795,170.000,122.213,169.549,182.677,167.147,131.249,180.621,179.290,176.952,347.178,0.1130,0.0000,0.1015,0.9153,0.00,0.00,0.00,0.00
1145.00,180.000,180.000,170.000,175.000,173.034,183.788,169.981,122.273,169.539,182.659,167.126,131.296,180.658,179.271,176.942,347.218,0.1132,0.0000,0.1016,0.9153,0.00,0.00,0.00,0.00
1146.00,180.000,180.000,170.000,175.000,173.010,183.780,169.962,122.333,169.528,182.641,167.105,131.344,180.690,179.252,176.932,347.257,0.1135,0.0000,0.1016,0.9153,0.00,0.00,0.00,0.00
1147.00,180.000,180.000,170.000,175.000,172.987,183.773,169.943,122.393,169.518,182.623,167.085,131.391,180.720,179.233,176.921,347.297,0.1137,0.0000,0.1017,0.9153,0.00,0.00,0.00,0.00
1148.00,180.000,180.000,170.000,175.000,172.964,183.765,169.924,122.453,169.507,182.606,167.064,131.438,180.746,179.214,176.909,347.336,0.1139,0.0000,0.1018,0.9153,0.00,0.00,0.00,0.00
1149.00,180.000,180.000,170.000,175.000,172.941,183.757,169.905,122.513,169.497,182.588,167.043,131.486,180.786,179.194,176.897,347.376,0.1141,0.0000,0.1019,0.9153,0.00,0.00,0.00,0.00
1150.00,180.000,180.000,170.000,175.000,172.918,183.750,169.886,122.573,169.487,182.570,167.022,131.533,180.838,179.175,176.884,347.415,0.1144,0.0000,0.1020,0.9153,0.00,0.00,0.00,0.00
1151.00,180.000,180.000,170.000,175.000,172.895,183.742,169.867,122.632,169.477,182.552,167.002,131.580,180.885,179.156,176.904,347.454,0.1146,0.0000,0.1021,0.9153,0.00,0.00,0.00,0.00
1152.00,180.000,180.000,170.000,175.000,172.873,183.734,169.848,122.692,169.467,182.534,166.981,131.627,180.927,179.137,176.919,347.493,0.1148,0.0000,0.1022,0.9153,0.00,0.00,0.00,0.00
1153.00,180.000,180.000,170.000,175.000,172.850,183.726,169.829,122.751,169.458,182.516,166.961,131.674,180.965,179.118,176.932,347.533,0.1150,0.0000,0.1023,0.9153,0.00,0.00,0.00,0.00
1154.00,180.000,180.000,170.000,175.000,172.828,183.718,169.810,122.811,169.448,182.498,166.941,131.722,180.999,179.099,176.942,347.572,0.1153,0.0000,0.1024,0.9153,0.00,0.00,0.00,0.00
1155.00,180.000,180.000,170.000,175.000,172.805,183.710,169.791,122.870,169.439,182.480,166.920,131.769,181.030,179.079,176.949,347.611,0.1155,0.0000,0.1025,0.9153,0.00,0.00,0.00,0.00
1156.00,180.000,180.000,170.000,175.000,172.783,183.701,169.771,122.929,169.430,182.462,166.900,131.816,181.058,179.060,176.955,347.650,0.1157,0.0000,0.1026,0.9153,0.00,0.00,0.00,0.00
1157.00,180.000,180.000,170.000,175.000,172.760,183.693,169.752,122.988,169.421,182.444,166.880,131.863,181.084,179.041,176.958,347.689,0.1159,0.0000,0.1027,0.9153,0.00,0.00,0.00,0.00
1158.00,180.000,180.000,170.000,175.000,172.738,183.685,169.733,123.047,169.412,182.426,166.860,131.910,181.123,179.022,176.959,347.728,0.1162,0.0000,0.1028,0.9153,0.00,0.00,0.00,0.00
1159.00,180.000,180.000,170.000,175.000,172.716,183.676,169.714,123.106,169.403,182.409,166.840,131.956,181.174,179.003,176.959,347.767,0.1164,0.0000,0.1029,0.9153,0.00,0.00,0.00,0.00
1160.00,180.000,180.000,170.000,175.000,172.694,183.668,169.695,123.165,169.395,182.391,166.820,132.003,181.220,178.984,176.957,347.806,0.1166,0.0000,0.1030,0.9153,0.00,0.00,0.00,0.00
1161.00,180.000,180.000,170.000,175.000,172.672,183.659,169.676,123.224,169.386,182.373,166.801,132.050,181.262,178.965,176.954,347.845,0.1168,0.0000,0.1031,0.9153,0.00,0.00,0.00,0.00
1162.00,180.000,180.000,170.000,175.000,172.650,183.651,169.657,123.283,169.378,182.355,166.781,132.097,181.299,178.946,176.950,347.884,0.1170,0.0000,0.1031,0.9153,0.00,0.00,0.00,0.00
1163.00,180.000,180.000,170.000,175.000,172.629,183.642,169.638,123.341,169.370,182.337,166.761,132.144,181.333,178.927,176.945,347.923,0.1172,0.0000,0.1032,0.9153,0.00,0.00,0.00,0.00
1164.00,180.000,180.000,170.000,175.000,172.607,183.633,169.618,123.400,169.362,182.319,166.742,132.190,181.364,178.908,176.938,347.961,0.1175,0.0000,0.1034,0.9153,0.00,0.00,0.00,0.00
1165.00,180.000,180.000,170.000,175.000,172.585,183.625,169.599,123.458,169.354,182.300,166.722,132.237,181.392,178.889,176.931,348.000,0.1177,0.0000,0.1035,0.9153,0.00,0.00,0.00,0.00
1166.00,180.000,180.000,170.000,175.000,172.564,183.616,169.580,123.517,169.346,182.282,166.703,132.284,181.417,178.869,176.923,348.039,0.1179,0.0000,0.1035,0.9153,0.00,0.00,0.00,0.00
1167.00,180.000,180.000,170.000,175.000,172.542,183.607,169.561,123.575,169.338,182.264,166.683,132.330,181.440,178.850,176.915,348.078,0.1181,0.0000,0.1036,0.9153,0.00,0.00,0.00,0.00
1168.00,180.000,180.000,170.000,175.000,172.521,183.598,169.542,123.633,169.331,182.246,166.664,132.377,181.493,178.831,176.905,348.116,0.1183,0.0000,0.1037,0.9153,0.00,0.00,0.00,0.00
1169.00,180.000,180.000,170.000,175.000,172.500,183.589,169.523,123.691,169.323,182.228,166.644,132.423,181.541,178.812,176.895,348.155,0.1185,0.0000,0.1038,0.9153,0.00,0.00,0.00,0.00
1170.00,180.000,180.000,170.000,175.000,172.479,183.580,169.504,123.750,169.316,182.210,166.625,132.470,181.584,178.793,176.885,348.193,0.1187,0.0000,0.1039,0.9153,0.00,0.00,0.00,0.00
1171.00,180.000,180.000,170.000,175.000,172.458,183.571,169.484,123.808,169.309,182.192,166.606,132.516,181.623,178.774,176.874,348.232,0.1189,0.0000,0.1040,0.9153,0.00,0.00,0.00,0.00
1172.00,180.000,180.000,170.000,175.000,172.437,183.562,169.465,123.866,169.302,182.174,166.587,132.562,181.659,178.755,176.895,348.271,0.1191,0.0000,0.1041,0.9153,0.00,0.00,0.00,0.00
1173.00,180.000,180.000,170.000,175.000,172.416,183.552,169.446,123.923,169.295,182.156,166.568,132.609,181.691,178.736,176.912,348.309,0.1193,0.0000,0.1042,0.9153,0.00,0.00,0.00,0.00
1174.00,180.000,180.000,170.000,175.000,172.395,183.543,169.427,123.981,169.288,182.138,166.549,132.655,181.720,178.718,176.926,348.347,0.1195,0.0000,0.1043,0.9153,0.00,0.00,0.00,0.00
1175.00,180.000,180.000,170.000,175.000,172.375,183.534,169.408,124.039,169.282,182.120,166.530,132.701,181.747,178.699,176.937,348.386,0.1197,0.0000,0.1044,0.9153,0.00,0.00,0.00,0.00
1176.00,180.000,180.000,170.000,175.000,172.354,183.524,169.389,124.097,169.275,182.101,166.511,132.748,181.771,178.680,176.946,348.424,0.1199,0.0000,0.1045,0.9153,0.00,0.00,0.00,0.00
1177.00,180.000,180.000,170.000,175.000,172.334,183.515,169.369,124.154,169.269,182.083,166.492,132.794,181.809,178.661,176.953,348.463,0.1201,0.0000,0.1046,0.9153,0.00,0.00,0.00,0.00
1178.00,180.000,180.000,170.000,175.000,172.313,183.505,169.350,124.212,169.263,182.065,166.474,132.840,181.859,178.642,176.957,348.501,0.1203,0.0000,0.1047,0.9153,0.00,0.00,0.00,0.00
1179.00,180.000,180.000,170.000,175.000,172.293,183.496,169.331,124.269,169.257,182.047,166.455,132.886,181.905,178.623,176.960,348.539,0.1205,0.0000,0.1048,0.9153,0.00,0.00,0.00,0.00
1180.00,180.000,180.000,170.000,175.000,172.273,183.486,169.312,124.326,169.251,182.029,166.436,132.932,181.947,178.604,176.961,348.577,0.1207,0.0000,0.1049,0.9153,0.00,0.00,0.00,0.00
1181.00,180.000,180.000,170.000,175.000,172.253,183.476,169.293,124.384,169.245,182.011,166.418,132.978,181.984,178.585,176.961,348.616,0.1208,0.0000,0.1050,0.9153,0.00,0.00,0.00,0.00
1182.00,180.000,180.000,170.000,175.000,172.233,183.467,169.274,124.441,169.239,181.992,166.400,133.024,182.019,178.566,176.959,348.654,0.1211,0.0000,0.1051,0.9153,0.00,0.00,0.00,0.00
1183.00,180.000,180.000,170.000,175.000,172.213,183.457,169.255,124.498,169.233,181.974,166.381,133.070,182.050,178.547,176.956,348.692,0.1213,0.0000,0.1052,0.9153,0.00,0.00,0.00,0.00
1184.00,180.000,180.000,170.000,175.000,172.193,183.447,169.235,124.555,169.228,181.956,166.363,133.116,182.078,178.529,176.951,348.730,0.1215,0.0000,0.1053,0.9153,0.00,0.00,0.00,0.00
1185.00,180.000,180.000,170.000,175.000,172.173,183.437,169.216,124.612,169.223,181.938,166.345,133.162,182.104,178.510,176.946,348.768,0.1217,0.0000,0.1054,0.9153,0.00,0.00,0.00,0.00
1186.00,180.000,180.000,170.000,175.000,172.154,183.427,169.197,124.669,169.217,181.920,166.327,133.208,182.128,178.491,176.940,348.806,0.1218,0.0000,0.1055,0.9153,0.00,0.00,0.00,0.00
1187.00,180.000,180.000,170.000,175.000,172.134,183.417,169.178,124.726,169.212,181.901,166.309,133.254,182.149,178.472,176.933,348.844,0.1220,0.0000,0.1056,0.9153,0.00,0.00,0.00,0.00
1188.00,180.000,180.000,170.000,175.000,172.115,183.407,169.159,124.782,169.207,181.883,166.291,133.299,182.201,178.453,176.926,348.882,0.1222,0.0000,0.1057,0.9153,0.00,0.00,0.00,0.00
1189.00,180.000,180.000,170.000,175.000,172.095,183.397,169.140,124.839,169.202,181.865,166.272,133.345,182.248,178.434,176.918,348.920,0.1224,0.0000,0.1058,0.9153,0.00,0.00,0.00,0.00
1190.00,180.000,180.000,170.000,175.000,172.076,183.386,169.121,124.896,169.197,181.847,166.255,133.391,182.290,178.416,176.909,348.958,0.1226,0.0000,0.1059,0.9153,0.00,0.00,0.00,0.00
1191.00,180.000,180.000,170.000,175.000,172.057,183.376,169.102,124.952,169.193,181.828,166.237,133.437,182.329,178.397,176.899,348.996,0.1227,0.0000,0.1060,0.9153,0.00,0.00,0.00,0.00
1192.00,180.000,180.000,170.000,175.000,172.038,183.366,169.083,125.009,169.188,181.810,166.219,133.482,182.364,178.378,176.906,349.034,0.1229,0.0000,0.1061,0.9153,0.00,0.00,0.00,0.00
1193.00,180.000,180.000,170.000,175.000,172.019,183.355,169.064,125.065,169.184,181.792,166.201,133.528,182.397,178.359,176.926,349.072,0.1231,0.0000,0.1061,0.9153,0.00,0.00,0.00,0.00
1194.00,180.000,180.000,170.000,175.000,172.000,183.345,169.045,125.121,169.180,181.774,166.183,133.573,182.426,178.341,176.943,349.109,0.1233,0.0000,0.1062,0.9153,0.00,0.00,0.00,0.00
1195.00,180.000,180.000,170.000,175.000,171.981,183.335,169.026,125.177,169.175,181.755,166.166,133.619,182.453,178.322,176.957,349.147,0.1235,0.0000,0.1064,0.9153,0.00,0.00,0.00,0.00
1196.00,180.000,180.000,170.000,175.000,171.963,183.324,169.007,125.234,169.171,181.737,166.148,133.664,182.477,178.303,176.968,349.185,0.1236,0.0000,0.1065,0.9153,0.00,0.00,0.00,0.00
1197.00,180.000,180.000,170.000,175.000,171.944,183.313,168.988,125.290,169.167,181.719,166.131,133.710,182.500,178.285,176.977,349.222,0.1238,0.0000,0.1066,0.9153,0.00,0.00,0.00,0.00
1198.00,180.000,180.000,170.000,175.000,171.926,183.303,168.969,125.346,169.163,181.701,166.113,133.755,182.520,178.266,176.984,349.260,0.1240,0.0000,0.1066,0.9153,0.00,0.00,0.00,0.00
1199.00,180.000,180.000,170.000,175.000,171.907,183.292,168.950,125.402,169.160,181.682,166.096,133.801,182.571,178.247,176.989,349.298,0.1242,0.0000,0.1067,0.9153,0.00,0.00,0.00,0.00
1200.00,180.000,180.000,170.000,175.000,171.889,183.281,168.931,125.458,169.156,181.664,166.079,133.846,182.618,178.229,176.992,349.335,0.1244,0.0000,0.1069,0.9153,0.00,0.00,0.00,0.00
1201.00,180.000,180.000,170.000,175.000,171.871,183.271,168.912,125.513,169.153,181.646,166.062,133.891,182.660,178.210,176.993,349.373,0.1245,0.0000,0.1070,0.9153,0.00,0.00,0.00,0.00
1202.00,180.000,180.000,170.000,175.000,171.853,183.260,168.893,125.569,169.149,181.627,166.045,133.937,182.699,178.191,176.993,349.410,0.1246,0.0000,0.1071,0.9153,0.00,0.00,0.00,0.00
1203.00,180.000,180.000,170.000,175.000,171.835,183.249,168.874,125.625,169.146,181.609,166.028,133.982,182.734,178.173,176.991,349.448,0.1249,0.0000,0.1071,0.9153,0.00,0.00,0.00,0.00
1204.00,180.000,180.000,170.000,175.000,171.817,183.238,168.855,125.680,169.143,181.591,166.011,134.027,182.766,178.154,176.989,349.485,0.1250,0.0000,0.1072,0.9153,0.00,0.00,0.00,0.00
1205.00,180.000,180.000,170.000,175.000,171.799,183.227,168.836,125.736,169.140,181.572,165.994,134.072,182.795,178.135,176.985,349.523,0.1252,0.0000,0.1073,0.9153,0.00,0.00,0.00,0.00
1206.00,180.000,180.000,170.000,175.000,171.782,183.216,168.817,125.791,169.137,181.554,165.977,134.117,182.822,178.117,176.981,349.560,0.1254,0.0000,0.1074,0.9153,0.00,0.00,0.00,0.00
1207.00,180.000,180.000,170.000,175.000,171.764,183.205,168.798,125.847,169.134,181.536,165.960,134.163,182.847,178.098,176.975,349.598,0.1255,0.0000,0.1075,0.9152,0.00,0.00,0.00,0.00
1208.00,180.000,180.000,170.000,175.000,171.747,183.194,168.779,125.902,169.131,181.517,165.943,134.208,182.869,178.080,176.969,349.635,0.1256,0.0000,0.1076,0.9152,0.00,0.00,0.00,0.00
1209.00,180.000,180.000,170.000,175.000,171.729,183.183,168.760,125.957,169.128,181.499,165.926,134.253,182.890,178.061,176.962,349.672,0.1258,0.0000,0.1077,0.9152,0.00,0.00,0.00,0.00
1210.00,180.000,180.000,170.000,175.000,171.712,183.171,168.741,126.013,169.126,181.481,165.910,134.298,182.910,178.043,176.955,349.710,0.1260,0.0000,0.1078,0.9152,0.00,0.00,0.00,0.00
1211.00,180.000,180.000,170.000,175.000,171.695,183.160,168.723,126.068,169.123,181.462,165.893,134.343,182.959,178.024,176.947,349.747,0.1262,0.0000,0.1079,0.9152,0.00,0.00,0.00,0.00
1212.00,180.000,180.000,170.000,175.000,171.678,183.149,168.704,126.123,169.121,181.444,165.877,134.388,183.005,178.006,176.938,349.784,0.1263,0.0000,0.1080,0.9152,0.00,0.00,0.00,0.00
1213.00,180.000,180.000,170.000,175.000,171.661,183.138,168.685,126.178,169.119,181.426,165.860,134.433,183.046,177.987,176.961,349.821,0.1264,0.0000,0.1081,0.9152,0.00,0.00,0.00,0.00
1214.00,180.000,180.000,170.000,175.000,171.644,183.126,168.666,126.233,169.117,181.407,165.844,134.477,183.084,177.969,176.980,349.858,0.1266,0.0000,0.1082,0.9152,0.00,0.00,0.00,0.00
1215.00,180.000,180.000,170.000,175.000,171.627,183.115,168.647,126.288,169.115,181.389,165.827,134.522,183.119,177.950,176.997,349.896,0.1268,0.0000,0.1083,0.9152,0.00,0.00,0.00,0.00
1216.00,180.000,180.000,170.000,175.000,171.610,183.103,168.629,126.342,169.113,181.371,165.811,134.567,183.150,177.932,177.010,349.933,0.1270,0.0000,0.1084,0.9152,0.00,0.00,0.00,0.00
1217.00,180.000,180.000,170.000,175.000,171.594,183.092,168.610,126.397,169.111,181.352,165.795,134.612,183.180,177.913,177.021,349.970,0.1271,0.0000,0.1085,0.9152,0.00,0.00,0.00,0.00
1218.00,180.000,180.000,170.000,175.000,171.577,183.080,168.591,126.452,169.109,181.334,165.779,134.657,183.206,177.895,177.030,350.007,0.1273,0.0000,0.1086,0.9152,0.00,0.00,0.00,0.00
1219.00,180.000,180.000,170.000,175.000,171.561,183.068,168.572,126.506,169.107,181.316,165.763,134.701,183.231,177.877,177.037,350.044,0.1274,0.0000,0.1087,0.9152,0.00,0.00,0.00,0.00
1220.00,180.000,180.000,170.000,175.000,171.544,183.057,168.554,126.561,169.106,181.297,165.747,134.746,183.254,177.858,177.042,350.081,0.1275,0.0000,0.1088,0.9152,0.00,0.00,0.00,0.00
1221.00,180.000,180.000,170.000,175.000,171.528,183.045,168.535,126.615,169.104,181.279,165.731,134.791,183.275,177.840,177.045,350.118,0.1277,0.0000,0.1089,0.9152,0.00,0.00,0.00,0.00
1222.00,180.000,180.000,170.000,175.000,171.512,183.033,168.516,126.670,169.103,181.261,165.715,134.835,183.294,177.821,177.046,350.155,0.1279,0.0000,0.1090,0.9152,0.00,0.00,0.00,0.00
1223.00,180.000,180.000,170.000,175.000,171.496,183.021,168.498,126.724,169.102,181.242,165.699,134.880,183.312,177.803,177.047,350.192,0.1280,0.0000,0.1091,0.9152,0.00,0.00,0.00,0.00
1224.00,180.000,180.000,170.000,175.000,171.480,183.010,168.479,126.778,169.100,181.224,165.683,134.925,183.361,177.785,177.046,350.228,0.1282,0.0000,0.1092,0.9152,0.00,0.00,0.00,0.00
1225.00,180.000,180.000,170.000,175.000,171.464,182.998,168.460,126.832,169.099,181.206,165.668,134.969,183.405,177.767,177.043,350.265,0.1283,0.0000,0.1093,0.9152,0.00,0.00,0.00,0.00
1226.00,180.000,180.000,170.000,175.000,171.449,182.986,168.442,126.887,169.098,181.187,165.652,135.014,183.446,177.748,177.040,350.302,0.1284,0.0000,0.1094,0.9152,0.00,0.00,0.00,0.00
1227.00,180.000,180.000,170.000,175.000,171.433,182.974,168.423,126.941,169.098,181.169,165.636,135.058,183.483,177.730,177.036,350.339,0.1286,0.0000,0.1095,0.9152,0.00,0.00,0.00,0.00
1228.00,180.000,180.000,170.000,175.000,171.417,182.962,168.405,126.995,169.097,181.150,165.621,135.102,183.517,177.712,177.031,350.376,0.1288,0.0000,0.1096,0.9152,0.00,0.00,0.00,0.00
1229.00,180.000,180.000,170.000,175.000,171.402,182.950,168.386,127.049,169.096,181.132,165.605,135.147,183.549,177.693,177.026,350.412,0.1289,0.0000,0.1097,0.9152,0.00,0.00,0.00,0.00
1230.00,180.000,180.000,170.000,175.000,171.387,182.938,168.368,127.103,169.096,181.114,165.590,135.191,183.578,177.675,177.019,350.449,0.1290,0.0000,0.1098,0.9152,0.00,0.00,0.00,0.00
1231.00,180.000,180.000,170.000,175.000,171.372,182.925,168.349,127.156,169.095,181.095,165.574,135.236,183.605,177.657,177.013,350.486,0.1291,0.0000,0.1098,0.9152,0.00,0.00,0.00,0.00
1232.00,180.000,180.000,170.000,175.000,171.356,182.913,168.331,127.210,169.095,181.077,165.559,135.280,183.629,177.639,177.005,350.522,0.1292,0.0000,0.1100,0.9152,0.00,0.00,0.00,0.00
1233.00,180.000,180.000,170.000,175.000,171.341,182.901,168.312,127.264,169.094,181.059,165.544,135.324,183.652,177.621,177.014,350.559,0.1294,0.0000,0.1101,0.9152,0.00,0.00,0.00,0.00
1234.00,180.000,180.000,170.000,175.000,171.326,182.889,168.294,127.317,169.094,181.040,165.528,135.368,183.673,177.602,177.036,350.596,0.1296,0.0000,0.1102,0.9152,0.00,0.00,0.00,0.00
1235.00,180.000,180.000,170.000,175.000,171.312,182.876,168.276,127.371,169.094,181.022,165.513,135.413,183.693,177.584,177.055,350.632,0.1297,0.0000,0.1102,0.9152,0.00,0.00,0.00,0.00
1236.00,180.000,180.000,170.000,175.000,171.297,182.864,168.257,127.425,169.094,181.003,165.498,135.457,183.711,177.566,177.070,350.669,0.1299,0.0000,0.1103,0.9152,0.00,0.00,0.00,0.00
1237.00,180.000,180.000,170.000,175.000,171.282,182.852,168.239,127.478,169.094,180.985,165.483,135.501,183.728,177.548,177.084,350.705,0.1300,0.0000,0.1104,0.9152,0.00,0.00,0.00,0.00
1238.00,180.000,180.000,170.000,175.000,171.268,182.839,168.220,127.531,169.094,180.967,165.468,135.545,183.760,177.530,177.094,350.742,0.1301,0.0000,0.1105,0.9152,0.00,0.00,0.00,0.00
1239.00,180.000,180.000,170.000,175.000,171.253,182.827,168.202,127.585,169.094,180.948,165.453,135.589,183.806,177.512,177.103,350.778,0.1302,0.0000,0.1106,0.9152,0.00,0.00,0.00,0.00
1240.00,180.000,180.000,170.000,175.000,171.239,182.814,168.184,127.638,169.094,180.930,165.439,135.633,183.847,177.494,177.110,350.815,0.1303,0.0000,0.1107,0.9152,0.00,0.00,0.00,0.00
1241.00,180.000,180.000,170.000,175.000,171.225,182.802,168.166,127.691,169.095,180.912,165.424,135.677,183.885,177.475,177.115,350.851,0.1305,0.0000,0.1108,0.9152,0.00,0.00,0.00,0.00
1242.00,180.000,180.000,170.000,175.000,171.210,182.789,168.147,127.744,169.095,180.893,165.409,135.721,183.920,177.457,177.118,350.887,0.1306,0.0000,0.1109,0.9152,0.00,0.00,0.00,0.00
1243.00,180.000,180.000,170.000,175.000,171.196,182.776,168.129,127.797,169.096,180.875,165.395,135.765,183.953,177.439,177.120,350.924,0.1308,0.0000,0.1110,0.9152,0.00,0.00,0.00,0.00
1244.00,180.000,180.000,170.000,175.000,171.182,182.764,168.111,127.850,169.096,180.857,165.380,135.809,183.982,177.421,177.120,350.960,0.1309,0.0000,0.1111,0.9152,0.00,0.00,0.00,0.00
1245.00,180.000,180.000,170.000,175.000,171.169,182.751,168.093,127.903,169.097,180.838,165.365,135.853,184.010,177.403,177.119,350.996,0.1310,0.0000,0.1112,0.9152,0.00,0.00,0.00,0.00
1246.00,180.000,180.000,170.000,175.000,171.155,182.738,168.075,127.956,169.098,180.820,165.351,135.897,184.035,177.385,177.118,351.033,0.1311,0.0000,0.1113,0.9152,0.00,0.00,0.00,0.00
1247.00,180.000,180.000,170.000,175.000,171.141,182.726,168.056,128.009,169.099,180.801,165.337,135.941,184.059,177.367,177.115,351.069,0.1312,0.0000,0.1114,0.9152,0.00,0.00,0.00,0.00
1248.00,180.000,180.000,170.000,175.000,171.128,182.713,168.038,128.062,169.100,180.783,165.322,135.985,184.081,177.349,177.111,351.105,0.1314,0.0000,0.1115,0.9152,0.00,0.00,0.00,0.00
1249.00,180.000,180.000,170.000,175.000,171.114,182.700,168.020,128.115,169.101,180.765,165.308,136.028,184.101,177.331,177.107,351.141,0.1315,0.0000,0.1116,0.9152,0.00,0.00,0.00,0.00
1250.00,180.000,180.000,170.000,175.000,171.101,182.687,168.002,128.167,169.102,180.746,165.294,136.072,184.120,177.313,177.102,351.177,0.1316,0.0000,0.1117,0.9152,0.00,0.00,0.00,0.00
1251.00,180.000,180.000,170.000,175.000,171.087,182.674,167.984,128.220,169.103,180.728,165.279,136.116,184.138,177.296,177.096,351.213,0.1317,0.0000,0.1118,0.9152,0.00,0.00,0.00,0.00
1252.00,180.000,180.000,170.000,175.000,171.074,182.661,167.966,128.272,169.104,180.710,165.265,136.160,184.155,177.278,177.090,351.250,0.1318,0.0000,0.1119,0.9152,0.00,0.00,0.00,0.00
1253.00,180.000,180.000,170.000,175.000,171.061,182.648,167.948,128.325,169.106,180.691,165.251,136.203,184.171,177.260,177.083,351.286,0.1319,0.0000,0.1119,0.9152,0.00,0.00,0.00,0.00
1254.00,180.000,180.000,170.000,175.000,171.048,182.635,167.930,128.377,169.107,180.673,165.237,136.247,184.186,177.242,177.092,351.322,0.1320,0.0000,0.1121,0.9152,0.00,0.00,0.00,0.00
1255.00,180.000,180.000,170.000,175.000,171.035,182.622,167.912,128.430,169.108,180.655,165.223,136.290,184.232,177.224,177.115,351.358,0.1322,0.0000,0.1122,0.9152,0.00,0.00,0.00,0.00
1256.00,180.000,180.000,170.000,175.000,171.023,182.609,167.895,128.482,169.110,180.636,165.209,136.334,184.274,177.206,177.135,351.394,0.1323,0.0000,0.1123,0.9152,0.00,0.00,0.00,0.00
1257.00,180.000,180.000,170.000,175.000,171.010,182.596,167.877,128.534,169.112,180.618,165.195,136.378,184.313,177.188,177.151,351.430,0.1324,0.0000,0.1123,0.9152,0.00,0.00,0.00,0.00
1258.00,180.000,180.000,170.000,175.000,170.997,182.583,167.859,128.586,169.113,180.600,165.181,136.421,184.349,177.171,177.165,351.466,0.1325,0.0000,0.1124,0.9152,0.00,0.00,0.00,0.00
1259.00,180.000,180.000,170.000,175.000,170.985,182.569,167.841,128.638,169.115,180.581,165.167,136.465,184.382,177.153,177.177,351.502,0.1326,0.0000,0.1125,0.9152,0.00,0.00,0.00,0.00
1260.00,180.000,180.000,170.000,175.000,170.972,182.556,167.823,128.691,169.117,180.563,165.154,136.508,184.412,177.135,177.186,351.537,0.1327,0.0000,0.1126,0.9152,0.00,0.00,0.00,0.00
1261.00,180.000,180.000,170.000,175.000,170.960,182.543,167.805,128.743,169.119,180.545,165.140,136.552,184.440,177.117,177.194,351.573,0.1328,0.0000,0.1127,0.9152,0.00,0.00,0.00,0.00
1262.00,180.000,180.000,170.000,175.000,170.948,182.530,167.788,128.794,169.121,180.526,165.126,136.595,184.467,177.100,177.199,351.609,0.1329,0.0000,0.1128,0.9152,0.00,0.00,0.00,0.00
1263.00,180.000,180.000,170.000,175.000,170.936,182.516,167.770,128.846,169.123,180.508,165.113,136.638,184.491,177.082,177.203,351.645,0.1331,0.0000,0.1129,0.9152,0.00,0.00,0.00,0.00
1264.00,180.000,180.000,170.000,175.000,170.924,182.503,167.752,128.898,169.125,180.490,165.099,136.682,184.514,177.064,177.206,351.681,0.1332,0.0000,0.1130,0.9152,0.00,0.00,0.00,0.00
1265.00,180.000,180.000,170.000,175.000,170.912,182.489,167.735,128.950,169.128,180.472,165.086,136.725,184.535,177.046,177.207,351.716,0.1333,0.0000,0.1131,0.9152,0.00,0.00,0.00,0.00
1266.00,180.000,180.000,170.000,175.000,170.900,182.476,167.717,129.002,169.130,180.453,165.073,136.768,184.555,177.029,177.207,351.752,0.1334,0.0000,0.1132,0.9152,0.00,0.00,0.00,0.00
1267.00,180.000,180.000,170.000,175.000,170.888,182.463,167.699,129.053,169.132,180.435,165.059,136.812,184.573,177.011,177.206,351.788,0.1335,0.0000,0.1133,0.9152,0.00,0.00,0.00,0.00
1268.00,180.000,180.000,170.000,175.000,170.876,182.449,167.682,129.105,169.135,180.417,165.046,136.855,184.591,176.993,177.204,351.824,0.1336,0.0000,0.1134,0.9152,0.00,0.00,0.00,0.00
1269.00,180.000,180.000,170.000,175.000,170.865,182.436,167.664,129.157,169.137,180.398,165.033,136.898,184.607,176.976,177.202,351.859,0.1337,0.0000,0.1135,0.9152,0.00,0.00,0.00,0.00
1270.00,180.000,180.000,170.000,175.000,170.853,182.422,167.647,129.208,169.140,180.380,165.020,136.941,184.623,176.958,177.198,351.895,0.1337,0.0000,0.1135,0.9152,0.00,0.00,0.00,0.00
1271.00,180.000,180.000,170.000,175.000,170.842,182.408,167.629,129.260,169.143,180.362,165.006,136.984,184.638,176.941,177.194,351.931,0.1338,0.0000,0.1137,0.9152,0.00,0.00,0.00,0.00
1272.00,180.000,180.000,170.000,175.000,170.831,182.395,167.612,129.311,169.145,180.344,164.993,137.027,184.652,176.923,177.189,351.966,0.1340,0.0000,0.1138,0.9152,0.00,0.00,0.00,0.00
1273.00,180.000,180.000,170.000,175.000,170.819,182.381,167.594,129.362,169.148,180.325,164.980,137.071,184.682,176.905,177.184,352.002,0.1341,0.0000,0.1138,0.9152,0.00,0.00,0.00,0.00
1274.00,180.000,180.000,170.000,175.000,170.808,182.367,167.577,129.414,169.151,180.307,164.967,137.114,184.725,176.888,177.178,352.037,0.1342,0.0000,0.1139,0.9152,0.00,0.00,0.00,0.00
1275.00,180.000,180.000,170.000,175.000,170.797,182.354,167.560,129.465,169.154,180.289,164.954,137.157,184.765,176.870,177.171,352.073,0.1343,0.0000,0.1140,0.9152,0.00,0.00,0.00,0.00
1276.00,180.000,180.000,170.000,175.000,170.786,182.340,167.542,129.516,169.157,180.270,164.941,137.200,184.802,176.853,177.196,352.108,0.1344,0.0000,0.1141,0.9152,0.00,0.00,0.00,0.00
1277.00,180.000,180.000,170.000,175.000,170.776,182.326,167.525,129.567,169.160,180.252,164.928,137.243,184.836,176.835,177.218,352.144,0.1345,0.0000,0.1142,0.9152,0.00,0.00,0.00,0.00
1278.00,180.000,180.000,170.000,175.000,170.765,182.312,167.508,129.618,169.163,180.234,164.916,137.286,184.867,176.818,177.237,352.179,0.1345,0.0000,0.1143,0.9152,0.00,0.00,0.00,0.00
1279.00,180.000,180.000,170.000,175.000,170.754,182.298,167.491,129.669,169.166,180.216,164.903,137.329,184.897,176.800,177.253,352.215,0.1346,0.0000,0.1144,0.9152,0.00,0.00,0.00,0.00
1280.00,180.000,180.000,170.000,175.000,170.744,182.285,167.473,129.720,169.169,180.198,164.890,137.371,184.924,176.783,177.266,352.250,0.1347,0.0000,0.1145,0.9152,0.00,0.00,0.00,0.00
1281.00,180.000,180.000,170.000,175.000,170.733,182.271,167.456,129.771,169.173,180.179,164.878,137.414,184.949,176.766,177.277,352.285,0.1348,0.0000,0.1145,0.9152,0.00,0.00,0.00,0.00
1282.00,180.000,180.000,170.000,175.000,170.723,182.257,167.439,129.822,169.176,180.161,164.865,137.457,184.973,176.748,177.286,352.321,0.1350,0.0000,0.1147,0.9152,0.00,0.00,0.00,0.00
1283.00,180.000,180.000,170.000,175.000,170.713,182.243,167.422,129.873,169.180,180.143,164.853,137.500,184.995,176.731,177.294,352.356,0.1351,0.0000,0.1148,0.9152,0.00,0.00,0.00,0.00
1284.00,180.000,180.000,170.000,175.000,170.702,182.229,167.405,129.924,169.183,180.125,164.840,137.543,185.015,176.713,177.299,352.391,0.1352,0.0000,0.1149,0.9152,0.00,0.00,0.00,0.00
1285.00,180.000,180.000,170.000,175.000,170.692,182.215,167.388,129.974,169.187,180.106,164.828,137.586,185.035,176.696,177.303,352.427,0.1352,0.0000,0.1149,0.9152,0.00,0.00,0.00,0.00
1286.00,180.000,180.000,170.000,175.000,170.682,182.201,167.371,130.025,169.191,180.088,164.816,137.628,185.053,176.679,177.306,352.462,0.1353,0.0000,0.1150,0.9152,0.00,0.00,0.00,0.00
1287.00,180.000,180.000,170.000,175.000,170.672,182.187,167.354,130.075,169.194,180.070,164.803,137.671,185.071,176.661,177.308,352.497,0.1354,0.0000,0.1151,0.9152,0.00,0.00,0.00,0.00
1288.00,180.000,180.000,170.000,175.000,170.663,182.173,167.337,130.126,169.198,180.052,164.791,137.714,185.087,176.644,177.308,352.532,0.1354,0.0000,0.1152,0.9152,0.00,0.00,0.00,0.00
1289.00,180.000,180.000,170.000,175.000,170.653,182.159,167.320,130.176,169.202,180.034,164.779,137.756,185.103,176.627,177.307,352.567,0.1355,0.0000,0.1153,0.9152,0.00,0.00,0.00,0.00
1290.00,180.000,180.000,170.000,175.000,170.643,182.144,167.303,130.227,169.206,180.016,164.767,137.799,185.118,176.610,177.306,352.602,0.1356,0.0000,0.1154,0.9152,0.00,0.00,0.00,0.00
1291.00,180.000,180.000,170.000,175.000,170.634,182.130,167.286,130.277,169.210,179.997,164.755,137.842,185.132,176.592,177.303,352.638,0.1357,0.0000,0.1155,0.9152,0.00,0.00,0.00,0.00
1292.00,180.000,180.000,170.000,175.000,170.624,182.116,167.269,130.328,169.214,179.979,164.743,137.884,185.146,176.575,177.300,352.673,0.1358,0.0000,0.1156,0.9152,0.00,0.00,0.00,0.00
1293.00,180.000,180.000,170.000,175.000,170.615,182.102,167.252,130.378,169.218,179.961,164.731,137.927,185.159,176.558,177.297,352.708,0.1359,0.0000,0.1156,0.9152,0.00,0.00,0.00,0.00
1294.00,180.000,180.000,170.000,175.000,170.606,182.088,167.236,130.428,169.222,179.943,164.719,137.969,185.172,176.541,177.292,352.743,0.1360,0.0000,0.1157,0.9152,0.00,0.00,0.00,0.00
1295.00,180.000,180.000,170.000,175.000,170.596,182.073,167.219,130.478,169.226,179.925,164.707,138.012,185.200,176.524,177.287,352.778,0.1361,0.0000,0.1158,0.9152,0.00,0.00,0.00,0.00
1296.00,180.000,180.000,170.000,175.000,170.587,182.059,167.202,130.528,169.230,179.907,164.695,138.054,185.243,176.506,177.282,352.813,0.1361,0.0000,0.1159,0.9152,0.00,0.00,0.00,0.00
1297.00,180.000,180.000,170.000,175.000,170.578,182.045,167.185,130.579,169.234,179.889,164.683,138.097,185.282,176.489,177.276,352.848,0.1362,0.0000,0.1160,0.9152,0.00,0.00,0.00,0.00
1298.00,180.000,180.000,170.000,175.000,170.569,182.030,167.169,130.629,169.239,179.871,164.671,138.139,185.318,176.472,177.302,352.883,0.1362,0.0000,0.1161,0.9152,0.00,0.00,0.00,0.00
1299.00,180.000,180.000,170.000,175.000,170.561,182.016,167.152,130.679,169.243,179.852,164.659,138.182,185.351,176.455,177.324,352.918,0.1363,0.0000,0.1162,0.9152,0.00,0.00,0.00,0.00
1300.00,180.000,180.000,170.000,175.000,170.552,182.001,167.136,130.728,169.248,179.834,164.647,138.224,185.383,176.438,177.344,352.953,0.1363,0.0000,0.1163,0.9152,0.00,0.00,0.00,0.00
1301.00,180.000,180.000,170.000,175.000,170.543,181.987,167.119,130.778,169.252,179.816,164.636,138.266,185.412,176.421,177.360,352.988,0.1364,0.0000,0.1164,0.9152,0.00,0.00,0.00,0.00
1302.00,180.000,180.000,170.000,175.000,170.535,181.973,167.103,130.828,169.257,179.798,164.624,138.309,185.439,176.404,177.374,353.022,0.1366,0.0000,0.1165,0.9152,0.00,0.00,0.00,0.00
1303.00,180.000,180.000,170.000,175.000,170.526,181.958,167.086,130.878,169.262,179.780,164.613,138.351,185.464,176.387,177.386,353.057,0.1367,0.0000,0.1165,0.9152,0.00,0.00,0.00,0.00
1304.00,180.000,180.000,170.000,175.000,170.518,181.944,167.070,130.928,169.266,179.762,164.601,138.393,185.487,176.370,177.396,353.092,0.1368,0.0000,0.1166,0.9152,0.00,0.00,0.00,0.00
1305.00,180.000,180.000,170.000,175.000,170.509,181.929,167.053,130.977,169.271,179.744,164.590,138.435,185.510,176.353,177.404,353.127,0.1368,0.0000,0.1167,0.9152,0.00,0.00,0.00,0.00
1306.00,180.000,180.000,170.000,175.000,170.501,181.915,167.037,131.027,169.276,179.726,164.579,138.478,185.531,176.336,177.410,353.162,0.1369,0.0000,0.1168,0.9152,0.00,0.00,0.00,0.00
1307.00,180.000,180.000,170.000,175.000,170.493,181.900,167.020,131.077,169.281,179.708,164.567,138.520,185.550,176.319,177.415,353.196,0.1370,0.0000,0.1169,0.9152,0.00,0.00,0.00,0.00
1308.00,180.000,180.000,170.000,175.000,170.485,181.885,167.004,131.126,169.286,179.690,164.556,138.562,185.569,176.302,177.419,353.231,0.1370,0.0000,0.1170,0.9152,0.00,0.00,0.00,0.00
1309.00,180.000,180.000,170.000,175.000,170.477,181.871,166.988,131.176,169.291,179.672,164.545,138.604,185.587,176.285,177.421,353.266,0.1370,0.0000,0.1171,0.9152,0.00,0.00,0.00,0.00
1310.00,180.000,180.000,170.000,175.000,170.469,181.856,166.972,131.225,169.296,179.654,164.534,138.646,185.604,176.268,177.422,353.301,0.1371,0.0000,0.1171,0.9152,0.00,0.00,0.00,0.00
1311.00,180.000,180.000,170.000,175.000,170.461,181.841,166.955,131.274,169.301,179.636,164.523,138.688,185.620,176.251,177.422,353.335,0.1371,0.0000,0.1172,0.9152,0.00,0.00,0.00,0.00
1312.00,180.000,180.000,170.000,175.000,170.454,181.827,166.939,131.324,169.306,179.618,164.512,138.730,185.635,176.234,177.421,353.370,0.1372,0.0000,0.1173,0.9152,0.00,0.00,0.00,0.00
1313.00,180.000,180.000,170.000,175.000,170.446,181.812,166.923,131.373,169.312,179.600,164.501,138.772,185.650,176.217,177.420,353.404,0.1373,0.0000,0.1174,0.9152,0.00,0.00,0.00,0.00
1314.00,180.000,180.000,170.000,175.000,170.439,181.797,166.907,131.422,169.317,179.582,164.490,138.814,185.664,176.201,177.417,353.439,0.1374,0.0000,0.1175,0.9152,0.00,0.00,0.00,0.00
1315.00,180.000,180.000,170.000,175.000,170.431,181.783,166.891,131.471,169.322,179.564,164.479,138.856,185.678,176.184,177.414,353.474,0.1375,0.0000,0.1176,0.9152,0.00,0.00,0.00,0.00
1316.00,180.000,180.000,170.000,175.000,170.424,181.768,166.875,131.521,169.327,179.546,164.468,138.898,185.692,176.167,177.411,353.508,0.1376,0.0000,0.1177,0.9152,0.00,0.00,0.00,0.00
1317.00,180.000,180.000,170.000,175.000,170.416,181.753,166.859,131.570,169.333,179.528,164.457,138.940,185.704,176.150,177.407,353.543,0.1376,0.0000,0.1177,0.9152,0.00,0.00,0.00,0.00
1318.00,180.000,180.000,170.000,175.000,170.409,181.738,166.843,131.619,169.338,179.510,164.446,138.982,185.717,176.133,177.402,353.577,0.1377,0.0000,0.1178,0.9152,0.00,0.00,0.00,0.00
1319.00,180.000,180.000,170.000,175.000,170.402,181.723,166.827,131.668,169.344,179.492,164.435,139.024,185.729,176.117,177.397,353.612,0.1377,0.0000,0.1179,0.9152,0.00,0.00,0.00,0.00
1320.00,180.000,180.000,170.000,175.000,170.395,181.709,166.811,131.717,169.349,179.474,164.424,139.066,185.741,176.100,177.392,353.646,0.1378,0.0000,0.1180,0.9152,0.00,0.00,0.00,0.00
1321.00,180.000,180.000,170.000,175.000,170.388,181.694,166.795,131.766,169.354,179.456,164.414,139.108,185.752,176.083,177.418,353.681,0.1378,0.0000,0.1181,0.9152,0.00,0.00,0.00,0.00
1322.00,180.000,180.000,170.000,175.000,170.381,181.679,166.779,131.814,169.360,179.438,164.403,139.150,185.764,176.067,177.441,353.715,0.1379,0.0000,0.1182,0.9152,0.00,0.00,0.00,0.00
1323.00,180.000,180.000,170.000,175.000,170.375,181.664,166.763,131.863,169.365,179.420,164.392,139.191,185.775,176.050,177.461,353.749,0.1379,0.0000,0.1182,0.9152,0.00,0.00,0.00,0.00
1324.00,180.000,180.000,170.000,175.000,170.368,181.649,166.748,131.912,169.371,179.403,164.382,139.233,185.786,176.033,177.478,353.784,0.1379,0.0000,0.1183,0.9152,0.00,0.00,0.00,0.00
1325.00,180.000,180.000,170.000,175.000,170.361,181.634,166.732,131.961,169.377,179.385,164.371,139.275,185.797,176.017,177.492,353.818,0.1380,0.0000,0.1184,0.9152,0.00,0.00,0.00,0.00
1326.00,180.000,180.000,170.000,175.000,170.355,181.619,166.716,132.009,169.382,179.367,164.361,139.317,185.807,176.000,177.505,353.852,0.1380,0.0000,0.1185,0.9152,0.00,0.00,0.00,0.00
1327.00,180.000,180.000,170.000,175.000,170.348,181.604,166.701,132.058,169.388,179.349,164.350,139.358,185.818,175.983,177.515,353.887,0.1380,0.0000,0.1186,0.9152,0.00,0.00,0.00,0.00
1328.00,180.000,180.000,170.000,175.000,170.342,181.589,166.685,132.107,169.394,179.331,164.340,139.400,185.860,175.967,177.524,353.921,0.1382,0.0000,0.1187,0.9152,0.00,0.00,0.00,0.00
1329.00,180.000,180.000,170.000,175.000,170.336,181.574,166.669,132.155,169.399,179.313,164.330,139.442,185.899,175.950,177.531,353.955,0.1383,0.0000,0.1188,0.9152,0.00,0.00,0.00,0.00
1330.00,180.000,180.000,170.000,175.000,170.329,181.559,166.654,132.204,169.405,179.296,164.320,139.483,185.935,175.934,177.536,353.990,0.1383,0.0000,0.1188,0.9152,0.00,0.00,0.00,0.00
1331.00,180.000,180.000,170.000,175.000,170.323,181.544,166.638,132.252,169.411,179.278,164.309,139.525,185.969,175.917,177.540,354.024,0.1384,0.0000,0.1189,0.9152,0.00,0.00,0.00,0.00
1332.00,180.000,180.000,170.000,175.000,170.317,181.529,166.623,132.300,169.417,179.260,164.299,139.566,186.001,175.901,177.543,354.058,0.1385,0.0000,0.1190,0.9152,0.00,0.00,0.00,0.00
1333.00,180.000,180.000,170.000,175.000,170.311,181.514,166.607,132.349,169.423,179.242,164.289,139.608,186.030,175.884,177.545,354.092,0.1385,0.0000,0.1191,0.9152,0.00,0.00,0.00,0.00
1334.00,180.000,180.000,170.000,175.000,170.305,181.498,166.592,132.397,169.430,179.224,164.279,139.649,186.057,175.868,177.546,354.126,0.1386,0.0000,0.1192,0.9152,0.00,0.00,0.00,0.00
1335.00,180.000,180.000,170.000,175.000,170.300,181.483,166.577,132.445,169.436,179.207,164.269,139.691,186.083,175.851,177.546,354.160,0.1386,0.0000,0.1193,0.9151,0.00,0.00,0.00,0.00
1336.00,180.000,180.000,170.000,175.000,170.294,181.468,166.561,132.493,169.442,179.189,164.259,139.732,186.107,175.835,177.545,354.195,0.1386,0.0000,0.1193,0.9151,0.00,0.00,0.00,0.00
1337.00,180.000,180.000,170.000,175.000,170.288,181.453,166.546,132.542,169.448,179.171,164.249,139.774,186.130,175.818,177.543,354.229,0.1387,0.0000,0.1194,0.9151,0.00,0.00,0.00,0.00
1338.00,180.000,180.000,170.000,175.000,170.283,181.438,166.531,132.590,169.455,179.153,164.239,139.815,186.152,175.802,177.541,354.263,0.1387,0.0000,0.1195,0.9151,0.00,0.00,0.00,0.00
1339.00,180.000,180.000,170.000,175.000,170.277,181.423,166.515,132.638,169.461,179.136,164.229,139.857,186.172,175.786,177.538,354.297,0.1387,0.0000,0.1196,0.9151,0.00,0.00,0.00,0.00
1340.00,180.000,180.000,170.000,175.000,170.272,181.407,166.500,132.686,169.467,179.118,164.219,139.898,186.192,175.769,177.535,354.331,0.1387,0.0000,0.1197,0.9151,0.00,0.00,0.00,0.00
1341.00,180.000,180.000,170.000,175.000,170.266,181.392,166.485,132.734,169.474,179.100,164.210,139.939,186.210,175.753,177.531,354.365,0.1388,0.0000,0.1198,0.9151,0.00,0.00,0.00,0.00
1342.00,180.000,180.000,170.000,175.000,170.261,181.377,166.470,132.782,169.480,179.082,164.200,139.981,186.228,175.737,177.527,354.399,0.1388,0.0000,0.1198,0.9151,0.00,0.00,0.00,0.00
1343.00,180.000,180.000,170.000,175.000,170.256,181.362,166.455,132.830,169.487,179.065,164.190,140.022,186.245,175.720,177.522,354.433,0.1388,0.0000,0.1199,0.9151,0.00,0.00,0.00,0.00
1344.00,180.000,180.000,170.000,175.000,170.251,181.346,166.440,132.878,169.494,179.047,164.180,140.063,186.261,175.704,177.517,354.467,0.1388,0.0000,0.1200,0.9151,0.00,0.00,0.00,0.00
1345.00,180.000,180.000,170.000,175.000,170.246,181.331,166.425,132.925,169.500,179.029,164.170,140.105,186.276,175.688,177.528,354.501,0.1389,0.0000,0.1201,0.9151,0.00,0.00,0.00,0.00
1346.00,180.000,180.000,170.000,175.000,170.241,181.316,166.410,132.973,169.507,179.012,164.161,140.146,186.291,175.672,177.553,354.535,0.1390,0.0000,0.1202,0.9151,0.00,0.00,0.00,0.00
1347.00,180.000,180.000,170.000,175.000,170.236,181.300,166.395,133.021,169.514,178.994,164.151,140.187,186.306,175.655,177.575,354.568,0.1391,0.0000,0.1202,0.9151,0.00,0.00,0.00,0.00
1348.00,180.000,180.000,170.000,175.000,170.231,181.285,166.380,133.069,169.520,178.977,164.142,140.228,186.320,175.639,177.594,354.602,0.1391,0.0000,0.1203,0.9151,0.00,0.00,0.00,0.00
1349.00,180.000,180.000,170.000,175.000,170.227,181.270,166.365,133.116,169.527,178.959,164.132,140.269,186.334,175.623,177.610,354.636,0.1392,0.0000,0.1204,0.9151,0.00,0.00,0.00,0.00
1350.00,180.000,180.000,170.000,175.000,170.222,181.254,166.350,133.164,169.534,178.941,164.123,140.310,186.347,175.607,177.624,354.670,0.1393,0.0000,0.1204,0.9151,0.00,0.00,0.00,0.00
1351.00,180.000,180.000,170.000,175.000,170.217,181.239,166.335,133.211,169.541,178.924,164.113,140.352,186.360,175.591,177.636,354.704,0.1393,0.0000,0.1205,0.9151,0.00,0.00,0.00,0.00
1352.00,180.000,180.000,170.000,175.000,170.213,181.223,166.320,133.259,169.547,178.906,164.104,140.393,186.373,175.574,177.646,354.737,0.1393,0.0000,0.1206,0.9151,0.00,0.00,0.00,0.00
1353.00,180.000,180.000,170.000,175.000,170.208,181.208,166.306,133.306,169.554,178.889,164.095,140.434,186.385,175.558,177.654,354.771,0.1394,0.0000,0.1207,0.9151,0.00,0.00,0.00,0.00
1354.00,180.000,180.000,170.000,175.000,170.204,181.193,166.291,133.354,169.561,178.871,164.086,140.475,186.397,175.542,177.661,354.805,0.1394,0.0000,0.1208,0.9151,0.00,0.00,0.00,0.00
1355.00,180.000,180.000,170.000,175.000,170.200,181.177,166.276,133.401,169.568,178.854,164.076,140.516,186.409,175.526,177.666,354.839,0.1394,0.0000,0.1209,0.9151,0.00,0.00,0.00,0.00
1356.00,180.000,180.000,170.000,175.000,170.196,181.162,166.262,133.449,169.575,178.836,164.067,140.557,186.421,175.510,177.670,354.872,0.1395,0.0000,0.1209,0.9151,0.00,0.00,0.00,0.00
1357.00,180.000,180.000,170.000,175.000,170.192,181.146,166.247,133.496,169.582,178.819,164.058,140.598,186.433,175.494,177.673,354.906,0.1395,0.0000,0.1210,0.9151,0.00,0.00,0.00,0.00
1358.00,180.000,180.000,170.000,175.000,170.187,181.131,166.233,133.543,169.589,178.801,164.049,140.639,186.444,175.478,177.675,354.940,0.1395,0.0000,0.1211,0.9151,0.00,0.00,0.00,0.00
1359.00,180.000,180.000,170.000,175.000,170.184,181.115,166.218,133.590,169.596,178.784,164.040,140.680,186.456,175.462,177.676,354.973,0.1395,0.0000,0.1212,0.9151,0.00,0.00,0.00,0.00
1360.00,180.000,180.000,170.000,175.000,170.180,181.100,166.204,133.637,169.603,178.766,164.031,140.721,186.467,175.446,177.677,355.007,0.1395,0.0000,0.1213,0.9151,0.00,0.00,0.00,0.00
1361.00,180.000,180.000,170.000,175.000,170.176,181.084,166.189,133.685,169.610,178.749,164.022,140.761,186.478,175.430,177.676,355.041,0.1395,0.0000,0.1213,0.9151,0.00,0.00,0.00,0.00
1362.00,180.000,180.000,170.000,175.000,170.172,181.069,166.175,133.732,169.617,178.731,164.013,140.802,186.489,175.414,177.675,355.074,0.1395,0.0000,0.1214,0.9151,0.00,0.00,0.00,0.00
1363.00,180.000,180.000,170.000,175.000,170.168,181.053,166.160,133.779,169.624,178.714,164.004,140.843,186.500,175.398,177.673,355.108,0.1395,0.0000,0.1215,0.9151,0.00,0.00,0.00,0.00
1364.00,180.000,180.000,170.000,175.000,170.165,181.037,166.146,133.826,169.631,178.696,163.995,140.884,186.511,175.382,177.670,355.141,0.1395,0.0000,0.1215,0.9151,0.00,0.00,0.00,0.00
1365.00,180.000,180.000,170.000,175.000,170.161,181.022,166.132,133.873,169.639,178.679,163.987,140.925,186.521,175.367,177.668,355.175,0.1396,0.0000,0.1216,0.9151,0.00,0.00,0.00,0.00
1366.00,180.000,180.000,170.000,175.000,170.158,181.006,166.117,133.920,169.646,178.661,163.978,140.965,186.532,175.351,177.664,355.208,0.1396,0.0000,0.1217,0.9151,0.00,0.00,0.00,0.00
1367.00,180.000,180.000,170.000,175.000,170.154,180.991,166.103,133.967,169.653,178.644,163.969,141.006,186.543,175.335,177.660,355.242,0.1396,0.0000,0.1218,0.9151,0.00,0.00,0.00,0.00
1368.00,180.000,180.000,170.000,175.000,170.151,180.975,166.089,134.013,169.660,178.627,163.960,141.047,186.553,175.319,177.656,355.275,0.1396,0.0000,0.1219,0.9151,0.00,0.00,0.00,0.00
1369.00,180.000,180.000,170.000,175.000,170.148,180.959,166.075,134.060,169.667,178.609,163.951,141.088,186.564,175.303,177.652,355.309,0.1396,0.0000,0.1219,0.9151,0.00,0.00,0.00,0.00
1370.00,180.000,180.000,170.000,175.000,170.145,180.944,166.061,134.107,169.675,178.592,163.943,141.128,186.574,175.287,177.647,355.342,0.1397,0.0000,0.1220,0.9151,0.00,0.00,0.00,0.00
1371.00,180.000,180.000,170.000,175.000,170.142,180.928,166.047,134.154,169.682,178.575,163.934,141.169,186.585,175.272,177.674,355.375,0.1398,0.0000,0.1221,0.9151,0.00,0.00,0.00,0.00
1372.00,180.000,180.000,170.000,175.000,170.138,180.912,166.033,134.200,169.689,178.557,163.925,141.209,186.595,175.256,177.698,355.409,0.1399,0.0000,0.1222,0.9151,0.00,0.00,0.00,0.00
1373.00,180.000,180.000,170.000,175.000,170.136,180.897,166.019,134.247,169.697,178.540,163.917,141.250,186.605,175.240,177.719,355.442,0.1399,0.0000,0.1223,0.9151,0.00,0.00,0.00,0.00
1374.00,180.000,180.000,170.000,175.000,170.133,180.881,166.005,134.294,169.704,178.523,163.908,141.291,186.616,175.224,177.737,355.475,0.1400,0.0000,0.1223,0.9151,0.00,0.00,0.00,0.00
1375.00,180.000,180.000,170.000,175.000,170.130,180.865,165.991,134.340,169.711,178.505,163.900,141.331,186.626,175.209,177.752,355.509,0.1400,0.0000,0.1224,0.9151,0.00,0.00,0.00,0.00
1376.00,180.000,180.000,170.000,175.000,170.127,180.850,165.977,134.387,169.719,178.488,163.891,141.372,186.669,175.193,177.766,355.542,0.1401,0.0000,0.1225,0.9151,0.00,0.00,0.00,0.00
1377.00,180.000,180.000,170.000,175.000,170.124,180.834,165.963,134.433,169.726,178.471,163.883,141.412,186.708,175.177,177.777,355.575,0.1401,0.0000,0.1225,0.9151,0.00,0.00,0.00,0.00
1378.00,180.000,180.000,170.000,175.000,170.122,180.818,165.949,134.480,169.734,178.454,163.875,141.453,186.745,175.162,177.787,355.608,0.1401,0.0000,0.1226,0.9151,0.00,0.00,0.00,0.00
1379.00,180.000,180.000,170.000,175.000,170.119,180.802,165.935,134.526,169.742,178.436,163.867,141.493,186.779,175.146,177.795,355.642,0.1401,0.0000,0.1227,0.9151,0.00,0.00,0.00,0.00
1380.00,180.000,180.000,170.000,175.000,170.117,180.787,165.921,134.572,169.749,178.419,163.858,141.534,186.811,175.131,177.802,355.675,0.1402,0.0000,0.1228,0.9151,0.00,0.00,0.00,0.00
1381.00,180.000,180.000,170.000,175.000,170.114,180.771,165.908,134.619,169.757,178.402,163.850,141.574,186.840,175.115,177.807,355.708,0.1402,0.0000,0.1229,0.9151,0.00,0.00,0.00,0.00
1382.00,180.000,180.000,170.000,175.000,170.112,180.755,165.894,134.665,169.765,178.385,163.842,141.614,186.868,175.099,177.812,355.741,0.1402,0.0000,0.1229,0.9151,0.00,0.00,0.00,0.00
1383.00,180.000,180.000,170.000,175.000,170.110,180.739,165.880,134.711,169.773,178.368,163.834,141.655,186.895,175.084,177.815,355.774,0.1402,0.0000,0.1230,0.9151,0.00,0.00,0.00,0.00
1384.00,180.000,180.000,170.000,175.000,170.107,180.724,165.867,134.757,169.781,178.350,163.826,141.695,186.919,175.068,177.817,355.808,0.1402,0.0000,0.1230,0.9151,0.00,0.00,0.00,0.00
1385.00,180.000,180.000,170.000,175.000,170.105,180.708,165.853,134.804,169.788,178.333,163.818,141.735,186.943,175.053,177.818,355.841,0.1402,0.0000,0.1231,0.9151,0.00,0.00,0.00,0.00
1386.00,180.000,180.000,170.000,175.000,170.103,180.692,165.840,134.850,169.796,178.316,163.810,141.776,186.965,175.037,177.819,355.874,0.1402,0.0000,0.1232,0.9151,0.00,0.00,0.00,0.00
1387.00,180.000,180.000,170.000,175.000,170.101,180.676,165.826,134.896,169.805,178.299,163.802,141.816,186.986,175.022,177.818,355.907,0.1402,0.0000,0.1233,0.9151,0.00,0.00,0.00,0.00
1388.00,180.000,180.000,170.000,175.000,170.099,180.660,165.813,134.942,169.813,178.282,163.794,141.856,187.006,175.006,177.818,355.940,0.1402,0.0000,0.1234,0.9151,0.00,0.00,0.00,0.00
1389.00,180.000,180.000,170.000,175.000,170.097,180.645,165.799,134.988,169.821,178.265,163.786,141.897,187.026,174.991,177.816,355.973,0.1402,0.0000,0.1234,0.9151,0.00,0.00,0.00,0.00
1390.00,180.000,180.000,170.000,175.000,170.095,180.629,165.786,135.034,169.829,178.248,163.778,141.937,187.044,174.976,177.814,356.006,0.1403,0.0000,0.1235,0.9151,0.00,0.00,0.00,0.00
1391.00,180.000,180.000,170.000,175.000,170.094,180.613,165.773,135.080,169.837,178.231,163.770,141.977,187.062,174.960,177.812,356.039,0.1403,0.0000,0.1236,0.9151,0.00,0.00,0.00,0.00
1392.00,180.000,180.000,170.000,175.000,170.092,180.597,165.759,135.126,169.845,178.214,163.762,142.017,187.079,174.945,177.809,356.072,0.1403,0.0000,0.1236,0.9151,0.00,0.00,0.00,0.00
1393.00,180.000,180.000,170.000,175.000,170.090,180.581,165.746,135.171,169.853,178.197,163.754,142.057,187.095,174.930,177.806,356.105,0.1403,0.0000,0.1237,0.9151,0.00,0.00,0.00,0.00
1394.00,180.000,180.000,170.000,175.000,170.089,180.565,165.733,135.217,169.862,178.180,163.747,142.097,187.111,174.914,177.802,356.138,0.1403,0.0000,0.1238,0.9151,0.00,0.00,0.00,0.00
1395.00,180.000,180.000,170.000,175.000,170.087,180.549,165.719,135.263,169.870,178.163,163.739,142.137,187.127,174.899,177.798,356.171,0.1403,0.0000,0.1239,0.9151,0.00,0.00,0.00,0.00
1396.00,180.000,180.000,170.000,175.000,170.086,180.533,165.706,135.309,169.878,178.146,163.731,142.178,187.142,174.884,177.794,356.204,0.1403,0.0000,0.1239,0.9151,0.00,0.00,0.00,0.00
1397.00,180.000,180.000,170.000,175.000,170.084,180.518,165.693,135.355,169.887,178.129,163.723,142.218,187.156,174.868,177.790,356.237,0.1403,0.0000,0.1240,0.9151,0.00,0.00,0.00,0.00
1398.00,180.000,180.000,170.000,175.000,170.083,180.502,165.680,135.400,169.895,178.112,163.715,142.258,187.171,174.853,177.817,356.269,0.1402,0.0000,0.1241,0.9151,0.00,0.00,0.00,0.00
1399.00,180.000,180.000,170.000,175.000,170.082,180.486,165.667,135.446,169.903,178.095,163.708,142.298,187.185,174.838,177.841,356.302,0.1402,0.0000,0.1241,0.9151,0.00,0.00,0.00,0.00
1400.00,180.000,180.000,170.000,175.000,170.081,180.470,165.654,135.491,169.912,178.078,163.700,142.338,187.198,174.823,177.862,356.335,0.1402,0.0000,0.1242,0.9151,0.00,0.00,0.00,0.00
1401.00,180.000,180.000,170.000,175.000,170.080,180.454,165.641,135.537,169.920,178.061,163.693,142.378,187.212,174.807,177.881,356.368,0.1402,0.0000,0.1242,0.9151,0.00,0.00,0.00,0.00
1402.00,180.000,180.000,170.000,175.000,170.079,180.438,165.628,135.582,169.929,178.044,163.685,142.418,187.225,174.792,177.897,356.401,0.1402,0.0000,0.1243,0.9151,0.00,0.00,0.00,0.00
1403.00,180.000,180.000,170.000,175.000,170.078,180.422,165.615,135.628,169.937,178.027,163.678,142.457,187.238,174.777,177.911,356.433,0.1402,0.0000,0.1244,0.9151,0.00,0.00,0.00,0.00
1404.00,180.000,180.000,170.000,175.000,170.077,180.406,165.602,135.673,169.946,178.010,163.670,142.497,187.251,174.762,177.923,356.466,0.1402,0.0000,0.1245,0.9151,0.00,0.00,0.00,0.00
1405.00,180.000,180.000,170.000,175.000,170.076,180.390,165.589,135.719,169.954,177.993,163.663,142.537,187.263,174.747,177.934,356.499,0.1402,0.0000,0.1246,0.9151,0.00,0.00,0.00,0.00
1406.00,180.000,180.000,170.000,175.000,170.075,180.374,165.577,135.764,169.963,177.976,163.656,142.577,187.276,174.732,177.942,356.532,0.1402,0.0000,0.1246,0.9151,0.00,0.00,0.00,0.00
1407.00,180.000,180.000,170.000,175.000,170.074,180.358,165.564,135.810,169.971,177.960,163.649,142.617,187.288,174.717,177.950,356.564,0.1402,0.0000,0.1247,0.9151,0.00,0.00,0.00,0.00
1408.00,180.000,180.000,170.000,175.000,170.074,180.342,165.551,135.855,169.980,177.943,163.641,142.657,187.300,174.702,177.956,356.597,0.1402,0.0000,0.1247,0.9151,0.00,0.00,0.00,0.00
1409.00,180.000,180.000,170.000,175.000,170.073,180.326,165.538,135.900,169.988,177.926,163.634,142.697,187.312,174.687,177.960,356.630,0.1402,0.0000,0.1248,0.9151,0.00,0.00,0.00,0.00
1410.00,180.000,180.000,170.000,175.000,170.072,180.310,165.526,135.945,169.997,177.909,163.627,142.736,187.324,174.672,177.964,356.662,0.1402,0.0000,0.1249,0.9151,0.00,0.00,0.00,0.00
1411.00,180.000,180.000,170.000,175.000,170.072,180.294,165.513,135.990,170.006,177.892,163.620,142.776,187.336,174.657,177.967,356.695,0.1402,0.0000,0.1250,0.9151,0.00,0.00,0.00,0.00
1412.00,180.000,180.000,170.000,175.000,170.072,180.278,165.500,136.036,170.014,177.876,163.613,142.816,187.348,174.642,177.969,356.727,0.1402,0.0000,0.1250,0.9151,0.00,0.00,0.00,0.00
1413.00,180.000,180.000,170.000,175.000,170.071,180.262,165.488,136.081,170.023,177.859,163.606,142.856,187.360,174.627,177.970,356.760,0.1402,0.0000,0.1251,0.9151,0.00,0.00,0.00,0.00
1414.00,180.000,180.000,170.000,175.000,170.071,180.246,165.475,136.126,170.032,177.842,163.599,142.895,187.371,174.612,177.970,356.793,0.1402,0.0000,0.1251,0.9151,0.00,0.00,0.00,0.00
1415.00,180.000,180.000,170.000,175.000,170.071,180.230,165.463,136.171,170.040,177.826,163.592,142.935,187.383,174.597,177.970,356.825,0.1402,0.0000,0.1252,0.9151,0.00,0.00,0.00,0.00
1416.00,180.000,180.000,170.000,175.000,170.070,180.214,165.450,136.216,170.049,177.809,163.585,142.975,187.394,174.582,177.970,356.858,0.1402,0.0000,0.1252,0.9151,0.00,0.00,0.00,0.00
1417.00,180.000,180.000,170.000,175.000,170.070,180.198,165.438,136.261,170.058,177.792,163.578,143.014,187.406,174.567,177.968,356.890,0.1402,0.0000,0.1253,0.9151,0.00,0.00,0.00,0.00
1418.00,180.000,180.000,170.000,175.000,170.070,180.182,165.426,136.306,170.066,177.776,163.571,143.054,187.417,174.552,177.967,356.923,0.1402,0.0000,0.1254,0.9151,0.00,0.00,0.00,0.00
1419.00,180.000,180.000,170.000,175.000,170.070,180.166,165.413,136.351,170.075,177.759,163.564,143.093,187.429,174.537,177.964,356.955,0.1402,0.0000,0.1255,0.9151,0.00,0.00,0.00,0.00
1420.00,180.000,180.000,170.000,175.000,170.070,180.150,165.401,136.396,170.084,177.742,163.557,143.133,187.440,174.523,177.962,356.988,0.1401,0.0000,0.1256,0.9151,0.00,0.00,0.00,0.00
1421.00,180.000,180.000,170.000,175.000,170.070,180.134,165.389,136.440,170.093,177.726,163.550,143.172,187.452,174.508,177.959,357.020,0.1401,0.0000,0.1256,0.9151,0.00,0.00,0.00,0.00
1422.00,180.000,180.000,170.000,175.000,170.071,180.118,165.377,136.485,170.102,177.709,163.543,143.212,187.463,174.493,177.956,357.052,0.1401,0.0000,0.1257,0.9151,0.00,0.00,0.00,0.00
1423.00,180.000,180.000,170.000,175.000,170.071,180.102,165.364,136.530,170.110,177.692,163.536,143.251,187.474,174.478,177.952,357.085,0.1401,0.0000,0.1257,0.9151,0.00,0.00,0.00,0.00
1424.00,180.000,180.000,170.000,175.000,170.071,180.086,165.352,136.575,170.119,177.676,163.529,143.291,187.486,174.463,177.949,357.117,0.1401,0.0000,0.1258,0.9151,0.00,0.00,0.00,0.00
1425.00,180.000,180.000,170.000,175.000,170.071,180.070,165.340,136.619,170.128,177.659,163.522,143.330,187.497,174.449,177.945,357.150,0.1401,0.0000,0.1259,0.9151,0.00,0.00,0.00,0.00
1426.00,180.000,180.000,170.000,175.000,170.072,180.054,165.328,136.664,170.137,177.643,163.516,143.370,187.508,174.434,177.940,357.182,0.1401,0.0000,0.1259,0.9151,0.00,0.00,0.00,0.00
1427.00,180.000,180.000,170.000,175.000,170.072,180.038,165.316,136.709,170.146,177.626,163.509,143.409,187.520,174.419,177.936,357.214,0.1401,0.0000,0.1260,0.9151,0.00,0.00,0.00,0.00
1428.00,180.000,180.000,170.000,175.000,170.073,180.022,165.304,136.753,170.155,177.610,163.502,143.449,187.531,174.405,177.964,357.247,0.1401,0.0000,0.1261,0.9151,0.00,0.00,0.00,0.00
1429.00,180.000,180.000,170.000,175.000,170.073,180.006,165.292,136.798,170.164,177.593,163.495,143.488,187.542,174.390,177.988,357.279,0.1401,0.0000,0.1261,0.9151,0.00,0.00,0.00,0.00
1430.00,180.000,180.000,170.000,175.000,170.074,179.990,165.280,136.842,170.173,177.577,163.489,143.527,187.553,174.375,178.009,357.311,0.1401,0.0000,0.1262,0.9151,0.00,0.00,0.00,0.00
1431.00,180.000,180.000,170.000,175.000,170.075,179.974,165.268,136.887,170.182,177.560,163.482,143.567,187.565,174.361,178.028,357.343,0.1401,0.0000,0.1262,0.9151,0.00,0.00,0.00,0.00
1432.00,180.000,180.000,170.000,175.000,170.075,179.958,165.256,136.931,170.191,177.544,163.476,143.606,187.576,174.346,178.045,357.376,0.1401,0.0000,0.1263,0.9151,0.00,0.00,0.00,0.00
1433.00,180.000,180.000,170.000,175.000,170.076,179.942,165.244,136.976,170.200,177.527,163.469,143.645,187.587,174.332,178.059,357.408,0.1401,0.0000,0.1264,0.9151,0.00,0.00,0.00,0.00
1434.00,180.000,180.000,170.000,175.000,170.077,179.926,165.233,137.020,170.209,177.511,163.463,143.685,187.599,174.317,178.072,357.440,0.1401,0.0000,0.1264,0.9151,0.00,0.00,0.00,0.00
1435.00,180.000,180.000,170.000,175.000,170.078,179.910,165.221,137.064,170.218,177.495,163.456,143.724,187.610,174.303,178.082,357.472,0.1401,0.0000,0.1265,0.9151,0.00,0.00,0.00,0.00
1436.00,180.000,180.000,170.000,175.000,170.079,179.893,165.209,137.109,170.227,177.478,163.450,143.763,187.621,174.288,178.092,357.504,0.1401,0.0000,0.1266,0.9151,0.00,0.00,0.00,0.00
1437.00,180.000,180.000,170.000,175.000,170.080,179.877,165.197,137.153,170.236,177.462,163.444,143.802,187.632,174.274,178.099,357.536,0.1401,0.0000,0.1266,0.9151,0.00,0.00,0.00,0.00
1438.00,180.000,180.000,170.000,175.000,170.081,179.861,165.186,137.197,170.245,177.446,163.437,143.841,187.644,174.259,178.106,357.569,0.1401,0.0000,0.1267,0.9151,0.00,0.00,0.00,0.00
1439.00,180.000,180.000,170.000,175.000,170.082,179.845,165.174,137.241,170.254,177.429,163.431,143.881,187.655,174.245,178.111,357.601,0.1401,0.0000,0.1267,0.9151,0.00,0.00,0.00,0.00
1440.00,180.000,180.000,170.000,175.000,170.083,179.829,165.162,137.286,170.263,177.413,163.425,143.920,187.666,174.230,178.116,357.633,0.1401,0.0000,0.1268,0.9151,0.00,0.00,0.00,0.00
1441.00,180.000,180.000,170.000,175.000,170.084,179.813,165.151,137.330,170.272,177.397,163.419,143.959,187.677,174.216,178.119,357.665,0.1400,0.0000,0.1268,0.9151,0.00,0.00,0.00,0.00
1442.00,180.000,180.000,170.000,175.000,170.086,179.797,165.139,137.374,170.281,177.380,163.412,143.998,187.689,174.201,178.121,357.697,0.1400,0.0000,0.1269,0.9151,0.00,0.00,0.00,0.00
1443.00,180.000,180.000,170.000,175.000,170.087,179.781,165.128,137.418,170.290,177.364,163.406,144.037,187.700,174.187,178.123,357.729,0.1400,0.0000,0.1270,0.9151,0.00,0.00,0.00,0.00
1444.00,180.000,180.000,170.000,175.000,170.088,179.765,165.116,137.462,170.299,177.348,163.400,144.076,187.711,174.173,178.124,357.761,0.1400,0.0000,0.1271,0.9151,0.00,0.00,0.00,0.00
1445.00,180.000,180.000,170.000,175.000,170.090,179.749,165.105,137.506,170.309,177.332,163.394,144.115,187.722,174.158,178.125,357.793,0.1400,0.0000,0.1271,0.9151,0.00,0.00,0.00,0.00
1446.00,180.000,180.000,170.000,175.000,170.091,179.733,165.094,137.550,170.318,177.315,163.388,144.154,187.734,174.144,178.125,357.825,0.1400,0.0000,0.1272,0.9151,0.00,0.00,0.00,0.00
1447.00,180.000,180.000,170.000,175.000,170.093,179.717,165.082,137.594,170.327,177.299,163.382,144.193,187.745,174.130,178.124,357.857,0.1400,0.0000,0.1272,0.9151,0.00,0.00,0.00,0.00
1448.00,180.000,180.000,170.000,175.000,170.094,179.700,165.071,137.638,170.336,177.283,163.376,144.232,187.756,174.115,178.123,357.889,0.1400,0.0000,0.1273,0.9151,0.00,0.00,0.00,0.00
1449.00,180.000,180.000,170.000,175.000,170.096,179.684,165.060,137.682,170.345,177.267,163.370,144.271,187.768,174.101,178.121,357.921,0.1400,0.0000,0.1273,0.9151,0.00,0.00,0.00,0.00
1450.00,180.000,180.000,170.000,175.000,170.098,179.668,165.048,137.726,170.355,177.251,163.364,144.310,187.779,174.087,178.119,357.953,0.1400,0.0000,0.1274,0.9151,0.00,0.00,0.00,0.00
1451.00,180.000,180.000,170.000,175.000,170.099,179.652,165.037,137.769,170.364,177.235,163.358,144.349,187.790,174.073,178.117,357.985,0.1400,0.0000,0.1275,0.9151,0.00,0.00,0.00,0.00
1452.00,180.000,180.000,170.000,175.000,170.101,179.636,165.026,137.813,170.373,177.218,163.352,144.388,187.802,174.059,178.115,358.016,0.1400,0.0000,0.1275,0.9151,0.00,0.00,0.00,0.00
1453.00,180.000,180.000,170.000,175.000,170.103,179.620,165.015,137.857,170.382,177.202,163.346,144.427,187.813,174.044,178.112,358.048,0.1400,0.0000,0.1276,0.9151,0.00,0.00,0.00,0.00
1454.00,180.000,180.000,170.000,175.000,170.105,179.604,165.004,137.901,170.392,177.186,163.340,144.465,187.824,174.030,178.109,358.080,0.1400,0.0003,0.1277,0.9151,0.00,0.00,0.00,0.00
1455.00,180.000,180.000,170.000,175.000,170.107,179.588,164.993,137.944,170.401,177.170,163.334,144.504,187.836,174.048,178.106,358.112,0.1400,0.0027,0.1277,0.9151,0.00,0.00,0.00,0.00
1456.00,180.000,180.000,170.000,175.000,170.109,179.572,164.982,137.988,170.410,177.154,163.328,144.543,187.847,174.095,178.102,358.144,0.1400,0.0047,0.1278,0.9151,0.00,0.00,0.00,0.00
1457.00,180.000,180.000,170.000,175.000,170.111,179.556,164.971,138.032,170.420,177.139,163.322,144.582,187.858,174.167,178.098,358.175,0.1400,0.0063,0.1278,0.9151,0.00,0.00,0.00,0.00
1458.00,180.000,180.000,170.000,175.000,170.113,179.540,164.960,138.075,170.429,177.123,163.316,144.621,187.838,174.263,178.095,358.207,0.1400,0.0079,0.1279,0.9151,0.00,0.00,0.00,0.00
1459.00,180.000,180.000,170.000,175.000,170.115,179.524,164.949,138.119,170.438,177.108,163.310,144.659,187.820,174.366,178.091,358.239,0.1400,0.0093,0.1279,0.9151,0.00,0.00,0.00,0.00
1460.00,180.000,180.000,170.000,175.000,170.117,179.507,164.938,138.162,170.447,177.093,163.304,144.698,187.805,174.472,178.087,358.271,0.1400,0.0105,0.1280,0.9151,0.00,0.00,0.00,0.00
1461.00,180.000,180.000,170.000,175.000,170.119,179.491,164.927,138.206,170.457,177.078,163.298,144.737,187.793,174.600,178.114,358.302,0.1400,0.0115,0.1281,0.9151,0.00,0.00,0.00,0.00
1462.00,180.000,180.000,170.000,175.000,170.121,179.475,164.916,138.249,170.466,177.063,163.293,144.776,187.783,174.714,178.139,358.334,0.1400,0.0123,0.1281,0.9151,0.00,0.00,0.00,0.00
1463.00,180.000,180.000,170.000,175.000,170.124,179.459,164.905,138.293,170.475,177.049,163.287,144.814,187.774,174.847,178.161,358.366,0.1400,0.0129,0.1282,0.9151,0.00,0.00,0.00,0.00
1464.00,180.000,180.000,170.000,175.000,170.126,179.443,164.895,138.336,170.484,177.035,163.281,144.853,187.768,174.967,178.180,358.397,0.1400,0.0137,0.1283,0.9151,0.00,0.00,0.00,0.00
1465.00,180.000,180.000,170.000,175.000,170.128,179.427,164.884,138.379,170.493,177.022,163.276,144.891,187.764,175.091,178.197,358.429,0.1400,0.0145,0.1283,0.9151,0.00,0.00,0.00,0.00
1466.00,180.000,180.000,170.000,175.000,170.131,179.411,164.873,138.423,170.502,177.008,163.270,144.930,187.760,175.217,178.212,358.461,0.1400,0.0151,0.1283,0.9151,0.00,0.00,0.00,0.00
1467.00,180.000,180.000,170.000,175.000,170.133,179.395,164.863,138.466,170.511,176.995,163.265,144.969,187.759,175.331,178.225,358.492,0.1400,0.0156,0.1284,0.9151,0.00,0.00,0.00,0.00
1468.00,180.000,180.000,170.000,175.000,170.136,179.379,164.852,138.509,170.520,176.982,163.259,145.007,187.758,175.432,178.236,358.524,0.1400,0.0161,0.1284,0.9151,0.00,0.00,0.00,0.00
1469.00,180.000,180.000,170.000,175.000,170.138,179.363,164.841,138.553,170.529,176.969,163.254,145.046,187.759,175.555,178.246,358.556,0.1400,0.0165,0.1285,0.9151,0.00,0.00,0.00,0.00
1470.00,180.000,180.000,170.000,175.000,170.141,179.347,164.831,138.596,170.538,176.957,163.248,145.084,187.760,175.665,178.254,358.587,0.1400,0.0169,0.1286,0.9151,0.00,0.00,0.00,0.00
1471.00,180.000,180.000,170.000,175.000,170.144,179.331,164.820,138.639,170.548,176.945,163.243,145.123,187.763,175.763,178.261,358.619,0.1400,0.0174,0.1287,0.9151,0.00,0.00,0.00,0.00
1472.00,180.000,180.000,170.000,175.000,170.146,179.316,164.810,138.682,170.557,176.933,163.238,145.161,187.766,175.851,178.267,358.650,0.1400,0.0179,0.1287,0.9151,0.00,0.00,0.00,0.00
1473.00,180.000,180.000,170.000,175.000,170.149,179.300,164.799,138.725,170.566,176.921,163.232,145.200,187.770,175.947,178.272,358.682,0.1400,0.0183,0.1288,0.9151,0.00,0.00,0.00,0.00
1474.00,180.000,180.000,170.000,175.000,170.152,179.284,164.789,138.768,170.575,176.910,163.227,145.238,187.775,176.047,178.276,358.713,0.1399,0.0186,0.1288,0.9151,0.00,0.00,0.00,0.00
1475.00,180.000,180.000,170.000,175.000,170.155,179.268,164.779,138.811,170.584,176.898,163.222,145.277,187.780,176.138,178.280,358.745,0.1398,0.0188,0.1289,0.9151,0.00,0.00,0.00,0.00
1476.00,180.000,180.000,170.000,175.000,170.158,179.252,164.768,138.854,170.593,176.887,163.216,145.315,187.786,176.218,178.282,358.776,0.1397,0.0190,0.1289,0.9151,0.00,0.00,0.00,0.00
1477.00,180.000,180.000,170.000,175.000,170.161,179.237,164.758,138.897,170.602,176.876,163.211,145.353,187.793,176.290,178.284,358.808,0.1397,0.0195,0.1289,0.9151,0.00,0.00,0.00,0.00
1478.00,180.000,180.000,170.000,175.000,170.164,179.221,164.748,138.940,170.611,176.865,163.206,145.392,187.800,176.355,178.285,358.839,0.1396,0.0199,0.1290,0.9151,0.00,0.00,0.00,0.00
1479.00,180.000,180.000,170.000,175.000,170.167,179.205,164.737,138.983,170.620,176.855,163.201,145.430,187.807,176.429,178.285,358.870,0.1395,0.0202,0.1291,0.9151,0.00,0.00,0.00,0.00
1480.00,180.000,180.000,170.000,175.000,170.170,179.190,164.727,139.026,170.629,176.844,163.196,145.468,187.815,176.510,178.286,358.902,0.1395,0.0205,0.1291,0.9151,0.00,0.00,0.00,0.00
1481.00,180.000,180.000,170.000,175.000,170.173,179.174,164.717,139.069,170.638,176.834,163.190,145.507,187.823,176.583,178.285,358.933,0.1394,0.0206,0.1292,0.9150,0.00,0.00,0.00,0.00
1482.00,180.000,180.000,170.000,175.000,170.176,179.158,164.707,139.112,170.647,176.824,163.185,145.545,187.831,176.648,178.285,358.964,0.1394,0.0208,0.1293,0.9150,0.00,0.00,0.00,0.00
1483.00,180.000,180.000,170.000,175.000,170.179,179.143,164.697,139.155,170.656,176.814,163.180,145.583,187.840,176.706,178.283,358.996,0.1394,0.0211,0.1293,0.9150,0.00,0.00,0.00,0.00
1484.00,180.000,180.000,170.000,175.000,170.182,179.127,164.687,139.197,170.665,176.804,163.175,145.621,187.849,176.758,178.282,359.027,0.1393,0.0214,0.1293,0.9150,0.00,0.00,0.00,0.00
1485.00,180.000,180.000,170.000,175.000,170.185,179.112,164.677,139.240,170.675,176.794,163.170,145.660,187.858,176.804,178.280,359.058,0.1393,0.0217,0.1294,0.9150,0.00,0.00,0.00,0.00
1486.00,180.000,180.000,170.000,175.000,170.189,179.097,164.667,139.283,170.684,176.785,163.165,145.698,187.867,176.845,178.278,359.090,0.1393,0.0219,0.1294,0.9150,0.00,0.00,0.00,0.00
1487.00,180.000,180.000,170.000,175.000,170.192,179.081,164.657,139.326,170.693,176.775,163.160,145.736,187.877,176.882,178.276,359.121,0.1393,0.0221,0.1295,0.9150,0.00,0.00,0.00,0.00
1488.00,180.000,180.000,170.000,175.000,170.195,179.066,164.647,139.368,170.702,176.766,163.155,145.774,187.886,176.946,178.274,359.152,0.1393,0.0222,0.1295,0.9150,0.00,0.00,0.00,0.00
1489.00,180.000,180.000,170.000,175.000,170.199,179.051,164.637,139.411,170.711,176.756,163.149,145.812,187.896,177.003,178.271,359.183,0.1392,0.0222,0.1296,0.9150,0.00,0.00,0.00,0.00
1490.00,180.000,180.000,170.000,175.000,170.202,179.035,164.627,139.453,170.720,176.747,163.144,145.850,187.906,177.054,178.268,359.215,0.1392,0.0226,0.1297,0.9150,0.00,0.00,0.00,0.00
1491.00,180.000,180.000,170.000,175.000,170.205,179.020,164.617,139.496,170.729,176.738,163.139,145.888,187.916,177.099,178.265,359.246,0.1392,0.0229,0.1297,0.9150,0.00,0.00,0.00,0.00
1492.00,180.000,180.000,170.000,175.000,170.209,179.005,164.607,139.539,170.739,176.729,163.134,145.927,187.926,177.140,178.262,359.277,0.1392,0.0231,0.1298,0.9150,0.00,0.00,0.00,0.00
1493.00,180.000,180.000,170.000,175.000,170.212,178.990,164.597,139.581,170.748,176.721,163.129,145.965,187.937,177.175,178.259,359.308,0.1392,0.0232,0.1298,0.9150,0.00,0.00,0.00,0.00
1494.00,180.000,180.000,170.000,175.000,170.216,178.975,164.588,139.624,170.757,176.712,163.124,146.003,187.947,177.207,178.256,359.339,0.1392,0.0233,0.1299,0.9150,0.00,0.00,0.00,0.00
1495.00,180.000,180.000,170.000,175.000,170.220,178.960,164.578,139.666,170.766,176.703,163.119,146.041,187.958,177.235,178.252,359.370,0.1392,0.0234,0.1299,0.9150,0.00,0.00,0.00,0.00
1496.00,180.000,180.000,170.000,175.000,170.223,178.945,164.568,139.708,170.776,176.695,163.114,146.079,187.969,177.260,178.249,359.402,0.1392,0.0236,0.1299,0.9150,0.00,0.00,0.00,0.00
1497.00,180.000,180.000,170.000,175.000,170.227,178.930,164.558,139.751,170.785,176.686,163.109,146.117,187.979,177.282,178.245,359.433,0.1391,0.0239,0.1300,0.9150,0.00,0.00,0.00,0.00
1498.00,180.000,180.000,170.000,175.000,170.231,178.915,164.549,139.793,170.794,176.678,163.104,146.154,187.990,177.301,178.241,359.464,0.1391,0.0241,0.1300,0.9150,0.00,0.00,0.00,0.00
1499.00,180.000,180.000,170.000,175.000,170.234,178.900,164.539,139.835,170.803,176.670,163.099,146.192,188.001,177.349,178.270,359.495,0.1391,0.0242,0.1301,0.9150,0.00,0.00,0.00,0.00
1500.00,180.000,180.000,170.000,175.000,170.238,178.885,164.530,139.878,170.813,176.661,163.094,146.230,188.012,177.392,178.295,359.526,0.1391,0.0243,0.1302,0.9150,0.00,0.00,0.00,0.00
1501.00,180.000,180.000,170.000,175.000,170.242,178.870,164.520,139.920,170.822,176.653,163.090,146.268,188.023,177.430,178.317,359.557,0.1391,0.0243,0.1302,0.9150,0.00,0.00,0.00,0.00
1502.00,180.000,180.000,170.000,175.000,170.246,178.855,164.511,139.962,170.831,176.645,163.085,146.306,188.034,177.464,178.337,359.588,0.1391,0.0244,0.1303,0.9150,0.00,0.00,0.00,0.00
1503.00,180.000,180.000,170.000,175.000,170.250,178.841,164.501,140.005,170.840,176.637,163.080,146.344,188.045,177.495,178.355,359.619,0.1391,0.0246,0.1303,0.9150,0.00,0.00,0.00,0.00
1504.00,180.000,180.000,170.000,175.000,170.254,178.826,164.492,140.047,170.850,176.630,163.076,146.382,188.056,177.521,178.370,359.650,0.1390,0.0248,0.1304,0.9150,0.00,0.00,0.00,0.00
1505.00,180.000,180.000,170.000,175.000,170.258,178.811,164.482,140.089,170.859,176.622,163.071,146.420,188.067,177.545,178.384,359.681,0.1389,0.0250,0.1304,0.9150,0.00,0.00,0.00,0.00
1506.00,180.000,180.000,170.000,175.000,170.262,178.797,164.473,140.131,170.868,176.614,163.066,146.457,188.079,177.566,178.396,359.712,0.1388,0.0251,0.1305,0.9150,0.00,0.00,0.00,0.00
1507.00,180.000,180.000,170.000,175.000,170.266,178.782,164.463,140.173,170.878,176.606,163.062,146.495,188.090,177.584,178.406,359.743,0.1388,0.0252,0.1305,0.9150,0.00,0.00,0.00,0.00
1508.00,180.000,180.000,170.000,175.000,170.270,178.768,164.454,140.215,170.887,176.599,163.057,146.533,188.101,177.600,178.416,359.774,0.1387,0.0252,0.1305,0.9150,0.00,0.00,0.00,0.00
1509.00,180.000,180.000,170.000,175.000,170.274,178.754,164.445,140.257,170.897,176.591,163.053,146.571,188.113,177.613,178.423,359.804,0.1387,0.0252,0.1306,0.9150,0.00,0.00,0.00,0.00
1510.00,180.000,180.000,170.000,175.000,170.278,178.739,164.436,140.299,170.906,176.584,163.048,146.608,188.124,177.625,178.430,359.835,0.1386,0.0255,0.1307,0.9150,0.00,0.00,0.00,0.00
1511.00,180.000,180.000,170.000,175.000,170.282,178.725,164.426,140.341,170.915,176.577,163.044,146.646,188.135,177.635,178.436,359.866,0.1386,0.0257,0.1307,0.9150,0.00,0.00,0.00,0.00
1512.00,180.000,180.000,170.000,175.000,170.287,178.711,164.417,140.383,170.925,176.569,163.039,146.684,188.147,177.644,178.441,359.897,0.1385,0.0258,0.1308,0.9150,0.00,0.00,0.00,0.00
1513.00,180.000,180.000,170.000,175.000,170.291,178.696,164.408,140.425,170.934,176.562,163.035,146.721,188.158,177.651,178.445,359.928,0.1385,0.0259,0.1308,0.9150,0.00,0.00,0.00,0.00
1514.00,180.000,180.000,170.000,175.000,170.295,178.682,164.399,140.467,170.944,176.555,163.031,146.759,188.170,177.657,178.448,359.959,0.1385,0.0259,0.1309,0.9150,0.00,0.00,0.00,0.00
1515.00,180.000,180.000,170.000,175.000,170.299,178.668,164.390,140.509,170.953,176.547,163.026,146.796,188.181,177.662,178.451,359.989,0.1385,0.0259,0.1309,0.9150,0.00,0.00,0.00,0.00
1516.00,180.000,180.000,170.000,175.000,170.304,178.654,164.381,140.551,170.963,176.540,163.022,146.834,188.193,177.665,178.453,360.020,0.1384,0.0259,0.1310,0.9150,0.00,0.00,0.00,0.00
1517.00,180.000,180.000,170.000,175.000,170.308,178.640,164.372,140.592,170.972,176.533,163.018,146.872,188.204,177.668,178.454,360.051,0.1384,0.0261,0.1310,0.9150,0.00,0.00,0.00,0.00
1518.00,180.000,180.000,170.000,175.000,170.313,178.626,164.363,140.634,170.982,176.526,163.013,146.909,188.216,177.702,178.455,360.082,0.1384,0.0263,0.1310,0.9150,0.00,0.00,0.00,0.00
1519.00,180.000,180.000,170.000,175.000,170.317,178.612,164.354,140.676,170.991,176.519,163.009,146.947,188.228,177.732,178.456,360.112,0.1384,0.0265,0.1310,0.9150,0.00,0.00,0.00,0.00
1520.00,180.000,180.000,170.000,175.000,170.322,178.598,164.345,140.718,171.001,176.512,163.005,146.984,188.239,177.759,178.456,360.143,0.1384,0.0265,0.1311,0.9150,0.00,0.00,0.00,0.00
1521.00,180.000,180.000,170.000,175.000,170.326,178.584,164.336,140.759,171.010,176.505,163.001,147.022,188.251,177.782,178.456,360.174,0.1384,0.0266,0.1312,0.9150,0.00,0.00,0.00,0.00
1522.00,180.000,180.000,170.000,175.000,170.331,178.570,164.327,140.801,171.020,176.498,162.996,147.059,188.263,177.803,178.455,360.205,0.1383,0.0266,0.1312,0.9150,0.00,0.00,0.00,0.00
1523.00,180.000,180.000,170.000,175.000,170.335,178.556,164.318,140.843,171.029,176.491,162.992,147.096,188.274,177.821,178.455,360.235,0.1383,0.0265,0.1313,0.9150,0.00,0.00,0.00,0.00
1524.00,180.000,180.000,170.000,175.000,170.340,178.543,164.309,140.884,171.039,176.484,162.988,147.134,188.286,177.837,178.454,360.266,0.1383,0.0267,0.1313,0.9150,0.00,0.00,0.00,0.00
1525.00,180.000,180.000,170.000,175.000,170.345,178.529,164.301,140.926,171.049,176.478,162.984,147.171,188.298,177.851,178.452,360.296,0.1383,0.0270,0.1314,0.9150,0.00,0.00,0.00,0.00
1526.00,180.000,180.000,170.000,175.000,170.349,178.515,164.292,140.968,171.058,176.471,162.979,147.209,188.309,177.863,178.451,360.327,0.1383,0.0271,0.1314,0.9150,0.00,0.00,0.00,0.00
1527.00,180.000,180.000,170.000,175.000,170.354,178.502,164.283,141.009,171.068,176.465,162.975,147.246,188.321,177.874,178.449,360.358,0.1382,0.0272,0.1315,0.9150,0.00,0.00,0.00,0.00
1528.00,180.000,180.000,170.000,175.000,170.359,178.488,164.274,141.051,171.078,176.458,162.971,147.283,188.333,177.882,178.447,360.388,0.1381,0.0272,0.1315,0.9150,0.00,0.00,0.00,0.00
1529.00,180.000,180.000,170.000,175.000,170.364,178.475,164.266,141.092,171.087,176.452,162.967,147.321,188.345,177.890,178.445,360.419,0.1380,0.0272,0.1315,0.9150,0.00,0.00,0.00,0.00
1530.00,180.000,180.000,170.000,175.000,170.368,178.461,164.257,141.133,171.097,176.445,162.963,147.358,188.340,177.896,178.443,360.449,0.1380,0.0272,0.1315,0.9150,0.00,0.00,0.00,0.00
1531.00,180.000,180.000,170.000,175.000,170.373,178.448,164.248,141.175,171.106,176.439,162.959,147.395,188.322,177.901,178.441,360.480,0.1379,0.0272,0.1316,0.9150,0.00,0.00,0.00,0.00
1532.00,180.000,180.000,170.000,175.000,170.378,178.434,164.240,141.216,171.116,176.432,162.954,147.433,188.306,177.906,178.438,360.510,0.1378,0.0274,0.1317,0.9150,0.00,0.00,0.00,0.00
1533.00,180.000,180.000,170.000,175.000,170.383,178.421,164.231,141.258,171.126,176.426,162.950,147.470,188.293,177.909,178.436,360.541,0.1378,0.0276,0.1317,0.9150,0.00,0.00,0.00,0.00
1534.00,180.000,180.000,170.000,175.000,170.388,178.408,164.223,141.299,171.135,176.420,162.946,147.507,188.282,177.911,178.433,360.571,0.1378,0.0277,0.1318,0.9150,0.00,0.00,0.00,0.00
1535.00,180.000,180.000,170.000,175.000,170.393,178.395,164.214,141.340,171.145,176.413,162.942,147.544,188.273,177.913,178.431,360.602,0.1377,0.0277,0.1318,0.9150,0.00,0.00,0.00,0.00
1536.00,180.000,180.000,170.000,175.000,170.398,178.381,164.206,141.382,171.154,176.407,162.938,147.581,188.267,177.914,178.428,360.632,0.1377,0.0277,0.1319,0.9150,0.00,0.00,0.00,0.00
1537.00,180.000,180.000,170.000,175.000,170.403,178.368,164.197,141.423,171.164,176.401,162.934,147.619,188.262,177.915,178.425,360.663,0.1377,0.0277,0.1319,0.9150,0.00,0.00,0.00,0.00
1538.00,180.000,180.000,170.000,175.000,170.408,178.355,164.189,141.464,171.173,176.394,162.930,147.656,188.258,177.914,178.422,360.693,0.1376,0.0277,0.1320,0.9150,0.00,0.00,0.00,0.00
1539.00,180.000,180.000,170.000,175.000,170.413,178.342,164.181,141.505,171.182,176.388,162.926,147.693,188.257,177.914,178.419,360.723,0.1376,0.0279,0.1320,0.9150,0.00,0.00,0.00,0.00
1540.00,180.000,180.000,170.000,175.000,170.418,178.329,164.172,141.546,171.192,176.382,162.922,147.730,188.256,177.913,178.433,360.754,0.1376,0.0281,0.1320,0.9150,0.00,0.00,0.00,0.00
1541.00,180.000,180.000,170.000,175.000,170.423,178.316,164.164,141.588,171.201,176.376,162.918,147.767,188.257,177.943,178.460,360.784,0.1376,0.0282,0.1320,0.9150,0.00,0.00,0.00,0.00
1542.00,180.000,180.000,170.000,175.000,170.429,178.303,164.156,141.629,171.211,176.370,162.914,147.804,188.258,177.970,178.485,360.814,0.1376,0.0283,0.1321,0.9150,0.00,0.00,0.00,0.00
1543.00,180.000,180.000,170.000,175.000,170.434,178.291,164.147,141.670,171.220,176.364,162.910,147.841,188.261,177.994,178.507,360.845,0.1376,0.0283,0.1321,0.9150,0.00,0.00,0.00,0.00
1544.00,180.000,180.000,170.000,175.000,170.439,178.278,164.139,141.711,171.229,176.358,162.906,147.878,188.264,178.015,178.526,360.875,0.1375,0.0283,0.1322,0.9150,0.00,0.00,0.00,0.00
1545.00,180.000,180.000,170.000,175.000,170.444,178.265,164.131,141.752,171.239,176.352,162.902,147.915,188.269,178.034,178.544,360.905,0.1375,0.0282,0.1323,0.9150,0.00,0.00,0.00,0.00
1546.00,180.000,180.000,170.000,175.000,170.450,178.252,164.123,141.793,171.248,176.346,162.899,147.952,188.274,178.051,178.559,360.936,0.1375,0.0282,0.1323,0.9150,0.00,0.00,0.00,0.00
1547.00,180.000,180.000,170.000,175.000,170.455,178.240,164.115,141.834,171.258,176.340,162.895,147.989,188.279,178.065,178.573,360.966,0.1374,0.0284,0.1324,0.9150,0.00,0.00,0.00,0.00
1548.00,180.000,180.000,170.000,175.000,170.460,178.227,164.107,141.875,171.267,176.335,162.891,148.026,188.285,178.078,178.585,360.996,0.1373,0.0286,0.1324,0.9150,0.00,0.00,0.00,0.00
1549.00,180.000,180.000,170.000,175.000,170.466,178.214,164.099,141.916,171.276,176.329,162.888,148.063,188.292,178.089,178.595,361.026,0.1372,0.0287,0.1324,0.9150,0.00,0.00,0.00,0.00
1550.00,180.000,180.000,170.000,175.000,170.471,178.202,164.090,141.957,171.286,176.323,162.884,148.100,188.299,178.098,178.605,361.057,0.1372,0.0288,0.1325,0.9150,0.00,0.00,0.00,0.00
1551.00,180.000,180.000,170.000,175.000,170.477,178.189,164.082,141.998,171.295,176.318,162.880,148.137,188.307,178.106,178.613,361.087,0.1371,0.0288,0.1325,0.9150,0.00,0.00,0.00,0.00
1552.00,180.000,180.000,170.000,175.000,170.482,178.177,164.074,142.038,171.305,176.312,162.877,148.174,188.315,178.113,178.620,361.117,0.1371,0.0288,0.1325,0.9150,0.00,0.00,0.00,0.00
1553.00,180.000,180.000,170.000,175.000,170.488,178.164,164.066,142.079,171.314,176.306,162.873,148.211,188.323,178.119,178.626,361.147,0.1370,0.0287,0.1326,0.9150,0.00,0.00,0.00,0.00
1554.00,180.000,180.000,170.000,175.000,170.493,178.152,164.059,142.120,171.324,176.301,162.870,148.247,188.332,178.124,178.632,361.177,0.1370,0.0287,0.1326,0.9150,0.00,0.00,0.00,0.00
1555.00,180.000,180.000,170.000,175.000,170.499,178.140,164.051,142.161,171.333,176.295,162.866,148.284,188.341,178.128,178.636,361.207,0.1369,0.0289,0.1326,0.9150,0.00,0.00,0.00,0.00
1556.00,180.000,180.000,170.000,175.000,170.504,178.128,164.043,142.202,171.342,176.290,162.863,148.321,188.350,178.131,178.640,361.237,0.1369,0.0291,0.1327,0.9150,0.00,0.00,0.00,0.00
1557.00,180.000,180.000,170.000,175.000,170.510,178.115,164.035,142.242,171.352,176.284,162.859,148.358,188.360,178.133,178.643,361.268,0.1369,0.0292,0.1327,0.9150,0.00,0.00,0.00,0.00
1558.00,180.000,180.000,170.000,175.000,170.515,178.103,164.027,142.283,171.361,176.279,162.856,148.394,188.370,178.135,178.646,361.298,0.1368,0.0293,0.1328,0.9150,0.00,0.00,0.00,0.00
1559.00,180.000,180.000,170.000,175.000,170.521,178.091,164.019,142.324,171.371,176.274,162.853,148.431,188.380,178.136,178.648,361.328,0.1368,0.0293,0.1328,0.9150,0.00,0.00,0.00,0.00
1560.00,180.000,180.000,170.000,175.000,170.527,178.079,164.012,142.364,171.380,176.268,162.849,148.468,188.390,178.136,178.650,361.358,0.1368,0.0293,0.1329,0.9150,0.00,0.00,0.00,0.00
1561.00,180.000,180.000,170.000,175.000,170.532,178.067,164.004,142.405,171.390,176.263,162.846,148.505,188.400,178.137,178.651,361.388,0.1368,0.0292,0.1329,0.9150,0.00,0.00,0.00,0.00
1562.00,180.000,180.000,170.000,175.000,170.538,178.055,163.996,142.446,171.399,176.257,162.843,148.541,188.410,178.136,178.652,361.418,0.1368,0.0292,0.1330,0.9150,0.00,0.00,0.00,0.00
1563.00,180.000,180.000,170.000,175.000,170.544,178.043,163.988,142.486,171.409,176.252,162.839,148.578,188.421,178.135,178.652,361.448,0.1368,0.0293,0.1330,0.9150,0.00,0.00,0.00,0.00
1564.00,180.000,180.000,170.000,175.000,170.550,178.031,163.981,142.527,171.419,176.247,162.836,148.615,188.432,178.134,178.653,361.478,0.1368,0.0295,0.1330,0.9150,0.00,0.00,0.00,0.00
1565.00,180.000,180.000,170.000,175.000,170.555,178.019,163.973,142.567,171.428,176.241,162.833,148.651,188.443,178.133,178.653,361.508,0.1366,0.0297,0.1330,0.9150,0.00,0.00,0.00,0.00
1566.00,180.000,180.000,170.000,175.000,170.561,178.007,163.966,142.608,171.438,176.236,162.829,148.688,188.453,178.131,178.652,361.538,0.1365,0.0297,0.1331,0.9150,0.00,0.00,0.00,0.00
1567.00,180.000,180.000,170.000,175.000,170.567,177.996,163.958,142.648,171.447,176.231,162.826,148.724,188.465,178.129,178.652,361.568,0.1365,0.0298,0.1331,0.9150,0.00,0.00,0.00,0.00
1568.00,180.000,180.000,170.000,175.000,170.573,177.984,163.951,142.689,171.457,176.226,162.823,148.761,188.476,178.127,178.651,361.598,0.1364,0.0298,0.1331,0.9150,0.00,0.00,0.00,0.00
1569.00,180.000,180.000,170.000,175.000,170.579,177.972,163.943,142.729,171.467,176.220,162.819,148.797,188.487,178.124,178.650,361.627,0.1363,0.0297,0.1332,0.9150,0.00,0.00,0.00,0.00
1570.00,180.000,180.000,170.000,175.000,170.585,177.960,163.936,142.769,171.476,176.215,162.816,148.834,188.498,178.122,178.649,361.657,0.1363,0.0297,0.1332,0.9150,0.00,0.00,0.00,0.00
1571.00,180.000,180.000,170.000,175.000,170.591,177.949,163.928,142.810,171.486,176.210,162.813,148.870,188.509,178.119,178.648,361.687,0.1362,0.0297,0.1333,0.9150,0.00,0.00,0.00,0.00
1572.00,180.000,180.000,170.000,175.000,170.597,177.937,163.921,142.850,171.496,176.205,162.810,148.907,188.521,178.116,178.647,361.717,0.1362,0.0299,0.1334,0.9150,0.00,0.00,0.00,0.00
1573.00,180.000,180.000,170.000,175.000,170.603,177.926,163.913,142.890,171.505,176.199,162.806,148.943,188.532,178.129,178.645,361.747,0.1361,0.0301,0.1334,0.9150,0.00,0.00,0.00,0.00
1574.00,180.000,180.000,170.000,175.000,170.609,177.914,163.906,142.931,171.515,176.194,162.803,148.980,188.544,178.156,178.644,361.777,0.1361,0.0302,0.1334,0.9150,0.00,0.00,0.00,0.00
1575.00,180.000,180.000,170.000,175.000,170.615,177.903,163.899,142.971,171.525,176.189,162.800,149.016,188.555,178.181,178.642,361.807,0.1361,0.0302,0.1335,0.9150,0.00,0.00,0.00,0.00
1576.00,180.000,180.000,170.000,175.000,170.621,177.891,163.891,143.011,171.534,176.184,162.797,149.053,188.567,178.202,178.640,361.836,0.1361,0.0302,0.1335,0.9150,0.00,0.00,0.00,0.00
1577.00,180.000,180.000,170.000,175.000,170.627,177.880,163.884,143.051,171.544,176.179,162.794,149.089,188.579,178.221,178.638,361.866,0.1360,0.0302,0.1335,0.9150,0.00,0.00,0.00,0.00
1578.00,180.000,180.000,170.000,175.000,170.633,177.869,163.877,143.091,171.554,176.174,162.790,149.125,188.590,178.238,178.637,361.896,0.1360,0.0302,0.1336,0.9150,0.00,0.00,0.00,0.00
1579.00,180.000,180.000,170.000,175.000,170.639,177.858,163.870,143.132,171.564,176.170,162.787,149.162,188.602,178.253,178.635,361.926,0.1360,0.0301,0.1336,0.9150,0.00,0.00,0.00,0.00
1580.00,180.000,180.000,170.000,175.000,170.645,177.846,163.862,143.172,171.573,176.165,162.784,149.198,188.614,178.266,178.633,361.955,0.1360,0.0302,0.1336,0.9150,0.00,0.00,0.00,0.00
1581.00,180.000,180.000,170.000,175.000,170.651,177.835,163.855,143.212,171.583,176.160,162.781,149.234,188.594,178.277,178.631,361.985,0.1360,0.0304,0.1336,0.9150,0.00,0.00,0.00,0.00
1582.00,180.000,180.000,170.000,175.000,170.658,177.824,163.848,143.252,171.593,176.155,162.778,149.271,188.576,178.287,178.628,362.015,0.1359,0.0306,0.1337,0.9150,0.00,0.00,0.00,0.00
1583.00,180.000,180.000,170.000,175.000,170.664,177.813,163.841,143.292,171.603,176.151,162.775,149.307,188.562,178.295,178.626,362.044,0.1358,0.0306,0.1337,0.9150,0.00,0.00,0.00,0.00
1584.00,180.000,180.000,170.000,175.000,170.670,177.802,163.834,143.332,171.612,176.146,162.772,149.343,188.550,178.303,178.624,362.074,0.1357,0.0307,0.1338,0.9150,0.00,0.00,0.00,0.00
1585.00,180.000,180.000,170.000,175.000,170.676,177.791,163.827,143.372,171.622,176.141,162.768,149.379,188.541,178.309,178.622,362.104,0.1356,0.0307,0.1338,0.9150,0.00,0.00,0.00,0.00
1586.00,180.000,180.000,170.000,175.000,170.683,177.780,163.820,143.412,171.631,176.137,162.765,149.416,188.533,178.315,178.620,362.133,0.1355,0.0307,0.1339,0.9150,0.00,0.00,0.00,0.00
1587.00,180.000,180.000,170.000,175.000,170.689,177.769,163.813,143.452,171.641,176.132,162.762,149.452,188.527,178.319,178.617,362.163,0.1355,0.0306,0.1339,0.9150,0.00,0.00,0.00,0.00
1588.00,180.000,180.000,170.000,175.000,170.695,177.758,163.806,143.492,171.651,176.128,162.759,149.488,188.523,178.323,178.615,362.193,0.1354,0.0306,0.1340,0.9150,0.00,0.00,0.00,0.00
1589.00,180.000,180.000,170.000,175.000,170.702,177.747,163.799,143.532,171.660,176.123,162.756,149.524,188.521,178.326,178.613,362.222,0.1354,0.0307,0.1340,0.9150,0.00,0.00,0.00,0.00
1590.00,180.000,180.000,170.000,175.000,170.708,177.736,163.792,143.572,171.670,176.118,162.753,149.560,188.520,178.328,178.627,362.252,0.1354,0.0309,0.1340,0.9150,0.00,0.00,0.00,0.00
1591.00,180.000,180.000,170.000,175.000,170.714,177.726,163.785,143.611,171.679,176.114,162.750,149.596,188.520,178.330,178.655,362.281,0.1353,0.0310,0.1340,0.9150,0.00,0.00,0.00,0.00
1592.00,180.000,180.000,170.000,175.000,170.721,177.715,163.778,143.651,171.689,176.109,162.747,149.633,188.521,178.331,178.680,362.311,0.1353,0.0311,0.1341,0.9150,0.00,0.00,0.00,0.00
1593.00,180.000,180.000,170.000,175.000,170.727,177.704,163.771,143.691,171.698,176.105,162.744,149.669,188.523,178.332,178.703,362.340,0.1353,0.0311,0.1341,0.9150,0.00,0.00,0.00,0.00
1594.00,180.000,180.000,170.000,175.000,170.734,177.694,163.764,143.731,171.708,176.101,162.741,149.705,188.526,178.332,178.723,362.370,0.1353,0.0312,0.1341,0.9150,0.00,0.00,0.00,0.00
1595.00,180.000,180.000,170.000,175.000,170.740,177.683,163.758,143.771,171.717,176.096,162.738,149.741,188.530,178.332,178.742,362.399,0.1353,0.0311,0.1341,0.9150,0.00,0.00,0.00,0.00
1596.00,180.000,180.000,170.000,175.000,170.747,177.673,163.751,143.810,171.727,176.092,162.736,149.777,188.535,178.331,178.758,362.429,0.1352,0.0311,0.1341,0.9150,0.00,0.00,0.00,0.00
1597.00,180.000,180.000,170.000,175.000,170.753,177.662,163.744,143.850,171.736,176.087,162.733,149.813,188.540,178.331,178.772,362.458,0.1352,0.0310,0.1342,0.9150,0.00,0.00,0.00,0.00
1598.00,180.000,180.000,170.000,175.000,170.760,177.652,163.737,143.890,171.746,176.083,162.730,149.849,188.546,178.330,178.785,362.488,0.1351,0.0310,0.1343,0.9150,0.00,0.00,0.00,0.00
1599.00,180.000,180.000,170.000,175.000,170.766,177.641,163.731,143.929,171.755,176.078,162.728,149.885,188.553,178.328,178.797,362.517,0.1350,0.0312,0.1343,0.9150,0.00,0.00,0.00,0.00
1600.00,180.000,180.000,170.000,175.000,170.773,177.631,163.724,143.969,171.765,176.074,162.725,149.921,188.560,178.327,178.807,362.547,0.1349,0.0314,0.1344,0.9150,0.00,0.00,0.00,0.00
1601.00,180.000,180.000,170.000,175.000,170.780,177.620,163.717,144.009,171.775,176.070,162.722,149.957,188.568,178.325,178.816,362.576,0.1348,0.0315,0.1344,0.9150,0.00,0.00,0.00,0.00
1602.00,180.000,180.000,170.000,175.000,170.786,177.610,163.711,144.048,171.784,176.065,162.720,149.993,188.576,178.323,178.824,362.605,0.1348,0.0316,0.1344,0.9150,0.00,0.00,0.00,0.00
1603.00,180.000,180.000,170.000,175.000,170.793,177.600,163.704,144.088,171.794,176.061,162.717,150.028,188.584,178.321,178.831,362.635,0.1347,0.0316,0.1345,0.9150,0.00,0.00,0.00,0.00
1604.00,180.000,180.000,170.000,175.000,170.800,177.590,163.698,144.127,171.803,176.057,162.715,150.064,188.593,178.319,178.837,362.664,0.1347,0.0316,0.1345,0.9150,0.00,0.00,0.00,0.00
1605.00,180.000,180.000,170.000,175.000,170.806,177.579,163.691,144.167,171.813,176.052,162.712,150.100,188.601,178.317,178.843,362.693,0.1346,0.0316,0.1345,0.9150,0.00,0.00,0.00,0.00
1606.00,180.000,180.000,170.000,175.000,170.813,177.569,163.685,144.206,171.822,176.048,162.710,150.136,188.611,178.314,178.847,362.723,0.1346,0.0315,0.1345,0.9150,0.00,0.00,0.00,0.00
1607.00,180.000,180.000,170.000,175.000,170.820,177.559,163.678,144.246,171.832,176.044,162.707,150.172,188.620,178.312,178.851,362.752,0.1346,0.0314,0.1346,0.9150,0.00,0.00,0.00,0.00
1608.00,180.000,180.000,170.000,175.000,170.826,177.549,163.672,144.285,171.842,176.040,162.705,150.208,188.630,178.309,178.855,362.781,0.1345,0.0315,0.1346,0.9150,0.00,0.00,0.00,0.00
1609.00,180.000,180.000,170.000,175.000,170.833,177.539,163.665,144.325,171.851,176.035,162.702,150.243,188.640,178.306,178.858,362.810,0.1345,0.0317,0.1346,0.9150,0.00,0.00,0.00,0.00
1610.00,180.000,180.000,170.000,175.000,170.840,177.529,163.659,144.364,171.861,176.031,162.700,150.279,188.650,178.303,178.860,362.840,0.1345,0.0319,0.1346,0.9150,0.00,0.00,0.00,0.00
1611.00,180.000,180.000,170.000,175.000,170.847,177.519,163.652,144.403,171.871,176.027,162.698,150.315,188.660,178.300,178.863,362.869,0.1345,0.0320,0.1346,0.9150,0.00,0.00,0.00,0.00
1612.00,180.000,180.000,170.000,175.000,170.854,177.509,163.646,144.443,171.880,176.022,162.695,150.351,188.671,178.314,178.864,362.898,0.1344,0.0320,0.1347,0.9150,0.00,0.00,0.00,0.00
1613.00,180.000,180.000,170.000,175.000,170.860,177.499,163.640,144.482,171.890,176.018,162.693,150.386,188.682,178.341,178.866,362.927,0.1343,0.0320,0.1347,0.9150,0.00,0.00,0.00,0.00
1614.00,180.000,180.000,170.000,175.000,170.867,177.489,163.633,144.521,171.900,176.014,162.691,150.422,188.692,178.365,178.867,362.957,0.1342,0.0320,0.1348,0.9150,0.00,0.00,0.00,0.00
1615.00,180.000,180.000,170.000,175.000,170.874,177.480,163.627,144.561,171.909,176.010,162.688,150.458,188.703,178.387,178.868,362.986,0.1341,0.0320,0.1348,0.9150,0.00,0.00,0.00,0.00
1616.00,180.000,180.000,170.000,175.000,170.881,177.470,163.621,144.600,171.919,176.006,162.686,150.493,188.714,178.390,178.868,363.015,0.1341,0.0320,0.1349,0.9150,0.00,0.00,0.00,0.00
1617.00,180.000,180.000,170.000,175.000,170.888,177.460,163.615,144.639,171.929,176.002,162.684,150.529,188.725,178.377,178.869,363.044,0.1340,0.0319,0.1349,0.9150,0.00,0.00,0.00,0.00
1618.00,180.000,180.000,170.000,175.000,170.895,177.450,163.609,144.678,171.939,175.998,162.681,150.564,188.720,178.365,178.869,363.073,0.1340,0.0318,0.1350,0.9150,0.00,0.00,0.00,0.00
1619.00,180.000,180.000,170.000,175.000,170.902,177.441,163.602,144.717,171.948,175.994,162.679,150.600,188.701,178.353,178.869,363.102,0.1339,0.0321,0.1350,0.9150,0.00,0.00,0.00,0.00
1620.00,180.000,180.000,170.000,175.000,170.909,177.431,163.596,144.757,171.958,175.990,162.677,150.636,188.685,178.375,178.869,363.131,0.1339,0.0323,0.1350,0.9150,0.00,0.00,0.00,0.00
1621.00,180.000,180.000,170.000,175.000,170.916,177.421,163.590,144.796,171.968,175.986,162.674,150.671,188.671,178.394,178.868,363.160,0.1338,0.0324,0.1350,0.9150,0.00,0.00,0.00,0.00
1622.00,180.000,180.000,170.000,175.000,170.923,177.412,163.584,144.835,171.977,175.982,162.672,150.707,188.660,178.410,178.868,363.190,0.1338,0.0324,0.1350,0.9150,0.00,0.00,0.00,0.00
1623.00,180.000,180.000,170.000,175.000,170.930,177.402,163.578,144.874,171.987,175.978,162.670,150.742,188.651,178.425,178.867,363.219,0.1338,0.0325,0.1351,0.9150,0.00,0.00,0.00,0.00
1624.00,180.000,180.000,170.000,175.000,170.937,177.393,163.572,144.913,171.996,175.974,162.668,150.778,188.644,178.439,178.867,363.248,0.1338,0.0325,0.1351,0.9150,0.00,0.00,0.00,0.00
1625.00,180.000,180.000,170.000,175.000,170.944,177.384,163.566,144.952,172.006,175.971,162.665,150.813,188.639,178.450,178.866,363.277,0.1338,0.0325,0.1351,0.9150,0.00,0.00,0.00,0.00
1626.00,180.000,180.000,170.000,175.000,170.951,177.374,163.560,144.991,172.015,175.967,162.663,150.849,188.635,178.460,178.865,363.306,0.1337,0.0324,0.1351,0.9150,0.00,0.00,0.00,0.00
1627.00,180.000,180.000,170.000,175.000,170.958,177.365,163.554,145.030,172.025,175.963,162.661,150.884,188.633,178.469,178.864,363.335,0.1336,0.0324,0.1351,0.9150,0.00,0.00,0.00,0.00
1628.00,180.000,180.000,170.000,175.000,170.965,177.355,163.548,145.069,172.034,175.959,162.659,150.920,188.632,178.477,178.863,363.364,0.1335,0.0323,0.1352,0.9150,0.00,0.00,0.00,0.00
1629.00,180.000,180.000,170.000,175.000,170.972,177.346,163.542,145.108,172.044,175.956,162.657,150.955,188.633,178.484,178.862,363.393,0.1334,0.0324,0.1352,0.9150,0.00,0.00,0.00,0.00
1630.00,180.000,180.000,170.000,175.000,170.979,177.337,163.536,145.147,172.053,175.952,162.654,150.990,188.634,178.490,178.861,363.422,0.1334,0.0326,0.1353,0.9150,0.00,0.00,0.00,0.00
1631.00,180.000,180.000,170.000,175.000,170.987,177.328,163.530,145.186,172.063,175.948,162.652,151.026,188.637,178.495,178.860,363.450,0.1333,0.0328,0.1353,0.9150,0.00,0.00,0.00,0.00
1632.00,180.000,180.000,170.000,175.000,170.994,177.319,163.525,145.224,172.072,175.945,162.650,151.061,188.640,178.499,178.859,363.479,0.1332,0.0329,0.1354,0.9150,0.00,0.00,0.00,0.00
1633.00,180.000,180.000,170.000,175.000,171.001,177.309,163.519,145.263,172.082,175.941,162.648,151.096,188.644,178.503,178.857,363.508,0.1332,0.0329,0.1354,0.9150,0.00,0.00,0.00,0.00
1634.00,180.000,180.000,170.000,175.000,171.008,177.300,163.513,145.302,172.091,175.938,162.646,151.132,188.649,178.506,178.856,363.537,0.1332,0.0329,0.1354,0.9150,0.00,0.00,0.00,0.00
1635.00,180.000,180.000,170.000,175.000,171.015,177.291,163.507,145.341,172.101,175.934,162.643,151.167,188.655,178.508,178.855,363.566,0.1331,0.0329,0.1355,0.9150,0.00,0.00,0.00,0.00
1636.00,180.000,180.000,170.000,175.000,171.023,177.282,163.501,145.380,172.110,175.931,162.641,151.202,188.661,178.510,178.854,363.595,0.1331,0.0329,0.1355,0.9150,0.00,0.00,0.00,0.00
1637.00,180.000,180.000,170.000,175.000,171.030,177.273,163.496,145.418,172.120,175.927,162.639,151.237,188.667,178.511,178.852,363.624,0.1331,0.0329,0.1355,0.9150,0.00,0.00,0.00,0.00
1638.00,180.000,180.000,170.000,175.000,171.037,177.264,163.490,145.457,172.129,175.923,162.637,151.273,188.675,178.512,178.851,363.653,0.1330,0.0328,0.1355,0.9150,0.00,0.00,0.00,0.00
1639.00,180.000,180.000,170.000,175.000,171.044,177.255,163.484,145.496,172.139,175.920,162.635,151.308,188.682,178.513,178.849,363.681,0.1330,0.0327,0.1355,0.9150,0.00,0.00,0.00,0.00
1640.00,180.000,180.000,170.000,175.000,171.052,177.247,163.479,145.535,172.148,175.916,162.633,151.343,188.690,178.513,178.848,363.710,0.1330,0.0328,0.1356,0.9150,0.00,0.00,0.00,0.00
1641.00,180.000,180.000,170.000,175.000,171.059,177.238,163.473,145.573,172.158,175.913,162.631,151.378,188.699,178.513,178.847,363.739,0.1329,0.0331,0.1356,0.9150,0.00,0.00,0.00,0.00
1642.00,180.000,180.000,170.000,175.000,171.066,177.229,163.467,145.612,172.168,175.910,162.629,151.413,188.707,178.513,178.845,363.768,0.1328,0.0332,0.1356,0.9150,0.00,0.00,0.00,0.00
1643.00,180.000,180.000,170.000,175.000,171.074,177.220,163.462,145.650,172.177,175.906,162.626,151.449,188.716,178.512,178.844,363.796,0.1327,0.0333,0.1356,0.9150,0.00,0.00,0.00,0.00
1644.00,180.000,180.000,170.000,175.000,171.081,177.211,163.456,145.689,172.187,175.903,162.624,151.484,188.726,178.512,178.842,363.825,0.1326,0.0334,0.1356,0.9150,0.00,0.00,0.00,0.00
1645.00,180.000,180.000,170.000,175.000,171.088,177.203,163.451,145.728,172.196,175.899,162.622,151.519,188.735,178.511,178.841,363.854,0.1326,0.0334,0.1356,0.9150,0.00,0.00,0.00,0.00
1646.00,180.000,180.000,170.000,175.000,171.096,177.194,163.445,145.766,172.206,175.896,162.620,151.554,188.745,178.510,178.839,363.883,0.1325,0.0334,0.1357,0.9150,0.00,0.00,0.00,0.00
1647.00,180.000,180.000,170.000,175.000,171.103,177.185,163.440,145.805,172.215,175.892,162.618,151.589,188.755,178.508,178.838,363.911,0.1325,0.0334,0.1357,0.9150,0.00,0.00,0.00,0.00
1648.00,180.000,180.000,170.000,175.000,171.110,177.177,163.434,145.843,172.225,175.889,162.616,151.624,188.765,178.507,178.836,363.940,0.1324,0.0333,0.1358,0.9150,0.00,0.00,0.00,0.00
1649.00,180.000,180.000,170.000,175.000,171.118,177.168,163.429,145.882,172.235,175.886,162.614,151.659,188.775,178.505,178.835,363.969,0.1324,0.0333,0.1358,0.9150,0.00,0.00,0.00,0.00
1650.00,180.000,180.000,170.000,175.000,171.125,177.160,163.423,145.920,172.244,175.882,162.612,151.694,188.786,178.504,178.833,363.997,0.1324,0.0332,0.1359,0.9150,0.00,0.00,0.00,0.00
1651.00,180.000,180.000,170.000,175.000,171.133,177.151,163.418,145.958,172.254,175.879,162.610,151.729,188.796,178.502,178.832,364.026,0.1323,0.0331,0.1359,0.9150,0.00,0.00,0.00,0.00
1652.00,180.000,180.000,170.000,175.000,171.140,177.143,163.413,145.997,172.264,175.875,162.608,151.764,188.807,178.500,178.830,364.054,0.1323,0.0334,0.1359,0.9150,0.00,0.00,0.00,0.00
1653.00,180.000,180.000,170.000,175.000,171.148,177.134,163.407,146.035,172.273,175.872,162.606,151.799,188.818,178.498,178.829,364.083,0.1323,0.0336,0.1360,0.9149,0.00,0.00,0.00,0.00
1654.00,180.000,180.000,170.000,175.000,171.155,177.126,163.402,146.074,172.283,175.869,162.604,151.834,188.829,178.496,178.827,364.112,0.1322,0.0337,0.1360,0.9149,0.00,0.00,0.00,0.00
1655.00,180.000,180.000,170.000,175.000,171.163,177.118,163.397,146.112,172.293,175.865,162.602,151.869,188.840,178.494,178.826,364.140,0.1321,0.0338,0.1360,0.9149,0.00,0.00,0.00,0.00
1656.00,180.000,180.000,170.000,175.000,171.170,177.109,163.391,146.150,172.302,175.862,162.600,151.904,188.851,178.492,178.856,364.169,0.1320,0.0338,0.1360,0.9149,0.00,0.00,0.00,0.00
1657.00,180.000,180.000,170.000,175.000,171.178,177.101,163.386,146.188,172.312,175.859,162.598,151.939,188.830,178.490,178.884,364.197,0.1319,0.0338,0.1360,0.9149,0.00,0.00,0.00,0.00
1658.00,180.000,180.000,170.000,175.000,171.185,177.093,163.381,146.227,172.322,175.855,162.596,151.973,188.813,178.487,178.909,364.226,0.1319,0.0338,0.1360,0.9149,0.00,0.00,0.00,0.00
1659.00,180.000,180.000,170.000,175.000,171.193,177.084,163.376,146.265,172.331,175.852,162.594,152.008,188.798,178.485,178.931,364.254,0.1318,0.0338,0.1361,0.9149,0.00,0.00,0.00,0.00
1660.00,180.000,180.000,170.000,175.000,171.201,177.076,163.371,146.303,172.341,175.849,162.592,152.043,188.785,178.483,178.951,364.283,0.1317,0.0338,0.1361,0.9149,0.00,0.00,0.00,0.00
1661.00,180.000,180.000,170.000,175.000,171.208,177.068,163.365,146.341,172.351,175.846,162.591,152.078,188.775,178.480,178.969,364.311,0.1317,0.0337,0.1361,0.9149,0.00,0.00,0.00,0.00
1662.00,180.000,180.000,170.000,175.000,171.216,177.060,163.360,146.380,172.360,175.842,162.589,152.113,188.767,178.478,178.985,364.340,0.1317,0.0336,0.1361,0.9149,0.00,0.00,0.00,0.00
1663.00,180.000,180.000,170.000,175.000,171.223,177.052,163.355,146.418,172.370,175.839,162.587,152.147,188.761,178.475,179.000,364.368,0.1316,0.0336,0.1361,0.9149,0.00,0.00,0.00,0.00
1664.00,180.000,180.000,170.000,175.000,171.231,177.044,163.350,146.456,172.379,175.836,162.586,152.182,188.757,178.473,179.013,364.396,0.1316,0.0338,0.1361,0.9149,0.00,0.00,0.00,0.00
1665.00,180.000,180.000,170.000,175.000,171.239,177.036,163.345,146.494,172.389,175.832,162.584,152.217,188.754,178.470,179.024,364.425,0.1316,0.0340,0.1362,0.9149,0.00,0.00,0.00,0.00
1666.00,180.000,180.000,170.000,175.000,171.246,177.028,163.340,146.532,172.398,175.829,162.583,152.252,188.753,178.500,179.035,364.453,0.1316,0.0341,0.1362,0.9149,0.00,0.00,0.00,0.00
1667.00,180.000,180.000,170.000,175.000,171.254,177.020,163.335,146.570,172.408,175.826,162.581,152.286,188.752,178.526,179.044,364.482,0.1315,0.0342,0.1363,0.9149,0.00,0.00,0.00,0.00
1668.00,180.000,180.000,170.000,175.000,171.262,177.012,163.330,146.608,172.417,175.823,162.580,152.321,188.753,178.550,179.053,364.510,0.1314,0.0343,0.1363,0.9149,0.00,0.00,0.00,0.00
1669.00,180.000,180.000,170.000,175.000,171.269,177.004,163.325,146.646,172.427,175.820,162.578,152.356,188.755,178.571,179.060,364.538,0.1313,0.0343,0.1364,0.9149,0.00,0.00,0.00,0.00
1670.00,180.000,180.000,170.000,175.000,171.277,176.996,163.320,146.684,172.436,175.817,162.577,152.390,188.758,178.590,179.067,364.567,0.1312,0.0343,0.1364,0.9149,0.00,0.00,0.00,0.00
1671.00,180.000,180.000,170.000,175.000,171.285,176.988,163.315,146.722,172.445,175.814,162.575,152.425,188.762,178.607,179.073,364.595,0.1311,0.0343,0.1364,0.9149,0.00,0.00,0.00,0.00
1672.00,180.000,180.000,170.000,175.000,171.292,176.980,163.310,146.760,172.455,175.811,162.574,152.460,188.766,178.622,179.078,364.623,0.1311,0.0342,0.1364,0.9149,0.00,0.00,0.00,0.00
1673.00,180.000,180.000,170.000,175.000,171.300,176.973,163.305,146.798,172.464,175.808,162.573,152.494,188.772,178.635,179.083,364.652,0.1310,0.0342,0.1365,0.9149,0.00,0.00,0.00,0.00
1674.00,180.000,180.000,170.000,175.000,171.308,176.965,163.300,146.836,172.474,175.805,162.571,152.529,188.777,178.647,179.087,364.680,0.1310,0.0341,0.1365,0.9149,0.00,0.00,0.00,0.00
1675.00,180.000,180.000,170.000,175.000,171.316,176.957,163.295,146.874,172.483,175.802,162.570,152.563,188.784,178.658,179.091,364.708,0.1309,0.0340,0.1365,0.9149,0.00,0.00,0.00,0.00
1676.00,180.000,180.000,170.000,175.000,171.323,176.950,163.291,146.912,172.493,175.800,162.569,152.598,188.791,178.650,179.094,364.736,0.1309,0.0341,0.1365,0.9149,0.00,0.00,0.00,0.00
1677.00,180.000,180.000,170.000,175.000,171.331,176.942,163.286,146.950,172.502,175.797,162.567,152.632,188.798,178.660,179.097,364.765,0.1309,0.0343,0.1365,0.9149,0.00,0.00,0.00,0.00
1678.00,180.000,180.000,170.000,175.000,171.339,176.934,163.281,146.987,172.512,175.794,162.566,152.667,188.806,178.669,179.100,364.793,0.1309,0.0345,0.1365,0.9149,0.00,0.00,0.00,0.00
1679.00,180.000,180.000,170.000,175.000,171.347,176.927,163.276,147.025,172.521,175.791,162.565,152.701,188.814,178.677,179.102,364.821,0.1308,0.0346,0.1365,0.9149,0.00,0.00,0.00,0.00
1680.00,180.000,180.000,170.000,175.000,171.355,176.919,163.271,147.063,172.531,175.789,162.563,152.736,188.822,178.683,179.104,364.849,0.1307,0.0347,0.1366,0.9149,0.00,0.00,0.00,0.00
1681.00,180.000,180.000,170.000,175.000,171.363,176.912,163.267,147.101,172.540,175.786,162.562,152.770,188.831,178.689,179.105,364.877,0.1306,0.0347,0.1366,0.9149,0.00,0.00,0.00,0.00
1682.00,180.000,180.000,170.000,175.000,171.370,176.904,163.262,147.138,172.550,175.783,162.561,152.805,188.840,178.694,179.107,364.906,0.1305,0.0347,0.1366,0.9149,0.00,0.00,0.00,0.00
1683.00,180.000,180.000,170.000,175.000,171.378,176.897,163.257,147.176,172.560,175.781,162.559,152.839,188.850,178.699,179.108,364.934,0.1305,0.0347,0.1366,0.9149,0.00,0.00,0.00,0.00
1684.00,180.000,180.000,170.000,175.000,171.386,176.889,163.253,147.214,172.569,175.778,162.558,152.873,188.859,178.702,179.109,364.962,0.1304,0.0347,0.1366,0.9149,0.00,0.00,0.00,0.00
1685.00,180.000,180.000,170.000,175.000,171.394,176.882,163.248,147.251,172.579,175.775,162.557,152.908,188.869,178.706,179.110,364.990,0.1303,0.0346,0.1366,0.9149,0.00,0.00,0.00,0.00
1686.00,180.000,180.000,170.000,175.000,171.402,176.875,163.244,147.289,172.588,175.773,162.556,152.942,188.879,178.708,179.111,365.018,0.1303,0.0346,0.1367,0.9149,0.00,0.00,0.00,0.00
1687.00,180.000,180.000,170.000,175.000,171.410,176.867,163.239,147.327,172.598,175.770,162.554,152.977,188.889,178.711,179.111,365.046,0.1302,0.0345,0.1367,0.9149,0.00,0.00,0.00,0.00
1688.00,180.000,180.000,170.000,175.000,171.418,176.860,163.234,147.364,172.607,175.768,162.553,153.011,188.900,178.712,179.111,365.074,0.1302,0.0345,0.1368,0.9149,0.00,0.00,0.00,0.00
1689.00,180.000,180.000,170.000,175.000,171.426,176.853,163.230,147.402,172.617,175.765,162.552,153.045,188.910,178.714,179.112,365.102,0.1302,0.0344,0.1368,0.9149,0.00,0.00,0.00,0.00
1690.00,180.000,180.000,170.000,175.000,171.434,176.845,163.225,147.439,172.627,175.763,162.551,153.079,188.921,178.715,179.112,365.130,0.1302,0.0346,0.1368,0.9149,0.00,0.00,0.00,0.00
1691.00,180.000,180.000,170.000,175.000,171.441,176.838,163.221,147.477,172.636,175.760,162.550,153.114,188.931,178.716,179.112,365.158,0.1301,0.0348,0.1369,0.9149,0.00,0.00,0.00,0.00
1692.00,180.000,180.000,170.000,175.000,171.449,176.831,163.216,147.514,172.646,175.757,162.548,153.148,188.942,178.717,179.112,365.186,0.1301,0.0350,0.1369,0.9149,0.00,0.00,0.00,0.00
1693.00,180.000,180.000,170.000,175.000,171.457,176.824,163.212,147.552,172.656,175.755,162.547,153.182,188.953,178.717,179.112,365.214,0.1300,0.0351,0.1369,0.9149,0.00,0.00,0.00,0.00
1694.00,180.000,180.000,170.000,175.000,171.465,176.817,163.208,147.589,172.665,175.752,162.546,153.216,188.932,178.717,179.112,365.242,0.1299,0.0351,0.1369,0.9149,0.00,0.00,0.00,0.00
1695.00,180.000,180.000,170.000,175.000,171.473,176.810,163.203,147.627,172.675,175.750,162.545,153.251,188.914,178.717,179.112,365.270,0.1298,0.0351,0.1369,0.9149,0.00,0.00,0.00,0.00
1696.00,180.000,180.000,170.000,175.000,171.481,176.803,163.199,147.664,172.685,175.747,162.544,153.285,188.899,178.717,179.112,365.298,0.1297,0.0352,0.1370,0.9149,0.00,0.00,0.00,0.00
1697.00,180.000,180.000,170.000,175.000,171.489,176.796,163.195,147.702,172.694,175.745,162.543,153.319,188.887,178.716,179.111,365.326,0.1297,0.0351,0.1370,0.9149,0.00,0.00,0.00,0.00
1698.00,180.000,180.000,170.000,175.000,171.497,176.789,163.190,147.739,172.704,175.743,162.542,153.353,188.877,178.716,179.111,365.354,0.1296,0.0351,0.1370,0.9149,0.00,0.00,0.00,0.00
1699.00,180.000,180.000,170.000,175.000,171.505,176.782,163.186,147.776,172.713,175.740,162.540,153.387,188.869,178.715,179.111,365.382,0.1296,0.0351,0.1370,0.9149,0.00,0.00,0.00,0.00
1700.00,180.000,180.000,170.000,175.000,171.513,176.775,163.182,147.814,172.723,175.738,162.539,153.421,188.862,178.714,179.110,365.410,0.1295,0.0350,0.1370,0.9149,0.00,0.00,0.00,0.00
1701.00,180.000,180.000,170.000,175.000,171.522,176.768,163.177,147.851,172.732,175.735,162.538,153.455,188.858,178.714,179.110,365.438,0.1295,0.0350,0.1370,0.9149,0.00,0.00,0.00,0.00
1702.00,180.000,180.000,170.000,175.000,171.530,176.761,163.173,147.888,172.742,175.733,162.537,153.489,188.855,178.713,179.110,365.465,0.1295,0.0349,0.1370,0.9149,0.00,0.00,0.00,0.00
1703.00,180.000,180.000,170.000,175.000,171.538,176.754,163.169,147.926,172.751,175.730,162.536,153.523,188.853,178.711,179.109,365.493,0.1294,0.0348,0.1370,0.9149,0.00,0.00,0.00,0.00
1704.00,180.000,180.000,170.000,175.000,171.546,176.747,163.165,147.963,172.760,175.728,162.535,153.557,188.853,178.710,179.109,365.521,0.1294,0.0350,0.1370,0.9149,0.00,0.00,0.00,0.00
1705.00,180.000,180.000,170.000,175.000,171.554,176.741,163.160,148.000,172.770,175.725,162.534,153.591,188.854,178.709,179.108,365.549,0.1293,0.0352,0.1370,0.9149,0.00,0.00,0.00,0.00
1706.00,180.000,180.000,170.000,175.000,171.562,176.734,163.156,148.037,172.779,175.723,162.533,153.625,188.856,178.708,179.108,365.577,0.1292,0.0353,0.1370,0.9149,0.00,0.00,0.00,0.00
1707.00,180.000,180.000,170.000,175.000,171.570,176.727,163.152,148.075,172.789,175.721,162.531,153.659,188.858,178.706,179.107,365.605,0.1291,0.0355,0.1370,0.9149,0.00,0.00,0.00,0.00
1708.00,180.000,180.000,170.000,175.000,171.578,176.720,163.148,148.112,172.798,175.718,162.530,153.693,188.862,178.705,179.106,365.632,0.1290,0.0355,0.1371,0.9149,0.00,0.00,0.00,0.00
1709.00,180.000,180.000,170.000,175.000,171.586,176.714,163.144,148.149,172.808,175.716,162.529,153.727,188.866,178.704,179.106,365.660,0.1290,0.0356,0.1371,0.9149,0.00,0.00,0.00,0.00
1710.00,180.000,180.000,170.000,175.000,171.594,176.707,163.140,148.186,172.817,175.713,162.528,153.761,188.872,178.702,179.105,365.688,0.1289,0.0356,0.1372,0.9149,0.00,0.00,0.00,0.00
1711.00,180.000,180.000,170.000,175.000,171.603,176.701,163.136,148.223,172.826,175.711,162.527,153.795,188.877,178.701,179.105,365.716,0.1289,0.0356,0.1372,0.9149,0.00,0.00,0.00,0.00
1712.00,180.000,180.000,170.000,175.000,171.611,176.694,163.132,148.260,172.836,175.709,162.526,153.829,188.884,178.699,179.104,365.743,0.1288,0.0356,0.1373,0.9149,0.00,0.00,0.00,0.00
1713.00,180.000,180.000,170.000,175.000,171.619,176.687,163.128,148.297,172.845,175.706,162.525,153.863,188.890,178.698,179.104,365.771,0.1288,0.0355,0.1373,0.9149,0.00,0.00,0.00,0.00
1714.00,180.000,180.000,170.000,175.000,171.627,176.681,163.124,148.334,172.855,175.704,162.524,153.897,188.898,178.696,179.103,365.799,0.1288,0.0355,0.1373,0.9149,0.00,0.00,0.00,0.00
1715.00,180.000,180.000,170.000,175.000,171.635,176.674,163.120,148.371,172.864,175.702,162.523,153.931,188.905,178.694,179.102,365.826,0.1287,0.0354,0.1373,0.9149,0.00,0.00,0.00,0.00
1716.00,180.000,180.000,170.000,175.000,171.643,176.668,163.116,148.408,172.874,175.699,162.522,153.964,188.913,178.693,179.102,365.854,0.1287,0.0354,0.1374,0.9149,0.00,0.00,0.00,0.00
1717.00,180.000,180.000,170.000,175.000,171.652,176.661,163.112,148.445,172.883,175.697,162.521,153.998,188.922,178.691,179.101,365.882,0.1287,0.0353,0.1374,0.9149,0.00,0.00,0.00,0.00
1718.00,180.000,180.000,170.000,175.000,171.660,176.655,163.108,148.482,172.893,175.695,162.520,154.032,188.930,178.689,179.101,365.909,0.1285,0.0353,0.1374,0.9149,0.00,0.00,0.00,0.00
1719.00,180.000,180.000,170.000,175.000,171.668,176.649,163.104,148.519,172.902,175.692,162.519,154.066,188.939,178.688,179.100,365.937,0.1284,0.0353,0.1374,0.9149,0.00,0.00,0.00,0.00
1720.00,180.000,180.000,170.000,175.000,171.676,176.642,163.100,148.556,172.912,175.690,162.518,154.099,188.949,178.686,179.099,365.964,0.1284,0.0355,0.1374,0.9149,0.00,0.00,0.00,0.00
1721.00,180.000,180.000,170.000,175.000,171.684,176.636,163.096,148.593,172.921,175.688,162.517,154.133,188.958,178.684,179.099,365.992,0.1283,0.0357,0.1374,0.9149,0.00,0.00,0.00,0.00
1722.00,180.000,180.000,170.000,175.000,171.693,176.630,163.092,148.630,172.931,175.685,162.516,154.167,188.968,178.683,179.098,366.020,0.1282,0.0359,0.1375,0.9149,0.00,0.00,0.00,0.00
1723.00,180.000,180.000,170.000,175.000,171.701,176.623,163.088,148.667,172.940,175.683,162.515,154.201,188.978,178.681,179.098,366.047,0.1282,0.0359,0.1375,0.9149,0.00,0.00,0.00,0.00
1724.00,180.000,180.000,170.000,175.000,171.709,176.617,163.085,148.703,172.950,175.681,162.514,154.234,188.988,178.679,179.097,366.075,0.1281,0.0360,0.1375,0.9149,0.00,0.00,0.00,0.00
1725.00,180.000,180.000,170.000,175.000,171.717,176.611,163.081,148.740,172.959,175.679,162.513,154.268,188.998,178.694,179.096,366.102,0.1281,0.0360,0.1375,0.9149,0.00,0.00,0.00,0.00
1726.00,180.000,180.000,170.000,175.000,171.726,176.605,163.077,148.777,172.969,175.676,162.512,154.302,189.009,178.723,179.096,366.130,0.1280,0.0360,0.1375,0.9149,0.00,0.00,0.00,0.00
1727.00,180.000,180.000,170.000,175.000,171.734,176.599,163.073,148.814,172.979,175.674,162.511,154.335,189.019,178.748,179.095,366.157,0.1280,0.0360,0.1375,0.9149,0.00,0.00,0.00,0.00
1728.00,180.000,180.000,170.000,175.000,171.742,176.592,163.070,148.851,172.988,175.672,162.510,154.369,189.030,178.771,179.095,366.185,0.1280,0.0360,0.1375,0.9149,0.00,0.00,0.00,0.00
1729.00,180.000,180.000,170.000,175.000,171.750,176.586,163.066,148.887,172.998,175.670,162.509,154.402,189.008,178.760,179.094,366.212,0.1279,0.0360,0.1375,0.9149,0.00,0.00,0.00,0.00
1730.00,180.000,180.000,170.000,175.000,171.759,176.580,163.062,148.924,173.007,175.668,162.508,154.436,188.990,178.750,179.094,366.240,0.1278,0.0359,0.1375,0.9149,0.00,0.00,0.00,0.00
1731.00,180.000,180.000,170.000,175.000,171.767,176.574,163.059,148.961,173.017,175.666,162.507,154.469,188.975,178.741,179.093,366.267,0.1277,0.0359,0.1375,0.9149,0.00,0.00,0.00,0.00
1732.00,180.000,180.000,170.000,175.000,171.775,176.568,163.055,148.997,173.026,175.664,162.506,154.503,188.962,178.732,179.092,366.294,0.1276,0.0358,0.1375,0.9149,0.00,0.00,0.00,0.00
1733.00,180.000,180.000,170.000,175.000,171.784,176.562,163.051,149.034,173.036,175.662,162.505,154.536,188.952,178.724,179.092,366.322,0.1276,0.0357,0.1375,0.9149,0.00,0.00,0.00,0.00
1734.00,180.000,180.000,170.000,175.000,171.792,176.556,163.048,149.071,173.045,175.659,162.504,154.570,188.944,178.717,179.091,366.349,0.1275,0.0357,0.1375,0.9149,0.00,0.00,0.00,0.00
1735.00,180.000,180.000,170.000,175.000,171.800,176.550,163.044,149.107,173.054,175.657,162.503,154.603,188.937,178.710,179.091,366.377,0.1275,0.0356,0.1376,0.9149,0.00,0.00,0.00,0.00
1736.00,180.000,180.000,170.000,175.000,171.809,176.544,163.040,149.144,173.064,175.655,162.502,154.637,188.932,178.704,179.090,366.404,0.1274,0.0359,0.1376,0.9149,0.00,0.00,0.00,0.00
1737.00,180.000,180.000,170.000,175.000,171.817,176.538,163.037,149.180,173.073,175.653,162.502,154.670,188.929,178.714,179.090,366.431,0.1274,0.0361,0.1377,0.9149,0.00,0.00,0.00,0.00
1738.00,180.000,180.000,170.000,175.000,171.825,176.532,163.033,149.217,173.083,175.651,162.501,154.704,188.927,178.739,179.089,366.459,0.1273,0.0362,0.1377,0.9149,0.00,0.00,0.00,0.00
1739.00,180.000,180.000,170.000,175.000,171.834,176.527,163.030,149.253,173.092,175.649,162.500,154.737,188.927,178.761,179.088,366.486,0.1273,0.0363,0.1377,0.9149,0.00,0.00,0.00,0.00
1740.00,180.000,180.000,170.000,175.000,171.842,176.521,163.026,149.290,173.101,175.647,162.499,154.771,188.928,178.782,179.088,366.513,0.1273,0.0364,0.1378,0.9149,0.00,0.00,0.00,0.00
1741.00,180.000,180.000,170.000,175.000,171.851,176.515,163.023,149.326,173.111,175.645,162.498,154.804,188.929,178.800,179.087,366.541,0.1272,0.0364,0.1378,0.9149,0.00,0.00,0.00,0.00
1742.00,180.000,180.000,170.000,175.000,171.859,176.509,163.019,149.363,173.120,175.643,162.497,154.837,188.932,178.816,179.087,366.568,0.1271,0.0365,0.1378,0.9149,0.00,0.00,0.00,0.00
1743.00,180.000,180.000,170.000,175.000,171.867,176.503,163.016,149.399,173.129,175.641,162.496,154.871,188.935,178.830,179.086,366.595,0.1270,0.0365,0.1378,0.9149,0.00,0.00,0.00,0.00
1744.00,180.000,180.000,170.000,175.000,171.876,176.498,163.012,149.436,173.139,175.640,162.495,154.904,188.940,178.843,179.086,366.622,0.1269,0.0364,0.1378,0.9149,0.00,0.00,0.00,0.00
1745.00,180.000,180.000,170.000,175.000,171.884,176.492,163.009,149.472,173.148,175.638,162.494,154.937,188.945,178.855,179.085,366.650,0.1269,0.0364,0.1379,0.9149,0.00,0.00,0.00,0.00
1746.00,180.000,180.000,170.000,175.000,171.893,176.486,163.005,149.508,173.157,175.636,162.493,154.971,188.950,178.865,179.085,366.677,0.1268,0.0364,0.1379,0.9149,0.00,0.00,0.00,0.00
1747.00,180.000,180.000,170.000,175.000,171.901,176.481,163.002,149.545,173.167,175.634,162.493,155.004,188.956,178.875,179.084,366.704,0.1267,0.0363,0.1379,0.9149,0.00,0.00,0.00,0.00
1748.00,180.000,180.000,170.000,175.000,171.909,176.475,162.999,149.581,173.176,175.633,162.492,155.037,188.963,178.883,179.084,366.731,0.1267,0.0363,0.1379,0.9149,0.00,0.00,0.00,0.00
1749.00,180.000,180.000,170.000,175.000,171.918,176.469,162.995,149.617,173.185,175.631,162.491,155.070,188.970,178.891,179.083,366.758,0.1267,0.0362,0.1379,0.9149,0.00,0.00,0.00,0.00
1750.00,180.000,180.000,170.000,175.000,171.926,176.464,162.992,149.654,173.195,175.629,162.490,155.104,188.978,178.897,179.083,366.785,0.1266,0.0362,0.1379,0.9149,0.00,0.00,0.00,0.00
1751.00,180.000,180.000,170.000,175.000,171.935,176.458,162.989,149.690,173.204,175.628,162.489,155.137,188.985,178.903,179.082,366.813,0.1266,0.0361,0.1379,0.9149,0.00,0.00,0.00,0.00
1752.00,180.000,180.000,170.000,175.000,171.943,176.453,162.985,149.726,173.214,175.626,162.488,155.170,188.994,178.908,179.082,366.840,0.1266,0.0361,0.1379,0.9149,0.00,0.00,0.00,0.00
1753.00,180.000,180.000,170.000,175.000,171.952,176.447,162.982,149.762,173.223,175.624,162.488,155.203,189.002,178.913,179.081,366.867,0.1265,0.0363,0.1379,0.9149,0.00,0.00,0.00,0.00
1754.00,180.000,180.000,170.000,175.000,171.960,176.442,162.979,149.799,173.232,175.623,162.487,155.236,189.011,178.917,179.081,366.894,0.1264,0.0365,0.1379,0.9149,0.00,0.00,0.00,0.00
1755.00,180.000,180.000,170.000,175.000,171.969,176.436,162.975,149.835,173.242,175.621,162.486,155.269,189.020,178.920,179.080,366.921,0.1263,0.0366,0.1379,0.9149,0.00,0.00,0.00,0.00
1756.00,180.000,180.000,170.000,175.000,171.977,176.431,162.972,149.871,173.251,175.620,162.485,155.302,189.030,178.924,179.080,366.948,0.1262,0.0368,0.1379,0.9149,0.00,0.00,0.00,0.00
1757.00,180.000,180.000,170.000,175.000,171.986,176.426,162.969,149.907,173.261,175.618,162.484,155.336,189.039,178.926,179.079,366.975,0.1262,0.0368,0.1379,0.9149,0.00,0.00,0.00,0.00
1758.00,180.000,180.000,170.000,175.000,171.994,176.420,162.966,149.943,173.270,175.616,162.483,155.369,189.049,178.929,179.079,367.002,0.1261,0.0369,0.1379,0.9149,0.00,0.00,0.00,0.00
1759.00,180.000,180.000,170.000,175.000,172.003,176.415,162.962,149.979,173.280,175.615,162.483,155.402,189.059,178.931,179.078,367.029,0.1260,0.0369,0.1379,0.9149,0.00,0.00,0.00,0.00
1760.00,180.000,180.000,170.000,175.000,172.011,176.409,162.959,150.015,173.289,175.613,162.482,155.435,189.069,178.932,179.078,367.056,0.1260,0.0369,0.1379,0.9149,0.00,0.00,0.00,0.00
1761.00,180.000,180.000,170.000,175.000,172.020,176.404,162.956,150.051,173.299,175.612,162.481,155.468,189.047,178.934,179.077,367.083,0.1260,0.0369,0.1379,0.9149,0.00,0.00,0.00,0.00
1762.00,180.000,180.000,170.000,175.000,172.028,176.399,162.953,150.087,173.308,175.610,162.480,155.501,189.029,178.935,179.077,367.110,0.1259,0.0369,0.1379,0.9149,0.00,0.00,0.00,0.00
1763.00,180.000,180.000,170.000,175.000,172.037,176.394,162.950,150.123,173.317,175.609,162.479,155.534,189.013,178.936,179.076,367.137,0.1259,0.0369,0.1379,0.9149,0.00,0.00,0.00,0.00
1764.00,180.000,180.000,170.000,175.000,172.045,176.388,162.947,150.159,173.327,175.607,162.479,155.567,189.000,178.937,179.076,367.164,0.1259,0.0368,0.1380,0.9149,0.00,0.00,0.00,0.00
1765.00,180.000,180.000,170.000,175.000,172.054,176.383,162.944,150.195,173.336,175.606,162.478,155.600,188.989,178.938,179.092,367.191,0.1258,0.0368,0.1380,0.9149,0.00,0.00,0.00,0.00
1766.00,180.000,180.000,170.000,175.000,172.062,176.378,162.940,150.231,173.345,175.605,162.477,155.633,188.981,178.938,179.122,367.218,0.1257,0.0367,0.1381,0.9149,0.00,0.00,0.00,0.00
1767.00,180.000,180.000,170.000,175.000,172.071,176.373,162.937,150.267,173.355,175.603,162.477,155.666,188.974,178.939,179.149,367.245,0.1256,0.0367,0.1381,0.9149,0.00,0.00,0.00,0.00
1768.00,180.000,180.000,170.000,175.000,172.079,176.368,162.934,150.303,173.364,175.602,162.476,155.698,188.969,178.939,179.174,367.272,0.1255,0.0366,0.1382,0.9149,0.00,0.00,0.00,0.00
1769.00,180.000,180.000,170.000,175.000,172.088,176.363,162.931,150.339,173.373,175.600,162.475,155.731,188.965,178.939,179.196,367.299,0.1254,0.0366,0.1382,0.9149,0.00,0.00,0.00,0.00
1770.00,180.000,180.000,170.000,175.000,172.096,176.358,162.928,150.375,173.382,175.599,162.475,155.764,188.963,178.939,179.216,367.326,0.1254,0.0365,0.1382,0.9149,0.00,0.00,0.00,0.00
1771.00,180.000,180.000,170.000,175.000,172.105,176.353,162.925,150.411,173.392,175.597,162.474,155.797,188.962,178.939,179.234,367.353,0.1253,0.0364,0.1382,0.9149,0.00,0.00,0.00,0.00
1772.00,180.000,180.000,170.000,175.000,172.114,176.348,162.922,150.447,173.401,175.596,162.474,155.830,188.963,178.939,179.251,367.379,0.1253,0.0366,0.1382,0.9149,0.00,0.00,0.00,0.00
1773.00,180.000,180.000,170.000,175.000,172.122,176.343,162.919,150.483,173.410,175.595,162.474,155.863,188.964,178.938,179.265,367.406,0.1252,0.0368,0.1383,0.9149,0.00,0.00,0.00,0.00
1774.00,180.000,180.000,170.000,175.000,172.131,176.338,162.916,150.518,173.419,175.593,162.473,155.896,188.967,178.938,179.279,367.433,0.1252,0.0370,0.1383,0.9149,0.00,0.00,0.00,0.00
1775.00,180.000,180.000,170.000,175.000,172.139,176.333,162.913,150.554,173.428,175.592,162.473,155.928,188.970,178.938,179.291,367.460,0.1252,0.0371,0.1383,0.9149,0.00,0.00,0.00,0.00
1776.00,180.000,180.000,170.000,175.000,172.148,176.328,162.910,150.590,173.438,175.590,162.473,155.961,188.974,178.937,179.302,367.487,0.1252,0.0372,0.1383,0.9149,0.00,0.00,0.00,0.00
1777.00,180.000,180.000,170.000,175.000,172.156,176.323,162.908,150.626,173.447,175.589,162.472,155.994,188.979,178.937,179.312,367.513,0.1251,0.0373,0.1383,0.9149,0.00,0.00,0.00,0.00
1778.00,180.000,180.000,170.000,175.000,172.165,176.318,162.905,150.661,173.456,175.588,162.472,156.027,188.984,178.936,179.321,367.540,0.1250,0.0373,0.1383,0.9149,0.00,0.00,0.00,0.00
1779.00,180.000,180.000,170.000,175.000,172.174,176.313,162.902,150.697,173.465,175.586,162.472,156.059,188.990,178.936,179.329,367.567,0.1249,0.0373,0.1383,0.9149,0.00,0.00,0.00,0.00
1780.00,180.000,180.000,170.000,175.000,172.182,176.308,162.899,150.733,173.475,175.585,162.472,156.092,188.996,178.935,179.337,367.594,0.1248,0.0373,0.1383,0.9149,0.00,0.00,0.00,0.00
1781.00,180.000,180.000,170.000,175.000,172.191,176.303,162.896,150.768,173.484,175.584,162.472,156.125,189.003,178.935,179.343,367.620,0.1247,0.0373,0.1383,0.9149,0.00,0.00,0.00,0.00
1782.00,180.000,180.000,170.000,175.000,172.199,176.299,162.893,150.804,173.493,175.582,162.471,156.157,189.011,178.934,179.350,367.647,0.1247,0.0373,0.1383,0.9149,0.00,0.00,0.00,0.00
1783.00,180.000,180.000,170.000,175.000,172.208,176.294,162.890,150.840,173.502,175.581,162.471,156.190,189.018,178.933,179.355,367.674,0.1246,0.0373,0.1383,0.9149,0.00,0.00,0.00,0.00
1784.00,180.000,180.000,170.000,175.000,172.217,176.289,162.888,150.875,173.512,175.579,162.471,156.223,189.027,178.933,179.360,367.700,0.1246,0.0372,0.1383,0.9149,0.00,0.00,0.00,0.00
1785.00,180.000,180.000,170.000,175.000,172.225,176.284,162.885,150.911,173.521,175.578,162.471,156.255,189.035,178.932,179.365,367.727,0.1245,0.0372,0.1383,0.9149,0.00,0.00,0.00,0.00
1786.00,180.000,180.000,170.000,175.000,172.234,176.280,162.882,150.946,173.530,175.577,162.471,156.288,189.044,178.931,179.369,367.754,0.1245,0.0371,0.1383,0.9149,0.00,0.00,0.00,0.00
1787.00,180.000,180.000,170.000,175.000,172.243,176.275,162.879,150.982,173.539,175.575,162.471,156.320,189.053,178.931,179.373,367.780,0.1245,0.0371,0.1383,0.9149,0.00,0.00,0.00,0.00
1788.00,180.000,180.000,170.000,175.000,172.251,176.270,162.877,151.018,173.549,175.574,162.471,156.353,189.062,178.930,179.376,367.807,0.1244,0.0370,0.1383,0.9149,0.00,0.00,0.00,0.00
1789.00,180.000,180.000,170.000,175.000,172.260,176.266,162.874,151.053,173.558,175.573,162.471,156.385,189.071,178.929,179.379,367.834,0.1243,0.0370,0.1383,0.9149,0.00,0.00,0.00,0.00
1790.00,180.000,180.000,170.000,175.000,172.268,176.261,162.871,151.089,173.567,175.572,162.470,156.418,189.081,178.928,179.382,367.860,0.1242,0.0369,0.1383,0.9149,0.00,0.00,0.00,0.00
1791.00,180.000,180.000,170.000,175.000,172.277,176.257,162.869,151.124,173.577,175.570,162.470,156.450,189.091,178.928,179.385,367.887,0.1241,0.0369,0.1383,0.9149,0.00,0.00,0.00,0.00
1792.00,180.000,180.000,170.000,175.000,172.286,176.252,162.866,151.159,173.586,175.569,162.470,156.483,189.101,178.927,179.387,367.913,0.1241,0.0368,0.1383,0.9149,0.00,0.00,0.00,0.00
1793.00,180.000,180.000,170.000,175.000,172.294,176.248,162.863,151.195,173.595,175.568,162.470,156.515,189.111,178.926,179.389,367.940,0.1240,0.0370,0.1383,0.9149,0.00,0.00,0.00,0.00
1794.00,180.000,180.000,170.000,175.000,172.303,176.243,162.861,151.230,173.605,175.566,162.470,156.548,189.089,178.925,179.391,367.967,0.1239,0.0373,0.1383,0.9149,0.00,0.00,0.00,0.00
1795.00,180.000,180.000,170.000,175.000,172.312,176.239,162.858,151.266,173.614,175.565,162.470,156.580,189.070,178.925,179.393,367.993,0.1239,0.0374,0.1383,0.9149,0.00,0.00,0.00,0.00
1796.00,180.000,180.000,170.000,175.000,172.320,176.234,162.856,151.301,173.623,175.564,162.470,156.613,189.055,178.924,179.395,368.020,0.1239,0.0376,0.1383,0.9149,0.00,0.00,0.00,0.00
1797.00,180.000,180.000,170.000,175.000,172.329,176.230,162.853,151.336,173.633,175.563,162.470,156.645,189.041,178.923,179.396,368.046,0.1238,0.0377,0.1383,0.9149,0.00,0.00,0.00,0.00
1798.00,180.000,180.000,170.000,175.000,172.338,176.225,162.850,151.372,173.642,175.561,162.470,156.678,189.030,178.922,179.398,368.073,0.1238,0.0377,0.1383,0.9149,0.00,0.00,0.00,0.00
1799.00,180.000,180.000,170.000,175.000,172.346,176.221,162.848,151.407,173.651,175.560,162.470,156.710,189.022,178.921,179.399,368.099,0.1238,0.0378,0.1384,0.9149,0.00,0.00,0.00,0.00
1800.00,180.000,180.000,170.000,175.000,172.355,176.216,162.845,151.442,173.660,175.559,162.470,156.742,189.015,178.921,179.400,368.125,0.1237,0.0378,0.1384,0.9149,0.00,0.00,0.00,0.00
1801.00,180.000,180.000,170.000,175.000,172.364,176.212,162.843,151.478,173.669,175.558,162.470,156.775,189.010,178.920,179.401,368.152,0.1236,0.0378,0.1385,0.9149,0.00,0.00,0.00,0.00
1802.00,180.000,180.000,170.000,175.000,172.372,176.208,162.840,151.513,173.678,175.556,162.470,156.807,189.006,178.919,179.402,368.178,0.1235,0.0378,0.1385,0.9149,0.00,0.00,0.00,0.00
1803.00,180.000,180.000,170.000,175.000,172.381,176.203,162.838,151.548,173.687,175.555,162.470,156.839,189.004,178.918,179.403,368.205,0.1234,0.0377,0.1385,0.9149,0.00,0.00,0.00,0.00
1804.00,180.000,180.000,170.000,175.000,172.390,176.199,162.836,151.583,173.697,175.554,162.470,156.872,189.003,178.918,179.404,368.231,0.1233,0.0377,0.1386,0.9149,0.00,0.00,0.00,0.00
1805.00,180.000,180.000,170.000,175.000,172.399,176.195,162.833,151.618,173.706,175.553,162.470,156.904,189.003,178.917,179.405,368.258,0.1233,0.0377,0.1386,0.9149,0.00,0.00,0.00,0.00
1806.00,180.000,180.000,170.000,175.000,172.407,176.190,162.831,151.654,173.715,175.551,162.470,156.936,189.005,178.916,179.406,368.284,0.1232,0.0376,0.1386,0.9149,0.00,0.00,0.00,0.00
1807.00,180.000,180.000,170.000,175.000,172.416,176.186,162.828,151.689,173.724,175.550,162.470,156.968,189.007,178.915,179.407,368.310,0.1232,0.0376,0.1386,0.9149,0.00,0.00,0.00,0.00
1808.00,180.000,180.000,170.000,175.000,172.425,176.182,162.826,151.724,173.733,175.549,162.470,157.001,189.010,178.914,179.407,368.337,0.1231,0.0376,0.1386,0.9149,0.00,0.00,0.00,0.00
1809.00,180.000,180.000,170.000,175.000,172.433,176.178,162.824,151.759,173.742,175.548,162.470,157.033,189.014,178.914,179.408,368.363,0.1231,0.0375,0.1387,0.9149,0.00,0.00,0.00,0.00
1810.00,180.000,180.000,170.000,175.000,172.442,176.174,162.821,151.794,173.751,175.547,162.470,157.065,189.019,178.913,179.409,368.389,0.1231,0.0375,0.1387,0.9149,0.00,0.00,0.00,0.00
1811.00,180.000,180.000,170.000,175.000,172.451,176.169,162.819,151.829,173.760,175.545,162.470,157.097,189.024,178.912,179.409,368.416,0.1230,0.0374,0.1387,0.9149,0.00,0.00,0.00,0.00
1812.00,180.000,180.000,170.000,175.000,172.459,176.165,162.817,151.864,173.769,175.544,162.471,157.129,189.030,178.911,179.410,368.442,0.1229,0.0374,0.1387,0.9149,0.00,0.00,0.00,0.00
1813.00,180.000,180.000,170.000,175.000,172.468,176.161,162.814,151.899,173.778,175.543,162.471,157.161,189.036,178.911,179.411,368.468,0.1228,0.0373,0.1387,0.9149,0.00,0.00,0.00,0.00
1814.00,180.000,180.000,170.000,175.000,172.477,176.157,162.812,151.934,173.788,175.542,162.471,157.194,189.043,178.910,179.411,368.494,0.1227,0.0373,0.1387,0.9149,0.00,0.00,0.00,0.00
1815.00,180.000,180.000,170.000,175.000,172.486,176.153,162.810,151.969,173.797,175.541,162.471,157.226,189.050,178.909,179.412,368.521,0.1227,0.0372,0.1387,0.9149,0.00,0.00,0.00,0.00
1816.00,180.000,180.000,170.000,175.000,172.494,176.149,162.807,152.004,173.806,175.540,162.471,157.258,189.058,178.908,179.412,368.547,0.1226,0.0373,0.1387,0.9149,0.00,0.00,0.00,0.00
1817.00,180.000,180.000,170.000,175.000,172.503,176.145,162.805,152.039,173.815,175.538,162.471,157.290,189.066,178.908,179.413,368.573,0.1226,0.0376,0.1387,0.9149,0.00,0.00,0.00,0.00
1818.00,180.000,180.000,170.000,175.000,172.512,176.141,162.803,152.074,173.824,175.537,162.471,157.322,189.074,178.907,179.413,368.599,0.1225,0.0378,0.1387,0.9149,0.00,0.00,0.00,0.00
1819.00,180.000,180.000,170.000,175.000,172.521,176.137,162.801,152.109,173.833,175.536,162.471,157.354,189.083,178.906,179.414,368.625,0.1225,0.0379,0.1387,0.9149,0.00,0.00,0.00,0.00
1820.00,180.000,180.000,170.000,175.000,172.529,176.133,162.799,152.144,173.843,175.535,162.471,157.386,189.091,178.906,179.414,368.652,0.1224,0.0380,0.1387,0.9149,0.00,0.00,0.00,0.00
1821.00,180.000,180.000,170.000,175.000,172.538,176.129,162.796,152.179,173.852,175.534,162.471,157.418,189.100,178.937,179.415,368.678,0.1224,0.0381,0.1387,0.9149,0.00,0.00,0.00,0.00
1822.00,180.000,180.000,170.000,175.000,172.547,176.125,162.794,152.214,173.861,175.533,162.471,157.450,189.110,178.965,179.415,368.704,0.1224,0.0382,0.1387,0.9149,0.00,0.00,0.00,0.00
1823.00,180.000,180.000,170.000,175.000,172.556,176.121,162.792,152.249,173.870,175.532,162.472,157.482,189.119,178.990,179.415,368.730,0.1223,0.0382,0.1387,0.9149,0.00,0.00,0.00,0.00
1824.00,180.000,180.000,170.000,175.000,172.564,176.117,162.790,152.283,173.879,175.531,162.472,157.514,189.129,179.013,179.416,368.756,0.1222,0.0382,0.1387,0.9149,0.00,0.00,0.00,0.00
1825.00,180.000,180.000,170.000,175.000,172.573,176.113,162.788,152.318,173.889,175.530,162.472,157.546,189.139,179.034,179.416,368.782,0.1221,0.0382,0.1387,0.9149,0.00,0.00,0.00,0.00
1826.00,180.000,180.000,170.000,175.000,172.582,176.109,162.786,152.353,173.898,175.529,162.472,157.578,189.149,179.053,179.417,368.808,0.1220,0.0382,0.1387,0.9149,0.00,0.00,0.00,0.00
1827.00,180.000,180.000,170.000,175.000,172.591,176.105,162.784,152.388,173.907,175.528,162.472,157.610,189.142,179.070,179.417,368.835,0.1219,0.0382,0.1387,0.9149,0.00,0.00,0.00,0.00
1828.00,180.000,180.000,170.000,175.000,172.599,176.102,162.782,152.423,173.916,175.528,162.472,157.641,189.122,179.085,179.418,368.861,0.1219,0.0381,0.1387,0.9149,0.00,0.00,0.00,0.00
1829.00,180.000,180.000,170.000,175.000,172.608,176.098,162.780,152.457,173.925,175.527,162.472,157.673,189.105,179.099,179.418,368.887,0.1218,0.0381,0.1387,0.9149,0.00,0.00,0.00,0.00
1830.00,180.000,180.000,170.000,175.000,172.617,176.094,162.778,152.492,173.935,175.526,162.473,157.705,189.090,179.111,179.418,368.913,0.1218,0.0381,0.1387,0.9149,0.00,0.00,0.00,0.00
1831.00,180.000,180.000,170.000,175.000,172.626,176.090,162.776,152.527,173.944,175.525,162.473,157.737,189.078,179.122,179.419,368.939,0.1218,0.0380,0.1387,0.9149,0.00,0.00,0.00,0.00
1832.00,180.000,180.000,170.000,175.000,172.634,176.086,162.774,152.561,173.953,175.525,162.473,157.769,189.068,179.133,179.419,368.965,0.1217,0.0380,0.1387,0.9149,0.00,0.00,0.00,0.00
1833.00,180.000,180.000,170.000,175.000,172.643,176.083,162.772,152.596,173.962,175.524,162.473,157.801,189.060,179.110,179.420,368.991,0.1217,0.0379,0.1387,0.9149,0.00,0.00,0.00,0.00
1834.00,180.000,180.000,170.000,175.000,172.652,176.079,162.770,152.631,173.971,175.523,162.473,157.832,189.054,179.089,179.420,369.017,0.1217,0.0379,0.1387,0.9149,0.00,0.00,0.00,0.00
1835.00,180.000,180.000,170.000,175.000,172.661,176.075,162.768,152.665,173.980,175.523,162.473,157.864,189.050,179.071,179.421,369.043,0.1215,0.0379,0.1387,0.9149,0.00,0.00,0.00,0.00
1836.00,180.000,180.000,170.000,175.000,172.670,176.072,162.766,152.700,173.989,175.522,162.474,157.896,189.047,179.054,179.421,369.069,0.1214,0.0378,0.1387,0.9149,0.00,0.00,0.00,0.00
1837.00,180.000,180.000,170.000,175.000,172.678,176.068,162.764,152.734,173.998,175.521,162.474,157.928,189.045,179.038,179.421,369.095,0.1214,0.0378,0.1387,0.9149,0.00,0.00,0.00,0.00
1838.00,180.000,180.000,170.000,175.000,172.687,176.064,162.762,152.769,174.007,175.520,162.474,157.959,189.045,179.024,179.422,369.121,0.1213,0.0377,0.1387,0.9149,0.00,0.00,0.00,0.00
1839.00,180.000,180.000,170.000,175.000,172.696,176.061,162.760,152.804,174.016,175.520,162.474,157.991,189.046,179.012,179.422,369.146,0.1212,0.0377,0.1387,0.9149,0.00,0.00,0.00,0.00
1840.00,180.000,180.000,170.000,175.000,172.705,176.057,162.758,152.838,174.025,175.519,162.474,158.023,189.047,179.000,179.423,369.172,0.1212,0.0376,0.1387,0.9149,0.00,0.00,0.00,0.00
1841.00,180.000,180.000,170.000,175.000,172.713,176.053,162.756,152.873,174.034,175.518,162.474,158.054,189.050,178.990,179.423,369.198,0.1211,0.0376,0.1387,0.9149,0.00,0.00,0.00,0.00
1842.00,180.000,180.000,170.000,175.000,172.722,176.050,162.754,152.907,174.043,175.517,162.475,158.086,189.053,178.981,179.424,369.224,0.1211,0.0376,0.1387,0.9149,0.00,0.00,0.00,0.00
1843.00,180.000,180.000,170.000,175.000,172.731,176.046,162.752,152.941,174.052,175.516,162.475,158.118,189.057,178.972,179.424,369.250,0.1211,0.0379,0.1387,0.9149,0.00,0.00,0.00,0.00
1844.00,180.000,180.000,170.000,175.000,172.740,176.043,162.750,152.976,174.061,175.515,162.475,158.149,189.062,178.980,179.424,369.276,0.1210,0.0381,0.1387,0.9149,0.00,0.00,0.00,0.00
1845.00,180.000,180.000,170.000,175.000,172.749,176.039,162.749,153.010,174.070,175.514,162.475,158.181,189.068,179.004,179.425,369.302,0.1210,0.0383,0.1387,0.9149,0.00,0.00,0.00,0.00
1846.00,180.000,180.000,170.000,175.000,172.757,176.036,162.747,153.045,174.079,175.514,162.476,158.213,189.074,179.025,179.425,369.328,0.1209,0.0384,0.1388,0.9149,0.00,0.00,0.00,0.00
1847.00,180.000,180.000,170.000,175.000,172.766,176.032,162.745,153.079,174.088,175.513,162.476,158.244,189.080,179.044,179.426,369.353,0.1208,0.0385,0.1388,0.9149,0.00,0.00,0.00,0.00
1848.00,180.000,180.000,170.000,175.000,172.775,176.029,162.743,153.114,174.097,175.512,162.476,158.276,189.087,179.061,179.426,369.379,0.1207,0.0386,0.1388,0.9149,0.00,0.00,0.00,0.00
1849.00,180.000,180.000,170.000,175.000,172.784,176.026,162.741,153.148,174.106,175.511,162.476,158.307,189.094,179.076,179.427,369.405,0.1206,0.0386,0.1389,0.9149,0.00,0.00,0.00,0.00
1850.00,180.000,180.000,170.000,175.000,172.793,176.022,162.740,153.182,174.115,175.511,162.476,158.339,189.102,179.090,179.427,369.431,0.1206,0.0386,0.1389,0.9149,0.00,0.00,0.00,0.00
1851.00,180.000,180.000,170.000,175.000,172.801,176.019,162.738,153.217,174.124,175.510,162.477,158.370,189.110,179.103,179.428,369.456,0.1205,0.0386,0.1389,0.9149,0.00,0.00,0.00,0.00
1852.00,180.000,180.000,170.000,175.000,172.810,176.015,162.736,153.251,174.133,175.510,162.477,158.402,189.118,179.114,179.428,369.482,0.1205,0.0386,0.1390,0.9149,0.00,0.00,0.00,0.00
1853.00,180.000,180.000,170.000,175.000,172.819,176.012,162.735,153.285,174.142,175.509,162.477,158.433,189.127,179.124,179.428,369.508,0.1204,0.0386,0.1390,0.9149,0.00,0.00,0.00,0.00
1854.00,180.000,180.000,170.000,175.000,172.828,176.009,162.733,153.319,174.151,175.509,162.477,158.465,189.136,179.134,179.429,369.534,0.1204,0.0386,0.1390,0.9149,0.00,0.00,0.00,0.00
1855.00,180.000,180.000,170.000,175.000,172.837,176.005,162.731,153.354,174.160,175.508,162.478,158.496,189.145,179.142,179.429,369.559,0.1203,0.0386,0.1390,0.9149,0.00,0.00,0.00,0.00
1856.00,180.000,180.000,170.000,175.000,172.845,176.002,162.729,153.388,174.169,175.508,162.478,158.528,189.154,179.150,179.430,369.585,0.1203,0.0385,0.1390,0.9149,0.00,0.00,0.00,0.00
1857.00,180.000,180.000,170.000,175.000,172.854,175.999,162.728,153.422,174.178,175.507,162.478,158.559,189.163,179.157,179.430,369.611,0.1203,0.0385,0.1390,0.9149,0.00,0.00,0.00,0.00
1858.00,180.000,180.000,170.000,175.000,172.863,175.995,162.726,153.456,174.188,175.507,162.478,158.590,189.173,179.163,179.431,369.636,0.1201,0.0385,0.1390,0.9149,0.00,0.00,0.00,0.00
1859.00,180.000,180.000,170.000,175.000,172.872,175.992,162.724,153.490,174.197,175.506,162.479,158.622,189.183,179.169,179.431,369.662,0.1200,0.0384,0.1390,0.9149,0.00,0.00,0.00,0.00
1860.00,180.000,180.000,170.000,175.000,172.881,175.989,162.723,153.525,174.206,175.506,162.479,158.653,189.176,179.174,179.432,369.688,0.1200,0.0384,0.1390,0.9149,0.00,0.00,0.00,0.00
1861.00,180.000,180.000,170.000,175.000,172.890,175.986,162.721,153.559,174.215,175.506,162.479,158.684,189.156,179.178,179.432,369.713,0.1199,0.0383,0.1391,0.9149,0.00,0.00,0.00,0.00
1862.00,180.000,180.000,170.000,175.000,172.898,175.983,162.720,153.593,174.224,175.505,162.480,158.716,189.138,179.183,179.433,369.739,0.1198,0.0383,0.1391,0.9149,0.00,0.00,0.00,0.00
1863.00,180.000,180.000,170.000,175.000,172.907,175.979,162.718,153.627,174.233,175.505,162.480,158.747,189.123,179.186,179.433,369.765,0.1198,0.0383,0.1391,0.9149,0.00,0.00,0.00,0.00
1864.00,180.000,180.000,170.000,175.000,172.916,175.976,162.716,153.661,174.242,175.504,162.480,158.778,189.111,179.190,179.434,369.790,0.1197,0.0382,0.1391,0.9148,0.00,0.00,0.00,0.00
1865.00,180.000,180.000,170.000,175.000,172.925,175.973,162.715,153.695,174.251,175.504,162.480,158.810,189.101,179.193,179.434,369.816,0.1197,0.0382,0.1391,0.9148,0.00,0.00,0.00,0.00
1866.00,180.000,180.000,170.000,175.000,172.934,175.970,162.713,153.729,174.260,175.504,162.481,158.841,189.093,179.196,179.435,369.841,0.1197,0.0382,0.1391,0.9148,0.00,0.00,0.00,0.00
1867.00,180.000,180.000,170.000,175.000,172.942,175.967,162.712,153.763,174.269,175.503,162.481,158.872,189.087,179.198,179.435,369.867,0.1196,0.0381,0.1391,0.9148,0.00,0.00,0.00,0.00
1868.00,180.000,180.000,170.000,175.000,172.951,175.964,162.710,153.797,174.278,175.503,162.481,158.903,189.082,179.201,179.436,369.892,0.1196,0.0381,0.1391,0.9148,0.00,0.00,0.00,0.00
1869.00,180.000,180.000,170.000,175.000,172.960,175.961,162.709,153.831,174.286,175.503,162.482,158.935,189.079,179.203,179.436,369.918,0.1195,0.0380,0.1391,0.9148,0.00,0.00,0.00,0.00
1870.00,180.000,180.000,170.000,175.000,172.969,175.958,162.707,153.865,174.295,175.502,162.482,158.966,189.077,179.205,179.437,369.943,0.1194,0.0380,0.1391,0.9148,0.00,0.00,0.00,0.00
1871.00,180.000,180.000,170.000,175.000,172.978,175.955,162.706,153.899,174.304,175.502,162.482,158.997,189.077,179.190,179.437,369.969,0.1193,0.0380,0.1391,0.9148,0.00,0.00,0.00,0.00
1872.00,180.000,180.000,170.000,175.000,172.987,175.952,162.704,153.933,174.313,175.502,162.483,159.028,189.077,179.161,179.438,369.994,0.1192,0.0379,0.1391,0.9148,0.00,0.00,0.00,0.00
1873.00,180.000,180.000,170.000,175.000,172.995,175.949,162.703,153.967,174.322,175.501,162.483,159.059,189.079,179.135,179.438,370.020,0.1192,0.0381,0.1391,0.9148,0.00,0.00,0.00,0.00
1874.00,180.000,180.000,170.000,175.000,173.004,175.946,162.701,154.001,174.331,175.501,162.483,159.090,189.081,179.144,179.439,370.045,0.1191,0.0383,0.1391,0.9148,0.00,0.00,0.00,0.00
1875.00,180.000,180.000,170.000,175.000,173.013,175.943,162.700,154.035,174.340,175.501,162.484,159.121,189.085,179.151,179.440,370.071,0.1191,0.0386,0.1391,0.9148,0.00,0.00,0.00,0.00
1876.00,180.000,180.000,170.000,175.000,173.022,175.940,162.698,154.068,174.349,175.500,162.484,159.153,189.089,179.158,179.440,370.096,0.1190,0.0387,0.1391,0.9148,0.00,0.00,0.00,0.00
1877.00,180.000,180.000,170.000,175.000,173.031,175.937,162.697,154.102,174.357,175.500,162.484,159.184,189.093,179.164,179.441,370.121,0.1190,0.0388,0.1391,0.9148,0.00,0.00,0.00,0.00
1878.00,180.000,180.000,170.000,175.000,173.040,175.934,162.696,154.136,174.366,175.500,162.485,159.215,189.099,179.170,179.441,370.147,0.1190,0.0389,0.1391,0.9148,0.00,0.00,0.00,0.00
1879.00,180.000,180.000,170.000,175.000,173.048,175.931,162.694,154.170,174.375,175.499,162.485,159.246,189.104,179.175,179.442,370.172,0.1190,0.0390,0.1391,0.9148,0.00,0.00,0.00,0.00
1880.00,180.000,180.000,170.000,175.000,173.057,175.928,162.693,154.204,174.384,175.499,162.485,159.277,189.111,179.179,179.442,370.198,0.1188,0.0390,0.1391,0.9148,0.00,0.00,0.00,0.00
1881.00,180.000,180.000,170.000,175.000,173.066,175.925,162.691,154.237,174.393,175.499,162.486,159.308,189.117,179.184,179.443,370.223,0.1187,0.0390,0.1391,0.9148,0.00,0.00,0.00,0.00
1882.00,180.000,180.000,170.000,175.000,173.075,175.923,162.690,154.271,174.402,175.498,162.486,159.339,189.124,179.187,179.443,370.248,0.1186,0.0390,0.1391,0.9148,0.00,0.00,0.00,0.00
1883.00,180.000,180.000,170.000,175.000,173.084,175.920,162.689,154.305,174.411,175.498,162.486,159.370,189.132,179.191,179.444,370.274,0.1186,0.0390,0.1391,0.9148,0.00,0.00,0.00,0.00
1884.00,180.000,180.000,170.000,175.000,173.093,175.917,162.687,154.339,174.420,175.498,162.487,159.401,189.140,179.194,179.445,370.299,0.1185,0.0390,0.1390,0.9148,0.00,0.00,0.00,0.00
1885.00,180.000,180.000,170.000,175.000,173.101,175.914,162.686,154.372,174.429,175.498,162.487,159.432,189.148,179.197,179.445,370.324,0.1184,0.0390,0.1390,0.9148,0.00,0.00,0.00,0.00
1886.00,180.000,180.000,170.000,175.000,173.110,175.911,162.685,154.406,174.438,175.497,162.487,159.463,189.156,179.199,179.446,370.350,0.1184,0.0390,0.1390,0.9148,0.00,0.00,0.00,0.00
1887.00,180.000,180.000,170.000,175.000,173.119,175.909,162.683,154.440,174.446,175.497,162.488,159.494,189.165,179.202,179.446,370.375,0.1184,0.0390,0.1390,0.9148,0.00,0.00,0.00,0.00
1888.00,180.000,180.000,170.000,175.000,173.128,175.906,162.682,154.473,174.455,175.497,162.488,159.524,189.174,179.204,179.447,370.400,0.1183,0.0389,0.1390,0.9148,0.00,0.00,0.00,0.00
1889.00,180.000,180.000,170.000,175.000,173.137,175.903,162.681,154.507,174.464,175.497,162.489,159.555,189.183,179.206,179.447,370.425,0.1183,0.0389,0.1390,0.9148,0.00,0.00,0.00,0.00
1890.00,180.000,180.000,170.000,175.000,173.146,175.900,162.679,154.540,174.473,175.496,162.489,159.586,189.192,179.208,179.448,370.451,0.1183,0.0389,0.1390,0.9148,0.00,0.00,0.00,0.00
1891.00,180.000,180.000,170.000,175.000,173.154,175.898,162.678,154.574,174.482,175.496,162.489,159.617,189.202,179.209,179.449,370.476,0.1182,0.0388,0.1390,0.9148,0.00,0.00,0.00,0.00
1892.00,180.000,180.000,170.000,175.000,173.163,175.895,162.677,154.608,174.491,175.496,162.490,159.648,189.211,179.211,179.449,370.501,0.1181,0.0388,0.1390,0.9148,0.00,0.00,0.00,0.00
1893.00,180.000,180.000,170.000,175.000,173.172,175.892,162.676,154.641,174.500,175.496,162.490,159.679,189.221,179.212,179.450,370.526,0.1180,0.0388,0.1390,0.9148,0.00,0.00,0.00,0.00
1894.00,180.000,180.000,170.000,175.000,173.181,175.890,162.675,154.675,174.509,175.496,162.491,159.710,189.199,179.213,179.450,370.551,0.1179,0.0387,0.1390,0.9148,0.00,0.00,0.00,0.00
1895.00,180.000,180.000,170.000,175.000,173.190,175.887,162.673,154.708,174.518,175.496,162.491,159.740,189.180,179.215,179.451,370.577,0.1178,0.0387,0.1390,0.9148,0.00,0.00,0.00,0.00
1896.00,180.000,180.000,170.000,175.000,173.199,175.885,162.672,154.742,174.527,175.495,162.491,159.771,189.164,179.216,179.452,370.602,0.1178,0.0387,0.1390,0.9148,0.00,0.00,0.00,0.00
1897.00,180.000,180.000,170.000,175.000,173.207,175.882,162.671,154.775,174.536,175.495,162.492,159.802,189.150,179.217,179.452,370.627,0.1177,0.0386,0.1390,0.9148,0.00,0.00,0.00,0.00
1898.00,180.000,180.000,170.000,175.000,173.216,175.879,162.670,154.808,174.545,175.495,162.492,159.833,189.139,179.218,179.453,370.652,0.1177,0.0386,0.1390,0.9148,0.00,0.00,0.00,0.00
1899.00,180.000,180.000,170.000,175.000,173.225,175.877,162.669,154.842,174.554,175.495,162.493,159.863,189.130,179.218,179.454,370.677,0.1177,0.0386,0.1390,0.9148,0.00,0.00,0.00,0.00
1900.00,180.000,180.000,170.000,175.000,173.234,175.874,162.667,154.875,174.563,175.495,162.493,159.894,189.123,179.219,179.454,370.702,0.1176,0.0385,0.1390,0.9148,0.00,0.00,0.00,0.00
1901.00,180.000,180.000,170.000,175.000,173.243,175.872,162.666,154.909,174.571,175.495,162.494,159.925,189.117,179.220,179.455,370.727,0.1176,0.0385,0.1390,0.9148,0.00,0.00,0.00,0.00
1902.00,180.000,180.000,170.000,175.000,173.252,175.869,162.665,154.942,174.580,175.495,162.494,159.955,189.113,179.221,179.455,370.752,0.1176,0.0385,0.1390,0.9148,0.00,0.00,0.00,0.00
1903.00,180.000,180.000,170.000,175.000,173.261,175.867,162.664,154.975,174.589,175.494,162.494,159.986,189.111,179.221,179.456,370.778,0.1174,0.0384,0.1390,0.9148,0.00,0.00,0.00,0.00
1904.00,180.000,180.000,170.000,175.000,173.269,175.864,162.663,155.009,174.598,175.494,162.495,160.017,189.110,179.222,179.457,370.803,0.1173,0.0384,0.1390,0.9148,0.00,0.00,0.00,0.00
1905.00,180.000,180.000,170.000,175.000,173.278,175.862,162.662,155.042,174.606,175.494,162.495,160.047,189.110,179.223,179.457,370.828,0.1173,0.0384,0.1390,0.9148,0.00,0.00,0.00,0.00
1906.00,180.000,180.000,170.000,175.000,173.287,175.859,162.661,155.075,174.615,175.494,162.496,160.078,189.111,179.223,179.458,370.853,0.1172,0.0384,0.1390,0.9148,0.00,0.00,0.00,0.00
1907.00,180.000,180.000,170.000,175.000,173.296,175.857,162.659,155.109,174.624,175.494,162.496,160.109,189.112,179.224,179.459,370.878,0.1171,0.0383,0.1389,0.9148,0.00,0.00,0.00,0.00
1908.00,180.000,180.000,170.000,175.000,173.305,175.855,162.658,155.142,174.633,175.494,162.497,160.139,189.115,179.224,179.459,370.903,0.1171,0.0383,0.1389,0.9148,0.00,0.00,0.00,0.00
1909.00,180.000,180.000,170.000,175.000,173.314,175.852,162.657,155.175,174.641,175.494,162.497,160.170,189.119,179.225,179.460,370.928,0.1170,0.0383,0.1389,0.9148,0.00,0.00,0.00,0.00
1910.00,180.000,180.000,170.000,175.000,173.322,175.850,162.656,155.209,174.650,175.494,162.498,160.200,189.123,179.225,179.461,370.953,0.1170,0.0383,0.1389,0.9148,0.00,0.00,0.00,0.00
1911.00,180.000,180.000,170.000,175.000,173.331,175.847,162.655,155.242,174.659,175.494,162.498,160.231,189.128,179.226,179.461,370.978,0.1170,0.0386,0.1389,0.9148,0.00,0.00,0.00,0.00
1912.00,180.000,180.000,170.000,175.000,173.340,175.845,162.654,155.275,174.668,175.494,162.499,160.261,189.133,179.226,179.462,371.003,0.1169,0.0389,0.1389,0.9148,0.00,0.00,0.00,0.00
1913.00,180.000,180.000,170.000,175.000,173.349,175.843,162.653,155.308,174.676,175.494,162.499,160.292,189.139,179.226,179.463,371.028,0.1169,0.0390,0.1389,0.9148,0.00,0.00,0.00,0.00
1914.00,180.000,180.000,170.000,175.000,173.358,175.840,162.652,155.341,174.685,175.493,162.500,160.322,189.145,179.227,179.463,371.052,0.1168,0.0392,0.1389,0.9148,0.00,0.00,0.00,0.00
1915.00,180.000,180.000,170.000,175.000,173.367,175.838,162.651,155.374,174.694,175.493,162.500,160.353,189.152,179.227,179.464,371.077,0.1167,0.0393,0.1389,0.9148,0.00,0.00,0.00,0.00
1916.00,180.000,180.000,170.000,175.000,173.375,175.836,162.650,155.408,174.703,175.493,162.500,160.383,189.159,179.228,179.465,371.102,0.1166,0.0393,0.1389,0.9148,0.00,0.00,0.00,0.00
1917.00,180.000,180.000,170.000,175.000,173.384,175.834,162.649,155.441,174.712,175.493,162.501,160.414,189.167,179.228,179.465,371.127,0.1165,0.0394,0.1390,0.9148,0.00,0.00,0.00,0.00
1918.00,180.000,180.000,170.000,175.000,173.393,175.831,162.648,155.474,174.720,175.493,162.501,160.444,189.175,179.228,179.466,371.152,0.1165,0.0394,0.1390,0.9148,0.00,0.00,0.00,0.00
1919.00,180.000,180.000,170.000,175.000,173.402,175.829,162.647,155.507,174.729,175.493,162.502,160.475,189.183,179.229,179.467,371.177,0.1164,0.0394,0.1390,0.9148,0.00,0.00,0.00,0.00
1920.00,180.000,180.000,170.000,175.000,173.411,175.827,162.646,155.540,174.738,175.493,162.502,160.505,189.191,179.229,179.467,371.202,0.1164,0.0395,0.1391,0.9148,0.00,0.00,0.00,0.00
1921.00,180.000,180.000,170.000,175.000,173.420,175.825,162.645,155.573,174.747,175.493,162.503,160.535,189.200,179.229,179.468,371.227,0.1163,0.0395,0.1391,0.9148,0.00,0.00,0.00,0.00
1922.00,180.000,180.000,170.000,175.000,173.428,175.822,162.644,155.606,174.756,175.493,162.503,160.566,189.209,179.230,179.469,371.251,0.1163,0.0394,0.1391,0.9148,0.00,0.00,0.00,0.00
1923.00,180.000,180.000,170.000,175.000,173.437,175.820,162.643,155.639,174.765,175.493,162.504,160.596,189.218,179.230,179.469,371.276,0.1163,0.0394,0.1392,0.9148,0.00,0.00,0.00,0.00
1924.00,180.000,180.000,170.000,175.000,173.446,175.818,162.642,155.672,174.773,175.493,162.505,160.626,189.227,179.231,179.470,371.301,0.1162,0.0394,0.1392,0.9148,0.00,0.00,0.00,0.00
1925.00,180.000,180.000,170.000,175.000,173.455,175.816,162.641,155.705,174.782,175.493,162.505,160.657,189.236,179.231,179.471,371.326,0.1161,0.0394,0.1392,0.9148,0.00,0.00,0.00,0.00
1926.00,180.000,180.000,170.000,175.000,173.464,175.814,162.641,155.738,174.791,175.493,162.506,160.687,189.246,179.231,179.472,371.351,0.1160,0.0394,0.1392,0.9148,0.00,0.00,0.00,0.00
1927.00,180.000,180.000,170.000,175.000,173.473,175.812,162.640,155.771,174.800,175.493,162.506,160.717,189.239,179.232,179.472,371.375,0.1159,0.0394,0.1392,0.9148,0.00,0.00,0.00,0.00
1928.00,180.000,180.000,170.000,175.000,173.481,175.810,162.639,155.804,174.809,175.493,162.507,160.748,189.219,179.232,179.473,371.400,0.1159,0.0393,0.1392,0.9148,0.00,0.00,0.00,0.00
1929.00,180.000,180.000,170.000,175.000,173.490,175.807,162.638,155.837,174.818,175.493,162.507,160.778,189.201,179.232,179.474,371.425,0.1158,0.0393,0.1392,0.9148,0.00,0.00,0.00,0.00
1930.00,180.000,180.000,170.000,175.000,173.499,175.805,162.637,155.869,174.827,175.493,162.508,160.808,189.186,179.233,179.474,371.450,0.1157,0.0393,0.1393,0.9148,0.00,0.00,0.00,0.00
1931.00,180.000,180.000,170.000,175.000,173.508,175.803,162.636,155.902,174.835,175.493,162.508,160.838,189.174,179.233,179.475,371.474,0.1157,0.0392,0.1393,0.9148,0.00,0.00,0.00,0.00
1932.00,180.000,180.000,170.000,175.000,173.517,175.801,162.635,155.935,174.844,175.493,162.509,160.868,189.163,179.233,179.476,371.499,0.1157,0.0392,0.1393,0.9148,0.00,0.00,0.00,0.00
1933.00,180.000,180.000,170.000,175.000,173.526,175.799,162.635,155.968,174.853,175.493,162.509,160.899,189.155,179.234,179.477,371.524,0.1156,0.0392,0.1393,0.9148,0.00,0.00,0.00,0.00
1934.00,180.000,180.000,170.000,175.000,173.534,175.797,162.634,156.001,174.861,175.493,162.510,160.929,189.149,179.234,179.477,371.548,0.1156,0.0392,0.1393,0.9148,0.00,0.00,0.00,0.00
1935.00,180.000,180.000,170.000,175.000,173.543,175.795,162.633,156.034,174.870,175.493,162.510,160.959,189.144,179.235,179.478,371.573,0.1156,0.0391,0.1393,0.9148,0.00,0.00,0.00,0.00
1936.00,180.000,180.000,170.000,175.000,173.552,175.793,162.632,156.066,174.879,175.493,162.511,160.989,189.140,179.235,179.479,371.598,0.1155,0.0391,0.1393,0.9148,0.00,0.00,0.00,0.00
1937.00,180.000,180.000,170.000,175.000,173.561,175.791,162.631,156.099,174.887,175.493,162.512,161.019,189.138,179.235,179.480,371.622,0.1154,0.0391,0.1393,0.9148,0.00,0.00,0.00,0.00
1938.00,180.000,180.000,170.000,175.000,173.570,175.789,162.630,156.132,174.896,175.493,162.512,161.049,189.138,179.236,179.480,371.647,0.1153,0.0390,0.1393,0.9148,0.00,0.00,0.00,0.00
1939.00,180.000,180.000,170.000,175.000,173.579,175.787,162.630,156.165,174.905,175.493,162.513,161.079,189.138,179.236,179.481,371.503,0.1152,0.0390,0.1393,0.9072,0.00,0.00,0.00,0.00
1940.00,180.000,180.000,170.000,175.000,173.587,175.785,162.629,156.197,174.913,175.494,162.513,161.109,189.139,179.236,179.482,371.185,0.1152,0.0390,0.1393,0.8997,0.00,0.00,0.00,0.00
1941.00,180.000,180.000,170.000,175.000,173.596,175.783,162.628,156.230,174.922,175.494,162.514,161.138,189.141,179.237,179.483,370.711,0.1151,0.0390,0.1393,0.8931,0.00,0.00,0.00,0.00
1942.00,180.000,180.000,170.000,175.000,173.605,175.781,162.627,156.263,174.930,175.494,162.514,161.167,189.144,179.237,179.483,370.129,0.1150,0.0389,0.1393,0.8871,0.00,0.00,0.00,0.00
1943.00,180.000,180.000,170.000,175.000,173.614,175.779,162.627,156.295,174.939,175.494,162.515,161.195,189.148,179.238,179.484,369.451,0.1150,0.0389,0.1393,0.8817,0.00,0.00,0.00,0.00
1944.00,180.000,180.000,170.000,175.000,173.623,175.778,162.626,156.328,174.948,175.494,162.516,161.222,189.152,179.238,179.485,368.717,0.1150,0.0389,0.1393,0.8768,0.00,0.00,0.00,0.00
1945.00,180.000,180.000,170.000,175.000,173.632,175.776,162.625,156.360,174.956,175.494,162.516,161.248,189.157,179.238,179.486,367.960,0.1149,0.0388,0.1393,0.8721,0.00,0.00,0.00,0.00
1946.00,180.000,180.000,170.000,175.000,173.640,175.774,162.624,156.393,174.965,175.494,162.517,161.273,189.163,179.239,179.487,367.183,0.1149,0.0388,0.1393,0.8678,0.00,0.00,0.00,0.00
1947.00,180.000,180.000,170.000,175.000,173.649,175.772,162.624,156.425,174.974,175.494,162.517,161.297,189.169,179.239,179.487,366.387,0.1149,0.0388,0.1393,0.8638,0.00,0.00,0.00,0.00
1948.00,180.000,180.000,170.000,175.000,173.658,175.770,162.623,156.458,174.982,175.494,162.518,161.321,189.175,179.240,179.488,365.576,0.1148,0.0388,0.1393,0.8599,0.00,0.00,0.00,0.00
1949.00,180.000,180.000,170.000,175.000,173.667,175.768,162.622,156.490,174.991,175.494,162.519,161.343,189.182,179.240,179.489,364.750,0.1147,0.0388,0.1393,0.8562,0.00,0.00,0.00,0.00
1950.00,180.000,180.000,170.000,175.000,173.676,175.766,162.622,156.523,175.000,175.494,162.519,161.365,189.189,179.240,179.490,363.912,0.1146,0.0387,0.1393,0.8526,0.00,0.00,0.00,0.00
1951.00,180.000,180.000,170.000,175.000,173.684,175.765,162.621,156.555,175.008,175.494,162.520,161.386,189.197,179.241,179.490,363.062,0.1145,0.0387,0.1393,0.8492,0.00,0.00,0.00,0.00
1952.00,180.000,180.000,170.000,175.000,173.693,175.763,162.620,156.587,175.017,175.495,162.520,161.406,189.205,179.241,179.491,362.231,0.1144,0.0387,0.1393,0.8458,0.00,0.00,0.00,0.00
1953.00,180.000,180.000,170.000,175.000,173.702,175.761,162.620,156.619,175.026,175.495,162.521,161.425,189.213,179.242,179.492,361.414,0.1144,0.0387,0.1393,0.8425,0.00,0.00,0.00,0.00
1954.00,180.000,180.000,170.000,175.000,173.711,175.759,162.619,156.651,175.034,175.495,162.522,161.443,189.221,179.242,179.493,360.583,0.1143,0.0387,0.1393,0.8394,0.00,0.00,0.00,0.00
1955.00,180.000,180.000,170.000,175.000,173.720,175.758,162.618,156.683,175.043,175.495,162.522,161.461,189.230,179.243,179.494,359.794,0.1143,0.0386,0.1393,0.8362,0.00,0.00,0.00,0.00
1956.00,180.000,180.000,170.000,175.000,173.728,175.756,162.618,156.715,175.052,175.495,162.523,161.478,189.239,179.243,179.494,358.989,0.1143,0.0386,0.1393,0.8331,0.00,0.00,0.00,0.00
1957.00,180.000,180.000,170.000,175.000,173.737,175.754,162.617,156.746,175.061,175.495,162.524,161.494,189.248,179.243,179.495,358.196,0.1142,0.0386,0.1393,0.8302,0.00,0.00,0.00,0.00
1958.00,180.000,180.000,170.000,175.000,173.746,175.752,162.616,156.778,175.069,175.495,162.524,161.510,189.257,179.244,179.496,357.412,0.1142,0.0386,0.1393,0.8272,0.00,0.00,0.00,0.00
1959.00,180.000,180.000,170.000,175.000,173.755,175.751,162.616,156.809,175.078,175.495,162.525,161.525,189.266,179.244,179.497,356.639,0.1141,0.0386,0.1393,0.8242,0.00,0.00,0.00,0.00
1960.00,180.000,180.000,170.000,175.000,173.764,175.749,162.615,156.841,175.087,175.496,162.526,161.540,189.276,179.245,179.498,355.872,0.1140,0.0388,0.1393,0.8214,0.00,0.00,0.00,0.00
1961.00,180.000,180.000,170.000,175.000,173.772,175.747,162.615,156.872,175.096,175.496,162.526,161.554,189.269,179.245,179.499,355.141,0.1139,0.0391,0.1393,0.8186,0.00,0.00,0.00,0.00
1962.00,180.000,180.000,170.000,175.000,173.781,175.746,162.614,156.903,175.104,175.496,162.527,161.567,189.248,179.246,179.499,354.413,0.1138,0.0393,0.1393,0.8158,0.00,0.00,0.00,0.00
1963.00,180.000,180.000,170.000,175.000,173.790,175.744,162.613,156.934,175.113,175.496,162.527,161.580,189.230,179.246,179.500,353.687,0.1138,0.0395,0.1392,0.8131,0.00,0.00,0.00,0.00
1964.00,180.000,180.000,170.000,175.000,173.799,175.742,162.613,156.965,175.122,175.496,162.528,161.593,189.215,179.247,179.501,352.964,0.1137,0.0396,0.1392,0.8103,0.00,0.00,0.00,0.00
1965.00,180.000,180.000,170.000,175.000,173.808,175.741,162.612,156.996,175.130,175.496,162.529,161.605,189.203,179.247,179.502,352.241,0.1137,0.0397,0.1392,0.8076,0.00,0.00,0.00,0.00
1966.00,180.000,180.000,170.000,175.000,173.817,175.739,162.612,157.026,175.139,175.497,162.529,161.617,189.192,179.248,179.503,351.548,0.1136,0.0397,0.1392,0.8050,0.00,0.00,0.00,0.00
1967.00,180.000,180.000,170.000,175.000,173.825,175.737,162.611,157.057,175.148,175.497,162.530,161.628,189.184,179.248,179.504,350.854,0.1136,0.0398,0.1392,0.8024,0.00,0.00,0.00,0.00
1968.00,180.000,180.000,170.000,175.000,173.834,175.736,162.611,157.087,175.156,175.497,162.531,161.639,189.177,179.249,179.504,350.186,0.1136,0.0398,0.1392,0.7998,0.00,0.00,0.00,0.00
1969.00,180.000,180.000,170.000,175.000,173.843,175.734,162.610,157.117,175.165,175.497,162.531,161.650,189.172,179.249,179.505,349.512,0.1135,0.0399,0.1392,0.7972,0.00,0.00,0.00,0.00
1970.00,180.000,180.000,170.000,175.000,173.852,175.733,162.610,157.148,175.173,175.497,162.532,161.660,189.169,179.249,179.506,348.862,0.1135,0.0399,0.1392,0.7948,0.00,0.00,0.00,0.00
1971.00,180.000,180.000,170.000,175.000,173.861,175.731,162.609,157.178,175.182,175.498,162.533,161.670,189.166,179.250,179.507,348.206,0.1134,0.0399,0.1392,0.7922,0.00,0.00,0.00,0.00
1972.00,180.000,180.000,170.000,175.000,173.869,175.730,162.609,157.207,175.190,175.498,162.534,161.680,189.166,179.250,179.508,347.542,0.1133,0.0399,0.1392,0.7897,0.00,0.00,0.00,0.00
1973.00,180.000,180.000,170.000,175.000,173.878,175.728,162.608,157.237,175.199,175.498,162.534,161.689,189.166,179.251,179.509,346.900,0.1132,0.0399,0.1392,0.7873,0.00,0.00,0.00,0.00
1974.00,180.000,180.000,170.000,175.000,173.887,175.726,162.608,157.267,175.207,175.498,162.535,161.698,189.167,179.252,179.509,346.278,0.1131,0.0399,0.1392,0.7849,0.00,0.00,0.00,0.00
1975.00,180.000,180.000,170.000,175.000,173.896,175.725,162.607,157.296,175.216,175.498,162.536,161.707,189.169,179.252,179.510,345.647,0.1131,0.0398,0.1392,0.7825,0.00,0.00,0.00,0.00
1976.00,180.000,180.000,170.000,175.000,173.904,175.723,162.607,157.326,175.224,175.499,162.536,161.715,189.172,179.253,179.511,345.033,0.1130,0.0398,0.1392,0.7802,0.00,0.00,0.00,0.00
1977.00,180.000,180.000,170.000,175.000,173.913,175.722,162.606,157.355,175.233,175.499,162.537,161.723,189.175,179.253,179.512,344.436,0.1130,0.0398,0.1392,0.7779,0.00,0.00,0.00,0.00
1978.00,180.000,180.000,170.000,175.000,173.922,175.720,162.606,157.384,175.241,175.499,162.538,161.731,189.179,179.254,179.513,343.824,0.1129,0.0398,0.1392,0.7755,0.00,0.00,0.00,0.00
1979.00,180.000,180.000,170.000,175.000,173.931,175.719,162.605,157.413,175.250,175.499,162.538,161.739,189.184,179.254,179.514,343.229,0.1129,0.0398,0.1392,0.7733,0.00,0.00,0.00,0.00
1980.00,180.000,180.000,170.000,175.000,173.940,175.718,162.605,157.441,175.258,175.499,162.539,161.747,189.189,179.255,179.515,342.647,0.1129,0.0397,0.1392,0.7711,0.00,0.00,0.00,0.00
1981.00,180.000,180.000,170.000,175.000,173.948,175.716,162.604,157.470,175.267,175.500,162.540,161.754,189.195,179.255,179.516,342.077,0.1129,0.0397,0.1392,0.7688,0.00,0.00,0.00,0.00
1982.00,180.000,180.000,170.000,175.000,173.957,175.715,162.604,157.499,175.275,175.500,162.541,161.761,189.201,179.256,179.516,341.492,0.1128,0.0397,0.1392,0.7666,0.00,0.00,0.00,0.00
1983.00,180.000,180.000,170.000,175.000,173.966,175.713,162.604,157.527,175.284,175.500,162.541,161.768,189.208,179.256,179.517,340.919,0.1126,0.0397,0.1392,0.7645,0.00,0.00,0.00,0.00
1984.00,180.000,180.000,170.000,175.000,173.975,175.712,162.603,157.555,175.292,175.500,162.542,161.775,189.215,179.257,179.518,340.358,0.1126,0.0396,0.1392,0.7624,0.00,0.00,0.00,0.00
1985.00,180.000,180.000,170.000,175.000,173.983,175.710,162.603,157.583,175.301,175.501,162.543,161.782,189.222,179.257,179.519,339.806,0.1125,0.0396,0.1392,0.7602,0.00,0.00,0.00,0.00
1986.00,180.000,180.000,170.000,175.000,173.992,175.709,162.602,157.611,175.310,175.501,162.544,161.788,189.230,179.258,179.520,339.263,0.1124,0.0396,0.1391,0.7581,0.00,0.00,0.00,0.00
1987.00,180.000,180.000,170.000,175.000,174.001,175.708,162.602,157.639,175.318,175.501,162.544,161.795,189.238,179.258,179.521,338.728,0.1124,0.0396,0.1391,0.7561,0.00,0.00,0.00,0.00
1988.00,180.000,180.000,170.000,175.000,174.010,175.706,162.602,157.666,175.327,175.502,162.545,161.801,189.246,179.259,179.522,338.199,0.1123,0.0395,0.1391,0.7540,0.00,0.00,0.00,0.00
1989.00,180.000,180.000,170.000,175.000,174.019,175.705,162.601,157.694,175.335,175.502,162.546,161.807,189.254,179.260,179.523,337.676,0.1123,0.0395,0.1391,0.7520,0.00,0.00,0.00,0.00
1990.00,180.000,180.000,170.000,175.000,174.027,175.704,162.601,157.721,175.344,175.502,162.546,161.813,189.263,179.260,179.524,337.159,0.1123,0.0395,0.1391,0.7500,0.00,0.00,0.00,0.00
1991.00,180.000,180.000,170.000,175.000,174.036,175.702,162.600,157.748,175.353,175.502,162.547,161.819,189.272,179.261,179.525,336.646,0.1122,0.0395,0.1391,0.7481,0.00,0.00,0.00,0.00
1992.00,180.000,180.000,170.000,175.000,174.045,175.701,162.600,157.776,175.361,175.503,162.548,161.825,189.281,179.261,179.525,336.138,0.1122,0.0394,0.1391,0.7461,0.00,0.00,0.00,0.00
1993.00,180.000,180.000,170.000,175.000,174.054,175.700,162.600,157.802,175.370,175.503,162.549,161.830,189.290,179.262,179.526,335.633,0.1121,0.0394,0.1391,0.7441,0.00,0.00,0.00,0.00
1994.00,180.000,180.000,170.000,175.000,174.062,175.698,162.599,157.829,175.378,175.503,162.550,161.836,189.299,179.263,179.527,335.131,0.1120,0.0394,0.1391,0.7423,0.00,0.00,0.00,0.00
1995.00,180.000,180.000,170.000,175.000,174.071,175.697,162.599,157.856,175.387,175.504,162.550,161.841,189.292,179.263,179.528,334.631,0.1119,0.0394,0.1391,0.7404,0.00,0.00,0.00,0.00
1996.00,180.000,180.000,170.000,175.000,174.080,175.696,162.599,157.882,175.396,175.504,162.551,161.846,189.271,179.264,179.529,334.135,0.1119,0.0394,0.1391,0.7385,0.00,0.00,0.00,0.00
1997.00,180.000,180.000,170.000,175.000,174.089,175.694,162.598,157.909,175.404,175.504,162.552,161.852,189.253,179.264,179.530,333.640,0.1118,0.0393,0.1391,0.7367,0.00,0.00,0.00,0.00
1998.00,180.000,180.000,170.000,175.000,174.097,175.693,162.598,157.935,175.413,175.504,162.553,161.857,189.237,179.265,179.531,333.174,0.1117,0.0393,0.1391,0.7349,0.00,0.00,0.00,0.00
1999.00,180.000,180.000,170.000,175.000,174.106,175.692,162.598,157.961,175.421,175.505,162.553,161.862,189.224,179.266,179.532,332.706,0.1117,0.0393,0.1391,0.7331,0.00,0.00,0.00,0.00
2000.00,180.000,180.000,170.000,175.000,174.115,175.691,162.598,157.987,175.430,175.505,162.554,161.867,189.214,179.266,179.533,332.238,0.1116,0.0393,0.1391,0.7313,0.00,0.00,0.00,0.00
2001.00,180.000,180.000,170.000,175.000,174.124,175.689,162.597,158.013,175.438,175.505,162.555,161.872,189.205,179.267,179.534,331.768,0.1116,0.0393,0.1391,0.7295,0.00,0.00,0.00,0.00
2002.00,180.000,180.000,170.000,175.000,174.132,175.688,162.597,158.038,175.447,175.506,162.556,161.877,189.198,179.267,179.535,331.325,0.1116,0.0392,0.1391,0.7279,0.00,0.00,0.00,0.00
2003.00,180.000,180.000,170.000,175.000,174.141,175.687,162.597,158.064,175.455,175.506,162.557,161.881,189.193,179.268,179.536,330.878,0.1115,0.0392,0.1391,0.7261,0.00,0.00,0.00,0.00
2004.00,180.000,180.000,170.000,175.000,174.150,175.686,162.596,158.089,175.463,175.506,162.557,161.886,189.189,179.269,179.537,330.428,0.1115,0.0392,0.1391,0.7244,0.00,0.00,0.00,0.00
2005.00,180.000,180.000,170.000,175.000,174.159,175.685,162.596,158.114,175.472,175.507,162.558,161.891,189.186,179.269,179.538,329.974,0.1114,0.0392,0.1391,0.7227,0.00,0.00,0.00,0.00
2006.00,180.000,180.000,170.000,175.000,174.167,175.683,162.596,158.140,175.480,175.507,162.559,161.895,189.185,179.270,179.539,329.544,0.1113,0.0392,0.1391,0.7212,0.00,0.00,0.00,0.00
2007.00,180.000,180.000,170.000,175.000,174.176,175.682,162.596,158.164,175.489,175.507,162.560,161.900,189.185,179.271,179.539,329.108,0.1112,0.0392,0.1391,0.7195,0.00,0.00,0.00,0.00
2008.00,180.000,180.000,170.000,175.000,174.185,175.681,162.595,158.189,175.497,175.508,162.561,161.904,189.185,179.271,179.540,328.696,0.1112,0.0392,0.1390,0.7178,0.00,0.00,0.00,0.00
2009.00,180.000,180.000,170.000,175.000,174.194,175.680,162.595,158.214,175.505,175.508,162.561,161.909,189.187,179.272,179.541,328.276,0.1111,0.0391,0.1390,0.7162,0.00,0.00,0.00,0.00
2010.00,180.000,180.000,170.000,175.000,174.202,175.679,162.595,158.239,175.514,175.508,162.562,161.913,189.190,179.272,179.542,327.849,0.1110,0.0391,0.1390,0.7147,0.00,0.00,0.00,0.00
2011.00,180.000,180.000,170.000,175.000,174.211,175.678,162.595,158.263,175.522,175.509,162.563,161.918,189.193,179.273,179.543,327.443,0.1110,0.0391,0.1390,0.7131,0.00,0.00,0.00,0.00
2012.00,180.000,180.000,170.000,175.000,174.220,175.677,162.595,158.287,175.530,175.509,162.564,161.922,189.196,179.274,179.544,327.028,0.1110,0.0391,0.1390,0.7115,0.00,0.00,0.00,0.00
2013.00,180.000,180.000,170.000,175.000,174.228,175.675,162.594,158.311,175.539,175.510,162.565,161.926,189.201,179.274,179.545,326.635,0.1109,0.0391,0.1390,0.7100,0.00,0.00,0.00,0.00
2014.00,180.000,180.000,170.000,175.000,174.237,175.674,162.594,158.335,175.547,175.510,162.565,161.931,189.206,179.275,179.546,326.231,0.1109,0.0391,0.1390,0.7086,0.00,0.00,0.00,0.00
2015.00,180.000,180.000,170.000,175.000,174.246,175.673,162.594,158.359,175.556,175.510,162.566,161.935,189.211,179.276,179.547,325.845,0.1109,0.0391,0.1390,0.7071,0.00,0.00,0.00,0.00
2016.00,180.000,180.000,170.000,175.000,174.255,175.672,162.594,158.383,175.564,175.511,162.567,161.939,189.217,179.276,179.548,325.449,0.1108,0.0391,0.1390,0.7056,0.00,0.00,0.00,0.00
2017.00,180.000,180.000,170.000,175.000,174.263,175.671,162.594,158.407,175.572,175.511,162.568,161.944,189.223,179.277,179.549,325.071,0.1107,0.0390,0.1390,0.7041,0.00,0.00,0.00,0.00
2018.00,180.000,180.000,170.000,175.000,174.272,175.670,162.593,158.430,175.581,175.512,162.569,161.948,189.230,179.278,179.550,324.682,0.1106,0.0390,0.1390,0.7028,0.00,0.00,0.00,0.00
2019.00,180.000,180.000,170.000,175.000,174.281,175.669,162.593,158.454,175.589,175.512,162.570,161.952,189.237,179.278,179.551,324.308,0.1105,0.0390,0.1390,0.7014,0.00,0.00,0.00,0.00
2020.00,180.000,180.000,170.000,175.000,174.289,175.668,162.593,158.477,175.598,175.512,162.570,161.956,189.244,179.279,179.552,323.951,0.1104,0.0390,0.1390,0.6999,0.00,0.00,0.00,0.00
2021.00,180.000,180.000,170.000,175.000,174.298,175.667,162.593,158.500,175.606,175.513,162.571,161.960,189.251,179.280,179.553,323.580,0.1104,0.0390,0.1390,0.6985,0.00,0.00,0.00,0.00
2022.00,180.000,180.000,170.000,175.000,174.307,175.666,162.593,158.523,175.615,175.513,162.572,161.965,189.259,179.281,179.554,323.223,0.1103,0.0390,0.1390,0.6972,0.00,0.00,0.00,0.00
2023.00,180.000,180.000,170.000,175.000,174.316,175.665,162.593,158.546,175.623,175.514,162.573,161.969,189.267,179.281,179.555,322.880,0.1103,0.0390,0.1390,0.6959,0.00,0.00,0.00,0.00
2024.00,180.000,180.000,170.000,175.000,174.324,175.664,162.593,158.569,175.631,175.514,162.574,161.973,189.275,179.282,179.556,322.522,0.1103,0.0390,0.1390,0.6945,0.00,0.00,0.00,0.00
2025.00,180.000,180.000,170.000,175.000,174.333,175.663,162.592,158.591,175.640,175.514,162.575,161.977,189.283,179.283,179.557,322.149,0.1102,0.0390,0.1390,0.6931,0.00,0.00,0.00,0.00
2026.00,180.000,180.000,170.000,175.000,174.342,175.662,162.592,158.614,175.648,175.515,162.576,161.981,189.292,179.283,179.558,321.819,0.1102,0.0390,0.1390,0.6918,0.00,0.00,0.00,0.00
2027.00,180.000,180.000,170.000,175.000,174.350,175.661,162.592,158.636,175.657,175.515,162.577,161.985,189.300,179.284,179.559,321.472,0.1102,0.0390,0.1390,0.6906,0.00,0.00,0.00,0.00
2028.00,180.000,180.000,170.000,175.000,174.359,175.660,162.592,158.658,175.665,175.516,162.577,161.990,189.309,179.285,179.560,321.137,0.1101,0.0390,0.1390,0.6893,0.00,0.00,0.00,0.00
2029.00,180.000,180.000,170.000,175.000,174.368,175.659,162.592,158.681,175.674,175.516,162.578,161.994,189.301,179.286,179.561,320.813,0.1100,0.0390,0.1389,0.6880,0.00,0.00,0.00,0.00
2030.00,180.000,180.000,170.000,175.000,174.376,175.658,162.592,158.703,175.682,175.517,162.579,161.998,189.280,179.286,179.562,320.471,0.1099,0.0389,0.1389,0.6867,0.00,0.00,0.00,0.00
2031.00,180.000,180.000,170.000,175.000,174.385,175.657,162.592,158.725,175.691,175.517,162.580,162.002,189.261,179.287,179.563,320.140,0.1098,0.0389,0.1389,0.6855,0.00,0.00,0.00,0.00
2032.00,180.000,180.000,170.000,175.000,174.394,175.656,162.592,158.746,175.699,175.517,162.581,162.006,189.245,179.288,179.564,319.820,0.1097,0.0389,0.1389,0.6844,0.00,0.00,0.00,0.00
2033.00,180.000,180.000,170.000,175.000,174.403,175.655,162.592,158.768,175.707,175.518,162.582,162.010,189.232,179.288,179.565,319.482,0.1097,0.0389,0.1389,0.6831,0.00,0.00,0.00,0.00
2034.00,180.000,180.000,170.000,175.000,174.411,175.654,162.592,158.790,175.716,175.518,162.583,162.015,189.221,179.289,179.566,319.182,0.1096,0.0389,0.1389,0.6819,0.00,0.00,0.00,0.00
2035.00,180.000,180.000,170.000,175.000,174.420,175.653,162.592,158.811,175.724,175.519,162.584,162.019,189.211,179.290,179.567,318.862,0.1096,0.0389,0.1389,0.6807,0.00,0.00,0.00,0.00
2036.00,180.000,180.000,170.000,175.000,174.429,175.653,162.592,158.832,175.732,175.519,162.584,162.023,189.204,179.291,179.568,318.550,0.1096,0.0389,0.1389,0.6796,0.00,0.00,0.00,0.00
2037.00,180.000,180.000,170.000,175.000,174.437,175.652,162.592,158.853,175.741,175.520,162.585,162.027,189.198,179.291,179.569,318.247,0.1096,0.0389,0.1389,0.6785,0.00,0.00,0.00,0.00
2038.00,180.000,180.000,170.000,175.000,174.446,175.651,162.591,158.875,175.749,175.520,162.586,162.031,189.194,179.292,179.570,317.951,0.1095,0.0389,0.1389,0.6773,0.00,0.00,0.00,0.00
2039.00,180.000,180.000,170.000,175.000,174.455,175.650,162.591,158.896,175.757,175.521,162.587,162.036,189.191,179.293,179.572,317.661,0.1094,0.0390,0.1389,0.6761,0.00,0.00,0.00,0.00
2040.00,180.000,180.000,170.000,175.000,174.463,175.649,162.591,158.916,175.765,175.521,162.588,162.040,189.189,179.294,179.573,317.350,0.1093,0.0393,0.1389,0.6751,0.00,0.00,0.00,0.00
2041.00,180.000,180.000,170.000,175.000,174.472,175.648,162.591,158.937,175.773,175.522,162.589,162.044,189.188,179.295,179.574,317.075,0.1092,0.0396,0.1389,0.6740,0.00,0.00,0.00,0.00
2042.00,180.000,180.000,170.000,175.000,174.481,175.647,162.591,158.958,175.782,175.522,162.590,162.048,189.188,179.295,179.575,316.776,0.1092,0.0398,0.1389,0.6729,0.00,0.00,0.00,0.00
2043.00,180.000,180.000,170.000,175.000,174.489,175.647,162.591,158.978,175.790,175.523,162.591,162.053,189.189,179.296,179.576,316.483,0.1091,0.0399,0.1389,0.6718,0.00,0.00,0.00,0.00
2044.00,180.000,180.000,170.000,175.000,174.498,175.646,162.591,158.999,175.798,175.523,162.592,162.057,189.191,179.297,179.577,316.197,0.1090,0.0400,0.1389,0.6707,0.00,0.00,0.00,0.00
2045.00,180.000,180.000,170.000,175.000,174.507,175.645,162.591,159.019,175.806,175.524,162.593,162.061,189.194,179.330,179.578,315.915,0.1090,0.0401,0.1389,0.6697,0.00,0.00,0.00,0.00
2046.00,180.000,180.000,170.000,175.000,174.515,175.644,162.591,159.039,175.814,175.524,162.594,162.066,189.197,179.359,179.579,315.639,0.1090,0.0402,0.1389,0.6687,0.00,0.00,0.00,0.00
2047.00,180.000,180.000,170.000,175.000,174.524,175.643,162.591,159.059,175.823,175.525,162.595,162.070,189.201,179.386,179.580,315.366,0.1089,0.0402,0.1389,0.6677,0.00,0.00,0.00,0.00
2048.00,180.000,180.000,170.000,175.000,174.532,175.642,162.591,159.079,175.831,175.526,162.595,162.074,189.205,179.411,179.581,315.098,0.1089,0.0403,0.1389,0.6666,0.00,0.00,0.00,0.00
2049.00,180.000,180.000,170.000,175.000,174.541,175.642,162.591,159.099,175.839,175.527,162.596,162.079,189.210,179.433,179.582,314.832,0.1089,0.0403,0.1389,0.6656,0.00,0.00,0.00,0.00
2050.00,180.000,180.000,170.000,175.000,174.550,175.641,162.592,159.119,175.847,175.527,162.597,162.083,189.215,179.453,179.583,314.570,0.1089,0.0403,0.1389,0.6646,0.00,0.00,0.00,0.00
2051.00,180.000,180.000,170.000,175.000,174.558,175.640,162.592,159.139,175.855,175.528,162.598,162.088,189.221,179.472,179.584,314.309,0.1087,0.0403,0.1388,0.6637,0.00,0.00,0.00,0.00
2052.00,180.000,180.000,170.000,175.000,174.567,175.639,162.592,159.158,175.864,175.529,162.599,162.092,189.227,179.488,179.585,314.052,0.1086,0.0403,0.1388,0.6628,0.00,0.00,0.00,0.00
2053.00,180.000,180.000,170.000,175.000,174.576,175.639,162.592,159.178,175.872,175.530,162.600,162.096,189.233,179.504,179.586,313.796,0.1086,0.0403,0.1388,0.6617,0.00,0.00,0.00,0.00
2054.00,180.000,180.000,170.000,175.000,174.584,175.638,162.592,159.197,175.880,175.531,162.601,162.101,189.240,179.518,179.588,313.543,0.1085,0.0403,0.1388,0.6608,0.00,0.00,0.00,0.00
2055.00,180.000,180.000,170.000,175.000,174.593,175.637,162.592,159.217,175.888,175.532,162.602,162.106,189.247,179.530,179.589,313.290,0.1084,0.0403,0.1388,0.6599,0.00,0.00,0.00,0.00
2056.00,180.000,180.000,170.000,175.000,174.602,175.637,162.592,159.236,175.896,175.533,162.603,162.110,189.254,179.542,179.590,313.039,0.1084,0.0403,0.1388,0.6590,0.00,0.00,0.00,0.00
2057.00,180.000,180.000,170.000,175.000,174.610,175.636,162.592,159.255,175.905,175.534,162.604,162.115,189.261,179.553,179.591,312.818,0.1083,0.0403,0.1388,0.6581,0.00,0.00,0.00,0.00
2058.00,180.000,180.000,170.000,175.000,174.619,175.635,162.592,159.274,175.913,175.535,162.605,162.119,189.268,179.562,179.592,312.566,0.1083,0.0403,0.1388,0.6571,0.00,0.00,0.00,0.00
2059.00,180.000,180.000,170.000,175.000,174.627,175.635,162.592,159.293,175.921,175.536,162.606,162.124,189.276,179.571,179.593,312.344,0.1083,0.0403,0.1388,0.6562,0.00,0.00,0.00,0.00
2060.00,180.000,180.000,170.000,175.000,174.636,175.634,162.592,159.312,175.930,175.537,162.607,162.128,189.284,179.580,179.594,312.092,0.1082,0.0402,0.1388,0.6553,0.00,0.00,0.00,0.00
2061.00,180.000,180.000,170.000,175.000,174.645,175.633,162.592,159.330,175.938,175.538,162.608,162.133,189.292,179.587,179.595,311.869,0.1082,0.0402,0.1388,0.6545,0.00,0.00,0.00,0.00
2062.00,180.000,180.000,170.000,175.000,174.653,175.633,162.592,159.349,175.946,175.539,162.609,162.138,189.300,179.594,179.596,311.643,0.1081,0.0402,0.1388,0.6537,0.00,0.00,0.00,0.00
2063.00,180.000,180.000,170.000,175.000,174.662,175.632,162.592,159.368,175.954,175.540,162.610,162.143,189.308,179.601,179.597,311.417,0.1080,0.0402,0.1388,0.6527,0.00,0.00,0.00,0.00
2064.00,180.000,180.000,170.000,175.000,174.670,175.631,162.593,159.386,175.963,175.541,162.611,162.147,189.300,179.607,179.599,311.188,0.1079,0.0402,0.1388,0.6518,0.00,0.00,0.00,0.00
2065.00,180.000,180.000,170.000,175.000,174.679,175.631,162.593,159.404,175.971,175.542,162.612,162.152,189.278,179.612,179.600,310.959,0.1079,0.0401,0.1388,0.6510,0.00,0.00,0.00,0.00
2066.00,180.000,180.000,170.000,175.000,174.688,175.630,162.593,159.423,175.979,175.544,162.613,162.157,189.259,179.617,179.601,310.756,0.1078,0.0401,0.1388,0.6502,0.00,0.00,0.00,0.00
2067.00,180.000,180.000,170.000,175.000,174.696,175.630,162.593,159.441,175.987,175.545,162.614,162.162,189.243,179.622,179.602,310.522,0.1077,0.0401,0.1388,0.6495,0.00,0.00,0.00,0.00
2068.00,180.000,180.000,170.000,175.000,174.705,175.629,162.593,159.459,175.995,175.546,162.615,162.167,189.229,179.626,179.603,310.314,0.1077,0.0401,0.1388,0.6487,0.00,0.00,0.00,0.00
2069.00,180.000,180.000,170.000,175.000,174.713,175.629,162.593,159.477,176.003,175.547,162.616,162.172,189.217,179.631,179.604,310.102,0.1076,0.0401,0.1388,0.6478,0.00,0.00,0.00,0.00
2070.00,180.000,180.000,170.000,175.000,174.722,175.628,162.593,159.495,176.011,175.548,162.617,162.176,189.207,179.635,179.605,309.887,0.1076,0.0400,0.1388,0.6470,0.00,0.00,0.00,0.00
2071.00,180.000,180.000,170.000,175.000,174.731,175.627,162.594,159.513,176.020,175.549,162.618,162.181,189.199,179.638,179.606,309.698,0.1076,0.0400,0.1388,0.6462,0.00,0.00,0.00,0.00
2072.00,180.000,180.000,170.000,175.000,174.739,175.627,162.594,159.530,176.028,175.551,162.619,162.186,189.193,179.642,179.608,309.475,0.1076,0.0400,0.1388,0.6455,0.00,0.00,0.00,0.00
2073.00,180.000,180.000,170.000,175.000,174.748,175.626,162.594,159.548,176.036,175.552,162.620,162.191,189.188,179.629,179.609,309.278,0.1075,0.0400,0.1387,0.6448,0.00,0.00,0.00,0.00
2074.00,180.000,180.000,170.000,175.000,174.756,175.626,162.594,159.566,176.044,175.553,162.621,162.196,189.184,179.601,179.610,309.103,0.1074,0.0400,0.1387,0.6439,0.00,0.00,0.00,0.00
2075.00,180.000,180.000,170.000,175.000,174.765,175.625,162.594,159.583,176.052,175.554,162.622,162.201,189.182,179.577,179.611,308.893,0.1073,0.0399,0.1387,0.6431,0.00,0.00,0.00,0.00
2076.00,180.000,180.000,170.000,175.000,174.773,175.625,162.594,159.601,176.059,175.555,162.623,162.207,189.180,179.555,179.612,308.708,0.1073,0.0399,0.1387,0.6424,0.00,0.00,0.00,0.00
2077.00,180.000,180.000,170.000,175.000,174.782,175.625,162.595,159.618,176.067,175.556,162.624,162.212,189.180,179.535,179.613,308.516,0.1072,0.0399,0.1387,0.6417,0.00,0.00,0.00,0.00
2078.00,180.000,180.000,170.000,175.000,174.791,175.624,162.595,159.635,176.075,175.557,162.625,162.217,189.180,179.517,179.615,308.319,0.1071,0.0399,0.1387,0.6410,0.00,0.00,0.00,0.00
2079.00,180.000,180.000,170.000,175.000,174.799,175.624,162.595,159.652,176.083,175.558,162.626,162.222,189.182,179.501,179.616,308.145,0.1071,0.0399,0.1387,0.6403,0.00,0.00,0.00,0.00
2080.00,180.000,180.000,170.000,175.000,174.808,175.623,162.595,159.669,176.091,175.559,162.627,162.227,189.183,179.487,179.617,307.962,0.1070,0.0399,0.1387,0.6395,0.00,0.00,0.00,0.00
2081.00,180.000,180.000,170.000,175.000,174.816,175.623,162.595,159.686,176.099,175.560,162.628,162.233,189.186,179.474,179.618,307.774,0.1070,0.0398,0.1387,0.6388,0.00,0.00,0.00,0.00
2082.00,180.000,180.000,170.000,175.000,174.825,175.622,162.596,159.703,176.107,175.561,162.629,162.238,189.189,179.462,179.619,307.608,0.1069,0.0398,0.1387,0.6381,0.00,0.00,0.00,0.00
2083.00,180.000,180.000,170.000,175.000,174.833,175.622,162.596,159.720,176.115,175.562,162.630,162.243,189.193,179.452,179.620,307.406,0.1069,0.0398,0.1387,0.6375,0.00,0.00,0.00,0.00
2084.00,180.000,180.000,170.000,175.000,174.842,175.622,162.596,159.737,176.123,175.563,162.631,162.249,189.197,179.442,179.622,307.227,0.1069,0.0398,0.1387,0.6368,0.00,0.00,0.00,0.00
2085.00,180.000,180.000,170.000,175.000,174.850,175.621,162.596,159.754,176.131,175.563,162.632,162.254,189.202,179.434,179.623,307.069,0.1068,0.0398,0.1387,0.6362,0.00,0.00,0.00,0.00
2086.00,180.000,180.000,170.000,175.000,174.859,175.621,162.597,159.770,176.139,175.564,162.633,162.259,189.207,179.427,179.624,306.874,0.1067,0.0398,0.1387,0.6354,0.00,0.00,0.00,0.00
2087.00,180.000,180.000,170.000,175.000,174.867,175.620,162.597,159.787,176.147,175.565,162.634,162.265,189.212,179.420,179.625,306.702,0.1066,0.0398,0.1387,0.6347,0.00,0.00,0.00,0.00
2088.00,180.000,180.000,170.000,175.000,174.876,175.620,162.597,159.803,176.155,175.566,162.635,162.270,189.218,179.414,179.626,306.549,0.1066,0.0397,0.1387,0.6341,0.00,0.00,0.00,0.00
2089.00,180.000,180.000,170.000,175.000,174.884,175.620,162.597,159.820,176.163,175.567,162.636,162.276,189.224,179.409,179.628,306.360,0.1065,0.0397,0.1387,0.6335,0.00,0.00,0.00,0.00
2090.00,180.000,180.000,170.000,175.000,174.893,175.619,162.598,159.836,176.171,175.567,162.638,162.281,189.230,179.404,179.629,306.192,0.1064,0.0397,0.1387,0.6329,0.00,0.00,0.00,0.00
2091.00,180.000,180.000,170.000,175.000,174.901,175.619,162.598,159.852,176.179,175.568,162.639,162.287,189.237,179.400,179.630,306.043,0.1064,0.0397,0.1387,0.6323,0.00,0.00,0.00,0.00
2092.00,180.000,180.000,170.000,175.000,174.910,175.619,162.598,159.868,176.187,175.569,162.640,162.293,189.243,179.397,179.631,305.884,0.1063,0.0397,0.1387,0.6316,0.00,0.00,0.00,0.00
2093.00,180.000,180.000,170.000,175.000,174.918,175.618,162.598,159.885,176.195,175.570,162.641,162.298,189.250,179.394,179.632,305.716,0.1063,0.0397,0.1387,0.6309,0.00,0.00,0.00,0.00
2094.00,180.000,180.000,170.000,175.000,174.927,175.618,162.599,159.901,176.203,175.570,162.642,162.304,189.257,179.391,179.634,305.568,0.1063,0.0397,0.1387,0.6303,0.00,0.00,0.00,0.00
2095.00,180.000,180.000,170.000,175.000,174.935,175.618,162.599,159.917,176.211,175.571,162.643,162.310,189.264,179.388,179.635,305.409,0.1062,0.0397,0.1387,0.6297,0.00,0.00,0.00,0.00
2096.00,180.000,180.000,170.000,175.000,174.944,175.617,162.599,159.933,176.219,175.572,162.644,162.315,189.272,179.386,179.636,305.241,0.1062,0.0397,0.1386,0.6292,0.00,0.00,0.00,0.00
2097.00,180.000,180.000,170.000,175.000,174.952,175.617,162.600,159.948,176.227,175.573,162.645,162.321,189.279,179.385,179.637,305.093,0.1062,0.0397,0.1386,0.6287,0.00,0.00,0.00,0.00
2098.00,180.000,180.000,170.000,175.000,174.961,175.617,162.600,159.964,176.235,175.573,162.646,162.327,189.287,179.383,179.638,304.962,0.1060,0.0396,0.1386,0.6280,0.00,0.00,0.00,0.00
2099.00,180.000,180.000,170.000,175.000,174.969,175.617,162.600,159.980,176.243,175.574,162.647,162.333,189.278,179.382,179.640,304.791,0.1060,0.0396,0.1386,0.6273,0.00,0.00,0.00,0.00
2100.00,180.000,180.000,170.000,175.000,174.978,175.616,162.601,159.995,176.251,175.575,162.648,162.338,189.255,179.381,179.641,304.641,0.1059,0.0396,0.1386,0.6268,0.00,0.00,0.00,0.00
2101.00,180.000,180.000,170.000,175.000,174.986,175.616,162.601,160.011,176.258,175.576,162.649,162.344,189.235,179.380,179.642,304.507,0.1058,0.0396,0.1386,0.6262,0.00,0.00,0.00,0.00
2102.00,180.000,180.000,170.000,175.000,174.995,175.616,162.601,160.027,176.266,175.577,162.651,162.350,189.218,179.379,179.643,304.361,0.1058,0.0396,0.1386,0.6257,0.00,0.00,0.00,0.00
2103.00,180.000,180.000,170.000,175.000,175.003,175.615,162.602,160.042,176.274,175.577,162.652,162.356,189.204,179.379,179.644,304.205,0.1057,0.0396,0.1386,0.6252,0.00,0.00,0.00,0.00
2104.00,180.000,180.000,170.000,175.000,175.012,175.615,162.602,160.057,176.282,175.578,162.653,162.362,189.191,179.378,179.646,304.068,0.1057,0.0396,0.1386,0.6247,0.00,0.00,0.00,0.00
2105.00,180.000,180.000,170.000,175.000,175.020,175.615,162.602,160.073,176.290,175.579,162.654,162.368,189.181,179.378,179.647,303.946,0.1056,0.0396,0.1386,0.6240,0.00,0.00,0.00,0.00
2106.00,180.000,180.000,170.000,175.000,175.029,175.615,162.603,160.088,176.297,175.580,162.655,162.374,189.172,179.378,179.648,303.784,0.1056,0.0396,0.1386,0.6234,0.00,0.00,0.00,0.00
2107.00,180.000,180.000,170.000,175.000,175.037,175.614,162.603,160.103,176.305,175.580,162.656,162.380,189.165,179.378,179.649,303.640,0.1056,0.0396,0.1386,0.6229,0.00,0.00,0.00,0.00
2108.00,180.000,180.000,170.000,175.000,175.045,175.614,162.603,160.118,176.313,175.581,162.657,162.386,189.160,179.378,179.651,303.513,0.1056,0.0396,0.1386,0.6224,0.00,0.00,0.00,0.00
2109.00,180.000,180.000,170.000,175.000,175.054,175.614,162.604,160.133,176.320,175.582,162.658,162.392,189.155,179.378,179.652,303.401,0.1055,0.0396,0.1386,0.6220,0.00,0.00,0.00,0.00
2110.00,180.000,180.000,170.000,175.000,175.062,175.614,162.604,160.148,176.328,175.583,162.659,162.398,189.152,179.379,179.653,303.247,0.1054,0.0396,0.1386,0.6215,0.00,0.00,0.00,0.00
2111.00,180.000,180.000,170.000,175.000,175.071,175.614,162.604,160.163,176.336,175.583,162.661,162.405,189.150,179.379,179.654,303.111,0.1053,0.0396,0.1386,0.6209,0.00,0.00,0.00,0.00
2112.00,180.000,180.000,170.000,175.000,175.079,175.613,162.605,160.178,176.343,175.584,162.662,162.411,189.149,179.379,179.656,302.991,0.1052,0.0396,0.1386,0.6203,0.00,0.00,0.00,0.00
2113.00,180.000,180.000,170.000,175.000,175.088,175.613,162.605,160.193,176.351,175.585,162.663,162.417,189.149,179.380,179.657,302.857,0.1052,0.0396,0.1386,0.6198,0.00,0.00,0.00,0.00
2114.00,180.000,180.000,170.000,175.000,175.096,175.613,162.605,160.208,176.359,175.586,162.664,162.423,189.149,179.380,179.658,302.712,0.1051,0.0395,0.1386,0.6193,0.00,0.00,0.00,0.00
2115.00,180.000,180.000,170.000,175.000,175.104,175.613,162.606,160.223,176.366,175.587,162.665,162.429,189.151,179.381,179.659,302.584,0.1050,0.0395,0.1386,0.6189,0.00,0.00,0.00,0.00
2116.00,180.000,180.000,170.000,175.000,175.113,175.613,162.606,160.237,176.374,175.587,162.666,162.436,189.153,179.381,179.661,302.470,0.1050,0.0395,0.1386,0.6184,0.00,0.00,0.00,0.00
2117.00,180.000,180.000,170.000,175.000,175.121,175.613,162.607,160.252,176.381,175.588,162.667,162.442,189.155,179.382,179.662,302.370,0.1050,0.0395,0.1386,0.6180,0.00,0.00,0.00,0.00
2118.00,180.000,180.000,170.000,175.000,175.130,175.612,162.607,160.266,176.389,175.589,162.668,162.448,189.158,179.383,179.663,302.227,0.1049,0.0395,0.1386,0.6174,0.00,0.00,0.00,0.00
2119.00,180.000,180.000,170.000,175.000,175.138,175.612,162.607,160.281,176.397,175.590,162.670,162.455,189.162,179.383,179.664,302.101,0.1049,0.0395,0.1386,0.6169,0.00,0.00,0.00,0.00
2120.00,180.000,180.000,170.000,175.000,175.146,175.612,162.608,160.295,176.404,175.590,162.671,162.461,189.166,179.384,179.666,301.989,0.1049,0.0395,0.1385,0.6164,0.00,0.00,0.00,0.00
2121.00,180.000,180.000,170.000,175.000,175.155,175.612,162.608,160.310,176.412,175.591,162.672,162.467,189.170,179.385,179.667,301.891,0.1048,0.0395,0.1385,0.6159,0.00,0.00,0.00,0.00
2122.00,180.000,180.000,170.000,175.000,175.163,175.612,162.609,160.324,176.419,175.592,162.673,162.474,189.175,179.386,179.668,301.749,0.1047,0.0395,0.1385,0.6155,0.00,0.00,0.00,0.00
2123.00,180.000,180.000,170.000,175.000,175.171,175.612,162.609,160.338,176.427,175.593,162.674,162.480,189.180,179.387,179.669,301.624,0.1046,0.0395,0.1385,0.6151,0.00,0.00,0.00,0.00
2124.00,180.000,180.000,170.000,175.000,175.180,175.612,162.610,160.353,176.434,175.594,162.675,162.487,189.185,179.388,179.671,301.513,0.1045,0.0395,0.1385,0.6147,0.00,0.00,0.00,0.00
2125.00,180.000,180.000,170.000,175.000,175.188,175.611,162.610,160.367,176.442,175.595,162.677,162.493,189.191,179.388,179.672,301.416,0.1045,0.0395,0.1385,0.6142,0.00,0.00,0.00,0.00
2126.00,180.000,180.000,170.000,175.000,175.196,175.611,162.611,160.381,176.450,175.595,162.678,162.500,189.197,179.389,179.673,301.302,0.1044,0.0395,0.1385,0.6137,0.00,0.00,0.00,0.00
2127.00,180.000,180.000,170.000,175.000,175.205,175.611,162.611,160.395,176.457,175.596,162.679,162.506,189.203,179.390,179.674,301.174,0.1044,0.0395,0.1385,0.6132,0.00,0.00,0.00,0.00
2128.00,180.000,180.000,170.000,175.000,175.213,175.611,162.611,160.409,176.465,175.597,162.680,162.513,189.209,179.391,179.676,301.062,0.1043,0.0395,0.1385,0.6128,0.00,0.00,0.00,0.00
2129.00,180.000,180.000,170.000,175.000,175.221,175.611,162.612,160.423,176.472,175.598,162.681,162.520,189.215,179.392,179.677,300.963,0.1043,0.0395,0.1385,0.6124,0.00,0.00,0.00,0.00
2130.00,180.000,180.000,170.000,175.000,175.230,175.611,162.612,160.437,176.480,175.599,162.682,162.526,189.222,179.393,179.678,300.875,0.1043,0.0395,0.1385,0.6120,0.00,0.00,0.00,0.00
2131.00,180.000,180.000,170.000,175.000,175.238,175.611,162.613,160.451,176.488,175.599,162.684,162.533,189.228,179.394,179.680,300.744,0.1043,0.0395,0.1385,0.6117,0.00,0.00,0.00,0.00
2132.00,180.000,180.000,170.000,175.000,175.246,175.611,162.613,160.465,176.495,175.600,162.685,162.540,189.235,179.395,179.681,300.627,0.1042,0.0395,0.1385,0.6111,0.00,0.00,0.00,0.00
2133.00,180.000,180.000,170.000,175.000,175.255,175.611,162.614,160.479,176.503,175.601,162.686,162.546,189.242,179.396,179.682,300.524,0.1041,0.0395,0.1385,0.6107,0.00,0.00,0.00,0.00
2134.00,180.000,180.000,170.000,175.000,175.263,175.611,162.614,160.492,176.511,175.602,162.687,162.553,189.249,179.397,179.683,300.434,0.1040,0.0395,0.1385,0.6102,0.00,0.00,0.00,0.00
2135.00,180.000,180.000,170.000,175.000,175.271,175.611,162.615,160.506,176.518,175.603,162.688,162.560,189.240,179.398,179.685,300.326,0.1040,0.0395,0.1385,0.6098,0.00,0.00,0.00,0.00
2136.00,180.000,180.000,170.000,175.000,175.280,175.611,162.615,160.520,176.526,175.604,162.690,162.567,189.216,179.399,179.686,300.204,0.1039,0.0395,0.1385,0.6095,0.00,0.00,0.00,0.00
2137.00,180.000,180.000,170.000,175.000,175.288,175.610,162.616,160.533,176.533,175.605,162.691,162.573,189.196,179.400,179.687,300.097,0.1038,0.0395,0.1385,0.6091,0.00,0.00,0.00,0.00
2138.00,180.000,180.000,170.000,175.000,175.296,175.610,162.616,160.547,176.541,175.605,162.692,162.580,189.178,179.401,179.689,300.002,0.1038,0.0395,0.1385,0.6088,0.00,0.00,0.00,0.00
2139.00,180.000,180.000,170.000,175.000,175.304,175.610,162.617,160.560,176.548,175.606,162.693,162.587,189.163,179.402,179.690,299.918,0.1037,0.0395,0.1385,0.6083,0.00,0.00,0.00,0.00
2140.00,180.000,180.000,170.000,175.000,175.313,175.610,162.617,160.574,176.556,175.607,162.694,162.594,189.150,179.403,179.691,299.816,0.1037,0.0395,0.1385,0.6078,0.00,0.00,0.00,0.00
2141.00,180.000,180.000,170.000,175.000,175.321,175.610,162.618,160.587,176.563,175.608,162.696,162.601,189.139,179.404,179.692,299.700,0.1037,0.0395,0.1385,0.6074,0.00,0.00,0.00,0.00
2142.00,180.000,180.000,170.000,175.000,175.329,175.610,162.618,160.601,176.570,175.609,162.697,162.608,189.130,179.405,179.694,299.598,0.1036,0.0395,0.1385,0.6070,0.00,0.00,0.00,0.00
2143.00,180.000,180.000,170.000,175.000,175.338,175.610,162.619,160.614,176.578,175.610,162.698,162.614,189.122,179.407,179.695,299.507,0.1036,0.0395,0.1385,0.6067,0.00,0.00,0.00,0.00
2144.00,180.000,180.000,170.000,175.000,175.346,175.610,162.619,160.627,176.585,175.611,162.699,162.621,189.116,179.408,179.696,299.428,0.1036,0.0395,0.1384,0.6064,0.00,0.00,0.00,0.00
2145.00,180.000,180.000,170.000,175.000,175.354,175.610,162.620,160.641,176.592,175.612,162.700,162.628,189.111,179.409,179.698,299.357,0.1035,0.0395,0.1384,0.6061,0.00,0.00,0.00,0.00
2146.00,180.000,180.000,170.000,175.000,175.362,175.610,162.620,160.654,176.599,175.612,162.702,162.635,189.107,179.410,179.699,299.241,0.1034,0.0395,0.1384,0.6057,0.00,0.00,0.00,0.00
2147.00,180.000,180.000,170.000,175.000,175.370,175.610,162.621,160.667,176.607,175.613,162.703,162.642,189.105,179.411,179.700,299.138,0.1033,0.0395,0.1384,0.6052,0.00,0.00,0.00,0.00
2148.00,180.000,180.000,170.000,175.000,175.379,175.610,162.621,160.680,176.614,175.614,162.704,162.649,189.103,179.412,179.702,299.048,0.1032,0.0395,0.1384,0.6048,0.00,0.00,0.00,0.00
2149.00,180.000,180.000,170.000,175.000,175.387,175.610,162.622,160.693,176.621,175.615,162.705,162.656,189.102,179.413,179.703,298.968,0.1032,0.0395,0.1384,0.6044,0.00,0.00,0.00,0.00
2150.00,180.000,180.000,170.000,175.000,175.395,175.610,162.623,160.706,176.628,175.616,162.707,162.663,189.102,179.414,179.704,298.898,0.1031,0.0395,0.1384,0.6041,0.00,0.00,0.00,0.00
2151.00,180.000,180.000,170.000,175.000,175.403,175.610,162.623,160.719,176.635,175.617,162.708,162.670,189.103,179.415,179.706,298.782,0.1031,0.0395,0.1384,0.6038,0.00,0.00,0.00,0.00
2152.00,180.000,180.000,170.000,175.000,175.412,175.611,162.624,160.732,176.643,175.618,162.709,162.678,189.104,179.416,179.707,298.679,0.1030,0.0395,0.1384,0.6035,0.00,0.00,0.00,0.00
2153.00,180.000,180.000,170.000,175.000,175.420,175.611,162.624,160.745,176.650,175.619,162.710,162.685,189.106,179.418,179.708,298.589,0.1030,0.0395,0.1384,0.6032,0.00,0.00,0.00,0.00
2154.00,180.000,180.000,170.000,175.000,175.428,175.611,162.625,160.758,176.657,175.620,162.712,162.692,189.108,179.419,179.710,298.509,0.1030,0.0395,0.1384,0.6028,0.00,0.00,0.00,0.00
2155.00,180.000,180.000,170.000,175.000,175.436,175.611,162.625,160.771,176.664,175.621,162.713,162.699,189.111,179.420,179.711,298.439,0.1030,0.0395,0.1384,0.6024,0.00,0.00,0.00,0.00
2156.00,180.000,180.000,170.000,175.000,175.444,175.611,162.626,160.784,176.671,175.622,162.714,162.706,189.115,179.421,179.712,298.378,0.1029,0.0395,0.1384,0.6020,0.00,0.00,0.00,0.00
2157.00,180.000,180.000,170.000,175.000,175.452,175.611,162.627,160.797,176.678,175.622,162.715,162.713,189.118,179.422,179.714,298.269,0.1029,0.0395,0.1384,0.6017,0.00,0.00,0.00,0.00
2158.00,180.000,180.000,170.000,175.000,175.461,175.611,162.627,160.809,176.686,175.623,162.717,162.720,189.122,179.423,179.715,298.173,0.1028,0.0395,0.1384,0.6013,0.00,0.00,0.00,0.00
2159.00,180.000,180.000,170.000,175.000,175.469,175.611,162.628,160.822,176.693,175.624,162.718,162.728,189.127,179.424,179.716,298.089,0.1027,0.0395,0.1384,0.6011,0.00,0.00,0.00,0.00
2160.00,180.000,180.000,170.000,175.000,175.477,175.611,162.628,160.835,176.700,175.625,162.719,162.735,189.131,179.426,179.718,298.014,0.1026,0.0395,0.1384,0.6008,0.00,0.00,0.00,0.00
2161.00,180.000,180.000,170.000,175.000,175.485,175.611,162.629,160.847,176.707,175.626,162.720,162.742,189.136,179.427,179.719,297.949,0.1025,0.0395,0.1384,0.6006,0.00,0.00,0.00,0.00
2162.00,180.000,180.000,170.000,175.000,175.493,175.611,162.630,160.860,176.714,175.627,162.722,162.749,189.142,179.428,179.720,297.892,0.1025,0.0395,0.1384,0.6001,0.00,0.00,0.00,0.00
2163.00,180.000,180.000,170.000,175.000,175.501,175.611,162.630,160.873,176.721,175.628,162.723,162.757,189.147,179.429,179.722,297.787,0.1024,0.0395,0.1384,0.5997,0.00,0.00,0.00,0.00
2164.00,180.000,180.000,170.000,175.000,175.509,175.612,162.631,160.885,176.729,175.629,162.724,162.764,189.152,179.430,179.723,297.694,0.1024,0.0395,0.1384,0.5994,0.00,0.00,0.00,0.00
2165.00,180.000,180.000,170.000,175.000,175.518,175.612,162.631,160.898,176.736,175.630,162.725,162.771,189.158,179.431,179.724,297.613,0.1024,0.0395,0.1384,0.5990,0.00,0.00,0.00,0.00
2166.00,180.000,180.000,170.000,175.000,175.526,175.612,162.632,160.910,176.743,175.631,162.727,162.779,189.164,179.433,179.726,297.541,0.1023,0.0395,0.1384,0.5987,0.00,0.00,0.00,0.00
2167.00,180.000,180.000,170.000,175.000,175.534,175.612,162.633,160.923,176.750,175.632,162.728,162.786,189.170,179.434,179.727,297.478,0.1023,0.0395,0.1384,0.5985,0.00,0.00,0.00,0.00
2168.00,180.000,180.000,170.000,175.000,175.542,175.612,162.633,160.935,176.757,175.633,162.729,162.794,189.176,179.435,179.729,297.423,0.1023,0.0395,0.1384,0.5982,0.00,0.00,0.00,0.00
2169.00,180.000,180.000,170.000,175.000,175.550,175.612,162.634,160.947,176.764,175.634,162.731,162.801,189.183,179.436,179.730,297.375,0.1023,0.0395,0.1384,0.5980,0.00,0.00,0.00,0.00
2170.00,180.000,180.000,170.000,175.000,175.558,175.612,162.635,160.960,176.771,175.635,162.732,162.808,189.189,179.437,179.731,297.278,0.1022,0.0395,0.1383,0.5976,0.00,0.00,0.00,0.00
2171.00,180.000,180.000,170.000,175.000,175.566,175.612,162.635,160.972,176.779,175.636,162.733,162.816,189.195,179.438,179.733,297.193,0.1021,0.0395,0.1383,0.5972,0.00,0.00,0.00,0.00
2172.00,180.000,180.000,170.000,175.000,175.574,175.613,162.636,160.984,176.786,175.637,162.734,162.823,189.202,179.440,179.734,297.118,0.1020,0.0395,0.1383,0.5969,0.00,0.00,0.00,0.00
2173.00,180.000,180.000,170.000,175.000,175.582,175.613,162.637,160.996,176.793,175.638,162.736,162.831,189.176,179.441,179.735,297.052,0.1019,0.0395,0.1383,0.5966,0.00,0.00,0.00,0.00
2174.00,180.000,180.000,170.000,175.000,175.590,175.613,162.637,161.009,176.800,175.639,162.737,162.838,189.154,179.442,179.737,296.994,0.1018,0.0395,0.1383,0.5963,0.00,0.00,0.00,0.00
2175.00,180.000,180.000,170.000,175.000,175.598,175.613,162.638,161.021,176.807,175.640,162.738,162.846,189.135,179.443,179.738,296.944,0.1018,0.0395,0.1383,0.5961,0.00,0.00,0.00,0.00
2176.00,180.000,180.000,170.000,175.000,175.606,175.613,162.639,161.033,176.814,175.641,162.740,162.853,189.118,179.444,179.740,296.845,0.1018,0.0395,0.1383,0.5958,0.00,0.00,0.00,0.00
2177.00,180.000,180.000,170.000,175.000,175.614,175.613,162.639,161.045,176.821,175.642,162.741,162.861,189.103,179.446,179.741,296.758,0.1017,0.0395,0.1383,0.5956,0.00,0.00,0.00,0.00
2178.00,180.000,180.000,170.000,175.000,175.622,175.614,162.640,161.057,176.828,175.643,162.742,162.869,189.091,179.447,179.742,296.681,0.1017,0.0395,0.1383,0.5953,0.00,0.00,0.00,0.00
2179.00,180.000,180.000,170.000,175.000,175.630,175.614,162.641,161.069,176.835,175.644,162.744,162.876,189.080,179.448,179.744,296.614,0.1017,0.0395,0.1383,0.5949,0.00,0.00,0.00,0.00
2180.00,180.000,180.000,170.000,175.000,175.638,175.614,162.641,161.081,176.842,175.645,162.745,162.884,189.071,179.449,179.745,296.554,0.1016,0.0395,0.1383,0.5946,0.00,0.00,0.00,0.00
2181.00,180.000,180.000,170.000,175.000,175.646,175.614,162.642,161.093,176.848,175.646,162.746,162.891,189.063,179.451,179.747,296.503,0.1016,0.0395,0.1383,0.5943,0.00,0.00,0.00,0.00
2182.00,180.000,180.000,170.000,175.000,175.654,175.614,162.643,161.105,176.855,175.647,162.747,162.899,189.057,179.452,179.748,296.457,0.1015,0.0395,0.1383,0.5940,0.00,0.00,0.00,0.00
2183.00,180.000,180.000,170.000,175.000,175.662,175.615,162.643,161.117,176.862,175.648,162.749,162.907,189.052,179.453,179.749,296.363,0.1014,0.0395,0.1383,0.5938,0.00,0.00,0.00,0.00
2184.00,180.000,180.000,170.000,175.000,175.670,175.615,162.644,161.129,176.869,175.649,162.750,162.914,189.048,179.454,179.751,296.281,0.1013,0.0395,0.1383,0.5936,0.00,0.00,0.00,0.00
2185.00,180.000,180.000,170.000,175.000,175.678,175.615,162.645,161.141,176.876,175.650,162.751,162.922,189.046,179.455,179.752,296.208,0.1013,0.0395,0.1383,0.5934,0.00,0.00,0.00,0.00
2186.00,180.000,180.000,170.000,175.000,175.686,175.615,162.646,161.153,176.882,175.651,162.753,162.930,189.044,179.457,179.754,296.144,0.1012,0.0395,0.1383,0.5931,0.00,0.00,0.00,0.00
2187.00,180.000,180.000,170.000,175.000,175.694,175.616,162.646,161.164,176.889,175.652,162.754,162.937,189.043,179.458,179.755,296.088,0.1012,0.0395,0.1383,0.5927,0.00,0.00,0.00,0.00
2188.00,180.000,180.000,170.000,175.000,175.702,175.616,162.647,161.176,176.896,175.653,162.755,162.945,189.043,179.459,179.756,296.039,0.1011,0.0395,0.1383,0.5924,0.00,0.00,0.00,0.00
2189.00,180.000,180.000,170.000,175.000,175.710,175.616,162.648,161.188,176.902,175.654,162.757,162.953,189.043,179.460,179.758,295.996,0.1011,0.0395,0.1383,0.5921,0.00,0.00,0.00,0.00
2190.00,180.000,180.000,170.000,175.000,175.718,175.616,162.648,161.200,176.909,175.655,162.758,162.960,189.044,179.462,179.759,295.930,0.1010,0.0395,0.1383,0.5919,0.00,0.00,0.00,0.00
2191.00,180.000,180.000,170.000,175.000,175.726,175.617,162.649,161.211,176.916,175.656,162.759,162.968,189.046,179.463,179.761,295.847,0.1010,0.0395,0.1383,0.5916,0.00,0.00,0.00,0.00
2192.00,180.000,180.000,170.000,175.000,175.734,175.617,162.650,161.223,176.923,175.657,162.761,162.976,189.048,179.464,179.762,295.773,0.1010,0.0395,0.1383,0.5914,0.00,0.00,0.00,0.00
2193.00,180.000,180.000,170.000,175.000,175.742,175.617,162.651,161.235,176.929,175.658,162.762,162.984,189.050,179.465,179.763,295.708,0.1010,0.0395,0.1382,0.5912,0.00,0.00,0.00,0.00
2194.00,180.000,180.000,170.000,175.000,175.750,175.617,162.651,161.246,176.936,175.659,162.763,162.991,189.053,179.467,179.765,295.651,0.1010,0.0395,0.1381,0.5910,0.00,0.00,0.00,0.00
2195.00,180.000,180.000,170.000,175.000,175.758,175.618,162.652,161.258,176.943,175.660,162.765,162.999,189.056,179.468,179.766,295.602,0.1009,0.0395,0.1381,0.5907,0.00,0.00,0.00,0.00
2196.00,180.000,180.000,170.000,175.000,175.766,175.618,162.653,161.270,176.949,175.661,162.766,163.007,189.060,179.469,179.768,295.558,0.1008,0.0395,0.1381,0.5904,0.00,0.00,0.00,0.00
2197.00,180.000,180.000,170.000,175.000,175.773,175.618,162.654,161.281,176.956,175.662,162.768,163.015,189.064,179.471,179.769,295.521,0.1007,0.0395,0.1380,0.5901,0.00,0.00,0.00,0.00
2198.00,180.000,180.000,170.000,175.000,175.781,175.619,162.654,161.293,176.963,175.664,162.769,163.023,189.068,179.472,179.754,295.433,0.1006,0.0395,0.1380,0.5898,0.00,0.00,0.00,0.00
2199.00,180.000,180.000,170.000,175.000,175.789,175.619,162.655,161.304,176.969,175.665,162.770,163.031,189.073,179.473,179.725,295.356,0.1005,0.0395,0.1379,0.5896,0.00,0.00,0.00,0.00
2200.00,180.000,180.000,170.000,175.000,175.797,175.619,162.656,161.316,176.976,175.666,162.771,163.038,189.077,179.474,179.699,295.289,0.1005,0.0395,0.1379,0.5894,0.00,0.00,0.00,0.00
2201.00,180.000,180.000,170.000,175.000,175.805,175.619,162.657,161.327,176.983,175.667,162.773,163.046,189.082,179.476,179.675,295.230,0.1005,0.0395,0.1379,0.5892,0.00,0.00,0.00,0.00
2202.00,180.000,180.000,170.000,175.000,175.813,175.620,162.657,161.339,176.989,175.668,162.774,163.054,189.087,179.477,179.654,295.178,0.1004,0.0395,0.1379,0.5890,0.00,0.00,0.00,0.00
2203.00,180.000,180.000,170.000,175.000,175.821,175.620,162.658,161.350,176.996,175.669,162.775,163.062,189.092,179.478,179.635,295.132,0.1004,0.0395,0.1378,0.5888,0.00,0.00,0.00,0.00
2204.00,180.000,180.000,170.000,175.000,175.828,175.620,162.659,161.361,177.003,175.670,162.776,163.070,189.098,179.480,179.618,295.093,0.1004,0.0395,0.1378,0.5884,0.00,0.00,0.00,0.00
2205.00,180.000,180.000,170.000,175.000,175.836,175.621,162.660,161.373,177.009,175.671,162.777,163.078,189.103,179.481,179.603,295.059,0.1003,0.0395,0.1378,0.5881,0.00,0.00,0.00,0.00
2206.00,180.000,180.000,170.000,175.000,175.844,175.621,162.661,161.384,177.016,175.672,162.778,163.086,189.109,179.482,179.589,295.001,0.1003,0.0395,0.1378,0.5879,0.00,0.00,0.00,0.00
2207.00,180.000,180.000,170.000,175.000,175.852,175.621,162.661,161.395,177.023,175.673,162.779,163.094,189.115,179.483,179.576,294.924,0.1003,0.0395,0.1378,0.5876,0.00,0.00,0.00,0.00
2208.00,180.000,180.000,170.000,175.000,175.860,175.622,162.662,161.407,177.029,175.674,162.780,163.102,189.120,179.485,179.565,294.856,0.1002,0.0395,0.1378,0.5874,0.00,0.00,0.00,0.00
2209.00,180.000,180.000,170.000,175.000,175.867,175.622,162.663,161.418,177.036,175.676,162.781,163.110,189.126,179.486,179.555,294.797,0.1001,0.0395,0.1377,0.5872,0.00,0.00,0.00,0.00
2210.00,180.000,180.000,170.000,175.000,175.875,175.623,162.664,161.429,177.043,175.677,162.782,163.117,189.132,179.487,179.546,294.745,0.1000,0.0395,0.1377,0.5870,0.00,0.00,0.00,0.00
2211.00,180.000,180.000,170.000,175.000,175.883,175.623,162.664,161.441,177.049,175.678,162.783,163.125,189.122,179.489,179.538,294.699,0.0999,0.0395,0.1377,0.5869,0.00,0.00,0.00,0.00
2212.00,180.000,180.000,170.000,175.000,175.891,175.623,162.665,161.452,177.056,175.679,162.784,163.133,189.098,179.490,179.531,294.660,0.0999,0.0395,0.1377,0.5867,0.00,0.00,0.00,0.00
2213.00,180.000,180.000,170.000,175.000,175.898,175.624,162.666,161.463,177.062,175.680,162.785,163.141,189.076,179.491,179.525,294.626,0.0998,0.0395,0.1377,0.5863,0.00,0.00,0.00,0.00
2214.00,180.000,180.000,170.000,175.000,175.906,175.624,162.667,161.474,177.069,175.681,162.786,163.149,189.058,179.493,179.519,294.596,0.0998,0.0395,0.1377,0.5860,0.00,0.00,0.00,0.00
2215.00,180.000,180.000,170.000,175.000,175.914,175.624,162.668,161.485,177.075,175.682,162.786,163.158,189.041,179.494,179.514,294.516,0.0998,0.0395,0.1377,0.5858,0.00,0.00,0.00,0.00
2216.00,180.000,180.000,170.000,175.000,175.922,175.625,162.668,161.496,177.082,175.683,162.787,163.166,189.027,179.495,179.510,294.445,0.0997,0.0395,0.1377,0.5856,0.00,0.00,0.00,0.00
2217.00,180.000,180.000,170.000,175.000,175.929,175.625,162.669,161.507,177.088,175.685,162.788,163.174,189.015,179.497,179.506,294.383,0.0997,0.0395,0.1376,0.5854,0.00,0.00,0.00,0.00
2218.00,180.000,180.000,170.000,175.000,175.937,175.626,162.670,161.519,177.094,175.686,162.789,163.182,189.005,179.498,179.503,294.329,0.0997,0.0395,0.1376,0.5852,0.00,0.00,0.00,0.00
2219.00,180.000,180.000,170.000,175.000,175.945,175.626,162.671,161.530,177.101,175.687,162.790,163.190,188.996,179.499,179.500,294.282,0.0997,0.0395,0.1376,0.5850,0.00,0.00,0.00,0.00
2220.00,180.000,180.000,170.000,175.000,175.952,175.626,162.672,161.541,177.107,175.688,162.791,163.198,188.988,179.500,179.497,294.241,0.0996,0.0395,0.1376,0.5849,0.00,0.00,0.00,0.00
2221.00,180.000,180.000,170.000,175.000,175.960,175.627,162.672,161.552,177.113,175.689,162.792,163.206,188.982,179.502,179.495,294.205,0.0995,0.0395,0.1376,0.5847,0.00,0.00,0.00,0.00
2222.00,180.000,180.000,170.000,175.000,175.968,175.627,162.673,161.563,177.120,175.690,162.793,163.214,188.977,179.503,179.493,294.174,0.0994,0.0395,0.1376,0.5844,0.00,0.00,0.00,0.00
2223.00,180.000,180.000,170.000,175.000,175.975,175.628,162.674,161.574,177.126,175.691,162.793,163.222,188.974,179.504,179.491,294.147,0.0994,0.0395,0.1376,0.5841,0.00,0.00,0.00,0.00
2224.00,180.000,180.000,170.000,175.000,175.983,175.628,162.675,161.585,177.132,175.693,162.794,163.230,188.971,179.506,179.490,294.069,0.0993,0.0395,0.1376,0.5838,0.00,0.00,0.00,0.00
2225.00,180.000,180.000,170.000,175.000,175.991,175.628,162.676,161.596,177.138,175.694,162.795,163.238,188.969,179.507,179.488,294.001,0.0992,0.0395,0.1376,0.5836,0.00,0.00,0.00,0.00
2226.00,180.000,180.000,170.000,175.000,175.998,175.629,162.676,161.606,177.144,175.695,162.796,163.246,188.968,179.508,179.487,293.941,0.0992,0.0395,0.1376,0.5834,0.00,0.00,0.00,0.00
2227.00,180.000,180.000,170.000,175.000,176.006,175.629,162.677,161.617,177.151,175.696,162.797,163.254,188.967,179.510,179.487,293.889,0.0991,0.0395,0.1376,0.5832,0.00,0.00,0.00,0.00
2228.00,180.000,180.000,170.000,175.000,176.014,175.630,162.678,161.628,177.157,175.697,162.798,163.263,188.967,179.511,179.486,293.844,0.0991,0.0395,0.1376,0.5831,0.00,0.00,0.00,0.00
2229.00,180.000,180.000,170.000,175.000,176.021,175.630,162.679,161.639,177.163,175.698,162.798,163.271,188.968,179.513,179.485,293.804,0.0991,0.0395,0.1376,0.5830,0.00,0.00,0.00,0.00
2230.00,180.000,180.000,170.000,175.000,176.029,175.631,162.680,161.650,177.169,175.700,162.799,163.279,188.969,179.514,179.485,293.769,0.0991,0.0395,0.1375,0.5828,0.00,0.00,0.00,0.00
2231.00,180.000,180.000,170.000,175.000,176.036,175.631,162.680,161.661,177.175,175.701,162.800,163.287,188.971,179.515,179.485,293.739,0.0990,0.0395,0.1375,0.5824,0.00,0.00,0.00,0.00
2232.00,180.000,180.000,170.000,175.000,176.044,175.632,162.681,161.672,177.181,175.702,162.801,163.295,188.973,179.517,179.485,293.714,0.0990,0.0395,0.1375,0.5822,0.00,0.00,0.00,0.00
2233.00,180.000,180.000,170.000,175.000,176.052,175.632,162.682,161.682,177.188,175.703,162.802,163.303,188.976,179.518,179.485,293.664,0.0990,0.0395,0.1375,0.5819,0.00,0.00,0.00,0.00
2234.00,180.000,180.000,170.000,175.000,176.059,175.633,162.683,161.693,177.194,175.704,162.803,163.312,188.979,179.519,179.485,293.593,0.0989,0.0395,0.1375,0.5817,0.00,0.00,0.00,0.00
2235.00,180.000,180.000,170.000,175.000,176.067,175.633,162.684,161.704,177.200,175.706,162.803,163.320,188.982,179.521,179.485,293.532,0.0988,0.0395,0.1375,0.5815,0.00,0.00,0.00,0.00
2236.00,180.000,180.000,170.000,175.000,176.074,175.634,162.684,161.715,177.206,175.707,162.804,163.328,188.985,179.522,179.485,293.478,0.0987,0.0395,0.1375,0.5814,0.00,0.00,0.00,0.00
2237.00,180.000,180.000,170.000,175.000,176.082,175.634,162.685,161.725,177.212,175.708,162.805,163.336,188.989,179.523,179.486,293.431,0.0987,0.0395,0.1375,0.5812,0.00,0.00,0.00,0.00
2238.00,180.000,180.000,170.000,175.000,176.089,175.635,162.686,161.736,177.218,175.709,162.806,163.344,188.993,179.525,179.486,293.390,0.0986,0.0395,0.1375,0.5811,0.00,0.00,0.00,0.00
2239.00,180.000,180.000,170.000,175.000,176.097,175.635,162.687,161.747,177.224,175.710,162.807,163.352,188.997,179.526,179.486,293.354,0.0986,0.0395,0.1375,0.5810,0.00,0.00,0.00,0.00
2240.00,180.000,180.000,170.000,175.000,176.104,175.636,162.688,161.758,177.231,175.712,162.808,163.361,189.002,179.527,179.487,293.323,0.0985,0.0395,0.1375,0.5807,0.00,0.00,0.00,0.00
2241.00,180.000,180.000,170.000,175.000,176.112,175.636,162.688,161.768,177.237,175.713,162.809,163.369,189.006,179.529,179.488,293.296,0.0985,0.0395,0.1375,0.5804,0.00,0.00,0.00,0.00
2242.00,180.000,180.000,170.000,175.000,176.119,175.637,162.689,161.779,177.243,175.714,162.809,163.377,189.011,179.530,179.488,293.274,0.0985,0.0395,0.1375,0.5802,0.00,0.00,0.00,0.00
2243.00,180.000,180.000,170.000,175.000,176.127,175.637,162.690,161.790,177.249,175.715,162.810,163.385,189.016,179.532,179.489,293.226,0.0984,0.0395,0.1375,0.5800,0.00,0.00,0.00,0.00
2244.00,180.000,180.000,170.000,175.000,176.134,175.638,162.691,161.800,177.255,175.717,162.811,163.394,189.021,179.533,179.489,293.158,0.0984,0.0395,0.1375,0.5798,0.00,0.00,0.00,0.00
2245.00,180.000,180.000,170.000,175.000,176.142,175.638,162.692,161.811,177.261,175.718,162.812,163.402,189.026,179.534,179.490,293.099,0.0984,0.0395,0.1375,0.5796,0.00,0.00,0.00,0.00
2246.00,180.000,180.000,170.000,175.000,176.149,175.639,162.692,161.821,177.267,175.719,162.813,163.410,189.031,179.536,179.491,293.046,0.0984,0.0395,0.1375,0.5795,0.00,0.00,0.00,0.00
2247.00,180.000,180.000,170.000,175.000,176.157,175.639,162.693,161.832,177.273,175.720,162.814,163.418,189.037,179.537,179.492,293.001,0.0983,0.0395,0.1375,0.5793,0.00,0.00,0.00,0.00
2248.00,180.000,180.000,170.000,175.000,176.164,175.640,162.694,161.842,177.280,175.722,162.815,163.427,189.042,179.538,179.492,292.961,0.0982,0.0395,0.1375,0.5792,0.00,0.00,0.00,0.00
2249.00,180.000,180.000,170.000,175.000,176.171,175.640,162.695,161.853,177.286,175.723,162.815,163.435,189.047,179.540,179.493,292.927,0.0981,0.0395,0.1374,0.5790,0.00,0.00,0.00,0.00
2250.00,180.000,180.000,170.000,175.000,176.179,175.641,162.696,161.864,177.292,175.724,162.816,163.443,189.053,179.541,179.494,292.897,0.0980,0.0395,0.1374,0.5787,0.00,0.00,0.00,0.00
2251.00,180.000,180.000,170.000,175.000,176.186,175.641,162.696,161.874,177.298,175.725,162.817,163.451,189.042,179.543,179.495,292.872,0.0980,0.0395,0.1374,0.5784,0.00,0.00,0.00,0.00
2252.00,180.000,180.000,170.000,175.000,176.194,175.642,162.697,161.885,177.304,175.727,162.818,163.460,189.017,179.544,179.496,292.850,0.0979,0.0395,0.1374,0.5782,0.00,0.00,0.00,0.00
2253.00,180.000,180.000,170.000,175.000,176.201,175.642,162.698,161.895,177.310,175.728,162.819,163.468,188.996,179.545,179.497,292.831,0.0979,0.0395,0.1374,0.5780,0.00,0.00,0.00,0.00
2254.00,180.000,180.000,170.000,175.000,176.208,175.643,162.699,161.905,177.316,175.729,162.820,163.476,188.976,179.547,179.498,292.761,0.0978,0.0395,0.1374,0.5779,0.00,0.00,0.00,0.00
2255.00,180.000,180.000,170.000,175.000,176.216,175.644,162.700,161.916,177.322,175.730,162.821,163.485,188.960,179.548,179.498,292.699,0.0978,0.0395,0.1374,0.5777,0.00,0.00,0.00,0.00
2256.00,180.000,180.000,170.000,175.000,176.223,175.644,162.700,161.926,177.328,175.732,162.822,163.493,188.945,179.550,179.499,292.646,0.0978,0.0395,0.1374,0.5776,0.00,0.00,0.00,0.00
2257.00,180.000,180.000,170.000,175.000,176.230,175.645,162.701,161.937,177.334,175.733,162.823,163.501,188.932,179.551,179.500,292.599,0.0978,0.0395,0.1374,0.5775,0.00,0.00,0.00,0.00
2258.00,180.000,180.000,170.000,175.000,176.238,175.645,162.702,161.947,177.339,175.734,162.823,163.510,188.921,179.552,179.501,292.558,0.0978,0.0395,0.1374,0.5774,0.00,0.00,0.00,0.00
2259.00,180.000,180.000,170.000,175.000,176.245,175.646,162.703,161.958,177.345,175.735,162.824,163.518,188.912,179.554,179.502,292.522,0.0977,0.0395,0.1374,0.5771,0.00,0.00,0.00,0.00
2260.00,180.000,180.000,170.000,175.000,176.252,175.647,162.704,161.968,177.351,175.737,162.825,163.526,188.904,179.555,179.503,292.491,0.0977,0.0395,0.1374,0.5769,0.00,0.00,0.00,0.00
2261.00,180.000,180.000,170.000,175.000,176.260,175.647,162.704,161.978,177.357,175.738,162.826,163.535,188.898,179.557,179.504,292.465,0.0976,0.0395,0.1374,0.5766,0.00,0.00,0.00,0.00
2262.00,180.000,180.000,170.000,175.000,176.267,175.648,162.705,161.989,177.362,175.739,162.827,163.543,188.892,179.558,179.505,292.442,0.0975,0.0395,0.1374,0.5764,0.00,0.00,0.00,0.00
2263.00,180.000,180.000,170.000,175.000,176.274,175.648,162.706,161.999,177.368,175.740,162.828,163.551,188.888,179.559,179.506,292.423,0.0974,0.0395,0.1374,0.5762,0.00,0.00,0.00,0.00
2264.00,180.000,180.000,170.000,175.000,176.282,175.649,162.707,162.009,177.374,175.742,162.829,163.560,188.885,179.561,179.507,292.406,0.0974,0.0395,0.1374,0.5761,0.00,0.00,0.00,0.00
2265.00,180.000,180.000,170.000,175.000,176.289,175.650,162.708,162.020,177.380,175.743,162.830,163.568,188.882,179.562,179.508,292.364,0.0973,0.0395,0.1374,0.5760,0.00,0.00,0.00,0.00
2266.00,180.000,180.000,170.000,175.000,176.296,175.650,162.708,162.030,177.385,175.744,162.831,163.577,188.880,179.564,179.509,292.302,0.0973,0.0393,0.1374,0.5758,0.00,0.00,0.00,0.00
2267.00,180.000,180.000,170.000,175.000,176.303,175.651,162.709,162.040,177.391,175.746,162.832,163.585,188.879,179.565,179.510,292.247,0.0972,0.0390,0.1374,0.5757,0.00,0.00,0.00,0.00
2268.00,180.000,180.000,170.000,175.000,176.311,175.651,162.710,162.051,177.397,175.747,162.832,163.593,188.879,179.567,179.511,292.199,0.0972,0.0388,0.1374,0.5756,0.00,0.00,0.00,0.00
2269.00,180.000,180.000,170.000,175.000,176.318,175.652,162.711,162.061,177.402,175.748,162.833,163.602,188.879,179.568,179.512,292.157,0.0972,0.0386,0.1374,0.5753,0.00,0.00,0.00,0.00
2270.00,180.000,180.000,170.000,175.000,176.325,175.653,162.712,162.071,177.408,175.750,162.834,163.610,188.880,179.569,179.513,292.121,0.0971,0.0385,0.1374,0.5750,0.00,0.00,0.00,0.00
2271.00,180.000,180.000,170.000,175.000,176.332,175.653,162.713,162.081,177.413,175.751,162.835,163.618,188.881,179.571,179.514,292.089,0.0971,0.0383,0.1374,0.5748,0.00,0.00,0.00,0.00
2272.00,180.000,180.000,170.000,175.000,176.339,175.654,162.713,162.092,177.419,175.752,162.836,163.627,188.883,179.572,179.515,292.062,0.0971,0.0383,0.1374,0.5746,0.00,0.00,0.00,0.00
2273.00,180.000,180.000,170.000,175.000,176.347,175.655,162.714,162.102,177.425,175.754,162.837,163.635,188.885,179.574,179.516,292.039,0.0971,0.0382,0.1374,0.5745,0.00,0.00,0.00,0.00
2274.00,180.000,180.000,170.000,175.000,176.354,175.655,162.715,162.112,177.430,175.755,162.838,163.644,188.887,179.575,179.517,292.019,0.0970,0.0381,0.1374,0.5743,0.00,0.00,0.00,0.00
2275.00,180.000,180.000,170.000,175.000,176.361,175.656,162.716,162.122,177.436,175.756,162.839,163.652,188.890,179.577,179.518,292.002,0.0969,0.0381,0.1373,0.5742,0.00,0.00,0.00,0.00
2276.00,180.000,180.000,170.000,175.000,176.368,175.657,162.717,162.132,177.441,175.757,162.840,163.661,188.893,179.578,179.519,291.988,0.0968,0.0381,0.1373,0.5741,0.00,0.00,0.00,0.00
2277.00,180.000,180.000,170.000,175.000,176.375,175.657,162.717,162.142,177.447,175.759,162.841,163.669,188.896,179.579,179.520,291.977,0.0968,0.0381,0.1373,0.5740,0.00,0.00,0.00,0.00
2278.00,180.000,180.000,170.000,175.000,176.382,175.658,162.718,162.153,177.453,175.760,162.842,163.678,188.900,179.581,179.522,291.913,0.0967,0.0381,0.1373,0.5738,0.00,0.00,0.00,0.00
2279.00,180.000,180.000,170.000,175.000,176.390,175.659,162.719,162.163,177.458,175.761,162.843,163.686,188.904,179.582,179.523,291.857,0.0967,0.0381,0.1373,0.5735,0.00,0.00,0.00,0.00
2280.00,180.000,180.000,170.000,175.000,176.397,175.659,162.720,162.173,177.464,175.763,162.844,163.694,188.907,179.584,179.524,291.808,0.0966,0.0381,0.1373,0.5733,0.00,0.00,0.00,0.00
2281.00,180.000,180.000,170.000,175.000,176.404,175.660,162.721,162.183,177.469,175.764,162.845,163.703,188.911,179.585,179.525,291.765,0.0966,0.0381,0.1373,0.5731,0.00,0.00,0.00,0.00
2282.00,180.000,180.000,170.000,175.000,176.411,175.661,162.722,162.193,177.475,175.765,162.846,163.711,188.916,179.587,179.526,291.728,0.0966,0.0381,0.1373,0.5729,0.00,0.00,0.00,0.00
2283.00,180.000,180.000,170.000,175.000,176.418,175.662,162.722,162.203,177.481,175.767,162.847,163.720,188.920,179.588,179.527,291.696,0.0965,0.0381,0.1373,0.5728,0.00,0.00,0.00,0.00
2284.00,180.000,180.000,170.000,175.000,176.425,175.662,162.723,162.213,177.486,175.768,162.848,163.728,188.924,179.590,179.528,291.668,0.0965,0.0381,0.1373,0.5727,0.00,0.00,0.00,0.00
2285.00,180.000,180.000,170.000,175.000,176.432,175.663,162.724,162.223,177.492,175.770,162.848,163.737,188.929,179.591,179.529,291.644,0.0965,0.0381,0.1373,0.5725,0.00,0.00,0.00,0.00
2286.00,180.000,180.000,170.000,175.000,176.439,175.664,162.725,162.234,177.497,175.771,162.849,163.745,188.934,179.593,179.530,291.624,0.0965,0.0381,0.1373,0.5724,0.00,0.00,0.00,0.00
2287.00,180.000,180.000,170.000,175.000,176.446,175.664,162.726,162.244,177.503,175.772,162.850,163.754,188.939,179.594,179.531,291.607,0.0965,0.0381,0.1373,0.5724,0.00,0.00,0.00,0.00
2288.00,180.000,180.000,170.000,175.000,176.453,175.665,162.727,162.254,177.508,175.774,162.851,163.762,188.943,179.595,179.532,291.593,0.0964,0.0382,0.1373,0.5722,0.00,0.00,0.00,0.00
2289.00,180.000,180.000,170.000,175.000,176.460,175.666,162.727,162.264,177.514,175.775,162.852,163.771,188.948,179.597,179.533,291.553,0.0963,0.0382,0.1373,0.5719,0.00,0.00,0.00,0.00
2290.00,180.000,180.000,170.000,175.000,176.467,175.667,162.728,162.274,177.520,175.776,162.853,163.779,188.953,179.598,179.535,291.491,0.0962,0.0382,0.1373,0.5717,0.00,0.00,0.00,0.00
2291.00,180.000,180.000,170.000,175.000,176.474,175.667,162.729,162.284,177.525,175.778,162.854,163.788,188.959,179.600,179.536,291.438,0.0962,0.0382,0.1373,0.5715,0.00,0.00,0.00,0.00
2292.00,180.000,180.000,170.000,175.000,176.481,175.668,162.730,162.294,177.531,175.779,162.855,163.796,188.964,179.601,179.537,291.391,0.0961,0.0382,0.1373,0.5713,0.00,0.00,0.00,0.00
2293.00,180.000,180.000,170.000,175.000,176.488,175.669,162.731,162.304,177.536,175.780,162.856,163.805,188.969,179.603,179.538,291.351,0.0960,0.0383,0.1373,0.5712,0.00,0.00,0.00,0.00
2294.00,180.000,180.000,170.000,175.000,176.495,175.669,162.732,162.314,177.542,175.782,162.857,163.813,188.974,179.604,179.539,291.315,0.0960,0.0383,0.1373,0.5710,0.00,0.00,0.00,0.00
2295.00,180.000,180.000,170.000,175.000,176.502,175.670,162.732,162.324,177.548,175.783,162.858,163.821,188.947,179.606,179.540,291.285,0.0960,0.0383,0.1373,0.5709,0.00,0.00,0.00,0.00
2296.00,180.000,180.000,170.000,175.000,176.509,175.671,162.733,162.334,177.553,175.785,162.859,163.830,188.924,179.607,179.541,291.259,0.0959,0.0383,0.1373,0.5708,0.00,0.00,0.00,0.00
2297.00,180.000,180.000,170.000,175.000,176.516,175.672,162.734,162.344,177.559,175.786,162.860,163.838,188.903,179.609,179.542,291.236,0.0959,0.0383,0.1373,0.5707,0.00,0.00,0.00,0.00
2298.00,180.000,180.000,170.000,175.000,176.523,175.672,162.735,162.354,177.564,175.787,162.861,163.847,188.885,179.610,179.543,291.217,0.0959,0.0384,0.1373,0.5706,0.00,0.00,0.00,0.00
2299.00,180.000,180.000,170.000,175.000,176.530,175.673,162.736,162.363,177.569,175.789,162.862,163.855,188.869,179.612,179.545,291.201,0.0959,0.0384,0.1373,0.5703,0.00,0.00,0.00,0.00
2300.00,180.000,180.000,170.000,175.000,176.537,175.674,162.737,162.373,177.575,175.790,162.863,163.864,188.855,179.613,179.546,291.188,0.0958,0.0384,0.1373,0.5701,0.00,0.00,0.00,0.00
2301.00,180.000,180.000,170.000,175.000,176.544,175.675,162.737,162.383,177.580,175.792,162.864,163.872,188.842,179.615,179.547,291.122,0.0958,0.0384,0.1373,0.5699,0.00,0.00,0.00,0.00
2302.00,180.000,180.000,170.000,175.000,176.551,175.676,162.738,162.393,177.585,175.793,162.865,163.881,188.832,179.616,179.548,291.064,0.0958,0.0384,0.1373,0.5697,0.00,0.00,0.00,0.00
2303.00,180.000,180.000,170.000,175.000,176.557,175.676,162.739,162.403,177.590,175.794,162.866,163.889,188.823,179.618,179.549,291.014,0.0957,0.0385,0.1373,0.5696,0.00,0.00,0.00,0.00
2304.00,180.000,180.000,170.000,175.000,176.564,175.677,162.740,162.413,177.596,175.796,162.867,163.898,188.815,179.619,179.550,290.970,0.0956,0.0385,0.1372,0.5694,0.00,0.00,0.00,0.00
2305.00,180.000,180.000,170.000,175.000,176.571,175.678,162.741,162.423,177.601,175.797,162.868,163.906,188.809,179.621,179.551,290.932,0.0955,0.0385,0.1372,0.5693,0.00,0.00,0.00,0.00
2306.00,180.000,180.000,170.000,175.000,176.578,175.679,162.742,162.433,177.606,175.799,162.869,163.915,188.804,179.622,179.553,290.899,0.0955,0.0385,0.1372,0.5692,0.00,0.00,0.00,0.00
2307.00,180.000,180.000,170.000,175.000,176.585,175.680,162.743,162.443,177.611,175.800,162.870,163.923,188.799,179.624,179.554,290.871,0.0954,0.0385,0.1372,0.5692,0.00,0.00,0.00,0.00
2308.00,180.000,180.000,170.000,175.000,176.592,175.680,162.743,162.452,177.616,175.801,162.871,163.931,188.796,179.625,179.555,290.847,0.0954,0.0385,0.1372,0.5690,0.00,0.00,0.00,0.00
2309.00,180.000,180.000,170.000,175.000,176.599,175.681,162.744,162.462,177.621,175.803,162.872,163.940,188.793,179.627,179.556,290.826,0.0953,0.0386,0.1372,0.5687,0.00,0.00,0.00,0.00
2310.00,180.000,180.000,170.000,175.000,176.605,175.682,162.745,162.472,177.627,175.804,162.873,163.948,188.792,179.628,179.557,290.808,0.0953,0.0386,0.1372,0.5685,0.00,0.00,0.00,0.00
2311.00,180.000,180.000,170.000,175.000,176.612,175.683,162.746,162.482,177.632,175.806,162.874,163.957,188.791,179.630,179.558,290.793,0.0953,0.0386,0.1372,0.5683,0.00,0.00,0.00,0.00
2312.00,180.000,180.000,170.000,175.000,176.619,175.684,162.747,162.492,177.637,175.807,162.875,163.965,188.790,179.631,179.559,290.781,0.0953,0.0386,0.1372,0.5681,0.00,0.00,0.00,0.00
2313.00,180.000,180.000,170.000,175.000,176.626,175.684,162.748,162.502,177.642,175.808,162.877,163.974,188.790,179.633,179.561,290.771,0.0952,0.0386,0.1372,0.5680,0.00,0.00,0.00,0.00
2314.00,180.000,180.000,170.000,175.000,176.632,175.685,162.749,162.511,177.647,175.810,162.878,163.982,188.791,179.634,179.562,290.708,0.0952,0.0386,0.1372,0.5679,0.00,0.00,0.00,0.00
2315.00,180.000,180.000,170.000,175.000,176.639,175.686,162.749,162.521,177.652,175.811,162.879,163.991,188.792,179.636,179.563,290.653,0.0952,0.0386,0.1372,0.5678,0.00,0.00,0.00,0.00
2316.00,180.000,180.000,170.000,175.000,176.646,175.687,162.750,162.531,177.657,175.813,162.880,163.999,188.793,179.637,179.564,290.605,0.0952,0.0386,0.1372,0.5677,0.00,0.00,0.00,0.00
2317.00,180.000,180.000,170.000,175.000,176.653,175.688,162.751,162.541,177.662,175.814,162.881,164.008,188.795,179.639,179.565,290.564,0.0951,0.0387,0.1371,0.5676,0.00,0.00,0.00,0.00
2318.00,180.000,180.000,170.000,175.000,176.659,175.689,162.752,162.550,177.667,175.816,162.882,164.016,188.797,179.640,179.566,290.527,0.0950,0.0387,0.1371,0.5675,0.00,0.00,0.00,0.00
2319.00,180.000,180.000,170.000,175.000,176.666,175.689,162.753,162.560,177.672,175.817,162.883,164.025,188.799,179.642,179.568,290.496,0.0950,0.0387,0.1370,0.5672,0.00,0.00,0.00,0.00
2320.00,180.000,180.000,170.000,175.000,176.673,175.690,162.754,162.570,177.677,175.818,162.884,164.033,188.802,179.643,179.569,290.469,0.0949,0.0387,0.1370,0.5670,0.00,0.00,0.00,0.00
2321.00,180.000,180.000,170.000,175.000,176.679,175.691,162.755,162.580,177.682,175.820,162.885,164.042,188.805,179.645,179.570,290.446,0.0948,0.0387,0.1369,0.5668,0.00,0.00,0.00,0.00
2322.00,180.000,180.000,170.000,175.000,176.686,175.692,162.755,162.589,177.688,175.821,162.886,164.050,188.808,179.646,179.571,290.426,0.0948,0.0387,0.1369,0.5666,0.00,0.00,0.00,0.00
2323.00,180.000,180.000,170.000,175.000,176.693,175.693,162.756,162.599,177.693,175.823,162.887,164.058,188.811,179.648,179.572,290.410,0.0947,0.0387,0.1369,0.5665,0.00,0.00,0.00,0.00
2324.00,180.000,180.000,170.000,175.000,176.699,175.694,162.757,162.609,177.698,175.824,162.888,164.067,188.815,179.650,179.574,290.396,0.0947,0.0387,0.1369,0.5664,0.00,0.00,0.00,0.00
2325.00,180.000,180.000,170.000,175.000,176.706,175.695,162.758,162.619,177.703,175.826,162.889,164.075,188.818,179.651,179.575,290.384,0.0947,0.0387,0.1368,0.5663,0.00,0.00,0.00,0.00
2326.00,180.000,180.000,170.000,175.000,176.713,175.695,162.759,162.628,177.708,175.827,162.890,164.084,188.822,179.653,179.576,290.375,0.0946,0.0388,0.1368,0.5662,0.00,0.00,0.00,0.00
2327.00,180.000,180.000,170.000,175.000,176.719,175.696,162.760,162.638,177.713,175.829,162.891,164.093,188.826,179.654,179.577,290.367,0.0946,0.0388,0.1368,0.5661,0.00,0.00,0.00,0.00
2328.00,180.000,180.000,170.000,175.000,176.726,175.697,162.761,162.648,177.718,175.830,162.892,164.101,188.830,179.656,179.578,290.362,0.0946,0.0388,0.1368,0.5660,0.00,0.00,0.00,0.00
2329.00,180.000,180.000,170.000,175.000,176.733,175.698,162.762,162.657,177.723,175.832,162.893,164.110,188.834,179.657,179.580,290.303,0.0946,0.0388,0.1367,0.5657,0.00,0.00,0.00,0.00
2330.00,180.000,180.000,170.000,175.000,176.739,175.699,162.762,162.667,177.728,175.833,162.895,164.118,188.839,179.659,179.581,290.251,0.0946,0.0388,0.1367,0.5655,0.00,0.00,0.00,0.00
2331.00,180.000,180.000,170.000,175.000,176.746,175.700,162.763,162.677,177.733,175.835,162.896,164.127,188.843,179.660,179.582,290.206,0.0946,0.0388,0.1367,0.5653,0.00,0.00,0.00,0.00
2332.00,180.000,180.000,170.000,175.000,176.752,175.701,162.764,162.686,177.738,175.836,162.897,164.135,188.847,179.662,179.583,290.167,0.0945,0.0388,0.1367,0.5651,0.00,0.00,0.00,0.00
2333.00,180.000,180.000,170.000,175.000,176.759,175.702,162.765,162.696,177.743,175.837,162.898,164.144,188.852,179.663,179.584,290.134,0.0944,0.0388,0.1367,0.5650,0.00,0.00,0.00,0.00
2334.00,180.000,180.000,170.000,175.000,176.765,175.703,162.766,162.706,177.748,175.839,162.899,164.152,188.856,179.665,179.586,290.105,0.0943,0.0388,0.1367,0.5649,0.00,0.00,0.00,0.00
2335.00,180.000,180.000,170.000,175.000,176.772,175.703,162.767,162.715,177.753,175.840,162.900,164.161,188.861,179.667,179.587,290.080,0.0943,0.0388,0.1367,0.5648,0.00,0.00,0.00,0.00
2336.00,180.000,180.000,170.000,175.000,176.778,175.704,162.768,162.725,177.758,175.842,162.901,164.169,188.866,179.668,179.588,290.058,0.0942,0.0388,0.1366,0.5647,0.00,0.00,0.00,0.00
2337.00,180.000,180.000,170.000,175.000,176.785,175.705,162.769,162.734,177.763,175.843,162.902,164.178,188.871,179.670,179.589,290.040,0.0942,0.0388,0.1366,0.5646,0.00,0.00,0.00,0.00
2338.00,180.000,180.000,170.000,175.000,176.792,175.706,162.770,162.744,177.768,175.845,162.903,164.186,188.875,179.671,179.590,290.025,0.0941,0.0388,0.1366,0.5645,0.00,0.00,0.00,0.00
2339.00,180.000,180.000,170.000,175.000,176.798,175.707,162.770,162.754,177.774,175.846,162.904,164.195,188.880,179.673,179.592,290.012,0.0941,0.0388,0.1366,0.5643,0.00,0.00,0.00,0.00
2340.00,180.000,180.000,170.000,175.000,176.805,175.708,162.771,162.763,177.779,175.848,162.906,164.203,188.885,179.674,179.593,290.002,0.0940,0.0389,0.1366,0.5641,0.00,0.00,0.00,0.00
2341.00,180.000,180.000,170.000,175.000,176.811,175.709,162.772,162.773,177.784,175.849,162.907,164.212,188.890,179.676,179.594,289.965,0.0940,0.0389,0.1366,0.5639,0.00,0.00,0.00,0.00
2342.00,180.000,180.000,170.000,175.000,176.817,175.710,162.773,162.782,177.789,175.851,162.908,164.220,188.895,179.678,179.595,289.907,0.0940,0.0389,0.1366,0.5637,0.00,0.00,0.00,0.00
2343.00,180.000,180.000,170.000,175.000,176.824,175.711,162.774,162.792,177.794,175.852,162.909,164.229,188.868,179.679,179.597,289.856,0.0940,0.0389,0.1366,0.5635,0.00,0.00,0.00,0.00
2344.00,180.000,180.000,170.000,175.000,176.830,175.712,162.775,162.801,177.799,175.854,162.910,164.237,188.844,179.681,179.598,289.812,0.0940,0.0389,0.1366,0.5634,0.00,0.00,0.00,0.00
2345.00,180.000,180.000,170.000,175.000,176.837,175.713,162.776,162.811,177.804,175.855,162.911,164.246,188.823,179.682,179.599,289.774,0.0940,0.0389,0.1366,0.5633,0.00,0.00,0.00,0.00
2346.00,180.000,180.000,170.000,175.000,176.843,175.714,162.777,162.821,177.809,175.857,162.912,164.254,188.804,179.684,179.600,289.740,0.0940,0.0389,0.1366,0.5632,0.00,0.00,0.00,0.00
2347.00,180.000,180.000,170.000,175.000,176.850,175.715,162.778,162.830,177.813,175.858,162.913,164.263,188.788,179.685,179.602,289.712,0.0939,0.0389,0.1366,0.5631,0.00,0.00,0.00,0.00
2348.00,180.000,180.000,170.000,175.000,176.856,175.716,162.778,162.840,177.818,175.860,162.915,164.271,188.773,179.687,179.603,289.687,0.0938,0.0389,0.1365,0.5630,0.00,0.00,0.00,0.00
2349.00,180.000,180.000,170.000,175.000,176.862,175.717,162.779,162.849,177.823,175.861,162.916,164.280,188.761,179.689,179.604,289.666,0.0938,0.0389,0.1365,0.5630,0.00,0.00,0.00,0.00
2350.00,180.000,180.000,170.000,175.000,176.869,175.718,162.780,162.859,177.828,175.863,162.917,164.288,188.750,179.690,179.605,289.648,0.0937,0.0389,0.1365,0.5627,0.00,0.00,0.00,0.00
2351.00,180.000,180.000,170.000,175.000,176.875,175.719,162.781,162.868,177.833,175.864,162.918,164.297,188.741,179.692,179.607,289.633,0.0936,0.0389,0.1365,0.5625,0.00,0.00,0.00,0.00
2352.00,180.000,180.000,170.000,175.000,176.882,175.720,162.782,162.878,177.837,175.866,162.919,164.305,188.733,179.693,179.608,289.621,0.0936,0.0389,0.1365,0.5623,0.00,0.00,0.00,0.00
2353.00,180.000,180.000,170.000,175.000,176.888,175.720,162.783,162.887,177.842,175.868,162.920,164.314,188.726,179.695,179.609,289.610,0.0935,0.0389,0.1365,0.5621,0.00,0.00,0.00,0.00
2354.00,180.000,180.000,170.000,175.000,176.894,175.721,162.784,162.897,177.847,175.869,162.921,164.322,188.720,179.697,179.610,289.602,0.0935,0.0389,0.1365,0.5620,0.00,0.00,0.00,0.00
2355.00,180.000,180.000,170.000,175.000,176.901,175.722,162.785,162.906,177.851,175.871,162.923,164.331,188.715,179.698,179.612,289.541,0.0934,0.0389,0.1365,0.5619,0.00,0.00,0.00,0.00
2356.00,180.000,180.000,170.000,175.000,176.907,175.723,162.786,162.916,177.856,175.872,162.924,164.339,188.712,179.700,179.613,289.488,0.0934,0.0389,0.1365,0.5618,0.00,0.00,0.00,0.00
2357.00,180.000,180.000,170.000,175.000,176.913,175.724,162.787,162.925,177.861,175.874,162.925,164.347,188.709,179.701,179.614,289.441,0.0934,0.0389,0.1365,0.5617,0.00,0.00,0.00,0.00
2358.00,180.000,180.000,170.000,175.000,176.920,175.725,162.788,162.935,177.865,175.875,162.926,164.356,188.706,179.703,179.615,289.401,0.0934,0.0389,0.1365,0.5616,0.00,0.00,0.00,0.00
2359.00,180.000,180.000,170.000,175.000,176.926,175.726,162.789,162.944,177.870,175.877,162.927,164.364,188.705,179.705,179.617,289.366,0.0934,0.0389,0.1365,0.5615,0.00,0.00,0.00,0.00
2360.00,180.000,180.000,170.000,175.000,176.932,175.727,162.789,162.954,177.874,175.878,162.928,164.373,188.704,179.706,179.618,289.335,0.0933,0.0389,0.1365,0.5614,0.00,0.00,0.00,0.00
2361.00,180.000,180.000,170.000,175.000,176.938,175.728,162.790,162.963,177.879,175.880,162.929,164.381,188.704,179.708,179.619,289.309,0.0933,0.0389,0.1365,0.5611,0.00,0.00,0.00,0.00
2362.00,180.000,180.000,170.000,175.000,176.945,175.729,162.791,162.972,177.884,175.881,162.931,164.390,188.704,179.709,179.620,289.287,0.0933,0.0389,0.1365,0.5609,0.00,0.00,0.00,0.00
2363.00,180.000,180.000,170.000,175.000,176.951,175.730,162.792,162.982,177.888,175.883,162.932,164.398,188.704,179.711,179.622,289.268,0.0933,0.0389,0.1365,0.5607,0.00,0.00,0.00,0.00
2364.00,180.000,180.000,170.000,175.000,176.957,175.731,162.793,162.991,177.893,175.884,162.933,164.406,188.705,179.713,179.623,289.252,0.0932,0.0389,0.1365,0.5606,0.00,0.00,0.00,0.00
2365.00,180.000,180.000,170.000,175.000,176.963,175.732,162.794,163.001,177.897,175.886,162.934,164.415,188.707,179.714,179.624,289.238,0.0931,0.0389,0.1365,0.5604,0.00,0.00,0.00,0.00
2366.00,180.000,180.000,170.000,175.000,176.970,175.734,162.795,163.010,177.902,175.888,162.935,164.423,188.708,179.716,179.626,289.227,0.0930,0.0389,0.1365,0.5603,0.00,0.00,0.00,0.00
2367.00,180.000,180.000,170.000,175.000,176.976,175.735,162.796,163.019,177.906,175.889,162.937,164.432,188.710,179.717,179.627,289.218,0.0930,0.0389,0.1364,0.5602,0.00,0.00,0.00,0.00
2368.00,180.000,180.000,170.000,175.000,176.982,175.736,162.797,163.029,177.911,175.891,162.938,164.440,188.712,179.719,179.628,289.211,0.0929,0.0389,0.1364,0.5602,0.00,0.00,0.00,0.00
2369.00,180.000,180.000,170.000,175.000,176.988,175.737,162.798,163.038,177.915,175.892,162.939,164.449,188.715,179.721,179.629,289.206,0.0929,0.0389,0.1364,0.5601,0.00,0.00,0.00,0.00
2370.00,180.000,180.000,170.000,175.000,176.994,175.738,162.799,163.048,177.920,175.894,162.940,164.457,188.717,179.722,179.631,289.202,0.0928,0.0389,0.1364,0.5600,0.00,0.00,0.00,0.00
2371.00,180.000,180.000,170.000,175.000,177.001,175.739,162.800,163.057,177.925,175.895,162.941,164.466,188.720,179.724,179.632,289.171,0.0928,0.0389,0.1364,0.5598,0.00,0.00,0.00,0.00
2372.00,180.000,180.000,170.000,175.000,177.007,175.740,162.801,163.066,177.929,175.897,162.942,164.474,188.723,179.726,179.633,289.118,0.0928,0.0389,0.1364,0.5596,0.00,0.00,0.00,0.00
2373.00,180.000,180.000,170.000,175.000,177.013,175.741,162.802,163.076,177.934,175.899,162.944,164.483,188.727,179.727,179.635,289.072,0.0928,0.0389,0.1364,0.5594,0.00,0.00,0.00,0.00
2374.00,180.000,180.000,170.000,175.000,177.019,175.742,162.803,163.085,177.938,175.900,162.945,164.491,188.730,179.729,179.636,289.031,0.0927,0.0389,0.1364,0.5592,0.00,0.00,0.00,0.00
2375.00,180.000,180.000,170.000,175.000,177.025,175.743,162.804,163.094,177.943,175.902,162.946,164.500,188.734,179.730,179.637,288.997,0.0927,0.0390,0.1364,0.5591,0.00,0.00,0.00,0.00
2376.00,180.000,180.000,170.000,175.000,177.031,175.744,162.804,163.104,177.947,175.903,162.947,164.508,188.737,179.732,179.639,288.966,0.0927,0.0390,0.1364,0.5589,0.00,0.00,0.00,0.00
2377.00,180.000,180.000,170.000,175.000,177.037,175.745,162.805,163.113,177.952,175.905,162.949,164.517,188.741,179.734,179.640,288.941,0.0927,0.0390,0.1364,0.5588,0.00,0.00,0.00,0.00
2378.00,180.000,180.000,170.000,175.000,177.043,175.746,162.806,163.123,177.956,175.906,162.950,164.525,188.745,179.735,179.641,288.918,0.0927,0.0390,0.1364,0.5587,0.00,0.00,0.00,0.00
2379.00,180.000,180.000,170.000,175.000,177.049,175.747,162.807,163.132,177.961,175.908,162.951,164.534,188.749,179.737,179.642,288.900,0.0927,0.0390,0.1364,0.5587,0.00,0.00,0.00,0.00
2380.00,180.000,180.000,170.000,175.000,177.055,175.748,162.808,163.141,177.966,175.910,162.952,164.542,188.753,179.739,179.644,288.884,0.0926,0.0390,0.1364,0.5586,0.00,0.00,0.00,0.00
2381.00,180.000,180.000,170.000,175.000,177.062,175.749,162.809,163.151,177.970,175.911,162.953,164.550,188.757,179.740,179.645,288.870,0.0925,0.0390,0.1364,0.5585,0.00,0.00,0.00,0.00
2382.00,180.000,180.000,170.000,175.000,177.068,175.750,162.810,163.160,177.975,175.913,162.955,164.559,188.761,179.742,179.646,288.860,0.0924,0.0388,0.1364,0.5582,0.00,0.00,0.00,0.00
2383.00,180.000,180.000,170.000,175.000,177.074,175.751,162.811,163.169,177.979,175.914,162.956,164.567,188.765,179.743,179.648,288.851,0.0924,0.0385,0.1364,0.5580,0.00,0.00,0.00,0.00
2384.00,180.000,180.000,170.000,175.000,177.080,175.753,162.812,163.178,177.984,175.916,162.957,164.576,188.770,179.745,179.649,288.789,0.0923,0.0382,0.1364,0.5578,0.00,0.00,0.00,0.00
2385.00,180.000,180.000,170.000,175.000,177.086,175.754,162.813,163.188,177.988,175.918,162.958,164.584,188.774,179.747,179.650,288.735,0.0923,0.0381,0.1364,0.5577,0.00,0.00,0.00,0.00
2386.00,180.000,180.000,170.000,175.000,177.092,175.755,162.814,163.197,177.993,175.919,162.959,164.593,188.778,179.732,179.652,288.688,0.0922,0.0379,0.1364,0.5575,0.00,0.00,0.00,0.00
2387.00,180.000,180.000,170.000,175.000,177.098,175.756,162.815,163.206,177.998,175.921,162.961,164.601,188.783,179.703,179.653,288.648,0.0922,0.0378,0.1364,0.5574,0.00,0.00,0.00,0.00
2388.00,180.000,180.000,170.000,175.000,177.104,175.757,162.816,163.216,178.002,175.922,162.962,164.609,188.787,179.678,179.654,288.612,0.0922,0.0377,0.1364,0.5573,0.00,0.00,0.00,0.00
2389.00,180.000,180.000,170.000,175.000,177.110,175.758,162.817,163.225,178.007,175.924,162.963,164.618,188.792,179.654,179.656,288.581,0.0922,0.0376,0.1364,0.5573,0.00,0.00,0.00,0.00
2390.00,180.000,180.000,170.000,175.000,177.116,175.759,162.818,163.234,178.011,175.925,162.964,164.626,188.796,179.634,179.657,288.555,0.0921,0.0376,0.1364,0.5572,0.00,0.00,0.00,0.00
2391.00,180.000,180.000,170.000,175.000,177.122,175.760,162.819,163.243,178.016,175.926,162.966,164.635,188.801,179.615,179.658,288.532,0.0921,0.0376,0.1364,0.5571,0.00,0.00,0.00,0.00
2392.00,180.000,180.000,170.000,175.000,177.128,175.761,162.820,163.253,178.021,175.928,162.967,164.643,188.805,179.598,179.660,288.513,0.0921,0.0375,0.1364,0.5570,0.00,0.00,0.00,0.00
2393.00,180.000,180.000,170.000,175.000,177.133,175.762,162.821,163.262,178.025,175.929,162.968,164.651,188.810,179.583,179.661,288.497,0.0921,0.0375,0.1364,0.5567,0.00,0.00,0.00,0.00
2394.00,180.000,180.000,170.000,175.000,177.139,175.764,162.822,163.271,178.030,175.930,162.969,164.660,188.814,179.569,179.662,288.483,0.0921,0.0375,0.1363,0.5565,0.00,0.00,0.00,0.00
2395.00,180.000,180.000,170.000,175.000,177.145,175.765,162.823,163.280,178.034,175.931,162.971,164.668,188.819,179.557,179.664,288.472,0.0921,0.0375,0.1363,0.5563,0.00,0.00,0.00,0.00
2396.00,180.000,180.000,170.000,175.000,177.151,175.766,162.824,163.290,178.039,175.933,162.972,164.676,188.824,179.546,179.665,288.463,0.0921,0.0375,0.1363,0.5562,0.00,0.00,0.00,0.00
2397.00,180.000,180.000,170.000,175.000,177.157,175.767,162.825,163.299,178.043,175.934,162.973,164.685,188.828,179.537,179.666,288.456,0.0920,0.0375,0.1363,0.5561,0.00,0.00,0.00,0.00
2398.00,180.000,180.000,170.000,175.000,177.163,175.768,162.826,163.308,178.048,175.935,162.974,164.693,188.801,179.528,179.668,288.422,0.0919,0.0375,0.1363,0.5560,0.00,0.00,0.00,0.00
2399.00,180.000,180.000,170.000,175.000,177.169,175.769,162.827,163.317,178.053,175.936,162.976,164.702,188.777,179.520,179.669,288.367,0.0918,0.0375,0.1363,0.5559,0.00,0.00,0.00,0.00
2400.00,180.000,180.000,170.000,175.000,177.175,175.770,162.828,163.327,178.057,175.937,162.977,164.710,188.755,179.514,179.670,288.318,0.0917,0.0376,0.1363,0.5558,0.00,0.00,0.00,0.00
2401.00,180.000,180.000,170.000,175.000,177.181,175.771,162.829,163.336,178.061,175.939,162.978,164.718,188.736,179.508,179.672,288.276,0.0917,0.0376,0.1363,0.5557,0.00,0.00,0.00,0.00
2402.00,180.000,180.000,170.000,175.000,177.187,175.772,162.830,163.345,178.066,175.940,162.980,164.727,188.720,179.502,179.673,288.239,0.0917,0.0376,0.1363,0.5557,0.00,0.00,0.00,0.00
2403.00,180.000,180.000,170.000,175.000,177.192,175.774,162.831,163.354,178.070,175.941,162.981,164.735,188.705,179.497,179.674,288.208,0.0916,0.0376,0.1363,0.5555,0.00,0.00,0.00,0.00
2404.00,180.000,180.000,170.000,175.000,177.198,175.775,162.832,163.363,178.074,175.942,162.982,164.743,188.692,179.493,179.676,288.180,0.0916,0.0376,0.1363,0.5553,0.00,0.00,0.00,0.00
2405.00,180.000,180.000,170.000,175.000,177.204,175.776,162.833,163.372,178.079,175.943,162.983,164.752,188.681,179.490,179.677,288.157,0.0916,0.0376,0.1363,0.5550,0.00,0.00,0.00,0.00
2406.00,180.000,180.000,170.000,175.000,177.210,175.777,162.834,163.382,178.083,175.944,162.985,164.760,188.671,179.486,179.679,288.137,0.0915,0.0377,0.1363,0.5549,0.00,0.00,0.00,0.00
2407.00,180.000,180.000,170.000,175.000,177.216,175.778,162.835,163.391,178.087,175.945,162.986,164.768,188.663,179.484,179.680,288.120,0.0915,0.0377,0.1363,0.5547,0.00,0.00,0.00,0.00
2408.00,180.000,180.000,170.000,175.000,177.221,175.779,162.836,163.400,178.091,175.946,162.987,164.776,188.656,179.481,179.681,288.106,0.0915,0.0377,0.1363,0.5546,0.00,0.00,0.00,0.00
2409.00,180.000,180.000,170.000,175.000,177.227,175.780,162.837,163.409,178.096,175.947,162.988,164.785,188.650,179.479,179.683,288.094,0.0915,0.0377,0.1363,0.5545,0.00,0.00,0.00,0.00
2410.00,180.000,180.000,170.000,175.000,177.233,175.781,162.838,163.418,178.100,175.949,162.990,164.793,188.645,179.477,179.684,288.084,0.0915,0.0377,0.1363,0.5544,0.00,0.00,0.00,0.00
2411.00,180.000,180.000,170.000,175.000,177.239,175.782,162.839,163.427,178.104,175.950,162.991,164.801,188.640,179.476,179.685,288.077,0.0915,0.0378,0.1363,0.5543,0.00,0.00,0.00,0.00
2412.00,180.000,180.000,170.000,175.000,177.245,175.784,162.840,163.437,178.108,175.951,162.992,164.810,188.637,179.475,179.687,288.071,0.0915,0.0378,0.1363,0.5543,0.00,0.00,0.00,0.00
2413.00,180.000,180.000,170.000,175.000,177.250,175.785,162.841,163.446,178.112,175.952,162.994,164.818,188.634,179.474,179.688,288.066,0.0914,0.0378,0.1363,0.5542,0.00,0.00,0.00,0.00
2414.00,180.000,180.000,170.000,175.000,177.256,175.786,162.842,163.455,178.116,175.953,162.995,164.827,188.633,179.473,179.689,288.063,0.0913,0.0378,0.1363,0.5540,0.00,0.00,0.00,0.00
2415.00,180.000,180.000,170.000,175.000,177.262,175.787,162.843,163.464,178.121,175.954,162.996,164.835,188.631,179.472,179.691,288.006,0.0913,0.0378,0.1363,0.5538,0.00,0.00,0.00,0.00
2416.00,180.000,180.000,170.000,175.000,177.267,175.788,162.844,163.473,178.125,175.955,162.998,164.843,188.630,179.472,179.692,287.957,0.0912,0.0379,0.1363,0.5536,0.00,0.00,0.00,0.00
2417.00,180.000,180.000,170.000,175.000,177.273,175.789,162.845,163.482,178.129,175.956,162.999,164.852,188.630,179.472,179.694,287.914,0.0911,0.0379,0.1363,0.5534,0.00,0.00,0.00,0.00
2418.00,180.000,180.000,170.000,175.000,177.279,175.790,162.846,163.491,178.133,175.957,163.000,164.860,188.630,179.471,179.695,287.877,0.0911,0.0379,0.1363,0.5533,0.00,0.00,0.00,0.00
2419.00,180.000,180.000,170.000,175.000,177.285,175.791,162.847,163.500,178.137,175.958,163.001,164.868,188.631,179.471,179.696,287.845,0.0910,0.0379,0.1363,0.5532,0.00,0.00,0.00,0.00
2420.00,180.000,180.000,170.000,175.000,177.290,175.792,162.848,163.510,178.141,175.959,163.003,164.877,188.632,179.472,179.698,287.817,0.0910,0.0379,0.1363,0.5530,0.00,0.00,0.00,0.00
2421.00,180.000,180.000,170.000,175.000,177.296,175.794,162.849,163.519,178.145,175.960,163.004,164.885,188.633,179.472,179.699,287.793,0.0910,0.0379,0.1363,0.5530,0.00,0.00,0.00,0.00
2422.00,180.000,180.000,170.000,175.000,177.302,175.795,162.850,163.528,178.149,175.961,163.005,164.893,188.635,179.472,179.700,287.772,0.0909,0.0380,0.1362,0.5529,0.00,0.00,0.00,0.00
2423.00,180.000,180.000,170.000,175.000,177.307,175.796,162.851,163.537,178.154,175.963,163.007,164.902,188.636,179.472,179.702,287.755,0.0909,0.0380,0.1362,0.5528,0.00,0.00,0.00,0.00
2424.00,180.000,180.000,170.000,175.000,177.313,175.797,162.852,163.546,178.158,175.964,163.008,164.910,188.639,179.473,179.703,287.741,0.0909,0.0380,0.1361,0.5528,0.00,0.00,0.00,0.00
2425.00,180.000,180.000,170.000,175.000,177.318,175.798,162.853,163.555,178.162,175.965,163.009,164.918,188.641,179.490,179.705,287.729,0.0909,0.0380,0.1361,0.5526,0.00,0.00,0.00,0.00
2426.00,180.000,180.000,170.000,175.000,177.324,175.799,162.854,163.564,178.166,175.966,163.011,164.927,188.643,179.521,179.706,287.719,0.0909,0.0380,0.1360,0.5523,0.00,0.00,0.00,0.00
2427.00,180.000,180.000,170.000,175.000,177.330,175.800,162.855,163.573,178.170,175.967,163.012,164.935,188.646,179.549,179.707,287.711,0.0909,0.0380,0.1360,0.5521,0.00,0.00,0.00,0.00
2428.00,180.000,180.000,170.000,175.000,177.335,175.801,162.856,163.582,178.174,175.968,163.013,164.943,188.649,179.574,179.692,287.705,0.0909,0.0381,0.1360,0.5520,0.00,0.00,0.00,0.00
2429.00,180.000,180.000,170.000,175.000,177.341,175.802,162.857,163.591,178.178,175.970,163.015,164.952,188.652,179.598,179.663,287.645,0.0909,0.0381,0.1359,0.5518,0.00,0.00,0.00,0.00
2430.00,180.000,180.000,170.000,175.000,177.346,175.804,162.858,163.600,178.182,175.971,163.016,164.960,188.655,179.619,179.637,287.594,0.0909,0.0381,0.1359,0.5517,0.00,0.00,0.00,0.00
2431.00,180.000,180.000,170.000,175.000,177.352,175.805,162.859,163.609,178.186,175.972,163.017,164.968,188.658,179.638,179.613,287.549,0.0908,0.0381,0.1359,0.5516,0.00,0.00,0.00,0.00
2432.00,180.000,180.000,170.000,175.000,177.357,175.806,162.860,163.618,178.190,175.974,163.018,164.976,188.661,179.656,179.592,287.509,0.0907,0.0381,0.1359,0.5515,0.00,0.00,0.00,0.00
2433.00,180.000,180.000,170.000,175.000,177.363,175.807,162.862,163.627,178.195,175.975,163.019,164.985,188.665,179.672,179.573,287.475,0.0906,0.0381,0.1358,0.5515,0.00,0.00,0.00,0.00
2434.00,180.000,180.000,170.000,175.000,177.369,175.808,162.863,163.636,178.199,175.977,163.020,164.993,188.668,179.687,179.556,287.446,0.0906,0.0381,0.1358,0.5514,0.00,0.00,0.00,0.00
2435.00,180.000,180.000,170.000,175.000,177.374,175.809,162.864,163.646,178.203,175.978,163.021,165.001,188.672,179.700,179.541,287.421,0.0905,0.0381,0.1358,0.5513,0.00,0.00,0.00,0.00
2436.00,180.000,180.000,170.000,175.000,177.380,175.810,162.865,163.655,178.207,175.980,163.022,165.009,188.676,179.712,179.527,287.399,0.0905,0.0382,0.1358,0.5511,0.00,0.00,0.00,0.00
2437.00,180.000,180.000,170.000,175.000,177.385,175.811,162.866,163.664,178.211,175.981,163.023,165.017,188.679,179.724,179.514,287.380,0.0904,0.0382,0.1358,0.5509,0.00,0.00,0.00,0.00
2438.00,180.000,180.000,170.000,175.000,177.391,175.813,162.867,163.673,178.215,175.983,163.024,165.026,188.683,179.734,179.503,287.365,0.0904,0.0382,0.1358,0.5507,0.00,0.00,0.00,0.00
2439.00,180.000,180.000,170.000,175.000,177.396,175.814,162.868,163.682,178.219,175.984,163.025,165.034,188.687,179.744,179.493,287.352,0.0904,0.0382,0.1357,0.5505,0.00,0.00,0.00,0.00
2440.00,180.000,180.000,170.000,175.000,177.402,175.815,162.869,163.691,178.223,175.986,163.026,165.042,188.691,179.752,179.484,287.341,0.0903,0.0382,0.1357,0.5504,0.00,0.00,0.00,0.00
2441.00,180.000,180.000,170.000,175.000,177.407,175.816,162.870,163.700,178.228,175.988,163.027,165.050,188.695,179.761,179.476,287.333,0.0903,0.0382,0.1357,0.5503,0.00,0.00,0.00,0.00
2442.00,180.000,180.000,170.000,175.000,177.412,175.817,162.871,163.709,178.232,175.989,163.028,165.059,188.699,179.768,179.469,287.326,0.0903,0.0382,0.1357,0.5502,0.00,0.00,0.00,0.00
2443.00,180.000,180.000,170.000,175.000,177.418,175.818,162.872,163.718,178.236,175.991,163.029,165.067,188.703,179.775,179.463,287.321,0.0903,0.0382,0.1357,0.5501,0.00,0.00,0.00,0.00
2444.00,180.000,180.000,170.000,175.000,177.423,175.819,162.873,163.727,178.240,175.992,163.030,165.075,188.707,179.781,179.457,287.317,0.0903,0.0382,0.1357,0.5500,0.00,0.00,0.00,0.00
2445.00,180.000,180.000,170.000,175.000,177.429,175.821,162.874,163.735,178.244,175.994,163.030,165.084,188.711,179.787,179.452,287.286,0.0903,0.0382,0.1357,0.5500,0.00,0.00,0.00,0.00
2446.00,180.000,180.000,170.000,175.000,177.434,175.822,162.875,163.744,178.248,175.996,163.031,165.092,188.716,179.793,179.448,287.233,0.0903,0.0382,0.1357,0.5499,0.00,0.00,0.00,0.00
2447.00,180.000,180.000,170.000,175.000,177.440,175.823,162.876,163.753,178.252,175.997,163.032,165.100,188.720,179.798,179.444,287.187,0.0903,0.0382,0.1357,0.5498,0.00,0.00,0.00,0.00
2448.00,180.000,180.000,170.000,175.000,177.445,175.824,162.877,163.762,178.256,175.999,163.033,165.108,188.724,179.803,179.440,287.147,0.0903,0.0383,0.1357,0.5495,0.00,0.00,0.00,0.00
2449.00,180.000,180.000,170.000,175.000,177.450,175.825,162.878,163.771,178.261,176.001,163.034,165.117,188.728,179.808,179.437,287.112,0.0902,0.0383,0.1356,0.5493,0.00,0.00,0.00,0.00
2450.00,180.000,180.000,170.000,175.000,177.456,175.826,162.879,163.780,178.265,176.003,163.035,165.125,188.732,179.812,179.434,287.082,0.0901,0.0383,0.1356,0.5491,0.00,0.00,0.00,0.00
2451.00,180.000,180.000,170.000,175.000,177.461,175.828,162.880,163.789,178.269,176.004,163.035,165.133,188.737,179.816,179.432,287.056,0.0900,0.0383,0.1356,0.5490,0.00,0.00,0.00,0.00
2452.00,180.000,180.000,170.000,175.000,177.467,175.829,162.881,163.798,178.273,176.006,163.036,165.141,188.741,179.820,179.430,287.034,0.0900,0.0383,0.1356,0.5489,0.00,0.00,0.00,0.00
2453.00,180.000,180.000,170.000,175.000,177.472,175.830,162.882,163.807,178.277,176.008,163.037,165.149,188.713,179.824,179.428,287.015,0.0899,0.0383,0.1356,0.5488,0.00,0.00,0.00,0.00
2454.00,180.000,180.000,170.000,175.000,177.477,175.831,162.883,163.816,178.281,176.009,163.038,165.157,188.689,179.827,179.427,286.999,0.0899,0.0383,0.1356,0.5487,0.00,0.00,0.00,0.00
2455.00,180.000,180.000,170.000,175.000,177.483,175.832,162.884,163.825,178.285,176.011,163.039,165.166,188.667,179.831,179.426,286.986,0.0898,0.0383,0.1356,0.5486,0.00,0.00,0.00,0.00
2456.00,180.000,180.000,170.000,175.000,177.488,175.833,162.885,163.834,178.289,176.013,163.040,165.174,188.647,179.834,179.425,286.975,0.0898,0.0383,0.1356,0.5486,0.00,0.00,0.00,0.00
2457.00,180.000,180.000,170.000,175.000,177.493,175.835,162.886,163.843,178.293,176.015,163.040,165.182,188.630,179.837,179.424,286.966,0.0898,0.0383,0.1356,0.5485,0.00,0.00,0.00,0.00
2458.00,180.000,180.000,170.000,175.000,177.499,175.836,162.888,163.852,178.297,176.016,163.041,165.190,188.615,179.840,179.423,286.959,0.0897,0.0383,0.1356,0.5484,0.00,0.00,0.00,0.00
2459.00,180.000,180.000,170.000,175.000,177.504,175.837,162.889,163.861,178.301,176.018,163.042,165.199,188.602,179.842,179.422,286.953,0.0897,0.0383,0.1356,0.5481,0.00,0.00,0.00,0.00
2460.00,180.000,180.000,170.000,175.000,177.509,175.838,162.890,163.870,178.305,176.020,163.043,165.207,188.590,179.845,179.422,286.921,0.0897,0.0383,0.1356,0.5479,0.00,0.00,0.00,0.00
2461.00,180.000,180.000,170.000,175.000,177.515,175.839,162.891,163.878,178.309,176.022,163.044,165.215,188.580,179.848,179.422,286.867,0.0897,0.0383,0.1356,0.5478,0.00,0.00,0.00,0.00
2462.00,180.000,180.000,170.000,175.000,177.520,175.841,162.892,163.887,178.312,176.023,163.044,165.223,188.571,179.850,179.422,286.820,0.0897,0.0383,0.1356,0.5476,0.00,0.00,0.00,0.00
2463.00,180.000,180.000,170.000,175.000,177.525,175.842,162.893,163.896,178.316,176.025,163.045,165.231,188.564,179.853,179.422,286.779,0.0897,0.0383,0.1356,0.5475,0.00,0.00,0.00,0.00
2464.00,180.000,180.000,170.000,175.000,177.530,175.843,162.894,163.905,178.320,176.027,163.046,165.240,188.558,179.855,179.422,286.743,0.0897,0.0383,0.1356,0.5474,0.00,0.00,0.00,0.00
2465.00,180.000,180.000,170.000,175.000,177.536,175.844,162.895,163.914,178.324,176.029,163.047,165.248,188.552,179.858,179.422,286.712,0.0896,0.0383,0.1356,0.5473,0.00,0.00,0.00,0.00
2466.00,180.000,180.000,170.000,175.000,177.541,175.846,162.896,163.923,178.327,176.030,163.048,165.256,188.548,179.860,179.422,286.685,0.0896,0.0383,0.1355,0.5472,0.00,0.00,0.00,0.00
2467.00,180.000,180.000,170.000,175.000,177.546,175.847,162.897,163.932,178.331,176.032,163.048,165.264,188.544,179.862,179.422,286.663,0.0896,0.0384,0.1355,0.5471,0.00,0.00,0.00,0.00
2468.00,180.000,180.000,170.000,175.000,177.551,175.848,162.898,163.941,178.335,176.034,163.049,165.272,188.541,179.864,179.423,286.643,0.0896,0.0384,0.1355,0.5471,0.00,0.00,0.00,0.00
2469.00,180.000,180.000,170.000,175.000,177.557,175.849,162.899,163.949,178.339,176.036,163.050,165.280,188.539,179.866,179.423,286.627,0.0895,0.0384,0.1355,0.5470,0.00,0.00,0.00,0.00
2470.00,180.000,180.000,170.000,175.000,177.562,175.851,162.900,163.958,178.342,176.037,163.051,165.288,188.537,179.869,179.424,286.613,0.0894,0.0382,0.1355,0.5468,0.00,0.00,0.00,0.00
2471.00,180.000,180.000,170.000,175.000,177.567,175.852,162.901,163.967,178.346,176.039,163.052,165.296,188.536,179.871,179.424,286.601,0.0894,0.0379,0.1355,0.5466,0.00,0.00,0.00,0.00
2472.00,180.000,180.000,170.000,175.000,177.572,175.853,162.902,163.976,178.350,176.041,163.052,165.304,188.535,179.841,179.425,286.592,0.0893,0.0376,0.1355,0.5464,0.00,0.00,0.00,0.00
2473.00,180.000,180.000,170.000,175.000,177.577,175.854,162.903,163.985,178.353,176.043,163.053,165.313,188.535,179.814,179.425,286.584,0.0893,0.0375,0.1355,0.5462,0.00,0.00,0.00,0.00
2474.00,180.000,180.000,170.000,175.000,177.582,175.856,162.904,163.994,178.357,176.044,163.054,165.321,188.535,179.790,179.426,286.579,0.0892,0.0373,0.1355,0.5461,0.00,0.00,0.00,0.00
2475.00,180.000,180.000,170.000,175.000,177.588,175.857,162.905,164.003,178.361,176.046,163.055,165.329,188.536,179.768,179.427,286.574,0.0892,0.0372,0.1355,0.5460,0.00,0.00,0.00,0.00
2476.00,180.000,180.000,170.000,175.000,177.593,175.858,162.906,164.011,178.364,176.047,163.056,165.337,188.537,179.749,179.427,286.517,0.0891,0.0371,0.1355,0.5459,0.00,0.00,0.00,0.00
2477.00,180.000,180.000,170.000,175.000,177.598,175.859,162.907,164.020,178.368,176.049,163.057,165.345,188.538,179.731,179.428,286.466,0.0891,0.0371,0.1355,0.5458,0.00,0.00,0.00,0.00
2478.00,180.000,180.000,170.000,175.000,177.603,175.861,162.908,164.029,178.372,176.050,163.057,165.353,188.539,179.716,179.429,286.422,0.0891,0.0370,0.1355,0.5457,0.00,0.00,0.00,0.00
2479.00,180.000,180.000,170.000,175.000,177.608,175.862,162.909,164.038,178.375,176.052,163.058,165.361,188.541,179.702,179.429,286.384,0.0891,0.0370,0.1355,0.5457,0.00,0.00,0.00,0.00
2480.00,180.000,180.000,170.000,175.000,177.613,175.863,162.910,164.047,178.379,176.053,163.059,165.369,188.543,179.689,179.430,286.351,0.0891,0.0369,0.1355,0.5456,0.00,0.00,0.00,0.00
2481.00,180.000,180.000,170.000,175.000,177.618,175.864,162.911,164.055,178.383,176.055,163.060,165.377,188.545,179.678,179.431,286.323,0.0891,0.0369,0.1355,0.5454,0.00,0.00,0.00,0.00
2482.00,180.000,180.000,170.000,175.000,177.623,175.866,162.912,164.064,178.386,176.056,163.061,165.386,188.547,179.668,179.432,286.298,0.0891,0.0369,0.1355,0.5452,0.00,0.00,0.00,0.00
2483.00,180.000,180.000,170.000,175.000,177.629,175.867,162.913,164.073,178.390,176.058,163.062,165.394,188.550,179.659,179.433,286.277,0.0890,0.0369,0.1355,0.5450,0.00,0.00,0.00,0.00
2484.00,180.000,180.000,170.000,175.000,177.634,175.868,162.914,164.082,178.394,176.059,163.062,165.402,188.552,179.651,179.434,286.259,0.0890,0.0369,0.1355,0.5448,0.00,0.00,0.00,0.00
2485.00,180.000,180.000,170.000,175.000,177.639,175.869,162.915,164.091,178.397,176.060,163.063,165.410,188.555,179.644,179.434,286.244,0.0890,0.0369,0.1355,0.5447,0.00,0.00,0.00,0.00
2486.00,180.000,180.000,170.000,175.000,177.644,175.871,162.916,164.099,178.401,176.062,163.064,165.418,188.558,179.638,179.435,286.232,0.0890,0.0369,0.1355,0.5446,0.00,0.00,0.00,0.00
2487.00,180.000,180.000,170.000,175.000,177.649,175.872,162.917,164.108,178.405,176.063,163.065,165.426,188.561,179.632,179.436,286.221,0.0890,0.0370,0.1355,0.5445,0.00,0.00,0.00,0.00
2488.00,180.000,180.000,170.000,175.000,177.654,175.873,162.918,164.117,178.408,176.064,163.066,165.434,188.564,179.627,179.437,286.213,0.0890,0.0370,0.1355,0.5444,0.00,0.00,0.00,0.00
2489.00,180.000,180.000,170.000,175.000,177.659,175.875,162.919,164.126,178.412,176.066,163.067,165.442,188.567,179.623,179.438,286.206,0.0889,0.0370,0.1355,0.5443,0.00,0.00,0.00,0.00
2490.00,180.000,180.000,170.000,175.000,177.664,175.876,162.920,164.134,178.416,176.067,163.068,165.450,188.571,179.619,179.439,286.201,0.0888,0.0370,0.1355,0.5443,0.00,0.00,0.00,0.00
2491.00,180.000,180.000,170.000,175.000,177.669,175.877,162.921,164.143,178.420,176.068,163.068,165.458,188.574,179.616,179.440,286.197,0.0887,0.0370,0.1355,0.5442,0.00,0.00,0.00,0.00
2492.00,180.000,180.000,170.000,175.000,177.674,175.878,162.922,164.152,178.423,176.069,163.069,165.466,188.577,179.613,179.441,286.195,0.0887,0.0370,0.1355,0.5441,0.00,0.00,0.00,0.00
2493.00,180.000,180.000,170.000,175.000,177.679,175.880,162.923,164.161,178.427,176.071,163.070,165.474,188.581,179.611,179.442,286.166,0.0886,0.0371,0.1354,0.5439,0.00,0.00,0.00,0.00
2494.00,180.000,180.000,170.000,175.000,177.684,175.881,162.924,164.169,178.431,176.072,163.071,165.483,188.584,179.609,179.443,286.114,0.0886,0.0371,0.1354,0.5437,0.00,0.00,0.00,0.00
2495.00,180.000,180.000,170.000,175.000,177.689,175.882,162.925,164.178,178.434,176.073,163.072,165.491,188.588,179.607,179.444,286.069,0.0886,0.0371,0.1354,0.5435,0.00,0.00,0.00,0.00
2496.00,180.000,180.000,170.000,175.000,177.694,175.883,162.926,164.187,178.438,176.075,163.073,165.499,188.591,179.605,179.445,286.029,0.0885,0.0371,0.1354,0.5433,0.00,0.00,0.00,0.00
2497.00,180.000,180.000,170.000,175.000,177.699,175.885,162.926,164.196,178.442,176.076,163.074,165.507,188.595,179.604,179.445,285.995,0.0885,0.0371,0.1354,0.5432,0.00,0.00,0.00,0.00
2498.00,180.000,180.000,170.000,175.000,177.704,175.886,162.927,164.204,178.445,176.077,163.074,165.515,188.599,179.603,179.446,285.966,0.0885,0.0372,0.1354,0.5431,0.00,0.00,0.00,0.00
2499.00,180.000,180.000,170.000,175.000,177.709,175.887,162.928,164.213,178.449,176.078,163.075,165.523,188.603,179.603,179.447,285.940,0.0885,0.0372,0.1354,0.5430,0.00,0.00,0.00,0.00
2500.00,180.000,180.000,170.000,175.000,177.713,175.888,162.929,164.222,178.453,176.080,163.076,165.531,188.606,179.602,179.448,285.919,0.0885,0.0372,0.1354,0.5430,0.00,0.00,0.00,0.00
2501.00,180.000,180.000,170.000,175.000,177.718,175.890,162.930,164.230,178.457,176.081,163.077,165.539,188.610,179.602,179.449,285.900,0.0885,0.0372,0.1354,0.5429,0.00,0.00,0.00,0.00
2502.00,180.000,180.000,170.000,175.000,177.723,175.891,162.931,164.239,178.460,176.082,163.078,165.547,188.614,179.601,179.450,285.885,0.0885,0.0372,0.1354,0.5428,0.00,0.00,0.00,0.00
2503.00,180.000,180.000,170.000,175.000,177.728,175.892,162.932,164.248,178.464,176.083,163.079,165.555,188.618,179.601,179.451,285.871,0.0884,0.0373,0.1354,0.5428,0.00,0.00,0.00,0.00
2504.00,180.000,180.000,170.000,175.000,177.733,175.894,162.933,164.257,178.468,176.085,163.080,165.563,188.622,179.601,179.452,285.861,0.0884,0.0373,0.1354,0.5425,0.00,0.00,0.00,0.00
2505.00,180.000,180.000,170.000,175.000,177.738,175.895,162.934,164.265,178.471,176.086,163.081,165.571,188.626,179.601,179.453,285.852,0.0884,0.0373,0.1354,0.5423,0.00,0.00,0.00,0.00
2506.00,180.000,180.000,170.000,175.000,177.743,175.896,162.935,164.274,178.475,176.087,163.082,165.579,188.629,179.602,179.454,285.845,0.0884,0.0373,0.1354,0.5421,0.00,0.00,0.00,0.00
2507.00,180.000,180.000,170.000,175.000,177.748,175.897,162.936,164.283,178.479,176.088,163.082,165.587,188.633,179.602,179.455,285.839,0.0884,0.0373,0.1354,0.5420,0.00,0.00,0.00,0.00
2508.00,180.000,180.000,170.000,175.000,177.753,175.899,162.937,164.291,178.483,176.090,163.083,165.595,188.637,179.603,179.456,285.781,0.0884,0.0374,0.1354,0.5418,0.00,0.00,0.00,0.00
2509.00,180.000,180.000,170.000,175.000,177.757,175.900,162.938,164.300,178.486,176.091,163.084,165.603,188.641,179.603,179.457,285.730,0.0883,0.0374,0.1354,0.5417,0.00,0.00,0.00,0.00
2510.00,180.000,180.000,170.000,175.000,177.762,175.901,162.939,164.309,178.490,176.092,163.085,165.611,188.645,179.604,179.458,285.685,0.0882,0.0374,0.1354,0.5416,0.00,0.00,0.00,0.00
2511.00,180.000,180.000,170.000,175.000,177.767,175.902,162.940,164.317,178.494,176.093,163.086,165.619,188.649,179.604,179.459,285.646,0.0881,0.0374,0.1354,0.5416,0.00,0.00,0.00,0.00
2512.00,180.000,180.000,170.000,175.000,177.772,175.904,162.941,164.326,178.498,176.095,163.087,165.627,188.653,179.605,179.460,285.613,0.0881,0.0374,0.1354,0.5415,0.00,0.00,0.00,0.00
2513.00,180.000,180.000,170.000,175.000,177.777,175.905,162.942,164.335,178.501,176.096,163.088,165.635,188.657,179.606,179.461,285.583,0.0880,0.0374,0.1354,0.5414,0.00,0.00,0.00,0.00
2514.00,180.000,180.000,170.000,175.000,177.782,175.906,162.943,164.343,178.505,176.097,163.089,165.642,188.661,179.607,179.462,285.558,0.0880,0.0375,0.1354,0.5414,0.00,0.00,0.00,0.00
2515.00,180.000,180.000,170.000,175.000,177.786,175.908,162.944,164.352,178.509,176.098,163.090,165.650,188.633,179.608,179.463,285.537,0.0880,0.0375,0.1354,0.5413,0.00,0.00,0.00,0.00
2516.00,180.000,180.000,170.000,175.000,177.791,175.909,162.945,164.361,178.513,176.100,163.091,165.658,188.608,179.609,179.464,285.519,0.0879,0.0375,0.1354,0.5410,0.00,0.00,0.00,0.00
2517.00,180.000,180.000,170.000,175.000,177.796,175.910,162.946,164.369,178.516,176.101,163.092,165.666,188.586,179.610,179.465,285.503,0.0879,0.0375,0.1354,0.5408,0.00,0.00,0.00,0.00
2518.00,180.000,180.000,170.000,175.000,177.801,175.911,162.947,164.378,178.520,176.102,163.092,165.674,188.567,179.611,179.467,285.490,0.0879,0.0375,0.1354,0.5407,0.00,0.00,0.00,0.00
2519.00,180.000,180.000,170.000,175.000,177.806,175.913,162.948,164.386,178.523,176.103,163.093,165.682,188.549,179.612,179.468,285.479,0.0879,0.0375,0.1354,0.5405,0.00,0.00,0.00,0.00
2520.00,180.000,180.000,170.000,175.000,177.810,175.914,162.949,164.395,178.527,176.105,163.094,165.690,188.534,179.613,179.469,285.471,0.0879,0.0375,0.1354,0.5404,0.00,0.00,0.00,0.00
2521.00,180.000,180.000,170.000,175.000,177.815,175.915,162.950,164.404,178.530,176.106,163.095,165.698,188.520,179.614,179.470,285.464,0.0879,0.0376,0.1354,0.5403,0.00,0.00,0.00,0.00
2522.00,180.000,180.000,170.000,175.000,177.820,175.916,162.951,164.412,178.534,176.107,163.096,165.706,188.508,179.615,179.471,285.458,0.0878,0.0376,0.1353,0.5402,0.00,0.00,0.00,0.00
2523.00,180.000,180.000,170.000,175.000,177.825,175.918,162.952,164.421,178.537,176.109,163.097,165.714,188.498,179.616,179.472,285.455,0.0878,0.0376,0.1353,0.5401,0.00,0.00,0.00,0.00
2524.00,180.000,180.000,170.000,175.000,177.829,175.919,162.953,164.430,178.541,176.110,163.098,165.722,188.489,179.617,179.473,285.452,0.0878,0.0376,0.1352,0.5401,0.00,0.00,0.00,0.00
2525.00,180.000,180.000,170.000,175.000,177.834,175.920,162.954,164.438,178.544,176.111,163.099,165.730,188.481,179.618,179.474,285.450,0.0878,0.0376,0.1352,0.5400,0.00,0.00,0.00,0.00
2526.00,180.000,180.000,170.000,175.000,177.839,175.922,162.955,164.447,178.547,176.112,163.100,165.738,188.474,179.619,179.475,285.395,0.0878,0.0376,0.1351,0.5400,0.00,0.00,0.00,0.00
2527.00,180.000,180.000,170.000,175.000,177.844,175.923,162.956,164.455,178.551,176.114,163.101,165.746,188.469,179.621,179.476,285.347,0.0878,0.0376,0.1351,0.5397,0.00,0.00,0.00,0.00
2528.00,180.000,180.000,170.000,175.000,177.848,175.924,162.957,164.464,178.554,176.115,163.102,165.754,188.464,179.622,179.477,285.305,0.0878,0.0376,0.1351,0.5395,0.00,0.00,0.00,0.00
2529.00,180.000,180.000,170.000,175.000,177.853,175.925,162.958,164.472,178.558,176.116,163.103,165.762,188.460,179.623,179.478,285.269,0.0878,0.0376,0.1350,0.5393,0.00,0.00,0.00,0.00
2530.00,180.000,180.000,170.000,175.000,177.858,175.927,162.959,164.481,178.561,176.117,163.104,165.769,188.456,179.624,179.479,285.237,0.0877,0.0376,0.1350,0.5392,0.00,0.00,0.00,0.00
2531.00,180.000,180.000,170.000,175.000,177.862,175.928,162.960,164.490,178.564,176.119,163.105,165.777,188.454,179.625,179.480,285.210,0.0876,0.0377,0.1350,0.5390,0.00,0.00,0.00,0.00
2532.00,180.000,180.000,170.000,175.000,177.867,175.929,162.960,164.498,178.568,176.120,163.106,165.785,188.452,179.627,179.481,285.186,0.0875,0.0377,0.1350,0.5389,0.00,0.00,0.00,0.00
2533.00,180.000,180.000,170.000,175.000,177.872,175.930,162.961,164.507,178.571,176.121,163.107,165.793,188.450,179.628,179.482,285.166,0.0875,0.0377,0.1349,0.5388,0.00,0.00,0.00,0.00
2534.00,180.000,180.000,170.000,175.000,177.876,175.932,162.962,164.515,178.574,176.123,163.108,165.801,188.449,179.629,179.483,285.149,0.0874,0.0377,0.1349,0.5387,0.00,0.00,0.00,0.00
2535.00,180.000,180.000,170.000,175.000,177.881,175.933,162.963,164.524,178.577,176.124,163.109,165.809,188.449,179.630,179.484,285.135,0.0874,0.0377,0.1349,0.5387,0.00,0.00,0.00,0.00
2536.00,180.000,180.000,170.000,175.000,177.886,175.934,162.964,164.532,178.581,176.125,163.110,165.817,188.449,179.632,179.485,285.123,0.0874,0.0377,0.1349,0.5386,0.00,0.00,0.00,0.00
2537.00,180.000,180.000,170.000,175.000,177.890,175.936,162.965,164.541,178.584,176.126,163.110,165.824,188.449,179.633,179.486,285.113,0.0873,0.0377,0.1349,0.5386,0.00,0.00,0.00,0.00
2538.00,180.000,180.000,170.000,175.000,177.895,175.937,162.966,164.550,178.587,176.128,163.111,165.832,188.449,179.634,179.488,285.105,0.0873,0.0377,0.1349,0.5385,0.00,0.00,0.00,0.00
2539.00,180.000,180.000,170.000,175.000,177.899,175.938,162.967,164.558,178.591,176.129,163.112,165.840,188.450,179.636,179.489,285.099,0.0873,0.0377,0.1348,0.5383,0.00,0.00,0.00,0.00
2540.00,180.000,180.000,170.000,175.000,177.904,175.939,162.968,164.567,178.594,176.130,163.113,165.848,188.451,179.637,179.490,285.094,0.0873,0.0377,0.1348,0.5380,0.00,0.00,0.00,0.00
2541.00,180.000,180.000,170.000,175.000,177.909,175.941,162.969,164.575,178.597,176.132,163.114,165.856,188.453,179.638,179.491,285.036,0.0873,0.0377,0.1348,0.5379,0.00,0.00,0.00,0.00
2542.00,180.000,180.000,170.000,175.000,177.913,175.942,162.970,164.584,178.601,176.133,163.115,165.864,188.454,179.639,179.492,284.986,0.0873,0.0377,0.1348,0.5377,0.00,0.00,0.00,0.00
2543.00,180.000,180.000,170.000,175.000,177.918,175.943,162.971,164.592,178.604,176.134,163.116,165.872,188.456,179.641,179.493,284.942,0.0873,0.0377,0.1348,0.5376,0.00,0.00,0.00,0.00
2544.00,180.000,180.000,170.000,175.000,177.922,175.944,162.972,164.601,178.607,176.136,163.117,165.880,188.458,179.642,179.494,284.903,0.0872,0.0377,0.1348,0.5375,0.00,0.00,0.00,0.00
2545.00,180.000,180.000,170.000,175.000,177.927,175.946,162.973,164.609,178.610,176.137,163.118,165.887,188.460,179.643,179.495,284.870,0.0872,0.0377,0.1348,0.5374,0.00,0.00,0.00,0.00
2546.00,180.000,180.000,170.000,175.000,177.931,175.947,162.974,164.618,178.614,176.138,163.119,165.895,188.462,179.645,179.496,284.841,0.0872,0.0378,0.1348,0.5373,0.00,0.00,0.00,0.00
2547.00,180.000,180.000,170.000,175.000,177.936,175.948,162.975,164.626,178.617,176.139,163.120,165.903,188.465,179.646,179.497,284.816,0.0872,0.0378,0.1348,0.5372,0.00,0.00,0.00,0.00
2548.00,180.000,180.000,170.000,175.000,177.941,175.949,162.976,164.635,178.620,176.141,163.121,165.911,188.467,179.647,179.498,284.795,0.0872,0.0378,0.1348,0.5372,0.00,0.00,0.00,0.00
2549.00,180.000,180.000,170.000,175.000,177.945,175.951,162.977,164.643,178.624,176.142,163.122,165.918,188.470,179.649,179.499,284.777,0.0872,0.0375,0.1348,0.5371,0.00,0.00,0.00,0.00
2550.00,180.000,180.000,170.000,175.000,177.950,175.952,162.978,164.652,178.627,176.143,163.123,165.926,188.473,179.650,179.501,284.761,0.0872,0.0372,0.1347,0.5370,0.00,0.00,0.00,0.00
2551.00,180.000,180.000,170.000,175.000,177.954,175.953,162.979,164.660,178.630,176.145,163.124,165.934,188.476,179.651,179.502,284.749,0.0871,0.0370,0.1347,0.5368,0.00,0.00,0.00,0.00
2552.00,180.000,180.000,170.000,175.000,177.959,175.955,162.980,164.669,178.634,176.146,163.125,165.942,188.479,179.653,179.503,284.738,0.0871,0.0368,0.1347,0.5366,0.00,0.00,0.00,0.00
2553.00,180.000,180.000,170.000,175.000,177.963,175.956,162.981,164.677,178.637,176.147,163.126,165.949,188.482,179.654,179.504,284.729,0.0870,0.0367,0.1347,0.5364,0.00,0.00,0.00,0.00
2554.00,180.000,180.000,170.000,175.000,177.968,175.957,162.982,164.686,178.640,176.149,163.127,165.957,188.485,179.655,179.505,284.722,0.0869,0.0366,0.1347,0.5363,0.00,0.00,0.00,0.00
2555.00,180.000,180.000,170.000,175.000,177.972,175.958,162.983,164.694,178.644,176.150,163.128,165.965,188.488,179.657,179.506,284.717,0.0869,0.0365,0.1347,0.5361,0.00,0.00,0.00,0.00
2556.00,180.000,180.000,170.000,175.000,177.976,175.960,162.984,164.702,178.647,176.151,163.129,165.973,188.491,179.658,179.507,284.713,0.0868,0.0365,0.1347,0.5360,0.00,0.00,0.00,0.00
2557.00,180.000,180.000,170.000,175.000,177.981,175.961,162.985,164.711,178.650,176.153,163.130,165.981,188.494,179.659,179.508,284.682,0.0868,0.0364,0.1347,0.5359,0.00,0.00,0.00,0.00
2558.00,180.000,180.000,170.000,175.000,177.985,175.962,162.986,164.719,178.653,176.154,163.131,165.988,188.498,179.661,179.509,284.629,0.0868,0.0364,0.1347,0.5359,0.00,0.00,0.00,0.00
2559.00,180.000,180.000,170.000,175.000,177.990,175.964,162.987,164.728,178.657,176.155,163.132,165.996,188.501,179.662,179.511,284.583,0.0867,0.0364,0.1347,0.5358,0.00,0.00,0.00,0.00
2560.00,180.000,180.000,170.000,175.000,177.994,175.965,162.988,164.736,178.660,176.157,163.133,166.004,188.504,179.663,179.512,284.543,0.0867,0.0364,0.1347,0.5357,0.00,0.00,0.00,0.00
2561.00,180.000,180.000,170.000,175.000,177.999,175.966,162.989,164.745,178.664,176.158,163.134,166.012,188.508,179.665,179.513,284.508,0.0867,0.0363,0.1347,0.5357,0.00,0.00,0.00,0.00
2562.00,180.000,180.000,170.000,175.000,178.003,175.967,162.990,164.753,178.667,176.159,163.136,166.019,188.511,179.666,179.514,284.478,0.0867,0.0363,0.1347,0.5355,0.00,0.00,0.00,0.00
2563.00,180.000,180.000,170.000,175.000,178.008,175.969,162.990,164.762,178.670,176.161,163.137,166.027,188.515,179.667,179.515,284.451,0.0867,0.0364,0.1347,0.5353,0.00,0.00,0.00,0.00
2564.00,180.000,180.000,170.000,175.000,178.012,175.970,162.991,164.770,178.674,176.162,163.138,166.035,188.518,179.669,179.516,284.429,0.0867,0.0364,0.1347,0.5351,0.00,0.00,0.00,0.00
2565.00,180.000,180.000,170.000,175.000,178.016,175.971,162.992,164.778,178.677,176.163,163.139,166.042,188.522,179.670,179.517,284.410,0.0867,0.0364,0.1347,0.5349,0.00,0.00,0.00,0.00
2566.00,180.000,180.000,170.000,175.000,178.021,175.972,162.993,164.787,178.680,176.165,163.140,166.050,188.525,179.671,179.518,284.393,0.0866,0.0364,0.1347,0.5348,0.00,0.00,0.00,0.00
2567.00,180.000,180.000,170.000,175.000,178.025,175.974,162.994,164.795,178.684,176.166,163.141,166.058,188.529,179.673,179.519,284.380,0.0866,0.0364,0.1347,0.5347,0.00,0.00,0.00,0.00
2568.00,180.000,180.000,170.000,175.000,178.030,175.975,162.995,164.804,178.687,176.167,163.142,166.065,188.532,179.674,179.521,284.368,0.0866,0.0364,0.1347,0.5346,0.00,0.00,0.00,0.00
2569.00,180.000,180.000,170.000,175.000,178.034,175.976,162.996,164.812,178.690,176.169,163.143,166.073,188.536,179.675,179.522,284.359,0.0866,0.0364,0.1346,0.5345,0.00,0.00,0.00,0.00
2570.00,180.000,180.000,170.000,175.000,178.038,175.978,162.997,164.820,178.694,176.170,163.144,166.081,188.539,179.677,179.523,284.351,0.0866,0.0365,0.1346,0.5344,0.00,0.00,0.00,0.00
2571.00,180.000,180.000,170.000,175.000,178.043,175.979,162.998,164.829,178.697,176.171,163.145,166.088,188.543,179.678,179.524,284.346,0.0866,0.0365,0.1346,0.5344,0.00,0.00,0.00,0.00
2572.00,180.000,180.000,170.000,175.000,178.047,175.980,162.999,164.837,178.701,176.173,163.146,166.096,188.547,179.680,179.525,284.341,0.0866,0.0365,0.1346,0.5343,0.00,0.00,0.00,0.00
2573.00,180.000,180.000,170.000,175.000,178.051,175.981,163.000,164.846,178.704,176.174,163.147,166.104,188.550,179.681,179.526,284.338,0.0866,0.0365,0.1346,0.5343,0.00,0.00,0.00,0.00
2574.00,180.000,180.000,170.000,175.000,178.056,175.983,163.001,164.854,178.707,176.176,163.148,166.112,188.554,179.682,179.527,284.336,0.0865,0.0365,0.1346,0.5341,0.00,0.00,0.00,0.00
2575.00,180.000,180.000,170.000,175.000,178.060,175.984,163.002,164.862,178.711,176.177,163.149,166.120,188.558,179.684,179.529,284.307,0.0864,0.0366,0.1346,0.5339,0.00,0.00,0.00,0.00
2576.00,180.000,180.000,170.000,175.000,178.064,175.985,163.003,164.871,178.714,176.178,163.150,166.127,188.561,179.685,179.530,284.255,0.0864,0.0366,0.1346,0.5337,0.00,0.00,0.00,0.00
2577.00,180.000,180.000,170.000,175.000,178.069,175.987,163.004,164.879,178.717,176.180,163.151,166.135,188.565,179.686,179.531,284.211,0.0863,0.0366,0.1346,0.5335,0.00,0.00,0.00,0.00
2578.00,180.000,180.000,170.000,175.000,178.073,175.988,163.005,164.887,178.721,176.181,163.152,166.143,188.569,179.688,179.532,284.171,0.0863,0.0366,0.1346,0.5334,0.00,0.00,0.00,0.00
2579.00,180.000,180.000,170.000,175.000,178.077,175.989,163.006,164.896,178.724,176.182,163.153,166.150,188.573,179.689,179.533,284.137,0.0862,0.0366,0.1346,0.5333,0.00,0.00,0.00,0.00
2580.00,180.000,180.000,170.000,175.000,178.082,175.990,163.007,164.904,178.728,176.184,163.154,166.158,188.576,179.691,179.534,284.108,0.0862,0.0367,0.1346,0.5332,0.00,0.00,0.00,0.00
2581.00,180.000,180.000,170.000,175.000,178.086,175.992,163.008,164.912,178.731,176.185,163.156,166.166,188.580,179.692,179.535,284.083,0.0862,0.0367,0.1346,0.5331,0.00,0.00,0.00,0.00
2582.00,180.000,180.000,170.000,175.000,178.090,175.993,163.009,164.921,178.735,176.186,163.157,166.173,188.584,179.693,179.537,284.061,0.0861,0.0367,0.1346,0.5330,0.00,0.00,0.00,0.00
2583.00,180.000,180.000,170.000,175.000,178.094,175.994,163.010,164.929,178.738,176.188,163.158,166.181,188.588,179.695,179.538,284.042,0.0861,0.0367,0.1346,0.5329,0.00,0.00,0.00,0.00
2584.00,180.000,180.000,170.000,175.000,178.099,175.996,163.011,164.937,178.741,176.189,163.159,166.188,188.591,179.696,179.539,284.027,0.0861,0.0367,0.1346,0.5329,0.00,0.00,0.00,0.00
2585.00,180.000,180.000,170.000,175.000,178.103,175.997,163.012,164.946,178.745,176.191,163.160,166.196,188.595,179.698,179.540,284.013,0.0861,0.0368,0.1346,0.5329,0.00,0.00,0.00,0.00
2586.00,180.000,180.000,170.000,175.000,178.107,175.998,163.013,164.954,178.748,176.192,163.161,166.204,188.599,179.699,179.541,284.002,0.0861,0.0368,0.1346,0.5327,0.00,0.00,0.00,0.00
2587.00,180.000,180.000,170.000,175.000,178.112,175.999,163.014,164.962,178.752,176.193,163.162,166.211,188.603,179.700,179.542,283.993,0.0861,0.0368,0.1346,0.5325,0.00,0.00,0.00,0.00
2588.00,180.000,180.000,170.000,175.000,178.116,176.001,163.015,164.971,178.755,176.195,163.163,166.219,188.606,179.702,179.544,283.986,0.0861,0.0368,0.1346,0.5323,0.00,0.00,0.00,0.00
2589.00,180.000,180.000,170.000,175.000,178.120,176.002,163.016,164.979,178.759,176.196,163.164,166.227,188.610,179.703,179.545,283.981,0.0861,0.0368,0.1346,0.5321,0.00,0.00,0.00,0.00
2590.00,180.000,180.000,170.000,175.000,178.124,176.003,163.017,164.987,178.762,176.197,163.165,166.234,188.614,179.705,179.546,283.948,0.0860,0.0368,0.1346,0.5320,0.00,0.00,0.00,0.00
2591.00,180.000,180.000,170.000,175.000,178.129,176.005,163.018,164.996,178.766,176.199,163.166,166.242,188.618,179.706,179.547,283.894,0.0860,0.0369,0.1346,0.5318,0.00,0.00,0.00,0.00
2592.00,180.000,180.000,170.000,175.000,178.133,176.006,163.019,165.004,178.769,176.200,163.167,166.250,188.622,179.707,179.548,283.847,0.0860,0.0369,0.1346,0.5317,0.00,0.00,0.00,0.00
2593.00,180.000,180.000,170.000,175.000,178.137,176.007,163.020,165.012,178.773,176.202,163.169,166.257,188.625,179.709,179.549,283.805,0.0860,0.0369,0.1346,0.5317,0.00,0.00,0.00,0.00
2594.00,180.000,180.000,170.000,175.000,178.141,176.008,163.021,165.020,178.776,176.203,163.170,166.265,188.629,179.710,179.551,283.769,0.0860,0.0369,0.1346,0.5316,0.00,0.00,0.00,0.00
2595.00,180.000,180.000,170.000,175.000,178.145,176.010,163.022,165.029,178.779,176.204,163.171,166.272,188.633,179.712,179.552,283.738,0.0861,0.0369,0.1346,0.5315,0.00,0.00,0.00,0.00
2596.00,180.000,180.000,170.000,175.000,178.150,176.011,163.023,165.037,178.783,176.206,163.172,166.280,188.637,179.713,179.553,283.711,0.0861,0.0369,0.1346,0.5315,0.00,0.00,0.00,0.00
2597.00,180.000,180.000,170.000,175.000,178.154,176.012,163.024,165.045,178.786,176.207,163.173,166.287,188.641,179.714,179.554,283.688,0.0860,0.0370,0.1346,0.5314,0.00,0.00,0.00,0.00
2598.00,180.000,180.000,170.000,175.000,178.158,176.014,163.025,165.054,178.790,176.209,163.174,166.295,188.613,179.716,179.555,283.668,0.0859,0.0370,0.1346,0.5313,0.00,0.00,0.00,0.00
2599.00,180.000,180.000,170.000,175.000,178.162,176.015,163.026,165.062,178.793,176.210,163.175,166.302,188.587,179.717,179.557,283.651,0.0858,0.0370,0.1346,0.5310,0.00,0.00,0.00,0.00
2600.00,180.000,180.000,170.000,175.000,178.167,176.016,163.027,165.070,178.797,176.211,163.176,166.310,188.565,179.719,179.558,283.637,0.0857,0.0370,0.1346,0.5308,0.00,0.00,0.00,0.00
2601.00,180.000,180.000,170.000,175.000,178.171,176.018,163.028,165.078,178.800,176.213,163.177,166.317,188.545,179.720,179.559,283.625,0.0857,0.0370,0.1345,0.5307,0.00,0.00,0.00,0.00
2602.00,180.000,180.000,170.000,175.000,178.175,176.019,163.029,165.087,178.803,176.214,163.179,166.325,188.528,179.722,179.560,283.615,0.0857,0.0370,0.1345,0.5305,0.00,0.00,0.00,0.00
2603.00,180.000,180.000,170.000,175.000,178.179,176.020,163.030,165.095,178.806,176.216,163.180,166.332,188.512,179.723,179.561,283.607,0.0856,0.0370,0.1345,0.5304,0.00,0.00,0.00,0.00
2604.00,180.000,180.000,170.000,175.000,178.183,176.021,163.031,165.103,178.810,176.217,163.181,166.340,188.498,179.724,179.563,283.601,0.0856,0.0370,0.1345,0.5303,0.00,0.00,0.00,0.00
2605.00,180.000,180.000,170.000,175.000,178.187,176.023,163.032,165.111,178.813,176.218,163.182,166.347,188.486,179.726,179.564,283.596,0.0856,0.0370,0.1345,0.5302,0.00,0.00,0.00,0.00
2606.00,180.000,180.000,170.000,175.000,178.192,176.024,163.033,165.119,178.816,176.220,163.183,166.355,188.475,179.727,179.565,283.593,0.0855,0.0371,0.1345,0.5302,0.00,0.00,0.00,0.00
2607.00,180.000,180.000,170.000,175.000,178.196,176.025,163.034,165.128,178.819,176.221,163.184,166.363,188.466,179.729,179.566,283.590,0.0855,0.0371,0.1345,0.5301,0.00,0.00,0.00,0.00
2608.00,180.000,180.000,170.000,175.000,178.200,176.027,163.035,165.136,178.822,176.223,163.185,166.370,188.458,179.730,179.567,283.589,0.0855,0.0371,0.1345,0.5301,0.00,0.00,0.00,0.00
2609.00,180.000,180.000,170.000,175.000,178.204,176.028,163.036,165.144,178.825,176.224,163.186,166.378,188.451,179.732,179.569,283.588,0.0855,0.0371,0.1345,0.5300,0.00,0.00,0.00,0.00
2610.00,180.000,180.000,170.000,175.000,178.208,176.029,163.037,165.152,178.829,176.226,163.188,166.386,188.445,179.733,179.570,283.561,0.0855,0.0371,0.1345,0.5299,0.00,0.00,0.00,0.00
2611.00,180.000,180.000,170.000,175.000,178.212,176.031,163.038,165.161,178.832,176.227,163.189,166.393,188.440,179.734,179.571,283.511,0.0855,0.0371,0.1345,0.5296,0.00,0.00,0.00,0.00
2612.00,180.000,180.000,170.000,175.000,178.216,176.032,163.039,165.169,178.835,176.228,163.190,166.401,188.436,179.736,179.572,283.467,0.0855,0.0371,0.1345,0.5294,0.00,0.00,0.00,0.00
2613.00,180.000,180.000,170.000,175.000,178.221,176.033,163.040,165.177,178.838,176.230,163.191,166.408,188.432,179.737,179.573,283.429,0.0855,0.0371,0.1345,0.5293,0.00,0.00,0.00,0.00
2614.00,180.000,180.000,170.000,175.000,178.225,176.035,163.041,165.185,178.841,176.231,163.192,166.416,188.429,179.739,179.575,283.396,0.0855,0.0371,0.1345,0.5291,0.00,0.00,0.00,0.00
2615.00,180.000,180.000,170.000,175.000,178.229,176.036,163.042,165.193,178.844,176.233,163.193,166.423,188.427,179.740,179.576,283.367,0.0855,0.0371,0.1345,0.5290,0.00,0.00,0.00,0.00
2616.00,180.000,180.000,170.000,175.000,178.233,176.037,163.043,165.202,178.847,176.234,163.194,166.431,188.425,179.742,179.577,283.342,0.0855,0.0371,0.1345,0.5289,0.00,0.00,0.00,0.00
2617.00,180.000,180.000,170.000,175.000,178.237,176.038,163.044,165.210,178.850,176.236,163.196,166.438,188.424,179.743,179.578,283.321,0.0855,0.0371,0.1345,0.5288,0.00,0.00,0.00,0.00
2618.00,180.000,180.000,170.000,175.000,178.241,176.040,163.045,165.218,178.853,176.237,163.197,166.446,188.423,179.745,179.579,283.303,0.0855,0.0372,0.1345,0.5288,0.00,0.00,0.00,0.00
2619.00,180.000,180.000,170.000,175.000,178.245,176.041,163.046,165.226,178.856,176.238,163.198,166.453,188.423,179.746,179.581,283.288,0.0855,0.0372,0.1345,0.5287,0.00,0.00,0.00,0.00
2620.00,180.000,180.000,170.000,175.000,178.249,176.042,163.047,165.234,178.859,176.240,163.199,166.461,188.423,179.747,179.582,283.275,0.0855,0.0372,0.1345,0.5286,0.00,0.00,0.00,0.00
2621.00,180.000,180.000,170.000,175.000,178.253,176.044,163.048,165.242,178.862,176.241,163.200,166.468,188.423,179.749,179.583,283.264,0.0854,0.0372,0.1345,0.5286,0.00,0.00,0.00,0.00
2622.00,180.000,180.000,170.000,175.000,178.257,176.045,163.049,165.251,178.865,176.243,163.201,166.476,188.424,179.750,179.584,283.255,0.0853,0.0372,0.1345,0.5285,0.00,0.00,0.00,0.00
2623.00,180.000,180.000,170.000,175.000,178.261,176.046,163.050,165.259,178.868,176.244,163.203,166.483,188.425,179.752,179.586,283.248,0.0852,0.0372,0.1345,0.5282,0.00,0.00,0.00,0.00
2624.00,180.000,180.000,170.000,175.000,178.265,176.048,163.051,165.267,178.871,176.246,163.204,166.491,188.426,179.753,179.587,283.243,0.0852,0.0372,0.1344,0.5280,0.00,0.00,0.00,0.00
2625.00,180.000,180.000,170.000,175.000,178.269,176.049,163.052,165.275,178.874,176.247,163.205,166.499,188.427,179.755,179.588,283.184,0.0851,0.0372,0.1344,0.5279,0.00,0.00,0.00,0.00
2626.00,180.000,180.000,170.000,175.000,178.273,176.050,163.053,165.283,178.877,176.249,163.206,166.506,188.429,179.756,179.589,283.133,0.0851,0.0371,0.1343,0.5277,0.00,0.00,0.00,0.00
2627.00,180.000,180.000,170.000,175.000,178.277,176.052,163.054,165.291,178.880,176.250,163.207,166.513,188.431,179.758,179.590,283.088,0.0850,0.0368,0.1343,0.5276,0.00,0.00,0.00,0.00
2628.00,180.000,180.000,170.000,175.000,178.281,176.053,163.055,165.299,178.883,176.251,163.208,166.521,188.432,179.759,179.592,283.049,0.0850,0.0365,0.1342,0.5275,0.00,0.00,0.00,0.00
2629.00,180.000,180.000,170.000,175.000,178.285,176.054,163.056,165.308,178.886,176.253,163.210,166.528,188.434,179.761,179.593,283.015,0.0850,0.0363,0.1342,0.5274,0.00,0.00,0.00,0.00
2630.00,180.000,180.000,170.000,175.000,178.289,176.056,163.057,165.316,178.889,176.254,163.211,166.536,188.437,179.762,179.594,282.986,0.0849,0.0362,0.1342,0.5273,0.00,0.00,0.00,0.00
2631.00,180.000,180.000,170.000,175.000,178.293,176.057,163.058,165.324,178.892,176.256,163.212,166.543,188.439,179.763,179.595,282.961,0.0849,0.0361,0.1342,0.5273,0.00,0.00,0.00,0.00
2632.00,180.000,180.000,170.000,175.000,178.297,176.058,163.059,165.332,178.895,176.257,163.213,166.550,188.441,179.765,179.597,282.939,0.0849,0.0360,0.1341,0.5272,0.00,0.00,0.00,0.00
2633.00,180.000,180.000,170.000,175.000,178.301,176.060,163.060,165.340,178.898,176.259,163.214,166.558,188.444,179.734,179.598,282.920,0.0849,0.0359,0.1341,0.5272,0.00,0.00,0.00,0.00
2634.00,180.000,180.000,170.000,175.000,178.305,176.061,163.061,165.348,178.901,176.260,163.215,166.565,188.446,179.707,179.599,282.904,0.0849,0.0359,0.1341,0.5271,0.00,0.00,0.00,0.00
2635.00,180.000,180.000,170.000,175.000,178.309,176.062,163.062,165.356,178.905,176.261,163.217,166.572,188.449,179.682,179.600,282.891,0.0849,0.0358,0.1341,0.5269,0.00,0.00,0.00,0.00
2636.00,180.000,180.000,170.000,175.000,178.313,176.064,163.063,165.364,178.908,176.263,163.218,166.580,188.452,179.660,179.602,282.880,0.0849,0.0358,0.1340,0.5267,0.00,0.00,0.00,0.00
2637.00,180.000,180.000,170.000,175.000,178.317,176.065,163.064,165.372,178.911,176.264,163.219,166.587,188.455,179.640,179.603,282.871,0.0849,0.0358,0.1340,0.5265,0.00,0.00,0.00,0.00
2638.00,180.000,180.000,170.000,175.000,178.321,176.066,163.065,165.380,178.914,176.265,163.220,166.594,188.458,179.622,179.604,282.864,0.0849,0.0358,0.1340,0.5263,0.00,0.00,0.00,0.00
2639.00,180.000,180.000,170.000,175.000,178.325,176.068,163.066,165.389,178.917,176.266,163.221,166.602,188.461,179.606,179.605,282.858,0.0849,0.0358,0.1340,0.5262,0.00,0.00,0.00,0.00
2640.00,180.000,180.000,170.000,175.000,178.329,176.069,163.067,165.397,178.920,176.267,163.223,166.609,188.464,179.592,179.590,282.854,0.0849,0.0358,0.1340,0.5261,0.00,0.00,0.00,0.00
2641.00,180.000,180.000,170.000,175.000,178.333,176.070,163.068,165.405,178.923,176.268,163.224,166.617,188.467,179.579,179.561,282.850,0.0849,0.0358,0.1340,0.5260,0.00,0.00,0.00,0.00
2642.00,180.000,180.000,170.000,175.000,178.337,176.071,163.069,165.413,178.926,176.270,163.225,166.624,188.470,179.567,179.535,282.794,0.0849,0.0358,0.1340,0.5259,0.00,0.00,0.00,0.00
2643.00,180.000,180.000,170.000,175.000,178.341,176.073,163.070,165.421,178.929,176.271,163.226,166.632,188.473,179.557,179.511,282.745,0.0849,0.0358,0.1340,0.5259,0.00,0.00,0.00,0.00
2644.00,180.000,180.000,170.000,175.000,178.345,176.074,163.072,165.429,178.932,176.272,163.227,166.639,188.476,179.547,179.490,282.701,0.0849,0.0358,0.1339,0.5258,0.00,0.00,0.00,0.00
2645.00,180.000,180.000,170.000,175.000,178.349,176.075,163.073,165.437,178.935,176.273,163.228,166.646,188.479,179.539,179.470,282.664,0.0849,0.0358,0.1339,0.5258,0.00,0.00,0.00,0.00
2646.00,180.000,180.000,170.000,175.000,178.353,176.077,163.074,165.445,178.938,176.274,163.229,166.653,188.482,179.532,179.453,282.631,0.0848,0.0359,0.1339,0.5257,0.00,0.00,0.00,0.00
2647.00,180.000,180.000,170.000,175.000,178.356,176.078,163.075,165.453,178.941,176.275,163.230,166.661,188.486,179.525,179.438,282.603,0.0847,0.0359,0.1339,0.5256,0.00,0.00,0.00,0.00
2648.00,180.000,180.000,170.000,175.000,178.360,176.079,163.076,165.461,178.944,176.276,163.231,166.668,188.489,179.519,179.424,282.578,0.0846,0.0359,0.1339,0.5253,0.00,0.00,0.00,0.00
2649.00,180.000,180.000,170.000,175.000,178.364,176.081,163.077,165.469,178.948,176.277,163.231,166.675,188.492,179.514,179.411,282.557,0.0846,0.0359,0.1339,0.5251,0.00,0.00,0.00,0.00
2650.00,180.000,180.000,170.000,175.000,178.368,176.082,163.078,165.477,178.951,176.278,163.232,166.683,188.495,179.509,179.400,282.539,0.0845,0.0359,0.1339,0.5250,0.00,0.00,0.00,0.00
2651.00,180.000,180.000,170.000,175.000,178.372,176.083,163.079,165.485,178.954,176.279,163.233,166.690,188.499,179.505,179.390,282.524,0.0845,0.0360,0.1339,0.5248,0.00,0.00,0.00,0.00
2652.00,180.000,180.000,170.000,175.000,178.376,176.085,163.080,165.493,178.957,176.280,163.234,166.697,188.502,179.501,179.380,282.512,0.0844,0.0360,0.1339,0.5247,0.00,0.00,0.00,0.00
2653.00,180.000,180.000,170.000,175.000,178.380,176.086,163.081,165.501,178.960,176.281,163.235,166.704,188.506,179.498,179.372,282.501,0.0844,0.0360,0.1339,0.5246,0.00,0.00,0.00,0.00
2654.00,180.000,180.000,170.000,175.000,178.384,176.087,163.082,165.509,178.963,176.282,163.235,166.712,188.509,179.527,179.365,282.492,0.0844,0.0360,0.1339,0.5245,0.00,0.00,0.00,0.00
2655.00,180.000,180.000,170.000,175.000,178.387,176.088,163.083,165.517,178.966,176.283,163.236,166.719,188.512,179.554,179.359,282.485,0.0843,0.0360,0.1339,0.5245,0.00,0.00,0.00,0.00
2656.00,180.000,180.000,170.000,175.000,178.391,176.090,163.084,165.525,178.969,176.284,163.237,166.726,188.516,179.578,179.353,282.480,0.0843,0.0361,0.1339,0.5244,0.00,0.00,0.00,0.00
2657.00,180.000,180.000,170.000,175.000,178.395,176.091,163.085,165.533,178.972,176.285,163.237,166.734,188.519,179.600,179.348,282.476,0.0843,0.0361,0.1338,0.5244,0.00,0.00,0.00,0.00
2658.00,180.000,180.000,170.000,175.000,178.399,176.092,163.086,165.541,178.976,176.286,163.238,166.741,188.523,179.619,179.343,282.473,0.0843,0.0361,0.1338,0.5243,0.00,0.00,0.00,0.00
2659.00,180.000,180.000,170.000,175.000,178.403,176.094,163.087,165.549,178.979,176.287,163.239,166.748,188.526,179.638,179.339,282.471,0.0843,0.0361,0.1338,0.5243,0.00,0.00,0.00,0.00
2660.00,180.000,180.000,170.000,175.000,178.407,176.095,163.088,165.557,178.982,176.288,163.240,166.756,188.529,179.654,179.335,282.470,0.0843,0.0361,0.1338,0.5240,0.00,0.00,0.00,0.00
2661.00,180.000,180.000,170.000,175.000,178.410,176.096,163.089,165.565,178.985,176.290,163.240,166.763,188.533,179.669,179.332,282.416,0.0843,0.0362,0.1338,0.5238,0.00,0.00,0.00,0.00
2662.00,180.000,180.000,170.000,175.000,178.414,176.097,163.090,165.573,178.988,176.291,163.241,166.770,188.536,179.683,179.329,282.368,0.0843,0.0362,0.1338,0.5236,0.00,0.00,0.00,0.00
2663.00,180.000,180.000,170.000,175.000,178.418,176.099,163.091,165.581,178.991,176.292,163.242,166.778,188.540,179.695,179.327,282.327,0.0843,0.0362,0.1338,0.5235,0.00,0.00,0.00,0.00
2664.00,180.000,180.000,170.000,175.000,178.422,176.100,163.092,165.589,178.994,176.294,163.242,166.785,188.543,179.707,179.324,282.290,0.0843,0.0362,0.1338,0.5234,0.00,0.00,0.00,0.00
2665.00,180.000,180.000,170.000,175.000,178.426,176.101,163.093,165.597,178.998,176.295,163.243,166.792,188.547,179.718,179.323,282.259,0.0843,0.0362,0.1338,0.5233,0.00,0.00,0.00,0.00
2666.00,180.000,180.000,170.000,175.000,178.430,176.103,163.094,165.605,179.001,176.296,163.244,166.800,188.550,179.727,179.321,282.232,0.0843,0.0363,0.1338,0.5232,0.00,0.00,0.00,0.00
2667.00,180.000,180.000,170.000,175.000,178.433,176.104,163.095,165.613,179.004,176.298,163.244,166.807,188.554,179.736,179.320,282.208,0.0843,0.0363,0.1338,0.5231,0.00,0.00,0.00,0.00
2668.00,180.000,180.000,170.000,175.000,178.437,176.105,163.096,165.621,179.007,176.299,163.245,166.814,188.557,179.744,179.318,282.188,0.0843,0.0363,0.1338,0.5230,0.00,0.00,0.00,0.00
2669.00,180.000,180.000,170.000,175.000,178.441,176.107,163.097,165.629,179.010,176.300,163.246,166.821,188.561,179.752,179.317,282.171,0.0843,0.0363,0.1338,0.5230,0.00,0.00,0.00,0.00
2670.00,180.000,180.000,170.000,175.000,178.445,176.108,163.098,165.637,179.014,176.302,163.246,166.828,188.564,179.759,179.317,282.156,0.0843,0.0363,0.1338,0.5229,0.00,0.00,0.00,0.00
2671.00,180.000,180.000,170.000,175.000,178.449,176.109,163.099,165.645,179.017,176.303,163.247,166.836,188.568,179.765,179.316,282.144,0.0843,0.0363,0.1338,0.5229,0.00,0.00,0.00,0.00
2672.00,180.000,180.000,170.000,175.000,178.452,176.110,163.100,165.653,179.020,176.305,163.248,166.843,188.571,179.771,179.315,282.134,0.0842,0.0363,0.1338,0.5227,0.00,0.00,0.00,0.00
2673.00,180.000,180.000,170.000,175.000,178.456,176.112,163.101,165.660,179.023,176.306,163.248,166.850,188.575,179.777,179.315,282.126,0.0841,0.0364,0.1338,0.5225,0.00,0.00,0.00,0.00
2674.00,180.000,180.000,170.000,175.000,178.460,176.113,163.102,165.668,179.026,176.308,163.249,166.857,188.578,179.782,179.315,282.119,0.0840,0.0364,0.1338,0.5223,0.00,0.00,0.00,0.00
2675.00,180.000,180.000,170.000,175.000,178.464,176.114,163.103,165.676,179.030,176.309,163.250,166.865,188.582,179.787,179.314,282.114,0.0840,0.0364,0.1338,0.5221,0.00,0.00,0.00,0.00
2676.00,180.000,180.000,170.000,175.000,178.467,176.116,163.104,165.684,179.033,176.311,163.250,166.872,188.554,179.791,179.314,282.111,0.0839,0.0364,0.1338,0.5220,0.00,0.00,0.00,0.00
2677.00,180.000,180.000,170.000,175.000,178.471,176.117,163.105,165.692,179.036,176.312,163.251,166.879,188.528,179.795,179.314,282.054,0.0839,0.0364,0.1338,0.5219,0.00,0.00,0.00,0.00
2678.00,180.000,180.000,170.000,175.000,178.475,176.118,163.106,165.700,179.039,176.314,163.252,166.886,188.506,179.799,179.314,282.004,0.0838,0.0364,0.1338,0.5218,0.00,0.00,0.00,0.00
2679.00,180.000,180.000,170.000,175.000,178.479,176.119,163.107,165.708,179.042,176.315,163.252,166.894,188.485,179.803,179.314,281.960,0.0838,0.0364,0.1338,0.5217,0.00,0.00,0.00,0.00
2680.00,180.000,180.000,170.000,175.000,178.482,176.121,163.108,165.716,179.045,176.317,163.253,166.901,188.468,179.806,179.315,281.922,0.0838,0.0365,0.1338,0.5216,0.00,0.00,0.00,0.00
2681.00,180.000,180.000,170.000,175.000,178.486,176.122,163.109,165.724,179.048,176.318,163.254,166.908,188.452,179.810,179.315,281.889,0.0838,0.0365,0.1337,0.5216,0.00,0.00,0.00,0.00
2682.00,180.000,180.000,170.000,175.000,178.490,176.123,163.110,165.732,179.051,176.320,163.254,166.915,188.438,179.813,179.315,281.860,0.0837,0.0365,0.1337,0.5215,0.00,0.00,0.00,0.00
2683.00,180.000,180.000,170.000,175.000,178.494,176.125,163.111,165.739,179.054,176.321,163.255,166.922,188.425,179.816,179.316,281.835,0.0837,0.0365,0.1337,0.5215,0.00,0.00,0.00,0.00
2684.00,180.000,180.000,170.000,175.000,178.497,176.126,163.112,165.747,179.057,176.323,163.256,166.929,188.414,179.819,179.316,281.814,0.0837,0.0365,0.1337,0.5214,0.00,0.00,0.00,0.00
2685.00,180.000,180.000,170.000,175.000,178.501,176.127,163.113,165.755,179.059,176.324,163.256,166.936,188.405,179.821,179.316,281.796,0.0837,0.0365,0.1337,0.5212,0.00,0.00,0.00,0.00
2686.00,180.000,180.000,170.000,175.000,178.505,176.129,163.113,165.763,179.062,176.326,163.257,166.943,188.396,179.824,179.317,281.780,0.0837,0.0365,0.1337,0.5210,0.00,0.00,0.00,0.00
2687.00,180.000,180.000,170.000,175.000,178.508,176.130,163.114,165.771,179.065,176.327,163.258,166.951,188.389,179.826,179.317,281.767,0.0837,0.0365,0.1337,0.5208,0.00,0.00,0.00,0.00
2688.00,180.000,180.000,170.000,175.000,178.512,176.131,163.115,165.779,179.068,176.329,163.258,166.958,188.383,179.829,179.318,281.756,0.0837,0.0365,0.1337,0.5207,0.00,0.00,0.00,0.00
2689.00,180.000,180.000,170.000,175.000,178.516,176.133,163.116,165.787,179.071,176.330,163.259,166.965,188.378,179.831,179.318,281.747,0.0837,0.0365,0.1337,0.5205,0.00,0.00,0.00,0.00
2690.00,180.000,180.000,170.000,175.000,178.520,176.134,163.117,165.794,179.074,176.332,163.260,166.972,188.373,179.833,179.319,281.740,0.0837,0.0365,0.1337,0.5204,0.00,0.00,0.00,0.00
2691.00,180.000,180.000,170.000,175.000,178.523,176.135,163.118,165.802,179.076,176.334,163.261,166.979,188.369,179.836,179.320,281.735,0.0837,0.0366,0.1337,0.5203,0.00,0.00,0.00,0.00
2692.00,180.000,180.000,170.000,175.000,178.527,176.137,163.119,165.810,179.079,176.335,163.261,166.986,188.366,179.838,179.320,281.730,0.0837,0.0366,0.1337,0.5202,0.00,0.00,0.00,0.00
2693.00,180.000,180.000,170.000,175.000,178.531,176.138,163.120,165.818,179.082,176.337,163.262,166.994,188.364,179.840,179.321,281.727,0.0837,0.0366,0.1337,0.5202,0.00,0.00,0.00,0.00
2694.00,180.000,180.000,170.000,175.000,178.534,176.139,163.121,165.826,179.085,176.338,163.263,167.001,188.362,179.842,179.322,281.725,0.0837,0.0366,0.1337,0.5201,0.00,0.00,0.00,0.00
2695.00,180.000,180.000,170.000,175.000,178.538,176.140,163.122,165.834,179.087,176.340,163.263,167.008,188.360,179.844,179.322,281.724,0.0837,0.0366,0.1337,0.5201,0.00,0.00,0.00,0.00
2696.00,180.000,180.000,170.000,175.000,178.542,176.142,163.123,165.841,179.090,176.341,163.264,167.015,188.359,179.846,179.323,281.724,0.0837,0.0366,0.1337,0.5200,0.00,0.00,0.00,0.00
2697.00,180.000,180.000,170.000,175.000,178.545,176.143,163.124,165.849,179.093,176.343,163.265,167.023,188.358,179.848,179.324,281.696,0.0837,0.0366,0.1337,0.5200,0.00,0.00,0.00,0.00
2698.00,180.000,180.000,170.000,175.000,178.549,176.144,163.125,165.857,179.096,176.344,163.265,167.030,188.358,179.849,179.324,281.646,0.0837,0.0366,0.1337,0.5197,0.00,0.00,0.00,0.00
2699.00,180.000,180.000,170.000,175.000,178.553,176.146,163.126,165.865,179.098,176.346,163.266,167.037,188.358,179.851,179.325,281.602,0.0836,0.0366,0.1337,0.5195,0.00,0.00,0.00,0.00
2700.00,180.000,180.000,170.000,175.000,178.556,176.147,163.127,165.873,179.101,176.348,163.267,167.044,188.359,179.853,179.326,281.564,0.0835,0.0366,0.1337,0.5193,0.00,0.00,0.00,0.00
2701.00,180.000,180.000,170.000,175.000,178.560,176.148,163.128,165.880,179.104,176.349,163.268,167.051,188.359,179.855,179.327,281.531,0.0834,0.0366,0.1337,0.5192,0.00,0.00,0.00,0.00
2702.00,180.000,180.000,170.000,175.000,178.563,176.150,163.129,165.888,179.107,176.351,163.268,167.058,188.360,179.857,179.327,281.502,0.0834,0.0366,0.1337,0.5191,0.00,0.00,0.00,0.00
2703.00,180.000,180.000,170.000,175.000,178.567,176.151,163.129,165.896,179.109,176.352,163.269,167.065,188.361,179.858,179.328,281.477,0.0833,0.0363,0.1337,0.5190,0.00,0.00,0.00,0.00
2704.00,180.000,180.000,170.000,175.000,178.571,176.152,163.130,165.904,179.112,176.354,163.270,167.072,188.362,179.860,179.329,281.456,0.0833,0.0360,0.1337,0.5189,0.00,0.00,0.00,0.00
2705.00,180.000,180.000,170.000,175.000,178.574,176.154,163.131,165.912,179.115,176.355,163.270,167.080,188.364,179.845,179.330,281.438,0.0832,0.0358,0.1337,0.5188,0.00,0.00,0.00,0.00
2706.00,180.000,180.000,170.000,175.000,178.578,176.155,163.132,165.919,179.118,176.357,163.271,167.087,188.365,179.817,179.330,281.422,0.0832,0.0357,0.1337,0.5187,0.00,0.00,0.00,0.00
2707.00,180.000,180.000,170.000,175.000,178.581,176.157,163.133,165.927,179.120,176.358,163.272,167.094,188.367,179.791,179.331,281.409,0.0832,0.0355,0.1337,0.5187,0.00,0.00,0.00,0.00
2708.00,180.000,180.000,170.000,175.000,178.585,176.158,163.134,165.935,179.123,176.360,163.273,167.101,188.369,179.768,179.332,281.398,0.0832,0.0354,0.1337,0.5186,0.00,0.00,0.00,0.00
2709.00,180.000,180.000,170.000,175.000,178.589,176.159,163.135,165.943,179.126,176.361,163.273,167.108,188.371,179.747,179.333,281.389,0.0831,0.0354,0.1337,0.5186,0.00,0.00,0.00,0.00
2710.00,180.000,180.000,170.000,175.000,178.592,176.161,163.136,165.950,179.129,176.362,163.274,167.115,188.373,179.728,179.334,281.382,0.0831,0.0353,0.1337,0.5185,0.00,0.00,0.00,0.00
2711.00,180.000,180.000,170.000,175.000,178.596,176.162,163.137,165.958,179.131,176.364,163.275,167.122,188.376,179.711,179.334,281.376,0.0831,0.0353,0.1337,0.5182,0.00,0.00,0.00,0.00
2712.00,180.000,180.000,170.000,175.000,178.599,176.163,163.138,165.966,179.134,176.365,163.275,167.129,188.378,179.696,179.335,281.372,0.0831,0.0352,0.1337,0.5180,0.00,0.00,0.00,0.00
2713.00,180.000,180.000,170.000,175.000,178.603,176.165,163.139,165.974,179.137,176.366,163.276,167.136,188.380,179.683,179.336,281.314,0.0831,0.0352,0.1337,0.5179,0.00,0.00,0.00,0.00
2714.00,180.000,180.000,170.000,175.000,178.606,176.166,163.140,165.981,179.140,176.367,163.277,167.143,188.383,179.671,179.337,281.264,0.0831,0.0352,0.1337,0.5177,0.00,0.00,0.00,0.00
2715.00,180.000,180.000,170.000,175.000,178.610,176.167,163.141,165.989,179.142,176.369,163.278,167.150,188.385,179.660,179.338,281.220,0.0831,0.0352,0.1337,0.5176,0.00,0.00,0.00,0.00
2716.00,180.000,180.000,170.000,175.000,178.613,176.169,163.141,165.997,179.145,176.370,163.278,167.157,188.388,179.650,179.339,281.181,0.0831,0.0352,0.1337,0.5175,0.00,0.00,0.00,0.00
2717.00,180.000,180.000,170.000,175.000,178.617,176.170,163.142,166.005,179.148,176.371,163.279,167.164,188.391,179.641,179.339,281.148,0.0831,0.0352,0.1337,0.5174,0.00,0.00,0.00,0.00
2718.00,180.000,180.000,170.000,175.000,178.621,176.171,163.143,166.012,179.151,176.372,163.280,167.171,188.393,179.633,179.340,281.119,0.0831,0.0352,0.1337,0.5174,0.00,0.00,0.00,0.00
2719.00,180.000,180.000,170.000,175.000,178.624,176.173,163.144,166.020,179.154,176.373,163.281,167.178,188.396,179.626,179.341,281.094,0.0831,0.0352,0.1337,0.5173,0.00,0.00,0.00,0.00
2720.00,180.000,180.000,170.000,175.000,178.628,176.174,163.145,166.028,179.156,176.374,163.281,167.185,188.399,179.620,179.342,281.072,0.0831,0.0353,0.1336,0.5172,0.00,0.00,0.00,0.00
2721.00,180.000,180.000,170.000,175.000,178.631,176.175,163.146,166.035,179.159,176.376,163.282,167.192,188.402,179.615,179.343,281.054,0.0831,0.0353,0.1336,0.5172,0.00,0.00,0.00,0.00
2722.00,180.000,180.000,170.000,175.000,178.635,176.177,163.147,166.043,179.162,176.377,163.283,167.199,188.405,179.610,179.344,281.038,0.0831,0.0353,0.1336,0.5171,0.00,0.00,0.00,0.00
2723.00,180.000,180.000,170.000,175.000,178.638,176.178,163.148,166.051,179.165,176.378,163.284,167.206,188.408,179.606,179.344,281.025,0.0831,0.0353,0.1336,0.5170,0.00,0.00,0.00,0.00
2724.00,180.000,180.000,170.000,175.000,178.642,176.179,163.149,166.058,179.168,176.379,163.284,167.213,188.411,179.602,179.345,281.013,0.0831,0.0353,0.1336,0.5168,0.00,0.00,0.00,0.00
2725.00,180.000,180.000,170.000,175.000,178.645,176.181,163.150,166.066,179.170,176.380,163.285,167.220,188.414,179.599,179.346,281.004,0.0831,0.0353,0.1336,0.5166,0.00,0.00,0.00,0.00
2726.00,180.000,180.000,170.000,175.000,178.649,176.182,163.151,166.074,179.173,176.381,163.286,167.227,188.417,179.596,179.347,280.997,0.0831,0.0354,0.1336,0.5164,0.00,0.00,0.00,0.00
2727.00,180.000,180.000,170.000,175.000,178.652,176.183,163.151,166.081,179.176,176.382,163.287,167.234,188.420,179.593,179.348,280.991,0.0830,0.0354,0.1335,0.5163,0.00,0.00,0.00,0.00
2728.00,180.000,180.000,170.000,175.000,178.656,176.185,163.152,166.089,179.179,176.383,163.287,167.241,188.423,179.591,179.349,280.986,0.0829,0.0354,0.1335,0.5162,0.00,0.00,0.00,0.00
2729.00,180.000,180.000,170.000,175.000,178.659,176.186,163.153,166.097,179.182,176.384,163.288,167.248,188.426,179.589,179.350,280.983,0.0829,0.0354,0.1334,0.5161,0.00,0.00,0.00,0.00
2730.00,180.000,180.000,170.000,175.000,178.663,176.187,163.154,166.104,179.184,176.385,163.289,167.255,188.429,179.588,179.350,280.981,0.0828,0.0354,0.1334,0.5160,0.00,0.00,0.00,0.00
2731.00,180.000,180.000,170.000,175.000,178.666,176.189,163.155,166.112,179.187,176.386,163.290,167.262,188.432,179.586,179.351,280.925,0.0827,0.0355,0.1334,0.5159,0.00,0.00,0.00,0.00
2732.00,180.000,180.000,170.000,175.000,178.670,176.190,163.156,166.120,179.190,176.387,163.290,167.269,188.435,179.585,179.352,280.877,0.0827,0.0355,0.1333,0.5159,0.00,0.00,0.00,0.00
2733.00,180.000,180.000,170.000,175.000,178.673,176.191,163.157,166.127,179.193,176.388,163.291,167.276,188.438,179.584,179.353,280.834,0.0827,0.0355,0.1333,0.5158,0.00,0.00,0.00,0.00
2734.00,180.000,180.000,170.000,175.000,178.676,176.192,163.158,166.135,179.196,176.389,163.292,167.283,188.441,179.583,179.354,280.797,0.0826,0.0355,0.1333,0.5158,0.00,0.00,0.00,0.00
2735.00,180.000,180.000,170.000,175.000,178.680,176.194,163.159,166.143,179.199,176.390,163.293,167.290,188.444,179.583,179.355,280.764,0.0826,0.0356,0.1333,0.5157,0.00,0.00,0.00,0.00
2736.00,180.000,180.000,170.000,175.000,178.683,176.195,163.159,166.150,179.202,176.391,163.294,167.297,188.448,179.583,179.356,280.736,0.0826,0.0356,0.1332,0.5156,0.00,0.00,0.00,0.00
2737.00,180.000,180.000,170.000,175.000,178.687,176.196,163.160,166.158,179.204,176.392,163.294,167.303,188.451,179.582,179.357,280.712,0.0825,0.0356,0.1332,0.5154,0.00,0.00,0.00,0.00
2738.00,180.000,180.000,170.000,175.000,178.690,176.198,163.161,166.166,179.207,176.393,163.295,167.310,188.454,179.582,179.358,280.691,0.0825,0.0356,0.1332,0.5152,0.00,0.00,0.00,0.00
2739.00,180.000,180.000,170.000,175.000,178.694,176.199,163.162,166.173,179.210,176.394,163.296,167.317,188.457,179.582,179.358,280.673,0.0825,0.0356,0.1332,0.5150,0.00,0.00,0.00,0.00
2740.00,180.000,180.000,170.000,175.000,178.697,176.200,163.163,166.181,179.213,176.395,163.297,167.324,188.460,179.582,179.359,280.658,0.0825,0.0356,0.1332,0.5149,0.00,0.00,0.00,0.00
2741.00,180.000,180.000,170.000,175.000,178.701,176.202,163.164,166.188,179.216,176.396,163.298,167.331,188.464,179.582,179.360,280.646,0.0825,0.0357,0.1332,0.5147,0.00,0.00,0.00,0.00
2742.00,180.000,180.000,170.000,175.000,178.704,176.203,163.165,166.196,179.219,176.397,163.298,167.338,188.467,179.583,179.361,280.635,0.0825,0.0357,0.1331,0.5146,0.00,0.00,0.00,0.00
2743.00,180.000,180.000,170.000,175.000,178.707,176.204,163.166,166.204,179.222,176.399,163.299,167.345,188.470,179.583,179.362,280.626,0.0825,0.0357,0.1331,0.5146,0.00,0.00,0.00,0.00
2744.00,180.000,180.000,170.000,175.000,178.711,176.205,163.167,166.211,179.225,176.400,163.300,167.351,188.473,179.583,179.363,280.619,0.0825,0.0357,0.1331,0.5145,0.00,0.00,0.00,0.00
2745.00,180.000,180.000,170.000,175.000,178.714,176.207,163.167,166.219,179.227,176.401,163.301,167.358,188.477,179.584,179.364,280.613,0.0825,0.0357,0.1331,0.5144,0.00,0.00,0.00,0.00
2746.00,180.000,180.000,170.000,175.000,178.718,176.208,163.168,166.226,179.230,176.402,163.302,167.365,188.480,179.584,179.365,280.609,0.0825,0.0357,0.1331,0.5144,0.00,0.00,0.00,0.00
2747.00,180.000,180.000,170.000,175.000,178.721,176.209,163.169,166.234,179.233,176.403,163.302,167.372,188.483,179.585,179.366,280.606,0.0825,0.0358,0.1331,0.5143,0.00,0.00,0.00,0.00
2748.00,180.000,180.000,170.000,175.000,178.724,176.211,163.170,166.242,179.236,176.404,163.303,167.379,188.486,179.585,179.366,280.604,0.0825,0.0358,0.1331,0.5143,0.00,0.00,0.00,0.00
2749.00,180.000,180.000,170.000,175.000,178.728,176.212,163.171,166.249,179.239,176.405,163.304,167.386,188.490,179.586,179.367,280.603,0.0825,0.0358,0.1331,0.5142,0.00,0.00,0.00,0.00
2750.00,180.000,180.000,170.000,175.000,178.731,176.213,163.172,166.257,179.242,176.406,163.305,167.393,188.493,179.587,179.368,280.603,0.0825,0.0358,0.1331,0.5140,0.00,0.00,0.00,0.00
2751.00,180.000,180.000,170.000,175.000,178.735,176.214,163.173,166.264,179.245,176.407,163.306,167.400,188.496,179.588,179.369,280.549,0.0825,0.0358,0.1331,0.5138,0.00,0.00,0.00,0.00
2752.00,180.000,180.000,170.000,175.000,178.738,176.216,163.174,166.272,179.248,176.408,163.306,167.407,188.499,179.588,179.370,280.502,0.0825,0.0358,0.1330,0.5136,0.00,0.00,0.00,0.00
2753.00,180.000,180.000,170.000,175.000,178.741,176.217,163.175,166.279,179.251,176.409,163.307,167.414,188.503,179.589,179.371,280.460,0.0825,0.0358,0.1330,0.5135,0.00,0.00,0.00,0.00
2754.00,180.000,180.000,170.000,175.000,178.745,176.218,163.175,166.287,179.254,176.410,163.308,167.421,188.506,179.590,179.372,280.424,0.0825,0.0359,0.1330,0.5133,0.00,0.00,0.00,0.00
2755.00,180.000,180.000,170.000,175.000,178.748,176.220,163.176,166.294,179.257,176.411,163.309,167.428,188.509,179.591,179.373,280.393,0.0825,0.0359,0.1330,0.5132,0.00,0.00,0.00,0.00
2756.00,180.000,180.000,170.000,175.000,178.752,176.221,163.177,166.302,179.260,176.412,163.310,167.434,188.512,179.592,179.374,280.366,0.0824,0.0359,0.1330,0.5131,0.00,0.00,0.00,0.00
2757.00,180.000,180.000,170.000,175.000,178.755,176.222,163.178,166.310,179.263,176.413,163.311,167.441,188.516,179.593,179.375,280.343,0.0824,0.0359,0.1330,0.5131,0.00,0.00,0.00,0.00
2758.00,180.000,180.000,170.000,175.000,178.758,176.223,163.179,166.317,179.266,176.414,163.311,167.448,188.519,179.593,179.376,280.322,0.0823,0.0359,0.1330,0.5130,0.00,0.00,0.00,0.00
2759.00,180.000,180.000,170.000,175.000,178.762,176.225,163.180,166.325,179.268,176.415,163.312,167.455,188.522,179.594,179.376,280.305,0.0822,0.0359,0.1330,0.5129,0.00,0.00,0.00,0.00
2760.00,180.000,180.000,170.000,175.000,178.765,176.226,163.181,166.332,179.271,176.416,163.313,167.462,188.526,179.595,179.377,280.291,0.0822,0.0359,0.1330,0.5129,0.00,0.00,0.00,0.00
2761.00,180.000,180.000,170.000,175.000,178.769,176.227,163.182,166.340,179.274,176.417,163.314,167.469,188.529,179.596,179.378,280.278,0.0821,0.0359,0.1330,0.5128,0.00,0.00,0.00,0.00
2762.00,180.000,180.000,170.000,175.000,178.772,176.228,163.183,166.347,179.277,176.418,163.315,167.475,188.532,179.597,179.379,280.268,0.0821,0.0359,0.1330,0.5128,0.00,0.00,0.00,0.00
2763.00,180.000,180.000,170.000,175.000,178.775,176.230,163.183,166.355,179.280,176.419,163.316,167.482,188.536,179.598,179.380,280.260,0.0820,0.0359,0.1330,0.5126,0.00,0.00,0.00,0.00
2764.00,180.000,180.000,170.000,175.000,178.779,176.231,163.184,166.362,179.283,176.420,163.316,167.489,188.539,179.599,179.381,280.253,0.0820,0.0360,0.1330,0.5124,0.00,0.00,0.00,0.00
2765.00,180.000,180.000,170.000,175.000,178.782,176.232,163.185,166.370,179.286,176.421,163.317,167.496,188.510,179.600,179.382,280.248,0.0820,0.0360,0.1330,0.5122,0.00,0.00,0.00,0.00
2766.00,180.000,180.000,170.000,175.000,178.785,176.234,163.186,166.377,179.289,176.422,163.318,167.503,188.485,179.601,179.383,280.244,0.0820,0.0360,0.1330,0.5121,0.00,0.00,0.00,0.00
2767.00,180.000,180.000,170.000,175.000,178.789,176.235,163.187,166.385,179.292,176.423,163.319,167.510,188.462,179.602,179.384,280.213,0.0819,0.0360,0.1330,0.5119,0.00,0.00,0.00,0.00
2768.00,180.000,180.000,170.000,175.000,178.792,176.236,163.188,166.392,179.295,176.425,163.320,167.516,188.441,179.603,179.385,280.160,0.0819,0.0360,0.1330,0.5118,0.00,0.00,0.00,0.00
2769.00,180.000,180.000,170.000,175.000,178.795,176.237,163.189,166.400,179.298,176.426,163.321,167.523,188.423,179.604,179.386,280.113,0.0819,0.0360,0.1330,0.5117,0.00,0.00,0.00,0.00
2770.00,180.000,180.000,170.000,175.000,178.799,176.239,163.190,166.407,179.300,176.427,163.322,167.530,188.407,179.605,179.387,280.073,0.0819,0.0360,0.1329,0.5116,0.00,0.00,0.00,0.00
2771.00,180.000,180.000,170.000,175.000,178.802,176.240,163.190,166.415,179.303,176.428,163.322,167.537,188.393,179.638,179.388,280.037,0.0819,0.0360,0.1329,0.5116,0.00,0.00,0.00,0.00
2772.00,180.000,180.000,170.000,175.000,178.805,176.241,163.191,166.422,179.306,176.429,163.323,167.543,188.380,179.668,179.388,280.006,0.0819,0.0360,0.1329,0.5115,0.00,0.00,0.00,0.00
2773.00,180.000,180.000,170.000,175.000,178.809,176.242,163.192,166.429,179.308,176.430,163.324,167.550,188.369,179.695,179.389,279.980,0.0819,0.0360,0.1329,0.5115,0.00,0.00,0.00,0.00
2774.00,180.000,180.000,170.000,175.000,178.812,176.244,163.193,166.437,179.311,176.431,163.325,167.557,188.359,179.720,179.390,279.957,0.0819,0.0360,0.1329,0.5114,0.00,0.00,0.00,0.00
2775.00,180.000,180.000,170.000,175.000,178.815,176.245,163.194,166.444,179.314,176.433,163.326,167.564,188.351,179.742,179.391,279.937,0.0819,0.0360,0.1329,0.5114,0.00,0.00,0.00,0.00
2776.00,180.000,180.000,170.000,175.000,178.819,176.246,163.195,166.452,179.316,176.434,163.327,167.570,188.343,179.763,179.392,279.920,0.0819,0.0360,0.1329,0.5113,0.00,0.00,0.00,0.00
2777.00,180.000,180.000,170.000,175.000,178.822,176.247,163.196,166.459,179.319,176.435,163.328,167.577,188.337,179.781,179.393,279.905,0.0819,0.0360,0.1329,0.5111,0.00,0.00,0.00,0.00
2778.00,180.000,180.000,170.000,175.000,178.825,176.249,163.197,166.467,179.321,176.437,163.328,167.584,188.331,179.798,179.394,279.893,0.0819,0.0360,0.1329,0.5109,0.00,0.00,0.00,0.00
2779.00,180.000,180.000,170.000,175.000,178.829,176.250,163.197,166.474,179.324,176.438,163.329,167.590,188.326,179.814,179.395,279.883,0.0819,0.0361,0.1329,0.5107,0.00,0.00,0.00,0.00
2780.00,180.000,180.000,170.000,175.000,178.832,176.251,163.198,166.482,179.326,176.440,163.330,167.597,188.322,179.812,179.396,279.875,0.0819,0.0357,0.1329,0.5105,0.00,0.00,0.00,0.00
2781.00,180.000,180.000,170.000,175.000,178.835,176.252,163.199,166.489,179.329,176.441,163.331,167.604,188.319,179.794,179.397,279.868,0.0819,0.0355,0.1329,0.5104,0.00,0.00,0.00,0.00
2782.00,180.000,180.000,170.000,175.000,178.838,176.254,163.200,166.496,179.332,176.442,163.332,167.611,188.316,179.779,179.398,279.863,0.0819,0.0352,0.1329,0.5103,0.00,0.00,0.00,0.00
2783.00,180.000,180.000,170.000,175.000,178.842,176.255,163.201,166.504,179.334,176.444,163.333,167.617,188.314,179.765,179.399,279.859,0.0819,0.0351,0.1329,0.5102,0.00,0.00,0.00,0.00
2784.00,180.000,180.000,170.000,175.000,178.845,176.256,163.202,166.511,179.337,176.445,163.334,167.624,188.312,179.752,179.400,279.856,0.0819,0.0350,0.1329,0.5102,0.00,0.00,0.00,0.00
2785.00,180.000,180.000,170.000,175.000,178.848,176.257,163.203,166.519,179.339,176.446,163.335,167.631,188.311,179.741,179.401,279.854,0.0819,0.0349,0.1329,0.5101,0.00,0.00,0.00,0.00
2786.00,180.000,180.000,170.000,175.000,178.852,176.259,163.204,166.526,179.342,176.448,163.336,167.638,188.310,179.731,179.402,279.853,0.0818,0.0348,0.1329,0.5101,0.00,0.00,0.00,0.00
2787.00,180.000,180.000,170.000,175.000,178.855,176.260,163.204,166.533,179.344,176.449,163.336,167.644,188.310,179.722,179.403,279.853,0.0818,0.0347,0.1329,0.5100,0.00,0.00,0.00,0.00
2788.00,180.000,180.000,170.000,175.000,178.858,176.261,163.205,166.541,179.347,176.450,163.337,167.651,188.309,179.714,179.404,279.800,0.0817,0.0347,0.1329,0.5100,0.00,0.00,0.00,0.00
2789.00,180.000,180.000,170.000,175.000,178.861,176.262,163.206,166.548,179.349,176.451,163.338,167.658,188.310,179.707,179.405,279.752,0.0816,0.0347,0.1329,0.5099,0.00,0.00,0.00,0.00
2790.00,180.000,180.000,170.000,175.000,178.865,176.264,163.207,166.556,179.352,176.453,163.339,167.665,188.310,179.701,179.406,279.711,0.0816,0.0346,0.1329,0.5097,0.00,0.00,0.00,0.00
2791.00,180.000,180.000,170.000,175.000,178.868,176.265,163.208,166.563,179.354,176.454,163.340,167.671,188.311,179.695,179.407,279.675,0.0815,0.0346,0.1329,0.5095,0.00,0.00,0.00,0.00
2792.00,180.000,180.000,170.000,175.000,178.871,176.266,163.209,166.570,179.357,176.455,163.341,167.678,188.311,179.691,179.408,279.644,0.0815,0.0346,0.1329,0.5093,0.00,0.00,0.00,0.00
2793.00,180.000,180.000,170.000,175.000,178.874,176.267,163.210,166.578,179.359,176.456,163.342,167.685,188.312,179.686,179.409,279.617,0.0814,0.0346,0.1329,0.5091,0.00,0.00,0.00,0.00
2794.00,180.000,180.000,170.000,175.000,178.878,176.269,163.211,166.585,179.362,176.457,163.343,167.691,188.314,179.682,179.410,279.593,0.0814,0.0346,0.1329,0.5090,0.00,0.00,0.00,0.00
2795.00,180.000,180.000,170.000,175.000,178.881,176.270,163.212,166.592,179.364,176.459,163.344,167.698,188.315,179.679,179.411,279.573,0.0814,0.0347,0.1329,0.5089,0.00,0.00,0.00,0.00
2796.00,180.000,180.000,170.000,175.000,178.884,176.271,163.212,166.600,179.367,176.460,163.345,167.705,188.317,179.676,179.412,279.556,0.0814,0.0347,0.1329,0.5088,0.00,0.00,0.00,0.00
2797.00,180.000,180.000,170.000,175.000,178.887,176.272,163.213,166.607,179.369,176.461,163.345,167.711,188.318,179.674,179.413,279.541,0.0813,0.0347,0.1329,0.5087,0.00,0.00,0.00,0.00
2798.00,180.000,180.000,170.000,175.000,178.890,176.274,163.214,166.615,179.372,176.462,163.346,167.718,188.320,179.671,179.414,279.529,0.0813,0.0347,0.1329,0.5087,0.00,0.00,0.00,0.00
2799.00,180.000,180.000,170.000,175.000,178.894,176.275,163.215,166.622,179.374,176.463,163.347,167.725,188.322,179.670,179.415,279.519,0.0813,0.0347,0.1329,0.5086,0.00,0.00,0.00,0.00
2800.00,180.000,180.000,170.000,175.000,178.897,176.276,163.216,166.629,179.377,176.464,163.348,167.731,188.324,179.668,179.416,279.510,0.0813,0.0347,0.1329,0.5086,0.00,0.00,0.00,0.00
2801.00,180.000,180.000,170.000,175.000,178.900,176.277,163.217,166.637,179.380,176.466,163.349,167.738,188.326,179.667,179.417,279.503,0.0813,0.0348,0.1329,0.5085,0.00,0.00,0.00,0.00
2802.00,180.000,180.000,170.000,175.000,178.903,176.279,163.218,166.644,179.382,176.467,163.350,167.745,188.328,179.666,179.418,279.498,0.0813,0.0348,0.1329,0.5085,0.00,0.00,0.00,0.00
2803.00,180.000,180.000,170.000,175.000,178.906,176.280,163.219,166.651,179.385,176.468,163.351,167.751,188.330,179.665,179.419,279.494,0.0813,0.0348,0.1329,0.5084,0.00,0.00,0.00,0.00
2804.00,180.000,180.000,170.000,175.000,178.910,176.281,163.219,166.659,179.387,176.469,163.352,167.758,188.333,179.664,179.420,279.491,0.0813,0.0348,0.1329,0.5082,0.00,0.00,0.00,0.00
2805.00,180.000,180.000,170.000,175.000,178.913,176.282,163.220,166.666,179.390,176.470,163.353,167.765,188.335,179.664,179.421,279.489,0.0813,0.0348,0.1329,0.5080,0.00,0.00,0.00,0.00
2806.00,180.000,180.000,170.000,175.000,178.916,176.284,163.221,166.673,179.392,176.471,163.354,167.771,188.338,179.663,179.421,279.433,0.0813,0.0349,0.1329,0.5078,0.00,0.00,0.00,0.00
2807.00,180.000,180.000,170.000,175.000,178.919,176.285,163.222,166.680,179.395,176.472,163.355,167.778,188.340,179.663,179.422,279.385,0.0813,0.0349,0.1328,0.5077,0.00,0.00,0.00,0.00
2808.00,180.000,180.000,170.000,175.000,178.922,176.286,163.223,166.688,179.397,176.474,163.356,167.785,188.343,179.663,179.423,279.342,0.0813,0.0349,0.1328,0.5075,0.00,0.00,0.00,0.00
2809.00,180.000,180.000,170.000,175.000,178.925,176.287,163.224,166.695,179.400,176.475,163.357,167.791,188.345,179.663,179.425,279.305,0.0813,0.0349,0.1328,0.5074,0.00,0.00,0.00,0.00
2810.00,180.000,180.000,170.000,175.000,178.929,176.289,163.225,166.702,179.402,176.476,163.358,167.798,188.348,179.663,179.426,279.273,0.0813,0.0349,0.1328,0.5074,0.00,0.00,0.00,0.00
2811.00,180.000,180.000,170.000,175.000,178.932,176.290,163.226,166.710,179.405,176.477,163.358,167.804,188.350,179.663,179.427,279.245,0.0813,0.0350,0.1328,0.5073,0.00,0.00,0.00,0.00
2812.00,180.000,180.000,170.000,175.000,178.935,176.291,163.227,166.717,179.408,176.478,163.359,167.811,188.353,179.664,179.428,279.220,0.0813,0.0350,0.1328,0.5072,0.00,0.00,0.00,0.00
2813.00,180.000,180.000,170.000,175.000,178.938,176.292,163.227,166.724,179.410,176.479,163.360,167.818,188.356,179.664,179.429,279.199,0.0813,0.0350,0.1328,0.5072,0.00,0.00,0.00,0.00
2814.00,180.000,180.000,170.000,175.000,178.941,176.294,163.228,166.731,179.413,176.480,163.361,167.824,188.359,179.665,179.430,279.181,0.0813,0.0350,0.1328,0.5071,0.00,0.00,0.00,0.00
2815.00,180.000,180.000,170.000,175.000,178.944,176.295,163.229,166.739,179.415,176.481,163.362,167.831,188.361,179.665,179.431,279.166,0.0813,0.0350,0.1328,0.5071,0.00,0.00,0.00,0.00
2816.00,180.000,180.000,170.000,175.000,178.947,176.296,163.230,166.746,179.418,176.483,163.363,167.837,188.364,179.666,179.432,279.153,0.0813,0.0351,0.1328,0.5070,0.00,0.00,0.00,0.00
2817.00,180.000,180.000,170.000,175.000,178.951,176.297,163.231,166.753,179.421,176.484,163.364,167.844,188.367,179.666,179.433,279.142,0.0813,0.0351,0.1328,0.5069,0.00,0.00,0.00,0.00
2818.00,180.000,180.000,170.000,175.000,178.954,176.299,163.232,166.761,179.423,176.485,163.365,167.850,188.370,179.667,179.434,279.133,0.0812,0.0351,0.1328,0.5067,0.00,0.00,0.00,0.00
2819.00,180.000,180.000,170.000,175.000,178.957,176.300,163.233,166.768,179.426,176.486,163.366,167.857,188.373,179.668,179.435,279.126,0.0811,0.0351,0.1328,0.5065,0.00,0.00,0.00,0.00
2820.00,180.000,180.000,170.000,175.000,178.960,176.301,163.234,166.775,179.428,176.487,163.367,167.863,188.375,179.669,179.436,279.120,0.0810,0.0351,0.1328,0.5063,0.00,0.00,0.00,0.00
2821.00,180.000,180.000,170.000,175.000,178.963,176.302,163.234,166.782,179.431,176.488,163.368,167.870,188.378,179.669,179.437,279.116,0.0810,0.0351,0.1328,0.5062,0.00,0.00,0.00,0.00
2822.00,180.000,180.000,170.000,175.000,178.966,176.304,163.235,166.790,179.434,176.489,163.369,167.877,188.381,179.670,179.438,279.113,0.0809,0.0352,0.1328,0.5061,0.00,0.00,0.00,0.00
2823.00,180.000,180.000,170.000,175.000,178.969,176.305,163.236,166.797,179.436,176.491,163.370,167.883,188.384,179.671,179.439,279.110,0.0809,0.0352,0.1328,0.5060,0.00,0.00,0.00,0.00
2824.00,180.000,180.000,170.000,175.000,178.972,176.306,163.237,166.804,179.439,176.492,163.371,167.890,188.387,179.672,179.440,279.054,0.0808,0.0352,0.1328,0.5059,0.00,0.00,0.00,0.00
2825.00,180.000,180.000,170.000,175.000,178.975,176.307,163.238,166.811,179.441,176.493,163.372,167.896,188.390,179.673,179.441,279.006,0.0808,0.0352,0.1328,0.5058,0.00,0.00,0.00,0.00
2826.00,180.000,180.000,170.000,175.000,178.979,176.309,163.239,166.818,179.444,176.494,163.373,167.903,188.393,179.674,179.442,278.963,0.0808,0.0352,0.1328,0.5058,0.00,0.00,0.00,0.00
2827.00,180.000,180.000,170.000,175.000,178.982,176.310,163.240,166.826,179.447,176.495,163.374,167.909,188.396,179.675,179.443,278.925,0.0808,0.0352,0.1328,0.5057,0.00,0.00,0.00,0.00
2828.00,180.000,180.000,170.000,175.000,178.985,176.311,163.241,166.833,179.449,176.496,163.375,167.916,188.399,179.676,179.444,278.893,0.0807,0.0352,0.1328,0.5057,0.00,0.00,0.00,0.00
2829.00,180.000,180.000,170.000,175.000,178.988,176.312,163.242,166.840,179.452,176.497,163.376,167.922,188.402,179.677,179.445,278.865,0.0807,0.0353,0.1328,0.5056,0.00,0.00,0.00,0.00
2830.00,180.000,180.000,170.000,175.000,178.991,176.313,163.243,166.847,179.455,176.499,163.377,167.929,188.405,179.678,179.446,278.840,0.0807,0.0353,0.1328,0.5056,0.00,0.00,0.00,0.00
2831.00,180.000,180.000,170.000,175.000,178.994,176.315,163.243,166.854,179.457,176.500,163.378,167.935,188.408,179.679,179.447,278.819,0.0807,0.0353,0.1328,0.5054,0.00,0.00,0.00,0.00
2832.00,180.000,180.000,170.000,175.000,178.997,176.316,163.244,166.862,179.460,176.501,163.379,167.941,188.411,179.680,179.448,278.801,0.0807,0.0353,0.1328,0.5052,0.00,0.00,0.00,0.00
2833.00,180.000,180.000,170.000,175.000,179.000,176.317,163.245,166.869,179.463,176.502,163.380,167.948,188.414,179.681,179.449,278.785,0.0807,0.0353,0.1328,0.5050,0.00,0.00,0.00,0.00
2834.00,180.000,180.000,170.000,175.000,179.003,176.318,163.246,166.876,179.465,176.503,163.381,167.954,188.417,179.682,179.450,278.772,0.0807,0.0353,0.1328,0.5048,0.00,0.00,0.00,0.00
2835.00,180.000,180.000,170.000,175.000,179.006,176.320,163.247,166.883,179.468,176.504,163.382,167.961,188.420,179.683,179.451,278.761,0.0807,0.0353,0.1328,0.5047,0.00,0.00,0.00,0.00
2836.00,180.000,180.000,170.000,175.000,179.009,176.321,163.248,166.890,179.471,176.506,163.383,167.967,188.423,179.684,179.452,278.752,0.0807,0.0353,0.1328,0.5046,0.00,0.00,0.00,0.00
2837.00,180.000,180.000,170.000,175.000,179.012,176.322,163.249,166.898,179.473,176.507,163.384,167.974,188.426,179.685,179.453,278.745,0.0807,0.0353,0.1328,0.5045,0.00,0.00,0.00,0.00
2838.00,180.000,180.000,170.000,175.000,179.016,176.323,163.250,166.905,179.476,176.508,163.385,167.980,188.429,179.687,179.454,278.739,0.0807,0.0354,0.1328,0.5044,0.00,0.00,0.00,0.00
2839.00,180.000,180.000,170.000,175.000,179.019,176.325,163.251,166.912,179.479,176.509,163.386,167.987,188.432,179.688,179.455,278.734,0.0807,0.0354,0.1327,0.5044,0.00,0.00,0.00,0.00
2840.00,180.000,180.000,170.000,175.000,179.022,176.326,163.251,166.919,179.481,176.510,163.387,167.993,188.435,179.689,179.456,278.731,0.0807,0.0354,0.1327,0.5043,0.00,0.00,0.00,0.00
2841.00,180.000,180.000,170.000,175.000,179.025,176.327,163.252,166.926,179.484,176.511,163.388,168.000,188.438,179.690,179.457,278.728,0.0807,0.0354,0.1326,0.5043,0.00,0.00,0.00,0.00
2842.00,180.000,180.000,170.000,175.000,179.028,176.328,163.253,166.933,179.487,176.513,163.389,168.006,188.441,179.691,179.458,278.727,0.0807,0.0354,0.1326,0.5042,0.00,0.00,0.00,0.00
2843.00,180.000,180.000,170.000,175.000,179.031,176.329,163.254,166.940,179.489,176.514,163.390,168.013,188.444,179.692,179.459,278.726,0.0807,0.0354,0.1325,0.5042,0.00,0.00,0.00,0.00
2844.00,180.000,180.000,170.000,175.000,179.034,176.331,163.255,166.948,179.492,176.515,163.391,168.019,188.447,179.693,179.460,278.726,0.0807,0.0354,0.1325,0.5041,0.00,0.00,0.00,0.00
2845.00,180.000,180.000,170.000,175.000,179.037,176.332,163.256,166.955,179.495,176.516,163.392,168.026,188.450,179.694,179.462,278.727,0.0807,0.0354,0.1325,0.5039,0.00,0.00,0.00,0.00
2846.00,180.000,180.000,170.000,175.000,179.040,176.333,163.257,166.962,179.497,176.517,163.393,168.032,188.453,179.696,179.463,278.674,0.0807,0.0354,0.1325,0.5037,0.00,0.00,0.00,0.00
2847.00,180.000,180.000,170.000,175.000,179.043,176.334,163.258,166.969,179.500,176.518,163.394,168.039,188.456,179.697,179.464,278.628,0.0807,0.0354,0.1324,0.5035,0.00,0.00,0.00,0.00
2848.00,180.000,180.000,170.000,175.000,179.046,176.336,163.259,166.976,179.503,176.520,163.395,168.045,188.459,179.698,179.465,278.587,0.0807,0.0354,0.1324,0.5034,0.00,0.00,0.00,0.00
2849.00,180.000,180.000,170.000,175.000,179.049,176.337,163.260,166.983,179.506,176.521,163.396,168.052,188.462,179.699,179.466,278.551,0.0807,0.0354,0.1324,0.5033,0.00,0.00,0.00,0.00
2850.00,180.000,180.000,170.000,175.000,179.052,176.338,163.260,166.990,179.508,176.522,163.397,168.058,188.465,179.700,179.467,278.521,0.0806,0.0354,0.1324,0.5032,0.00,0.00,0.00,0.00
2851.00,180.000,180.000,170.000,175.000,179.055,176.339,163.261,166.997,179.511,176.523,163.398,168.065,188.468,179.701,179.468,278.494,0.0805,0.0355,0.1323,0.5031,0.00,0.00,0.00,0.00
2852.00,180.000,180.000,170.000,175.000,179.058,176.340,163.262,167.004,179.514,176.524,163.399,168.071,188.471,179.703,179.469,278.471,0.0805,0.0355,0.1323,0.5030,0.00,0.00,0.00,0.00
2853.00,180.000,180.000,170.000,175.000,179.061,176.342,163.263,167.012,179.517,176.525,163.400,168.078,188.475,179.704,179.470,278.451,0.0804,0.0355,0.1323,0.5029,0.00,0.00,0.00,0.00
2854.00,180.000,180.000,170.000,175.000,179.064,176.343,163.264,167.019,179.519,176.527,163.401,168.084,188.478,179.705,179.471,278.433,0.0803,0.0355,0.1323,0.5029,0.00,0.00,0.00,0.00
2855.00,180.000,180.000,170.000,175.000,179.067,176.344,163.265,167.026,179.522,176.528,163.402,168.090,188.481,179.706,179.472,278.419,0.0803,0.0355,0.1323,0.5028,0.00,0.00,0.00,0.00
2856.00,180.000,180.000,170.000,175.000,179.070,176.345,163.266,167.033,179.525,176.529,163.403,168.097,188.484,179.707,179.473,278.407,0.0803,0.0355,0.1323,0.5028,0.00,0.00,0.00,0.00
2857.00,180.000,180.000,170.000,175.000,179.073,176.347,163.267,167.040,179.528,176.530,163.404,168.103,188.487,179.708,179.474,278.396,0.0802,0.0355,0.1323,0.5027,0.00,0.00,0.00,0.00
2858.00,180.000,180.000,170.000,175.000,179.076,176.348,163.268,167.047,179.530,176.531,163.405,168.110,188.490,179.710,179.475,278.388,0.0802,0.0355,0.1323,0.5027,0.00,0.00,0.00,0.00
2859.00,180.000,180.000,170.000,175.000,179.079,176.349,163.269,167.054,179.533,176.533,163.406,168.116,188.493,179.711,179.476,278.381,0.0802,0.0355,0.1322,0.5025,0.00,0.00,0.00,0.00
2860.00,180.000,180.000,170.000,175.000,179.082,176.350,163.270,167.061,179.536,176.534,163.407,168.122,188.496,179.712,179.478,278.376,0.0801,0.0354,0.1322,0.5023,0.00,0.00,0.00,0.00
2861.00,180.000,180.000,170.000,175.000,179.085,176.351,163.271,167.068,179.539,176.535,163.408,168.129,188.499,179.713,179.479,278.371,0.0801,0.0351,0.1322,0.5021,0.00,0.00,0.00,0.00
2862.00,180.000,180.000,170.000,175.000,179.088,176.353,163.271,167.075,179.541,176.536,163.409,168.135,188.503,179.714,179.480,278.340,0.0801,0.0348,0.1322,0.5020,0.00,0.00,0.00,0.00
2863.00,180.000,180.000,170.000,175.000,179.091,176.354,163.272,167.082,179.544,176.537,163.410,168.142,188.506,179.716,179.481,278.287,0.0801,0.0346,0.1322,0.5018,0.00,0.00,0.00,0.00
2864.00,180.000,180.000,170.000,175.000,179.094,176.355,163.273,167.089,179.547,176.539,163.411,168.148,188.509,179.717,179.482,278.240,0.0801,0.0345,0.1322,0.5017,0.00,0.00,0.00,0.00
2865.00,180.000,180.000,170.000,175.000,179.097,176.356,163.274,167.096,179.550,176.540,163.412,168.154,188.512,179.718,179.483,278.199,0.0801,0.0344,0.1322,0.5016,0.00,0.00,0.00,0.00
2866.00,180.000,180.000,170.000,175.000,179.100,176.358,163.275,167.103,179.553,176.541,163.413,168.161,188.515,179.719,179.484,278.163,0.0801,0.0343,0.1322,0.5015,0.00,0.00,0.00,0.00
2867.00,180.000,180.000,170.000,175.000,179.104,176.359,163.276,167.110,179.555,176.542,163.414,168.167,188.518,179.720,179.485,278.132,0.0801,0.0342,0.1322,0.5015,0.00,0.00,0.00,0.00
2868.00,180.000,180.000,170.000,175.000,179.107,176.360,163.277,167.118,179.558,176.543,163.415,168.173,188.521,179.722,179.486,278.105,0.0801,0.0342,0.1322,0.5014,0.00,0.00,0.00,0.00
2869.00,180.000,180.000,170.000,175.000,179.110,176.361,163.278,167.125,179.561,176.545,163.416,168.179,188.525,179.723,179.487,278.082,0.0801,0.0341,0.1322,0.5014,0.00,0.00,0.00,0.00
2870.00,180.000,180.000,170.000,175.000,179.113,176.362,163.279,167.132,179.564,176.546,163.417,168.186,188.528,179.724,179.488,278.062,0.0801,0.0341,0.1322,0.5013,0.00,0.00,0.00,0.00
2871.00,180.000,180.000,170.000,175.000,179.116,176.364,163.280,167.139,179.567,176.547,163.418,168.192,188.531,179.725,179.489,278.044,0.0801,0.0341,0.1322,0.5013,0.00,0.00,0.00,0.00
2872.00,180.000,180.000,170.000,175.000,179.119,176.365,163.281,167.146,179.569,176.548,163.419,168.198,188.534,179.727,179.491,278.030,0.0801,0.0341,0.1322,0.5012,0.00,0.00,0.00,0.00
2873.00,180.000,180.000,170.000,175.000,179.122,176.366,163.282,167.153,179.572,176.549,163.420,168.204,188.537,179.728,179.492,278.017,0.0801,0.0341,0.1321,0.5011,0.00,0.00,0.00,0.00
2874.00,180.000,180.000,170.000,175.000,179.125,176.367,163.282,167.160,179.575,176.551,163.422,168.211,188.540,179.729,179.493,278.007,0.0801,0.0341,0.1321,0.5009,0.00,0.00,0.00,0.00
2875.00,180.000,180.000,170.000,175.000,179.128,176.369,163.283,167.167,179.578,176.552,163.423,168.217,188.543,179.730,179.494,277.998,0.0801,0.0341,0.1321,0.5007,0.00,0.00,0.00,0.00
2876.00,180.000,180.000,170.000,175.000,179.131,176.370,163.284,167.174,179.581,176.553,163.424,168.223,188.547,179.731,179.495,277.991,0.0801,0.0341,0.1321,0.5005,0.00,0.00,0.00,0.00
2877.00,180.000,180.000,170.000,175.000,179.134,176.371,163.285,167.181,179.584,176.554,163.425,168.230,188.550,179.733,179.496,277.985,0.0801,0.0341,0.1321,0.5004,0.00,0.00,0.00,0.00
2878.00,180.000,180.000,170.000,175.000,179.137,176.372,163.286,167.188,179.586,176.555,163.426,168.236,188.553,179.734,179.497,277.981,0.0801,0.0341,0.1321,0.5003,0.00,0.00,0.00,0.00
2879.00,180.000,180.000,170.000,175.000,179.140,176.373,163.287,167.195,179.589,176.557,163.427,168.242,188.556,179.735,179.498,277.978,0.0801,0.0341,0.1321,0.5002,0.00,0.00,0.00,0.00
2880.00,180.000,180.000,170.000,175.000,179.143,176.375,163.288,167.201,179.592,176.558,163.428,168.249,188.559,179.736,179.499,277.976,0.0801,0.0342,0.1321,0.5001,0.00,0.00,0.00,0.00
2881.00,180.000,180.000,170.000,175.000,179.146,176.376,163.289,167.208,179.595,176.559,163.429,168.255,188.563,179.738,179.500,277.974,0.0801,0.0342,0.1321,0.5000,0.00,0.00,0.00,0.00
2882.00,180.000,180.000,170.000,175.000,179.148,176.377,163.290,167.215,179.598,176.560,163.430,168.261,188.566,179.739,179.502,277.946,0.0801,0.0342,0.1321,0.5000,0.00,0.00,0.00,0.00
2883.00,180.000,180.000,170.000,175.000,179.151,176.378,163.291,167.222,179.601,176.562,163.431,168.268,188.569,179.740,179.503,277.895,0.0800,0.0342,0.1321,0.4999,0.00,0.00,0.00,0.00
2884.00,180.000,180.000,170.000,175.000,179.154,176.380,163.292,167.229,179.604,176.563,163.432,168.274,188.556,179.741,179.504,277.850,0.0800,0.0342,0.1321,0.4999,0.00,0.00,0.00,0.00
2885.00,180.000,180.000,170.000,175.000,179.157,176.381,163.293,167.236,179.606,176.564,163.433,168.280,188.528,179.743,179.505,277.811,0.0799,0.0343,0.1321,0.4998,0.00,0.00,0.00,0.00
2886.00,180.000,180.000,170.000,175.000,179.160,176.382,163.294,167.243,179.609,176.565,163.434,168.286,188.504,179.744,179.506,277.776,0.0798,0.0343,0.1321,0.4998,0.00,0.00,0.00,0.00
2887.00,180.000,180.000,170.000,175.000,179.163,176.383,163.295,167.250,179.612,176.566,163.435,168.293,188.482,179.745,179.507,277.747,0.0798,0.0343,0.1321,0.4997,0.00,0.00,0.00,0.00
2888.00,180.000,180.000,170.000,175.000,179.166,176.384,163.296,167.257,179.615,176.568,163.437,168.299,188.463,179.746,179.508,277.721,0.0797,0.0343,0.1321,0.4995,0.00,0.00,0.00,0.00
2889.00,180.000,180.000,170.000,175.000,179.169,176.386,163.296,167.264,179.617,176.569,163.438,168.305,188.446,179.747,179.509,277.699,0.0797,0.0343,0.1321,0.4993,0.00,0.00,0.00,0.00
2890.00,180.000,180.000,170.000,175.000,179.172,176.387,163.297,167.271,179.620,176.570,163.439,168.311,188.430,179.749,179.510,277.679,0.0796,0.0344,0.1321,0.4991,0.00,0.00,0.00,0.00
2891.00,180.000,180.000,170.000,175.000,179.175,176.388,163.298,167.278,179.622,176.571,163.440,168.317,188.417,179.750,179.512,277.663,0.0796,0.0344,0.1321,0.4990,0.00,0.00,0.00,0.00
2892.00,180.000,180.000,170.000,175.000,179.178,176.389,163.299,167.285,179.625,176.573,163.441,168.324,188.405,179.751,179.513,277.649,0.0796,0.0344,0.1321,0.4989,0.00,0.00,0.00,0.00
2893.00,180.000,180.000,170.000,175.000,179.181,176.391,163.300,167.292,179.628,176.574,163.442,168.330,188.394,179.752,179.514,277.637,0.0795,0.0344,0.1321,0.4988,0.00,0.00,0.00,0.00
2894.00,180.000,180.000,170.000,175.000,179.184,176.392,163.301,167.299,179.630,176.575,163.443,168.336,188.385,179.754,179.515,277.627,0.0795,0.0344,0.1321,0.4987,0.00,0.00,0.00,0.00
2895.00,180.000,180.000,170.000,175.000,179.187,176.393,163.302,167.306,179.633,176.576,163.444,168.342,188.377,179.755,179.516,277.619,0.0795,0.0345,0.1321,0.4986,0.00,0.00,0.00,0.00
2896.00,180.000,180.000,170.000,175.000,179.190,176.394,163.303,167.312,179.635,176.578,163.445,168.348,188.370,179.756,179.517,277.612,0.0795,0.0345,0.1321,0.4985,0.00,0.00,0.00,0.00
2897.00,180.000,180.000,170.000,175.000,179.193,176.395,163.304,167.319,179.637,176.579,163.446,168.355,188.364,179.758,179.518,277.607,0.0795,0.0345,0.1321,0.4985,0.00,0.00,0.00,0.00
2898.00,180.000,180.000,170.000,175.000,179.196,176.397,163.305,167.326,179.640,176.580,163.447,168.361,188.358,179.759,179.519,277.603,0.0795,0.0345,0.1321,0.4984,0.00,0.00,0.00,0.00
2899.00,180.000,180.000,170.000,175.000,179.199,176.398,163.306,167.333,179.642,176.581,163.449,168.367,188.354,179.760,179.521,277.600,0.0795,0.0345,0.1321,0.4984,0.00,0.00,0.00,0.00
2900.00,180.000,180.000,170.000,175.000,179.202,176.399,163.307,167.340,179.645,176.583,163.450,168.374,188.350,179.761,179.522,277.598,0.0795,0.0345,0.1321,0.4984,0.00,0.00,0.00,0.00
2901.00,180.000,180.000,170.000,175.000,179.205,176.400,163.308,167.347,179.647,176.584,163.451,168.380,188.347,179.763,179.523,277.597,0.0795,0.0346,0.1321,0.4983,0.00,0.00,0.00,0.00
2902.00,180.000,180.000,170.000,175.000,179.208,176.401,163.309,167.354,179.650,176.585,163.452,168.386,188.344,179.764,179.524,277.597,0.0795,0.0346,0.1320,0.4981,0.00,0.00,0.00,0.00
2903.00,180.000,180.000,170.000,175.000,179.211,176.403,163.310,167.361,179.652,176.586,163.453,168.392,188.342,179.765,179.525,277.569,0.0794,0.0346,0.1320,0.4979,0.00,0.00,0.00,0.00
2904.00,180.000,180.000,170.000,175.000,179.214,176.404,163.311,167.367,179.654,176.588,163.454,168.399,188.340,179.766,179.526,277.519,0.0794,0.0346,0.1320,0.4977,0.00,0.00,0.00,0.00
2905.00,180.000,180.000,170.000,175.000,179.217,176.405,163.312,167.374,179.657,176.589,163.455,168.405,188.339,179.768,179.527,277.475,0.0794,0.0346,0.1320,0.4976,0.00,0.00,0.00,0.00
2906.00,180.000,180.000,170.000,175.000,179.220,176.406,163.313,167.381,179.659,176.590,163.456,168.411,188.338,179.769,179.529,277.436,0.0794,0.0346,0.1320,0.4975,0.00,0.00,0.00,0.00
2907.00,180.000,180.000,170.000,175.000,179.223,176.408,163.314,167.388,179.662,176.591,163.457,168.417,188.338,179.770,179.530,277.403,0.0794,0.0347,0.1320,0.4974,0.00,0.00,0.00,0.00
2908.00,180.000,180.000,170.000,175.000,179.226,176.409,163.314,167.395,179.664,176.593,163.458,168.424,188.337,179.771,179.531,277.373,0.0794,0.0347,0.1320,0.4973,0.00,0.00,0.00,0.00
2909.00,180.000,180.000,170.000,175.000,179.228,176.410,163.315,167.402,179.666,176.594,163.460,168.430,188.338,179.773,179.532,277.348,0.0795,0.0347,0.1320,0.4972,0.00,0.00,0.00,0.00
2910.00,180.000,180.000,170.000,175.000,179.231,176.411,163.316,167.409,179.669,176.595,163.461,168.436,188.338,179.774,179.533,277.326,0.0795,0.0347,0.1320,0.4971,0.00,0.00,0.00,0.00
2911.00,180.000,180.000,170.000,175.000,179.234,176.413,163.317,167.415,179.671,176.597,163.462,168.442,188.338,179.775,179.534,277.307,0.0795,0.0347,0.1320,0.4971,0.00,0.00,0.00,0.00
2912.00,180.000,180.000,170.000,175.000,179.237,176.414,163.318,167.422,179.674,176.598,163.463,168.448,188.339,179.777,179.535,277.291,0.0795,0.0347,0.1320,0.4970,0.00,0.00,0.00,0.00
2913.00,180.000,180.000,170.000,175.000,179.240,176.415,163.319,167.429,179.676,176.599,163.464,168.454,188.340,179.778,179.537,277.277,0.0795,0.0347,0.1320,0.4970,0.00,0.00,0.00,0.00
2914.00,180.000,180.000,170.000,175.000,179.243,176.416,163.320,167.436,179.678,176.600,163.465,168.460,188.341,179.779,179.538,277.265,0.0795,0.0347,0.1320,0.4969,0.00,0.00,0.00,0.00
2915.00,180.000,180.000,170.000,175.000,179.246,176.417,163.321,167.443,179.681,176.602,163.466,168.466,188.343,179.780,179.539,277.256,0.0795,0.0348,0.1320,0.4969,0.00,0.00,0.00,0.00
2916.00,180.000,180.000,170.000,175.000,179.249,176.419,163.322,167.450,179.683,176.603,163.467,168.473,188.344,179.782,179.540,277.248,0.0795,0.0348,0.1320,0.4969,0.00,0.00,0.00,0.00
2917.00,180.000,180.000,170.000,175.000,179.252,176.420,163.323,167.456,179.686,176.604,163.469,168.479,188.346,179.783,179.541,277.241,0.0794,0.0348,0.1320,0.4966,0.00,0.00,0.00,0.00
2918.00,180.000,180.000,170.000,175.000,179.255,176.421,163.324,167.463,179.688,176.605,163.470,168.485,188.347,179.784,179.542,277.236,0.0793,0.0348,0.1320,0.4964,0.00,0.00,0.00,0.00
2919.00,180.000,180.000,170.000,175.000,179.257,176.422,163.325,167.470,179.691,176.607,163.471,168.491,188.349,179.785,179.543,277.232,0.0792,0.0348,0.1320,0.4962,0.00,0.00,0.00,0.00
2920.00,180.000,180.000,170.000,175.000,179.260,176.424,163.326,167.477,179.693,176.608,163.472,168.497,188.351,179.787,179.545,277.229,0.0792,0.0348,0.1320,0.4961,0.00,0.00,0.00,0.00
2921.00,180.000,180.000,170.000,175.000,179.263,176.425,163.327,167.484,179.695,176.609,163.473,168.504,188.353,179.788,179.546,277.227,0.0791,0.0348,0.1320,0.4960,0.00,0.00,0.00,0.00
2922.00,180.000,180.000,170.000,175.000,179.266,176.426,163.328,167.490,179.698,176.611,163.474,168.510,188.355,179.789,179.547,277.172,0.0791,0.0348,0.1320,0.4959,0.00,0.00,0.00,0.00
2923.00,180.000,180.000,170.000,175.000,179.269,176.427,163.329,167.497,179.700,176.612,163.475,168.516,188.357,179.791,179.548,277.123,0.0790,0.0348,0.1320,0.4958,0.00,0.00,0.00,0.00
2924.00,180.000,180.000,170.000,175.000,179.272,176.428,163.330,167.504,179.703,176.613,163.477,168.522,188.359,179.792,179.549,277.081,0.0790,0.0348,0.1320,0.4957,0.00,0.00,0.00,0.00
2925.00,180.000,180.000,170.000,175.000,179.275,176.430,163.331,167.511,179.705,176.614,163.478,168.528,188.362,179.793,179.534,277.043,0.0790,0.0348,0.1320,0.4956,0.00,0.00,0.00,0.00
2926.00,180.000,180.000,170.000,175.000,179.278,176.431,163.332,167.517,179.707,176.616,163.479,168.534,188.364,179.794,179.505,277.011,0.0790,0.0348,0.1320,0.4956,0.00,0.00,0.00,0.00
2927.00,180.000,180.000,170.000,175.000,179.280,176.432,163.333,167.524,179.710,176.617,163.480,168.540,188.366,179.796,179.478,276.983,0.0789,0.0349,0.1320,0.4955,0.00,0.00,0.00,0.00
2928.00,180.000,180.000,170.000,175.000,179.283,176.433,163.334,167.531,179.712,176.618,163.481,168.546,188.369,179.797,179.454,276.958,0.0789,0.0349,0.1320,0.4955,0.00,0.00,0.00,0.00
2929.00,180.000,180.000,170.000,175.000,179.286,176.435,163.335,167.538,179.715,176.620,163.482,168.552,188.371,179.798,179.433,276.937,0.0789,0.0349,0.1320,0.4955,0.00,0.00,0.00,0.00
2930.00,180.000,180.000,170.000,175.000,179.289,176.436,163.336,167.544,179.717,176.621,163.483,168.558,188.374,179.800,179.414,276.919,0.0789,0.0349,0.1320,0.4954,0.00,0.00,0.00,0.00
2931.00,180.000,180.000,170.000,175.000,179.292,176.437,163.337,167.551,179.720,176.622,163.483,168.564,188.376,179.801,179.396,276.903,0.0789,0.0349,0.1320,0.4953,0.00,0.00,0.00,0.00
2932.00,180.000,180.000,170.000,175.000,179.295,176.438,163.338,167.558,179.722,176.624,163.484,168.570,188.379,179.802,179.381,276.890,0.0789,0.0349,0.1320,0.4951,0.00,0.00,0.00,0.00
2933.00,180.000,180.000,170.000,175.000,179.298,176.440,163.339,167.565,179.725,176.625,163.485,168.576,188.381,179.803,179.367,276.879,0.0789,0.0349,0.1320,0.4949,0.00,0.00,0.00,0.00
2934.00,180.000,180.000,170.000,175.000,179.300,176.441,163.340,167.571,179.727,176.626,163.486,168.582,188.384,179.805,179.354,276.869,0.0788,0.0349,0.1320,0.4948,0.00,0.00,0.00,0.00
2935.00,180.000,180.000,170.000,175.000,179.303,176.442,163.341,167.578,179.730,176.627,163.487,168.588,188.386,179.806,179.342,276.862,0.0788,0.0349,0.1320,0.4946,0.00,0.00,0.00,0.00
2936.00,180.000,180.000,170.000,175.000,179.306,176.443,163.342,167.585,179.732,176.629,163.487,168.594,188.389,179.807,179.332,276.856,0.0788,0.0349,0.1320,0.4945,0.00,0.00,0.00,0.00
2937.00,180.000,180.000,170.000,175.000,179.309,176.444,163.343,167.592,179.734,176.630,163.488,168.600,188.392,179.809,179.323,276.851,0.0788,0.0349,0.1320,0.4944,0.00,0.00,0.00,0.00
2938.00,180.000,180.000,170.000,175.000,179.312,176.446,163.344,167.598,179.737,176.631,163.489,168.606,188.394,179.810,179.315,276.847,0.0788,0.0349,0.1320,0.4943,0.00,0.00,0.00,0.00
2939.00,180.000,180.000,170.000,175.000,179.315,176.447,163.345,167.605,179.739,176.633,163.489,168.613,188.397,179.811,179.308,276.844,0.0788,0.0349,0.1320,0.4942,0.00,0.00,0.00,0.00
2940.00,180.000,180.000,170.000,175.000,179.317,176.448,163.346,167.612,179.742,176.634,163.490,168.619,188.400,179.813,179.301,276.842,0.0788,0.0349,0.1320,0.4942,0.00,0.00,0.00,0.00
2941.00,180.000,180.000,170.000,175.000,179.320,176.449,163.346,167.618,179.744,176.635,163.491,168.625,188.403,179.814,179.295,276.841,0.0788,0.0349,0.1320,0.4941,0.00,0.00,0.00,0.00
2942.00,180.000,180.000,170.000,175.000,179.323,176.451,163.347,167.625,179.747,176.637,163.491,168.631,188.405,179.815,179.290,276.841,0.0788,0.0347,0.1320,0.4941,0.00,0.00,0.00,0.00
2943.00,180.000,180.000,170.000,175.000,179.326,176.452,163.348,167.632,179.749,176.638,163.492,168.637,188.408,179.816,179.285,276.842,0.0788,0.0344,0.1320,0.4940,0.00,0.00,0.00,0.00
2944.00,180.000,180.000,170.000,175.000,179.329,176.453,163.349,167.638,179.752,176.639,163.493,168.643,188.411,179.818,179.281,276.843,0.0788,0.0342,0.1320,0.4940,0.00,0.00,0.00,0.00
2945.00,180.000,180.000,170.000,175.000,179.331,176.454,163.350,167.645,179.754,176.641,163.493,168.649,188.414,179.819,179.277,276.790,0.0788,0.0340,0.1319,0.4940,0.00,0.00,0.00,0.00
2946.00,180.000,180.000,170.000,175.000,179.334,176.456,163.351,167.652,179.757,176.642,163.494,168.656,188.416,179.788,179.274,276.743,0.0788,0.0339,0.1319,0.4938,0.00,0.00,0.00,0.00
2947.00,180.000,180.000,170.000,175.000,179.337,176.457,163.352,167.659,179.759,176.643,163.495,168.662,188.419,179.761,179.271,276.703,0.0788,0.0338,0.1318,0.4936,0.00,0.00,0.00,0.00
2948.00,180.000,180.000,170.000,175.000,179.340,176.458,163.353,167.665,179.762,176.644,163.495,168.668,188.422,179.736,179.268,276.667,0.0789,0.0337,0.1318,0.4934,0.00,0.00,0.00,0.00
2949.00,180.000,180.000,170.000,175.000,179.343,176.459,163.354,167.672,179.764,176.645,163.496,168.674,188.425,179.714,179.266,276.636,0.0789,0.0336,0.1317,0.4933,0.00,0.00,0.00,0.00
2950.00,180.000,180.000,170.000,175.000,179.345,176.461,163.355,167.679,179.767,176.646,163.496,168.680,188.428,179.694,179.264,276.610,0.0789,0.0336,0.1317,0.4931,0.00,0.00,0.00,0.00
2951.00,180.000,180.000,170.000,175.000,179.348,176.462,163.356,167.685,179.769,176.647,163.497,168.686,188.430,179.676,179.262,276.586,0.0789,0.0335,0.1317,0.4930,0.00,0.00,0.00,0.00
2952.00,180.000,180.000,170.000,175.000,179.351,176.463,163.357,167.692,179.772,176.649,163.498,168.692,188.433,179.659,179.261,276.566,0.0788,0.0335,0.1316,0.4929,0.00,0.00,0.00,0.00
2953.00,180.000,180.000,170.000,175.000,179.354,176.464,163.358,167.699,179.774,176.650,163.498,168.698,188.436,179.645,179.260,276.549,0.0787,0.0335,0.1316,0.4928,0.00,0.00,0.00,0.00
2954.00,180.000,180.000,170.000,175.000,179.357,176.466,163.359,167.705,179.777,176.650,163.499,168.703,188.439,179.631,179.258,276.534,0.0787,0.0335,0.1316,0.4928,0.00,0.00,0.00,0.00
2955.00,180.000,180.000,170.000,175.000,179.360,176.467,163.360,167.712,179.780,176.651,163.499,168.709,188.442,179.620,179.258,276.522,0.0786,0.0335,0.1316,0.4927,0.00,0.00,0.00,0.00
2956.00,180.000,180.000,170.000,175.000,179.362,176.468,163.361,167.718,179.782,176.652,163.500,168.715,188.445,179.609,179.257,276.511,0.0785,0.0335,0.1316,0.4927,0.00,0.00,0.00,0.00
2957.00,180.000,180.000,170.000,175.000,179.365,176.469,163.362,167.725,179.785,176.653,163.501,168.721,188.447,179.600,179.256,276.502,0.0785,0.0335,0.1315,0.4926,0.00,0.00,0.00,0.00
2958.00,180.000,180.000,170.000,175.000,179.368,176.470,163.363,167.732,179.787,176.654,163.501,168.727,188.450,179.591,179.256,276.495,0.0784,0.0335,0.1315,0.4926,0.00,0.00,0.00,0.00
2959.00,180.000,180.000,170.000,175.000,179.371,176.472,163.363,167.738,179.790,176.655,163.502,168.733,188.453,179.583,179.255,276.490,0.0784,0.0335,0.1315,0.4925,0.00,0.00,0.00,0.00
2960.00,180.000,180.000,170.000,175.000,179.373,176.473,163.364,167.745,179.792,176.656,163.502,168.739,188.456,179.577,179.255,276.485,0.0784,0.0336,0.1315,0.4925,0.00,0.00,0.00,0.00
2961.00,180.000,180.000,170.000,175.000,179.376,176.474,163.365,167.752,179.795,176.657,163.503,168.745,188.459,179.571,179.255,276.482,0.0783,0.0336,0.1315,0.4924,0.00,0.00,0.00,0.00
2962.00,180.000,180.000,170.000,175.000,179.379,176.475,163.366,167.758,179.797,176.658,163.504,168.752,188.462,179.565,179.255,276.479,0.0783,0.0336,0.1315,0.4922,0.00,0.00,0.00,0.00
2963.00,180.000,180.000,170.000,175.000,179.382,176.477,163.367,167.765,179.800,176.658,163.504,168.758,188.465,179.560,179.255,276.478,0.0783,0.0336,0.1314,0.4920,0.00,0.00,0.00,0.00
2964.00,180.000,180.000,170.000,175.000,179.385,176.478,163.368,167.771,179.803,176.659,163.505,168.764,188.468,179.556,179.255,276.423,0.0783,0.0336,0.1314,0.4918,0.00,0.00,0.00,0.00
2965.00,180.000,180.000,170.000,175.000,179.387,176.479,163.369,167.778,179.805,176.660,163.505,168.770,188.471,179.552,179.255,276.374,0.0783,0.0337,0.1314,0.4917,0.00,0.00,0.00,0.00
2966.00,180.000,180.000,170.000,175.000,179.390,176.480,163.370,167.785,179.808,176.661,163.506,168.776,188.473,179.549,179.255,276.332,0.0783,0.0337,0.1314,0.4916,0.00,0.00,0.00,0.00
2967.00,180.000,180.000,170.000,175.000,179.393,176.481,163.371,167.791,179.810,176.662,163.507,168.781,188.476,179.546,179.255,276.295,0.0782,0.0337,0.1314,0.4915,0.00,0.00,0.00,0.00
2968.00,180.000,180.000,170.000,175.000,179.396,176.483,163.372,167.798,179.813,176.662,163.507,168.787,188.479,179.543,179.255,276.263,0.0782,0.0337,0.1314,0.4914,0.00,0.00,0.00,0.00
2969.00,180.000,180.000,170.000,175.000,179.398,176.484,163.373,167.804,179.815,176.663,163.508,168.793,188.482,179.541,179.256,276.234,0.0782,0.0337,0.1314,0.4913,0.00,0.00,0.00,0.00
2970.00,180.000,180.000,170.000,175.000,179.401,176.485,163.373,167.811,179.818,176.664,163.508,168.799,188.485,179.539,179.256,276.210,0.0782,0.0338,0.1314,0.4913,0.00,0.00,0.00,0.00
2971.00,180.000,180.000,170.000,175.000,179.404,176.486,163.374,167.818,179.821,176.665,163.509,168.805,188.488,179.537,179.256,276.189,0.0782,0.0338,0.1314,0.4912,0.00,0.00,0.00,0.00
2972.00,180.000,180.000,170.000,175.000,179.407,176.487,163.375,167.824,179.823,176.666,163.510,168.811,188.491,179.536,179.257,276.171,0.0782,0.0338,0.1314,0.4912,0.00,0.00,0.00,0.00
2973.00,180.000,180.000,170.000,175.000,179.410,176.488,163.376,167.831,179.826,176.666,163.510,168.817,188.494,179.535,179.257,276.155,0.0782,0.0338,0.1314,0.4911,0.00,0.00,0.00,0.00
2974.00,180.000,180.000,170.000,175.000,179.412,176.490,163.377,167.837,179.829,176.667,163.511,168.822,188.497,179.534,179.257,276.142,0.0782,0.0338,0.1314,0.4911,0.00,0.00,0.00,0.00
2975.00,180.000,180.000,170.000,175.000,179.415,176.491,163.378,167.844,179.831,176.668,163.511,168.828,188.500,179.533,179.258,276.131,0.0782,0.0339,0.1314,0.4911,0.00,0.00,0.00,0.00
2976.00,180.000,180.000,170.000,175.000,179.418,176.492,163.379,167.850,179.834,176.669,163.512,168.834,188.503,179.532,179.258,276.121,0.0782,0.0339,0.1313,0.4910,0.00,0.00,0.00,0.00
2977.00,180.000,180.000,170.000,175.000,179.421,176.493,163.380,167.857,179.836,176.669,163.513,168.840,188.505,179.531,179.259,276.114,0.0782,0.0339,0.1313,0.4907,0.00,0.00,0.00,0.00
2978.00,180.000,180.000,170.000,175.000,179.423,176.494,163.381,167.863,179.839,176.670,163.513,168.846,188.508,179.531,179.259,276.107,0.0782,0.0339,0.1313,0.4905,0.00,0.00,0.00,0.00
2979.00,180.000,180.000,170.000,175.000,179.426,176.496,163.381,167.870,179.842,176.671,163.514,168.852,188.511,179.531,179.260,276.102,0.0782,0.0339,0.1313,0.4904,0.00,0.00,0.00,0.00
2980.00,180.000,180.000,170.000,175.000,179.429,176.497,163.382,167.876,179.844,176.672,163.514,168.858,188.514,179.530,179.261,276.098,0.0782,0.0339,0.1313,0.4902,0.00,0.00,0.00,0.00
2981.00,180.000,180.000,170.000,175.000,179.432,176.498,163.383,167.883,179.847,176.673,163.515,168.864,188.517,179.530,179.261,276.096,0.0782,0.0340,0.1313,0.4901,0.00,0.00,0.00,0.00
2982.00,180.000,180.000,170.000,175.000,179.434,176.499,163.384,167.890,179.850,176.673,163.516,168.870,188.520,179.530,179.262,276.094,0.0782,0.0340,0.1313,0.4900,0.00,0.00,0.00,0.00
2983.00,180.000,180.000,170.000,175.000,179.437,176.500,163.385,167.896,179.852,176.674,163.516,168.876,188.523,179.530,179.262,276.065,0.0782,0.0340,0.1313,0.4899,0.00,0.00,0.00,0.00
2984.00,180.000,180.000,170.000,175.000,179.440,176.501,163.386,167.903,179.855,176.675,163.517,168.882,188.526,179.547,179.263,276.013,0.0782,0.0340,0.1313,0.4899,0.00,0.00,0.00,0.00
2985.00,180.000,180.000,170.000,175.000,179.443,176.503,163.387,167.909,179.858,176.676,163.517,168.887,188.529,179.577,179.263,275.968,0.0782,0.0340,0.1313,0.4898,0.00,0.00,0.00,0.00
2986.00,180.000,180.000,170.000,175.000,179.446,176.504,163.388,167.916,179.860,176.677,163.518,168.893,188.532,179.605,179.264,275.928,0.0782,0.0340,0.1313,0.4897,0.00,0.00,0.00,0.00
2987.00,180.000,180.000,170.000,175.000,179.448,176.505,163.388,167.922,179.863,176.678,163.519,168.899,188.535,179.630,179.265,275.894,0.0783,0.0341,0.1313,0.4897,0.00,0.00,0.00,0.00
2988.00,180.000,180.000,170.000,175.000,179.451,176.506,163.389,167.929,179.866,176.678,163.519,168.905,188.538,179.653,179.265,275.863,0.0782,0.0341,0.1313,0.4897,0.00,0.00,0.00,0.00
2989.00,180.000,180.000,170.000,175.000,179.454,176.507,163.390,167.935,179.868,176.680,163.520,168.911,188.541,179.674,179.266,275.837,0.0781,0.0341,0.1313,0.4896,0.00,0.00,0.00,0.00
2990.00,180.000,180.000,170.000,175.000,179.457,176.508,163.391,167.942,179.871,176.681,163.521,168.916,188.544,179.693,179.267,275.814,0.0780,0.0341,0.1313,0.4896,0.00,0.00,0.00,0.00
2991.00,180.000,180.000,170.000,175.000,179.459,176.509,163.392,167.948,179.874,176.682,163.521,168.922,188.547,179.710,179.267,275.795,0.0780,0.0341,0.1313,0.4896,0.00,0.00,0.00,0.00
2992.00,180.000,180.000,170.000,175.000,179.462,176.511,163.393,167.955,179.876,176.683,163.522,168.928,188.518,179.726,179.268,275.778,0.0779,0.0341,0.1313,0.4894,0.00,0.00,0.00,0.00
2993.00,180.000,180.000,170.000,175.000,179.465,176.512,163.394,167.961,179.879,176.684,163.523,168.934,188.492,179.740,179.269,275.763,0.0779,0.0341,0.1313,0.4892,0.00,0.00,0.00,0.00
2994.00,180.000,180.000,170.000,175.000,179.468,176.513,163.394,167.968,179.881,176.685,163.523,168.939,188.469,179.753,179.269,275.751,0.0778,0.0342,0.1313,0.4890,0.00,0.00,0.00,0.00
2995.00,180.000,180.000,170.000,175.000,179.470,176.514,163.395,167.974,179.884,176.686,163.524,168.945,188.448,179.765,179.270,275.741,0.0778,0.0342,0.1313,0.4888,0.00,0.00,0.00,0.00
2996.00,180.000,180.000,170.000,175.000,179.473,176.515,163.396,167.980,179.886,176.688,163.524,168.951,188.429,179.776,179.271,275.732,0.0778,0.0342,0.1313,0.4887,0.00,0.00,0.00,0.00
2997.00,180.000,180.000,170.000,175.000,179.476,176.516,163.397,167.987,179.889,176.689,163.525,168.957,188.413,179.786,179.271,275.725,0.0777,0.0342,0.1313,0.4886,0.00,0.00,0.00,0.00
2998.00,180.000,180.000,170.000,175.000,179.479,176.517,163.398,167.993,179.891,176.690,163.526,168.962,188.398,179.795,179.272,275.719,0.0777,0.0342,0.1313,0.4885,0.00,0.00,0.00,0.00
2999.00,180.000,180.000,170.000,175.000,179.481,176.519,163.399,168.000,179.893,176.691,163.526,168.968,188.385,179.803,179.273,275.715,0.0777,0.0342,0.1313,0.4884,0.00,0.00,0.00,0.00
3000.00,180.000,180.000,170.000,175.000,179.484,176.520,163.400,168.006,179.896,176.693,163.527,168.974,188.374,179.811,179.273,275.712,0.0777,0.0342,0.1313,0.4884,0.00,0.00,0.00,0.00
3001.00,180.000,180.000,170.000,175.000,179.487,176.521,163.400,168.013,179.898,176.694,163.528,168.980,188.364,179.818,179.274,275.709,0.0777,0.0342,0.1313,0.4883,0.00,0.00,0.00,0.00
3002.00,180.000,180.000,170.000,175.000,179.490,176.522,163.401,168.019,179.900,176.695,163.528,168.986,188.355,179.825,179.275,275.708,0.0776,0.0342,0.1313,0.4883,0.00,0.00,0.00,0.00
3003.00,180.000,180.000,170.000,175.000,179.492,176.523,163.402,168.026,179.903,176.697,163.529,168.992,188.347,179.831,179.276,275.707,0.0776,0.0342,0.1313,0.4882,0.00,0.00,0.00,0.00
3004.00,180.000,180.000,170.000,175.000,179.495,176.524,163.403,168.032,179.905,176.698,163.530,168.998,188.340,179.836,179.276,275.707,0.0776,0.0342,0.1312,0.4882,0.00,0.00,0.00,0.00
3005.00,180.000,180.000,170.000,175.000,179.498,176.525,163.404,168.038,179.907,176.699,163.530,169.003,188.334,179.842,179.277,275.707,0.0776,0.0343,0.1312,0.4881,0.00,0.00,0.00,0.00
3006.00,180.000,180.000,170.000,175.000,179.500,176.527,163.405,168.045,179.910,176.701,163.531,169.009,188.329,179.847,179.278,275.708,0.0776,0.0343,0.1312,0.4881,0.00,0.00,0.00,0.00
3007.00,180.000,180.000,170.000,175.000,179.503,176.528,163.406,168.051,179.912,176.702,163.532,169.015,188.325,179.851,179.278,275.710,0.0776,0.0343,0.1312,0.4880,0.00,0.00,0.00,0.00
3008.00,180.000,180.000,170.000,175.000,179.506,176.529,163.406,168.058,179.914,176.703,163.532,169.021,188.321,179.855,179.279,275.658,0.0776,0.0343,0.1312,0.4878,0.00,0.00,0.00,0.00
3009.00,180.000,180.000,170.000,175.000,179.509,176.530,163.407,168.064,179.916,176.705,163.533,169.027,188.318,179.859,179.280,275.612,0.0776,0.0343,0.1312,0.4876,0.00,0.00,0.00,0.00
3010.00,180.000,180.000,170.000,175.000,179.511,176.531,163.408,168.070,179.918,176.706,163.534,169.033,188.315,179.863,179.281,275.571,0.0776,0.0343,0.1312,0.4874,0.00,0.00,0.00,0.00
3011.00,180.000,180.000,170.000,175.000,179.514,176.532,163.409,168.077,179.921,176.707,163.534,169.039,188.313,179.866,179.281,275.536,0.0776,0.0343,0.1312,0.4873,0.00,0.00,0.00,0.00
3012.00,180.000,180.000,170.000,175.000,179.517,176.534,163.410,168.083,179.923,176.709,163.535,169.044,188.311,179.870,179.282,275.505,0.0776,0.0343,0.1312,0.4872,0.00,0.00,0.00,0.00
3013.00,180.000,180.000,170.000,175.000,179.519,176.535,163.411,168.090,179.925,176.710,163.536,169.050,188.310,179.873,179.283,275.479,0.0776,0.0343,0.1312,0.4871,0.00,0.00,0.00,0.00
3014.00,180.000,180.000,170.000,175.000,179.522,176.536,163.411,168.096,179.927,176.711,163.536,169.056,188.309,179.876,179.284,275.455,0.0776,0.0343,0.1312,0.4870,0.00,0.00,0.00,0.00
3015.00,180.000,180.000,170.000,175.000,179.525,176.537,163.412,168.102,179.930,176.713,163.537,169.062,188.309,179.878,179.284,275.435,0.0776,0.0343,0.1312,0.4869,0.00,0.00,0.00,0.00
3016.00,180.000,180.000,170.000,175.000,179.528,176.538,163.413,168.109,179.932,176.714,163.538,169.067,188.308,179.881,179.285,275.418,0.0776,0.0343,0.1312,0.4869,0.00,0.00,0.00,0.00
3017.00,180.000,180.000,170.000,175.000,179.530,176.539,163.414,168.115,179.934,176.716,163.538,169.073,188.308,179.884,179.286,275.404,0.0776,0.0343,0.1312,0.4868,0.00,0.00,0.00,0.00
3018.00,180.000,180.000,170.000,175.000,179.533,176.541,163.415,168.122,179.936,176.717,163.539,169.079,188.309,179.886,179.287,275.391,0.0776,0.0343,0.1312,0.4868,0.00,0.00,0.00,0.00
3019.00,180.000,180.000,170.000,175.000,179.536,176.542,163.416,168.128,179.938,176.718,163.540,169.085,188.309,179.888,179.287,275.380,0.0776,0.0343,0.1312,0.4867,0.00,0.00,0.00,0.00
3020.00,180.000,180.000,170.000,175.000,179.538,176.543,163.416,168.134,179.941,176.720,163.540,169.090,188.310,179.890,179.288,275.372,0.0776,0.0343,0.1312,0.4867,0.00,0.00,0.00,0.00
3021.00,180.000,180.000,170.000,175.000,179.541,176.544,163.417,168.141,179.943,176.721,163.541,169.096,188.311,179.893,179.289,275.364,0.0776,0.0343,0.1312,0.4867,0.00,0.00,0.00,0.00
3022.00,180.000,180.000,170.000,175.000,179.544,176.545,163.418,168.147,179.945,176.723,163.542,169.102,188.312,179.895,179.290,275.359,0.0776,0.0344,0.1312,0.4866,0.00,0.00,0.00,0.00
3023.00,180.000,180.000,170.000,175.000,179.546,176.547,163.419,168.153,179.947,176.724,163.542,169.108,188.313,179.897,179.290,275.354,0.0776,0.0344,0.1312,0.4864,0.00,0.00,0.00,0.00
3024.00,180.000,180.000,170.000,175.000,179.549,176.548,163.420,168.160,179.949,176.726,163.543,169.113,188.314,179.899,179.291,275.350,0.0776,0.0344,0.1312,0.4862,0.00,0.00,0.00,0.00
3025.00,180.000,180.000,170.000,175.000,179.552,176.549,163.420,168.166,179.952,176.727,163.544,169.119,188.316,179.901,179.292,275.348,0.0776,0.0344,0.1312,0.4861,0.00,0.00,0.00,0.00
3026.00,180.000,180.000,170.000,175.000,179.554,176.550,163.421,168.172,179.954,176.728,163.544,169.125,188.317,179.902,179.293,275.318,0.0775,0.0343,0.1312,0.4859,0.00,0.00,0.00,0.00
3027.00,180.000,180.000,170.000,175.000,179.557,176.551,163.422,168.179,179.956,176.730,163.545,169.131,188.319,179.904,179.293,275.266,0.0774,0.0340,0.1312,0.4858,0.00,0.00,0.00,0.00
3028.00,180.000,180.000,170.000,175.000,179.560,176.552,163.423,168.185,179.958,176.731,163.546,169.136,188.320,179.874,179.294,275.220,0.0773,0.0337,0.1312,0.4857,0.00,0.00,0.00,0.00
3029.00,180.000,180.000,170.000,175.000,179.562,176.554,163.424,168.191,179.960,176.733,163.546,169.142,188.322,179.847,179.295,275.180,0.0773,0.0335,0.1312,0.4856,0.00,0.00,0.00,0.00
3030.00,180.000,180.000,170.000,175.000,179.565,176.555,163.425,168.198,179.963,176.734,163.547,169.148,188.324,179.823,179.296,275.145,0.0772,0.0334,0.1312,0.4855,0.00,0.00,0.00,0.00
3031.00,180.000,180.000,170.000,175.000,179.568,176.556,163.425,168.204,179.965,176.735,163.548,169.153,188.326,179.801,179.297,275.115,0.0772,0.0332,0.1312,0.4854,0.00,0.00,0.00,0.00
3032.00,180.000,180.000,170.000,175.000,179.570,176.557,163.426,168.210,179.967,176.736,163.549,169.159,188.328,179.781,179.297,275.088,0.0772,0.0331,0.1312,0.4854,0.00,0.00,0.00,0.00
3033.00,180.000,180.000,170.000,175.000,179.573,176.558,163.427,168.217,179.969,176.737,163.549,169.165,188.330,179.763,179.298,275.065,0.0771,0.0331,0.1312,0.4853,0.00,0.00,0.00,0.00
3034.00,180.000,180.000,170.000,175.000,179.576,176.560,163.428,168.223,179.972,176.739,163.550,169.170,188.332,179.747,179.299,275.045,0.0771,0.0330,0.1312,0.4853,0.00,0.00,0.00,0.00
3035.00,180.000,180.000,170.000,175.000,179.578,176.561,163.429,168.229,179.974,176.740,163.551,169.176,188.334,179.733,179.300,275.028,0.0771,0.0330,0.1312,0.4852,0.00,0.00,0.00,0.00
3036.00,180.000,180.000,170.000,175.000,179.581,176.562,163.429,168.236,179.976,176.741,163.551,169.181,188.337,179.720,179.301,275.013,0.0771,0.0330,0.1312,0.4852,0.00,0.00,0.00,0.00
3037.00,180.000,180.000,170.000,175.000,179.583,176.563,163.430,168.242,179.978,176.742,163.552,169.187,188.339,179.708,179.301,275.000,0.0770,0.0329,0.1312,0.4852,0.00,0.00,0.00,0.00
3038.00,180.000,180.000,170.000,175.000,179.586,176.564,163.431,168.248,179.981,176.743,163.553,169.192,188.341,179.698,179.302,274.990,0.0770,0.0329,0.1312,0.4852,0.00,0.00,0.00,0.00
3039.00,180.000,180.000,170.000,175.000,179.589,176.566,163.432,168.255,179.983,176.744,163.554,169.198,188.343,179.689,179.303,274.981,0.0770,0.0329,0.1312,0.4850,0.00,0.00,0.00,0.00
3040.00,180.000,180.000,170.000,175.000,179.591,176.567,163.433,168.261,179.985,176.745,163.554,169.204,188.346,179.680,179.304,274.974,0.0770,0.0329,0.1312,0.4848,0.00,0.00,0.00,0.00
3041.00,180.000,180.000,170.000,175.000,179.594,176.568,163.433,168.267,179.987,176.746,163.555,169.209,188.348,179.673,179.305,274.968,0.0770,0.0329,0.1312,0.4846,0.00,0.00,0.00,0.00
3042.00,180.000,180.000,170.000,175.000,179.597,176.569,163.434,168.273,179.990,176.747,163.556,169.215,188.350,179.666,179.305,274.963,0.0770,0.0330,0.1312,0.4844,0.00,0.00,0.00,0.00
3043.00,180.000,180.000,170.000,175.000,179.599,176.570,163.435,168.280,179.992,176.748,163.556,169.221,188.353,179.660,179.306,274.959,0.0770,0.0330,0.1312,0.4843,0.00,0.00,0.00,0.00
3044.00,180.000,180.000,170.000,175.000,179.602,176.571,163.436,168.286,179.994,176.749,163.557,169.226,188.355,179.655,179.307,274.957,0.0770,0.0330,0.1312,0.4842,0.00,0.00,0.00,0.00
3045.00,180.000,180.000,170.000,175.000,179.604,176.573,163.437,168.292,179.996,176.750,163.558,169.232,188.358,179.650,179.308,274.955,0.0770,0.0330,0.1312,0.4841,0.00,0.00,0.00,0.00
3046.00,180.000,180.000,170.000,175.000,179.607,176.574,163.438,168.298,179.999,176.751,163.559,169.238,188.360,179.646,179.309,274.954,0.0770,0.0330,0.1312,0.4840,0.00,0.00,0.00,0.00
3047.00,180.000,180.000,170.000,175.000,179.610,176.575,163.438,168.305,180.001,176.752,163.559,169.243,188.363,179.643,179.309,274.926,0.0770,0.0330,0.1312,0.4840,0.00,0.00,0.00,0.00
3048.00,180.000,180.000,170.000,175.000,179.612,176.576,163.439,168.311,180.003,176.752,163.560,169.249,188.365,179.639,179.310,274.875,0.0770,0.0331,0.1312,0.4839,0.00,0.00,0.00,0.00
3049.00,180.000,180.000,170.000,175.000,179.615,176.577,163.440,168.317,180.005,176.753,163.561,169.255,188.368,179.636,179.311,274.830,0.0770,0.0331,0.1312,0.4839,0.00,0.00,0.00,0.00
3050.00,180.000,180.000,170.000,175.000,179.617,176.579,163.441,168.323,180.008,176.754,163.562,169.260,188.370,179.634,179.312,274.791,0.0770,0.0331,0.1312,0.4838,0.00,0.00,0.00,0.00
3051.00,180.000,180.000,170.000,175.000,179.620,176.580,163.442,168.330,180.010,176.755,163.562,169.266,188.373,179.632,179.313,274.757,0.0770,0.0331,0.1312,0.4838,0.00,0.00,0.00,0.00
3052.00,180.000,180.000,170.000,175.000,179.623,176.581,163.442,168.336,180.012,176.756,163.563,169.271,188.375,179.630,179.313,274.727,0.0770,0.0331,0.1312,0.4837,0.00,0.00,0.00,0.00
3053.00,180.000,180.000,170.000,175.000,179.625,176.582,163.443,168.342,180.015,176.757,163.564,169.277,188.378,179.628,179.314,274.701,0.0770,0.0332,0.1312,0.4837,0.00,0.00,0.00,0.00
3054.00,180.000,180.000,170.000,175.000,179.628,176.583,163.444,168.348,180.017,176.758,163.565,169.282,188.380,179.627,179.315,274.678,0.0770,0.0332,0.1312,0.4837,0.00,0.00,0.00,0.00
3055.00,180.000,180.000,170.000,175.000,179.630,176.584,163.445,168.354,180.019,176.759,163.565,169.288,188.383,179.626,179.316,274.659,0.0770,0.0332,0.1312,0.4835,0.00,0.00,0.00,0.00
3056.00,180.000,180.000,170.000,175.000,179.633,176.586,163.446,168.361,180.021,176.760,163.566,169.293,188.385,179.625,179.317,274.642,0.0770,0.0332,0.1311,0.4833,0.00,0.00,0.00,0.00
3057.00,180.000,180.000,170.000,175.000,179.636,176.587,163.446,168.367,180.024,176.761,163.567,169.299,188.388,179.624,179.317,274.627,0.0770,0.0332,0.1311,0.4831,0.00,0.00,0.00,0.00
3058.00,180.000,180.000,170.000,175.000,179.638,176.588,163.447,168.373,180.026,176.761,163.568,169.304,188.391,179.624,179.318,274.615,0.0770,0.0333,0.1311,0.4830,0.00,0.00,0.00,0.00
3059.00,180.000,180.000,170.000,175.000,179.641,176.589,163.448,168.379,180.028,176.762,163.568,169.310,188.393,179.623,179.319,274.605,0.0770,0.0333,0.1311,0.4828,0.00,0.00,0.00,0.00
3060.00,180.000,180.000,170.000,175.000,179.643,176.590,163.449,168.385,180.031,176.763,163.569,169.315,188.396,179.623,179.320,274.596,0.0770,0.0333,0.1311,0.4827,0.00,0.00,0.00,0.00
3061.00,180.000,180.000,170.000,175.000,179.646,176.591,163.450,168.392,180.033,176.764,163.570,169.321,188.398,179.623,179.321,274.589,0.0770,0.0333,0.1311,0.4826,0.00,0.00,0.00,0.00
3062.00,180.000,180.000,170.000,175.000,179.648,176.592,163.450,168.398,180.035,176.765,163.571,169.326,188.401,179.622,179.321,274.583,0.0770,0.0333,0.1311,0.4826,0.00,0.00,0.00,0.00
3063.00,180.000,180.000,170.000,175.000,179.651,176.594,163.451,168.404,180.038,176.766,163.571,169.332,188.404,179.622,179.322,274.579,0.0770,0.0334,0.1311,0.4825,0.00,0.00,0.00,0.00
3064.00,180.000,180.000,170.000,175.000,179.654,176.595,163.452,168.410,180.040,176.767,163.572,169.337,188.406,179.622,179.323,274.575,0.0769,0.0334,0.1310,0.4824,0.00,0.00,0.00,0.00
3065.00,180.000,180.000,170.000,175.000,179.656,176.596,163.453,168.416,180.042,176.768,163.573,169.343,188.409,179.623,179.324,274.573,0.0768,0.0334,0.1310,0.4824,0.00,0.00,0.00,0.00
3066.00,180.000,180.000,170.000,175.000,179.659,176.597,163.454,168.423,180.045,176.768,163.574,169.348,188.412,179.623,179.325,274.571,0.0767,0.0334,0.1309,0.4823,0.00,0.00,0.00,0.00
3067.00,180.000,180.000,170.000,175.000,179.661,176.598,163.454,168.429,180.047,176.769,163.574,169.354,188.414,179.623,179.326,274.570,0.0767,0.0334,0.1309,0.4823,0.00,0.00,0.00,0.00
3068.00,180.000,180.000,170.000,175.000,179.664,176.599,163.455,168.435,180.049,176.770,163.575,169.360,188.417,179.623,179.326,274.570,0.0766,0.0334,0.1309,0.4823,0.00,0.00,0.00,0.00
3069.00,180.000,180.000,170.000,175.000,179.666,176.600,163.456,168.441,180.052,176.771,163.576,169.365,188.419,179.624,179.327,274.570,0.0766,0.0335,0.1308,0.4822,0.00,0.00,0.00,0.00
3070.00,180.000,180.000,170.000,175.000,179.669,176.602,163.457,168.447,180.054,176.772,163.577,169.371,188.422,179.624,179.328,274.571,0.0766,0.0335,0.1308,0.4822,0.00,0.00,0.00,0.00
3071.00,180.000,180.000,170.000,175.000,179.672,176.603,163.458,168.453,180.056,176.773,163.577,169.377,188.425,179.625,179.329,274.573,0.0765,0.0335,0.1308,0.4820,0.00,0.00,0.00,0.00
3072.00,180.000,180.000,170.000,175.000,179.674,176.604,163.458,168.459,180.059,176.774,163.578,169.382,188.427,179.625,179.330,274.520,0.0765,0.0335,0.1308,0.4818,0.00,0.00,0.00,0.00
3073.00,180.000,180.000,170.000,175.000,179.677,176.605,163.459,168.466,180.061,176.775,163.579,169.388,188.430,179.626,179.331,274.474,0.0765,0.0335,0.1307,0.4816,0.00,0.00,0.00,0.00
3074.00,180.000,180.000,170.000,175.000,179.679,176.606,163.460,168.472,180.064,176.775,163.580,169.393,188.433,179.626,179.331,274.433,0.0764,0.0335,0.1307,0.4815,0.00,0.00,0.00,0.00
3075.00,180.000,180.000,170.000,175.000,179.682,176.607,163.461,168.478,180.066,176.776,163.581,169.399,188.435,179.627,179.332,274.398,0.0764,0.0335,0.1307,0.4814,0.00,0.00,0.00,0.00
3076.00,180.000,180.000,170.000,175.000,179.684,176.608,163.462,168.484,180.068,176.777,163.581,169.404,188.438,179.628,179.333,274.367,0.0764,0.0335,0.1307,0.4813,0.00,0.00,0.00,0.00
3077.00,180.000,180.000,170.000,175.000,179.687,176.609,163.462,168.490,180.071,176.778,163.582,169.410,188.441,179.628,179.334,274.340,0.0764,0.0336,0.1307,0.4812,0.00,0.00,0.00,0.00
3078.00,180.000,180.000,170.000,175.000,179.689,176.611,163.463,168.496,180.073,176.779,163.583,169.415,188.443,179.629,179.335,274.317,0.0764,0.0336,0.1307,0.4811,0.00,0.00,0.00,0.00
3079.00,180.000,180.000,170.000,175.000,179.692,176.612,163.464,168.502,180.075,176.780,163.584,169.421,188.446,179.630,179.336,274.296,0.0764,0.0336,0.1306,0.4810,0.00,0.00,0.00,0.00
3080.00,180.000,180.000,170.000,175.000,179.695,176.613,163.465,168.508,180.078,176.781,163.584,169.426,188.449,179.630,179.336,274.279,0.0764,0.0336,0.1306,0.4810,0.00,0.00,0.00,0.00
3081.00,180.000,180.000,170.000,175.000,179.697,176.614,163.466,168.515,180.080,176.782,163.585,169.432,188.451,179.631,179.337,274.264,0.0764,0.0336,0.1306,0.4809,0.00,0.00,0.00,0.00
3082.00,180.000,180.000,170.000,175.000,179.700,176.615,163.466,168.521,180.083,176.783,163.586,169.437,188.454,179.632,179.338,274.251,0.0764,0.0336,0.1306,0.4809,0.00,0.00,0.00,0.00
3083.00,180.000,180.000,170.000,175.000,179.702,176.616,163.467,168.527,180.085,176.783,163.587,169.443,188.457,179.633,179.339,274.240,0.0764,0.0336,0.1306,0.4808,0.00,0.00,0.00,0.00
3084.00,180.000,180.000,170.000,175.000,179.705,176.617,163.468,168.533,180.088,176.784,163.588,169.448,188.460,179.634,179.340,274.231,0.0764,0.0336,0.1306,0.4808,0.00,0.00,0.00,0.00
3085.00,180.000,180.000,170.000,175.000,179.707,176.618,163.469,168.539,180.090,176.785,163.588,169.454,188.462,179.634,179.341,274.224,0.0764,0.0336,0.1306,0.4808,0.00,0.00,0.00,0.00
3086.00,180.000,180.000,170.000,175.000,179.710,176.620,163.470,168.545,180.092,176.786,163.589,169.459,188.465,179.635,179.342,274.218,0.0764,0.0337,0.1306,0.4807,0.00,0.00,0.00,0.00
3087.00,180.000,180.000,170.000,175.000,179.712,176.621,163.470,168.551,180.095,176.787,163.590,169.465,188.468,179.636,179.342,274.213,0.0764,0.0337,0.1306,0.4807,0.00,0.00,0.00,0.00
3088.00,180.000,180.000,170.000,175.000,179.715,176.622,163.471,168.557,180.097,176.788,163.591,169.470,188.470,179.637,179.343,274.209,0.0764,0.0337,0.1306,0.4804,0.00,0.00,0.00,0.00
3089.00,180.000,180.000,170.000,175.000,179.717,176.623,163.472,168.563,180.100,176.789,163.592,169.476,188.473,179.638,179.344,274.206,0.0764,0.0337,0.1306,0.4802,0.00,0.00,0.00,0.00
3090.00,180.000,180.000,170.000,175.000,179.720,176.624,163.473,168.569,180.102,176.790,163.592,169.481,188.476,179.639,179.345,274.204,0.0764,0.0337,0.1305,0.4801,0.00,0.00,0.00,0.00
3091.00,180.000,180.000,170.000,175.000,179.723,176.625,163.474,168.575,180.104,176.791,163.593,169.487,188.478,179.639,179.346,274.175,0.0764,0.0337,0.1305,0.4800,0.00,0.00,0.00,0.00
3092.00,180.000,180.000,170.000,175.000,179.725,176.626,163.474,168.581,180.107,176.791,163.594,169.492,188.481,179.640,179.347,274.124,0.0764,0.0337,0.1305,0.4798,0.00,0.00,0.00,0.00
3093.00,180.000,180.000,170.000,175.000,179.728,176.627,163.475,168.588,180.109,176.792,163.595,169.498,188.484,179.641,179.348,274.078,0.0764,0.0337,0.1305,0.4797,0.00,0.00,0.00,0.00
3094.00,180.000,180.000,170.000,175.000,179.730,176.628,163.476,168.594,180.112,176.793,163.596,169.503,188.487,179.642,179.348,274.038,0.0764,0.0337,0.1305,0.4797,0.00,0.00,0.00,0.00
3095.00,180.000,180.000,170.000,175.000,179.733,176.629,163.477,168.600,180.114,176.794,163.597,169.508,188.489,179.643,179.349,274.004,0.0764,0.0337,0.1305,0.4796,0.00,0.00,0.00,0.00
3096.00,180.000,180.000,170.000,175.000,179.735,176.631,163.478,168.606,180.117,176.795,163.597,169.514,188.492,179.644,179.350,273.973,0.0764,0.0337,0.1305,0.4795,0.00,0.00,0.00,0.00
3097.00,180.000,180.000,170.000,175.000,179.738,176.632,163.478,168.612,180.119,176.796,163.598,169.519,188.495,179.645,179.351,273.947,0.0764,0.0337,0.1305,0.4795,0.00,0.00,0.00,0.00
3098.00,180.000,180.000,170.000,175.000,179.740,176.633,163.479,168.618,180.122,176.797,163.599,169.524,188.498,179.646,179.352,273.923,0.0764,0.0337,0.1305,0.4794,0.00,0.00,0.00,0.00
3099.00,180.000,180.000,170.000,175.000,179.743,176.634,163.480,168.624,180.124,176.798,163.600,169.530,188.500,179.646,179.353,273.904,0.0764,0.0337,0.1305,0.4794,0.00,0.00,0.00,0.00
3100.00,180.000,180.000,170.000,175.000,179.745,176.635,163.481,168.630,180.127,176.799,163.601,169.535,188.503,179.647,179.354,273.886,0.0764,0.0337,0.1305,0.4793,0.00,0.00,0.00,0.00
3101.00,180.000,180.000,170.000,175.000,179.748,176.636,163.481,168.636,180.129,176.800,163.601,169.540,188.506,179.648,179.354,273.872,0.0764,0.0338,0.1305,0.4793,0.00,0.00,0.00,0.00
3102.00,180.000,180.000,170.000,175.000,179.750,176.637,163.482,168.642,180.132,176.801,163.602,169.546,188.509,179.649,179.355,273.859,0.0764,0.0338,0.1305,0.4793,0.00,0.00,0.00,0.00
3103.00,180.000,180.000,170.000,175.000,179.753,176.638,163.483,168.648,180.134,176.801,163.603,169.551,188.511,179.650,179.356,273.848,0.0763,0.0338,0.1305,0.4793,0.00,0.00,0.00,0.00
3104.00,180.000,180.000,170.000,175.000,179.756,176.639,163.484,168.654,180.136,176.802,163.604,169.556,188.514,179.651,179.357,273.839,0.0762,0.0338,0.1305,0.4791,0.00,0.00,0.00,0.00
3105.00,180.000,180.000,170.000,175.000,179.758,176.640,163.485,168.660,180.139,176.803,163.605,169.562,188.517,179.652,179.358,273.832,0.0761,0.0338,0.1305,0.4789,0.00,0.00,0.00,0.00
3106.00,180.000,180.000,170.000,175.000,179.761,176.641,163.485,168.666,180.141,176.804,163.606,169.567,188.520,179.653,179.359,273.826,0.0761,0.0338,0.1305,0.4787,0.00,0.00,0.00,0.00
3107.00,180.000,180.000,170.000,175.000,179.763,176.643,163.486,168.672,180.144,176.805,163.606,169.572,188.522,179.654,179.360,273.821,0.0760,0.0338,0.1305,0.4785,0.00,0.00,0.00,0.00
3108.00,180.000,180.000,170.000,175.000,179.766,176.644,163.487,168.678,180.146,176.806,163.607,169.578,188.525,179.655,179.361,273.817,0.0760,0.0338,0.1305,0.4784,0.00,0.00,0.00,0.00
3109.00,180.000,180.000,170.000,175.000,179.768,176.645,163.488,168.684,180.149,176.807,163.608,169.583,188.496,179.656,179.361,273.815,0.0759,0.0338,0.1305,0.4783,0.00,0.00,0.00,0.00
3110.00,180.000,180.000,170.000,175.000,179.771,176.646,163.489,168.690,180.151,176.808,163.609,169.589,188.470,179.657,179.362,273.813,0.0759,0.0338,0.1305,0.4782,0.00,0.00,0.00,0.00
3111.00,180.000,180.000,170.000,175.000,179.773,176.647,163.489,168.696,180.154,176.809,163.610,169.594,188.446,179.658,179.363,273.812,0.0759,0.0338,0.1305,0.4781,0.00,0.00,0.00,0.00
3112.00,180.000,180.000,170.000,175.000,179.776,176.648,163.490,168.702,180.156,176.810,163.611,169.599,188.425,179.659,179.364,273.811,0.0759,0.0338,0.1305,0.4781,0.00,0.00,0.00,0.00
3113.00,180.000,180.000,170.000,175.000,179.778,176.649,163.491,168.708,180.158,176.811,163.611,169.605,188.407,179.659,179.365,273.811,0.0758,0.0338,0.1305,0.4780,0.00,0.00,0.00,0.00
3114.00,180.000,180.000,170.000,175.000,179.781,176.650,163.492,168.714,180.161,176.812,163.612,169.610,188.390,179.660,179.366,273.784,0.0758,0.0337,0.1305,0.4780,0.00,0.00,0.00,0.00
3115.00,180.000,180.000,170.000,175.000,179.783,176.651,163.493,168.720,180.163,176.813,163.613,169.616,188.375,179.661,179.367,273.734,0.0758,0.0334,0.1305,0.4779,0.00,0.00,0.00,0.00
3116.00,180.000,180.000,170.000,175.000,179.786,176.652,163.493,168.726,180.165,176.813,163.614,169.621,188.362,179.662,179.368,273.690,0.0758,0.0331,0.1304,0.4779,0.00,0.00,0.00,0.00
3117.00,180.000,180.000,170.000,175.000,179.788,176.653,163.494,168.732,180.167,176.814,163.615,169.627,188.350,179.663,179.368,273.651,0.0758,0.0329,0.1304,0.4779,0.00,0.00,0.00,0.00
3118.00,180.000,180.000,170.000,175.000,179.791,176.654,163.495,168.738,180.169,176.815,163.616,169.632,188.340,179.664,179.369,273.618,0.0758,0.0328,0.1304,0.4778,0.00,0.00,0.00,0.00
3119.00,180.000,180.000,170.000,175.000,179.794,176.655,163.496,168.744,180.171,176.816,163.617,169.637,188.331,179.665,179.370,273.588,0.0758,0.0327,0.1304,0.4778,0.00,0.00,0.00,0.00
3120.00,180.000,180.000,170.000,175.000,179.796,176.656,163.497,168.750,180.173,176.817,163.617,169.642,188.323,179.666,179.371,273.563,0.0757,0.0326,0.1304,0.4778,0.00,0.00,0.00,0.00
3121.00,180.000,180.000,170.000,175.000,179.799,176.658,163.498,168.755,180.176,176.818,163.618,169.648,188.316,179.667,179.372,273.540,0.0757,0.0325,0.1304,0.4775,0.00,0.00,0.00,0.00
3122.00,180.000,180.000,170.000,175.000,179.801,176.659,163.498,168.761,180.178,176.819,163.619,169.653,188.310,179.668,179.373,273.521,0.0757,0.0325,0.1304,0.4773,0.00,0.00,0.00,0.00
3123.00,180.000,180.000,170.000,175.000,179.804,176.660,163.499,168.767,180.180,176.820,163.620,169.658,188.304,179.669,179.374,273.504,0.0757,0.0324,0.1304,0.4772,0.00,0.00,0.00,0.00
3124.00,180.000,180.000,170.000,175.000,179.806,176.661,163.500,168.773,180.182,176.821,163.621,169.663,188.300,179.670,179.375,273.490,0.0757,0.0324,0.1304,0.4770,0.00,0.00,0.00,0.00
3125.00,180.000,180.000,170.000,175.000,179.809,176.662,163.501,168.779,180.184,176.822,163.622,169.669,188.296,179.671,179.376,273.478,0.0757,0.0324,0.1304,0.4769,0.00,0.00,0.00,0.00
3126.00,180.000,180.000,170.000,175.000,179.811,176.663,163.502,168.785,180.186,176.823,163.623,169.674,188.292,179.672,179.376,273.468,0.0757,0.0324,0.1304,0.4768,0.00,0.00,0.00,0.00
3127.00,180.000,180.000,170.000,175.000,179.814,176.664,163.502,168.791,180.188,176.824,163.623,169.679,188.290,179.673,179.377,273.459,0.0757,0.0324,0.1304,0.4767,0.00,0.00,0.00,0.00
3128.00,180.000,180.000,170.000,175.000,179.816,176.665,163.503,168.797,180.190,176.825,163.624,169.685,188.287,179.674,179.378,273.452,0.0757,0.0324,0.1304,0.4766,0.00,0.00,0.00,0.00
3129.00,180.000,180.000,170.000,175.000,179.819,176.666,163.504,168.803,180.192,176.826,163.625,169.690,188.285,179.675,179.379,273.447,0.0757,0.0324,0.1304,0.4766,0.00,0.00,0.00,0.00
3130.00,180.000,180.000,170.000,175.000,179.821,176.667,163.505,168.809,180.194,176.827,163.626,169.695,188.284,179.676,179.380,273.442,0.0757,0.0324,0.1304,0.4765,0.00,0.00,0.00,0.00
3131.00,180.000,180.000,170.000,175.000,179.823,176.668,163.506,168.815,180.196,176.828,163.627,169.700,188.283,179.677,179.381,273.438,0.0757,0.0324,0.1304,0.4765,0.00,0.00,0.00,0.00
3132.00,180.000,180.000,170.000,175.000,179.826,176.669,163.506,168.821,180.198,176.829,163.628,169.706,188.282,179.678,179.382,273.436,0.0757,0.0324,0.1304,0.4764,0.00,0.00,0.00,0.00
3133.00,180.000,180.000,170.000,175.000,179.828,176.670,163.507,168.826,180.200,176.829,163.629,169.711,188.282,179.679,179.383,273.434,0.0757,0.0324,0.1304,0.4764,0.00,0.00,0.00,0.00
3134.00,180.000,180.000,170.000,175.000,179.831,176.671,163.508,168.832,180.202,176.830,163.630,169.716,188.281,179.680,179.384,273.433,0.0757,0.0324,0.1304,0.4764,0.00,0.00,0.00,0.00
3135.00,180.000,180.000,170.000,175.000,179.833,176.672,163.509,168.838,180.204,176.831,163.630,169.722,188.281,179.681,179.385,273.433,0.0757,0.0325,0.1304,0.4763,0.00,0.00,0.00,0.00
3136.00,180.000,180.000,170.000,175.000,179.836,176.674,163.510,168.844,180.206,176.832,163.631,169.727,188.282,179.682,179.386,273.433,0.0758,0.0325,0.1304,0.4763,0.00,0.00,0.00,0.00
3137.00,180.000,180.000,170.000,175.000,179.838,176.675,163.510,168.850,180.208,176.833,163.632,169.733,188.282,179.683,179.386,273.434,0.0758,0.0325,0.1304,0.4763,0.00,0.00,0.00,0.00
3138.00,180.000,180.000,170.000,175.000,179.841,176.676,163.511,168.856,180.210,176.834,163.633,169.738,188.283,179.684,179.387,273.435,0.0758,0.0325,0.1304,0.4761,0.00,0.00,0.00,0.00
3139.00,180.000,180.000,170.000,175.000,179.843,176.677,163.512,168.862,180.212,176.835,163.634,169.743,188.283,179.684,179.388,273.408,0.0758,0.0325,0.1304,0.4759,0.00,0.00,0.00,0.00
3140.00,180.000,180.000,170.000,175.000,179.846,176.678,163.513,168.868,180.214,176.836,163.635,169.749,188.284,179.685,179.389,273.359,0.0758,0.0326,0.1304,0.4757,0.00,0.00,0.00,0.00
3141.00,180.000,180.000,170.000,175.000,179.848,176.679,163.514,168.873,180.216,176.837,163.636,169.754,188.285,179.686,179.390,273.316,0.0758,0.0326,0.1304,0.4755,0.00,0.00,0.00,0.00
3142.00,180.000,180.000,170.000,175.000,179.851,176.680,163.514,168.879,180.218,176.838,163.637,169.759,188.287,179.687,179.391,273.278,0.0758,0.0326,0.1304,0.4754,0.00,0.00,0.00,0.00
3143.00,180.000,180.000,170.000,175.000,179.853,176.681,163.515,168.885,180.220,176.839,163.638,169.765,188.288,179.688,179.392,273.245,0.0757,0.0326,0.1304,0.4753,0.00,0.00,0.00,0.00
3144.00,180.000,180.000,170.000,175.000,179.855,176.682,163.516,168.891,180.222,176.840,163.638,169.770,188.289,179.689,179.393,273.216,0.0756,0.0326,0.1304,0.4752,0.00,0.00,0.00,0.00
3145.00,180.000,180.000,170.000,175.000,179.858,176.683,163.517,168.897,180.224,176.841,163.639,169.775,188.291,179.690,179.394,273.191,0.0755,0.0327,0.1304,0.4752,0.00,0.00,0.00,0.00
3146.00,180.000,180.000,170.000,175.000,179.860,176.684,163.518,168.903,180.226,176.842,163.640,169.780,188.292,179.691,179.395,273.169,0.0755,0.0327,0.1304,0.4751,0.00,0.00,0.00,0.00
3147.00,180.000,180.000,170.000,175.000,179.863,176.685,163.519,168.909,180.228,176.843,163.641,169.786,188.294,179.692,179.396,273.150,0.0754,0.0327,0.1304,0.4750,0.00,0.00,0.00,0.00
3148.00,180.000,180.000,170.000,175.000,179.865,176.686,163.519,168.914,180.230,176.844,163.642,169.791,188.296,179.693,179.397,273.134,0.0754,0.0327,0.1304,0.4750,0.00,0.00,0.00,0.00
3149.00,180.000,180.000,170.000,175.000,179.868,176.687,163.520,168.920,180.232,176.845,163.643,169.796,188.298,179.694,179.397,273.120,0.0753,0.0327,0.1304,0.4750,0.00,0.00,0.00,0.00
3150.00,180.000,180.000,170.000,175.000,179.870,176.688,163.521,168.926,180.234,176.846,163.644,169.801,188.299,179.695,179.398,273.108,0.0753,0.0328,0.1304,0.4749,0.00,0.00,0.00,0.00
3151.00,180.000,180.000,170.000,175.000,179.872,176.689,163.522,168.932,180.236,176.847,163.645,169.806,188.301,179.696,179.399,273.098,0.0753,0.0328,0.1304,0.4749,0.00,0.00,0.00,0.00
3152.00,180.000,180.000,170.000,175.000,179.875,176.690,163.523,168.938,180.238,176.848,163.646,169.812,188.303,179.697,179.400,273.089,0.0752,0.0328,0.1304,0.4749,0.00,0.00,0.00,0.00
3153.00,180.000,180.000,170.000,175.000,179.877,176.691,163.523,168.943,180.240,176.849,163.647,169.817,188.305,179.698,179.401,273.082,0.0752,0.0328,0.1304,0.4748,0.00,0.00,0.00,0.00
3154.00,180.000,180.000,170.000,175.000,179.880,176.692,163.524,168.949,180.242,176.850,163.647,169.822,188.307,179.699,179.402,273.077,0.0752,0.0328,0.1304,0.4748,0.00,0.00,0.00,0.00
3155.00,180.000,180.000,170.000,175.000,179.882,176.694,163.525,168.955,180.245,176.851,163.648,169.827,188.309,179.700,179.403,273.072,0.0752,0.0328,0.1304,0.4746,0.00,0.00,0.00,0.00
3156.00,180.000,180.000,170.000,175.000,179.885,176.695,163.526,168.961,180.247,176.852,163.649,169.832,188.311,179.701,179.404,273.069,0.0752,0.0329,0.1304,0.4744,0.00,0.00,0.00,0.00
3157.00,180.000,180.000,170.000,175.000,179.887,176.696,163.527,168.967,180.249,176.853,163.650,169.838,188.313,179.702,179.405,273.066,0.0751,0.0329,0.1304,0.4742,0.00,0.00,0.00,0.00
3158.00,180.000,180.000,170.000,175.000,179.889,176.697,163.528,168.972,180.251,176.854,163.651,169.843,188.315,179.703,179.406,273.065,0.0751,0.0329,0.1304,0.4741,0.00,0.00,0.00,0.00
3159.00,180.000,180.000,170.000,175.000,179.892,176.698,163.528,168.978,180.253,176.855,163.652,169.848,188.318,179.704,179.407,273.036,0.0751,0.0329,0.1304,0.4740,0.00,0.00,0.00,0.00
3160.00,180.000,180.000,170.000,175.000,179.894,176.699,163.529,168.984,180.255,176.856,163.653,169.854,188.320,179.705,179.408,272.984,0.0751,0.0329,0.1304,0.4738,0.00,0.00,0.00,0.00
3161.00,180.000,180.000,170.000,175.000,179.897,176.700,163.530,168.990,180.257,176.857,163.654,169.859,188.322,179.706,179.409,272.939,0.0751,0.0329,0.1304,0.4738,0.00,0.00,0.00,0.00
3162.00,180.000,180.000,170.000,175.000,179.899,176.701,163.531,168.996,180.259,176.858,163.655,169.864,188.324,179.707,179.410,272.899,0.0751,0.0329,0.1304,0.4737,0.00,0.00,0.00,0.00
3163.00,180.000,180.000,170.000,175.000,179.901,176.702,163.532,169.001,180.261,176.859,163.656,169.869,188.326,179.708,179.411,272.864,0.0751,0.0330,0.1304,0.4736,0.00,0.00,0.00,0.00
3164.00,180.000,180.000,170.000,175.000,179.904,176.703,163.533,169.007,180.263,176.860,163.657,169.874,188.329,179.709,179.411,272.834,0.0751,0.0330,0.1304,0.4736,0.00,0.00,0.00,0.00
3165.00,180.000,180.000,170.000,175.000,179.906,176.704,163.533,169.013,180.265,176.861,163.658,169.879,188.331,179.710,179.412,272.807,0.0751,0.0330,0.1304,0.4735,0.00,0.00,0.00,0.00
3166.00,180.000,180.000,170.000,175.000,179.909,176.705,163.534,169.019,180.267,176.862,163.658,169.884,188.333,179.711,179.413,272.784,0.0751,0.0330,0.1304,0.4735,0.00,0.00,0.00,0.00
3167.00,180.000,180.000,170.000,175.000,179.911,176.706,163.535,169.024,180.269,176.863,163.659,169.889,188.336,179.712,179.414,272.764,0.0751,0.0330,0.1304,0.4734,0.00,0.00,0.00,0.00
3168.00,180.000,180.000,170.000,175.000,179.913,176.707,163.536,169.030,180.271,176.864,163.660,169.894,188.338,179.713,179.415,272.747,0.0751,0.0330,0.1304,0.4734,0.00,0.00,0.00,0.00
3169.00,180.000,180.000,170.000,175.000,179.916,176.708,163.537,169.036,180.274,176.865,163.661,169.899,188.340,179.714,179.416,272.732,0.0751,0.0330,0.1304,0.4734,0.00,0.00,0.00,0.00
3170.00,180.000,180.000,170.000,175.000,179.918,176.709,163.537,169.042,180.276,176.866,163.662,169.904,188.342,179.715,179.417,272.719,0.0751,0.0330,0.1304,0.4734,0.00,0.00,0.00,0.00
3171.00,180.000,180.000,170.000,175.000,179.920,176.710,163.538,169.047,180.278,176.867,163.663,169.909,188.345,179.716,179.418,272.708,0.0751,0.0331,0.1303,0.4733,0.00,0.00,0.00,0.00
3172.00,180.000,180.000,170.000,175.000,179.923,176.711,163.539,169.053,180.280,176.868,163.664,169.915,188.347,179.717,179.419,272.699,0.0751,0.0331,0.1303,0.4731,0.00,0.00,0.00,0.00
3173.00,180.000,180.000,170.000,175.000,179.925,176.712,163.540,169.059,180.282,176.869,163.665,169.920,188.349,179.718,179.420,272.692,0.0751,0.0331,0.1303,0.4729,0.00,0.00,0.00,0.00
3174.00,180.000,180.000,170.000,175.000,179.928,176.713,163.541,169.065,180.284,176.870,163.666,169.925,188.352,179.719,179.421,272.685,0.0751,0.0331,0.1303,0.4728,0.00,0.00,0.00,0.00
3175.00,180.000,180.000,170.000,175.000,179.930,176.714,163.542,169.070,180.286,176.871,163.667,169.930,188.354,179.721,179.422,272.680,0.0751,0.0331,0.1303,0.4726,0.00,0.00,0.00,0.00
3176.00,180.000,180.000,170.000,175.000,179.932,176.715,163.542,169.076,180.288,176.872,163.668,169.935,188.357,179.722,179.423,272.677,0.0751,0.0331,0.1303,0.4725,0.00,0.00,0.00,0.00
3177.00,180.000,180.000,170.000,175.000,179.935,176.716,163.543,169.082,180.290,176.873,163.669,169.940,188.359,179.723,179.424,272.674,0.0751,0.0331,0.1303,0.4724,0.00,0.00,0.00,0.00
3178.00,180.000,180.000,170.000,175.000,179.937,176.718,163.544,169.088,180.292,176.874,163.670,169.945,188.361,179.724,179.425,272.671,0.0751,0.0331,0.1303,0.4723,0.00,0.00,0.00,0.00
3179.00,180.000,180.000,170.000,175.000,179.939,176.719,163.545,169.093,180.295,176.875,163.671,169.950,188.364,179.725,179.426,272.670,0.0751,0.0331,0.1303,0.4722,0.00,0.00,0.00,0.00
3180.00,180.000,180.000,170.000,175.000,179.942,176.720,163.546,169.099,180.297,176.876,163.672,169.955,188.366,179.726,179.427,272.669,0.0751,0.0331,0.1303,0.4722,0.00,0.00,0.00,0.00
3181.00,180.000,180.000,170.000,175.000,179.944,176.721,163.547,169.105,180.299,176.877,163.672,169.961,188.368,179.727,179.428,272.669,0.0751,0.0331,0.1303,0.4721,0.00,0.00,0.00,0.00
3182.00,180.000,180.000,170.000,175.000,179.947,176.722,163.548,169.110,180.301,176.878,163.673,169.966,188.371,179.728,179.429,272.670,0.0751,0.0331,0.1303,0.4720,0.00,0.00,0.00,0.00
3183.00,180.000,180.000,170.000,175.000,179.949,176.723,163.548,169.116,180.303,176.879,163.674,169.971,188.373,179.729,179.430,272.671,0.0752,0.0331,0.1303,0.4720,0.00,0.00,0.00,0.00
3184.00,180.000,180.000,170.000,175.000,179.951,176.724,163.549,169.122,180.305,176.880,163.675,169.976,188.376,179.730,179.431,272.618,0.0751,0.0332,0.1303,0.4720,0.00,0.00,0.00,0.00
3185.00,180.000,180.000,170.000,175.000,179.954,176.725,163.550,169.127,180.307,176.881,163.676,169.981,188.378,179.731,179.431,272.571,0.0750,0.0332,0.1303,0.4719,0.00,0.00,0.00,0.00
3186.00,180.000,180.000,170.000,175.000,179.956,176.726,163.551,169.133,180.310,176.882,163.677,169.986,188.381,179.732,179.432,272.530,0.0749,0.0332,0.1303,0.4719,0.00,0.00,0.00,0.00
3187.00,180.000,180.000,170.000,175.000,179.958,176.727,163.552,169.139,180.312,176.883,163.678,169.992,188.383,179.733,179.433,272.494,0.0749,0.0332,0.1302,0.4719,0.00,0.00,0.00,0.00
3188.00,180.000,180.000,170.000,175.000,179.961,176.728,163.553,169.144,180.314,176.884,163.679,169.997,188.385,179.734,179.434,272.463,0.0748,0.0332,0.1302,0.4719,0.00,0.00,0.00,0.00
3189.00,180.000,180.000,170.000,175.000,179.963,176.729,163.553,169.150,180.316,176.885,163.680,170.002,188.388,179.735,179.435,272.436,0.0748,0.0332,0.1301,0.4718,0.00,0.00,0.00,0.00
3190.00,180.000,180.000,170.000,175.000,179.965,176.730,163.554,169.156,180.318,176.886,163.681,170.007,188.390,179.736,179.436,272.412,0.0747,0.0332,0.1301,0.4715,0.00,0.00,0.00,0.00
3191.00,180.000,180.000,170.000,175.000,179.968,176.731,163.555,169.161,180.320,176.887,163.682,170.012,188.393,179.737,179.437,272.391,0.0747,0.0332,0.1300,0.4714,0.00,0.00,0.00,0.00
3192.00,180.000,180.000,170.000,175.000,179.970,176.732,163.556,169.167,180.323,176.888,163.683,170.017,188.395,179.738,179.438,272.373,0.0746,0.0332,0.1300,0.4712,0.00,0.00,0.00,0.00
3193.00,180.000,180.000,170.000,175.000,179.972,176.733,163.557,169.173,180.325,176.890,163.684,170.022,188.398,179.739,179.439,272.358,0.0746,0.0332,0.1300,0.4711,0.00,0.00,0.00,0.00
3194.00,180.000,180.000,170.000,175.000,179.975,176.734,163.558,169.178,180.327,176.891,163.685,170.027,188.400,179.740,179.408,272.345,0.0746,0.0332,0.1300,0.4710,0.00,0.00,0.00,0.00
3195.00,180.000,180.000,170.000,175.000,179.977,176.735,163.558,169.184,180.329,176.892,163.686,170.032,188.403,179.741,179.380,272.334,0.0746,0.0332,0.1299,0.4709,0.00,0.00,0.00,0.00
3196.00,180.000,180.000,170.000,175.000,179.979,176.736,163.559,169.190,180.331,176.893,163.687,170.037,188.405,179.742,179.355,272.324,0.0746,0.0332,0.1299,0.4708,0.00,0.00,0.00,0.00
3197.00,180.000,180.000,170.000,175.000,179.982,176.737,163.560,169.195,180.333,176.894,163.687,170.042,188.407,179.743,179.332,272.316,0.0745,0.0332,0.1299,0.4707,0.00,0.00,0.00,0.00
3198.00,180.000,180.000,170.000,175.000,179.984,176.738,163.561,169.201,180.336,176.895,163.688,170.047,188.410,179.744,179.312,272.310,0.0745,0.0332,0.1299,0.4706,0.00,0.00,0.00,0.00
3199.00,180.000,180.000,170.000,175.000,179.986,176.739,163.562,169.207,180.338,176.896,163.689,170.052,188.412,179.745,179.293,272.304,0.0745,0.0332,0.1299,0.4706,0.00,0.00,0.00,0.00
3200.00,180.000,180.000,170.000,175.000,179.989,176.740,163.563,169.212,180.340,176.897,163.689,170.057,188.415,179.746,179.276,272.300,0.0745,0.0332,0.1299,0.4705,0.00,0.00,0.00,0.00
3201.00,180.000,180.000,170.000,175.000,179.991,176.741,163.564,169.218,180.342,176.898,163.690,170.062,188.417,179.748,179.261,272.297,0.0745,0.0332,0.1298,0.4705,0.00,0.00,0.00,0.00
3202.00,180.000,180.000,170.000,175.000,179.993,176.743,163.564,169.223,180.344,176.899,163.691,170.067,188.420,179.749,179.248,272.295,0.0745,0.0332,0.1298,0.4705,0.00,0.00,0.00,0.00
3203.00,180.000,180.000,170.000,175.000,179.996,176.744,163.565,169.229,180.347,176.900,163.691,170.072,188.422,179.750,179.236,272.293,0.0745,0.0332,0.1298,0.4704,0.00,0.00,0.00,0.00
3204.00,180.000,180.000,170.000,175.000,179.998,176.745,163.566,169.235,180.349,176.901,163.692,170.077,188.425,179.751,179.225,272.292,0.0745,0.0332,0.1298,0.4704,0.00,0.00,0.00,0.00
3205.00,180.000,180.000,170.000,175.000,180.000,176.746,163.567,169.240,180.351,176.902,163.692,170.082,188.427,179.752,179.215,272.292,0.0745,0.0332,0.1298,0.4704,0.00,0.00,0.00,0.00
3206.00,180.000,180.000,170.000,175.000,180.003,176.747,163.568,169.246,180.353,176.903,163.693,170.087,188.430,179.753,179.206,272.292,0.0745,0.0332,0.1298,0.4704,0.00,0.00,0.00,0.00
3207.00,180.000,180.000,170.000,175.000,180.005,176.748,163.569,169.251,180.356,176.904,163.693,170.092,188.432,179.754,179.198,272.293,0.0745,0.0332,0.1298,0.4702,0.00,0.00,0.00,0.00
3208.00,180.000,180.000,170.000,175.000,180.007,176.749,163.569,169.257,180.358,176.905,163.694,170.097,188.435,179.755,179.191,272.294,0.0745,0.0332,0.1298,0.4700,0.00,0.00,0.00,0.00
3209.00,180.000,180.000,170.000,175.000,180.010,176.750,163.570,169.263,180.360,176.906,163.694,170.103,188.437,179.756,179.184,272.241,0.0745,0.0332,0.1298,0.4698,0.00,0.00,0.00,0.00
3210.00,180.000,180.000,170.000,175.000,180.012,176.751,163.571,169.268,180.362,176.907,163.695,170.108,188.440,179.757,179.178,272.195,0.0745,0.0329,0.1298,0.4697,0.00,0.00,0.00,0.00
3211.00,180.000,180.000,170.000,175.000,180.014,176.752,163.572,169.274,180.364,176.908,163.695,170.113,188.442,179.758,179.173,272.154,0.0745,0.0326,0.1298,0.4695,0.00,0.00,0.00,0.00
3212.00,180.000,180.000,170.000,175.000,180.017,176.753,163.573,169.279,180.367,176.910,163.696,170.118,188.445,179.759,179.169,272.119,0.0745,0.0324,0.1297,0.4694,0.00,0.00,0.00,0.00
3213.00,180.000,180.000,170.000,175.000,180.019,176.754,163.574,169.285,180.369,176.911,163.696,170.123,188.447,179.760,179.165,272.088,0.0745,0.0323,0.1297,0.4693,0.00,0.00,0.00,0.00
3214.00,180.000,180.000,170.000,175.000,180.021,176.755,163.574,169.291,180.371,176.912,163.697,170.128,188.450,179.761,179.161,272.060,0.0745,0.0321,0.1297,0.4693,0.00,0.00,0.00,0.00
3215.00,180.000,180.000,170.000,175.000,180.024,176.756,163.575,169.296,180.373,176.913,163.697,170.133,188.452,179.762,179.158,272.037,0.0745,0.0320,0.1297,0.4692,0.00,0.00,0.00,0.00
3216.00,180.000,180.000,170.000,175.000,180.026,176.757,163.576,169.302,180.376,176.914,163.698,170.138,188.455,179.747,179.155,272.016,0.0745,0.0320,0.1297,0.4691,0.00,0.00,0.00,0.00
3217.00,180.000,180.000,170.000,175.000,180.028,176.758,163.577,169.307,180.378,176.915,163.698,170.142,188.457,179.718,179.152,271.998,0.0745,0.0319,0.1297,0.4691,0.00,0.00,0.00,0.00
3218.00,180.000,180.000,170.000,175.000,180.031,176.759,163.578,169.313,180.380,176.916,163.698,170.147,188.460,179.691,179.150,271.983,0.0745,0.0319,0.1297,0.4690,0.00,0.00,0.00,0.00
3219.00,180.000,180.000,170.000,175.000,180.033,176.760,163.578,169.318,180.382,176.917,163.699,170.152,188.462,179.668,179.148,271.970,0.0745,0.0318,0.1297,0.4690,0.00,0.00,0.00,0.00
3220.00,180.000,180.000,170.000,175.000,180.035,176.761,163.579,169.324,180.385,176.918,163.699,170.157,188.465,179.646,179.146,271.958,0.0745,0.0318,0.1297,0.4690,0.00,0.00,0.00,0.00
3221.00,180.000,180.000,170.000,175.000,180.038,176.762,163.580,169.329,180.387,176.918,163.700,170.162,188.467,179.627,179.144,271.949,0.0745,0.0318,0.1297,0.4689,0.00,0.00,0.00,0.00
3222.00,180.000,180.000,170.000,175.000,180.040,176.763,163.581,169.335,180.389,176.919,163.700,170.167,188.470,179.609,179.143,271.941,0.0745,0.0318,0.1297,0.4689,0.00,0.00,0.00,0.00
3223.00,180.000,180.000,170.000,175.000,180.042,176.764,163.582,169.341,180.392,176.920,163.701,170.172,188.473,179.594,179.142,271.935,0.0745,0.0318,0.1297,0.4689,0.00,0.00,0.00,0.00
3224.00,180.000,180.000,170.000,175.000,180.045,176.765,163.582,169.346,180.394,176.921,163.701,170.177,188.475,179.580,179.141,271.929,0.0745,0.0318,0.1297,0.4689,0.00,0.00,0.00,0.00
3225.00,180.000,180.000,170.000,175.000,180.047,176.766,163.583,169.352,180.396,176.921,163.701,170.182,188.478,179.567,179.140,271.925,0.0745,0.0318,0.1297,0.4687,0.00,0.00,0.00,0.00
3226.00,180.000,180.000,170.000,175.000,180.049,176.767,163.584,169.357,180.398,176.922,163.702,170.187,188.480,179.556,179.139,271.922,0.0745,0.0318,0.1297,0.4685,0.00,0.00,0.00,0.00
3227.00,180.000,180.000,170.000,175.000,180.052,176.769,163.585,169.363,180.401,176.923,163.702,170.192,188.483,179.545,179.138,271.919,0.0745,0.0318,0.1297,0.4683,0.00,0.00,0.00,0.00
3228.00,180.000,180.000,170.000,175.000,180.054,176.770,163.585,169.368,180.403,176.923,163.703,170.197,188.485,179.536,179.138,271.918,0.0744,0.0319,0.1297,0.4682,0.00,0.00,0.00,0.00
3229.00,180.000,180.000,170.000,175.000,180.056,176.771,163.586,169.374,180.405,176.924,163.703,170.202,188.488,179.528,179.137,271.917,0.0743,0.0319,0.1297,0.4681,0.00,0.00,0.00,0.00
3230.00,180.000,180.000,170.000,175.000,180.059,176.772,163.587,169.379,180.408,176.925,163.703,170.207,188.490,179.520,179.137,271.889,0.0742,0.0319,0.1297,0.4679,0.00,0.00,0.00,0.00
3231.00,180.000,180.000,170.000,175.000,180.061,176.773,163.588,169.385,180.410,176.925,163.704,170.212,188.493,179.514,179.137,271.838,0.0742,0.0319,0.1297,0.4679,0.00,0.00,0.00,0.00
3232.00,180.000,180.000,170.000,175.000,180.063,176.774,163.589,169.390,180.412,176.926,163.704,170.217,188.495,179.508,179.137,271.793,0.0741,0.0319,0.1297,0.4678,0.00,0.00,0.00,0.00
3233.00,180.000,180.000,170.000,175.000,180.066,176.775,163.589,169.396,180.415,176.926,163.705,170.222,188.498,179.502,179.136,271.753,0.0741,0.0319,0.1297,0.4677,0.00,0.00,0.00,0.00
3234.00,180.000,180.000,170.000,175.000,180.068,176.776,163.590,169.401,180.417,176.927,163.705,170.227,188.501,179.498,179.136,271.719,0.0741,0.0320,0.1297,0.4676,0.00,0.00,0.00,0.00
3235.00,180.000,180.000,170.000,175.000,180.070,176.777,163.591,169.407,180.419,176.928,163.705,170.231,188.503,179.493,179.136,271.689,0.0740,0.0320,0.1297,0.4676,0.00,0.00,0.00,0.00
3236.00,180.000,180.000,170.000,175.000,180.073,176.778,163.592,169.412,180.422,176.928,163.706,170.236,188.506,179.489,179.136,271.662,0.0740,0.0320,0.1297,0.4676,0.00,0.00,0.00,0.00
3237.00,180.000,180.000,170.000,175.000,180.075,176.779,163.592,169.418,180.424,176.929,163.706,170.241,188.476,179.518,179.136,271.639,0.0740,0.0320,0.1297,0.4675,0.00,0.00,0.00,0.00
3238.00,180.000,180.000,170.000,175.000,180.077,176.780,163.593,169.423,180.426,176.929,163.707,170.246,188.450,179.544,179.136,271.620,0.0740,0.0320,0.1296,0.4675,0.00,0.00,0.00,0.00
3239.00,180.000,180.000,170.000,175.000,180.080,176.781,163.594,169.429,180.428,176.930,163.707,170.251,188.426,179.567,179.137,271.602,0.0739,0.0321,0.1296,0.4674,0.00,0.00,0.00,0.00
3240.00,180.000,180.000,170.000,175.000,180.082,176.782,163.595,169.434,180.430,176.931,163.707,170.256,188.405,179.589,179.137,271.588,0.0739,0.0321,0.1296,0.4674,0.00,0.00,0.00,0.00
3241.00,180.000,180.000,170.000,175.000,180.084,176.783,163.595,169.440,180.432,176.932,163.708,170.260,188.386,179.608,179.137,271.575,0.0739,0.0321,0.1296,0.4674,0.00,0.00,0.00,0.00
3242.00,180.000,180.000,170.000,175.000,180.087,176.784,163.596,169.445,180.435,176.932,163.708,170.265,188.369,179.625,179.137,271.564,0.0739,0.0321,0.1296,0.4674,0.00,0.00,0.00,0.00
3243.00,180.000,180.000,170.000,175.000,180.089,176.785,163.597,169.450,180.437,176.933,163.709,170.270,188.354,179.641,179.137,271.555,0.0739,0.0321,0.1296,0.4673,0.00,0.00,0.00,0.00
3244.00,180.000,180.000,170.000,175.000,180.091,176.786,163.598,169.456,180.439,176.934,163.709,170.275,188.341,179.656,179.138,271.547,0.0739,0.0322,0.1296,0.4671,0.00,0.00,0.00,0.00
3245.00,180.000,180.000,170.000,175.000,180.093,176.787,163.598,169.461,180.441,176.935,163.710,170.280,188.329,179.669,179.138,271.541,0.0739,0.0322,0.1296,0.4669,0.00,0.00,0.00,0.00
3246.00,180.000,180.000,170.000,175.000,180.096,176.788,163.599,169.467,180.443,176.936,163.710,170.284,188.319,179.681,179.138,271.536,0.0739,0.0322,0.1296,0.4667,0.00,0.00,0.00,0.00
3247.00,180.000,180.000,170.000,175.000,180.098,176.789,163.600,169.472,180.444,176.937,163.710,170.289,188.309,179.692,179.139,271.532,0.0739,0.0322,0.1296,0.4666,0.00,0.00,0.00,0.00
3248.00,180.000,180.000,170.000,175.000,180.100,176.790,163.601,169.478,180.446,176.938,163.711,170.294,188.301,179.702,179.139,271.529,0.0739,0.0322,0.1296,0.4665,0.00,0.00,0.00,0.00
3249.00,180.000,180.000,170.000,175.000,180.103,176.791,163.601,169.483,180.448,176.939,163.711,170.299,188.294,179.712,179.139,271.526,0.0739,0.0323,0.1296,0.4664,0.00,0.00,0.00,0.00
3250.00,180.000,180.000,170.000,175.000,180.105,176.792,163.602,169.489,180.450,176.940,163.712,170.304,188.287,179.720,179.140,271.525,0.0739,0.0323,0.1296,0.4663,0.00,0.00,0.00,0.00
3251.00,180.000,180.000,170.000,175.000,180.107,176.793,163.603,169.494,180.452,176.941,163.712,170.309,188.282,179.728,179.140,271.524,0.0739,0.0323,0.1296,0.4662,0.00,0.00,0.00,0.00
3252.00,180.000,180.000,170.000,175.000,180.110,176.793,163.604,169.499,180.454,176.942,163.713,170.314,188.277,179.735,179.141,271.524,0.0739,0.0323,0.1296,0.4662,0.00,0.00,0.00,0.00
3253.00,180.000,180.000,170.000,175.000,180.112,176.794,163.604,169.505,180.456,176.943,163.713,170.319,188.273,179.741,179.141,271.524,0.0739,0.0323,0.1296,0.4661,0.00,0.00,0.00,0.00
3254.00,180.000,180.000,170.000,175.000,180.114,176.795,163.605,169.510,180.458,176.944,163.713,170.324,188.269,179.747,179.141,271.525,0.0739,0.0323,0.1296,0.4661,0.00,0.00,0.00,0.00
3255.00,180.000,180.000,170.000,175.000,180.116,176.796,163.606,169.516,180.460,176.945,163.714,170.329,188.266,179.753,179.142,271.526,0.0739,0.0323,0.1296,0.4660,0.00,0.00,0.00,0.00
3256.00,180.000,180.000,170.000,175.000,180.119,176.797,163.606,169.521,180.461,176.946,163.714,170.334,188.264,179.758,179.142,271.528,0.0739,0.0324,0.1296,0.4660,0.00,0.00,0.00,0.00
3257.00,180.000,180.000,170.000,175.000,180.121,176.798,163.607,169.526,180.463,176.947,163.715,170.339,188.262,179.763,179.143,271.475,0.0739,0.0324,0.1296,0.4660,0.00,0.00,0.00,0.00
3258.00,180.000,180.000,170.000,175.000,180.123,176.799,163.608,169.532,180.465,176.948,163.715,170.344,188.260,179.767,179.143,271.429,0.0739,0.0324,0.1296,0.4659,0.00,0.00,0.00,0.00
3259.00,180.000,180.000,170.000,175.000,180.126,176.800,163.609,169.537,180.467,176.949,163.716,170.348,188.259,179.771,179.144,271.388,0.0739,0.0324,0.1296,0.4659,0.00,0.00,0.00,0.00
3260.00,180.000,180.000,170.000,175.000,180.128,176.801,163.609,169.543,180.469,176.950,163.716,170.353,188.258,179.775,179.144,271.353,0.0739,0.0324,0.1296,0.4659,0.00,0.00,0.00,0.00
3261.00,180.000,180.000,170.000,175.000,180.130,176.802,163.610,169.548,180.471,176.951,163.716,170.358,188.257,179.778,179.145,271.322,0.0739,0.0324,0.1296,0.4659,0.00,0.00,0.00,0.00
3262.00,180.000,180.000,170.000,175.000,180.132,176.803,163.611,169.553,180.472,176.952,163.717,170.363,188.257,179.782,179.145,271.295,0.0739,0.0324,0.1296,0.4657,0.00,0.00,0.00,0.00
3263.00,180.000,180.000,170.000,175.000,180.135,176.804,163.611,169.559,180.474,176.953,163.717,170.368,188.256,179.785,179.146,271.271,0.0739,0.0324,0.1296,0.4655,0.00,0.00,0.00,0.00
3264.00,180.000,180.000,170.000,175.000,180.137,176.805,163.612,169.564,180.476,176.955,163.718,170.372,188.256,179.788,179.146,271.250,0.0739,0.0325,0.1296,0.4653,0.00,0.00,0.00,0.00
3265.00,180.000,180.000,170.000,175.000,180.139,176.806,163.613,169.570,180.478,176.956,163.718,170.377,188.257,179.790,179.147,271.233,0.0739,0.0325,0.1296,0.4652,0.00,0.00,0.00,0.00
3266.00,180.000,180.000,170.000,175.000,180.141,176.807,163.614,169.575,180.480,176.957,163.719,170.382,188.257,179.793,179.147,271.217,0.0739,0.0325,0.1296,0.4650,0.00,0.00,0.00,0.00
3267.00,180.000,180.000,170.000,175.000,180.144,176.808,163.614,169.580,180.482,176.958,163.719,170.387,188.258,179.795,179.148,271.204,0.0739,0.0325,0.1296,0.4649,0.00,0.00,0.00,0.00
3268.00,180.000,180.000,170.000,175.000,180.146,176.809,163.615,169.586,180.483,176.959,163.720,170.391,188.258,179.797,179.148,271.193,0.0739,0.0325,0.1296,0.4648,0.00,0.00,0.00,0.00
3269.00,180.000,180.000,170.000,175.000,180.148,176.810,163.616,169.591,180.485,176.960,163.720,170.396,188.259,179.800,179.149,271.183,0.0739,0.0325,0.1296,0.4648,0.00,0.00,0.00,0.00
3270.00,180.000,180.000,170.000,175.000,180.150,176.811,163.616,169.596,180.487,176.961,163.720,170.401,188.260,179.802,179.149,271.175,0.0739,0.0325,0.1296,0.4647,0.00,0.00,0.00,0.00
