t_s,setpoint_front,setpoint_middle,setpoint_back,setpoint_nozzle,sensor_front,sensor_middle,sensor_back,sensor_nozzle,steel_front,steel_middle,steel_back,steel_nozzle,band_front,band_middle,band_back,band_nozzle,duty_front,duty_middle,duty_back,duty_nozzle,power_w_front,power_w_middle,power_w_back,power_w_nozzle
0.01,180.000,180.000,170.000,175.000,22.000,22.000,22.000,22.000,22.000,22.000,22.000,22.000,22.171,22.171,22.171,22.288,1.0000,1.0000,1.0000,0.9500,700.00,700.00,700.00,200.00
1.00,180.000,180.000,170.000,175.000,22.000,22.000,22.000,22.000,22.015,22.015,22.015,22.018,38.321,38.321,38.321,47.974,1.0000,1.0000,1.0000,0.9500,700.00,700.00,700.00,0.00
2.00,180.000,180.000,170.000,175.000,22.000,22.000,22.000,22.000,22.059,22.059,22.059,22.067,53.094,53.094,53.094,71.349,1.0000,1.0000,1.0000,0.9500,700.00,700.00,700.00,0.00
3.00,180.000,180.000,170.000,175.000,22.001,22.001,22.001,22.001,22.128,22.128,22.128,22.144,66.468,66.468,66.468,92.355,1.0000,1.0000,1.0000,0.9500,700.00,700.00,700.00,0.00
4.00,180.000,180.000,170.000,175.000,22.002,22.002,22.002,22.002,22.221,22.221,22.221,22.245,78.579,78.579,78.578,111.215,1.0000,1.0000,1.0000,0.9500,700.00,700.00,700.00,0.00
5.00,180.000,180.000,170.000,175.000,22.003,22.003,22.003,22.004,22.335,22.335,22.335,22.365,89.548,89.548,89.547,128.137,1.0000,1.0000,1.0000,0.9500,700.00,700.00,700.00,0.00
6.00,180.000,180.000,170.000,175.000,22.006,22.006,22.006,22.006,22.467,22.467,22.467,22.502,99.485,99.486,99.484,143.309,1.0000,1.0000,1.0000,0.9500,700.00,700.00,700.00,0.00
7.00,180.000,180.000,170.000,175.000,22.009,22.009,22.009,22.010,22.617,22.617,22.617,22.654,108.491,108.493,108.490,156.907,1.0000,1.0000,1.0000,0.9500,700.00,700.00,700.00,0.00
8.00,180.000,180.000,170.000,175.000,22.013,22.013,22.013,22.014,22.782,22.782,22.782,22.817,116.655,116.658,116.654,169.087,1.0000,1.0000,1.0000,0.9500,700.00,700.00,700.00,0.00
9.00,180.000,180.000,170.000,175.000,22.019,22.019,22.019,22.020,22.962,22.962,22.962,22.990,124.059,124.062,124.057,179.996,1.0000,1.0000,1.0000,0.9500,700.00,700.00,700.00,0.00
10.00,180.000,180.000,170.000,175.000,22.025,22.025,22.025,22.027,23.153,23.153,23.153,23.170,130.776,130.780,130.773,189.761,1.0000,1.0000,1.0000,0.9500,700.00,700.00,700.00,0.00
11.00,180.000,180.000,170.000,175.000,22.033,22.033,22.033,22.035,23.357,23.357,23.357,23.357,136.872,136.878,136.868,198.503,1.0000,1.0000,1.0000,0.9500,700.00,700.00,700.00,0.00
12.00,180.000,180.000,170.000,175.000,22.042,22.042,22.042,22.044,23.570,23.570,23.570,23.549,142.407,142.415,142.403,206.326,1.0000,1.0000,1.0000,0.9500,700.00,700.00,700.00,0.00
13.00,180.000,180.000,170.000,175.000,22.053,22.053,22.053,22.054,23.793,23.793,23.793,23.745,147.436,147.446,147.431,213.327,1.0000,1.0000,1.0000,0.9500,700.00,700.00,700.00,0.00
14.00,180.000,180.000,170.000,175.000,22.065,22.065,22.065,22.066,24.024,24.024,24.024,23.942,152.007,152.020,152.002,219.593,1.0000,1.0000,1.0000,0.9500,700.00,700.00,700.00,0.00
15.00,180.000,180.000,170.000,175.000,22.078,22.078,22.078,22.078,24.263,24.263,24.263,24.142,156.164,156.181,156.159,225.200,1.0000,1.0000,1.0000,0.9500,700.00,700.00,700.00,0.00
16.00,180.000,180.000,170.000,175.000,22.093,22.093,22.093,22.092,24.508,24.509,24.508,24.342,159.949,159.968,159.942,230.219,1.0000,1.0000,1.0000,0.9500,700.00,700.00,700.00,0.00
17.00,180.000,180.000,170.000,175.000,22.109,22.109,22.109,22.108,24.760,24.760,24.760,24.543,163.395,163.419,163.388,234.713,1.0000,1.0000,1.0000,0.9500,700.00,700.00,700.00,0.00
18.00,180.000,180.000,170.000,175.000,22.128,22.128,22.128,22.124,25.017,25.018,25.017,24.743,166.537,166.565,166.530,238.738,1.0000,1.0000,1.0000,0.9500,700.00,700.00,700.00,0.00
19.00,180.000,180.000,170.000,175.000,22.147,22.147,22.147,22.142,25.280,25.280,25.279,24.943,169.403,169.436,169.396,242.343,1.0000,1.0000,1.0000,0.9500,700.00,700.00,700.00,0.00
20.00,180.000,180.000,170.000,175.000,22.168,22.168,22.168,22.161,25.546,25.547,25.546,25.141,172.021,172.058,172.013,245.574,1.0000,1.0000,1.0000,0.9500,700.00,700.00,700.00,0.00
21.00,180.000,180.000,170.000,175.000,22.191,22.191,22.191,22.181,25.817,25.818,25.817,25.337,174.413,174.456,174.405,248.470,1.0000,1.0000,1.0000,0.9500,700.00,700.00,700.00,0.00
22.00,180.000,180.000,170.000,175.000,22.216,22.216,22.216,22.202,26.092,26.092,26.091,25.532,176.602,176.651,176.594,251.069,1.0000,1.0000,1.0000,0.9500,700.00,700.00,700.00,0.00
23.00,180.000,180.000,170.000,175.000,22.242,22.242,22.242,22.225,26.369,26.370,26.369,25.725,178.608,178.663,178.599,253.402,1.0000,1.0000,1.0000,0.9500,700.00,700.00,700.00,0.00
24.00,180.000,180.000,170.000,175.000,22.270,22.270,22.270,22.248,26.650,26.651,26.650,25.915,180.448,180.510,180.439,255.498,1.0000,1.0000,1.0000,0.9500,700.00,700.00,700.00,0.00
25.00,180.000,180.000,170.000,175.000,22.299,22.300,22.299,22.273,26.934,26.935,26.933,26.103,182.138,182.207,182.129,257.382,1.0000,1.0000,1.0000,0.9500,700.00,700.00,700.00,0.00
26.00,180.000,180.000,170.000,175.000,22.331,22.331,22.331,22.299,27.220,27.221,27.219,26.289,183.692,183.769,183.684,259.077,1.0000,1.0000,1.0000,0.9500,700.00,700.00,700.00,0.00
27.00,180.000,180.000,170.000,175.000,22.364,22.364,22.364,22.326,27.508,27.509,27.507,26.472,185.124,185.210,185.116,260.604,1.0000,1.0000,1.0000,0.9500,700.00,700.00,700.00,0.00
28.00,180.000,180.000,170.000,175.000,22.398,22.398,22.398,22.353,27.798,27.799,27.797,26.652,186.445,186.540,186.438,261.981,1.0000,1.0000,1.0000,0.9500,700.00,700.00,700.00,0.00
29.00,180.000,180.000,170.000,175.000,22.435,22.435,22.435,22.382,28.089,28.091,28.089,26.830,187.667,187.770,187.660,263.224,1.0000,1.0000,1.0000,0.9500,700.00,700.00,700.00,0.00
30.00,180.000,180.000,170.000,175.000,22.473,22.473,22.473,22.412,28.383,28.385,28.382,27.005,188.798,188.911,188.791,264.347,1.0000,1.0000,1.0000,0.9500,700.00,700.00,700.00,0.00
31.00,180.000,180.000,170.000,175.000,22.512,22.513,22.512,22.443,28.678,28.680,28.677,27.177,189.847,189.970,189.841,265.364,1.0000,1.0000,1.0000,0.9500,700.00,700.00,700.00,0.00
32.00,180.000,180.000,170.000,175.000,22.554,22.554,22.554,22.475,28.974,28.976,28.973,27.347,190.823,190.956,190.818,266.285,1.0000,1.0000,1.0000,0.9500,700.00,700.00,700.00,0.00
33.00,180.000,180.000,170.000,175.000,22.597,22.597,22.597,22.507,29.271,29.273,29.270,27.515,191.732,191.876,191.728,267.122,1.0000,1.0000,1.0000,0.9500,700.00,700.00,700.00,0.00
34.00,180.000,180.000,170.000,175.000,22.642,22.642,22.642,22.541,29.569,29.572,29.569,27.679,192.580,192.736,192.578,267.882,1.0000,1.0000,1.0000,0.9500,700.00,700.00,700.00,0.00
35.00,180.000,180.000,170.000,175.000,22.688,22.689,22.688,22.575,29.868,29.871,29.868,27.841,193.374,193.542,193.373,268.575,1.0000,1.0000,1.0000,0.9500,700.00,700.00,700.00,0.00
36.00,180.000,180.000,170.000,175.000,22.737,22.737,22.737,22.610,30.168,30.172,30.168,28.001,194.119,194.299,194.119,269.207,1.0000,1.0000,1.0000,0.9500,700.00,700.00,700.00,0.00
37.00,180.000,180.000,170.000,175.000,22.787,22.787,22.786,22.647,30.469,30.473,30.468,28.158,194.819,195.012,194.821,269.785,1.0000,1.0000,1.0000,0.9500,700.00,700.00,700.00,0.00
38.00,180.000,180.000,170.000,175.000,22.838,22.838,22.838,22.683,30.770,30.775,30.769,28.313,195.479,195.685,195.482,270.314,1.0000,1.0000,1.0000,0.9500,700.00,700.00,700.00,0.00
39.00,180.000,180.000,170.000,175.000,22.891,22.891,22.891,22.721,31.072,31.077,31.071,28.466,196.103,196.322,196.107,270.801,1.0000,1.0000,1.0000,0.9500,700.00,700.00,700.00,0.00
40.00,180.000,180.000,170.000,175.000,22.946,22.946,22.946,22.760,31.375,31.380,31.374,28.616,196.693,196.926,196.700,271.248,1.0000,1.0000,1.0000,0.9500,700.00,700.00,700.00,0.00
41.00,180.000,180.000,170.000,175.000,23.003,23.003,23.003,22.799,31.677,31.683,31.676,28.765,197.254,197.501,197.263,271.661,1.0000,1.0000,1.0000,0.9500,700.00,700.00,700.00,0.00
42.00,180.000,180.000,170.000,175.000,23.061,23.061,23.061,22.839,31.981,31.987,31.980,28.911,197.788,198.050,197.798,272.043,1.0000,1.0000,1.0000,0.9500,700.00,700.00,700.00,0.00
43.00,180.000,180.000,170.000,175.000,23.120,23.121,23.120,22.879,32.284,32.291,32.283,29.055,198.297,198.574,198.310,272.397,1.0000,1.0000,1.0000,0.9500,700.00,700.00,700.00,0.00
44.00,180.000,180.000,170.000,175.000,23.182,23.182,23.182,22.920,32.588,32.596,32.587,29.198,198.785,199.077,198.800,272.727,1.0000,1.0000,1.0000,0.9500,700.00,700.00,700.00,0.00
45.00,180.000,180.000,170.000,175.000,23.245,23.245,23.245,22.962,32.892,32.901,32.891,29.338,199.252,199.560,199.270,273.033,1.0000,1.0000,1.0000,0.9500,700.00,700.00,700.00,0.00
46.00,180.000,180.000,170.000,175.000,23.309,23.310,23.309,23.005,33.197,33.206,33.195,29.477,199.701,200.026,199.721,273.320,1.0000,1.0000,1.0000,0.9500,700.00,700.00,700.00,0.00
47.00,180.000,180.000,170.000,175.000,23.376,23.376,23.376,23.048,33.501,33.511,33.500,29.614,200.134,200.475,200.157,273.589,1.0000,1.0000,1.0000,0.9500,700.00,700.00,700.00,0.00
48.00,180.000,180.000,170.000,175.000,23.443,23.444,23.443,23.092,33.806,33.817,33.805,29.749,200.553,200.911,200.578,273.841,1.0000,1.0000,1.0000,0.9500,700.00,700.00,700.00,0.00
49.00,180.000,180.000,170.000,175.000,23.513,23.514,23.513,23.136,34.111,34.123,34.109,29.882,200.957,201.333,200.986,274.079,1.0000,1.0000,1.0000,0.9500,700.00,700.00,700.00,0.00
50.00,180.000,180.000,170.000,175.000,23.584,23.585,23.584,23.182,34.416,34.429,34.414,30.015,201.350,201.743,201.381,274.304,1.0000,1.0000,1.0000,0.9500,700.00,700.00,700.00,0.00
51.00,180.000,180.000,170.000,175.000,23.656,23.657,23.656,23.227,34.721,34.735,34.719,30.145,201.732,202.142,201.766,274.516,1.0000,1.0000,1.0000,0.9500,700.00,700.00,700.00,0.00
52.00,180.000,180.000,170.000,175.000,23.730,23.731,23.730,23.273,35.026,35.041,35.024,30.274,202.103,202.532,202.141,274.718,1.0000,1.0000,1.0000,0.9500,700.00,700.00,700.00,0.00
53.00,180.000,180.000,170.000,175.000,23.806,23.807,23.806,23.320,35.332,35.347,35.329,30.402,202.466,202.914,202.506,274.911,1.0000,1.0000,1.0000,0.9500,700.00,700.00,700.00,0.00
54.00,180.000,180.000,170.000,175.000,23.883,23.884,23.883,23.367,35.637,35.654,35.635,30.529,202.821,203.287,202.864,275.094,1.0000,1.0000,1.0000,0.9500,700.00,700.00,700.00,0.00
55.00,180.000,180.000,170.000,175.000,23.961,23.963,23.961,23.415,35.942,35.960,35.940,30.654,203.168,203.653,203.215,275.270,1.0000,1.0000,1.0000,0.9500,700.00,700.00,700.00,0.00
56.00,180.000,180.000,170.000,175.000,24.042,24.043,24.041,23.463,36.247,36.267,36.245,30.778,203.508,204.013,203.558,275.439,1.0000,1.0000,1.0000,0.9500,700.00,700.00,700.00,0.00
57.00,180.000,180.000,170.000,175.000,24.123,24.125,24.123,23.512,36.553,36.573,36.550,30.901,203.842,204.367,203.896,275.601,1.0000,1.0000,1.0000,0.9500,700.00,700.00,700.00,0.00
58.00,180.000,180.000,170.000,175.000,24.206,24.208,24.206,23.561,36.858,36.880,36.855,31.022,204.171,204.716,204.228,275.757,1.0000,1.0000,1.0000,0.9500,700.00,700.00,700.00,0.00
59.00,180.000,180.000,170.000,175.000,24.291,24.293,24.291,23.611,37.163,37.187,37.160,31.143,204.494,205.060,204.556,275.908,1.0000,1.0000,1.0000,0.9500,700.00,700.00,700.00,0.00
60.00,180.000,180.000,170.000,175.000,24.377,24.379,24.377,23.662,37.468,37.493,37.465,31.263,204.813,205.400,204.878,276.053,1.0000,1.0000,1.0000,0.9500,700.00,700.00,700.00,0.00
61.00,180.000,180.000,170.000,175.000,24.464,24.466,24.464,23.712,37.773,37.800,37.770,31.381,205.128,205.736,205.197,276.195,1.0000,1.0000,1.0000,0.9500,700.00,700.00,700.00,0.00
62.00,180.000,180.000,170.000,175.000,24.553,24.556,24.553,23.763,38.078,38.107,38.075,31.499,205.439,206.068,205.512,276.332,1.0000,1.0000,1.0000,0.9500,700.00,700.00,700.00,0.00
63.00,180.000,180.000,170.000,175.000,24.644,24.646,24.643,23.815,38.383,38.414,38.380,31.616,205.747,206.398,205.824,276.465,1.0000,1.0000,1.0000,0.9500,700.00,700.00,700.00,0.00
64.00,180.000,180.000,170.000,175.000,24.735,24.738,24.735,23.867,38.688,38.720,38.684,31.732,206.051,206.724,206.132,276.596,1.0000,1.0000,1.0000,0.9500,700.00,700.00,700.00,0.00
65.00,180.000,180.000,170.000,175.000,24.829,24.831,24.828,23.919,38.993,39.027,38.989,31.847,206.353,207.048,206.438,276.722,1.0000,1.0000,1.0000,0.9500,700.00,700.00,700.00,0.00
66.00,180.000,180.000,170.000,175.000,24.923,24.926,24.923,23.972,39.298,39.334,39.294,31.962,206.652,207.369,206.741,276.846,1.0000,1.0000,1.0000,0.9500,700.00,700.00,700.00,0.00
67.00,180.000,180.000,170.000,175.000,25.019,25.023,25.019,24.026,39.602,39.640,39.598,32.075,206.948,207.688,207.042,276.968,1.0000,1.0000,1.0000,0.9500,700.00,700.00,700.00,0.00
68.00,180.000,180.000,170.000,175.000,25.117,25.120,25.116,24.079,39.907,39.947,39.902,32.188,207.243,208.006,207.340,277.087,1.0000,1.0000,1.0000,0.9500,700.00,700.00,700.00,0.00
69.00,180.000,180.000,170.000,175.000,25.215,25.219,25.215,24.133,40.211,40.254,40.207,32.300,207.535,208.321,207.637,277.203,1.0000,1.0000,1.0000,0.9500,700.00,700.00,700.00,0.00
70.00,180.000,180.000,170.000,175.000,25.316,25.320,25.315,24.188,40.515,40.560,40.511,32.412,207.826,208.635,207.932,277.318,1.0000,1.0000,1.0000,0.9500,700.00,700.00,700.00,0.00
71.00,180.000,180.000,170.000,175.000,25.417,25.421,25.417,24.243,40.819,40.867,40.815,32.523,208.115,208.948,208.226,277.430,1.0000,1.0000,1.0000,0.9500,700.00,700.00,700.00,0.00
72.00,180.000,180.000,170.000,175.000,25.520,25.524,25.519,24.298,41.123,41.173,41.118,32.633,208.402,209.259,208.517,277.541,1.0000,1.0000,1.0000,0.9500,700.00,700.00,700.00,0.00
73.00,180.000,180.000,170.000,175.000,25.624,25.629,25.623,24.353,41.427,41.480,41.422,32.743,208.688,209.570,208.808,277.650,1.0000,1.0000,1.0000,0.9500,700.00,700.00,700.00,0.00
74.00,180.000,180.000,170.000,175.000,25.730,25.735,25.729,24.409,41.731,41.787,41.726,32.853,208.972,209.879,209.097,277.757,1.0000,1.0000,1.0000,0.9500,700.00,700.00,700.00,0.00
75.00,180.000,180.000,170.000,175.000,25.836,25.842,25.836,24.466,42.035,42.093,42.029,32.961,209.256,210.187,209.385,277.863,1.0000,1.0000,1.0000,0.9500,700.00,700.00,700.00,0.00
76.00,180.000,180.000,170.000,175.000,25.945,25.950,25.944,24.522,42.338,42.399,42.332,33.070,209.538,210.494,209.672,277.968,1.0000,1.0000,1.0000,0.9500,700.00,700.00,700.00,0.00
77.00,180.000,180.000,170.000,175.000,26.054,26.060,26.053,24.579,42.641,42.706,42.635,33.177,209.819,210.801,209.959,278.071,1.0000,1.0000,1.0000,0.9500,700.00,700.00,700.00,0.00
78.00,180.000,180.000,170.000,175.000,26.165,26.171,26.164,24.636,42.945,43.012,42.938,33.285,210.100,211.106,210.244,278.173,1.0000,1.0000,1.0000,0.9500,700.00,700.00,700.00,0.00
79.00,180.000,180.000,170.000,175.000,26.277,26.284,26.276,24.694,43.248,43.318,43.241,33.392,210.379,211.411,210.528,278.275,1.0000,1.0000,1.0000,0.9500,700.00,700.00,700.00,0.00
80.00,180.000,180.000,170.000,175.000,26.390,26.397,26.389,24.752,43.551,43.625,43.544,33.498,210.658,211.716,210.812,278.374,1.0000,1.0000,1.0000,0.9500,700.00,700.00,700.00,0.00
81.00,180.000,180.000,170.000,175.000,26.504,26.512,26.504,24.810,43.853,43.931,43.846,33.604,210.936,212.020,211.095,278.473,1.0000,1.0000,1.0000,0.9500,700.00,700.00,700.00,0.00
82.00,180.000,180.000,170.000,175.000,26.620,26.629,26.619,24.869,44.156,44.237,44.149,33.710,211.213,212.323,211.377,278.571,1.0000,1.0000,1.0000,0.9500,700.00,700.00,700.00,0.00
83.00,180.000,180.000,170.000,175.000,26.737,26.746,26.736,24.928,44.458,44.543,44.451,33.815,211.489,212.626,211.658,278.669,1.0000,1.0000,1.0000,0.9500,700.00,700.00,700.00,0.00
84.00,180.000,180.000,170.000,175.000,26.855,26.865,26.854,24.987,44.760,44.849,44.753,33.920,211.765,212.929,211.939,278.765,1.0000,1.0000,1.0000,0.9500,700.00,700.00,700.00,0.00
85.00,180.000,180.000,170.000,175.000,26.975,26.985,26.974,25.047,45.063,45.155,45.055,34.025,212.041,213.231,212.220,278.860,1.0000,1.0000,1.0000,0.9500,700.00,700.00,700.00,0.00
86.00,180.000,180.000,170.000,175.000,27.096,27.106,27.095,25.106,45.364,45.461,45.357,34.130,212.315,213.533,212.500,278.955,1.0000,1.0000,1.0000,0.9500,700.00,700.00,700.00,0.00
87.00,180.000,180.000,170.000,175.000,27.218,27.229,27.216,25.167,45.666,45.767,45.658,34.234,212.589,213.835,212.779,279.049,1.0000,1.0000,1.0000,0.9500,700.00,700.00,700.00,0.00
88.00,180.000,180.000,170.000,175.000,27.341,27.352,27.339,25.227,45.968,46.073,45.959,34.338,212.863,214.136,213.058,279.142,1.0000,1.0000,1.0000,0.9500,700.00,700.00,700.00,0.00
89.00,180.000,180.000,170.000,175.000,27.465,27.477,27.464,25.288,46.269,46.379,46.261,34.441,213.136,214.437,213.337,279.235,1.0000,1.0000,1.0000,0.9500,700.00,700.00,700.00,0.00
90.00,180.000,180.000,170.000,175.000,27.590,27.603,27.589,25.349,46.570,46.685,46.562,34.544,213.409,214.738,213.615,279.327,1.0000,1.0000,1.0000,0.9500,700.00,700.00,700.00,0.00
91.00,180.000,180.000,170.000,175.000,27.717,27.731,27.716,25.410,46.871,46.990,46.862,34.648,213.682,215.038,213.893,279.419,1.0000,1.0000,1.0000,0.9500,700.00,700.00,700.00,0.00
92.00,180.000,180.000,170.000,175.000,27.845,27.859,27.843,25.472,47.172,47.296,47.163,34.750,213.954,215.339,214.170,279.510,1.0000,1.0000,1.0000,0.9500,700.00,700.00,700.00,0.00
93.00,180.000,180.000,170.000,175.000,27.974,27.989,27.972,25.533,47.473,47.602,47.464,34.853,214.225,215.639,214.448,279.600,1.0000,1.0000,1.0000,0.9500,700.00,700.00,700.00,0.00
94.00,180.000,180.000,170.000,175.000,28.104,28.119,28.102,25.595,47.774,47.907,47.764,34.956,214.497,215.939,214.724,279.690,1.0000,1.0000,1.0000,0.9500,700.00,700.00,700.00,0.00
95.00,180.000,180.000,170.000,175.000,28.235,28.251,28.233,25.658,48.074,48.213,48.064,35.058,214.768,216.239,215.001,279.779,1.0000,1.0000,1.0000,0.9500,700.00,700.00,700.00,0.00
96.00,180.000,180.000,170.000,175.000,28.367,28.385,28.366,25.720,48.374,48.518,48.364,35.160,215.038,216.539,215.277,279.868,1.0000,1.0000,1.0000,0.9500,700.00,700.00,700.00,0.00
97.00,180.000,180.000,170.000,175.000,28.501,28.519,28.499,25.783,48.674,48.824,48.664,35.262,215.308,216.838,215.553,279.957,1.0000,1.0000,1.0000,0.9500,700.00,700.00,700.00,0.00
98.00,180.000,180.000,170.000,175.000,28.635,28.654,28.633,25.846,48.974,49.129,48.963,35.364,215.578,217.138,215.828,280.045,1.0000,1.0000,1.0000,0.9500,700.00,700.00,700.00,0.00
99.00,180.000,180.000,170.000,175.000,28.771,28.791,28.769,25.910,49.273,49.434,49.263,35.465,215.848,217.437,216.104,280.133,1.0000,1.0000,1.0000,0.9500,700.00,700.00,700.00,0.00
100.00,180.000,180.000,170.000,175.000,28.907,28.929,28.906,25.974,49.573,49.740,49.562,35.567,216.117,217.736,216.379,280.220,1.0000,1.0000,1.0000,0.9500,700.00,700.00,700.00,0.00
101.00,180.000,180.000,170.000,175.000,29.045,29.067,29.043,26.037,49.872,50.045,49.861,35.668,216.386,218.035,216.653,280.307,1.0000,1.0000,1.0000,0.9500,700.00,700.00,700.00,0.00
102.00,180.000,180.000,170.000,175.000,29.184,29.207,29.182,26.102,50.171,50.350,50.160,35.769,216.655,218.334,216.928,280.394,1.0000,1.0000,1.0000,0.9500,700.00,700.00,700.00,0.00
103.00,180.000,180.000,170.000,175.000,29.324,29.348,29.322,26.166,50.470,50.655,50.458,35.870,216.924,218.633,217.202,280.480,1.0000,1.0000,1.0000,0.9500,700.00,700.00,700.00,0.00
104.00,180.000,180.000,170.000,175.000,29.465,29.490,29.463,26.231,50.768,50.960,50.757,35.971,217.192,218.932,217.476,280.566,1.0000,1.0000,1.0000,0.9500,700.00,700.00,700.00,0.00
105.00,180.000,180.000,170.000,175.000,29.607,29.633,29.605,26.296,51.067,51.265,51.055,36.072,217.460,219.231,217.750,280.651,1.0000,1.0000,1.0000,0.9500,700.00,700.00,700.00,0.00
106.00,180.000,180.000,170.000,175.000,29.750,29.778,29.748,26.361,51.365,51.570,51.353,36.172,217.727,219.529,218.024,280.737,1.0000,1.0000,1.0000,0.9500,700.00,700.00,700.00,0.00
107.00,180.000,180.000,170.000,175.000,29.894,29.923,29.892,26.426,51.663,51.875,51.651,36.273,217.995,219.828,218.297,280.822,1.0000,1.0000,1.0000,0.9500,700.00,700.00,700.00,0.00
108.00,180.000,180.000,170.000,175.000,30.039,30.069,30.037,26.492,51.961,52.180,51.949,36.374,218.262,220.126,218.570,280.906,1.0000,1.0000,1.0000,0.9500,700.00,700.00,700.00,0.00
109.00,180.000,180.000,170.000,175.000,30.186,30.217,30.183,26.557,52.258,52.485,52.246,36.474,218.529,220.425,218.843,280.991,1.0000,1.0000,1.0000,0.9500,700.00,700.00,700.00,0.00
110.00,180.000,180.000,170.000,175.000,30.333,30.365,30.330,26.623,52.556,52.790,52.543,36.574,218.796,220.723,219.116,281.075,1.0000,1.0000,1.0000,0.9500,700.00,700.00,700.00,0.00
111.00,180.000,180.000,170.000,175.000,30.481,30.515,30.478,26.690,52.853,53.094,52.841,36.675,219.062,221.022,219.389,281.159,1.0000,1.0000,1.0000,0.9500,700.00,700.00,700.00,0.00
112.00,180.000,180.000,170.000,175.000,30.630,30.665,30.627,26.756,53.150,53.399,53.138,36.775,219.329,221.320,219.661,281.243,1.0000,1.0000,1.0000,0.9500,700.00,700.00,700.00,0.00
113.00,180.000,180.000,170.000,175.000,30.780,30.817,30.778,26.823,53.447,53.704,53.434,36.875,219.595,221.618,219.933,281.326,1.0000,1.0000,1.0000,0.9500,700.00,700.00,700.00,0.00
114.00,180.000,180.000,170.000,175.000,30.931,30.969,30.929,26.890,53.743,54.008,53.731,36.975,219.861,221.916,220.205,281.410,1.0000,1.0000,1.0000,0.9500,700.00,700.00,700.00,0.00
115.00,180.000,180.000,170.000,175.000,31.083,31.123,31.081,26.957,54.040,54.313,54.027,37.075,220.126,222.214,220.477,281.493,1.0000,1.0000,1.0000,0.9500,700.00,700.00,700.00,0.00
116.00,180.000,180.000,170.000,175.000,31.236,31.278,31.233,27.025,54.336,54.617,54.323,37.175,220.392,222.512,220.749,281.576,1.0000,1.0000,1.0000,0.9500,700.00,700.00,700.00,0.00
117.00,180.000,180.000,170.000,175.000,31.390,31.433,31.387,27.092,54.632,54.921,54.619,37.275,220.657,222.810,221.020,281.658,1.0000,1.0000,1.0000,0.9500,700.00,700.00,700.00,0.00
118.00,180.000,180.000,170.000,175.000,31.545,31.590,31.542,27.160,54.928,55.226,54.915,37.375,220.922,223.108,221.291,281.741,1.0000,1.0000,1.0000,0.9500,700.00,700.00,700.00,0.00
119.00,180.000,180.000,170.000,175.000,31.701,31.747,31.698,27.228,55.223,55.530,55.210,37.475,221.187,223.406,221.562,281.823,1.0000,1.0000,1.0000,0.9500,700.00,700.00,700.00,0.00
120.00,180.000,180.000,170.000,175.000,31.858,31.906,31.855,27.296,55.519,55.834,55.506,37.575,221.451,223.704,221.833,281.905,1.0000,1.0000,1.0000,0.9500,700.00,700.00,700.00,0.00
121.00,180.000,180.000,170.000,175.000,32.016,32.065,32.012,27.365,55.814,56.139,55.801,37.675,221.716,224.002,222.104,281.987,1.0000,1.0000,1.0000,0.9500,700.00,700.00,700.00,0.00
122.00,180.000,180.000,170.000,175.000,32.174,32.226,32.171,27.433,56.109,56.443,56.096,37.775,221.980,224.299,222.374,282.069,1.0000,1.0000,1.0000,0.9500,700.00,700.00,700.00,0.00
123.00,180.000,180.000,170.000,175.000,32.334,32.387,32.330,27.502,56.404,56.747,56.391,37.875,222.244,224.597,222.644,282.151,1.0000,1.0000,1.0000,0.9500,700.00,700.00,700.00,0.00
124.00,180.000,180.000,170.000,175.000,32.494,32.549,32.491,27.571,56.698,57.051,56.685,37.974,222.508,224.895,222.915,282.233,1.0000,1.0000,1.0000,0.9500,700.00,700.00,700.00,0.00
125.00,180.000,180.000,170.000,175.000,32.655,32.713,32.652,27.641,56.992,57.355,56.979,38.074,222.771,225.192,223.185,282.314,1.0000,1.0000,1.0000,0.9500,700.00,700.00,700.00,0.00
126.00,180.000,180.000,170.000,175.000,32.818,32.877,32.814,27.710,57.287,57.659,57.274,38.174,223.035,225.490,223.454,282.395,1.0000,1.0000,1.0000,0.9500,700.00,700.00,700.00,0.00
127.00,180.000,180.000,170.000,175.000,32.981,33.042,32.977,27.780,57.580,57.963,57.568,38.274,223.298,225.787,223.724,282.476,1.0000,1.0000,1.0000,0.9500,700.00,700.00,700.00,0.00
128.00,180.000,180.000,170.000,175.000,33.145,33.208,33.141,27.850,57.874,58.267,57.861,38.373,223.561,226.085,223.993,282.557,1.0000,1.0000,1.0000,0.9500,700.00,700.00,700.00,0.00
129.00,180.000,180.000,170.000,175.000,33.309,33.375,33.306,27.920,58.168,58.571,58.155,38.473,223.824,226.382,224.263,282.638,1.0000,1.0000,1.0000,0.9500,700.00,700.00,700.00,0.00
130.00,180.000,180.000,170.000,175.000,33.475,33.543,33.471,27.990,58.461,58.874,58.448,38.573,224.086,226.679,224.532,282.719,1.0000,1.0000,1.0000,0.9500,700.00,700.00,700.00,0.00
131.00,180.000,180.000,170.000,175.000,33.642,33.712,33.638,28.061,58.754,59.178,58.741,38.673,224.349,226.977,224.801,282.800,1.0000,1.0000,1.0000,0.9500,700.00,700.00,700.00,0.00
132.00,180.000,180.000,170.000,175.000,33.809,33.882,33.805,28.131,59.047,59.482,59.034,38.773,224.611,227.274,225.069,282.880,1.0000,1.0000,1.0000,0.9500,700.00,700.00,700.00,0.00
133.00,180.000,180.000,170.000,175.000,33.977,34.052,33.973,28.202,59.339,59.785,59.327,38.872,224.873,227.571,225.338,282.961,1.0000,1.0000,1.0000,0.9500,700.00,700.00,700.00,0.00
134.00,180.000,180.000,170.000,175.000,34.146,34.224,34.142,28.273,59.632,60.089,59.620,38.972,225.135,227.869,225.606,283.041,1.0000,1.0000,1.0000,0.9500,700.00,700.00,700.00,0.00
135.00,180.000,180.000,170.000,175.000,34.316,34.396,34.312,28.344,59.924,60.392,59.912,39.072,225.397,228.166,225.875,283.122,1.0000,1.0000,1.0000,0.9500,700.00,700.00,700.00,0.00
136.00,180.000,180.000,170.000,175.000,34.487,34.569,34.482,28.416,60.216,60.696,60.204,39.172,225.658,228.463,226.143,283.202,1.0000,1.0000,1.0000,0.9500,700.00,700.00,700.00,0.00
137.00,180.000,180.000,170.000,175.000,34.658,34.743,34.654,28.488,60.508,60.999,60.496,39.272,225.920,228.760,226.411,283.282,1.0000,1.0000,1.0000,0.9500,700.00,700.00,700.00,0.00
138.00,180.000,180.000,170.000,175.000,34.830,34.918,34.826,28.559,60.799,61.303,60.788,39.371,226.181,229.057,226.679,283.362,1.0000,1.0000,1.0000,0.9500,700.00,700.00,700.00,0.00
139.00,180.000,180.000,170.000,175.000,35.003,35.094,34.999,28.631,61.091,61.606,61.079,39.471,226.442,229.354,226.946,283.442,1.0000,1.0000,1.0000,0.9500,700.00,700.00,700.00,0.00
140.00,180.000,180.000,170.000,175.000,35.177,35.271,35.173,28.704,61.382,61.909,61.371,39.571,226.703,229.651,227.214,283.522,1.0000,1.0000,1.0000,0.9500,700.00,700.00,700.00,0.00
141.00,180.000,180.000,170.000,175.000,35.352,35.448,35.347,28.776,61.673,62.213,61.662,39.671,226.963,229.948,227.481,283.602,1.0000,1.0000,1.0000,0.9500,700.00,700.00,700.00,0.00
142.00,180.000,180.000,170.000,175.000,35.527,35.627,35.523,28.848,61.963,62.516,61.953,39.771,227.224,230.244,227.748,283.682,1.0000,1.0000,1.0000,0.9500,700.00,700.00,700.00,0.00
143.00,180.000,180.000,170.000,175.000,35.703,35.806,35.699,28.921,62.254,62.819,62.244,39.871,227.484,230.541,228.015,283.761,1.0000,1.0000,1.0000,0.9500,700.00,700.00,700.00,0.00
144.00,180.000,180.000,170.000,175.000,35.880,35.986,35.876,28.994,62.544,63.122,62.534,39.971,227.744,230.838,228.282,283.841,1.0000,1.0000,1.0000,0.9500,700.00,700.00,700.00,0.00
145.00,180.000,180.000,170.000,175.000,36.058,36.167,36.053,29.067,62.834,63.425,62.824,40.071,228.004,231.135,228.549,283.921,1.0000,1.0000,1.0000,0.9500,700.00,700.00,700.00,0.00
146.00,180.000,180.000,170.000,175.000,36.236,36.348,36.232,29.141,63.124,63.728,63.115,40.171,228.264,231.431,228.815,284.000,1.0000,1.0000,1.0000,0.9500,700.00,700.00,700.00,0.00
147.00,180.000,180.000,170.000,175.000,36.415,36.531,36.411,29.214,63.414,64.031,63.405,40.271,228.523,231.728,229.081,284.080,1.0000,1.0000,1.0000,0.9500,700.00,700.00,700.00,0.00
148.00,180.000,180.000,170.000,175.000,36.595,36.714,36.591,29.288,63.703,64.334,63.694,40.371,228.783,232.025,229.348,284.159,1.0000,1.0000,1.0000,0.9500,700.00,700.00,700.00,0.00
149.00,180.000,180.000,170.000,175.000,36.776,36.898,36.771,29.361,63.992,64.637,63.984,40.472,229.042,232.321,229.614,284.239,1.0000,1.0000,1.0000,0.9500,700.00,700.00,700.00,0.00
150.00,180.000,180.000,170.000,175.000,36.957,37.083,36.952,29.435,64.281,64.940,64.273,40.572,229.301,232.618,229.880,284.318,1.0000,1.0000,1.0000,0.9500,700.00,700.00,700.00,0.00
151.00,180.000,180.000,170.000,175.000,37.139,37.268,37.134,29.510,64.570,65.243,64.562,40.672,229.560,232.914,230.145,284.397,1.0000,1.0000,1.0000,0.9500,700.00,700.00,700.00,0.00
152.00,180.000,180.000,170.000,175.000,37.322,37.455,37.317,29.584,64.858,65.545,64.851,40.772,229.818,233.211,230.411,284.477,1.0000,1.0000,1.0000,0.9500,700.00,700.00,700.00,0.00
153.00,180.000,180.000,170.000,175.000,37.505,37.642,37.501,29.658,65.147,65.848,65.140,40.873,230.077,233.507,230.676,284.556,1.0000,1.0000,1.0000,0.9500,700.00,700.00,700.00,0.00
154.00,180.000,180.000,170.000,175.000,37.689,37.830,37.685,29.733,65.435,66.151,65.429,40.973,230.335,233.803,230.942,284.635,1.0000,1.0000,1.0000,0.9500,700.00,700.00,700.00,0.00
155.00,180.000,180.000,170.000,175.000,37.874,38.019,37.870,29.808,65.723,66.453,65.717,41.073,230.593,234.100,231.207,284.714,1.0000,1.0000,1.0000,0.9500,700.00,700.00,700.00,0.00
156.00,180.000,180.000,170.000,175.000,38.060,38.208,38.055,29.883,66.010,66.756,66.005,41.174,230.851,234.396,231.472,284.793,1.0000,1.0000,1.0000,0.9500,700.00,700.00,700.00,0.00
157.00,180.000,180.000,170.000,175.000,38.246,38.398,38.241,29.958,66.298,67.058,66.293,41.274,231.109,234.692,231.736,284.873,1.0000,1.0000,1.0000,0.9500,700.00,700.00,700.00,0.00
158.00,180.000,180.000,170.000,175.000,38.433,38.589,38.428,30.034,66.585,67.361,66.581,41.375,231.367,234.988,232.001,284.952,1.0000,1.0000,1.0000,0.9500,700.00,700.00,700.00,0.00
159.00,180.000,180.000,170.000,175.000,38.620,38.781,38.616,30.109,66.872,67.663,66.868,41.475,231.625,235.284,232.266,285.031,1.0000,1.0000,1.0000,0.9500,700.00,700.00,700.00,0.00
160.00,180.000,180.000,170.000,175.000,38.809,38.973,38.804,30.185,67.159,67.966,67.156,41.576,231.882,235.581,232.530,285.110,1.0000,1.0000,1.0000,0.9500,700.00,700.00,700.00,0.00
161.00,180.000,180.000,170.000,175.000,38.997,39.166,38.993,30.261,67.446,68.268,67.443,41.677,232.139,235.877,232.794,285.189,1.0000,1.0000,1.0000,0.9500,700.00,700.00,700.00,0.00
162.00,180.000,180.000,170.000,175.000,39.187,39.360,39.182,30.337,67.732,68.570,67.730,41.778,232.396,236.173,233.058,285.268,1.0000,1.0000,1.0000,0.9500,700.00,700.00,700.00,0.00
163.00,180.000,180.000,170.000,175.000,39.377,39.555,39.372,30.413,68.018,68.872,68.017,41.878,232.653,236.469,233.322,285.347,1.0000,1.0000,1.0000,0.9500,700.00,700.00,700.00,0.00
164.00,180.000,180.000,170.000,175.000,39.568,39.750,39.563,30.489,68.304,69.175,68.303,41.979,232.910,236.765,233.586,285.426,1.0000,1.0000,1.0000,0.9500,700.00,700.00,700.00,0.00
165.00,180.000,180.000,170.000,175.000,39.759,39.946,39.755,30.566,68.590,69.477,68.590,42.080,233.166,237.060,233.850,285.505,1.0000,1.0000,1.0000,0.9500,700.00,700.00,700.00,0.00
166.00,180.000,180.000,170.000,175.000,39.951,40.143,39.947,30.642,68.875,69.779,68.876,42.181,233.423,237.356,234.113,285.584,1.0000,1.0000,1.0000,0.9500,700.00,700.00,700.00,0.00
167.00,180.000,180.000,170.000,175.000,40.144,40.340,40.139,30.719,69.161,70.081,69.162,42.282,233.679,237.652,234.376,285.663,1.0000,1.0000,1.0000,0.9500,700.00,700.00,700.00,0.00
168.00,180.000,180.000,170.000,175.000,40.337,40.538,40.333,30.796,69.446,70.383,69.448,42.383,233.935,237.948,234.640,285.742,1.0000,1.0000,1.0000,0.9500,700.00,700.00,700.00,0.00
169.00,180.000,180.000,170.000,175.000,40.531,40.737,40.527,30.873,69.731,70.685,69.733,42.484,234.191,238.243,234.903,285.821,1.0000,1.0000,1.0000,0.9500,700.00,700.00,700.00,0.00
170.00,180.000,180.000,170.000,175.000,40.726,40.937,40.721,30.951,70.016,70.987,70.019,42.585,234.447,238.539,235.166,285.900,1.0000,1.0000,1.0000,0.9500,700.00,700.00,700.00,0.00
171.00,180.000,180.000,170.000,175.000,40.921,41.137,40.916,31.028,70.300,71.289,70.304,42.686,234.702,238.835,235.428,285.979,1.0000,1.0000,1.0000,0.9500,700.00,700.00,700.00,0.00
172.00,180.000,180.000,170.000,175.000,41.116,41.338,41.112,31.106,70.584,71.591,70.589,42.788,234.958,239.130,235.691,286.058,1.0000,1.0000,1.0000,0.9500,700.00,700.00,700.00,0.00
173.00,180.000,180.000,170.000,175.000,41.313,41.539,41.308,31.184,70.868,71.892,70.874,42.889,235.213,239.426,235.953,286.137,1.0000,1.0000,1.0000,0.9500,700.00,700.00,700.00,0.00
174.00,180.000,180.000,170.000,175.000,41.509,41.741,41.505,31.261,71.152,72.194,71.159,42.990,235.468,239.721,236.216,286.216,1.0000,1.0000,1.0000,0.9500,700.00,700.00,700.00,0.00
175.00,180.000,180.000,170.000,175.000,41.707,41.944,41.703,31.340,71.436,72.496,71.443,43.092,235.723,240.017,236.478,286.295,1.0000,1.0000,1.0000,0.9500,700.00,700.00,700.00,0.00
176.00,180.000,180.000,170.000,175.000,41.905,42.148,41.901,31.418,71.719,72.798,71.727,43.193,235.978,240.312,236.740,286.374,1.0000,1.0000,1.0000,0.9500,700.00,700.00,700.00,0.00
177.00,180.000,180.000,170.000,175.000,42.103,42.352,42.100,31.496,72.003,73.099,72.011,43.295,236.232,240.608,237.002,286.453,1.0000,1.0000,1.0000,0.9500,700.00,700.00,700.00,0.00
178.00,180.000,180.000,170.000,175.000,42.303,42.557,42.299,31.575,72.286,73.401,72.295,43.396,236.487,240.903,237.264,286.532,1.0000,1.0000,1.0000,0.9500,700.00,700.00,700.00,0.00
179.00,180.000,180.000,170.000,175.000,42.502,42.762,42.499,31.654,72.568,73.702,72.579,43.498,236.741,241.198,237.525,286.611,1.0000,1.0000,1.0000,0.9500,700.00,700.00,700.00,0.00
180.00,180.000,180.000,170.000,175.000,42.703,42.968,42.699,31.732,72.851,74.004,72.863,43.600,236.995,241.493,237.787,286.689,1.0000,1.0000,1.0000,0.9500,700.00,700.00,700.00,0.00
181.00,180.000,180.000,170.000,175.000,42.903,43.175,42.900,31.811,73.133,74.305,73.146,43.701,237.249,241.789,238.048,286.768,1.0000,1.0000,1.0000,0.9500,700.00,700.00,700.00,0.00
182.00,180.000,180.000,170.000,175.000,43.105,43.382,43.101,31.891,73.415,74.607,73.429,43.803,237.503,242.084,238.309,286.847,1.0000,1.0000,1.0000,0.9500,700.00,700.00,700.00,0.00
183.00,180.000,180.000,170.000,175.000,43.306,43.590,43.303,31.970,73.697,74.908,73.712,43.905,237.757,242.379,238.571,286.926,1.0000,1.0000,1.0000,0.9500,700.00,700.00,700.00,0.00
184.00,180.000,180.000,170.000,175.000,43.509,43.799,43.506,32.049,73.979,75.209,73.995,44.007,238.011,242.674,238.831,287.006,1.0000,1.0000,1.0000,0.9500,700.00,700.00,700.00,0.00
185.00,180.000,180.000,170.000,175.000,43.712,44.008,43.709,32.129,74.261,75.511,74.277,44.109,238.264,242.969,239.092,287.085,1.0000,1.0000,1.0000,0.9500,700.00,700.00,700.00,0.00
186.00,180.000,180.000,170.000,175.000,43.915,44.218,43.912,32.209,74.542,75.812,74.560,44.211,238.517,243.264,239.353,287.164,1.0000,1.0000,1.0000,0.9500,700.00,700.00,700.00,0.00
187.00,180.000,180.000,170.000,175.000,44.119,44.428,44.116,32.289,74.823,76.113,74.842,44.313,238.770,243.559,239.613,287.243,1.0000,1.0000,1.0000,0.9500,700.00,700.00,700.00,0.00
188.00,180.000,180.000,170.000,175.000,44.324,44.639,44.321,32.369,75.104,76.414,75.124,44.415,239.023,243.854,239.874,287.322,1.0000,1.0000,1.0000,0.9500,700.00,700.00,700.00,0.00
189.00,180.000,180.000,170.000,175.000,44.529,44.851,44.526,32.449,75.385,76.716,75.406,44.517,239.276,244.149,240.134,287.401,1.0000,1.0000,1.0000,0.9500,700.00,700.00,700.00,0.00
190.00,180.000,180.000,170.000,175.000,44.734,45.063,44.732,32.529,75.665,77.017,75.687,44.620,239.529,244.443,240.394,287.480,1.0000,1.0000,1.0000,0.9500,700.00,700.00,700.00,0.00
191.00,180.000,180.000,170.000,175.000,44.940,45.276,44.938,32.610,75.946,77.318,75.969,44.722,239.781,244.738,240.654,287.559,1.0000,1.0000,1.0000,0.9500,700.00,700.00,700.00,0.00
192.00,180.000,180.000,170.000,175.000,45.147,45.489,45.145,32.690,76.226,77.619,76.250,44.824,240.034,245.033,240.914,287.638,1.0000,1.0000,1.0000,0.9500,700.00,700.00,700.00,0.00
193.00,180.000,180.000,170.000,175.000,45.354,45.703,45.352,32.771,76.506,77.920,76.531,44.927,240.286,245.328,241.174,287.717,1.0000,1.0000,1.0000,0.9500,700.00,700.00,700.00,0.00
194.00,180.000,180.000,170.000,175.000,45.561,45.918,45.559,32.852,76.785,78.220,76.812,45.029,240.538,245.622,241.433,287.796,1.0000,1.0000,1.0000,0.9500,700.00,700.00,700.00,0.00
195.00,180.000,180.000,170.000,175.000,45.769,46.133,45.768,32.933,77.065,78.521,77.093,45.132,240.790,245.917,241.693,287.876,1.0000,1.0000,1.0000,0.9500,700.00,700.00,700.00,0.00
196.00,180.000,180.000,170.000,175.000,45.977,46.349,45.976,33.014,77.344,78.822,77.373,45.234,241.042,246.211,241.952,287.955,1.0000,1.0000,1.0000,0.9500,700.00,700.00,700.00,0.00
197.00,180.000,180.000,170.000,175.000,46.186,46.565,46.185,33.096,77.623,79.123,77.653,45.337,241.294,246.506,242.211,288.034,1.0000,1.0000,1.0000,0.9500,700.00,700.00,700.00,0.00
198.00,180.000,180.000,170.000,175.000,46.396,46.782,46.395,33.177,77.902,79.424,77.934,45.440,241.545,246.800,242.470,288.113,1.0000,1.0000,1.0000,0.9500,700.00,700.00,700.00,0.00
199.00,180.000,180.000,170.000,175.000,46.605,46.999,46.605,33.259,78.181,79.724,78.214,45.543,241.796,247.095,242.729,288.193,1.0000,1.0000,1.0000,0.9500,700.00,700.00,700.00,0.00
200.00,180.000,180.000,170.000,175.000,46.816,47.217,46.815,33.341,78.459,80.025,78.493,45.645,242.048,247.389,242.988,288.272,1.0000,1.0000,1.0000,0.9500,700.00,700.00,700.00,0.00
201.00,180.000,180.000,170.000,175.000,47.026,47.436,47.026,33.423,78.738,80.326,78.773,45.748,242.299,247.683,243.247,288.351,1.0000,1.0000,1.0000,0.9500,700.00,700.00,700.00,0.00
202.00,180.000,180.000,170.000,175.000,47.238,47.655,47.238,33.505,79.016,80.626,79.052,45.851,242.550,247.978,243.505,288.431,1.0000,1.0000,1.0000,0.9500,700.00,700.00,700.00,0.00
203.00,180.000,180.000,170.000,175.000,47.449,47.874,47.449,33.587,79.294,80.927,79.332,45.954,242.800,248.272,243.763,288.510,1.0000,1.0000,1.0000,0.9500,700.00,700.00,700.00,0.00
204.00,180.000,180.000,170.000,175.000,47.661,48.094,47.662,33.669,79.571,81.227,79.611,46.058,243.051,248.566,244.022,288.589,1.0000,1.0000,1.0000,0.9500,700.00,700.00,700.00,0.00
205.00,180.000,180.000,170.000,175.000,47.874,48.315,47.875,33.752,79.849,81.528,79.890,46.161,243.301,248.860,244.280,288.669,1.0000,1.0000,1.0000,0.9500,700.00,700.00,700.00,0.00
206.00,180.000,180.000,170.000,175.000,48.087,48.536,48.088,33.834,80.126,81.828,80.168,46.264,243.552,249.154,244.538,288.748,1.0000,1.0000,1.0000,0.9500,700.00,700.00,700.00,0.00
207.00,180.000,180.000,170.000,175.000,48.300,48.758,48.301,33.917,80.403,82.128,80.447,46.367,243.802,249.448,244.796,288.828,1.0000,1.0000,1.0000,0.9500,700.00,700.00,700.00,0.00
208.00,180.000,180.000,170.000,175.000,48.514,48.980,48.515,34.000,80.680,82.429,80.725,46.471,244.052,249.742,245.053,288.907,1.0000,1.0000,1.0000,0.9500,700.00,700.00,700.00,0.00
209.00,180.000,180.000,170.000,175.000,48.728,49.203,48.730,34.083,80.957,82.729,81.003,46.574,244.302,250.036,245.311,288.987,1.0000,1.0000,1.0000,0.9500,700.00,700.00,700.00,0.00
210.00,180.000,180.000,170.000,175.000,48.943,49.426,48.945,34.166,81.233,83.029,81.281,46.677,244.552,250.330,245.568,289.066,1.0000,1.0000,1.0000,0.9500,700.00,700.00,700.00,0.00
211.00,180.000,180.000,170.000,175.000,49.158,49.650,49.160,34.250,81.510,83.330,81.559,46.781,244.801,250.624,245.826,289.146,1.0000,1.0000,1.0000,0.9500,700.00,700.00,700.00,0.00
212.00,180.000,180.000,170.000,175.000,49.373,49.874,49.376,34.333,81.786,83.630,81.837,46.885,245.051,250.918,246.083,289.225,1.0000,1.0000,1.0000,0.9500,700.00,700.00,700.00,0.00
213.00,180.000,180.000,170.000,175.000,49.589,50.099,49.592,34.417,82.062,83.930,82.114,46.988,245.300,251.211,246.340,289.305,1.0000,1.0000,1.0000,0.9500,700.00,700.00,700.00,0.00
214.00,180.000,180.000,170.000,175.000,49.805,50.324,49.809,34.500,82.337,84.230,82.391,47.092,245.550,251.505,246.597,289.385,1.0000,1.0000,1.0000,0.9500,700.00,700.00,700.00,0.00
215.00,180.000,180.000,170.000,175.000,50.022,50.550,50.025,34.584,82.613,84.530,82.669,47.196,245.799,251.799,246.854,289.464,1.0000,1.0000,1.0000,0.9500,700.00,700.00,700.00,0.00
216.00,180.000,180.000,170.000,175.000,50.239,50.776,50.243,34.668,82.888,84.830,82.945,47.299,246.048,252.093,247.110,289.544,1.0000,1.0000,1.0000,0.9500,700.00,700.00,700.00,0.00
217.00,180.000,180.000,170.000,175.000,50.456,51.003,50.461,34.752,83.163,85.130,83.222,47.403,246.296,252.386,247.367,289.624,1.0000,1.0000,1.0000,0.9500,700.00,700.00,700.00,0.00
218.00,180.000,180.000,170.000,175.000,50.674,51.230,50.679,34.836,83.438,85.430,83.499,47.507,246.545,252.680,247.624,289.703,1.0000,1.0000,1.0000,0.9500,700.00,700.00,700.00,0.00
219.00,180.000,180.000,170.000,175.000,50.892,51.458,50.897,34.921,83.713,85.730,83.775,47.611,246.794,252.973,247.880,289.783,1.0000,1.0000,1.0000,0.9500,700.00,700.00,700.00,0.00
220.00,180.000,180.000,170.000,175.000,51.111,51.686,51.116,35.005,83.988,86.029,84.051,47.715,247.042,253.267,248.136,289.863,1.0000,1.0000,1.0000,0.9500,700.00,700.00,700.00,0.00
221.00,180.000,180.000,170.000,175.000,51.329,51.915,51.335,35.090,84.262,86.329,84.328,47.820,247.290,253.560,248.392,289.943,1.0000,1.0000,1.0000,0.9500,700.00,700.00,700.00,0.00
222.00,180.000,180.000,170.000,175.000,51.549,52.144,51.555,35.175,84.536,86.629,84.603,47.924,247.538,253.853,248.648,290.023,1.0000,1.0000,1.0000,0.9500,700.00,700.00,700.00,0.00
223.00,180.000,180.000,170.000,175.000,51.768,52.374,51.775,35.260,84.810,86.929,84.879,48.028,247.786,254.147,248.904,290.103,1.0000,1.0000,1.0000,0.9500,700.00,700.00,700.00,0.00
224.00,180.000,180.000,170.000,175.000,51.988,52.604,51.996,35.345,85.084,87.228,85.155,48.132,248.034,254.440,249.160,290.183,1.0000,1.0000,1.0000,0.9500,700.00,700.00,700.00,0.00
225.00,180.000,180.000,170.000,175.000,52.209,52.834,52.216,35.430,85.358,87.528,85.430,48.237,248.282,254.733,249.415,290.263,1.0000,1.0000,1.0000,0.9500,700.00,700.00,700.00,0.00
226.00,180.000,180.000,170.000,175.000,52.429,53.065,52.438,35.515,85.631,87.828,85.705,48.341,248.530,255.026,249.671,290.343,1.0000,1.0000,1.0000,0.9500,700.00,700.00,700.00,0.00
227.00,180.000,180.000,170.000,175.000,52.651,53.297,52.659,35.600,85.904,88.127,85.980,48.446,248.777,255.319,249.926,290.423,1.0000,1.0000,1.0000,0.9500,700.00,700.00,700.00,0.00
228.00,180.000,180.000,170.000,175.000,52.872,53.529,52.881,35.686,86.177,88.427,86.255,48.550,249.024,255.613,250.181,290.503,1.0000,1.0000,1.0000,0.9500,700.00,700.00,700.00,0.00
229.00,180.000,180.000,170.000,175.000,53.094,53.761,53.103,35.772,86.450,88.726,86.530,48.655,249.272,255.906,250.436,290.583,1.0000,1.0000,1.0000,0.9500,700.00,700.00,700.00,0.00
230.00,180.000,180.000,170.000,175.000,53.316,53.994,53.326,35.857,86.723,89.025,86.804,48.759,249.519,256.199,250.691,290.663,1.0000,1.0000,1.0000,0.9500,700.00,700.00,700.00,0.00
231.00,180.000,180.000,170.000,175.000,53.538,54.227,53.549,35.943,86.995,89.325,87.079,48.864,249.766,256.492,250.946,290.743,1.0000,1.0000,1.0000,0.9500,700.00,700.00,700.00,0.00
232.00,180.000,180.000,170.000,175.000,53.761,54.461,53.772,36.029,87.268,89.624,87.353,48.969,250.012,256.784,251.201,290.823,1.0000,1.0000,1.0000,0.9500,700.00,700.00,700.00,0.00
233.00,180.000,180.000,170.000,175.000,53.984,54.695,53.995,36.115,87.540,89.923,87.627,49.074,250.259,257.077,251.455,290.904,1.0000,1.0000,1.0000,0.9500,700.00,700.00,700.00,0.00
234.00,180.000,180.000,170.000,175.000,54.207,54.930,54.219,36.202,87.812,90.223,87.901,49.179,250.506,257.370,251.710,290.984,1.0000,1.0000,1.0000,0.9500,700.00,700.00,700.00,0.00
235.00,180.000,180.000,170.000,175.000,54.431,55.165,54.444,36.288,88.083,90.522,88.174,49.284,250.752,257.663,251.964,291.064,1.0000,1.0000,1.0000,0.9500,700.00,700.00,700.00,0.00
236.00,180.000,180.000,170.000,175.000,54.655,55.400,54.668,36.375,88.355,90.821,88.448,49.389,250.998,257.956,252.218,291.145,1.0000,1.0000,1.0000,0.9500,700.00,700.00,700.00,0.00
237.00,180.000,180.000,170.000,175.000,54.880,55.636,54.893,36.461,88.626,91.120,88.721,49.494,251.244,258.248,252.472,291.225,1.0000,1.0000,1.0000,0.9500,700.00,700.00,700.00,0.00
238.00,180.000,180.000,170.000,175.000,55.104,55.872,55.118,36.548,88.897,91.419,88.994,49.599,251.490,258.541,252.726,291.305,1.0000,1.0000,1.0000,0.9500,700.00,700.00,700.00,0.00
239.00,180.000,180.000,170.000,175.000,55.329,56.109,55.344,36.635,89.168,91.718,89.267,49.704,251.736,258.833,252.980,291.386,1.0000,1.0000,1.0000,0.9500,700.00,700.00,700.00,0.00
240.00,180.000,180.000,170.000,175.000,55.555,56.346,55.570,36.722,89.439,92.017,89.540,49.809,251.982,259.126,253.234,291.466,1.0000,1.0000,1.0000,0.9500,700.00,700.00,700.00,0.00
241.00,180.000,180.000,170.000,175.000,55.780,56.584,55.796,36.809,89.710,92.316,89.813,49.914,252.228,259.418,253.488,291.547,1.0000,1.0000,1.0000,0.9500,700.00,700.00,700.00,0.00
242.00,180.000,180.000,170.000,175.000,56.006,56.821,56.022,36.896,89.980,92.615,90.085,50.020,252.473,259.711,253.741,291.627,1.0000,1.0000,1.0000,0.9500,700.00,700.00,700.00,0.00
243.00,180.000,180.000,170.000,175.000,56.232,57.060,56.249,36.984,90.250,92.914,90.358,50.125,252.718,260.003,253.995,291.708,1.0000,1.0000,1.0000,0.9500,700.00,700.00,700.00,0.00
244.00,180.000,180.000,170.000,175.000,56.459,57.298,56.476,37.071,90.521,93.213,90.630,50.231,252.964,260.295,254.248,291.788,1.0000,1.0000,1.0000,0.9500,700.00,700.00,700.00,0.00
245.00,180.000,180.000,170.000,175.000,56.685,57.538,56.704,37.159,90.790,93.512,90.902,50.336,253.209,260.588,254.501,291.869,1.0000,1.0000,1.0000,0.9500,700.00,700.00,700.00,0.00
246.00,180.000,180.000,170.000,175.000,56.913,57.777,56.931,37.247,91.060,93.811,91.174,50.442,253.454,260.880,254.754,291.950,1.0000,1.0000,1.0000,0.9500,700.00,700.00,700.00,0.00
247.00,180.000,180.000,170.000,175.000,57.140,58.017,57.159,37.334,91.330,94.109,91.446,50.547,253.699,261.172,255.007,292.030,1.0000,1.0000,1.0000,0.9500,700.00,700.00,700.00,0.00
248.00,180.000,180.000,170.000,175.000,57.367,58.257,57.387,37.422,91.599,94.408,91.717,50.653,253.943,261.464,255.260,292.111,1.0000,1.0000,1.0000,0.9500,700.00,700.00,700.00,0.00
249.00,180.000,180.000,170.000,175.000,57.595,58.498,57.616,37.510,91.868,94.707,91.989,50.759,254.188,261.756,255.512,292.192,1.0000,1.0000,1.0000,0.9500,700.00,700.00,700.00,0.00
250.00,180.000,180.000,170.000,175.000,57.824,58.739,57.845,37.599,92.137,95.005,92.260,50.865,254.432,262.048,255.765,292.273,1.0000,1.0000,1.0000,0.9500,700.00,700.00,700.00,0.00
251.00,180.000,180.000,170.000,175.000,58.052,58.981,58.074,37.687,92.406,95.304,92.531,50.971,254.677,262.340,256.017,292.354,1.0000,1.0000,1.0000,0.9500,700.00,700.00,700.00,0.00
252.00,180.000,180.000,170.000,175.000,58.281,59.222,58.303,37.775,92.675,95.602,92.802,51.077,254.921,262.632,256.270,292.434,1.0000,1.0000,1.0000,0.9500,700.00,700.00,700.00,0.00
253.00,180.000,180.000,170.000,175.000,58.510,59.465,58.533,37.864,92.943,95.901,93.072,51.183,255.165,262.924,256.522,292.515,1.0000,1.0000,1.0000,0.9500,700.00,700.00,700.00,0.00
254.00,180.000,180.000,170.000,175.000,58.739,59.707,58.763,37.953,93.212,96.199,93.343,51.289,255.409,263.216,256.774,292.596,1.0000,1.0000,1.0000,0.9500,700.00,700.00,700.00,0.00
255.00,180.000,180.000,170.000,175.000,58.968,59.950,58.993,38.041,93.480,96.497,93.613,51.395,255.653,263.508,257.026,292.677,1.0000,1.0000,1.0000,0.9500,700.00,700.00,700.00,0.00
256.00,180.000,180.000,170.000,175.000,59.198,60.194,59.224,38.130,93.748,96.796,93.884,51.501,255.897,263.800,257.278,292.758,1.0000,1.0000,1.0000,0.9500,700.00,700.00,700.00,0.00
257.00,180.000,180.000,170.000,175.000,59.428,60.437,59.454,38.219,94.015,97.094,94.154,51.607,256.140,264.091,257.530,292.839,1.0000,1.0000,1.0000,0.9500,700.00,700.00,700.00,0.00
258.00,180.000,180.000,170.000,175.000,59.658,60.681,59.685,38.308,94.283,97.392,94.424,51.713,256.384,264.383,257.781,292.920,1.0000,1.0000,1.0000,0.9500,700.00,700.00,700.00,0.00
259.00,180.000,180.000,170.000,175.000,59.889,60.926,59.917,38.398,94.550,97.691,94.694,51.820,256.627,264.675,258.033,293.002,1.0000,1.0000,1.0000,0.9500,700.00,700.00,700.00,0.00
260.00,180.000,180.000,170.000,175.000,60.120,61.171,60.148,38.487,94.818,97.989,94.963,51.926,256.870,264.966,258.284,293.083,1.0000,1.0000,1.0000,0.9500,700.00,700.00,700.00,0.00
261.00,180.000,180.000,170.000,175.000,60.351,61.416,60.380,38.577,95.085,98.287,95.233,52.032,257.113,265.258,258.536,293.164,1.0000,1.0000,1.0000,0.9500,700.00,700.00,700.00,0.00
262.00,180.000,180.000,170.000,175.000,60.582,61.661,60.612,38.666,95.352,98.585,95.502,52.139,257.356,265.549,258.787,293.245,1.0000,1.0000,1.0000,0.9500,700.00,700.00,700.00,0.00
263.00,180.000,180.000,170.000,175.000,60.813,61.907,60.844,38.756,95.618,98.883,95.771,52.245,257.599,265.841,259.038,293.326,1.0000,1.0000,1.0000,0.9500,700.00,700.00,700.00,0.00
264.00,180.000,180.000,170.000,175.000,61.045,62.153,61.077,38.846,95.885,99.181,96.040,52.352,257.842,266.132,259.289,293.408,1.0000,1.0000,1.0000,0.9500,700.00,700.00,700.00,0.00
265.00,180.000,180.000,170.000,175.000,61.277,62.400,61.310,38.936,96.151,99.479,96.309,52.459,258.085,266.423,259.540,293.489,1.0000,1.0000,1.0000,0.9500,700.00,700.00,700.00,0.00
266.00,180.000,180.000,170.000,175.000,61.509,62.647,61.543,39.026,96.417,99.777,96.578,52.565,258.327,266.715,259.790,293.570,1.0000,1.0000,1.0000,0.9500,700.00,700.00,700.00,0.00
267.00,180.000,180.000,170.000,175.000,61.742,62.894,61.776,39.116,96.683,100.075,96.846,52.672,258.569,267.006,260.041,293.652,1.0000,1.0000,1.0000,0.9500,700.00,700.00,700.00,0.00
268.00,180.000,180.000,170.000,175.000,61.974,63.141,62.009,39.206,96.949,100.373,97.115,52.779,258.812,267.297,260.291,293.733,1.0000,1.0000,1.0000,0.9500,700.00,700.00,700.00,0.00
269.00,180.000,180.000,170.000,175.000,62.207,63.389,62.243,39.296,97.215,100.671,97.383,52.886,259.054,267.588,260.542,293.815,1.0000,1.0000,1.0000,0.9500,700.00,700.00,700.00,0.00
270.00,180.000,180.000,170.000,175.000,62.440,63.637,62.477,39.387,97.481,100.968,97.651,52.993,259.296,267.879,260.792,293.896,1.0000,1.0000,1.0000,0.9500,700.00,700.00,700.00,0.00
271.00,180.000,180.000,170.000,175.000,62.673,63.886,62.711,39.477,97.746,101.266,97.919,53.100,259.538,268.170,261.042,293.978,1.0000,1.0000,1.0000,0.9500,700.00,700.00,700.00,0.00
272.00,180.000,180.000,170.000,175.000,62.907,64.135,62.945,39.568,98.011,101.564,98.187,53.207,259.780,268.461,261.292,294.059,1.0000,1.0000,1.0000,0.9500,700.00,700.00,700.00,0.00
273.00,180.000,180.000,170.000,175.000,63.141,64.384,63.180,39.659,98.276,101.861,98.454,53.314,260.021,268.752,261.542,294.141,1.0000,1.0000,1.0000,0.9500,700.00,700.00,700.00,0.00
274.00,180.000,180.000,170.000,175.000,63.374,64.634,63.415,39.750,98.541,102.159,98.722,53.421,260.263,269.043,261.792,294.223,1.0000,1.0000,1.0000,0.9500,700.00,700.00,700.00,0.00
275.00,180.000,180.000,170.000,175.000,63.609,64.883,63.650,39.841,98.806,102.457,98.989,53.528,260.504,269.334,262.042,294.304,1.0000,1.0000,1.0000,0.9500,700.00,700.00,700.00,0.00
276.00,180.000,180.000,170.000,175.000,63.843,65.133,63.885,39.932,99.070,102.754,99.256,53.635,260.745,269.625,262.291,294.386,1.0000,1.0000,1.0000,0.9500,700.00,700.00,700.00,0.00
277.00,180.000,180.000,170.000,175.000,64.077,65.384,64.121,40.023,99.335,103.052,99.523,53.743,260.987,269.915,262.541,294.468,1.0000,1.0000,1.0000,0.9500,700.00,700.00,700.00,0.00
278.00,180.000,180.000,170.000,175.000,64.312,65.635,64.356,40.114,99.599,103.349,99.790,53.850,261.228,270.206,262.790,294.550,1.0000,1.0000,1.0000,0.9500,700.00,700.00,700.00,0.00
279.00,180.000,180.000,170.000,175.000,64.547,65.886,64.592,40.206,99.863,103.646,100.057,53.957,261.469,270.497,263.040,294.631,1.0000,1.0000,1.0000,0.9500,700.00,700.00,700.00,0.00
280.00,180.000,180.000,170.000,175.000,64.782,66.137,64.828,40.297,100.127,103.944,100.324,54.065,261.709,270.787,263.289,294.713,1.0000,1.0000,1.0000,0.9500,700.00,700.00,700.00,0.00
281.00,180.000,180.000,170.000,175.000,65.017,66.389,65.065,40.389,100.390,104.241,100.590,54.172,261.950,271.078,263.538,294.795,1.0000,1.0000,1.0000,0.9500,700.00,700.00,700.00,0.00
282.00,180.000,180.000,170.000,175.000,65.253,66.641,65.301,40.481,100.654,104.538,100.856,54.280,262.191,271.368,263.787,294.877,1.0000,1.0000,1.0000,0.9500,700.00,700.00,700.00,0.00
283.00,180.000,180.000,170.000,175.000,65.488,66.893,65.538,40.573,100.917,104.836,101.122,54.387,262.431,271.659,264.036,294.959,1.0000,1.0000,1.0000,0.9500,700.00,700.00,700.00,0.00
284.00,180.000,180.000,170.000,175.000,65.724,67.146,65.775,40.665,101.180,105.133,101.388,54.495,262.672,271.949,264.284,295.041,1.0000,1.0000,1.0000,0.9500,700.00,700.00,700.00,0.00
285.00,180.000,180.000,170.000,175.000,65.960,67.399,66.012,40.757,101.443,105.430,101.654,54.603,262.912,272.239,264.533,295.123,1.0000,1.0000,1.0000,0.9500,700.00,700.00,700.00,0.00
286.00,180.000,180.000,170.000,175.000,66.197,67.652,66.249,40.849,101.706,105.727,101.920,54.711,263.152,272.530,264.782,295.205,1.0000,1.0000,1.0000,0.9500,700.00,700.00,700.00,0.00
287.00,180.000,180.000,170.000,175.000,66.433,67.905,66.486,40.941,101.969,106.024,102.185,54.818,263.392,272.820,265.030,295.287,1.0000,1.0000,1.0000,0.9500,700.00,700.00,700.00,0.00
288.00,180.000,180.000,170.000,175.000,66.669,68.159,66.724,41.034,102.232,106.321,102.451,54.926,263.632,273.110,265.278,295.370,1.0000,1.0000,1.0000,0.9500,700.00,700.00,700.00,0.00
289.00,180.000,180.000,170.000,175.000,66.906,68.413,66.962,41.126,102.494,106.618,102.716,55.034,263.872,273.400,265.526,295.452,1.0000,1.0000,1.0000,0.9500,700.00,700.00,700.00,0.00
290.00,180.000,180.000,170.000,175.000,67.143,68.668,67.200,41.219,102.756,106.915,102.981,55.142,264.111,273.690,265.775,295.534,1.0000,1.0000,1.0000,0.9500,700.00,700.00,700.00,0.00
291.00,180.000,180.000,170.000,175.000,67.380,68.922,67.438,41.311,103.018,107.212,103.246,55.250,264.351,273.980,266.023,295.616,1.0000,1.0000,1.0000,0.9500,700.00,700.00,700.00,0.00
292.00,180.000,180.000,170.000,175.000,67.617,69.177,67.677,41.404,103.280,107.509,103.511,55.358,264.590,274.270,266.270,295.698,1.0000,1.0000,1.0000,0.9500,700.00,700.00,700.00,0.00
293.00,180.000,180.000,170.000,175.000,67.855,69.432,67.915,41.497,103.542,107.806,103.776,55.466,264.830,274.560,266.518,295.781,1.0000,1.0000,1.0000,0.9500,700.00,700.00,700.00,0.00
294.00,180.000,180.000,170.000,175.000,68.092,69.688,68.154,41.590,103.804,108.102,104.040,55.574,265.069,274.850,266.766,295.863,1.0000,1.0000,1.0000,0.9500,700.00,700.00,700.00,0.00
295.00,180.000,180.000,170.000,175.000,68.330,69.943,68.393,41.683,104.065,108.399,104.305,55.683,265.308,275.140,267.013,295.945,1.0000,1.0000,1.0000,0.9500,700.00,700.00,700.00,0.00
296.00,180.000,180.000,170.000,175.000,68.568,70.199,68.632,41.776,104.326,108.696,104.569,55.791,265.547,275.429,267.261,296.028,1.0000,1.0000,1.0000,0.9500,700.00,700.00,700.00,0.00
297.00,180.000,180.000,170.000,175.000,68.806,70.456,68.871,41.870,104.587,108.992,104.833,55.899,265.786,275.719,267.508,296.110,1.0000,1.0000,1.0000,0.9500,700.00,700.00,700.00,0.00
298.00,180.000,180.000,170.000,175.000,69.044,70.712,69.110,41.963,104.848,109.289,105.097,56.007,266.025,276.009,267.755,296.193,1.0000,1.0000,1.0000,0.9500,700.00,700.00,700.00,0.00
299.00,180.000,180.000,170.000,175.000,69.282,70.969,69.350,42.057,105.109,109.585,105.361,56.116,266.263,276.298,268.003,296.275,1.0000,1.0000,1.0000,0.9500,700.00,700.00,700.00,0.00
300.00,180.000,180.000,170.000,175.000,69.521,71.226,69.590,42.150,105.370,109.882,105.624,56.224,266.502,276.588,268.250,296.358,1.0000,1.0000,1.0000,0.9500,700.00,700.00,700.00,0.00
301.00,180.000,180.000,170.000,175.000,69.760,71.484,69.829,42.244,105.630,110.178,105.888,56.333,266.740,276.878,268.497,296.441,1.0000,1.0000,1.0000,0.9500,700.00,700.00,700.00,0.00
302.00,180.000,180.000,170.000,175.000,69.998,71.741,70.069,42.338,105.891,110.475,106.151,56.441,266.978,277.167,268.743,296.523,1.0000,1.0000,1.0000,0.9500,700.00,700.00,700.00,0.00
303.00,180.000,180.000,170.000,175.000,70.237,71.999,70.310,42.432,106.151,110.771,106.415,56.550,267.217,277.456,268.990,296.606,1.0000,1.0000,1.0000,0.9500,700.00,700.00,700.00,0.00
304.00,180.000,180.000,170.000,175.000,70.476,72.257,70.550,42.526,106.411,111.068,106.678,56.659,267.455,277.746,269.237,296.689,1.0000,1.0000,1.0000,0.9500,700.00,700.00,700.00,0.00
305.00,180.000,180.000,170.000,175.000,70.716,72.515,70.790,42.620,106.671,111.364,106.941,56.767,267.693,278.035,269.483,296.771,1.0000,1.0000,1.0000,0.9500,700.00,700.00,700.00,0.00
306.00,180.000,180.000,170.000,175.000,70.955,72.774,71.031,42.714,106.930,111.660,107.204,56.876,267.931,278.324,269.730,296.854,1.0000,1.0000,1.0000,0.9500,700.00,700.00,700.00,0.00
307.00,180.000,180.000,170.000,175.000,71.194,73.033,71.272,42.808,107.190,111.956,107.466,56.985,268.168,278.613,269.976,296.937,1.0000,1.0000,1.0000,0.9500,700.00,700.00,700.00,0.00
308.00,180.000,180.000,170.000,175.000,71.434,73.292,71.513,42.902,107.449,112.252,107.729,57.094,268.406,278.903,270.222,297.020,1.0000,1.0000,1.0000,0.9500,700.00,700.00,700.00,0.00
309.00,180.000,180.000,170.000,175.000,71.674,73.551,71.754,42.997,107.709,112.549,107.991,57.202,268.644,279.192,270.468,297.103,1.0000,1.0000,1.0000,0.9500,700.00,700.00,700.00,0.00
310.00,180.000,180.000,170.000,175.000,71.914,73.811,71.995,43.092,107.968,112.845,108.254,57.311,268.881,279.481,270.714,297.185,1.0000,1.0000,1.0000,0.9500,700.00,700.00,700.00,0.00
311.00,180.000,180.000,170.000,175.000,72.154,74.071,72.236,43.186,108.227,113.141,108.516,57.420,269.118,279.770,270.960,297.268,1.0000,1.0000,1.0000,0.9500,700.00,700.00,700.00,0.00
312.00,180.000,180.000,170.000,175.000,72.394,74.331,72.478,43.281,108.485,113.437,108.778,57.529,269.356,280.059,271.206,297.351,1.0000,1.0000,1.0000,0.9500,700.00,700.00,700.00,0.00
313.00,180.000,180.000,170.000,175.000,72.634,74.591,72.720,43.376,108.744,113.733,109.040,57.638,269.593,280.348,271.452,297.434,1.0000,1.0000,1.0000,0.9500,700.00,700.00,700.00,0.00
314.00,180.000,180.000,170.000,175.000,72.874,74.852,72.961,43.471,109.003,114.029,109.301,57.748,269.830,280.636,271.697,297.517,1.0000,1.0000,1.0000,0.9500,700.00,700.00,700.00,0.00
315.00,180.000,180.000,170.000,175.000,73.115,75.113,73.203,43.566,109.261,114.324,109.563,57.857,270.066,280.925,271.943,297.600,1.0000,1.0000,1.0000,0.9500,700.00,700.00,700.00,0.00
316.00,180.000,180.000,170.000,175.000,73.355,75.374,73.445,43.661,109.519,114.620,109.824,57.966,270.303,281.214,272.188,297.684,1.0000,1.0000,1.0000,0.9500,700.00,700.00,700.00,0.00
317.00,180.000,180.000,170.000,175.000,73.596,75.635,73.687,43.756,109.777,114.916,110.086,58.075,270.540,281.503,272.433,297.767,1.0000,1.0000,1.0000,0.9500,700.00,700.00,700.00,0.00
318.00,180.000,180.000,170.000,175.000,73.837,75.897,73.930,43.851,110.035,115.212,110.347,58.184,270.776,281.791,272.679,297.850,1.0000,1.0000,1.0000,0.9500,700.00,700.00,700.00,0.00
319.00,180.000,180.000,170.000,175.000,74.078,76.158,74.172,43.947,110.293,115.507,110.608,58.294,271.013,282.080,272.924,297.933,1.0000,1.0000,1.0000,0.9500,700.00,700.00,700.00,0.00
320.00,180.000,180.000,170.000,175.000,74.319,76.420,74.415,44.042,110.550,115.803,110.869,58.403,271.249,282.368,273.169,298.016,1.0000,1.0000,1.0000,0.9500,700.00,700.00,700.00,0.00
321.00,180.000,180.000,170.000,175.000,74.560,76.682,74.657,44.138,110.808,116.099,111.130,58.513,271.486,282.657,273.413,298.100,1.0000,1.0000,1.0000,0.9500,700.00,700.00,700.00,0.00
322.00,180.000,180.000,170.000,175.000,74.801,76.945,74.900,44.234,111.065,116.394,111.390,58.622,271.722,282.945,273.658,298.183,1.0000,1.0000,1.0000,0.9500,700.00,700.00,700.00,0.00
323.00,180.000,180.000,170.000,175.000,75.043,77.207,75.143,44.329,111.322,116.690,111.651,58.732,271.958,283.234,273.903,298.266,1.0000,1.0000,1.0000,0.9500,700.00,700.00,700.00,0.00
324.00,180.000,180.000,170.000,175.000,75.284,77.470,75.386,44.425,111.579,116.985,111.911,58.841,272.194,283.522,274.147,298.350,1.0000,1.0000,1.0000,0.9500,700.00,700.00,700.00,0.00
325.00,180.000,180.000,170.000,175.000,75.526,77.733,75.629,44.521,111.836,117.281,112.171,58.951,272.429,283.810,274.392,298.433,1.0000,1.0000,1.0000,0.9500,700.00,700.00,700.00,0.00
326.00,180.000,180.000,170.000,175.000,75.768,77.996,75.872,44.617,112.093,117.576,112.432,59.060,272.665,284.098,274.636,298.516,1.0000,1.0000,1.0000,0.9500,700.00,700.00,700.00,0.00
327.00,180.000,180.000,170.000,175.000,76.009,78.260,76.116,44.714,112.349,117.871,112.692,59.170,272.901,284.386,274.881,298.600,1.0000,1.0000,1.0000,0.9500,700.00,700.00,700.00,0.00
328.00,180.000,180.000,170.000,175.000,76.251,78.524,76.359,44.810,112.606,118.167,112.951,59.280,273.136,284.675,275.125,298.683,1.0000,1.0000,1.0000,0.9500,700.00,700.00,700.00,0.00
329.00,180.000,180.000,170.000,175.000,76.493,78.788,76.603,44.906,112.862,118.462,113.211,59.390,273.372,284.963,275.369,298.767,1.0000,1.0000,1.0000,0.9500,700.00,700.00,700.00,0.00
330.00,180.000,180.000,170.000,175.000,76.735,79.052,76.846,45.003,113.118,118.757,113.471,59.500,273.607,285.251,275.613,298.850,1.0000,1.0000,1.0000,0.9500,700.00,700.00,700.00,0.00
331.00,180.000,180.000,170.000,175.000,76.977,79.316,77.090,45.099,113.374,119.052,113.730,59.609,273.842,285.538,275.857,298.934,1.0000,1.0000,1.0000,0.9500,700.00,700.00,700.00,0.00
332.00,180.000,180.000,170.000,175.000,77.220,79.580,77.334,45.196,113.630,119.347,113.990,59.719,274.077,285.826,276.100,299.018,1.0000,1.0000,1.0000,0.9500,700.00,700.00,700.00,0.00
333.00,180.000,180.000,170.000,175.000,77.462,79.845,77.578,45.292,113.886,119.643,114.249,59.829,274.312,286.114,276.344,299.101,1.0000,1.0000,1.0000,0.9500,700.00,700.00,700.00,0.00
334.00,180.000,180.000,170.000,175.000,77.704,80.110,77.822,45.389,114.141,119.938,114.508,59.939,274.547,286.402,276.588,299.185,1.0000,1.0000,1.0000,0.9500,700.00,700.00,700.00,0.00
335.00,180.000,180.000,170.000,175.000,77.947,80.375,78.066,45.486,114.397,120.233,114.767,60.049,274.782,286.690,276.831,299.269,1.0000,1.0000,1.0000,0.9500,700.00,700.00,700.00,0.00
336.00,180.000,180.000,170.000,175.000,78.190,80.641,78.311,45.583,114.652,120.528,115.026,60.159,275.016,286.977,277.075,299.352,1.0000,1.0000,1.0000,0.9500,700.00,700.00,700.00,0.00
337.00,180.000,180.000,170.000,175.000,78.432,80.906,78.555,45.680,114.907,120.822,115.284,60.270,275.251,287.265,277.318,299.436,1.0000,1.0000,1.0000,0.9500,700.00,700.00,700.00,0.00
338.00,180.000,180.000,170.000,175.000,78.675,81.172,78.799,45.777,115.162,121.117,115.543,60.380,275.485,287.553,277.561,299.520,1.0000,1.0000,1.0000,0.9500,700.00,700.00,700.00,0.00
339.00,180.000,180.000,170.000,175.000,78.918,81.438,79.044,45.874,115.417,121.412,115.801,60.490,275.720,287.840,277.804,299.604,1.0000,1.0000,1.0000,0.9500,700.00,700.00,700.00,0.00
340.00,180.000,180.000,170.000,175.000,79.161,81.704,79.289,45.972,115.672,121.707,116.059,60.600,275.954,288.127,278.047,299.688,1.0000,1.0000,1.0000,0.9500,700.00,700.00,700.00,0.00
341.00,180.000,180.000,170.000,175.000,79.404,81.970,79.533,46.069,115.926,122.002,116.318,60.711,276.188,288.415,278.290,299.772,1.0000,1.0000,1.0000,0.9500,700.00,700.00,700.00,0.00
342.00,180.000,180.000,170.000,175.000,79.647,82.237,79.778,46.166,116.180,122.296,116.576,60.821,276.422,288.702,278.533,299.856,1.0000,1.0000,1.0000,0.9500,700.00,700.00,700.00,0.00
343.00,180.000,180.000,170.000,175.000,79.890,82.503,80.023,46.264,116.435,122.591,116.834,60.931,276.656,288.990,278.776,299.940,1.0000,1.0000,1.0000,0.9500,700.00,700.00,700.00,0.00
344.00,180.000,180.000,170.000,175.000,80.133,82.770,80.268,46.362,116.689,122.885,117.091,61.042,276.890,289.277,279.018,300.024,1.0000,1.0000,1.0000,0.9500,700.00,700.00,700.00,0.00
345.00,180.000,180.000,170.000,175.000,80.377,83.037,80.513,46.459,116.943,123.180,117.349,61.152,277.124,289.564,279.261,300.108,1.0000,1.0000,1.0000,0.9500,700.00,700.00,700.00,0.00
346.00,180.000,180.000,170.000,175.000,80.620,83.304,80.759,46.557,117.197,123.475,117.607,61.263,277.357,289.851,279.503,300.192,1.0000,1.0000,1.0000,0.9500,700.00,700.00,700.00,0.00
347.00,180.000,180.000,170.000,175.000,80.864,83.572,81.004,46.655,117.450,123.769,117.864,61.373,277.591,290.138,279.745,300.276,1.0000,1.0000,1.0000,0.9500,700.00,700.00,700.00,0.00
348.00,180.000,180.000,170.000,175.000,81.107,83.839,81.249,46.753,117.704,124.063,118.121,61.484,277.824,290.425,279.988,300.360,1.0000,1.0000,1.0000,0.9500,700.00,700.00,700.00,0.00
349.00,180.000,180.000,170.000,175.000,81.351,84.107,81.495,46.851,117.957,124.358,118.378,61.595,278.058,290.712,280.230,300.444,1.0000,1.0000,1.0000,0.9500,700.00,700.00,700.00,0.00
350.00,180.000,180.000,170.000,175.000,81.594,84.375,81.740,46.949,118.211,124.652,118.635,61.705,278.291,290.999,280.472,300.528,1.0000,1.0000,1.0000,0.9500,700.00,700.00,700.00,0.00
351.00,180.000,180.000,170.000,175.000,81.838,84.643,81.986,47.047,118.464,124.946,118.892,61.816,278.524,291.286,280.714,300.613,1.0000,1.0000,1.0000,0.9500,700.00,700.00,700.00,0.00
352.00,180.000,180.000,170.000,175.000,82.082,84.911,82.231,47.146,118.717,125.241,119.149,61.927,278.757,291.573,280.956,300.697,1.0000,1.0000,1.0000,0.9500,700.00,700.00,700.00,0.00
353.00,180.000,180.000,170.000,175.000,82.326,85.180,82.477,47.244,118.970,125.535,119.406,62.037,278.990,291.859,281.197,300.781,1.0000,1.0000,1.0000,0.9500,700.00,700.00,700.00,0.00
354.00,180.000,180.000,170.000,175.000,82.570,85.449,82.723,47.343,119.223,125.829,119.662,62.148,279.223,292.146,281.439,300.865,1.0000,1.0000,1.0000,0.9500,700.00,700.00,700.00,0.00
355.00,180.000,180.000,170.000,175.000,82.814,85.717,82.969,47.441,119.475,126.123,119.919,62.259,279.455,292.433,281.681,300.950,1.0000,1.0000,1.0000,0.9500,700.00,700.00,700.00,0.00
356.00,180.000,180.000,170.000,175.000,83.058,85.986,83.215,47.540,119.728,126.417,120.175,62.370,279.688,292.719,281.922,301.034,1.0000,1.0000,1.0000,0.9500,700.00,700.00,700.00,0.00
357.00,180.000,180.000,170.000,175.000,83.302,86.255,83.461,47.639,119.980,126.711,120.431,62.481,279.921,293.006,282.163,301.119,1.0000,1.0000,1.0000,0.9500,700.00,700.00,700.00,0.00
358.00,180.000,180.000,170.000,175.000,83.546,86.525,83.707,47.737,120.232,127.005,120.687,62.592,280.153,293.292,282.405,301.203,1.0000,1.0000,1.0000,0.9500,700.00,700.00,700.00,0.00
359.00,180.000,180.000,170.000,175.000,83.790,86.794,83.953,47.836,120.484,127.299,120.943,62.703,280.385,293.579,282.646,301.287,1.0000,1.0000,1.0000,0.9500,700.00,700.00,700.00,0.00
360.00,180.000,180.000,170.000,175.000,84.034,87.064,84.199,47.935,120.736,127.593,121.199,62.814,280.618,293.865,282.887,301.372,1.0000,1.0000,1.0000,0.9500,700.00,700.00,700.00,0.00
361.00,180.000,180.000,170.000,175.000,84.278,87.334,84.445,48.034,120.988,127.887,121.455,62.925,280.850,294.151,283.128,301.456,1.0000,1.0000,1.0000,0.9500,700.00,700.00,700.00,0.00
362.00,180.000,180.000,170.000,175.000,84.523,87.604,84.692,48.133,121.240,128.180,121.710,63.036,281.082,294.438,283.369,301.541,1.0000,1.0000,1.0000,0.9500,700.00,700.00,700.00,0.00
363.00,180.000,180.000,170.000,175.000,84.767,87.874,84.938,48.233,121.491,128.474,121.966,63.148,281.314,294.724,283.610,301.626,1.0000,1.0000,1.0000,0.9500,700.00,700.00,700.00,0.00
364.00,180.000,180.000,170.000,175.000,85.012,88.144,85.185,48.332,121.743,128.768,122.221,63.259,281.546,295.010,283.850,301.710,1.0000,1.0000,1.0000,0.9500,700.00,700.00,700.00,0.00
365.00,180.000,180.000,170.000,175.000,85.256,88.414,85.431,48.431,121.994,129.061,122.476,63.370,281.777,295.296,284.091,301.795,1.0000,1.0000,1.0000,0.9500,700.00,700.00,700.00,0.00
366.00,180.000,180.000,170.000,175.000,85.501,88.685,85.678,48.531,122.245,129.355,122.731,63.481,282.009,295.582,284.332,301.880,1.0000,1.0000,1.0000,0.9500,700.00,700.00,700.00,0.00
367.00,180.000,180.000,170.000,175.000,85.745,88.956,85.924,48.630,122.496,129.649,122.986,63.593,282.240,295.868,284.572,301.964,1.0000,1.0000,1.0000,0.9500,700.00,700.00,700.00,0.00
368.00,180.000,180.000,170.000,175.000,85.990,89.226,86.171,48.730,122.747,129.942,123.241,63.704,282.472,296.154,284.812,302.049,1.0000,1.0000,1.0000,0.9500,700.00,700.00,700.00,0.00
369.00,180.000,180.000,170.000,175.000,86.234,89.497,86.418,48.830,122.998,130.235,123.496,63.816,282.703,296.440,285.053,302.134,1.0000,1.0000,1.0000,0.9500,700.00,700.00,700.00,0.00
370.00,180.000,180.000,170.000,175.000,86.479,89.769,86.664,48.929,123.248,130.529,123.750,63.927,282.935,296.726,285.293,302.218,1.0000,1.0000,1.0000,0.9500,700.00,700.00,700.00,0.00
371.00,180.000,180.000,170.000,175.000,86.724,90.040,86.911,49.029,123.499,130.822,124.005,64.039,283.166,297.011,285.533,302.303,1.0000,1.0000,1.0000,0.9500,700.00,700.00,700.00,0.00
372.00,180.000,180.000,170.000,175.000,86.969,90.311,87.158,49.129,123.749,131.116,124.259,64.150,283.397,297.297,285.773,302.388,1.0000,1.0000,1.0000,0.9500,700.00,700.00,700.00,0.00
373.00,180.000,180.000,170.000,175.000,87.213,90.583,87.405,49.229,123.999,131.409,124.513,64.262,283.628,297.583,286.013,302.473,1.0000,1.0000,1.0000,0.9500,700.00,700.00,700.00,0.00
374.00,180.000,180.000,170.000,175.000,87.458,90.855,87.652,49.329,124.249,131.702,124.767,64.373,283.859,297.868,286.253,302.558,1.0000,1.0000,1.0000,0.9500,700.00,700.00,700.00,0.00
375.00,180.000,180.000,170.000,175.000,87.703,91.127,87.899,49.429,124.499,131.995,125.021,64.485,284.089,298.154,286.492,302.643,1.0000,1.0000,1.0000,0.9500,700.00,700.00,700.00,0.00
376.00,180.000,180.000,170.000,175.000,87.948,91.399,88.146,49.529,124.749,132.288,125.275,64.597,284.320,298.439,286.732,302.728,1.0000,1.0000,1.0000,0.9500,700.00,700.00,700.00,0.00
377.00,180.000,180.000,170.000,175.000,88.193,91.671,88.393,49.630,124.999,132.581,125.529,64.708,284.551,298.725,286.971,302.813,1.0000,1.0000,1.0000,0.9500,700.00,700.00,700.00,0.00
378.00,180.000,180.000,170.000,175.000,88.438,91.943,88.641,49.730,125.248,132.874,125.783,64.820,284.781,299.010,287.211,302.898,1.0000,1.0000,1.0000,0.9500,700.00,700.00,700.00,0.00
379.00,180.000,180.000,170.000,175.000,88.683,92.216,88.888,49.831,125.498,133.167,126.036,64.932,285.011,299.295,287.450,302.983,1.0000,1.0000,1.0000,0.9500,700.00,700.00,700.00,0.00
380.00,180.000,180.000,170.000,175.000,88.928,92.488,89.135,49.931,125.747,133.460,126.289,65.044,285.242,299.581,287.689,303.068,1.0000,1.0000,1.0000,0.9500,700.00,700.00,700.00,0.00
381.00,180.000,180.000,170.000,175.000,89.173,92.761,89.382,50.032,125.996,133.753,126.543,65.156,285.472,299.866,287.929,303.153,1.0000,1.0000,1.0000,0.9500,700.00,700.00,700.00,0.00
382.00,180.000,180.000,170.000,175.000,89.418,93.034,89.630,50.132,126.245,134.046,126.796,65.268,285.702,300.151,288.168,303.238,1.0000,1.0000,1.0000,0.9500,700.00,700.00,700.00,0.00
383.00,180.000,180.000,170.000,175.000,89.663,93.307,89.877,50.233,126.494,134.339,127.049,65.380,285.932,300.436,288.407,303.323,1.0000,1.0000,1.0000,0.9500,700.00,700.00,700.00,0.00
384.00,180.000,180.000,170.000,175.000,89.908,93.580,90.124,50.334,126.743,134.632,127.302,65.492,286.162,300.721,288.645,303.408,1.0000,1.0000,1.0000,0.9500,700.00,700.00,700.00,0.00
385.00,180.000,180.000,170.000,175.000,90.154,93.853,90.372,50.435,126.992,134.924,127.555,65.604,286.392,301.006,288.884,303.494,1.0000,1.0000,1.0000,0.9500,700.00,700.00,700.00,0.00
386.00,180.000,180.000,170.000,175.000,90.399,94.127,90.619,50.536,127.240,135.217,127.807,65.716,286.622,301.291,289.123,303.579,1.0000,1.0000,1.0000,0.9500,700.00,700.00,700.00,0.00
387.00,180.000,180.000,170.000,175.000,90.644,94.400,90.867,50.637,127.489,135.510,128.060,65.828,286.851,301.576,289.362,303.664,1.0000,1.0000,1.0000,0.9500,700.00,700.00,700.00,0.00
388.00,180.000,180.000,170.000,175.000,90.889,94.674,91.114,50.738,127.737,135.802,128.312,65.940,287.081,301.860,289.600,303.749,1.0000,1.0000,1.0000,0.9500,700.00,700.00,700.00,0.00
389.00,180.000,180.000,170.000,175.000,91.134,94.947,91.362,50.839,127.985,136.095,128.565,66.052,287.310,302.145,289.839,303.835,1.0000,1.0000,1.0000,0.9500,700.00,700.00,700.00,0.00
390.00,180.000,180.000,170.000,175.000,91.380,95.221,91.610,50.940,128.233,136.387,128.817,66.164,287.540,302.430,290.077,303.920,1.0000,1.0000,1.0000,0.9500,700.00,700.00,700.00,0.00
391.00,180.000,180.000,170.000,175.000,91.625,95.495,91.857,51.042,128.481,136.679,129.069,66.276,287.769,302.715,290.315,304.005,1.0000,1.0000,1.0000,0.9500,700.00,700.00,700.00,0.00
392.00,180.000,180.000,170.000,175.000,91.870,95.770,92.105,51.143,128.729,136.972,129.321,66.389,287.998,302.999,290.553,304.091,1.0000,1.0000,1.0000,0.9500,700.00,700.00,700.00,0.00
393.00,180.000,180.000,170.000,175.000,92.116,96.044,92.353,51.245,128.976,137.264,129.573,66.501,288.227,303.284,290.792,304.176,1.0000,1.0000,1.0000,0.9500,700.00,700.00,700.00,0.00
394.00,180.000,180.000,170.000,175.000,92.361,96.318,92.600,51.346,129.224,137.556,129.825,66.613,288.456,303.568,291.030,304.262,1.0000,1.0000,1.0000,0.9500,700.00,700.00,700.00,0.00
395.00,180.000,180.000,170.000,175.000,92.606,96.593,92.848,51.448,129.471,137.849,130.077,66.726,288.685,303.852,291.267,304.347,1.0000,1.0000,1.0000,0.9500,700.00,700.00,700.00,0.00
396.00,180.000,180.000,170.000,175.000,92.852,96.867,93.096,51.550,129.719,138.141,130.328,66.838,288.914,304.137,291.505,304.433,1.0000,1.0000,1.0000,0.9500,700.00,700.00,700.00,0.00
397.00,180.000,180.000,170.000,175.000,93.097,97.142,93.344,51.651,129.966,138.433,130.580,66.951,289.142,304.421,291.743,304.518,1.0000,1.0000,1.0000,0.9500,700.00,700.00,700.00,0.00
398.00,180.000,180.000,170.000,175.000,93.342,97.417,93.592,51.753,130.213,138.725,130.831,67.063,289.371,304.705,291.981,304.604,1.0000,1.0000,1.0000,0.9500,700.00,700.00,700.00,0.00
399.00,180.000,180.000,170.000,175.000,93.588,97.692,93.839,51.855,130.460,139.017,131.082,67.176,289.600,304.989,292.218,304.689,1.0000,1.0000,1.0000,0.9500,700.00,700.00,700.00,0.00
400.00,180.000,180.000,170.000,175.000,93.833,97.967,94.087,51.957,130.707,139.309,131.333,67.288,289.828,305.274,292.456,304.775,1.0000,1.0000,1.0000,0.9500,700.00,700.00,700.00,0.00
401.00,180.000,180.000,170.000,175.000,94.079,98.242,94.335,52.059,130.953,139.601,131.584,67.401,290.056,305.558,292.693,304.861,1.0000,1.0000,1.0000,0.9500,700.00,700.00,700.00,0.00
402.00,180.000,180.000,170.000,175.000,94.324,98.517,94.583,52.161,131.200,139.893,131.835,67.513,290.285,305.842,292.930,304.946,1.0000,1.0000,1.0000,0.9500,700.00,700.00,700.00,0.00
403.00,180.000,180.000,170.000,175.000,94.569,98.793,94.831,52.263,131.446,140.185,132.086,67.626,290.513,306.126,293.168,305.032,1.0000,1.0000,1.0000,0.9500,700.00,700.00,700.00,0.00
404.00,180.000,180.000,170.000,175.000,94.815,99.068,95.079,52.366,131.693,140.477,132.337,67.739,290.741,306.409,293.405,305.118,1.0000,1.0000,1.0000,0.9500,700.00,700.00,700.00,0.00
405.00,180.000,180.000,170.000,175.000,95.060,99.344,95.327,52.468,131.939,140.768,132.587,67.851,290.969,306.693,293.642,305.203,1.0000,1.0000,1.0000,0.9500,700.00,700.00,700.00,0.00
406.00,180.000,180.000,170.000,175.000,95.306,99.620,95.575,52.570,132.185,141.060,132.838,67.964,291.197,306.977,293.879,305.289,1.0000,1.0000,1.0000,0.9500,700.00,700.00,700.00,0.00
407.00,180.000,180.000,170.000,175.000,95.551,99.895,95.823,52.673,132.431,141.352,133.088,68.077,291.425,307.261,294.116,305.375,1.0000,1.0000,1.0000,0.9500,700.00,700.00,700.00,0.00
408.00,180.000,180.000,170.000,175.000,95.797,100.171,96.071,52.775,132.677,141.643,133.338,68.190,291.652,307.544,294.352,305.461,1.0000,1.0000,1.0000,0.9500,700.00,700.00,700.00,0.00
409.00,180.000,180.000,170.000,175.000,96.042,100.447,96.319,52.878,132.922,141.935,133.588,68.302,291.880,307.828,294.589,305.547,1.0000,1.0000,1.0000,0.9500,700.00,700.00,700.00,0.00
410.00,180.000,180.000,170.000,175.000,96.288,100.724,96.567,52.981,133.168,142.226,133.838,68.415,292.107,308.111,294.826,305.633,1.0000,1.0000,1.0000,0.9500,700.00,700.00,700.00,0.00
411.00,180.000,180.000,170.000,175.000,96.533,101.000,96.815,53.084,133.413,142.518,134.088,68.528,292.335,308.395,295.062,305.718,1.0000,1.0000,1.0000,0.9500,700.00,700.00,700.00,0.00
412.00,180.000,180.000,170.000,175.000,96.779,101.276,97.063,53.186,133.659,142.809,134.338,68.641,292.562,308.678,295.299,305.804,1.0000,1.0000,1.0000,0.9500,700.00,700.00,700.00,0.00
413.00,180.000,180.000,170.000,175.000,97.024,101.553,97.311,53.289,133.904,143.100,134.588,68.754,292.789,308.962,295.535,305.890,1.0000,1.0000,1.0000,0.9500,700.00,700.00,700.00,0.00
414.00,180.000,180.000,170.000,175.000,97.269,101.829,97.559,53.392,134.149,143.392,134.837,68.867,293.017,309.245,295.771,305.976,1.0000,1.0000,1.0000,0.9500,700.00,700.00,700.00,0.00
415.00,180.000,180.000,170.000,175.000,97.515,102.106,97.807,53.495,134.394,143.683,135.087,68.980,293.244,309.528,296.007,306.062,1.0000,1.0000,1.0000,0.9500,700.00,700.00,700.00,0.00
416.00,180.000,180.000,170.000,175.000,97.760,102.383,98.056,53.598,134.639,143.974,135.336,69.093,293.471,309.811,296.244,306.148,1.0000,1.0000,1.0000,0.9500,700.00,700.00,700.00,0.00
417.00,180.000,180.000,170.000,175.000,98.006,102.659,98.304,53.701,134.884,144.265,135.585,69.206,293.698,310.095,296.480,306.234,1.0000,1.0000,1.0000,0.9500,700.00,700.00,700.00,0.00
418.00,180.000,180.000,170.000,175.000,98.251,102.936,98.552,53.805,135.128,144.556,135.834,69.319,293.924,310.378,296.716,306.320,1.0000,1.0000,1.0000,0.9500,700.00,700.00,700.00,0.00
419.00,180.000,180.000,170.000,175.000,98.497,103.213,98.800,53.908,135.373,144.847,136.083,69.433,294.151,310.661,296.951,306.406,1.0000,1.0000,1.0000,0.9500,700.00,700.00,700.00,0.00
420.00,180.000,180.000,170.000,175.000,98.742,103.490,99.048,54.011,135.617,145.138,136.332,69.546,294.378,310.944,297.187,306.493,1.0000,1.0000,1.0000,0.9500,700.00,700.00,700.00,0.00
421.00,180.000,180.000,170.000,175.000,98.988,103.768,99.296,54.115,135.862,145.429,136.581,69.659,294.604,311.226,297.423,306.579,1.0000,1.0000,1.0000,0.9500,700.00,700.00,700.00,0.00
422.00,180.000,180.000,170.000,175.000,99.233,104.045,99.544,54.218,136.106,145.720,136.830,69.772,294.831,311.509,297.658,306.665,1.0000,1.0000,1.0000,0.9500,700.00,700.00,700.00,0.00
423.00,180.000,180.000,170.000,175.000,99.478,104.322,99.793,54.322,136.350,146.011,137.078,69.886,295.057,311.792,297.894,306.751,1.0000,1.0000,1.0000,0.9500,700.00,700.00,700.00,0.00
424.00,180.000,180.000,170.000,175.000,99.724,104.600,100.041,54.425,136.594,146.302,137.327,69.999,295.284,312.075,298.129,306.837,1.0000,1.0000,1.0000,0.9500,700.00,700.00,700.00,0.00
425.00,180.000,180.000,170.000,175.000,99.969,104.877,100.289,54.529,136.838,146.593,137.575,70.112,295.510,312.357,298.365,306.924,1.0000,1.0000,1.0000,0.9500,700.00,700.00,700.00,0.00
426.00,180.000,180.000,170.000,175.000,100.215,105.155,100.537,54.633,137.081,146.883,137.824,70.226,295.736,312.640,298.600,307.010,1.0000,1.0000,1.0000,0.9500,700.00,700.00,700.00,0.00
427.00,180.000,180.000,170.000,175.000,100.460,105.433,100.785,54.736,137.325,147.174,138.072,70.339,295.962,312.923,298.835,307.096,1.0000,1.0000,1.0000,0.9500,700.00,700.00,700.00,0.00
428.00,180.000,180.000,170.000,175.000,100.705,105.711,101.033,54.840,137.568,147.465,138.320,70.452,296.188,313.205,299.070,307.182,1.0000,1.0000,1.0000,0.9500,700.00,700.00,700.00,0.00
429.00,180.000,180.000,170.000,175.000,100.951,105.989,101.282,54.944,137.812,147.755,138.568,70.566,296.414,313.487,299.305,307.269,1.0000,1.0000,1.0000,0.9500,700.00,700.00,700.00,0.00
430.00,180.000,180.000,170.000,175.000,101.196,106.267,101.530,55.048,138.055,148.046,138.816,70.679,296.640,313.770,299.540,307.355,1.0000,1.0000,1.0000,0.9500,700.00,700.00,700.00,0.00
431.00,180.000,180.000,170.000,175.000,101.441,106.545,101.778,55.152,138.298,148.336,139.063,70.793,296.865,314.052,299.775,307.441,1.0000,1.0000,1.0000,0.9500,700.00,700.00,700.00,0.00
432.00,180.000,180.000,170.000,175.000,101.687,106.823,102.026,55.256,138.541,148.627,139.311,70.907,297.091,314.334,300.010,307.528,1.0000,1.0000,1.0000,0.9500,700.00,700.00,700.00,0.00
433.00,180.000,180.000,170.000,175.000,101.932,107.101,102.274,55.361,138.784,148.917,139.559,71.020,297.316,314.617,300.244,307.614,1.0000,1.0000,1.0000,0.9500,700.00,700.00,700.00,0.00
434.00,180.000,180.000,170.000,175.000,102.177,107.379,102.522,55.465,139.027,149.207,139.806,71.134,297.542,314.899,300.479,307.701,1.0000,1.0000,1.0000,0.9500,700.00,700.00,700.00,0.00
435.00,180.000,180.000,170.000,175.000,102.422,107.658,102.770,55.569,139.269,149.498,140.053,71.247,297.767,315.181,300.713,307.787,1.0000,1.0000,1.0000,0.9500,700.00,700.00,700.00,0.00
436.00,180.000,180.000,170.000,175.000,102.668,107.936,103.019,55.673,139.512,149.788,140.301,71.361,297.992,315.463,300.948,307.874,1.0000,1.0000,1.0000,0.9500,700.00,700.00,700.00,0.00
437.00,180.000,180.000,170.000,175.000,102.913,108.215,103.267,55.778,139.754,150.078,140.548,71.475,298.218,315.745,301.182,307.960,1.0000,1.0000,1.0000,0.9500,700.00,700.00,700.00,0.00
438.00,180.000,180.000,170.000,175.000,103.158,108.494,103.515,55.882,139.997,150.368,140.795,71.589,298.443,316.027,301.416,308.047,1.0000,1.0000,1.0000,0.9500,700.00,700.00,700.00,0.00
439.00,180.000,180.000,170.000,175.000,103.403,108.772,103.763,55.987,140.239,150.658,141.042,71.702,298.668,316.308,301.651,308.133,1.0000,1.0000,1.0000,0.9500,700.00,700.00,700.00,0.00
440.00,180.000,180.000,170.000,175.000,103.648,109.051,104.011,56.092,140.481,150.948,141.288,71.816,298.893,316.590,301.885,308.220,1.0000,1.0000,1.0000,0.9500,700.00,700.00,700.00,0.00
441.00,180.000,180.000,170.000,175.000,103.893,109.330,104.259,56.196,140.723,151.238,141.535,71.930,299.117,316.872,302.119,308.307,1.0000,1.0000,1.0000,0.9500,700.00,700.00,700.00,0.00
442.00,180.000,180.000,170.000,175.000,104.139,109.609,104.507,56.301,140.965,151.528,141.782,72.044,299.342,317.154,302.353,308.393,1.0000,1.0000,1.0000,0.9500,700.00,700.00,700.00,0.00
443.00,180.000,180.000,170.000,175.000,104.384,109.888,104.755,56.406,141.207,151.818,142.028,72.158,299.567,317.435,302.587,308.480,1.0000,1.0000,1.0000,0.9500,700.00,700.00,700.00,0.00
444.00,180.000,180.000,170.000,175.000,104.629,110.167,105.003,56.511,141.448,152.108,142.275,72.272,299.791,317.717,302.820,308.566,1.0000,1.0000,1.0000,0.9500,700.00,700.00,700.00,0.00
445.00,180.000,180.000,170.000,175.000,104.874,110.446,105.251,56.615,141.690,152.397,142.521,72.386,300.016,317.998,303.054,308.653,1.0000,1.0000,1.0000,0.9500,700.00,700.00,700.00,0.00
446.00,180.000,180.000,170.000,175.000,105.119,110.725,105.500,56.720,141.931,152.687,142.767,72.500,300.240,318.280,303.288,308.740,1.0000,1.0000,1.0000,0.9500,700.00,700.00,700.00,0.00
447.00,180.000,180.000,170.000,175.000,105.364,111.005,105.748,56.825,142.173,152.977,143.013,72.614,300.465,318.561,303.521,308.827,1.0000,1.0000,1.0000,0.9500,700.00,700.00,700.00,0.00
448.00,180.000,180.000,170.000,175.000,105.609,111.284,105.996,56.931,142.414,153.266,143.259,72.728,300.689,318.842,303.755,308.913,1.0000,1.0000,1.0000,0.9500,700.00,700.00,700.00,0.00
449.00,180.000,180.000,170.000,175.000,105.854,111.563,106.244,57.036,142.655,153.556,143.505,72.842,300.913,319.124,303.988,309.000,1.0000,1.0000,1.0000,0.9500,700.00,700.00,700.00,0.00
450.00,180.000,180.000,170.000,175.000,106.099,111.843,106.492,57.141,142.896,153.845,143.751,72.956,301.137,319.405,304.221,309.087,1.0000,1.0000,1.0000,0.9500,700.00,700.00,700.00,0.00
451.00,180.000,180.000,170.000,175.000,106.344,112.123,106.740,57.246,143.137,154.135,143.997,73.070,301.361,319.686,304.454,309.174,1.0000,1.0000,1.0000,0.9500,700.00,700.00,700.00,0.00
452.00,180.000,180.000,170.000,175.000,106.588,112.402,106.988,57.352,143.378,154.424,144.242,73.184,301.585,319.967,304.688,309.261,1.0000,1.0000,1.0000,0.9500,700.00,700.00,700.00,0.00
453.00,180.000,180.000,170.000,175.000,106.833,112.682,107.235,57.457,143.619,154.713,144.488,73.298,301.809,320.248,304.921,309.348,1.0000,1.0000,1.0000,0.9500,700.00,700.00,700.00,0.00
454.00,180.000,180.000,170.000,175.000,107.078,112.962,107.483,57.562,143.859,155.003,144.733,73.412,302.033,320.529,305.154,309.434,1.0000,1.0000,1.0000,0.9500,700.00,700.00,700.00,0.00
455.00,180.000,180.000,170.000,175.000,107.323,113.241,107.731,57.668,144.100,155.292,144.978,73.527,302.256,320.810,305.387,309.521,1.0000,1.0000,1.0000,0.9500,700.00,700.00,700.00,0.00
456.00,180.000,180.000,170.000,175.000,107.568,113.521,107.979,57.773,144.340,155.581,145.224,73.641,302.480,321.091,305.619,309.608,1.0000,1.0000,1.0000,0.9500,700.00,700.00,700.00,0.00
457.00,180.000,180.000,170.000,175.000,107.812,113.801,108.227,57.879,144.580,155.870,145.469,73.755,302.703,321.371,305.852,309.695,1.0000,1.0000,1.0000,0.9500,700.00,700.00,700.00,0.00
458.00,180.000,180.000,170.000,175.000,108.057,114.081,108.475,57.985,144.820,156.159,145.714,73.869,302.927,321.652,306.085,309.782,1.0000,1.0000,1.0000,0.9500,700.00,700.00,700.00,0.00
459.00,180.000,180.000,170.000,175.000,108.302,114.361,108.723,58.090,145.060,156.448,145.959,73.984,303.150,321.933,306.317,309.869,1.0000,1.0000,1.0000,0.9500,700.00,700.00,700.00,0.00
460.00,180.000,180.000,170.000,175.000,108.546,114.641,108.971,58.196,145.300,156.737,146.203,74.098,303.373,322.213,306.550,309.956,1.0000,1.0000,1.0000,0.9500,700.00,700.00,700.00,0.00
461.00,180.000,180.000,170.000,175.000,108.791,114.922,109.218,58.302,145.540,157.026,146.448,74.213,303.596,322.494,306.782,310.043,1.0000,1.0000,1.0000,0.9500,700.00,700.00,700.00,0.00
462.00,180.000,180.000,170.000,175.000,109.036,115.202,109.466,58.408,145.780,157.315,146.693,74.327,303.819,322.774,307.014,310.130,1.0000,1.0000,1.0000,0.9500,700.00,700.00,700.00,0.00
463.00,180.000,180.000,170.000,175.000,109.280,115.482,109.714,58.514,146.019,157.604,146.937,74.441,304.042,323.055,307.247,310.218,1.0000,1.0000,1.0000,0.9500,700.00,700.00,700.00,0.00
464.00,180.000,180.000,170.000,175.000,109.525,115.763,109.962,58.620,146.259,157.893,147.182,74.556,304.265,323.335,307.479,310.305,1.0000,1.0000,1.0000,0.9500,700.00,700.00,700.00,0.00
465.00,180.000,180.000,170.000,175.000,109.769,116.043,110.209,58.726,146.498,158.181,147.426,74.670,304.488,323.615,307.711,310.392,1.0000,1.0000,1.0000,0.9500,700.00,700.00,700.00,0.00
466.00,180.000,180.000,170.000,175.000,110.014,116.323,110.457,58.832,146.737,158.470,147.670,74.785,304.711,323.895,307.943,310.479,1.0000,1.0000,1.0000,0.9500,700.00,700.00,700.00,0.00
467.00,180.000,180.000,170.000,175.000,110.258,116.604,110.705,58.938,146.977,158.759,147.914,74.899,304.934,324.176,308.175,310.566,1.0000,1.0000,1.0000,0.9500,700.00,700.00,700.00,0.00
468.00,180.000,180.000,170.000,175.000,110.502,116.885,110.952,59.045,147.216,159.047,148.158,75.014,305.156,324.456,308.407,310.653,1.0000,1.0000,1.0000,0.9500,700.00,700.00,700.00,0.00
469.00,180.000,180.000,170.000,175.000,110.747,117.165,111.200,59.151,147.455,159.336,148.402,75.129,305.379,324.736,308.639,310.740,1.0000,1.0000,1.0000,0.9500,700.00,700.00,700.00,0.00
470.00,180.000,180.000,170.000,175.000,110.991,117.446,111.448,59.257,147.694,159.624,148.646,75.243,305.601,325.016,308.870,310.828,1.0000,1.0000,1.0000,0.9500,700.00,700.00,700.00,0.00
471.00,180.000,180.000,170.000,175.000,111.235,117.727,111.695,59.364,147.932,159.913,148.890,75.358,305.824,325.296,309.102,310.915,1.0000,1.0000,1.0000,0.9500,700.00,700.00,700.00,0.00
472.00,180.000,180.000,170.000,175.000,111.480,118.007,111.943,59.470,148.171,160.201,149.133,75.473,306.046,325.575,309.333,311.002,1.0000,1.0000,1.0000,0.9500,700.00,700.00,700.00,0.00
473.00,180.000,180.000,170.000,175.000,111.724,118.288,112.190,59.577,148.409,160.489,149.377,75.587,306.268,325.855,309.565,311.090,1.0000,1.0000,1.0000,0.9500,700.00,700.00,700.00,0.00
474.00,180.000,180.000,170.000,175.000,111.968,118.569,112.438,59.683,148.648,160.778,149.620,75.702,306.490,326.135,309.796,311.177,1.0000,1.0000,1.0000,0.9500,700.00,700.00,700.00,0.00
475.00,180.000,180.000,170.000,175.000,112.212,118.850,112.685,59.790,148.886,161.066,149.864,75.817,306.712,326.415,310.028,311.264,1.0000,1.0000,1.0000,0.9500,700.00,700.00,700.00,0.00
476.00,180.000,180.000,170.000,175.000,112.456,119.131,112.933,59.897,149.124,161.354,150.107,75.932,306.934,326.694,310.259,311.352,1.0000,1.0000,1.0000,0.9500,700.00,700.00,700.00,0.00
477.00,180.000,180.000,170.000,175.000,112.700,119.412,113.180,60.003,149.363,161.642,150.350,76.046,307.156,326.974,310.490,311.439,1.0000,1.0000,1.0000,0.9500,700.00,700.00,700.00,0.00
478.00,180.000,180.000,170.000,175.000,112.944,119.693,113.427,60.110,149.601,161.930,150.593,76.161,307.378,327.253,310.721,311.526,1.0000,1.0000,1.0000,0.9500,700.00,700.00,700.00,0.00
479.00,180.000,180.000,170.000,175.000,113.188,119.974,113.675,60.217,149.839,162.218,150.836,76.276,307.600,327.533,310.952,311.614,1.0000,1.0000,1.0000,0.9500,700.00,700.00,700.00,0.00
480.00,180.000,180.000,170.000,175.000,113.432,120.255,113.922,60.324,150.076,162.506,151.079,76.391,307.821,327.812,311.183,311.701,1.0000,1.0000,1.0000,0.9500,700.00,700.00,700.00,0.00
481.00,180.000,180.000,170.000,175.000,113.676,120.537,114.169,60.431,150.314,162.794,151.322,76.506,308.043,328.091,311.414,311.789,1.0000,1.0000,1.0000,0.9500,700.00,700.00,700.00,0.00
482.00,180.000,180.000,170.000,175.000,113.920,120.818,114.417,60.538,150.552,163.082,151.564,76.621,308.264,328.371,311.645,311.876,1.0000,1.0000,1.0000,0.9500,700.00,700.00,700.00,0.00
483.00,180.000,180.000,170.000,175.000,114.164,121.099,114.664,60.645,150.789,163.369,151.807,76.736,308.486,328.650,311.875,311.964,1.0000,1.0000,1.0000,0.9500,700.00,700.00,700.00,0.00
484.00,180.000,180.000,170.000,175.000,114.407,121.381,114.911,60.752,151.027,163.657,152.049,76.851,308.707,328.929,312.106,312.051,1.0000,1.0000,1.0000,0.9500,700.00,700.00,700.00,0.00
485.00,180.000,180.000,170.000,175.000,114.651,121.662,115.158,60.859,151.264,163.945,152.292,76.966,308.928,329.208,312.336,312.139,1.0000,1.0000,1.0000,0.9500,700.00,700.00,700.00,0.00
486.00,180.000,180.000,170.000,175.000,114.895,121.943,115.405,60.966,151.501,164.232,152.534,77.081,309.149,329.487,312.567,312.226,1.0000,1.0000,1.0000,0.9500,700.00,700.00,700.00,0.00
487.00,180.000,180.000,170.000,175.000,115.138,122.225,115.653,61.074,151.738,164.520,152.776,77.196,309.370,329.766,312.797,312.314,1.0000,1.0000,1.0000,0.9500,700.00,700.00,700.00,0.00
488.00,180.000,180.000,170.000,175.000,115.382,122.506,115.900,61.181,151.975,164.807,153.018,77.311,309.591,330.045,313.028,312.401,1.0000,1.0000,1.0000,0.9500,700.00,700.00,700.00,0.00
489.00,180.000,180.000,170.000,175.000,115.625,122.788,116.147,61.288,152.212,165.095,153.260,77.426,309.812,330.324,313.258,312.489,1.0000,1.0000,1.0000,0.9500,700.00,700.00,700.00,0.00
490.00,180.000,180.000,170.000,175.000,115.869,123.069,116.394,61.396,152.449,165.382,153.502,77.541,310.033,330.603,313.488,312.577,1.0000,1.0000,1.0000,0.9500,700.00,700.00,700.00,0.00
491.00,180.000,180.000,170.000,175.000,116.112,123.351,116.641,61.503,152.686,165.669,153.744,77.656,310.254,330.881,313.718,312.664,1.0000,1.0000,1.0000,0.9500,700.00,700.00,700.00,0.00
492.00,180.000,180.000,170.000,175.000,116.356,123.633,116.888,61.611,152.922,165.957,153.986,77.771,310.475,331.160,313.948,312.752,1.0000,1.0000,1.0000,0.9500,700.00,700.00,700.00,0.00
493.00,180.000,180.000,170.000,175.000,116.599,123.914,117.134,61.718,153.159,166.244,154.227,77.887,310.695,331.438,314.178,312.839,1.0000,1.0000,1.0000,0.9500,700.00,700.00,700.00,0.00
494.00,180.000,180.000,170.000,175.000,116.842,124.196,117.381,61.826,153.395,166.531,154.469,78.002,310.916,331.717,314.408,312.927,1.0000,1.0000,1.0000,0.9500,700.00,700.00,700.00,0.00
495.00,180.000,180.000,170.000,175.000,117.086,124.478,117.628,61.934,153.631,166.818,154.710,78.117,311.136,331.995,314.638,313.015,1.0000,1.0000,1.0000,0.9500,700.00,700.00,700.00,0.00
496.00,180.000,180.000,170.000,175.000,117.329,124.760,117.875,62.041,153.867,167.105,154.952,78.232,311.357,332.274,314.867,313.103,1.0000,1.0000,1.0000,0.9500,700.00,700.00,700.00,0.00
497.00,180.000,180.000,170.000,175.000,117.572,125.042,118.122,62.149,154.104,167.392,155.193,78.348,311.577,332.552,315.097,313.190,1.0000,1.0000,1.0000,0.9500,700.00,700.00,700.00,0.00
498.00,180.000,180.000,170.000,175.000,117.815,125.323,118.368,62.257,154.340,167.679,155.434,78.463,311.797,332.830,315.327,313.278,1.0000,1.0000,1.0000,0.9500,700.00,700.00,700.00,0.00
499.00,180.000,180.000,170.000,175.000,118.058,125.605,118.615,62.365,154.575,167.966,155.675,78.578,312.017,333.109,315.556,313.366,1.0000,1.0000,1.0000,0.9500,700.00,700.00,700.00,0.00
500.00,180.000,180.000,170.000,175.000,118.301,125.887,118.862,62.473,154.811,168.253,155.916,78.694,312.237,333.387,315.785,313.454,1.0000,1.0000,1.0000,0.9500,700.00,700.00,700.00,0.00
501.00,180.000,180.000,170.000,175.000,118.544,126.169,119.108,62.581,155.047,168.540,156.157,78.809,312.457,333.665,316.015,313.542,1.0000,1.0000,1.0000,0.9500,700.00,700.00,700.00,0.00
502.00,180.000,180.000,170.000,175.000,118.787,126.451,119.355,62.689,155.283,168.827,156.398,78.925,312.677,333.943,316.244,313.629,1.0000,1.0000,1.0000,0.9500,700.00,700.00,700.00,0.00
503.00,180.000,180.000,170.000,175.000,119.030,126.733,119.601,62.797,155.518,169.113,156.638,79.040,312.897,334.221,316.473,313.717,1.0000,1.0000,1.0000,0.9500,700.00,700.00,700.00,0.00
504.00,180.000,180.000,170.000,175.000,119.273,127.015,119.848,62.905,155.753,169.400,156.879,79.155,313.117,334.499,316.702,313.805,1.0000,1.0000,1.0000,0.9500,700.00,700.00,700.00,0.00
505.00,180.000,180.000,170.000,175.000,119.516,127.297,120.094,63.013,155.989,169.686,157.120,79.271,313.337,334.777,316.931,313.893,1.0000,1.0000,0.9982,0.9500,700.00,700.00,700.00,0.00
506.00,180.000,180.000,170.000,175.000,119.758,127.580,120.341,63.121,156.224,169.973,157.360,79.386,313.556,335.054,317.110,313.981,1.0000,1.0000,0.9951,0.9500,700.00,700.00,560.00,0.00
507.00,180.000,180.000,170.000,175.000,120.001,127.862,120.587,63.229,156.459,170.259,157.600,79.502,313.776,335.332,317.192,314.069,1.0000,1.0000,0.9899,0.9500,700.00,700.00,350.00,0.00
508.00,180.000,180.000,170.000,175.000,120.244,128.144,120.834,63.338,156.694,170.546,157.840,79.617,313.995,335.610,317.256,314.157,1.0000,1.0000,0.9867,0.9500,700.00,700.00,280.00,0.00
509.00,180.000,180.000,170.000,175.000,120.486,128.426,121.080,63.446,156.929,170.832,158.079,79.733,314.215,335.887,317.234,314.245,1.0000,1.0000,0.9816,0.9500,700.00,700.00,70.00,0.00
510.00,180.000,180.000,170.000,175.000,120.729,128.708,121.326,63.555,157.164,171.119,158.318,79.849,314.434,336.165,317.186,314.333,1.0000,1.0000,0.9784,0.9500,700.00,700.00,0.00,0.00
511.00,180.000,180.000,170.000,175.000,120.971,128.991,121.572,63.663,157.399,171.405,158.557,79.964,314.653,336.442,317.097,314.421,1.0000,1.0000,0.9732,0.9500,700.00,700.00,0.00,0.00
512.00,180.000,180.000,170.000,175.000,121.214,129.273,121.818,63.772,157.633,171.691,158.794,80.080,314.872,336.720,316.972,314.509,1.0000,1.0000,0.9700,0.9500,700.00,700.00,0.00,0.00
513.00,180.000,180.000,170.000,175.000,121.456,129.555,122.064,63.880,157.868,171.977,159.031,80.196,315.092,336.997,316.812,314.597,1.0000,1.0000,0.9649,0.9500,700.00,700.00,0.00,0.00
514.00,180.000,180.000,170.000,175.000,121.699,129.838,122.310,63.989,158.102,172.263,159.267,80.311,315.311,337.274,316.606,314.685,1.0000,1.0000,0.9617,0.9500,700.00,700.00,0.00,0.00
515.00,180.000,180.000,170.000,175.000,121.941,130.120,122.556,64.097,158.336,172.549,159.502,80.427,315.530,337.552,316.390,314.773,1.0000,0.9980,0.9565,0.9500,700.00,700.00,0.00,0.00
516.00,180.000,180.000,170.000,175.000,122.183,130.402,122.802,64.206,158.571,172.835,159.736,80.543,315.748,337.745,316.133,314.861,1.0000,0.9922,0.9533,0.9500,700.00,490.00,0.00,0.00
517.00,180.000,180.000,170.000,175.000,122.425,130.685,123.048,64.315,158.805,173.121,159.970,80.658,315.967,337.862,315.872,314.949,1.0000,0.9863,0.9501,0.9500,700.00,280.00,0.00,0.00
518.00,180.000,180.000,170.000,175.000,122.667,130.967,123.294,64.424,159.039,173.406,160.202,80.774,316.186,337.893,315.573,315.037,1.0000,0.9805,0.9449,0.9500,700.00,70.00,0.00,0.00
519.00,180.000,180.000,170.000,175.000,122.909,131.250,123.539,64.532,159.273,173.691,160.433,80.890,316.405,337.865,315.256,315.125,1.0000,0.9766,0.9417,0.9500,700.00,0.00,0.00,0.00
520.00,180.000,180.000,170.000,175.000,123.151,131.532,123.785,64.641,159.507,173.975,160.664,81.006,316.623,337.766,314.924,315.214,1.0000,0.9708,0.9365,0.9500,700.00,0.00,0.00,0.00
521.00,180.000,180.000,170.000,175.000,123.393,131.815,124.030,64.750,159.740,174.259,160.893,81.122,316.842,337.601,314.577,315.302,1.0000,0.9649,0.9332,0.9500,700.00,0.00,0.00,0.00
522.00,180.000,180.000,170.000,175.000,123.635,132.097,124.276,64.859,159.974,174.541,161.121,81.237,317.060,337.378,314.184,315.390,1.0000,0.9591,0.9280,0.9500,700.00,0.00,0.00,0.00
523.00,180.000,180.000,170.000,175.000,123.877,132.380,124.521,64.968,160.208,174.823,161.348,81.353,317.278,337.119,313.816,315.478,1.0000,0.9532,0.9248,0.9500,700.00,0.00,0.00,0.00
524.00,180.000,180.000,170.000,175.000,124.119,132.662,124.766,65.077,160.441,175.103,161.573,81.469,317.497,336.809,313.419,315.566,1.0000,0.9473,0.9196,0.9500,700.00,0.00,0.00,0.00
525.00,180.000,180.000,170.000,175.000,124.361,132.945,125.011,65.186,160.674,175.383,161.798,81.585,317.715,336.472,313.015,315.655,1.0000,0.9435,0.9163,0.9500,700.00,0.00,0.00,0.00
526.00,180.000,180.000,170.000,175.000,124.602,133.227,125.256,65.296,160.908,175.661,162.021,81.701,317.933,336.093,312.602,315.743,1.0000,0.9376,0.9111,0.9500,700.00,0.00,0.00,0.00
527.00,180.000,180.000,170.000,175.000,124.844,133.509,125.500,65.405,161.141,175.938,162.243,81.817,318.151,335.675,312.165,315.831,1.0000,0.9318,0.9079,0.9500,700.00,0.00,0.00,0.00
528.00,180.000,180.000,170.000,175.000,125.085,133.792,125.745,65.514,161.374,176.214,162.464,81.933,318.369,335.222,311.757,315.919,1.0000,0.9259,0.9046,0.9500,700.00,0.00,0.00,0.00
529.00,180.000,180.000,170.000,175.000,125.327,134.074,125.989,65.623,161.607,176.488,162.684,82.049,318.587,334.770,311.308,316.008,1.0000,0.9200,0.8994,0.9500,700.00,0.00,0.00,0.00
530.00,180.000,180.000,170.000,175.000,125.568,134.356,126.233,65.733,161.840,176.761,162.902,82.165,318.804,334.303,310.871,316.096,1.0000,0.9142,0.8961,0.9500,700.00,0.00,0.00,0.00
531.00,180.000,180.000,170.000,175.000,125.810,134.639,126.477,65.842,162.073,177.033,163.119,82.281,319.022,333.823,310.413,316.184,1.0000,0.9103,0.8908,0.9500,700.00,0.00,0.00,0.00
532.00,180.000,180.000,170.000,175.000,126.051,134.921,126.721,65.951,162.305,177.303,163.335,82.397,319.240,333.313,309.950,316.273,1.0000,0.9045,0.8876,0.9500,700.00,0.00,0.00,0.00
533.00,180.000,180.000,170.000,175.000,126.292,135.203,126.965,66.061,162.538,177.572,163.550,82.513,319.457,332.777,309.485,316.361,1.0000,0.8986,0.8823,0.9500,700.00,0.00,0.00,0.00
534.00,180.000,180.000,170.000,175.000,126.534,135.485,127.208,66.170,162.771,177.839,163.763,82.629,319.674,332.233,309.017,316.449,1.0000,0.8927,0.8790,0.9500,700.00,0.00,0.00,0.00
535.00,180.000,180.000,170.000,175.000,126.775,135.767,127.452,66.280,163.003,178.105,163.975,82.746,319.892,331.665,308.529,316.538,1.0000,0.8869,0.8738,0.9500,700.00,0.00,0.00,0.00
536.00,180.000,180.000,170.000,175.000,127.016,136.048,127.695,66.390,163.235,178.369,164.186,82.862,320.109,331.092,308.058,316.626,1.0000,0.8830,0.8705,0.9500,700.00,0.00,0.00,0.00
537.00,180.000,180.000,170.000,175.000,127.257,136.330,127.937,66.499,163.468,178.631,164.395,82.978,320.326,330.499,307.583,316.715,1.0000,0.8771,0.8672,0.9500,700.00,0.00,0.00,0.00
538.00,180.000,180.000,170.000,175.000,127.498,136.612,128.180,66.609,163.700,178.892,164.603,83.094,320.543,329.886,307.073,316.803,1.0000,0.8713,0.8619,0.9500,700.00,0.00,0.00,0.00
539.00,180.000,180.000,170.000,175.000,127.739,136.893,128.422,66.719,163.932,179.152,164.810,83.210,320.760,329.256,306.597,316.892,1.0000,0.8654,0.8586,0.9500,700.00,0.00,0.00,0.00
540.00,180.000,180.000,170.000,175.000,127.980,137.174,128.664,66.828,164.164,179.410,165.015,83.326,320.976,328.626,306.102,316.980,1.0000,0.8595,0.8533,0.9500,700.00,0.00,0.00,0.00
541.00,180.000,180.000,170.000,175.000,128.221,137.455,128.906,66.938,164.396,179.666,165.219,83.443,321.193,327.980,305.589,317.069,1.0000,0.8536,0.8500,0.9500,700.00,0.00,0.00,0.00
542.00,180.000,180.000,170.000,175.000,128.461,137.736,129.148,67.048,164.627,179.920,165.422,83.559,321.410,327.336,305.111,317.157,1.0000,0.8498,0.8467,0.9500,700.00,0.00,0.00,0.00
543.00,180.000,180.000,170.000,175.000,128.702,138.017,129.389,67.158,164.859,180.173,165.623,83.675,321.626,326.677,304.597,317.246,1.0000,0.8439,0.8414,0.9500,700.00,0.00,0.00,0.00
544.00,180.000,180.000,170.000,175.000,128.943,138.297,129.630,67.268,165.091,180.424,165.823,83.792,321.842,326.021,304.100,317.334,1.0000,0.8380,0.8381,0.9500,700.00,0.00,0.00,0.00
545.00,180.000,180.000,170.000,175.000,129.183,138.578,129.871,67.378,165.322,180.674,166.022,83.908,322.058,325.384,303.586,317.423,1.0000,0.8321,0.8328,0.9500,700.00,0.00,0.00,0.00
546.00,180.000,180.000,170.000,175.000,129.424,138.858,130.112,67.488,165.554,180.922,166.220,84.024,322.274,324.730,303.072,317.511,1.0000,0.8263,0.8295,0.9500,700.00,0.00,0.00,0.00
547.00,180.000,180.000,170.000,175.000,129.664,139.138,130.352,67.598,165.785,181.168,166.416,84.141,322.490,324.079,302.558,317.600,1.0000,0.8224,0.8241,0.9500,700.00,0.00,0.00,0.00
548.00,180.000,180.000,170.000,175.000,129.905,139.417,130.592,67.708,166.016,181.412,166.610,84.257,322.706,323.413,302.045,317.688,1.0000,0.8165,0.8208,0.9500,700.00,0.00,0.00,0.00
549.00,180.000,180.000,170.000,175.000,130.145,139.697,130.832,67.818,166.247,181.655,166.804,84.373,322.922,322.733,301.532,317.777,1.0000,0.8106,0.8175,0.9500,700.00,0.00,0.00,0.00
550.00,180.000,180.000,170.000,175.000,130.385,139.976,131.071,67.928,166.478,181.896,166.996,84.490,323.137,322.057,301.002,317.866,1.0000,0.8048,0.8121,0.9500,700.00,0.00,0.00,0.00
551.00,180.000,180.000,170.000,175.000,130.625,140.255,131.310,68.039,166.709,182.136,167.186,84.606,323.353,321.368,300.491,317.954,1.0000,0.7989,0.8088,0.9500,700.00,0.00,0.00,0.00
552.00,180.000,180.000,170.000,175.000,130.865,140.534,131.549,68.149,166.940,182.373,167.376,84.723,323.568,320.684,299.979,318.043,1.0000,0.7950,0.8055,0.9500,700.00,0.00,0.00,0.00
553.00,180.000,180.000,170.000,175.000,131.106,140.812,131.787,68.259,167.171,182.609,167.564,84.839,323.783,319.988,299.450,318.132,1.0000,0.7891,0.8001,0.9500,700.00,0.00,0.00,0.00
554.00,180.000,180.000,170.000,175.000,131.346,141.090,132.025,68.370,167.402,182.843,167.750,84.956,323.998,319.280,298.939,318.220,1.0000,0.7832,0.7968,0.9500,700.00,0.00,0.00,0.00
555.00,180.000,180.000,170.000,175.000,131.586,141.368,132.263,68.480,167.632,183.076,167.936,85.072,324.213,318.578,298.410,318.309,1.0000,0.7773,0.7914,0.9500,700.00,0.00,0.00,0.00
556.00,180.000,180.000,170.000,175.000,131.825,141.645,132.500,68.590,167.863,183.307,168.120,85.189,324.428,317.882,297.865,318.398,1.0000,0.7735,0.7880,0.9500,700.00,0.00,0.00,0.00
557.00,180.000,180.000,170.000,175.000,132.065,141.923,132.737,68.701,168.093,183.536,168.302,85.305,324.643,317.174,297.356,318.486,1.0000,0.7676,0.7847,0.9500,700.00,0.00,0.00,0.00
558.00,180.000,180.000,170.000,175.000,132.305,142.200,132.974,68.811,168.324,183.763,168.484,85.422,324.857,316.455,296.813,318.575,1.0000,0.7617,0.7793,0.9500,700.00,0.00,0.00,0.00
559.00,180.000,180.000,170.000,175.000,132.545,142.476,133.210,68.922,168.554,183.989,168.664,85.538,325.072,315.743,296.272,318.664,1.0000,0.7558,0.7759,0.9500,700.00,0.00,0.00,0.00
560.00,180.000,180.000,170.000,175.000,132.784,142.752,133.446,69.033,168.784,184.213,168.842,85.655,325.286,315.019,295.765,318.753,1.0000,0.7499,0.7726,0.9500,700.00,0.00,0.00,0.00
561.00,180.000,180.000,170.000,175.000,133.024,143.028,133.681,69.143,169.014,184.435,169.019,85.772,325.500,314.320,295.224,318.841,1.0000,0.7460,0.7672,0.9500,700.00,0.00,0.00,0.00
562.00,180.000,180.000,170.000,175.000,133.264,143.304,133.916,69.254,169.244,184.655,169.195,85.888,325.714,313.625,294.684,318.930,1.0000,0.7401,0.7638,0.9500,700.00,0.00,0.00,0.00
563.00,180.000,180.000,170.000,175.000,133.503,143.579,134.151,69.365,169.474,184.874,169.370,86.005,325.928,312.934,294.161,319.019,1.0000,0.7342,0.7584,0.9500,700.00,0.00,0.00,0.00
564.00,180.000,180.000,170.000,175.000,133.742,143.854,134.385,69.475,169.703,185.091,169.543,86.122,326.141,312.229,293.622,319.108,1.0000,0.7284,0.7550,0.9500,700.00,0.00,0.00,0.00
565.00,180.000,180.000,170.000,175.000,133.982,144.128,134.619,69.586,169.933,185.306,169.715,86.238,326.355,311.529,293.083,319.197,1.0000,0.7245,0.7516,0.9500,700.00,0.00,0.00,0.00
566.00,180.000,180.000,170.000,175.000,134.221,144.402,134.853,69.697,170.163,185.520,169.886,86.355,326.568,310.817,292.546,319.285,1.0000,0.7186,0.7462,0.9500,700.00,0.00,0.00,0.00
567.00,180.000,180.000,170.000,175.000,134.460,144.675,135.086,69.808,170.392,185.732,170.055,86.472,326.781,310.109,292.009,319.374,1.0000,0.7127,0.7428,0.9500,700.00,0.00,0.00,0.00
568.00,180.000,180.000,170.000,175.000,134.699,144.949,135.318,69.919,170.622,185.942,170.223,86.589,326.994,309.406,291.472,319.463,1.0000,0.7088,0.7394,0.9500,700.00,0.00,0.00,0.00
569.00,180.000,180.000,170.000,175.000,134.938,145.221,135.551,70.030,170.851,186.150,170.389,86.705,327.207,308.690,290.919,319.552,1.0000,0.7029,0.7340,0.9500,700.00,0.00,0.00,0.00
570.00,180.000,180.000,170.000,175.000,135.177,145.494,135.782,70.141,171.080,186.357,170.555,86.822,327.420,307.963,290.384,319.641,1.0000,0.6970,0.7306,0.9500,700.00,0.00,0.00,0.00
571.00,180.000,180.000,170.000,175.000,135.416,145.765,136.014,70.252,171.309,186.562,170.719,86.939,327.633,307.241,289.849,319.730,1.0000,0.6911,0.7271,0.9500,700.00,0.00,0.00,0.00
572.00,180.000,180.000,170.000,175.000,135.655,146.037,136.245,70.363,171.538,186.765,170.881,87.056,327.845,306.526,289.314,319.819,1.0000,0.6872,0.7237,0.9500,700.00,0.00,0.00,0.00
573.00,180.000,180.000,170.000,175.000,135.894,146.308,136.475,70.474,171.767,186.967,171.043,87.173,328.057,305.798,288.763,319.908,1.0000,0.6813,0.7183,0.9500,700.00,0.00,0.00,0.00
574.00,180.000,180.000,170.000,175.000,136.133,146.578,136.705,70.585,171.996,187.167,171.202,87.289,328.270,305.075,288.229,319.997,1.0000,0.6754,0.7149,0.9500,700.00,0.00,0.00,0.00
575.00,180.000,180.000,170.000,175.000,136.371,146.848,136.934,70.696,172.224,187.365,171.361,87.406,328.482,304.358,287.694,320.086,1.0000,0.6715,0.7114,0.9500,700.00,0.00,0.00,0.00
576.00,180.000,180.000,170.000,175.000,136.610,147.118,137.163,70.808,172.453,187.562,171.518,87.523,328.693,303.628,287.142,320.175,1.0000,0.6656,0.7060,0.9500,700.00,0.00,0.00,0.00
577.00,180.000,180.000,170.000,175.000,136.849,147.387,137.392,70.919,172.682,187.756,171.674,87.640,328.905,302.888,286.607,320.264,1.0000,0.6597,0.7025,0.9500,700.00,0.00,0.00,0.00
578.00,180.000,180.000,170.000,175.000,137.087,147.656,137.620,71.030,172.910,187.950,171.829,87.757,329.116,302.153,286.072,320.353,1.0000,0.6538,0.6991,0.9500,700.00,0.00,0.00,0.00
579.00,180.000,180.000,170.000,175.000,137.325,147.924,137.848,71.141,173.138,188.141,171.983,87.874,329.328,301.424,285.536,320.442,1.0000,0.6499,0.6956,0.9500,700.00,0.00,0.00,0.00
580.00,180.000,180.000,170.000,175.000,137.564,148.191,138.075,71.253,173.367,188.330,172.135,87.991,329.539,300.684,284.983,320.531,1.0000,0.6440,0.6902,0.9500,700.00,0.00,0.00,0.00
581.00,180.000,180.000,170.000,175.000,137.802,148.458,138.301,71.364,173.595,188.518,172.285,88.108,329.750,299.982,284.446,320.620,1.0000,0.6381,0.6867,0.9500,700.00,0.00,0.00,0.00
582.00,180.000,180.000,170.000,175.000,138.040,148.725,138.527,71.476,173.823,188.705,172.435,88.225,329.961,299.283,283.909,320.709,1.0000,0.6342,0.6833,0.9500,700.00,0.00,0.00,0.00
583.00,180.000,180.000,170.000,175.000,138.278,148.991,138.753,71.587,174.051,188.889,172.583,88.342,330.171,298.569,283.353,320.798,1.0000,0.6283,0.6778,0.9500,700.00,0.00,0.00,0.00
584.00,180.000,180.000,170.000,175.000,138.516,149.256,138.978,71.699,174.278,189.072,172.730,88.459,330.382,297.858,282.799,320.887,1.0000,0.6224,0.6743,0.9500,700.00,0.00,0.00,0.00
585.00,180.000,180.000,170.000,175.000,138.754,149.521,139.202,71.810,174.506,189.254,172.875,88.576,330.592,297.149,282.261,320.976,1.0000,0.6184,0.6708,0.9500,700.00,0.00,0.00,0.00
586.00,180.000,180.000,170.000,175.000,138.992,149.785,139.426,71.922,174.734,189.433,173.020,88.693,330.802,296.427,281.722,321.065,1.0000,0.6125,0.6674,0.9500,700.00,0.00,0.00,0.00
587.00,180.000,180.000,170.000,175.000,139.230,150.049,139.650,72.033,174.961,189.611,173.163,88.810,331.012,295.724,281.181,321.154,1.0000,0.6086,0.6639,0.9500,700.00,0.00,0.00,0.00
588.00,180.000,180.000,170.000,175.000,139.468,150.312,139.873,72.145,175.189,189.788,173.304,88.927,331.222,295.007,280.640,321.243,1.0000,0.6027,0.6584,0.9500,700.00,0.00,0.00,0.00
589.00,180.000,180.000,170.000,175.000,139.706,150.575,140.095,72.257,175.416,189.962,173.445,89.044,331.432,294.291,280.096,321.333,1.0000,0.5968,0.6549,0.9500,700.00,0.00,0.00,0.00
590.00,180.000,180.000,170.000,175.000,139.943,150.837,140.317,72.369,175.643,190.135,173.584,89.161,331.641,293.579,279.552,321.422,1.0000,0.5929,0.6514,0.9500,700.00,0.00,0.00,0.00
591.00,180.000,180.000,170.000,175.000,140.181,151.098,140.538,72.480,175.870,190.307,173.722,89.279,331.850,292.852,279.007,321.511,1.0000,0.5870,0.6479,0.9500,700.00,0.00,0.00,0.00
592.00,180.000,180.000,170.000,175.000,140.418,151.359,140.759,72.592,176.097,190.476,173.858,89.396,332.059,292.128,278.476,321.600,1.0000,0.5811,0.6424,0.9500,700.00,0.00,0.00,0.00
593.00,180.000,180.000,170.000,175.000,140.656,151.619,140.979,72.704,176.324,190.645,173.994,89.513,332.268,291.407,277.926,321.689,1.0000,0.5772,0.6389,0.9500,700.00,0.00,0.00,0.00
594.00,180.000,180.000,170.000,175.000,140.893,151.879,141.199,72.816,176.551,190.811,174.128,89.630,332.477,290.689,277.376,321.779,1.0000,0.5712,0.6354,0.9500,700.00,0.00,0.00,0.00
595.00,180.000,180.000,170.000,175.000,141.131,152.138,141.418,72.928,176.778,190.976,174.260,89.747,332.686,289.973,276.824,321.868,1.0000,0.5673,0.6319,0.9500,700.00,0.00,0.00,0.00
596.00,180.000,180.000,170.000,175.000,141.368,152.396,141.636,73.040,177.004,191.139,174.392,89.864,332.894,289.242,276.304,321.957,1.0000,0.5614,0.6284,0.9500,700.00,0.00,0.00,0.00
597.00,180.000,180.000,170.000,175.000,141.605,152.654,141.854,73.152,177.231,191.301,174.522,89.982,333.102,288.514,275.764,322.046,1.0000,0.5555,0.6229,0.9500,700.00,0.00,0.00,0.00
598.00,180.000,180.000,170.000,175.000,141.842,152.911,142.071,73.264,177.457,191.460,174.651,90.099,333.310,287.789,275.204,322.135,1.0000,0.5516,0.6193,0.9500,700.00,0.00,0.00,0.00
599.00,180.000,180.000,170.000,175.000,142.079,153.167,142.288,73.376,177.683,191.619,174.779,90.216,333.518,287.066,274.645,322.225,1.0000,0.5456,0.6158,0.9500,700.00,0.00,0.00,0.00
600.00,180.000,180.000,170.000,175.000,142.316,153.423,142.504,73.488,177.910,191.775,174.905,90.334,333.726,286.345,274.101,322.314,1.0000,0.5417,0.6123,0.9500,700.00,0.00,0.00,0.00
601.00,180.000,180.000,170.000,175.000,142.553,153.678,142.720,73.600,178.136,191.930,175.030,90.451,333.933,285.610,273.571,322.403,1.0000,0.5358,0.6087,0.9500,700.00,0.00,0.00,0.00
602.00,180.000,180.000,170.000,175.000,142.790,153.932,142.934,73.712,178.361,192.083,175.154,90.568,334.140,284.893,273.038,322.493,1.0000,0.5319,0.6052,0.9500,700.00,0.00,0.00,0.00
603.00,180.000,180.000,170.000,175.000,143.026,154.186,143.149,73.824,178.587,192.235,175.277,90.685,334.348,284.162,272.501,322.582,1.0000,0.5260,0.6017,0.9500,700.00,0.00,0.00,0.00
604.00,180.000,180.000,170.000,175.000,143.263,154.439,143.362,73.937,178.813,192.385,175.398,90.803,334.554,283.465,271.945,322.671,1.0000,0.5220,0.5961,0.9500,700.00,0.00,0.00,0.00
605.00,180.000,180.000,170.000,175.000,143.500,154.692,143.576,74.049,179.039,192.534,175.519,90.920,334.761,282.768,271.403,322.761,1.0000,0.5161,0.5926,0.9500,700.00,0.00,0.00,0.00
606.00,180.000,180.000,170.000,175.000,143.736,154.943,143.788,74.161,179.264,192.681,175.638,91.038,334.968,282.085,270.858,322.850,1.0000,0.5122,0.5890,0.9500,700.00,0.00,0.00,0.00
607.00,180.000,180.000,170.000,175.000,143.973,155.194,144.000,74.273,179.489,192.826,175.755,91.155,335.174,281.383,270.311,322.939,1.0000,0.5063,0.5855,0.9500,700.00,0.00,0.00,0.00
608.00,180.000,180.000,170.000,175.000,144.209,155.445,144.211,74.386,179.715,192.970,175.872,91.272,335.380,280.697,269.761,323.029,1.0000,0.5023,0.5819,0.9500,700.00,0.00,0.00,0.00
609.00,180.000,180.000,170.000,175.000,144.445,155.694,144.422,74.498,179.940,193.112,175.987,91.390,335.586,280.008,269.241,323.118,1.0000,0.4964,0.5783,0.9500,700.00,0.00,0.00,0.00
610.00,180.000,180.000,170.000,175.000,144.682,155.943,144.631,74.611,180.165,193.253,176.101,91.507,335.792,279.317,268.716,323.207,1.0000,0.4925,0.5748,0.9500,700.00,0.00,0.00,0.00
611.00,180.000,180.000,170.000,175.000,144.918,156.191,144.841,74.723,180.390,193.393,176.214,91.625,335.998,278.639,268.186,323.297,1.0000,0.4866,0.5712,0.9500,700.00,0.00,0.00,0.00
612.00,180.000,180.000,170.000,175.000,145.154,156.439,145.049,74.836,180.615,193.530,176.326,91.742,336.203,277.942,267.651,323.386,1.0000,0.4826,0.5676,0.9500,700.00,0.00,0.00,0.00
613.00,180.000,180.000,170.000,175.000,145.390,156.685,145.257,74.948,180.839,193.667,176.436,91.860,336.408,277.259,267.079,323.476,1.0000,0.4767,0.5620,0.9500,700.00,0.00,0.00,0.00
614.00,180.000,180.000,170.000,175.000,145.626,156.931,145.465,75.061,181.064,193.801,176.545,91.977,336.613,276.572,266.540,323.565,1.0000,0.4728,0.5585,0.9500,700.00,0.00,0.00,0.00
615.00,180.000,180.000,170.000,175.000,145.862,157.176,145.671,75.173,181.288,193.934,176.653,92.095,336.818,275.882,265.996,323.655,1.0000,0.4668,0.5549,0.9500,700.00,0.00,0.00,0.00
616.00,180.000,180.000,170.000,175.000,146.097,157.421,145.878,75.286,181.513,194.066,176.760,92.212,337.023,275.189,265.448,323.744,1.0000,0.4629,0.5513,0.9500,700.00,0.00,0.00,0.00
617.00,180.000,180.000,170.000,175.000,146.333,157.665,146.083,75.399,181.737,194.196,176.865,92.330,337.227,274.493,264.897,323.833,1.0000,0.4570,0.5477,0.9500,700.00,0.00,0.00,0.00
618.00,180.000,180.000,170.000,175.000,146.569,157.908,146.288,75.511,181.961,194.325,176.970,92.447,337.431,273.811,264.360,323.923,1.0000,0.4530,0.5441,0.9500,700.00,0.00,0.00,0.00
619.00,180.000,180.000,170.000,175.000,146.804,158.150,146.492,75.624,182.185,194.452,177.073,92.565,337.635,273.108,263.833,324.012,1.0000,0.4491,0.5405,0.9500,700.00,0.00,0.00,0.00
620.00,180.000,180.000,170.000,175.000,147.040,158.391,146.695,75.737,182.409,194.578,177.175,92.682,337.839,272.420,263.302,324.102,1.0000,0.4432,0.5369,0.9500,700.00,0.00,0.00,0.00
621.00,180.000,180.000,170.000,175.000,147.275,158.632,146.898,75.850,182.632,194.702,177.275,92.800,338.043,271.712,262.764,324.191,1.0000,0.4392,0.5333,0.9500,700.00,0.00,0.00,0.00
622.00,180.000,180.000,170.000,175.000,147.510,158.872,147.100,75.962,182.856,194.824,177.375,92.917,338.246,271.018,262.222,324.281,1.0000,0.4333,0.5297,0.9500,700.00,0.00,0.00,0.00
623.00,180.000,180.000,170.000,175.000,147.746,159.111,147.301,76.075,183.080,194.945,177.473,93.035,338.449,270.320,261.676,324.370,1.0000,0.4294,0.5261,0.9500,700.00,0.00,0.00,0.00
624.00,180.000,180.000,170.000,175.000,147.981,159.349,147.502,76.188,183.303,195.065,177.571,93.153,338.652,269.619,261.158,324.460,1.0000,0.4254,0.5224,0.9500,700.00,0.00,0.00,0.00
625.00,180.000,180.000,170.000,175.000,148.216,159.587,147.702,76.301,183.526,195.183,177.667,93.270,338.855,268.932,260.632,324.550,1.0000,0.4195,0.5188,0.9500,700.00,0.00,0.00,0.00
626.00,180.000,180.000,170.000,175.000,148.451,159.823,147.901,76.414,183.749,195.299,177.761,93.388,339.058,268.240,260.101,324.639,1.0000,0.4155,0.5152,0.9500,700.00,0.00,0.00,0.00
627.00,180.000,180.000,170.000,175.000,148.686,160.059,148.099,76.527,183.972,195.414,177.855,93.506,339.260,267.544,259.563,324.729,1.0000,0.4096,0.5116,0.9500,700.00,0.00,0.00,0.00
628.00,180.000,180.000,170.000,175.000,148.920,160.294,148.297,76.640,184.195,195.528,177.948,93.623,339.463,266.861,259.021,324.818,1.0000,0.4057,0.5079,0.9500,700.00,0.00,0.00,0.00
629.00,180.000,180.000,170.000,175.000,149.155,160.529,148.495,76.753,184.418,195.640,178.039,93.741,339.665,266.157,258.505,324.908,1.0000,0.4017,0.5043,0.9500,700.00,0.00,0.00,0.00
630.00,180.000,180.000,170.000,175.000,149.390,160.762,148.691,76.866,184.640,195.751,178.129,93.859,339.866,265.465,257.983,324.997,1.0000,0.3958,0.5007,0.9500,700.00,0.00,0.00,0.00
631.00,180.000,180.000,170.000,175.000,149.624,160.995,148.887,76.979,184.863,195.860,178.218,93.976,340.068,264.786,257.469,325.087,1.0000,0.3918,0.4970,0.9500,700.00,0.00,0.00,0.00
632.00,180.000,180.000,170.000,175.000,149.859,161.227,149.082,77.092,185.085,195.968,178.306,94.094,340.270,264.084,256.964,325.177,1.0000,0.3879,0.4934,0.9500,700.00,0.00,0.00,0.00
633.00,180.000,180.000,170.000,175.000,150.093,161.458,149.276,77.206,185.307,196.074,178.393,94.212,340.471,263.395,256.449,325.266,1.0000,0.3820,0.4897,0.9500,700.00,0.00,0.00,0.00
634.00,180.000,180.000,170.000,175.000,150.328,161.688,149.470,77.319,185.529,196.178,178.479,94.330,340.672,262.717,255.944,325.356,1.0000,0.3780,0.4861,0.9500,700.00,0.00,0.00,0.00
635.00,180.000,180.000,170.000,175.000,150.562,161.917,149.663,77.432,185.751,196.282,178.564,94.447,340.873,262.065,255.445,325.446,1.0000,0.3741,0.4824,0.9500,700.00,0.00,0.00,0.00
636.00,180.000,180.000,170.000,175.000,150.796,162.146,149.855,77.545,185.973,196.384,178.647,94.565,341.073,261.405,254.936,325.535,1.0000,0.3701,0.4788,0.9500,700.00,0.00,0.00,0.00
637.00,180.000,180.000,170.000,175.000,151.030,162.373,150.046,77.658,186.195,196.484,178.730,94.683,341.274,260.752,254.418,325.625,1.0000,0.3642,0.4771,0.9500,700.00,0.00,0.00,0.00
638.00,180.000,180.000,170.000,175.000,151.264,162.600,150.237,77.772,186.416,196.584,178.811,94.801,341.474,260.107,253.893,325.715,1.0000,0.3602,0.4735,0.9500,700.00,0.00,0.00,0.00
639.00,180.000,180.000,170.000,175.000,151.498,162.826,150.427,77.885,186.638,196.681,178.891,94.919,341.674,259.436,253.359,325.804,1.0000,0.3563,0.4698,0.9500,700.00,0.00,0.00,0.00
640.00,180.000,180.000,170.000,175.000,151.732,163.051,150.616,77.999,186.859,196.778,178.971,95.036,341.874,258.774,252.836,325.894,1.0000,0.3503,0.4661,0.9500,700.00,0.00,0.00,0.00
641.00,180.000,180.000,170.000,175.000,151.966,163.276,150.805,78.112,187.080,196.873,179.049,95.154,342.073,258.120,252.320,325.984,1.0000,0.3464,0.4625,0.9500,700.00,0.00,0.00,0.00
642.00,180.000,180.000,170.000,175.000,152.200,163.499,150.993,78.225,187.301,196.966,179.125,95.272,342.273,257.473,251.813,326.073,1.0000,0.3424,0.4588,0.9500,700.00,0.00,0.00,0.00
643.00,180.000,180.000,170.000,175.000,152.433,163.721,151.180,78.339,187.522,197.059,179.201,95.390,342.472,256.799,251.312,326.163,1.0000,0.3385,0.4551,0.9500,700.00,0.00,0.00,0.00
644.00,180.000,180.000,170.000,175.000,152.667,163.943,151.366,78.452,187.743,197.150,179.276,95.508,342.671,256.135,250.800,326.253,1.0000,0.3345,0.4514,0.9500,700.00,0.00,0.00,0.00
645.00,180.000,180.000,170.000,175.000,152.900,164.164,151.552,78.566,187.963,197.239,179.350,95.626,342.869,255.478,250.279,326.343,1.0000,0.3286,0.4477,0.9500,700.00,0.00,0.00,0.00
646.00,180.000,180.000,170.000,175.000,153.133,164.384,151.736,78.679,188.184,197.327,179.422,95.744,343.068,254.828,249.750,326.432,1.0000,0.3246,0.4461,0.9500,700.00,0.00,0.00,0.00
647.00,180.000,180.000,170.000,175.000,153.367,164.603,151.920,78.793,188.404,197.414,179.494,95.862,343.266,254.184,249.245,326.522,1.0000,0.3207,0.4424,0.9500,700.00,0.00,0.00,0.00
648.00,180.000,180.000,170.000,175.000,153.600,164.821,152.104,78.907,188.624,197.499,179.564,95.980,343.464,253.513,248.730,326.612,1.0000,0.3167,0.4387,0.9500,700.00,0.00,0.00,0.00
649.00,180.000,180.000,170.000,175.000,153.833,165.038,152.286,79.020,188.844,197.584,179.633,96.098,343.662,252.850,248.239,326.702,1.0000,0.3128,0.4350,0.9500,700.00,0.00,0.00,0.00
650.00,180.000,180.000,170.000,175.000,154.066,165.255,152.468,79.134,189.064,197.666,179.702,96.216,343.860,252.194,247.735,326.791,1.0000,0.3068,0.4313,0.9500,700.00,0.00,0.00,0.00
651.00,180.000,180.000,170.000,175.000,154.299,165.470,152.649,79.248,189.284,197.748,179.769,96.333,344.058,251.545,247.221,326.881,1.0000,0.3028,0.4296,0.9500,700.00,0.00,0.00,0.00
652.00,180.000,180.000,170.000,175.000,154.532,165.685,152.830,79.361,189.503,197.828,179.835,96.451,344.255,250.901,246.697,326.971,1.0000,0.2989,0.4259,0.9500,700.00,0.00,0.00,0.00
653.00,180.000,180.000,170.000,175.000,154.764,165.899,153.009,79.475,189.723,197.906,179.900,96.569,344.452,250.262,246.181,327.061,1.0000,0.2949,0.4221,0.9500,700.00,0.00,0.00,0.00
654.00,180.000,180.000,170.000,175.000,154.997,166.111,153.188,79.589,189.942,197.984,179.964,96.687,344.649,249.595,245.688,327.151,1.0000,0.2910,0.4184,0.9500,700.00,0.00,0.00,0.00
655.00,180.000,180.000,170.000,175.000,155.230,166.323,153.366,79.703,190.161,198.060,180.027,96.805,344.845,248.935,245.199,327.240,1.0000,0.2870,0.4147,0.9500,700.00,0.00,0.00,0.00
656.00,180.000,180.000,170.000,175.000,155.462,166.534,153.543,79.816,190.380,198.135,180.089,96.923,345.042,248.281,244.697,327.330,1.0000,0.2831,0.4130,0.9500,700.00,0.00,0.00,0.00
657.00,180.000,180.000,170.000,175.000,155.694,166.744,153.720,79.930,190.599,198.208,180.150,97.042,345.238,247.633,244.184,327.420,1.0000,0.2791,0.4093,0.9500,700.00,0.00,0.00,0.00
658.00,180.000,180.000,170.000,175.000,155.927,166.954,153.895,80.044,190.817,198.280,180.210,97.160,345.434,246.990,243.661,327.510,1.0000,0.2731,0.4055,0.9500,700.00,0.00,0.00,0.00
659.00,180.000,180.000,170.000,175.000,156.159,167.162,154.070,80.158,191.036,198.351,180.269,97.278,345.630,246.350,243.161,327.600,1.0000,0.2692,0.4018,0.9500,700.00,0.00,0.00,0.00
660.00,180.000,180.000,170.000,175.000,156.391,167.369,154.245,80.272,191.254,198.420,180.326,97.396,345.825,245.715,242.666,327.690,1.0000,0.2652,0.4001,0.9500,700.00,0.00,0.00,0.00
661.00,180.000,180.000,170.000,175.000,156.623,167.576,154.418,80.386,191.472,198.489,180.383,97.514,346.021,245.083,242.174,327.780,1.0000,0.2612,0.3964,0.9500,700.00,0.00,0.00,0.00
662.00,180.000,180.000,170.000,175.000,156.855,167.781,154.591,80.500,191.691,198.556,180.439,97.632,346.216,244.454,241.686,327.869,1.0000,0.2573,0.3926,0.9500,700.00,0.00,0.00,0.00
663.00,180.000,180.000,170.000,175.000,157.087,167.986,154.762,80.614,191.908,198.621,180.494,97.750,346.411,243.828,241.201,327.959,1.0000,0.2533,0.3889,0.9500,700.00,0.00,0.00,0.00
664.00,180.000,180.000,170.000,175.000,157.319,168.189,154.933,80.728,192.126,198.686,180.547,97.868,346.606,243.203,240.703,328.049,1.0000,0.2494,0.3871,0.9500,700.00,0.00,0.00,0.00
665.00,180.000,180.000,170.000,175.000,157.550,168.392,155.104,80.842,192.344,198.749,180.600,97.986,346.800,242.581,240.192,328.139,1.0000,0.2454,0.3834,0.9500,700.00,0.00,0.00,0.00
666.00,180.000,180.000,170.000,175.000,157.782,168.594,155.273,80.956,192.561,198.811,180.652,98.104,346.994,241.961,239.703,328.229,1.0000,0.2414,0.3796,0.9500,700.00,0.00,0.00,0.00
667.00,180.000,180.000,170.000,175.000,158.013,168.795,155.442,81.070,192.779,198.872,180.703,98.222,347.188,241.341,239.201,328.319,1.0000,0.2375,0.3779,0.9500,700.00,0.00,0.00,0.00
668.00,180.000,180.000,170.000,175.000,158.245,168.995,155.610,81.185,192.996,198.931,180.752,98.341,347.382,240.723,238.702,328.409,1.0000,0.2335,0.3741,0.9500,700.00,0.00,0.00,0.00
669.00,180.000,180.000,170.000,175.000,158.476,169.194,155.777,81.299,193.213,198.990,180.801,98.459,347.576,240.106,238.224,328.499,1.0000,0.2295,0.3704,0.9500,700.00,0.00,0.00,0.00
670.00,180.000,180.000,170.000,175.000,158.707,169.392,155.943,81.413,193.429,199.047,180.849,98.577,347.769,239.490,237.747,328.589,1.0000,0.2256,0.3686,0.9500,700.00,0.00,0.00,0.00
671.00,180.000,180.000,170.000,175.000,158.938,169.589,156.109,81.527,193.646,199.103,180.896,98.695,347.962,238.874,237.256,328.679,1.0000,0.2216,0.3649,0.9500,700.00,0.00,0.00,0.00
672.00,180.000,180.000,170.000,175.000,159.169,169.785,156.274,81.642,193.863,199.157,180.941,98.813,348.155,238.259,236.767,328.769,1.0000,0.2176,0.3611,0.9500,700.00,0.00,0.00,0.00
673.00,180.000,180.000,170.000,175.000,159.400,169.980,156.438,81.756,194.079,199.211,180.986,98.931,348.348,237.644,236.280,328.859,1.0000,0.2136,0.3593,0.9500,700.00,0.00,0.00,0.00
674.00,180.000,180.000,170.000,175.000,159.631,170.175,156.601,81.870,194.295,199.263,181.030,99.050,348.541,237.029,235.780,328.949,1.0000,0.2097,0.3556,0.9500,700.00,0.00,0.00,0.00
675.00,180.000,180.000,170.000,175.000,159.861,170.368,156.763,81.985,194.511,199.314,181.073,99.168,348.733,236.415,235.299,329.039,1.0000,0.2057,0.3518,0.9500,700.00,0.00,0.00,0.00
676.00,180.000,180.000,170.000,175.000,160.092,170.561,156.925,82.099,194.727,199.364,181.115,99.286,348.925,235.800,234.803,329.129,1.0000,0.2017,0.3500,0.9500,700.00,0.00,0.00,0.00
677.00,180.000,180.000,170.000,175.000,160.322,170.752,157.086,82.213,194.943,199.413,181.156,99.404,349.117,235.186,234.343,329.219,1.0000,0.1978,0.3462,0.9500,700.00,0.00,0.00,0.00
678.00,180.000,180.000,170.000,175.000,160.553,170.943,157.246,82.328,195.158,199.460,181.196,99.523,349.309,234.571,233.882,329.308,1.0000,0.1958,0.3444,0.9500,700.00,0.00,0.00,0.00
679.00,180.000,180.000,170.000,175.000,160.783,171.132,157.405,82.442,195.373,199.506,181.235,99.641,349.500,233.956,233.403,329.399,1.0000,0.1918,0.3407,0.9500,700.00,0.00,0.00,0.00
680.00,180.000,180.000,170.000,175.000,161.013,171.321,157.563,82.557,195.589,199.551,181.273,99.759,349.691,233.341,232.942,329.489,1.0000,0.1878,0.3369,0.9500,700.00,0.00,0.00,0.00
681.00,180.000,180.000,170.000,175.000,161.243,171.508,157.721,82.671,195.804,199.595,181.310,99.877,349.883,232.725,232.464,329.579,1.0000,0.1839,0.3351,0.9500,700.00,0.00,0.00,0.00
682.00,180.000,180.000,170.000,175.000,161.473,171.695,157.878,82.786,196.018,199.638,181.346,99.996,350.073,232.125,231.987,329.669,1.0000,0.1799,0.3313,0.9500,700.00,0.00,0.00,0.00
683.00,180.000,180.000,170.000,175.000,161.703,171.881,158.034,82.900,196.233,199.680,181.382,100.114,350.264,231.539,231.511,329.759,1.0000,0.1759,0.3295,0.9500,700.00,0.00,0.00,0.00
684.00,180.000,180.000,170.000,175.000,161.933,172.066,158.189,83.015,196.448,199.720,181.416,100.232,350.454,230.950,231.018,329.849,1.0000,0.1719,0.3257,0.9500,700.00,0.00,0.00,0.00
685.00,180.000,180.000,170.000,175.000,162.163,172.249,158.343,83.129,196.662,199.760,181.450,100.351,350.644,230.358,230.543,329.939,1.0000,0.1700,0.3239,0.9500,700.00,0.00,0.00,0.00
686.00,180.000,180.000,170.000,175.000,162.392,172.432,158.497,83.244,196.876,199.798,181.482,100.469,350.834,229.762,230.069,330.029,1.0000,0.1660,0.3201,0.9500,700.00,0.00,0.00,0.00
687.00,180.000,180.000,170.000,175.000,162.622,172.614,158.650,83.359,197.090,199.835,181.514,100.587,351.024,229.180,229.627,330.119,1.0000,0.1620,0.3183,0.9500,700.00,0.00,0.00,0.00
688.00,180.000,180.000,170.000,175.000,162.851,172.795,158.802,83.473,197.304,199.871,181.545,100.706,351.213,228.610,229.166,330.209,1.0000,0.1580,0.3145,0.9500,700.00,0.00,0.00,0.00
689.00,180.000,180.000,170.000,175.000,163.081,172.975,158.953,83.588,197.518,199.906,181.574,100.824,351.403,228.066,228.719,330.299,1.0000,0.1541,0.3107,0.9500,700.00,0.00,0.00,0.00
690.00,180.000,180.000,170.000,175.000,163.310,173.154,159.103,83.703,197.731,199.940,181.603,100.942,351.592,227.515,228.253,330.389,1.0000,0.1501,0.3088,0.9500,700.00,0.00,0.00,0.00
691.00,180.000,180.000,170.000,175.000,163.539,173.332,159.253,83.817,197.944,199.973,181.632,101.061,351.781,226.956,227.803,330.479,1.0000,0.1481,0.3050,0.9500,700.00,0.00,0.00,0.00
692.00,180.000,180.000,170.000,175.000,163.768,173.509,159.401,83.932,198.158,200.005,181.659,101.179,351.969,226.391,227.333,330.569,1.0000,0.1441,0.3032,0.9500,700.00,0.00,0.00,0.00
693.00,180.000,180.000,170.000,175.000,163.997,173.685,159.549,84.047,198.371,200.036,181.685,101.297,352.158,225.836,226.879,330.659,1.0000,0.1401,0.3014,0.9500,700.00,0.00,0.00,0.00
694.00,180.000,180.000,170.000,175.000,164.225,173.860,159.697,84.162,198.583,200.065,181.711,101.416,352.346,225.289,226.406,330.749,1.0000,0.1362,0.2976,0.9500,700.00,0.00,0.00,0.00
695.00,180.000,180.000,170.000,175.000,164.454,174.035,159.843,84.277,198.796,200.094,181.735,101.534,352.534,224.735,225.949,330.839,1.0000,0.1342,0.2957,0.9500,700.00,0.00,0.00,0.00
696.00,180.000,180.000,170.000,175.000,164.683,174.208,159.988,84.392,199.008,200.122,181.759,101.653,352.721,224.173,225.473,330.930,1.0000,0.1302,0.2919,0.9500,700.00,0.00,0.00,0.00
697.00,180.000,180.000,170.000,175.000,164.911,174.380,160.133,84.506,199.221,200.148,181.782,101.771,352.892,223.621,225.029,331.020,0.9966,0.1262,0.2901,0.9500,630.00,0.00,0.00,0.00
698.00,180.000,180.000,170.000,175.000,165.139,174.551,160.277,84.621,199.433,200.174,181.804,101.889,352.862,223.077,224.598,331.110,0.9834,0.1222,0.2862,0.9500,140.00,0.00,0.00,0.00
699.00,180.000,180.000,170.000,175.000,165.368,174.722,160.420,84.736,199.644,200.199,181.825,102.008,352.535,222.524,224.161,331.200,0.9636,0.1202,0.2844,0.9500,0.00,0.00,0.00,0.00
700.00,180.000,180.000,170.000,175.000,165.596,174.891,160.562,84.851,199.854,200.222,181.845,102.126,352.039,221.979,223.721,331.290,0.9504,0.1163,0.2806,0.9500,0.00,0.00,0.00,0.00
701.00,180.000,180.000,170.000,175.000,165.824,175.059,160.704,84.966,200.063,200.245,181.865,102.245,351.375,221.442,223.275,331.380,0.9372,0.1123,0.2787,0.9500,0.00,0.00,0.00,0.00
702.00,180.000,180.000,170.000,175.000,166.051,175.227,160.844,85.081,200.269,200.267,181.883,102.363,350.522,220.895,222.842,331.470,0.9174,0.1103,0.2769,0.9500,0.00,0.00,0.00,0.00
703.00,180.000,180.000,170.000,175.000,166.279,175.393,160.984,85.196,200.474,200.287,181.901,102.482,349.503,220.340,222.405,331.561,0.9042,0.1063,0.2730,0.9500,0.00,0.00,0.00,0.00
704.00,180.000,180.000,170.000,175.000,166.507,175.559,161.123,85.311,200.676,200.307,181.918,102.600,348.364,219.809,221.962,331.651,0.8910,0.1023,0.2712,0.9500,0.00,0.00,0.00,0.00
705.00,180.000,180.000,170.000,175.000,166.734,175.723,161.261,85.426,200.876,200.326,181.934,102.719,347.133,219.267,221.515,331.741,0.8778,0.1003,0.2673,0.9500,0.00,0.00,0.00,0.00
706.00,180.000,180.000,170.000,175.000,166.961,175.887,161.399,85.541,201.073,200.343,181.949,102.837,345.752,218.732,221.064,331.831,0.8580,0.0963,0.2655,0.9500,0.00,0.00,0.00,0.00
707.00,180.000,180.000,170.000,175.000,167.188,176.049,161.535,85.657,201.267,200.360,181.964,102.956,344.255,218.203,220.625,331.921,0.8448,0.0943,0.2636,0.9500,0.00,0.00,0.00,0.00
708.00,180.000,180.000,170.000,175.000,167.415,176.211,161.671,85.772,201.457,200.376,181.978,103.074,342.699,217.664,220.182,332.011,0.8316,0.0904,0.2598,0.9500,0.00,0.00,0.00,0.00
709.00,180.000,180.000,170.000,175.000,167.642,176.371,161.806,85.887,201.645,200.391,181.991,103.193,341.091,217.131,219.734,332.102,0.8184,0.0864,0.2579,0.9500,0.00,0.00,0.00,0.00
710.00,180.000,180.000,170.000,175.000,167.868,176.531,161.940,86.002,201.828,200.405,182.003,103.311,339.320,216.603,219.315,332.192,0.7986,0.0844,0.2561,0.9500,0.00,0.00,0.00,0.00
711.00,180.000,180.000,170.000,175.000,168.094,176.690,162.074,86.117,202.008,200.417,182.014,103.429,337.501,216.080,218.905,332.282,0.7854,0.0804,0.2522,0.9500,0.00,0.00,0.00,0.00
712.00,180.000,180.000,170.000,175.000,168.319,176.847,162.206,86.233,202.185,200.429,182.024,103.548,335.670,215.562,218.486,332.372,0.7722,0.0784,0.2503,0.9500,0.00,0.00,0.00,0.00
713.00,180.000,180.000,170.000,175.000,168.545,177.004,162.338,86.348,202.357,200.441,182.034,103.666,333.796,215.031,218.077,332.462,0.7590,0.0744,0.2485,0.9500,0.00,0.00,0.00,0.00
714.00,180.000,180.000,170.000,175.000,168.770,177.160,162.469,86.463,202.526,200.451,182.043,103.785,331.784,214.521,217.660,332.553,0.7392,0.0704,0.2446,0.9500,0.00,0.00,0.00,0.00
715.00,180.000,180.000,170.000,175.000,168.994,177.314,162.599,86.578,202.690,200.460,182.051,103.903,329.761,213.998,217.235,332.643,0.7260,0.0684,0.2427,0.9500,0.00,0.00,0.00,0.00
716.00,180.000,180.000,170.000,175.000,169.218,177.468,162.728,86.694,202.851,200.468,182.059,104.022,327.730,213.480,216.820,332.733,0.7128,0.0644,0.2408,0.9500,0.00,0.00,0.00,0.00
717.00,180.000,180.000,170.000,175.000,169.442,177.621,162.856,86.809,203.007,200.476,182.065,104.140,325.690,212.965,216.397,332.823,0.6996,0.0624,0.2370,0.9500,0.00,0.00,0.00,0.00
718.00,180.000,180.000,170.000,175.000,169.665,177.773,162.984,86.924,203.159,200.482,182.071,104.259,323.527,212.453,215.967,332.913,0.6798,0.0584,0.2351,0.9500,0.00,0.00,0.00,0.00
719.00,180.000,180.000,170.000,175.000,169.888,177.924,163.111,87.040,203.306,200.488,182.077,104.377,321.368,211.944,215.547,333.004,0.6666,0.0565,0.2332,0.9500,0.00,0.00,0.00,0.00
720.00,180.000,180.000,170.000,175.000,170.110,178.074,163.237,87.155,203.450,200.492,182.081,104.495,319.196,211.437,215.135,333.094,0.6534,0.0525,0.2313,0.9500,0.00,0.00,0.00,0.00
721.00,180.000,180.000,170.000,175.000,170.332,178.223,163.362,87.270,203.589,200.496,182.085,104.614,317.044,210.932,214.716,333.184,0.6402,0.0505,0.2274,0.9500,0.00,0.00,0.00,0.00
722.00,180.000,180.000,170.000,175.000,170.553,178.371,163.487,87.386,203.723,200.499,182.087,104.732,314.828,210.430,214.288,333.274,0.6204,0.0465,0.2255,0.9500,0.00,0.00,0.00,0.00
723.00,180.000,180.000,170.000,175.000,170.774,178.518,163.610,87.501,203.853,200.501,182.090,104.850,312.555,209.929,213.870,333.364,0.6072,0.0445,0.2236,0.9500,0.00,0.00,0.00,0.00
724.00,180.000,180.000,170.000,175.000,170.994,178.664,163.733,87.617,203.979,200.502,182.091,104.968,310.294,209.429,213.460,333.454,0.5940,0.0405,0.2218,0.9500,0.00,0.00,0.00,0.00
725.00,180.000,180.000,170.000,175.000,171.213,178.809,163.855,87.732,204.100,200.503,182.092,105.086,308.046,208.930,213.042,333.545,0.5808,0.0385,0.2179,0.9500,0.00,0.00,0.00,0.00
726.00,180.000,180.000,170.000,175.000,171.432,178.953,163.976,87.848,204.217,200.502,182.091,105.204,305.807,208.448,212.632,333.635,0.5676,0.0345,0.2160,0.9500,0.00,0.00,0.00,0.00
727.00,180.000,180.000,170.000,175.000,171.650,179.096,164.097,87.963,204.329,200.501,182.091,105.322,303.511,207.949,212.229,333.725,0.5478,0.0325,0.2141,0.9500,0.00,0.00,0.00,0.00
728.00,180.000,180.000,170.000,175.000,171.867,179.239,164.216,88.079,204.437,200.499,182.089,105.440,301.181,207.468,211.849,333.815,0.5346,0.0305,0.2122,0.9500,0.00,0.00,0.00,0.00
729.00,180.000,180.000,170.000,175.000,172.084,179.380,164.335,88.194,204.540,200.496,182.087,105.558,298.853,206.985,211.473,333.905,0.5214,0.0265,0.2103,0.9500,0.00,0.00,0.00,0.00
730.00,180.000,180.000,170.000,175.000,172.300,179.520,164.453,88.310,204.638,200.492,182.084,105.676,296.558,206.501,211.085,333.995,0.5082,0.0245,0.2064,0.9500,0.00,0.00,0.00,0.00
731.00,180.000,180.000,170.000,175.000,172.515,179.660,164.570,88.426,204.732,200.487,182.081,105.793,294.260,206.017,210.702,334.085,0.4950,0.0205,0.2044,0.9500,0.00,0.00,0.00,0.00
732.00,180.000,180.000,170.000,175.000,172.729,179.798,164.686,88.541,204.821,200.482,182.076,105.911,291.975,205.532,210.307,334.175,0.4818,0.0185,0.2025,0.9500,0.00,0.00,0.00,0.00
733.00,180.000,180.000,170.000,175.000,172.942,179.935,164.802,88.657,204.906,200.476,182.071,106.028,289.703,205.061,209.918,334.265,0.4686,0.0165,0.2006,0.9500,0.00,0.00,0.00,0.00
734.00,180.000,180.000,170.000,175.000,173.155,180.072,164.917,88.772,204.986,200.469,182.066,106.146,287.425,204.589,209.533,334.355,0.4488,0.0125,0.1987,0.9500,0.00,0.00,0.00,0.00
735.00,180.000,180.000,170.000,175.000,173.367,180.207,165.031,88.888,205.062,200.461,182.060,106.263,285.174,204.114,209.153,334.445,0.4356,0.0105,0.1968,0.9500,0.00,0.00,0.00,0.00
736.00,180.000,180.000,170.000,175.000,173.577,180.342,165.144,89.004,205.134,200.452,182.053,106.380,282.915,203.652,208.761,334.535,0.4224,0.0085,0.1949,0.9500,0.00,0.00,0.00,0.00
737.00,180.000,180.000,170.000,175.000,173.787,180.475,165.256,89.119,205.201,200.443,182.045,106.497,280.664,203.188,208.375,334.625,0.4092,0.0045,0.1910,0.9500,0.00,0.00,0.00,0.00
738.00,180.000,180.000,170.000,175.000,173.996,180.608,165.368,89.235,205.264,200.433,182.037,106.614,278.422,202.720,207.992,334.714,0.3960,0.0025,0.1890,0.9500,0.00,0.00,0.00,0.00
739.00,180.000,180.000,170.000,175.000,174.204,180.740,165.478,89.351,205.322,200.422,182.028,106.731,276.120,202.265,207.598,334.804,0.3828,0.0005,0.1871,0.9500,0.00,0.00,0.00,0.00
740.00,180.000,180.000,170.000,175.000,174.411,180.871,165.588,89.466,205.376,200.410,182.018,106.848,273.782,201.806,207.208,334.894,0.3696,0.0000,0.1852,0.9500,0.00,0.00,0.00,0.00
741.00,180.000,180.000,170.000,175.000,174.617,181.000,165.697,89.582,205.425,200.398,182.008,106.964,271.460,201.390,206.823,334.983,0.3564,0.0000,0.1833,0.9500,0.00,0.00,0.00,0.00
742.00,180.000,180.000,170.000,175.000,174.821,181.129,165.806,89.698,205.470,200.385,181.997,107.080,269.135,201.014,206.442,335.073,0.3432,0.0000,0.1813,0.9500,0.00,0.00,0.00,0.00
743.00,180.000,180.000,170.000,175.000,175.025,181.257,165.913,89.813,205.510,200.371,181.985,107.196,266.824,200.674,206.065,335.163,0.3300,0.0000,0.1794,0.9500,0.00,0.00,0.00,0.00
744.00,180.000,180.000,170.000,175.000,175.228,181.384,166.020,89.929,205.546,200.357,181.973,107.312,264.525,200.366,205.691,335.252,0.3168,0.0000,0.1775,0.9500,0.00,0.00,0.00,0.00
745.00,180.000,180.000,170.000,175.000,175.429,181.510,166.126,90.045,205.577,200.343,181.960,107.428,262.236,200.087,205.320,335.341,0.3036,0.0000,0.1755,0.9500,0.00,0.00,0.00,0.00
746.00,180.000,180.000,170.000,175.000,175.630,181.635,166.231,90.161,205.604,200.328,181.947,107.544,259.957,199.835,204.935,335.431,0.2904,0.0000,0.1736,0.9500,0.00,0.00,0.00,0.00
747.00,180.000,180.000,170.000,175.000,175.829,181.760,166.336,90.276,205.627,200.313,181.933,107.659,257.671,199.606,204.555,335.520,0.2772,0.0000,0.1717,0.9500,0.00,0.00,0.00,0.00
748.00,180.000,180.000,170.000,175.000,176.027,181.883,166.439,90.392,205.645,200.297,181.918,107.775,255.393,199.398,204.178,335.609,0.2640,0.0000,0.1697,0.9500,0.00,0.00,0.00,0.00
749.00,180.000,180.000,170.000,175.000,176.224,182.005,166.542,90.508,205.658,200.282,181.902,107.890,253.123,199.210,203.804,335.698,0.2508,0.0000,0.1678,0.9500,0.00,0.00,0.00,0.00
750.00,180.000,180.000,170.000,175.000,176.419,182.127,166.644,90.623,205.668,200.266,181.886,108.005,250.859,199.039,203.432,335.787,0.2376,0.0000,0.1659,0.9500,0.00,0.00,0.00,0.00
751.00,180.000,180.000,170.000,175.000,176.614,182.247,166.745,90.739,205.673,200.250,181.870,108.119,248.602,198.885,203.063,335.876,0.2244,0.0000,0.1639,0.9500,0.00,0.00,0.00,0.00
752.00,180.000,180.000,170.000,175.000,176.807,182.367,166.846,90.855,205.673,200.234,181.852,108.234,246.335,198.744,202.696,335.965,0.2112,0.0000,0.1620,0.9500,0.00,0.00,0.00,0.00
753.00,180.000,180.000,170.000,175.000,176.999,182.485,166.946,90.970,205.670,200.217,181.834,108.348,244.072,198.616,202.330,336.054,0.1980,0.0000,0.1600,0.9500,0.00,0.00,0.00,0.00
754.00,180.000,180.000,170.000,175.000,177.189,182.603,167.045,91.086,205.662,200.201,181.816,108.462,241.912,198.500,201.998,336.143,0.1848,0.0000,0.1581,0.9500,0.00,0.00,0.00,0.00
755.00,180.000,180.000,170.000,175.000,177.378,182.720,167.143,91.202,205.650,200.184,181.797,108.576,239.763,198.394,201.665,336.231,0.1716,0.0000,0.1561,0.9500,0.00,0.00,0.00,0.00
756.00,180.000,180.000,170.000,175.000,177.566,182.836,167.240,91.317,205.634,200.168,181.777,108.690,237.592,198.297,201.330,336.320,0.1584,0.0000,0.1542,0.9500,0.00,0.00,0.00,0.00
757.00,180.000,180.000,170.000,175.000,177.752,182.951,167.337,91.433,205.614,200.151,181.757,108.803,235.417,198.210,200.994,336.408,0.1452,0.0000,0.1522,0.9500,0.00,0.00,0.00,0.00
758.00,180.000,180.000,170.000,175.000,177.938,183.065,167.432,91.548,205.589,200.134,181.736,108.916,233.238,198.129,200.656,336.496,0.1386,0.0000,0.1503,0.9500,0.00,0.00,0.00,0.00
759.00,180.000,180.000,170.000,175.000,178.121,183.179,167.527,91.664,205.561,200.118,181.715,109.029,231.040,198.056,200.317,336.584,0.1254,0.0000,0.1483,0.9500,0.00,0.00,0.00,0.00
760.00,180.000,180.000,170.000,175.000,178.304,183.291,167.622,91.780,205.528,200.101,181.693,109.142,228.856,197.989,199.977,336.672,0.1122,0.0000,0.1463,0.9500,0.00,0.00,0.00,0.00
761.00,180.000,180.000,170.000,175.000,178.484,183.403,167.715,91.895,205.492,200.084,181.671,109.254,226.763,197.928,199.652,336.760,0.0990,0.0000,0.1444,0.9500,0.00,0.00,0.00,0.00
762.00,180.000,180.000,170.000,175.000,178.664,183.514,167.808,92.011,205.451,200.068,181.648,109.366,224.659,197.871,199.323,336.848,0.0858,0.0000,0.1424,0.9500,0.00,0.00,0.00,0.00
763.00,180.000,180.000,170.000,175.000,178.842,183.624,167.900,92.126,205.406,200.051,181.625,109.478,222.527,197.819,198.993,336.936,0.0792,0.0000,0.1405,0.9500,0.00,0.00,0.00,0.00
764.00,180.000,180.000,170.000,175.000,179.018,183.733,167.991,92.242,205.358,200.034,181.601,109.589,220.385,197.772,198.660,337.023,0.0660,0.0000,0.1385,0.9500,0.00,0.00,0.00,0.00
765.00,180.000,180.000,170.000,175.000,179.193,183.841,168.081,92.357,205.305,200.018,181.577,109.701,218.285,197.728,198.326,337.111,0.0528,0.0000,0.1365,0.9500,0.00,0.00,0.00,0.00
766.00,180.000,180.000,170.000,175.000,179.366,183.949,168.171,92.473,205.249,200.001,181.552,109.812,216.235,197.687,198.005,337.198,0.0396,0.0000,0.1346,0.9500,0.00,0.00,0.00,0.00
767.00,180.000,180.000,170.000,175.000,179.538,184.055,168.260,92.588,205.188,199.985,181.526,109.922,214.151,197.649,197.682,337.285,0.0330,0.0000,0.1326,0.9500,0.00,0.00,0.00,0.00
768.00,180.000,180.000,170.000,175.000,179.709,184.161,168.348,92.703,205.124,199.968,181.500,110.033,212.053,197.614,197.356,337.372,0.0198,0.0000,0.1326,0.9500,0.00,0.00,0.00,0.00
769.00,180.000,180.000,170.000,175.000,179.877,184.266,168.435,92.819,205.056,199.952,181.474,110.143,209.990,197.581,197.027,337.459,0.0066,0.0000,0.1306,0.9500,0.00,0.00,0.00,0.00
770.00,180.000,180.000,170.000,175.000,180.045,184.370,168.522,92.934,204.984,199.935,181.447,110.253,207.957,197.551,196.695,337.545,0.0000,0.0000,0.1287,0.9500,0.00,0.00,0.00,0.00
771.00,180.000,180.000,170.000,175.000,180.210,184.474,168.608,93.049,204.908,199.919,181.419,110.362,206.049,197.522,196.376,337.632,0.0000,0.0000,0.1267,0.9500,0.00,0.00,0.00,0.00
772.00,180.000,180.000,170.000,175.000,180.374,184.576,168.693,93.164,204.830,199.903,181.391,110.472,204.316,197.495,196.054,337.718,0.0000,0.0000,0.1247,0.9500,0.00,0.00,0.00,0.00
773.00,180.000,180.000,170.000,175.000,180.537,184.678,168.777,93.280,204.748,199.887,181.363,110.581,202.741,197.470,195.729,337.805,0.0000,0.0000,0.1227,0.9500,0.00,0.00,0.00,0.00
774.00,180.000,180.000,170.000,175.000,180.697,184.779,168.861,93.395,204.663,199.871,181.334,110.689,201.309,197.446,195.417,337.891,0.0000,0.0000,0.1208,0.9500,0.00,0.00,0.00,0.00
775.00,180.000,180.000,170.000,175.000,180.856,184.879,168.943,93.510,204.577,199.855,181.304,110.797,200.006,197.423,195.101,337.976,0.0000,0.0000,0.1208,0.9500,0.00,0.00,0.00,0.00
776.00,180.000,180.000,170.000,175.000,181.014,184.979,169.026,93.625,204.488,199.839,181.274,110.905,198.820,197.402,194.780,338.062,0.0000,0.0000,0.1188,0.9500,0.00,0.00,0.00,0.00
777.00,180.000,180.000,170.000,175.000,181.170,185.078,169.107,93.740,204.397,199.823,181.244,111.013,197.739,197.381,194.472,338.148,0.0000,0.0000,0.1168,0.9500,0.00,0.00,0.00,0.00
778.00,180.000,180.000,170.000,175.000,181.324,185.176,169.187,93.855,204.304,199.807,181.213,111.120,196.753,197.361,194.159,338.233,0.0000,0.0000,0.1148,0.9500,0.00,0.00,0.00,0.00
779.00,180.000,180.000,170.000,175.000,181.476,185.273,169.267,93.970,204.209,199.791,181.181,111.227,195.853,197.342,193.857,338.318,0.0000,0.0000,0.1128,0.9500,0.00,0.00,0.00,0.00
780.00,180.000,180.000,170.000,175.000,181.627,185.369,169.346,94.085,204.113,199.775,181.149,111.334,195.031,197.324,193.550,338.403,0.0000,0.0000,0.1128,0.9500,0.00,0.00,0.00,0.00
781.00,180.000,180.000,170.000,175.000,181.777,185.465,169.425,94.199,204.016,199.760,181.117,111.440,194.280,197.306,193.239,338.488,0.0000,0.0000,0.1109,0.9500,0.00,0.00,0.00,0.00
782.00,180.000,180.000,170.000,175.000,181.924,185.560,169.502,94.314,203.918,199.744,181.084,111.546,193.592,197.289,192.938,338.573,0.0000,0.0000,0.1089,0.9500,0.00,0.00,0.00,0.00
783.00,180.000,180.000,170.000,175.000,182.070,185.654,169.579,94.429,203.818,199.729,181.051,111.652,192.962,197.272,192.631,338.657,0.0000,0.0000,0.1069,0.9500,0.00,0.00,0.00,0.00
784.00,180.000,180.000,170.000,175.000,182.215,185.748,169.656,94.543,203.718,199.714,181.017,111.757,192.383,197.255,192.336,338.741,0.0000,0.0000,0.1049,0.9500,0.00,0.00,0.00,0.00
785.00,180.000,180.000,170.000,175.000,182.357,185.840,169.731,94.658,203.617,199.698,180.983,111.862,191.852,197.239,192.034,338.826,0.0000,0.0000,0.1049,0.9500,0.00,0.00,0.00,0.00
786.00,180.000,180.000,170.000,175.000,182.498,185.932,169.806,94.772,203.515,199.683,180.948,111.966,191.363,197.224,191.742,338.909,0.0000,0.0000,0.1029,0.9500,0.00,0.00,0.00,0.00
787.00,180.000,180.000,170.000,175.000,182.638,186.024,169.880,94.887,203.412,199.668,180.913,112.071,190.912,197.208,191.443,338.993,0.0000,0.0000,0.1009,0.9500,0.00,0.00,0.00,0.00
788.00,180.000,180.000,170.000,175.000,182.776,186.114,169.953,95.001,203.308,199.653,180.877,112.175,190.497,197.193,191.155,339.077,0.0000,0.0000,0.0989,0.9500,0.00,0.00,0.00,0.00
789.00,180.000,180.000,170.000,175.000,182.912,186.204,170.025,95.115,203.204,199.638,180.842,112.278,190.112,197.178,190.859,339.160,0.0000,0.0000,0.0989,0.9500,0.00,0.00,0.00,0.00
790.00,180.000,180.000,170.000,175.000,183.047,186.294,170.097,95.230,203.100,199.623,180.805,112.381,189.757,197.163,190.573,339.243,0.0000,0.0000,0.0969,0.9500,0.00,0.00,0.00,0.00
791.00,180.000,180.000,170.000,175.000,183.180,186.382,170.168,95.344,202.995,199.608,180.768,112.484,189.427,197.148,190.279,339.326,0.0000,0.0000,0.0949,0.9500,0.00,0.00,0.00,0.00
792.00,180.000,180.000,170.000,175.000,183.311,186.470,170.239,95.458,202.889,199.593,180.731,112.586,189.120,197.133,189.995,339.408,0.0000,0.0000,0.0949,0.9500,0.00,0.00,0.00,0.00
793.00,180.000,180.000,170.000,175.000,183.441,186.557,170.308,95.572,202.784,199.579,180.694,112.689,188.834,197.119,189.703,339.491,0.0000,0.0000,0.0929,0.9500,0.00,0.00,0.00,0.00
794.00,180.000,180.000,170.000,175.000,183.570,186.644,170.377,95.686,202.678,199.564,180.655,112.790,188.568,197.104,189.420,339.573,0.0000,0.0000,0.0909,0.9500,0.00,0.00,0.00,0.00
795.00,180.000,180.000,170.000,175.000,183.696,186.730,170.446,95.800,202.571,199.549,180.617,112.892,188.318,197.089,189.146,339.655,0.0000,0.0000,0.0909,0.9500,0.00,0.00,0.00,0.00
796.00,180.000,180.000,170.000,175.000,183.822,186.815,170.513,95.913,202.464,199.535,180.578,112.993,188.085,197.075,188.863,339.737,0.0000,0.0000,0.0889,0.9500,0.00,0.00,0.00,0.00
797.00,180.000,180.000,170.000,175.000,183.945,186.899,170.580,96.027,202.358,199.520,180.539,113.093,187.865,197.060,188.587,339.819,0.0000,0.0000,0.0868,0.9500,0.00,0.00,0.00,0.00
798.00,180.000,180.000,170.000,175.000,184.067,186.983,170.646,96.141,202.251,199.506,180.499,113.194,187.658,197.046,188.319,339.900,0.0000,0.0000,0.0868,0.9500,0.00,0.00,0.00,0.00
799.00,180.000,180.000,170.000,175.000,184.188,187.066,170.711,96.254,202.143,199.492,180.459,113.294,187.463,197.031,188.042,339.981,0.0000,0.0000,0.0848,0.9500,0.00,0.00,0.00,0.00
800.00,180.000,180.000,170.000,175.000,184.307,187.149,170.776,96.367,202.036,199.477,180.419,113.393,187.279,197.017,187.772,340.062,0.0000,0.0000,0.0828,0.9500,0.00,0.00,0.00,0.00
801.00,180.000,180.000,170.000,175.000,184.425,187.231,170.840,96.481,201.928,199.463,180.378,113.493,187.104,197.002,187.509,340.143,0.0000,0.0000,0.0828,0.9500,0.00,0.00,0.00,0.00
802.00,180.000,180.000,170.000,175.000,184.541,187.312,170.903,96.594,201.821,199.449,180.337,113.592,186.938,196.988,187.236,340.223,0.0000,0.0000,0.0808,0.9500,0.00,0.00,0.00,0.00
803.00,180.000,180.000,170.000,175.000,184.656,187.393,170.966,96.707,201.713,199.435,180.295,113.690,186.779,196.973,186.970,340.304,0.0000,0.0000,0.0788,0.9500,0.00,0.00,0.00,0.00
804.00,180.000,180.000,170.000,175.000,184.769,187.473,171.028,96.820,201.605,199.421,180.254,113.789,186.628,196.958,186.710,340.384,0.0000,0.0000,0.0787,0.9500,0.00,0.00,0.00,0.00
805.00,180.000,180.000,170.000,175.000,184.880,187.552,171.089,96.933,201.498,199.407,180.211,113.886,186.483,196.943,186.456,340.464,0.0000,0.0000,0.0767,0.9500,0.00,0.00,0.00,0.00
806.00,180.000,180.000,170.000,175.000,184.991,187.631,171.150,97.046,201.390,199.393,180.169,113.984,186.344,196.929,186.207,340.543,0.0000,0.0000,0.0767,0.9500,0.00,0.00,0.00,0.00
807.00,180.000,180.000,170.000,175.000,185.099,187.709,171.210,97.158,201.282,199.379,180.126,114.081,186.211,196.914,185.947,340.623,0.0000,0.0000,0.0747,0.9500,0.00,0.00,0.00,0.00
808.00,180.000,180.000,170.000,175.000,185.207,187.786,171.269,97.271,201.174,199.365,180.083,114.178,186.082,196.899,185.692,340.702,0.0000,0.0000,0.0727,0.9500,0.00,0.00,0.00,0.00
809.00,180.000,180.000,170.000,175.000,185.313,187.863,171.327,97.384,201.066,199.351,180.039,114.275,185.958,196.884,185.442,340.781,0.0000,0.0000,0.0726,0.9500,0.00,0.00,0.00,0.00
810.00,180.000,180.000,170.000,175.000,185.417,187.940,171.385,97.496,200.958,199.338,179.995,114.371,185.838,196.868,185.197,340.860,0.0000,0.0000,0.0706,0.9500,0.00,0.00,0.00,0.00
811.00,180.000,180.000,170.000,175.000,185.520,188.015,171.442,97.608,200.850,199.324,179.951,114.467,185.722,196.853,184.956,340.938,0.0000,0.0000,0.0706,0.9500,0.00,0.00,0.00,0.00
812.00,180.000,180.000,170.000,175.000,185.622,188.090,171.499,97.720,200.743,199.310,179.906,114.563,185.609,196.838,184.703,341.017,0.0000,0.0000,0.0686,0.9500,0.00,0.00,0.00,0.00
813.00,180.000,180.000,170.000,175.000,185.722,188.165,171.554,97.832,200.635,199.297,179.862,114.658,185.498,196.822,184.470,341.095,0.0000,0.0000,0.0665,0.9500,0.00,0.00,0.00,0.00
814.00,180.000,180.000,170.000,175.000,185.821,188.239,171.610,97.944,200.527,199.283,179.816,114.753,185.391,196.807,184.225,341.172,0.0000,0.0000,0.0665,0.9500,0.00,0.00,0.00,0.00
815.00,180.000,180.000,170.000,175.000,185.919,188.312,171.664,98.056,200.419,199.270,179.771,114.847,185.287,196.791,183.983,341.250,0.0000,0.0000,0.0645,0.9500,0.00,0.00,0.00,0.00
816.00,180.000,180.000,170.000,175.000,186.015,188.385,171.718,98.168,200.312,199.256,179.725,114.942,185.184,196.776,183.745,341.328,0.0000,0.0000,0.0645,0.9500,0.00,0.00,0.00,0.00
817.00,180.000,180.000,170.000,175.000,186.110,188.457,171.771,98.280,200.204,199.243,179.679,115.036,185.084,196.760,183.510,341.405,0.0000,0.0000,0.0624,0.9500,0.00,0.00,0.00,0.00
818.00,180.000,180.000,170.000,175.000,186.203,188.529,171.823,98.391,200.097,199.229,179.633,115.129,184.986,196.744,183.278,341.482,0.0000,0.0000,0.0624,0.9500,0.00,0.00,0.00,0.00
819.00,180.000,180.000,170.000,175.000,186.295,188.600,171.875,98.502,199.989,199.216,179.586,115.223,184.890,196.728,183.049,341.559,0.0000,0.0000,0.0604,0.9500,0.00,0.00,0.00,0.00
820.00,180.000,180.000,170.000,175.000,186.386,188.670,171.926,98.614,199.882,199.202,179.539,115.316,184.795,196.712,182.822,341.635,0.0000,0.0000,0.0603,0.9500,0.00,0.00,0.00,0.00
821.00,180.000,180.000,170.000,175.000,186.476,188.740,171.977,98.725,199.775,199.189,179.492,115.409,184.702,196.696,182.598,341.711,0.0000,0.0000,0.0583,0.9500,0.00,0.00,0.00,0.00
822.00,180.000,180.000,170.000,175.000,186.564,188.810,172.027,98.836,199.668,199.176,179.444,115.501,184.610,196.680,182.375,341.788,0.0000,0.0000,0.0583,0.9500,0.00,0.00,0.00,0.00
823.00,180.000,180.000,170.000,175.000,186.651,188.879,172.076,98.947,199.561,199.162,179.396,115.593,184.520,196.663,182.154,341.864,0.0000,0.0000,0.0562,0.9500,0.00,0.00,0.00,0.00
824.00,180.000,180.000,170.000,175.000,186.736,188.947,172.125,99.058,199.454,199.149,179.348,115.685,184.431,196.647,181.934,341.939,0.0000,0.0000,0.0562,0.9500,0.00,0.00,0.00,0.00
825.00,180.000,180.000,170.000,175.000,186.821,189.015,172.173,99.168,199.347,199.136,179.300,115.777,184.342,196.631,181.716,342.015,0.0000,0.0000,0.0542,0.9500,0.00,0.00,0.00,0.00
826.00,180.000,180.000,170.000,175.000,186.904,189.082,172.220,99.279,199.240,199.123,179.252,115.868,184.255,196.614,181.499,342.090,0.0000,0.0000,0.0541,0.9500,0.00,0.00,0.00,0.00
827.00,180.000,180.000,170.000,175.000,186.986,189.149,172.266,99.389,199.134,199.110,179.203,115.959,184.169,196.597,181.283,342.165,0.0000,0.0000,0.0521,0.9500,0.00,0.00,0.00,0.00
828.00,180.000,180.000,170.000,175.000,187.066,189.215,172.312,99.499,199.027,199.096,179.154,116.049,184.084,196.580,181.068,342.240,0.0000,0.0000,0.0520,0.9500,0.00,0.00,0.00,0.00
829.00,180.000,180.000,170.000,175.000,187.145,189.280,172.358,99.609,198.921,199.083,179.104,116.140,184.000,196.564,180.870,342.315,0.0000,0.0000,0.0500,0.9500,0.00,0.00,0.00,0.00
830.00,180.000,180.000,170.000,175.000,187.224,189.346,172.403,99.719,198.815,199.070,179.055,116.230,183.916,196.547,180.639,342.389,0.0000,0.0000,0.0500,0.9500,0.00,0.00,0.00,0.00
831.00,180.000,180.000,170.000,175.000,187.300,189.410,172.447,99.829,198.709,199.057,179.005,116.320,183.834,196.530,180.410,342.463,0.0000,0.0000,0.0499,0.9500,0.00,0.00,0.00,0.00
832.00,180.000,180.000,170.000,175.000,187.376,189.474,172.490,99.939,198.603,199.044,178.955,116.409,183.751,196.512,180.168,342.537,0.0000,0.0000,0.0479,0.9500,0.00,0.00,0.00,0.00
833.00,180.000,180.000,170.000,175.000,187.450,189.538,172.533,100.049,198.497,199.031,178.905,116.498,183.670,196.495,179.945,342.611,0.0000,0.0000,0.0478,0.9500,0.00,0.00,0.00,0.00
834.00,180.000,180.000,170.000,175.000,187.524,189.601,172.575,100.158,198.392,199.018,178.854,116.587,183.589,196.478,179.723,342.685,0.0000,0.0000,0.0458,0.9500,0.00,0.00,0.00,0.00
835.00,180.000,180.000,170.000,175.000,187.596,189.663,172.617,100.267,198.286,199.005,178.803,116.676,183.509,196.460,179.503,342.758,0.0000,0.0000,0.0458,0.9500,0.00,0.00,0.00,0.00
836.00,180.000,180.000,170.000,175.000,187.667,189.726,172.658,100.376,198.181,198.992,178.752,116.765,183.429,196.443,179.300,342.831,0.0000,0.0000,0.0437,0.9500,0.00,0.00,0.00,0.00
837.00,180.000,180.000,170.000,175.000,187.736,189.787,172.698,100.486,198.076,198.979,178.700,116.853,183.350,196.425,179.081,342.904,0.0000,0.0000,0.0437,0.9500,0.00,0.00,0.00,0.00
838.00,180.000,180.000,170.000,175.000,187.805,189.848,172.738,100.594,197.971,198.966,178.649,116.941,183.272,196.407,178.878,342.977,0.0000,0.0000,0.0436,0.9500,0.00,0.00,0.00,0.00
839.00,180.000,180.000,170.000,175.000,187.872,189.909,172.777,100.703,197.866,198.953,178.597,117.028,183.193,196.390,178.675,343.049,0.0000,0.0000,0.0416,0.9500,0.00,0.00,0.00,0.00
840.00,180.000,180.000,170.000,175.000,187.938,189.969,172.816,100.812,197.761,198.940,178.545,117.115,183.116,196.372,178.471,343.122,0.0000,0.0000,0.0415,0.9500,0.00,0.00,0.00,0.00
841.00,180.000,180.000,170.000,175.000,188.004,190.028,172.854,100.920,197.657,198.927,178.493,117.202,183.038,196.354,178.283,343.194,0.0000,0.0000,0.0395,0.9500,0.00,0.00,0.00,0.00
842.00,180.000,180.000,170.000,175.000,188.068,190.087,172.891,101.029,197.553,198.913,178.440,117.289,182.962,196.336,178.078,343.266,0.0000,0.0000,0.0394,0.9500,0.00,0.00,0.00,0.00
843.00,180.000,180.000,170.000,175.000,188.130,190.146,172.928,101.137,197.449,198.900,178.387,117.376,182.885,196.318,177.887,343.338,0.0000,0.0000,0.0394,0.9500,0.00,0.00,0.00,0.00
844.00,180.000,180.000,170.000,175.000,188.192,190.204,172.964,101.245,197.345,198.887,178.335,117.462,182.809,196.299,177.695,343.409,0.0000,0.0000,0.0373,0.9500,0.00,0.00,0.00,0.00
845.00,180.000,180.000,170.000,175.000,188.253,190.262,173.000,101.353,197.241,198.874,178.281,117.548,182.733,196.281,177.501,343.481,0.0000,0.0000,0.0373,0.9500,0.00,0.00,0.00,0.00
846.00,180.000,180.000,170.000,175.000,188.312,190.319,173.035,101.460,197.137,198.861,178.228,117.634,182.658,196.263,177.322,343.552,0.0000,0.0000,0.0372,0.9500,0.00,0.00,0.00,0.00
847.00,180.000,180.000,170.000,175.000,188.371,190.376,173.069,101.568,197.034,198.848,178.175,117.719,182.583,196.244,177.139,343.623,0.0000,0.0000,0.0352,0.9500,0.00,0.00,0.00,0.00
848.00,180.000,180.000,170.000,175.000,188.428,190.432,173.103,101.676,196.931,198.835,178.121,117.805,182.508,196.225,176.955,343.694,0.0000,0.0000,0.0351,0.9500,0.00,0.00,0.00,0.00
849.00,180.000,180.000,170.000,175.000,188.484,190.488,173.136,101.783,196.828,198.822,178.067,117.890,182.434,196.207,176.784,343.764,0.0000,0.0000,0.0351,0.9500,0.00,0.00,0.00,0.00
850.00,180.000,180.000,170.000,175.000,188.540,190.543,173.169,101.890,196.725,198.809,178.013,117.974,182.360,196.188,176.608,343.835,0.0000,0.0000,0.0330,0.9500,0.00,0.00,0.00,0.00
851.00,180.000,180.000,170.000,175.000,188.594,190.598,173.201,101.997,196.622,198.796,177.959,118.059,182.287,196.169,176.430,343.905,0.0000,0.0000,0.0330,0.9500,0.00,0.00,0.00,0.00
852.00,180.000,180.000,170.000,175.000,188.647,190.653,173.233,102.104,196.520,198.783,177.905,118.143,182.213,196.150,176.265,343.975,0.0000,0.0000,0.0329,0.9500,0.00,0.00,0.00,0.00
853.00,180.000,180.000,170.000,175.000,188.699,190.707,173.264,102.211,196.417,198.770,177.851,118.227,182.140,196.131,176.095,344.045,0.0000,0.0000,0.0308,0.9500,0.00,0.00,0.00,0.00
854.00,180.000,180.000,170.000,175.000,188.750,190.760,173.294,102.317,196.315,198.757,177.796,118.311,182.068,196.112,175.922,344.115,0.0000,0.0000,0.0308,0.9500,0.00,0.00,0.00,0.00
855.00,180.000,180.000,170.000,175.000,188.801,190.813,173.324,102.424,196.213,198.744,177.741,118.394,181.995,196.093,175.761,344.184,0.0000,0.0000,0.0307,0.9500,0.00,0.00,0.00,0.00
856.00,180.000,180.000,170.000,175.000,188.850,190.866,173.353,102.530,196.112,198.731,177.687,118.478,181.923,196.074,175.611,344.253,0.0000,0.0000,0.0287,0.9500,0.00,0.00,0.00,0.00
857.00,180.000,180.000,170.000,175.000,188.898,190.918,173.382,102.636,196.010,198.717,177.632,118.561,181.851,196.054,175.439,344.322,0.0000,0.0000,0.0286,0.9500,0.00,0.00,0.00,0.00
858.00,180.000,180.000,170.000,175.000,188.945,190.970,173.410,102.742,195.909,198.704,177.577,118.644,181.779,196.035,175.280,344.391,0.0000,0.0000,0.0286,0.9500,0.00,0.00,0.00,0.00
859.00,180.000,180.000,170.000,175.000,188.991,191.021,173.438,102.848,195.808,198.691,177.521,118.726,181.708,196.015,175.132,344.460,0.0000,0.0000,0.0285,0.9500,0.00,0.00,0.00,0.00
860.00,180.000,180.000,170.000,175.000,189.036,191.072,173.465,102.953,195.707,198.678,177.466,118.809,181.637,195.996,174.977,344.529,0.0000,0.0000,0.0264,0.9500,0.00,0.00,0.00,0.00
861.00,180.000,180.000,170.000,175.000,189.080,191.123,173.491,103.059,195.607,198.665,177.411,118.891,181.566,195.976,174.817,344.597,0.0000,0.0000,0.0264,0.9500,0.00,0.00,0.00,0.00
862.00,180.000,180.000,170.000,175.000,189.123,191.173,173.517,103.164,195.506,198.651,177.355,118.973,181.496,195.956,174.668,344.665,0.0000,0.0000,0.0263,0.9500,0.00,0.00,0.00,0.00
863.00,180.000,180.000,170.000,175.000,189.166,191.223,173.543,103.269,195.406,198.638,177.299,119.054,181.426,195.936,174.530,344.733,0.0000,0.0000,0.0263,0.9500,0.00,0.00,0.00,0.00
864.00,180.000,180.000,170.000,175.000,189.207,191.272,173.567,103.374,195.306,198.625,177.244,119.136,181.356,195.917,174.384,344.801,0.0000,0.0000,0.0242,0.9500,0.00,0.00,0.00,0.00
865.00,180.000,180.000,170.000,175.000,189.247,191.321,173.592,103.479,195.206,198.611,177.188,119.217,181.286,195.897,174.232,344.869,0.0000,0.0000,0.0241,0.9500,0.00,0.00,0.00,0.00
866.00,180.000,180.000,170.000,175.000,189.287,191.369,173.616,103.584,195.107,198.598,177.132,119.298,181.216,195.876,174.090,344.936,0.0000,0.0000,0.0241,0.9500,0.00,0.00,0.00,0.00
867.00,180.000,180.000,170.000,175.000,189.325,191.417,173.639,103.688,195.007,198.585,177.076,119.379,181.147,195.856,173.958,345.004,0.0000,0.0000,0.0240,0.9500,0.00,0.00,0.00,0.00
868.00,180.000,180.000,170.000,175.000,189.363,191.465,173.662,103.793,194.908,198.571,177.020,119.459,181.078,195.836,173.801,345.071,0.0000,0.0000,0.0220,0.9500,0.00,0.00,0.00,0.00
869.00,180.000,180.000,170.000,175.000,189.400,191.512,173.684,103.897,194.809,198.558,176.963,119.539,181.009,195.816,173.624,345.138,0.0000,0.0000,0.0219,0.9500,0.00,0.00,0.00,0.00
870.00,180.000,180.000,170.000,175.000,189.435,191.559,173.705,104.001,194.710,198.544,176.907,119.620,180.941,195.795,173.460,345.205,0.0000,0.0000,0.0218,0.9500,0.00,0.00,0.00,0.00
871.00,180.000,180.000,170.000,175.000,189.470,191.605,173.727,104.105,194.612,198.531,176.850,119.699,180.872,195.775,173.307,345.271,0.0000,0.0000,0.0218,0.9500,0.00,0.00,0.00,0.00
872.00,180.000,180.000,170.000,175.000,189.504,191.651,173.747,104.209,194.514,198.517,176.794,119.779,180.804,195.754,173.164,345.338,0.0000,0.0000,0.0217,0.9500,0.00,0.00,0.00,0.00
873.00,180.000,180.000,170.000,175.000,189.537,191.697,173.767,104.312,194.416,198.504,176.737,119.859,180.736,195.734,172.999,345.404,0.0000,0.0000,0.0196,0.9500,0.00,0.00,0.00,0.00
874.00,180.000,180.000,170.000,175.000,189.570,191.742,173.787,104.416,194.318,198.490,176.680,119.938,180.669,195.713,172.845,345.470,0.0000,0.0000,0.0196,0.9500,0.00,0.00,0.00,0.00
875.00,180.000,180.000,170.000,175.000,189.601,191.787,173.806,104.519,194.220,198.477,176.623,120.017,180.601,195.692,172.702,345.536,0.0000,0.0000,0.0195,0.9500,0.00,0.00,0.00,0.00
876.00,180.000,180.000,170.000,175.000,189.632,191.831,173.825,104.622,194.123,198.463,176.566,120.096,180.534,195.672,172.568,345.602,0.0000,0.0000,0.0195,0.9500,0.00,0.00,0.00,0.00
877.00,180.000,180.000,170.000,175.000,189.661,191.875,173.843,104.725,194.026,198.449,176.509,120.174,180.467,195.651,172.442,345.668,0.0000,0.0000,0.0194,0.9500,0.00,0.00,0.00,0.00
878.00,180.000,180.000,170.000,175.000,189.690,191.919,173.861,104.828,193.929,198.436,176.452,120.253,180.400,195.630,172.308,345.733,0.0000,0.0000,0.0173,0.9500,0.00,0.00,0.00,0.00
879.00,180.000,180.000,170.000,175.000,189.718,191.962,173.878,104.931,193.832,198.422,176.394,120.331,180.334,195.609,172.166,345.798,0.0000,0.0000,0.0173,0.9500,0.00,0.00,0.00,0.00
880.00,180.000,180.000,170.000,175.000,189.745,192.005,173.894,105.033,193.736,198.408,176.337,120.409,180.268,195.587,172.034,345.864,0.0000,0.0000,0.0172,0.9500,0.00,0.00,0.00,0.00
881.00,180.000,180.000,170.000,175.000,189.772,192.048,173.910,105.135,193.639,198.394,176.280,120.487,180.202,195.566,171.910,345.929,0.0000,0.0000,0.0171,0.9500,0.00,0.00,0.00,0.00
882.00,180.000,180.000,170.000,175.000,189.797,192.090,173.926,105.237,193.543,198.380,176.222,120.564,180.136,195.545,171.794,345.993,0.0000,0.0000,0.0171,0.9500,0.00,0.00,0.00,0.00
883.00,180.000,180.000,170.000,175.000,189.822,192.132,173.941,105.339,193.447,198.367,176.165,120.642,180.070,195.524,171.684,346.058,0.0000,0.0000,0.0170,0.9500,0.00,0.00,0.00,0.00
884.00,180.000,180.000,170.000,175.000,189.846,192.173,173.956,105.441,193.352,198.353,176.107,120.719,180.005,195.502,171.564,346.123,0.0000,0.0000,0.0149,0.9500,0.00,0.00,0.00,0.00
885.00,180.000,180.000,170.000,175.000,189.869,192.214,173.970,105.543,193.257,198.339,176.050,120.796,179.940,195.481,171.436,346.187,0.0000,0.0000,0.0149,0.9500,0.00,0.00,0.00,0.00
886.00,180.000,180.000,170.000,175.000,189.891,192.255,173.984,105.644,193.162,198.325,175.992,120.873,179.875,195.459,171.315,346.251,0.0000,0.0000,0.0148,0.9500,0.00,0.00,0.00,0.00
887.00,180.000,180.000,170.000,175.000,189.913,192.295,173.997,105.746,193.067,198.311,175.934,120.949,179.810,195.438,171.202,346.315,0.0000,0.0000,0.0147,0.9500,0.00,0.00,0.00,0.00
888.00,180.000,180.000,170.000,175.000,189.934,192.335,174.010,105.847,192.972,198.296,175.877,121.026,179.745,195.416,171.095,346.379,0.0000,0.0000,0.0147,0.9500,0.00,0.00,0.00,0.00
889.00,180.000,180.000,170.000,175.000,189.954,192.374,174.022,105.948,192.878,198.282,175.819,121.102,179.681,195.394,170.994,346.443,0.0000,0.0000,0.0146,0.9500,0.00,0.00,0.00,0.00
890.00,180.000,180.000,170.000,175.000,189.973,192.414,174.034,106.049,192.783,198.268,175.761,121.178,179.617,195.372,170.898,346.506,0.0000,0.0000,0.0145,0.9500,0.00,0.00,0.00,0.00
891.00,180.000,180.000,170.000,175.000,189.992,192.453,174.045,106.149,192.690,198.254,175.703,121.254,179.553,195.350,170.807,346.570,0.0000,0.0000,0.0144,0.9500,0.00,0.00,0.00,0.00
892.00,180.000,180.000,170.000,175.000,190.009,192.491,174.056,106.250,192.596,198.240,175.646,121.330,179.489,195.328,170.704,346.633,0.0000,0.0000,0.0124,0.9500,0.00,0.00,0.00,0.00
893.00,180.000,180.000,170.000,175.000,190.026,192.529,174.067,106.350,192.502,198.225,175.588,121.405,179.425,195.306,170.591,346.696,0.0000,0.0000,0.0123,0.9500,0.00,0.00,0.00,0.00
894.00,180.000,180.000,170.000,175.000,190.043,192.567,174.077,106.450,192.409,198.211,175.530,121.480,179.362,195.284,170.484,346.759,0.0000,0.0000,0.0122,0.9500,0.00,0.00,0.00,0.00
895.00,180.000,180.000,170.000,175.000,190.058,192.605,174.086,106.550,192.316,198.197,175.473,121.555,179.299,195.262,170.383,346.822,0.0000,0.0000,0.0122,0.9500,0.00,0.00,0.00,0.00
896.00,180.000,180.000,170.000,175.000,190.073,192.642,174.096,106.650,192.223,198.182,175.415,121.630,179.236,195.240,170.288,346.885,0.0000,0.0000,0.0121,0.9500,0.00,0.00,0.00,0.00
897.00,180.000,180.000,170.000,175.000,190.087,192.679,174.104,106.750,192.131,198.168,175.357,121.705,179.173,195.217,170.197,346.947,0.0000,0.0000,0.0120,0.9500,0.00,0.00,0.00,0.00
898.00,180.000,180.000,170.000,175.000,190.101,192.715,174.112,106.849,192.039,198.153,175.299,121.779,179.111,195.195,170.094,347.009,0.0000,0.0000,0.0120,0.9500,0.00,0.00,0.00,0.00
899.00,180.000,180.000,170.000,175.000,190.113,192.751,174.120,106.949,191.947,198.138,175.242,121.854,179.048,195.173,169.981,347.072,0.0000,0.0000,0.0119,0.9500,0.00,0.00,0.00,0.00
900.00,180.000,180.000,170.000,175.000,190.125,192.787,174.128,107.048,191.855,198.124,175.184,121.928,178.986,195.150,169.874,347.134,0.0000,0.0000,0.0118,0.9500,0.00,0.00,0.00,0.00
901.00,180.000,180.000,170.000,175.000,190.137,192.822,174.135,107.147,191.763,198.109,175.126,122.002,178.924,195.128,169.774,347.196,0.0000,0.0000,0.0118,0.9500,0.00,0.00,0.00,0.00
902.00,180.000,180.000,170.000,175.000,190.147,192.857,174.141,107.246,191.672,198.094,175.068,122.076,178.862,195.105,169.678,347.257,0.0000,0.0000,0.0117,0.9500,0.00,0.00,0.00,0.00
903.00,180.000,180.000,170.000,175.000,190.157,192.892,174.147,107.344,191.581,198.080,175.010,122.149,178.801,195.082,169.587,347.319,0.0000,0.0000,0.0116,0.9500,0.00,0.00,0.00,0.00
904.00,180.000,180.000,170.000,175.000,190.167,192.927,174.153,107.443,191.490,198.065,174.953,122.223,178.739,195.059,169.484,347.380,0.0000,0.0000,0.0095,0.9500,0.00,0.00,0.00,0.00
905.00,180.000,180.000,170.000,175.000,190.175,192.961,174.158,107.541,191.399,198.050,174.895,122.296,178.678,195.037,169.371,347.442,0.0000,0.0000,0.0095,0.9500,0.00,0.00,0.00,0.00
906.00,180.000,180.000,170.000,175.000,190.183,192.995,174.163,107.639,191.309,198.035,174.837,122.369,178.617,195.014,169.265,347.503,0.0000,0.0000,0.0094,0.9500,0.00,0.00,0.00,0.00
907.00,180.000,180.000,170.000,175.000,190.191,193.028,174.167,107.737,191.219,198.020,174.779,122.442,178.556,194.991,169.164,347.564,0.0000,0.0000,0.0093,0.9500,0.00,0.00,0.00,0.00
908.00,180.000,180.000,170.000,175.000,190.197,193.061,174.171,107.835,191.129,198.005,174.721,122.515,178.496,194.968,169.069,347.625,0.0000,0.0000,0.0093,0.9500,0.00,0.00,0.00,0.00
909.00,180.000,180.000,170.000,175.000,190.203,193.094,174.175,107.933,191.039,197.990,174.663,122.587,178.435,194.945,168.978,347.686,0.0000,0.0000,0.0092,0.9500,0.00,0.00,0.00,0.00
910.00,180.000,180.000,170.000,175.000,190.209,193.126,174.178,108.030,190.949,197.975,174.606,122.660,178.375,194.922,168.891,347.746,0.0000,0.0000,0.0091,0.9500,0.00,0.00,0.00,0.00
911.00,180.000,180.000,170.000,175.000,190.214,193.159,174.181,108.127,190.860,197.960,174.548,122.732,178.315,194.898,168.809,347.807,0.0000,0.0000,0.0090,0.9500,0.00,0.00,0.00,0.00
912.00,180.000,180.000,170.000,175.000,190.218,193.191,174.183,108.225,190.771,197.944,174.490,122.804,178.255,194.875,168.729,347.867,0.0000,0.0000,0.0090,0.9500,0.00,0.00,0.00,0.00
913.00,180.000,180.000,170.000,175.000,190.221,193.222,174.185,108.322,190.682,197.929,174.432,122.876,178.195,194.852,168.654,347.927,0.0000,0.0000,0.0089,0.9500,0.00,0.00,0.00,0.00
914.00,180.000,180.000,170.000,175.000,190.224,193.253,174.186,108.418,190.594,197.914,174.375,122.947,178.136,194.828,168.580,347.988,0.0000,0.0000,0.0088,0.9500,0.00,0.00,0.00,0.00
915.00,180.000,180.000,170.000,175.000,190.226,193.284,174.188,108.515,190.506,197.898,174.317,123.019,178.077,194.805,168.510,348.048,0.0000,0.0000,0.0088,0.9500,0.00,0.00,0.00,0.00
916.00,180.000,180.000,170.000,175.000,190.228,193.315,174.188,108.612,190.418,197.883,174.259,123.090,178.017,194.781,168.442,348.107,0.0000,0.0000,0.0087,0.9500,0.00,0.00,0.00,0.00
917.00,180.000,180.000,170.000,175.000,190.229,193.345,174.189,108.708,190.330,197.867,174.202,123.161,177.958,194.758,168.376,348.167,0.0000,0.0000,0.0086,0.9500,0.00,0.00,0.00,0.00
918.00,180.000,180.000,170.000,175.000,190.230,193.375,174.189,108.804,190.242,197.852,174.144,123.232,177.900,194.734,168.312,348.227,0.0000,0.0000,0.0085,0.9500,0.00,0.00,0.00,0.00
919.00,180.000,180.000,170.000,175.000,190.230,193.405,174.188,108.900,190.155,197.836,174.087,123.303,177.841,194.711,168.250,348.286,0.0000,0.0000,0.0085,0.9500,0.00,0.00,0.00,0.00
920.00,180.000,180.000,170.000,175.000,190.229,193.434,174.188,108.996,190.068,197.821,174.030,123.374,177.783,194.687,168.189,348.345,0.0000,0.0000,0.0084,0.9500,0.00,0.00,0.00,0.00
921.00,180.000,180.000,170.000,175.000,190.228,193.464,174.186,109.092,189.981,197.805,173.973,123.445,177.724,194.663,168.130,348.404,0.0000,0.0000,0.0083,0.9500,0.00,0.00,0.00,0.00
922.00,180.000,180.000,170.000,175.000,190.226,193.492,174.185,109.187,189.894,197.789,173.915,123.515,177.666,194.639,168.072,348.463,0.0000,0.0000,0.0083,0.9500,0.00,0.00,0.00,0.00
923.00,180.000,180.000,170.000,175.000,190.224,193.521,174.183,109.282,189.808,197.773,173.858,123.585,177.608,194.615,168.015,348.522,0.0000,0.0000,0.0082,0.9500,0.00,0.00,0.00,0.00
924.00,180.000,180.000,170.000,175.000,190.221,193.549,174.181,109.377,189.722,197.757,173.801,123.655,177.550,194.591,167.960,348.581,0.0000,0.0000,0.0081,0.9500,0.00,0.00,0.00,0.00
925.00,180.000,180.000,170.000,175.000,190.217,193.577,174.178,109.472,189.636,197.741,173.744,123.725,177.493,194.567,167.905,348.640,0.0000,0.0000,0.0080,0.9500,0.00,0.00,0.00,0.00
926.00,180.000,180.000,170.000,175.000,190.213,193.605,174.175,109.567,189.550,197.725,173.687,123.795,177.435,194.543,167.852,348.698,0.0000,0.0000,0.0080,0.9500,0.00,0.00,0.00,0.00
927.00,180.000,180.000,170.000,175.000,190.209,193.632,174.172,109.662,189.465,197.709,173.631,123.864,177.378,194.519,167.767,348.756,0.0000,0.0000,0.0079,0.9500,0.00,0.00,0.00,0.00
928.00,180.000,180.000,170.000,175.000,190.204,193.659,174.168,109.756,189.379,197.693,173.574,123.934,177.321,194.495,167.686,348.815,0.0000,0.0000,0.0078,0.9500,0.00,0.00,0.00,0.00
929.00,180.000,180.000,170.000,175.000,190.198,193.686,174.164,109.851,189.294,197.677,173.517,124.003,177.264,194.471,167.609,348.873,0.0000,0.0000,0.0078,0.9500,0.00,0.00,0.00,0.00
930.00,180.000,180.000,170.000,175.000,190.192,193.712,174.160,109.945,189.210,197.661,173.460,124.072,177.208,194.446,167.534,348.931,0.0000,0.0000,0.0077,0.9500,0.00,0.00,0.00,0.00
931.00,180.000,180.000,170.000,175.000,190.185,193.739,174.155,110.039,189.125,197.644,173.404,124.141,177.151,194.422,167.463,348.989,0.0000,0.0000,0.0076,0.9500,0.00,0.00,0.00,0.00
932.00,180.000,180.000,170.000,175.000,190.178,193.765,174.150,110.133,189.041,197.628,173.347,124.210,177.095,194.397,167.394,349.046,0.0000,0.0000,0.0095,0.9500,0.00,0.00,0.00,0.00
933.00,180.000,180.000,170.000,175.000,190.170,193.790,174.144,110.226,188.957,197.612,173.291,124.278,177.038,194.373,167.359,349.104,0.0000,0.0000,0.0095,0.9500,0.00,0.00,0.00,0.00
934.00,180.000,180.000,170.000,175.000,190.162,193.816,174.139,110.320,188.873,197.595,173.234,124.347,176.982,194.348,167.323,349.161,0.0000,0.0000,0.0094,0.9500,0.00,0.00,0.00,0.00
935.00,180.000,180.000,170.000,175.000,190.154,193.841,174.133,110.413,188.789,197.579,173.178,124.415,176.927,194.324,167.286,349.219,0.0000,0.0000,0.0093,0.9500,0.00,0.00,0.00,0.00
936.00,180.000,180.000,170.000,175.000,190.144,193.865,174.126,110.506,188.706,197.562,173.122,124.483,176.871,194.299,167.249,349.276,0.0000,0.0000,0.0093,0.9500,0.00,0.00,0.00,0.00
937.00,180.000,180.000,170.000,175.000,190.135,193.890,174.119,110.599,188.623,197.546,173.066,124.551,176.815,194.275,167.211,349.333,0.0000,0.0000,0.0092,0.9500,0.00,0.00,0.00,0.00
938.00,180.000,180.000,170.000,175.000,190.124,193.914,174.112,110.692,188.540,197.529,173.010,124.619,176.760,194.250,167.172,349.390,0.0000,0.0000,0.0091,0.9500,0.00,0.00,0.00,0.00
939.00,180.000,180.000,170.000,175.000,190.114,193.938,174.105,110.785,188.457,197.512,172.954,124.687,176.705,194.225,167.133,349.447,0.0000,0.0000,0.0091,0.9500,0.00,0.00,0.00,0.00
940.00,180.000,180.000,170.000,175.000,190.103,193.962,174.097,110.877,188.375,197.495,172.898,124.754,176.650,194.200,167.093,349.504,0.0000,0.0000,0.0090,0.9500,0.00,0.00,0.00,0.00
941.00,180.000,180.000,170.000,175.000,190.091,193.985,174.089,110.970,188.292,197.478,172.843,124.822,176.595,194.175,167.053,349.560,0.0000,0.0000,0.0089,0.9500,0.00,0.00,0.00,0.00
942.00,180.000,180.000,170.000,175.000,190.079,194.009,174.081,111.062,188.210,197.462,172.787,124.889,176.540,194.150,167.013,349.617,0.0000,0.0000,0.0088,0.9500,0.00,0.00,0.00,0.00
943.00,180.000,180.000,170.000,175.000,190.066,194.031,174.072,111.154,188.129,197.445,172.732,124.956,176.485,194.125,166.972,349.673,0.0000,0.0000,0.0088,0.9500,0.00,0.00,0.00,0.00
944.00,180.000,180.000,170.000,175.000,190.053,194.054,174.063,111.246,188.047,197.427,172.676,125.023,176.431,194.100,166.931,349.729,0.0000,0.0000,0.0087,0.9500,0.00,0.00,0.00,0.00
945.00,180.000,180.000,170.000,175.000,190.040,194.077,174.054,111.337,187.966,197.410,172.621,125.090,176.377,194.075,166.889,349.785,0.0000,0.0000,0.0086,0.9500,0.00,0.00,0.00,0.00
946.00,180.000,180.000,170.000,175.000,190.026,194.099,174.044,111.429,187.885,197.393,172.566,125.157,176.323,194.050,166.864,349.841,0.0000,0.0000,0.0106,0.9500,0.00,0.00,0.00,0.00
947.00,180.000,180.000,170.000,175.000,190.012,194.121,174.034,111.520,187.804,197.376,172.511,125.223,176.269,194.025,166.853,349.897,0.0000,0.0000,0.0105,0.9500,0.00,0.00,0.00,0.00
948.00,180.000,180.000,170.000,175.000,189.997,194.142,174.024,111.611,187.723,197.359,172.456,125.289,176.215,194.000,166.838,349.953,0.0000,0.0000,0.0104,0.9500,0.00,0.00,0.00,0.00
949.00,180.000,180.000,170.000,175.000,189.982,194.163,174.013,111.702,187.643,197.341,172.402,125.356,176.161,193.974,166.821,350.009,0.0000,0.0000,0.0104,0.9500,0.00,0.00,0.00,0.00
950.00,180.000,180.000,170.000,175.000,189.966,194.185,174.003,111.793,187.562,197.324,172.347,125.422,176.108,193.949,166.801,350.064,0.0000,0.0000,0.0103,0.9500,0.00,0.00,0.00,0.00
951.00,180.000,180.000,170.000,175.000,189.950,194.205,173.992,111.884,187.482,197.307,172.293,125.488,176.054,193.924,166.779,350.120,0.0000,0.0000,0.0102,0.9500,0.00,0.00,0.00,0.00
952.00,180.000,180.000,170.000,175.000,189.933,194.226,173.980,111.974,187.403,197.289,172.238,125.553,176.001,193.898,166.755,350.175,0.0000,0.0000,0.0102,0.9500,0.00,0.00,0.00,0.00
953.00,180.000,180.000,170.000,175.000,189.916,194.246,173.969,112.064,187.323,197.271,172.184,125.619,175.948,193.873,166.730,350.230,0.0000,0.0000,0.0101,0.9500,0.00,0.00,0.00,0.00
954.00,180.000,180.000,170.000,175.000,189.899,194.266,173.957,112.155,187.244,197.254,172.130,125.685,175.895,193.847,166.702,350.285,0.0000,0.0000,0.0100,0.9500,0.00,0.00,0.00,0.00
955.00,180.000,180.000,170.000,175.000,189.881,194.286,173.944,112.245,187.165,197.236,172.077,125.750,175.843,193.822,166.674,350.340,0.0000,0.0000,0.0120,0.9500,0.00,0.00,0.00,0.00
956.00,180.000,180.000,170.000,175.000,189.863,194.306,173.932,112.335,187.086,197.218,172.023,125.815,175.790,193.796,166.643,350.395,0.0000,0.0000,0.0119,0.9500,0.00,0.00,0.00,0.00
957.00,180.000,180.000,170.000,175.000,189.844,194.325,173.919,112.424,187.007,197.201,171.969,125.880,175.738,193.770,166.612,350.450,0.0000,0.0000,0.0118,0.9500,0.00,0.00,0.00,0.00
958.00,180.000,180.000,170.000,175.000,189.825,194.344,173.906,112.514,186.929,197.183,171.916,125.945,175.686,193.745,166.580,350.504,0.0000,0.0000,0.0118,0.9500,0.00,0.00,0.00,0.00
959.00,180.000,180.000,170.000,175.000,189.806,194.363,173.893,112.603,186.851,197.165,171.862,126.010,175.634,193.719,166.546,350.559,0.0000,0.0000,0.0117,0.9500,0.00,0.00,0.00,0.00
960.00,180.000,180.000,170.000,175.000,189.786,194.382,173.879,112.692,186.773,197.147,171.809,126.075,175.582,193.693,166.512,350.613,0.0000,0.0000,0.0116,0.9500,0.00,0.00,0.00,0.00
961.00,180.000,180.000,170.000,175.000,189.766,194.400,173.865,112.781,186.695,197.129,171.756,126.139,175.530,193.667,166.477,350.667,0.0000,0.0000,0.0116,0.9500,0.00,0.00,0.00,0.00
962.00,180.000,180.000,170.000,175.000,189.746,194.418,173.851,112.870,186.617,197.111,171.703,126.204,175.478,193.642,166.442,350.722,0.0000,0.0000,0.0115,0.9500,0.00,0.00,0.00,0.00
963.00,180.000,180.000,170.000,175.000,189.725,194.436,173.837,112.959,186.540,197.092,171.650,126.268,175.427,193.616,166.437,350.776,0.0000,0.0000,0.0134,0.9500,0.00,0.00,0.00,0.00
964.00,180.000,180.000,170.000,175.000,189.703,194.454,173.822,113.047,186.463,197.074,171.597,126.332,175.375,193.590,166.430,350.830,0.0000,0.0000,0.0134,0.9500,0.00,0.00,0.00,0.00
965.00,180.000,180.000,170.000,175.000,189.682,194.471,173.807,113.136,186.386,197.056,171.545,126.396,175.324,193.564,166.418,350.883,0.0000,0.0000,0.0133,0.9500,0.00,0.00,0.00,0.00
966.00,180.000,180.000,170.000,175.000,189.660,194.488,173.792,113.224,186.309,197.037,171.492,126.460,175.273,193.538,166.404,350.937,0.0000,0.0000,0.0132,0.9500,0.00,0.00,0.00,0.00
967.00,180.000,180.000,170.000,175.000,189.637,194.505,173.777,113.312,186.233,197.019,171.440,126.524,175.222,193.511,166.388,350.991,0.0000,0.0000,0.0132,0.9500,0.00,0.00,0.00,0.00
968.00,180.000,180.000,170.000,175.000,189.615,194.522,173.761,113.400,186.157,197.001,171.388,126.587,175.171,193.485,166.369,351.044,0.0000,0.0000,0.0131,0.9500,0.00,0.00,0.00,0.00
969.00,180.000,180.000,170.000,175.000,189.592,194.538,173.745,113.488,186.081,196.982,171.336,126.651,175.121,193.459,166.364,351.098,0.0000,0.0000,0.0150,0.9500,0.00,0.00,0.00,0.00
970.00,180.000,180.000,170.000,175.000,189.568,194.554,173.729,113.575,186.005,196.963,171.284,126.714,175.070,193.433,166.371,351.151,0.0000,0.0000,0.0150,0.9500,0.00,0.00,0.00,0.00
971.00,180.000,180.000,170.000,175.000,189.544,194.570,173.713,113.663,185.929,196.945,171.232,126.777,175.020,193.407,166.374,351.204,0.0000,0.0000,0.0149,0.9500,0.00,0.00,0.00,0.00
972.00,180.000,180.000,170.000,175.000,189.520,194.586,173.696,113.750,185.854,196.926,171.181,126.840,174.970,193.380,166.373,351.257,0.0000,0.0000,0.0149,0.9500,0.00,0.00,0.00,0.00
973.00,180.000,180.000,170.000,175.000,189.496,194.602,173.680,113.837,185.779,196.907,171.129,126.903,174.920,193.354,166.367,351.310,0.0000,0.0000,0.0148,0.9500,0.00,0.00,0.00,0.00
974.00,180.000,180.000,170.000,175.000,189.471,194.617,173.663,113.924,185.704,196.889,171.078,126.966,174.870,193.328,166.359,351.363,0.0000,0.0000,0.0147,0.9500,0.00,0.00,0.00,0.00
975.00,180.000,180.000,170.000,175.000,189.446,194.632,173.645,114.011,185.629,196.870,171.027,127.029,174.820,193.301,166.364,351.416,0.0000,0.0000,0.0167,0.9500,0.00,0.00,0.00,0.00
976.00,180.000,180.000,170.000,175.000,189.420,194.647,173.628,114.097,185.554,196.851,170.976,127.091,174.771,193.275,166.379,351.468,0.0000,0.0000,0.0166,0.9500,0.00,0.00,0.00,0.00
977.00,180.000,180.000,170.000,175.000,189.394,194.661,173.610,114.184,185.480,196.832,170.926,127.154,174.721,193.248,166.390,351.521,0.0000,0.0000,0.0165,0.9500,0.00,0.00,0.00,0.00
978.00,180.000,180.000,170.000,175.000,189.368,194.676,173.592,114.270,185.406,196.813,170.875,127.216,174.672,193.222,166.396,351.573,0.0000,0.0000,0.0165,0.9500,0.00,0.00,0.00,0.00
979.00,180.000,180.000,170.000,175.000,189.342,194.690,173.574,114.356,185.332,196.793,170.825,127.278,174.623,193.195,166.397,351.626,0.0000,0.0000,0.0164,0.9500,0.00,0.00,0.00,0.00
980.00,180.000,180.000,170.000,175.000,189.315,194.704,173.556,114.442,185.258,196.774,170.775,127.340,174.574,193.168,166.395,351.678,0.0000,0.0000,0.0164,0.9500,0.00,0.00,0.00,0.00
981.00,180.000,180.000,170.000,175.000,189.288,194.718,173.537,114.528,185.185,196.755,170.725,127.402,174.525,193.142,166.405,351.730,0.0000,0.0000,0.0183,0.9500,0.00,0.00,0.00,0.00
982.00,180.000,180.000,170.000,175.000,189.261,194.731,173.518,114.614,185.111,196.736,170.675,127.464,174.476,193.115,166.426,351.782,0.0000,0.0000,0.0182,0.9500,0.00,0.00,0.00,0.00
983.00,180.000,180.000,170.000,175.000,189.233,194.744,173.499,114.699,185.038,196.716,170.626,127.526,174.427,193.088,166.442,351.834,0.0000,0.0000,0.0182,0.9500,0.00,0.00,0.00,0.00
984.00,180.000,180.000,170.000,175.000,189.205,194.757,173.480,114.784,184.966,196.697,170.577,127.587,174.379,193.062,166.452,351.886,0.0000,0.0000,0.0181,0.9500,0.00,0.00,0.00,0.00
985.00,180.000,180.000,170.000,175.000,189.177,194.770,173.461,114.870,184.893,196.677,170.527,127.649,174.330,193.035,166.458,351.938,0.0000,0.0000,0.0181,0.9500,0.00,0.00,0.00,0.00
986.00,180.000,180.000,170.000,175.000,189.148,194.783,173.441,114.955,184.820,196.658,170.478,127.710,174.282,193.008,166.475,351.989,0.0000,0.0000,0.0200,0.9500,0.00,0.00,0.00,0.00
987.00,180.000,180.000,170.000,175.000,189.119,194.795,173.422,115.039,184.748,196.638,170.430,127.771,174.234,192.981,166.487,352.041,0.0000,0.0000,0.0199,0.9500,0.00,0.00,0.00,0.00
988.00,180.000,180.000,170.000,175.000,189.090,194.808,173.402,115.124,184.676,196.619,170.381,127.832,174.186,192.954,166.478,352.092,0.0000,0.0000,0.0199,0.9500,0.00,0.00,0.00,0.00
989.00,180.000,180.000,170.000,175.000,189.061,194.820,173.381,115.209,184.604,196.599,170.333,127.893,174.138,192.927,166.466,352.143,0.0000,0.0000,0.0198,0.9500,0.00,0.00,0.00,0.00
990.00,180.000,180.000,170.000,175.000,189.031,194.831,173.361,115.293,184.533,196.579,170.284,127.954,174.091,192.900,166.452,352.195,0.0000,0.0000,0.0198,0.9500,0.00,0.00,0.00,0.00
991.00,180.000,180.000,170.000,175.000,189.001,194.843,173.341,115.377,184.461,196.559,170.236,128.015,174.043,192.873,166.452,352.246,0.0000,0.0000,0.0217,0.9500,0.00,0.00,0.00,0.00
992.00,180.000,180.000,170.000,175.000,188.971,194.854,173.320,115.461,184.390,196.539,170.188,128.075,173.996,192.846,166.464,352.297,0.0000,0.0000,0.0217,0.9500,0.00,0.00,0.00,0.00
993.00,180.000,180.000,170.000,175.000,188.940,194.865,173.299,115.545,184.319,196.520,170.140,128.136,173.948,192.819,166.471,352.348,0.0000,0.0000,0.0216,0.9500,0.00,0.00,0.00,0.00
994.00,180.000,180.000,170.000,175.000,188.909,194.876,173.278,115.629,184.248,196.500,170.093,128.196,173.901,192.792,166.474,352.398,0.0000,0.0000,0.0215,0.9500,0.00,0.00,0.00,0.00
995.00,180.000,180.000,170.000,175.000,188.878,194.887,173.257,115.713,184.177,196.479,170.045,128.256,173.854,192.765,166.473,352.449,0.0000,0.0000,0.0215,0.9500,0.00,0.00,0.00,0.00
996.00,180.000,180.000,170.000,175.000,188.847,194.898,173.235,115.796,184.107,196.459,169.998,128.316,173.807,192.738,166.485,352.500,0.0000,0.0000,0.0234,0.9500,0.00,0.00,0.00,0.00
997.00,180.000,180.000,170.000,175.000,188.815,194.908,173.214,115.879,184.037,196.439,169.951,128.376,173.761,192.710,166.507,352.550,0.0000,0.0000,0.0234,0.9500,0.00,0.00,0.00,0.00
998.00,180.000,180.000,170.000,175.000,188.783,194.918,173.192,115.962,183.967,196.419,169.904,128.436,173.714,192.683,166.524,352.601,0.0000,0.0000,0.0233,0.9500,0.00,0.00,0.00,0.00
999.00,180.000,180.000,170.000,175.000,188.751,194.928,173.170,116.045,183.897,196.399,169.857,128.496,173.668,192.656,166.536,352.651,0.0000,0.0000,0.0233,0.9500,0.00,0.00,0.00,0.00
1000.00,180.000,180.000,170.000,175.000,188.719,194.938,173.148,116.128,183.827,196.378,169.810,128.556,173.621,192.628,166.543,352.701,0.0000,0.0000,0.0252,0.9500,0.00,0.00,0.00,0.00
1001.00,180.000,180.000,170.000,175.000,188.686,194.947,173.126,116.211,183.758,196.358,169.764,128.615,173.575,192.601,166.578,352.751,0.0000,0.0000,0.0252,0.9500,0.00,0.00,0.00,0.00
1002.00,180.000,180.000,170.000,175.000,188.653,194.957,173.103,116.293,183.689,196.337,169.718,128.674,173.529,192.574,166.606,352.801,0.0000,0.0000,0.0251,0.9500,0.00,0.00,0.00,0.00
1003.00,180.000,180.000,170.000,175.000,188.620,194.966,173.081,116.376,183.620,196.317,169.672,128.734,173.483,192.546,166.628,352.851,0.0000,0.0000,0.0251,0.9500,0.00,0.00,0.00,0.00
1004.00,180.000,180.000,170.000,175.000,188.587,194.975,173.058,116.458,183.551,196.296,169.626,128.793,173.437,192.519,166.644,352.901,0.0000,0.0000,0.0250,0.9500,0.00,0.00,0.00,0.00
1005.00,180.000,180.000,170.000,175.000,188.553,194.984,173.035,116.540,183.482,196.276,169.580,128.852,173.391,192.491,166.672,352.951,0.0000,0.0000,0.0270,0.9500,0.00,0.00,0.00,0.00
1006.00,180.000,180.000,170.000,175.000,188.519,194.992,173.012,116.622,183.414,196.255,169.535,128.911,173.346,192.464,166.709,353.001,0.0000,0.0000,0.0269,0.9500,0.00,0.00,0.00,0.00
1007.00,180.000,180.000,170.000,175.000,188.485,195.001,172.989,116.704,183.345,196.234,169.490,128.970,173.300,192.436,166.740,353.050,0.0000,0.0000,0.0269,0.9500,0.00,0.00,0.00,0.00
1008.00,180.000,180.000,170.000,175.000,188.451,195.009,172.966,116.785,183.277,196.214,169.445,129.028,173.255,192.409,166.764,353.100,0.0000,0.0000,0.0268,0.9500,0.00,0.00,0.00,0.00
1009.00,180.000,180.000,170.000,175.000,188.417,195.017,172.942,116.867,183.209,196.193,169.400,129.087,173.210,192.381,166.798,353.149,0.0000,0.0000,0.0288,0.9500,0.00,0.00,0.00,0.00
1010.00,180.000,180.000,170.000,175.000,188.382,195.024,172.918,116.948,183.142,196.172,169.356,129.145,173.165,192.354,166.842,353.198,0.0000,0.0000,0.0287,0.9500,0.00,0.00,0.00,0.00
1011.00,180.000,180.000,170.000,175.000,188.347,195.032,172.895,117.029,183.074,196.151,169.312,129.204,173.120,192.326,166.878,353.248,0.0000,0.0000,0.0287,0.9500,0.00,0.00,0.00,0.00
1012.00,180.000,180.000,170.000,175.000,188.312,195.039,172.871,117.110,183.007,196.130,169.267,129.262,173.075,192.298,166.907,353.297,0.0000,0.0000,0.0286,0.9500,0.00,0.00,0.00,0.00
1013.00,180.000,180.000,170.000,175.000,188.277,195.047,172.847,117.191,182.940,196.109,169.224,129.320,173.030,192.271,166.930,353.346,0.0000,0.0000,0.0306,0.9500,0.00,0.00,0.00,0.00
1014.00,180.000,180.000,170.000,175.000,188.241,195.054,172.823,117.272,182.873,196.088,169.180,129.378,172.986,192.243,166.980,353.395,0.0000,0.0000,0.0305,0.9500,0.00,0.00,0.00,0.00
1015.00,180.000,180.000,170.000,175.000,188.205,195.060,172.798,117.352,182.806,196.066,169.137,129.436,172.941,192.215,167.021,353.443,0.0000,0.0000,0.0305,0.9500,0.00,0.00,0.00,0.00
1016.00,180.000,180.000,170.000,175.000,188.169,195.067,172.774,117.433,182.740,196.045,169.093,129.494,172.897,192.187,167.056,353.492,0.0000,0.0000,0.0304,0.9500,0.00,0.00,0.00,0.00
1017.00,180.000,180.000,170.000,175.000,188.133,195.074,172.749,117.513,182.673,196.024,169.050,129.551,172.852,192.159,167.084,353.541,0.0000,0.0000,0.0324,0.9500,0.00,0.00,0.00,0.00
1018.00,180.000,180.000,170.000,175.000,188.097,195.080,172.725,117.593,182.607,196.003,169.008,129.609,172.808,192.132,167.138,353.589,0.0000,0.0000,0.0323,0.9500,0.00,0.00,0.00,0.00
1019.00,180.000,180.000,170.000,175.000,188.060,195.086,172.700,117.673,182.541,195.981,168.965,129.667,172.764,192.104,167.183,353.638,0.0000,0.0000,0.0323,0.9500,0.00,0.00,0.00,0.00
1020.00,180.000,180.000,170.000,175.000,188.023,195.092,172.675,117.753,182.475,195.960,168.923,129.724,172.721,192.076,167.221,353.686,0.0000,0.0000,0.0322,0.9500,0.00,0.00,0.00,0.00
1021.00,180.000,180.000,170.000,175.000,187.986,195.098,172.650,117.832,182.410,195.938,168.881,129.781,172.677,192.048,167.252,353.735,0.0000,0.0000,0.0322,0.9500,0.00,0.00,0.00,0.00
1022.00,180.000,180.000,170.000,175.000,187.949,195.103,172.625,117.912,182.344,195.917,168.839,129.838,172.633,192.020,167.309,353.783,0.0000,0.0000,0.0341,0.9500,0.00,0.00,0.00,0.00
1023.00,180.000,180.000,170.000,175.000,187.912,195.109,172.600,117.991,182.279,195.895,168.797,129.895,172.590,191.992,167.358,353.831,0.0000,0.0000,0.0341,0.9500,0.00,0.00,0.00,0.00
1024.00,180.000,180.000,170.000,175.000,187.874,195.114,172.574,118.070,182.214,195.873,168.756,129.952,172.546,191.964,167.398,353.879,0.0000,0.0000,0.0340,0.9500,0.00,0.00,0.00,0.00
1025.00,180.000,180.000,170.000,175.000,187.837,195.119,172.549,118.149,182.149,195.852,168.715,130.009,172.503,191.936,167.432,353.927,0.0000,0.0000,0.0360,0.9500,0.00,0.00,0.00,0.00
1026.00,180.000,180.000,170.000,175.000,187.799,195.124,172.524,118.228,182.084,195.830,168.674,130.066,172.460,191.908,167.475,353.975,0.0000,0.0000,0.0360,0.9500,0.00,0.00,0.00,0.00
1027.00,180.000,180.000,170.000,175.000,187.761,195.128,172.498,118.307,182.020,195.808,168.633,130.122,172.417,191.880,167.495,354.022,0.0000,0.0000,0.0359,0.9500,0.00,0.00,0.00,0.00
1028.00,180.000,180.000,170.000,175.000,187.722,195.133,172.472,118.386,181.956,195.786,168.592,130.179,172.374,191.852,167.510,354.070,0.0000,0.0000,0.0359,0.9500,0.00,0.00,0.00,0.00
1029.00,180.000,180.000,170.000,175.000,187.684,195.137,172.446,118.464,181.891,195.764,168.552,130.235,172.331,191.824,167.521,354.118,0.0000,0.0000,0.0378,0.9500,0.00,0.00,0.00,0.00
1030.00,180.000,180.000,170.000,175.000,187.645,195.141,172.420,118.542,181.828,195.742,168.511,130.292,172.289,191.796,167.560,354.165,0.0000,0.0000,0.0378,0.9500,0.00,0.00,0.00,0.00
1031.00,180.000,180.000,170.000,175.000,187.607,195.145,172.394,118.621,181.764,195.720,168.471,130.348,172.246,191.767,167.591,354.213,0.0000,0.0000,0.0378,0.9500,0.00,0.00,0.00,0.00
1032.00,180.000,180.000,170.000,175.000,187.568,195.149,172.368,118.699,181.700,195.698,168.432,130.404,172.204,191.739,167.617,354.260,0.0000,0.0000,0.0377,0.9500,0.00,0.00,0.00,0.00
1033.00,180.000,180.000,170.000,175.000,187.529,195.153,172.342,118.776,181.637,195.676,168.392,130.460,172.161,191.711,167.654,354.307,0.0000,0.0000,0.0397,0.9500,0.00,0.00,0.00,0.00
1034.00,180.000,180.000,170.000,175.000,187.489,195.156,172.316,118.854,181.573,195.654,168.352,130.516,172.119,191.683,167.700,354.354,0.0000,0.0000,0.0396,0.9500,0.00,0.00,0.00,0.00
1035.00,180.000,180.000,170.000,175.000,187.450,195.159,172.289,118.932,181.510,195.631,168.313,130.571,172.077,191.655,167.738,354.401,0.0000,0.0000,0.0396,0.9500,0.00,0.00,0.00,0.00
1036.00,180.000,180.000,170.000,175.000,187.410,195.162,172.263,119.009,181.447,195.609,168.274,130.627,172.035,191.626,167.770,354.448,0.0000,0.0000,0.0396,0.9500,0.00,0.00,0.00,0.00
1037.00,180.000,180.000,170.000,175.000,187.371,195.165,172.236,119.087,181.385,195.587,168.235,130.683,171.993,191.598,167.812,354.495,0.0000,0.0000,0.0415,0.9500,0.00,0.00,0.00,0.00
1038.00,180.000,180.000,170.000,175.000,187.331,195.168,172.210,119.164,181.322,195.564,168.197,130.738,171.951,191.570,167.863,354.542,0.0000,0.0000,0.0415,0.9500,0.00,0.00,0.00,0.00
1039.00,180.000,180.000,170.000,175.000,187.291,195.171,172.183,119.241,181.260,195.542,168.158,130.793,171.910,191.541,167.906,354.589,0.0000,0.0000,0.0414,0.9500,0.00,0.00,0.00,0.00
1040.00,180.000,180.000,170.000,175.000,187.250,195.173,172.156,119.318,181.198,195.520,168.120,130.849,171.868,191.513,167.942,354.635,0.0000,0.0000,0.0414,0.9500,0.00,0.00,0.00,0.00
1041.00,180.000,180.000,170.000,175.000,187.210,195.175,172.129,119.394,181.136,195.497,168.082,130.904,171.827,191.485,168.004,354.682,0.0000,0.0000,0.0434,0.9500,0.00,0.00,0.00,0.00
1042.00,180.000,180.000,170.000,175.000,187.170,195.177,172.102,119.471,181.074,195.474,168.045,130.959,171.786,191.456,168.057,354.728,0.0000,0.0000,0.0433,0.9500,0.00,0.00,0.00,0.00
1043.00,180.000,180.000,170.000,175.000,187.129,195.179,172.075,119.547,181.012,195.452,168.007,131.014,171.744,191.428,168.102,354.775,0.0000,0.0000,0.0433,0.9500,0.00,0.00,0.00,0.00
1044.00,180.000,180.000,170.000,175.000,187.088,195.181,172.048,119.623,180.951,195.429,167.970,131.069,171.703,191.399,168.140,354.821,0.0000,0.0000,0.0453,0.9500,0.00,0.00,0.00,0.00
1045.00,180.000,180.000,170.000,175.000,187.047,195.183,172.021,119.700,180.889,195.406,167.933,131.123,171.662,191.371,168.203,354.867,0.0000,0.0000,0.0452,0.9500,0.00,0.00,0.00,0.00
1046.00,180.000,180.000,170.000,175.000,187.006,195.184,171.994,119.776,180.828,195.384,167.896,131.178,171.621,191.343,168.258,354.913,0.0000,0.0000,0.0452,0.9500,0.00,0.00,0.00,0.00
1047.00,180.000,180.000,170.000,175.000,186.965,195.185,171.966,119.851,180.767,195.361,167.859,131.233,171.581,191.314,168.305,354.960,0.0000,0.0000,0.0452,0.9500,0.00,0.00,0.00,0.00
1048.00,180.000,180.000,170.000,175.000,186.924,195.187,171.939,119.927,180.706,195.338,167.823,131.287,171.540,191.286,168.361,355.006,0.0000,0.0000,0.0471,0.9500,0.00,0.00,0.00,0.00
1049.00,180.000,180.000,170.000,175.000,186.883,195.188,171.912,120.003,180.646,195.315,167.787,131.342,171.500,191.257,168.424,355.051,0.0000,0.0000,0.0471,0.9500,0.00,0.00,0.00,0.00
1050.00,180.000,180.000,170.000,175.000,186.841,195.188,171.884,120.078,180.585,195.292,167.751,131.396,171.459,191.229,168.479,355.097,0.0000,0.0000,0.0471,0.9500,0.00,0.00,0.00,0.00
1051.00,180.000,180.000,170.000,175.000,186.799,195.189,171.857,120.153,180.525,195.269,167.715,131.450,171.419,191.200,168.525,355.143,0.0000,0.0000,0.0470,0.9500,0.00,0.00,0.00,0.00
1052.00,180.000,180.000,170.000,175.000,186.758,195.190,171.829,120.229,180.465,195.246,167.680,131.504,171.379,191.171,168.597,355.189,0.0000,0.0000,0.0490,0.9500,0.00,0.00,0.00,0.00
1053.00,180.000,180.000,170.000,175.000,186.716,195.190,171.801,120.304,180.405,195.223,167.645,131.558,171.339,191.143,168.659,355.234,0.0000,0.0000,0.0490,0.9500,0.00,0.00,0.00,0.00
1054.00,180.000,180.000,170.000,175.000,186.674,195.190,171.774,120.379,180.345,195.200,167.610,131.612,171.299,191.114,168.712,355.280,0.0000,0.0000,0.0489,0.9500,0.00,0.00,0.00,0.00
1055.00,180.000,180.000,170.000,175.000,186.632,195.190,171.746,120.453,180.286,195.176,167.575,131.666,171.259,191.086,168.758,355.325,0.0000,0.0000,0.0509,0.9500,0.00,0.00,0.00,0.00
1056.00,180.000,180.000,170.000,175.000,186.589,195.190,171.718,120.528,180.226,195.153,167.540,131.719,171.219,191.057,168.829,355.370,0.0000,0.0000,0.0509,0.9500,0.00,0.00,0.00,0.00
1057.00,180.000,180.000,170.000,175.000,186.547,195.190,171.690,120.602,180.167,195.130,167.506,131.773,171.179,191.028,168.890,355.416,0.0000,0.0000,0.0509,0.9500,0.00,0.00,0.00,0.00
1058.00,180.000,180.000,170.000,175.000,186.504,195.189,171.663,120.677,180.108,195.106,167.472,131.826,171.140,191.000,168.943,355.461,0.0000,0.0000,0.0508,0.9500,0.00,0.00,0.00,0.00
1059.00,180.000,180.000,170.000,175.000,186.462,195.189,171.635,120.751,180.049,195.083,167.438,131.880,171.100,190.971,169.005,355.506,0.0000,0.0000,0.0528,0.9500,0.00,0.00,0.00,0.00
1060.00,180.000,180.000,170.000,175.000,186.419,195.188,171.607,120.825,179.990,195.060,167.405,131.933,171.061,190.942,169.074,355.551,0.0000,0.0000,0.0528,0.9500,0.00,0.00,0.00,0.00
1061.00,180.000,180.000,170.000,175.000,186.376,195.187,171.579,120.899,179.931,195.036,167.371,131.986,171.022,190.914,169.134,355.596,0.0000,0.0000,0.0527,0.9500,0.00,0.00,0.00,0.00
1062.00,180.000,180.000,170.000,175.000,186.333,195.186,171.551,120.972,179.873,195.013,167.338,132.039,170.983,190.885,169.185,355.641,0.0000,0.0000,0.0527,0.9500,0.00,0.00,0.00,0.00
1063.00,180.000,180.000,170.000,175.000,186.290,195.185,171.523,121.046,179.815,194.989,167.305,132.092,170.944,190.856,169.261,355.686,0.0000,0.0000,0.0547,0.9500,0.00,0.00,0.00,0.00
1064.00,180.000,180.000,170.000,175.000,186.247,195.183,171.495,121.120,179.756,194.965,167.273,132.145,170.905,190.827,169.328,355.730,0.0000,0.0000,0.0547,0.9500,0.00,0.00,0.00,0.00
1065.00,180.000,180.000,170.000,175.000,186.204,195.182,171.467,121.193,179.698,194.942,167.240,132.198,170.866,190.799,169.385,355.775,0.0000,0.0000,0.0546,0.9500,0.00,0.00,0.00,0.00
1066.00,180.000,180.000,170.000,175.000,186.161,195.180,171.438,121.266,179.641,194.918,167.208,132.251,170.827,190.770,169.452,355.820,0.0000,0.0000,0.0566,0.9500,0.00,0.00,0.00,0.00
1067.00,180.000,180.000,170.000,175.000,186.117,195.179,171.410,121.339,179.583,194.894,167.176,132.303,170.789,190.741,169.524,355.864,0.0000,0.0000,0.0566,0.9500,0.00,0.00,0.00,0.00
1068.00,180.000,180.000,170.000,175.000,186.074,195.177,171.382,121.412,179.525,194.870,167.145,132.356,170.750,190.712,169.588,355.908,0.0000,0.0000,0.0566,0.9500,0.00,0.00,0.00,0.00
1069.00,180.000,180.000,170.000,175.000,186.030,195.175,171.354,121.485,179.468,194.847,167.113,132.408,170.712,190.684,169.643,355.953,0.0000,0.0000,0.0565,0.9500,0.00,0.00,0.00,0.00
1070.00,180.000,180.000,170.000,175.000,185.986,195.172,171.326,121.558,179.411,194.823,167.082,132.461,170.674,190.655,169.723,355.997,0.0000,0.0000,0.0585,0.9500,0.00,0.00,0.00,0.00
1071.00,180.000,180.000,170.000,175.000,185.943,195.170,171.297,121.630,179.354,194.799,167.051,132.513,170.635,190.626,169.792,356.041,0.0000,0.0000,0.0585,0.9500,0.00,0.00,0.00,0.00
1072.00,180.000,180.000,170.000,175.000,185.899,195.167,171.269,121.703,179.297,194.775,167.020,132.565,170.597,190.597,169.853,356.085,0.0000,0.0000,0.0585,0.9500,0.00,0.00,0.00,0.00
1073.00,180.000,180.000,170.000,175.000,185.855,195.165,171.241,121.775,179.240,194.751,166.990,132.617,170.559,190.568,169.922,356.129,0.0000,0.0000,0.0605,0.9500,0.00,0.00,0.00,0.00
1074.00,180.000,180.000,170.000,175.000,185.811,195.162,171.213,121.847,179.184,194.727,166.959,132.669,170.521,190.539,169.997,356.173,0.0000,0.0000,0.0604,0.9500,0.00,0.00,0.00,0.00
1075.00,180.000,180.000,170.000,175.000,185.767,195.159,171.184,121.919,179.127,194.703,166.929,132.721,170.484,190.510,170.064,356.217,0.0000,0.0000,0.0604,0.9500,0.00,0.00,0.00,0.00
1076.00,180.000,180.000,170.000,175.000,185.722,195.156,171.156,121.991,179.071,194.679,166.900,132.773,170.446,190.482,170.121,356.261,0.0000,0.0000,0.0604,0.9500,0.00,0.00,0.00,0.00
1077.00,180.000,180.000,170.000,175.000,185.678,195.153,171.128,122.063,179.015,194.654,166.870,132.825,170.408,190.453,170.203,356.305,0.0000,0.0000,0.0624,0.9500,0.00,0.00,0.00,0.00
1078.00,180.000,180.000,170.000,175.000,185.634,195.149,171.099,122.134,178.959,194.630,166.841,132.876,170.371,190.424,170.275,356.348,0.0000,0.0000,0.0624,0.9500,0.00,0.00,0.00,0.00
1079.00,180.000,180.000,170.000,175.000,185.589,195.146,171.071,122.206,178.904,194.606,166.812,132.928,170.334,190.395,170.338,356.392,0.0000,0.0000,0.0623,0.9500,0.00,0.00,0.00,0.00
1080.00,180.000,180.000,170.000,175.000,185.545,195.142,171.043,122.277,178.848,194.582,166.783,132.980,170.296,190.366,170.409,356.435,0.0000,0.0000,0.0643,0.9500,0.00,0.00,0.00,0.00
1081.00,180.000,180.000,170.000,175.000,185.500,195.139,171.014,122.348,178.792,194.557,166.754,133.031,170.259,190.337,170.486,356.479,0.0000,0.0000,0.0643,0.9500,0.00,0.00,0.00,0.00
1082.00,180.000,180.000,170.000,175.000,185.456,195.135,170.986,122.419,178.737,194.533,166.726,133.082,170.222,190.308,170.555,356.522,0.0000,0.0000,0.0643,0.9500,0.00,0.00,0.00,0.00
1083.00,180.000,180.000,170.000,175.000,185.411,195.131,170.957,122.490,178.682,194.508,166.698,133.133,170.185,190.279,170.614,356.566,0.0000,0.0000,0.0643,0.9500,0.00,0.00,0.00,0.00
1084.00,180.000,180.000,170.000,175.000,185.366,195.126,170.929,122.561,178.627,194.484,166.670,133.184,170.148,190.250,170.682,356.609,0.0000,0.0000,0.0663,0.9500,0.00,0.00,0.00,0.00
1085.00,180.000,180.000,170.000,175.000,185.321,195.122,170.901,122.632,178.572,194.460,166.642,133.235,170.111,190.221,170.757,356.652,0.0000,0.0000,0.0662,0.9500,0.00,0.00,0.00,0.00
1086.00,180.000,180.000,170.000,175.000,185.276,195.118,170.872,122.702,178.517,194.435,166.615,133.286,170.075,190.192,170.823,356.695,0.0000,0.0000,0.0662,0.9500,0.00,0.00,0.00,0.00
1087.00,180.000,180.000,170.000,175.000,185.231,195.113,170.844,122.773,178.463,194.410,166.588,133.337,170.038,190.163,170.881,356.738,0.0000,0.0000,0.0682,0.9500,0.00,0.00,0.00,0.00
1088.00,180.000,180.000,170.000,175.000,185.186,195.108,170.816,122.843,178.409,194.386,166.561,133.388,170.002,190.134,170.963,356.781,0.0000,0.0000,0.0682,0.9500,0.00,0.00,0.00,0.00
1089.00,180.000,180.000,170.000,175.000,185.141,195.104,170.787,122.913,178.354,194.361,166.534,133.439,169.965,190.105,171.035,356.824,0.0000,0.0000,0.0682,0.9500,0.00,0.00,0.00,0.00
1090.00,180.000,180.000,170.000,175.000,185.096,195.099,170.759,122.983,178.300,194.336,166.507,133.489,169.929,190.076,171.098,356.867,0.0000,0.0000,0.0682,0.9500,0.00,0.00,0.00,0.00
1091.00,180.000,180.000,170.000,175.000,185.051,195.093,170.731,123.053,178.246,194.312,166.481,133.540,169.893,190.047,171.170,356.909,0.0000,0.0000,0.0702,0.9500,0.00,0.00,0.00,0.00
1092.00,180.000,180.000,170.000,175.000,185.005,195.088,170.703,123.123,178.192,194.287,166.455,133.590,169.857,190.018,171.248,356.952,0.0000,0.0000,0.0701,0.9500,0.00,0.00,0.00,0.00
1093.00,180.000,180.000,170.000,175.000,184.960,195.083,170.674,123.192,178.139,194.262,166.429,133.641,169.821,189.989,171.317,356.994,0.0000,0.0000,0.0701,0.9500,0.00,0.00,0.00,0.00
1094.00,180.000,180.000,170.000,175.000,184.915,195.077,170.646,123.262,178.085,194.237,166.403,133.691,169.785,189.960,171.378,357.037,0.0000,0.0000,0.0721,0.9500,0.00,0.00,0.00,0.00
1095.00,180.000,180.000,170.000,175.000,184.869,195.072,170.618,123.331,178.032,194.212,166.378,133.741,169.749,189.931,171.462,357.079,0.0000,0.0000,0.0721,0.9500,0.00,0.00,0.00,0.00
1096.00,180.000,180.000,170.000,175.000,184.824,195.066,170.590,123.400,177.979,194.188,166.353,133.791,169.713,189.902,171.537,357.122,0.0000,0.0000,0.0721,0.9500,0.00,0.00,0.00,0.00
1097.00,180.000,180.000,170.000,175.000,184.778,195.060,170.561,123.470,177.926,194.163,166.328,133.841,169.677,189.873,171.603,357.164,0.0000,0.0000,0.0721,0.9500,0.00,0.00,0.00,0.00
1098.00,180.000,180.000,170.000,175.000,184.732,195.054,170.533,123.539,177.873,194.138,166.303,133.891,169.642,189.844,171.677,357.206,0.0000,0.0000,0.0741,0.9500,0.00,0.00,0.00,0.00
1099.00,180.000,180.000,170.000,175.000,184.687,195.048,170.505,123.607,177.820,194.113,166.279,133.941,169.606,189.815,171.758,357.248,0.0000,0.0000,0.0741,0.9500,0.00,0.00,0.00,0.00
1100.00,180.000,180.000,170.000,175.000,184.641,195.042,170.477,123.676,177.767,194.087,166.255,133.991,169.571,189.786,171.829,357.290,0.0000,0.0000,0.0741,0.9500,0.00,0.00,0.00,0.00
1101.00,180.000,180.000,170.000,175.000,184.595,195.035,170.449,123.745,177.715,194.062,166.230,134.040,169.536,189.757,171.891,357.333,0.0000,0.0000,0.0761,0.9500,0.00,0.00,0.00,0.00
1102.00,180.000,180.000,170.000,175.000,184.549,195.029,170.421,123.813,177.663,194.037,166.207,134.090,169.501,189.728,171.978,357.374,0.0000,0.0000,0.0760,0.9500,0.00,0.00,0.00,0.00
1103.00,180.000,180.000,170.000,175.000,184.504,195.022,170.393,123.882,177.610,194.012,166.183,134.139,169.466,189.699,172.055,357.416,0.0000,0.0000,0.0760,0.9500,0.00,0.00,0.00,0.00
1104.00,180.000,180.000,170.000,175.000,184.458,195.015,170.365,123.950,177.558,193.987,166.160,134.189,169.431,189.670,172.122,357.458,0.0000,0.0000,0.0760,0.9500,0.00,0.00,0.00,0.00
1105.00,180.000,180.000,170.000,175.000,184.412,195.009,170.337,124.018,177.506,193.962,166.137,134.238,169.396,189.641,172.198,357.500,0.0000,0.0000,0.0780,0.9500,0.00,0.00,0.00,0.00
1106.00,180.000,180.000,170.000,175.000,184.366,195.002,170.309,124.086,177.455,193.936,166.114,134.287,169.361,189.612,172.281,357.542,0.0000,0.0000,0.0780,0.9500,0.00,0.00,0.00,0.00
1107.00,180.000,180.000,170.000,175.000,184.320,194.994,170.281,124.154,177.403,193.911,166.091,134.336,169.326,189.583,172.354,357.583,0.0000,0.0000,0.0780,0.9500,0.00,0.00,0.00,0.00
1108.00,180.000,180.000,170.000,175.000,184.274,194.987,170.253,124.222,177.352,193.886,166.069,134.386,169.292,189.554,172.418,357.625,0.0000,0.0000,0.0780,0.9500,0.00,0.00,0.00,0.00
1109.00,180.000,180.000,170.000,175.000,184.228,194.980,170.225,124.289,177.300,193.860,166.047,134.435,169.257,189.524,172.506,357.666,0.0000,0.0000,0.0800,0.9500,0.00,0.00,0.00,0.00
1110.00,180.000,180.000,170.000,175.000,184.182,194.972,170.197,124.357,177.249,193.835,166.025,134.483,169.223,189.495,172.585,357.708,0.0000,0.0000,0.0800,0.9500,0.00,0.00,0.00,0.00
1111.00,180.000,180.000,170.000,175.000,184.135,194.965,170.170,124.424,177.198,193.810,166.003,134.532,169.188,189.466,172.654,357.749,0.0000,0.0000,0.0800,0.9500,0.00,0.00,0.00,0.00
1112.00,180.000,180.000,170.000,175.000,184.089,194.957,170.142,124.491,177.147,193.784,165.981,134.581,169.154,189.437,172.731,357.790,0.0000,0.0000,0.0820,0.9500,0.00,0.00,0.00,0.00
1113.00,180.000,180.000,170.000,175.000,184.043,194.949,170.114,124.558,177.096,193.759,165.960,134.630,169.120,189.408,172.783,357.831,0.0000,0.0000,0.0820,0.9500,0.00,0.00,0.00,0.00
1114.00,180.000,180.000,170.000,175.000,183.997,194.941,170.087,124.625,177.046,193.733,165.939,134.678,169.086,189.379,172.829,357.873,0.0000,0.0000,0.0820,0.9500,0.00,0.00,0.00,0.00
1115.00,180.000,180.000,170.000,175.000,183.951,194.933,170.059,124.692,176.995,193.708,165.918,134.727,169.052,189.350,172.868,357.914,0.0000,0.0000,0.0820,0.9500,0.00,0.00,0.00,0.00
1116.00,180.000,180.000,170.000,175.000,183.904,194.925,170.031,124.759,176.945,193.682,165.897,134.775,169.018,189.321,172.919,357.955,0.0000,0.0000,0.0840,0.9500,0.00,0.00,0.00,0.00
1117.00,180.000,180.000,170.000,175.000,183.858,194.917,170.004,124.826,176.895,193.656,165.876,134.824,168.984,189.292,172.979,357.996,0.0000,0.0000,0.0840,0.9500,0.00,0.00,0.00,0.00
1118.00,180.000,180.000,170.000,175.000,183.812,194.908,169.976,124.892,176.844,193.631,165.856,134.872,168.950,189.263,173.031,358.036,0.0000,0.0000,0.0840,0.9500,0.00,0.00,0.00,0.00
1119.00,180.000,180.000,170.000,175.000,183.765,194.900,169.949,124.959,176.795,193.605,165.836,134.920,168.917,189.234,173.077,358.077,0.0000,0.0000,0.0860,0.9500,0.00,0.00,0.00,0.00
1120.00,180.000,180.000,170.000,175.000,183.719,194.891,169.922,125.025,176.745,193.579,165.815,134.968,168.883,189.204,173.149,358.118,0.0000,0.0000,0.0860,0.9500,0.00,0.00,0.00,0.00
1121.00,180.000,180.000,170.000,175.000,183.672,194.882,169.894,125.091,176.695,193.554,165.795,135.016,168.850,189.175,173.213,358.159,0.0000,0.0000,0.0860,0.9500,0.00,0.00,0.00,0.00
1122.00,180.000,180.000,170.000,175.000,183.626,194.874,169.867,125.157,176.645,193.528,165.776,135.064,168.816,189.146,173.269,358.199,0.0000,0.0000,0.0860,0.9500,0.00,0.00,0.00,0.00
1123.00,180.000,180.000,170.000,175.000,183.579,194.865,169.840,125.223,176.596,193.502,165.756,135.112,168.783,189.117,173.351,358.240,0.0000,0.0000,0.0880,0.9500,0.00,0.00,0.00,0.00
1124.00,180.000,180.000,170.000,175.000,183.533,194.855,169.813,125.289,176.547,193.476,165.737,135.160,168.750,189.088,173.455,358.280,0.0000,0.0000,0.0880,0.9500,0.00,0.00,0.00,0.00
1125.00,180.000,180.000,170.000,175.000,183.486,194.846,169.786,125.354,176.498,193.450,165.718,135.208,168.717,189.059,173.548,358.321,0.0000,0.0000,0.0880,0.9500,0.00,0.00,0.00,0.00
1126.00,180.000,180.000,170.000,175.000,183.440,194.837,169.759,125.420,176.449,193.424,165.699,135.255,168.684,189.030,173.630,358.361,0.0000,0.0000,0.0880,0.9500,0.00,0.00,0.00,0.00
1127.00,180.000,180.000,170.000,175.000,183.393,194.827,169.732,125.485,176.400,193.398,165.681,135.303,168.651,189.001,173.720,358.401,0.0000,0.0000,0.0900,0.9500,0.00,0.00,0.00,0.00
1128.00,180.000,180.000,170.000,175.000,183.347,194.818,169.705,125.551,176.351,193.372,165.662,135.351,168.618,188.972,173.815,358.442,0.0000,0.0000,0.0900,0.9500,0.00,0.00,0.00,0.00
1129.00,180.000,180.000,170.000,175.000,183.300,194.808,169.678,125.616,176.302,193.347,165.644,135.398,168.585,188.943,173.900,358.482,0.0000,0.0000,0.0900,0.9500,0.00,0.00,0.00,0.00
1130.00,180.000,180.000,170.000,175.000,183.254,194.799,169.651,125.681,176.254,193.321,165.626,135.445,168.553,188.914,173.975,358.522,0.0000,0.0000,0.0900,0.9500,0.00,0.00,0.00,0.00
1131.00,180.000,180.000,170.000,175.000,183.207,194.789,169.624,125.746,176.206,193.294,165.609,135.493,168.520,188.885,174.074,358.562,0.0000,0.0000,0.0920,0.9500,0.00,0.00,0.00,0.00
1132.00,180.000,180.000,170.000,175.000,183.161,194.779,169.597,125.811,176.157,193.268,165.591,135.540,168.487,188.855,174.162,358.602,0.0000,0.0000,0.0920,0.9500,0.00,0.00,0.00,0.00
1133.00,180.000,180.000,170.000,175.000,183.114,194.769,169.571,125.876,176.109,193.242,165.574,135.587,168.455,188.826,174.240,358.642,0.0000,0.0000,0.0921,0.9500,0.00,0.00,0.00,0.00
1134.00,180.000,180.000,170.000,175.000,183.067,194.758,169.544,125.940,176.061,193.216,165.557,135.634,168.423,188.797,174.310,358.682,0.0000,0.0000,0.0941,0.9500,0.00,0.00,0.00,0.00
1135.00,180.000,180.000,170.000,175.000,183.021,194.748,169.518,126.005,176.013,193.190,165.541,135.681,168.390,188.768,174.404,358.721,0.0000,0.0000,0.0941,0.9500,0.00,0.00,0.00,0.00
1136.00,180.000,180.000,170.000,175.000,182.974,194.738,169.491,126.069,175.966,193.164,165.524,135.728,168.358,188.739,174.487,358.761,0.0000,0.0000,0.0941,0.9500,0.00,0.00,0.00,0.00
1137.00,180.000,180.000,170.000,175.000,182.927,194.727,169.465,126.133,175.918,193.138,165.508,135.775,168.326,188.710,174.561,358.801,0.0000,0.0000,0.0941,0.9500,0.00,0.00,0.00,0.00
1138.00,180.000,180.000,170.000,175.000,182.881,194.717,169.439,126.197,175.871,193.112,165.492,135.821,168.294,188.681,174.644,358.840,0.0000,0.0000,0.0961,0.9500,0.00,0.00,0.00,0.00
1139.00,180.000,180.000,170.000,175.000,182.834,194.706,169.412,126.261,175.823,193.085,165.476,135.868,168.262,188.652,174.733,358.880,0.0000,0.0000,0.0961,0.9500,0.00,0.00,0.00,0.00
1140.00,180.000,180.000,170.000,175.000,182.787,194.695,169.386,126.325,175.776,193.059,165.460,135.915,168.230,188.623,174.812,358.919,0.0000,0.0000,0.0961,0.9500,0.00,0.00,0.00,0.00
1141.00,180.000,180.000,170.000,175.000,182.741,194.684,169.360,126.389,175.729,193.033,165.445,135.961,168.199,188.594,174.883,358.959,0.0000,0.0000,0.0961,0.9500,0.00,0.00,0.00,0.00
1142.00,180.000,180.000,170.000,175.000,182.694,194.673,169.334,126.453,175.682,193.006,165.430,136.008,168.167,188.565,174.962,358.998,0.0000,0.0000,0.0981,0.9500,0.00,0.00,0.00,0.00
1143.00,180.000,180.000,170.000,175.000,182.647,194.662,169.308,126.516,175.635,192.980,165.415,136.054,168.135,188.536,175.048,359.038,0.0000,0.0000,0.0981,0.9500,0.00,0.00,0.00,0.00
1144.00,180.000,180.000,170.000,175.000,182.601,194.651,169.282,126.580,175.589,192.954,165.400,136.100,168.104,188.507,175.124,359.077,0.0000,0.0000,0.0982,0.9500,0.00,0.00,0.00,0.00
1145.00,180.000,180.000,170.000,175.000,182.554,194.640,169.256,126.643,175.542,192.927,165.385,136.147,168.072,188.478,175.193,359.116,0.0000,0.0000,0.0982,0.9500,0.00,0.00,0.00,0.00
1146.00,180.000,180.000,170.000,175.000,182.507,194.628,169.231,126.706,175.496,192.901,165.371,136.193,168.041,188.449,175.285,359.155,0.0000,0.0000,0.1002,0.9500,0.00,0.00,0.00,0.00
1147.00,180.000,180.000,170.000,175.000,182.461,194.617,169.205,126.769,175.449,192.874,165.357,136.239,168.010,188.420,175.368,359.194,0.0000,0.0000,0.1002,0.9500,0.00,0.00,0.00,0.00
1148.00,180.000,180.000,170.000,175.000,182.414,194.605,169.179,126.832,175.403,192.848,165.343,136.285,167.979,188.391,175.442,359.233,0.0000,0.0000,0.1002,0.9500,0.00,0.00,0.00,0.00
1149.00,180.000,180.000,170.000,175.000,182.367,194.593,169.154,126.895,175.357,192.821,165.329,136.331,167.948,188.362,175.508,359.272,0.0000,0.0000,0.1002,0.9500,0.00,0.00,0.00,0.00
1150.00,180.000,180.000,170.000,175.000,182.321,194.581,169.128,126.958,175.311,192.795,165.316,136.377,167.917,188.333,175.598,359.311,0.0000,0.0000,0.1022,0.9500,0.00,0.00,0.00,0.00
1151.00,180.000,180.000,170.000,175.000,182.274,194.570,169.103,127.021,175.266,192.768,165.302,136.423,167.886,188.304,175.679,359.350,0.0000,0.0000,0.1023,0.9500,0.00,0.00,0.00,0.00
1152.00,180.000,180.000,170.000,175.000,182.227,194.558,169.078,127.083,175.220,192.742,165.289,136.468,167.855,188.275,175.751,359.389,0.0000,0.0000,0.1023,0.9500,0.00,0.00,0.00,0.00
1153.00,180.000,180.000,170.000,175.000,182.181,194.545,169.052,127.146,175.174,192.715,165.276,136.514,167.824,188.246,175.816,359.427,0.0000,0.0000,0.1023,0.9500,0.00,0.00,0.00,0.00
1154.00,180.000,180.000,170.000,175.000,182.134,194.533,169.027,127.208,175.129,192.689,165.263,136.560,167.793,188.217,175.905,359.466,0.0000,0.0000,0.1043,0.9500,0.00,0.00,0.00,0.00
1155.00,180.000,180.000,170.000,175.000,182.088,194.521,169.002,127.270,175.083,192.662,165.251,136.605,167.763,188.188,175.985,359.505,0.0000,0.0000,0.1043,0.9500,0.00,0.00,0.00,0.00
1156.00,180.000,180.000,170.000,175.000,182.041,194.509,168.977,127.332,175.038,192.635,165.238,136.651,167.732,188.159,176.056,359.543,0.0000,0.0000,0.1043,0.9500,0.00,0.00,0.00,0.00
1157.00,180.000,180.000,170.000,175.000,181.994,194.496,168.953,127.394,174.993,192.609,165.226,136.696,167.702,188.130,176.119,359.582,0.0000,0.0000,0.1044,0.9500,0.00,0.00,0.00,0.00
1158.00,180.000,180.000,170.000,175.000,181.948,194.483,168.928,127.456,174.948,192.582,165.214,136.741,167.671,188.101,176.208,359.620,0.0000,0.0000,0.1064,0.9500,0.00,0.00,0.00,0.00
1159.00,180.000,180.000,170.000,175.000,181.901,194.471,168.903,127.518,174.903,192.555,165.202,136.787,167.641,188.072,176.287,359.658,0.0000,0.0000,0.1064,0.9500,0.00,0.00,0.00,0.00
1160.00,180.000,180.000,170.000,175.000,181.855,194.458,168.878,127.580,174.859,192.529,165.191,136.832,167.611,188.043,176.358,359.697,0.0000,0.0000,0.1064,0.9500,0.00,0.00,0.00,0.00
1161.00,180.000,180.000,170.000,175.000,181.808,194.445,168.854,127.641,174.814,192.502,165.179,136.877,167.580,188.014,176.421,359.735,0.0000,0.0000,0.1064,0.9500,0.00,0.00,0.00,0.00
1162.00,180.000,180.000,170.000,175.000,181.761,194.432,168.829,127.703,174.770,192.475,165.168,136.922,167.550,187.985,176.509,359.773,0.0000,0.0000,0.1085,0.9500,0.00,0.00,0.00,0.00
1163.00,180.000,180.000,170.000,175.000,181.715,194.419,168.805,127.764,174.725,192.448,165.157,136.967,167.520,187.956,176.588,359.811,0.0000,0.0000,0.1085,0.9500,0.00,0.00,0.00,0.00
1164.00,180.000,180.000,170.000,175.000,181.668,194.406,168.781,127.825,174.681,192.422,165.146,137.012,167.490,187.927,176.659,359.849,0.0000,0.0000,0.1085,0.9500,0.00,0.00,0.00,0.00
1165.00,180.000,180.000,170.000,175.000,181.622,194.393,168.757,127.886,174.637,192.395,165.135,137.057,167.461,187.899,176.722,359.887,0.0000,0.0000,0.1085,0.9500,0.00,0.00,0.00,0.00
1166.00,180.000,180.000,170.000,175.000,181.575,194.379,168.733,127.947,174.593,192.368,165.125,137.101,167.431,187.870,176.795,359.925,0.0000,0.0000,0.1105,0.9500,0.00,0.00,0.00,0.00
1167.00,180.000,180.000,170.000,175.000,181.529,194.366,168.709,128.008,174.549,192.341,165.115,137.146,167.401,187.841,176.875,359.963,0.0000,0.0000,0.1106,0.9500,0.00,0.00,0.00,0.00
1168.00,180.000,180.000,170.000,175.000,181.483,194.353,168.685,128.069,174.505,192.314,165.104,137.191,167.372,187.812,176.948,360.001,0.0000,0.0000,0.1106,0.9500,0.00,0.00,0.00,0.00
1169.00,180.000,180.000,170.000,175.000,181.436,194.339,168.661,128.130,174.462,192.287,165.094,137.235,167.342,187.783,177.012,360.039,0.0000,0.0000,0.1106,0.9500,0.00,0.00,0.00,0.00
1170.00,180.000,180.000,170.000,175.000,181.390,194.325,168.637,128.190,174.418,192.260,165.085,137.280,167.313,187.754,177.086,360.076,0.0000,0.0000,0.1126,0.9500,0.00,0.00,0.00,0.00
1171.00,180.000,180.000,170.000,175.000,181.343,194.312,168.614,128.251,174.375,192.234,165.075,137.324,167.283,187.725,177.168,360.114,0.0000,0.0000,0.1126,0.9500,0.00,0.00,0.00,0.00
1172.00,180.000,180.000,170.000,175.000,181.297,194.298,168.590,128.311,174.331,192.207,165.066,137.369,167.254,187.697,177.241,360.152,0.0000,0.0000,0.1127,0.9500,0.00,0.00,0.00,0.00
1173.00,180.000,180.000,170.000,175.000,181.251,194.284,168.567,128.371,174.288,192.180,165.056,137.413,167.225,187.668,177.307,360.189,0.0000,0.0000,0.1127,0.9500,0.00,0.00,0.00,0.00
1174.00,180.000,180.000,170.000,175.000,181.204,194.270,168.543,128.432,174.245,192.153,165.047,137.457,167.195,187.639,177.382,360.227,0.0000,0.0000,0.1147,0.9500,0.00,0.00,0.00,0.00
1175.00,180.000,180.000,170.000,175.000,181.158,194.256,168.520,128.492,174.202,192.126,165.038,137.501,167.166,187.610,177.465,360.264,0.0000,0.0000,0.1147,0.9500,0.00,0.00,0.00,0.00
1176.00,180.000,180.000,170.000,175.000,181.112,194.241,168.497,128.552,174.159,192.099,165.030,137.545,167.137,187.581,177.539,360.302,0.0000,0.0000,0.1148,0.9500,0.00,0.00,0.00,0.00
1177.00,180.000,180.000,170.000,175.000,181.065,194.227,168.474,128.611,174.116,192.072,165.021,137.589,167.108,187.553,177.606,360.339,0.0000,0.0000,0.1148,0.9500,0.00,0.00,0.00,0.00
1178.00,180.000,180.000,170.000,175.000,181.019,194.213,168.451,128.671,174.074,192.045,165.013,137.633,167.079,187.524,177.665,360.376,0.0000,0.0000,0.1148,0.9500,0.00,0.00,0.00,0.00
1179.00,180.000,180.000,170.000,175.000,180.973,194.198,168.428,128.731,174.031,192.018,165.005,137.677,167.051,187.495,177.751,360.413,0.0000,0.0000,0.1168,0.9500,0.00,0.00,0.00,0.00
1180.00,180.000,180.000,170.000,175.000,180.927,194.184,168.405,128.790,173.989,191.990,164.996,137.721,167.022,187.466,177.827,360.451,0.0000,0.0000,0.1169,0.9500,0.00,0.00,0.00,0.00
1181.00,180.000,180.000,170.000,175.000,180.881,194.169,168.383,128.850,173.947,191.963,164.989,137.765,166.993,187.438,177.896,360.488,0.0000,0.0000,0.1169,0.9500,0.00,0.00,0.00,0.00
1182.00,180.000,180.000,170.000,175.000,180.834,194.154,168.360,128.909,173.904,191.936,164.981,137.809,166.965,187.409,177.957,360.525,0.0000,0.0000,0.1169,0.9500,0.00,0.00,0.00,0.00
1183.00,180.000,180.000,170.000,175.000,180.788,194.140,168.338,128.968,173.862,191.909,164.973,137.852,166.936,187.380,178.029,360.562,0.0000,0.0000,0.1190,0.9500,0.00,0.00,0.00,0.00
1184.00,180.000,180.000,170.000,175.000,180.742,194.125,168.315,129.027,173.820,191.882,164.966,137.896,166.908,187.351,178.108,360.599,0.0000,0.0000,0.1190,0.9500,0.00,0.00,0.00,0.00
1185.00,180.000,180.000,170.000,175.000,180.696,194.110,168.293,129.086,173.779,191.855,164.959,137.939,166.879,187.323,178.180,360.636,0.0000,0.0000,0.1190,0.9500,0.00,0.00,0.00,0.00
1186.00,180.000,180.000,170.000,175.000,180.650,194.095,168.271,129.145,173.737,191.828,164.952,137.983,166.851,187.294,178.244,360.672,0.0000,0.0000,0.1190,0.9500,0.00,0.00,0.00,0.00
1187.00,180.000,180.000,170.000,175.000,180.604,194.080,168.249,129.204,173.695,191.801,164.945,138.026,166.823,187.265,178.302,360.709,0.0000,0.0000,0.1211,0.9500,0.00,0.00,0.00,0.00
1188.00,180.000,180.000,170.000,175.000,180.558,194.065,168.227,129.263,173.654,191.773,164.938,138.069,166.795,187.237,178.385,360.746,0.0000,0.0000,0.1211,0.9500,0.00,0.00,0.00,0.00
1189.00,180.000,180.000,170.000,175.000,180.512,194.049,168.205,129.321,173.612,191.746,164.932,138.113,166.767,187.208,178.460,360.783,0.0000,0.0000,0.1211,0.9500,0.00,0.00,0.00,0.00
1190.00,180.000,180.000,170.000,175.000,180.466,194.034,168.183,129.380,173.571,191.719,164.925,138.156,166.739,187.179,178.528,360.819,0.0000,0.0000,0.1212,0.9500,0.00,0.00,0.00,0.00
1191.00,180.000,180.000,170.000,175.000,180.420,194.018,168.161,129.438,173.530,191.692,164.919,138.199,166.711,187.151,178.588,360.856,0.0000,0.0000,0.1212,0.9500,0.00,0.00,0.00,0.00
1192.00,180.000,180.000,170.000,175.000,180.375,194.003,168.140,129.496,173.489,191.664,164.913,138.242,166.683,187.122,178.659,360.892,0.0000,0.0000,0.1232,0.9500,0.00,0.00,0.00,0.00
1193.00,180.000,180.000,170.000,175.000,180.329,193.987,168.118,129.555,173.448,191.637,164.907,138.285,166.655,187.094,178.738,360.929,0.0000,0.0000,0.1233,0.9500,0.00,0.00,0.00,0.00
1194.00,180.000,180.000,170.000,175.000,180.283,193.972,168.097,129.613,173.407,191.610,164.902,138.328,166.627,187.065,178.809,360.965,0.0000,0.0000,0.1233,0.9500,0.00,0.00,0.00,0.00
1195.00,180.000,180.000,170.000,175.000,180.237,193.956,168.076,129.671,173.366,191.583,164.896,138.371,166.600,187.036,178.873,361.002,0.0000,0.0000,0.1233,0.9500,0.00,0.00,0.00,0.00
1196.00,180.000,180.000,170.000,175.000,180.191,193.940,168.055,129.729,173.326,191.555,164.891,138.414,166.572,187.008,178.931,361.038,0.0000,0.0000,0.1234,0.9500,0.00,0.00,0.00,0.00
1197.00,180.000,180.000,170.000,175.000,180.146,193.924,168.034,129.786,173.285,191.528,164.885,138.456,166.545,186.979,179.014,361.074,0.0000,0.0000,0.1254,0.9500,0.00,0.00,0.00,0.00
1198.00,180.000,180.000,170.000,175.000,180.100,193.908,168.013,129.844,173.245,191.501,164.880,138.499,166.517,186.951,179.090,361.110,0.0000,0.0000,0.1254,0.9500,0.00,0.00,0.00,0.00
1199.00,180.000,180.000,170.000,175.000,180.054,193.892,167.992,129.902,173.204,191.473,164.875,138.542,166.490,186.922,179.157,361.147,0.0000,0.0000,0.1255,0.9500,0.00,0.00,0.00,0.00
1200.00,180.000,180.000,170.000,175.000,180.009,193.876,167.971,129.959,173.164,191.446,164.871,138.584,166.463,186.894,179.218,361.183,0.0000,0.0000,0.1255,0.9500,0.00,0.00,0.00,0.00
1201.00,180.000,180.000,170.000,175.000,179.963,193.860,167.951,130.016,173.124,191.419,164.866,138.627,166.435,186.865,179.273,361.219,0.0000,0.0000,0.1255,0.9500,0.00,0.00,0.00,0.00
1202.00,180.000,180.000,170.000,175.000,179.918,193.844,167.930,130.074,173.084,191.391,164.861,138.669,166.474,186.837,179.354,361.255,0.0066,0.0000,0.1276,0.9500,0.00,0.00,0.00,0.00
1203.00,180.000,180.000,170.000,175.000,179.872,193.827,167.910,130.131,173.044,191.364,164.857,138.712,166.568,186.808,179.427,361.291,0.0066,0.0000,0.1276,0.9500,0.00,0.00,0.00,0.00
1204.00,180.000,180.000,170.000,175.000,179.827,193.811,167.889,130.188,173.005,191.337,164.853,138.754,166.699,186.780,179.493,361.327,0.0132,0.0000,0.1276,0.9500,0.00,0.00,0.00,0.00
1205.00,180.000,180.000,170.000,175.000,179.782,193.794,167.869,130.245,172.966,191.309,164.849,138.796,166.863,186.751,179.552,361.362,0.0132,0.0000,0.1277,0.9500,0.00,0.00,0.00,0.00
1206.00,180.000,180.000,170.000,175.000,179.736,193.778,167.849,130.302,172.928,191.282,164.845,138.838,167.057,186.723,179.605,361.398,0.0198,0.0000,0.1297,0.9500,0.00,0.00,0.00,0.00
1207.00,180.000,180.000,170.000,175.000,179.691,193.761,167.829,130.359,172.890,191.254,164.841,138.881,167.277,186.694,179.685,361.434,0.0198,0.0000,0.1297,0.9500,0.00,0.00,0.00,0.00
1208.00,180.000,180.000,170.000,175.000,179.646,193.745,167.809,130.415,172.853,191.227,164.838,138.923,167.474,186.666,179.757,361.470,0.0264,0.0000,0.1298,0.9500,0.00,0.00,0.00,0.00
1209.00,180.000,180.000,170.000,175.000,179.600,193.728,167.790,130.472,172.817,191.200,164.834,138.965,167.777,186.638,179.822,361.505,0.0264,0.0000,0.1298,0.9500,0.00,0.00,0.00,0.00
1210.00,180.000,180.000,170.000,175.000,179.555,193.711,167.770,130.528,172.781,191.172,164.831,139.007,168.050,186.609,179.880,361.541,0.0264,0.0000,0.1299,0.9500,0.00,0.00,0.00,0.00
1211.00,180.000,180.000,170.000,175.000,179.510,193.694,167.750,130.585,172.746,191.145,164.828,139.048,168.390,186.581,179.933,361.577,0.0330,0.0000,0.1299,0.9500,0.00,0.00,0.00,0.00
1212.00,180.000,180.000,170.000,175.000,179.465,193.677,167.731,130.641,172.711,191.117,164.825,139.090,168.695,186.553,180.012,361.612,0.0330,0.0000,0.1319,0.9500,0.00,0.00,0.00,0.00
1213.00,180.000,180.000,170.000,175.000,179.420,193.660,167.712,130.697,172.678,191.090,164.822,139.132,169.019,186.524,180.084,361.647,0.0396,0.0000,0.1320,0.9500,0.00,0.00,0.00,0.00
1214.00,180.000,180.000,170.000,175.000,179.375,193.643,167.692,130.753,172.645,191.062,164.819,139.174,169.356,186.496,180.149,361.683,0.0396,0.0000,0.1320,0.9500,0.00,0.00,0.00,0.00
1215.00,180.000,180.000,170.000,175.000,179.331,193.626,167.673,130.810,172.613,191.035,164.816,139.215,169.725,186.468,180.239,361.718,0.0462,0.0000,0.1321,0.9500,0.00,0.00,0.00,0.00
1216.00,180.000,180.000,170.000,175.000,179.286,193.608,167.654,130.865,172.582,191.007,164.814,139.257,170.119,186.440,180.320,361.754,0.0462,0.0000,0.1321,0.9500,0.00,0.00,0.00,0.00
1217.00,180.000,180.000,170.000,175.000,179.241,193.591,167.636,130.921,172.551,190.980,164.812,139.299,170.474,186.411,180.426,361.789,0.0528,0.0000,0.1341,0.9500,0.00,0.00,0.00,0.00
1218.00,180.000,180.000,170.000,175.000,179.197,193.574,167.617,130.977,172.522,190.952,164.810,139.340,170.889,186.383,180.521,361.824,0.0528,0.0000,0.1342,0.9500,0.00,0.00,0.00,0.00
1219.00,180.000,180.000,170.000,175.000,179.152,193.556,167.598,131.033,172.493,190.925,164.808,139.381,171.264,186.355,180.607,361.859,0.0528,0.0000,0.1342,0.9500,0.00,0.00,0.00,0.00
1220.00,180.000,180.000,170.000,175.000,179.108,193.539,167.580,131.088,172.466,190.897,164.806,139.423,171.697,186.327,180.685,361.894,0.0594,0.0000,0.1343,0.9500,0.00,0.00,0.00,0.00
1221.00,180.000,180.000,170.000,175.000,179.064,193.521,167.561,131.144,172.439,190.870,164.805,139.464,172.087,186.299,180.755,361.929,0.0594,0.0000,0.1343,0.9500,0.00,0.00,0.00,0.00
1222.00,180.000,180.000,170.000,175.000,179.020,193.503,167.543,131.199,172.413,190.842,164.804,139.505,172.488,186.271,180.835,361.964,0.0660,0.0000,0.1363,0.9500,0.00,0.00,0.00,0.00
1223.00,180.000,180.000,170.000,175.000,178.976,193.486,167.525,131.254,172.388,190.815,164.802,139.547,172.896,186.243,180.923,361.999,0.0660,0.0000,0.1364,0.9500,0.00,0.00,0.00,0.00
1224.00,180.000,180.000,170.000,175.000,178.932,193.468,167.507,131.309,172.364,190.787,164.801,139.588,173.329,186.215,181.002,362.034,0.0726,0.0000,0.1364,0.9500,0.00,0.00,0.00,0.00
1225.00,180.000,180.000,170.000,175.000,178.888,193.450,167.489,131.364,172.340,190.760,164.801,139.629,173.783,186.187,181.074,362.069,0.0726,0.0000,0.1365,0.9500,0.00,0.00,0.00,0.00
1226.00,180.000,180.000,170.000,175.000,178.845,193.432,167.471,131.419,172.318,190.732,164.800,139.670,174.192,186.159,181.138,362.104,0.0792,0.0000,0.1365,0.9500,0.00,0.00,0.00,0.00
1227.00,180.000,180.000,170.000,175.000,178.802,193.414,167.453,131.474,172.297,190.705,164.799,139.711,174.658,186.131,181.197,362.139,0.0792,0.0000,0.1365,0.9500,0.00,0.00,0.00,0.00
1228.00,180.000,180.000,170.000,175.000,178.758,193.396,167.435,131.529,172.276,190.677,164.799,139.752,175.078,186.103,181.282,362.173,0.0792,0.0000,0.1386,0.9500,0.00,0.00,0.00,0.00
1229.00,180.000,180.000,170.000,175.000,178.715,193.378,167.418,131.584,172.257,190.650,164.799,139.793,175.553,186.075,181.359,362.208,0.0858,0.0000,0.1386,0.9500,0.00,0.00,0.00,0.00
1230.00,180.000,180.000,170.000,175.000,178.672,193.360,167.400,131.638,172.239,190.622,164.798,139.834,175.982,186.048,181.428,362.243,0.0858,0.0000,0.1387,0.9500,0.00,0.00,0.00,0.00
1231.00,180.000,180.000,170.000,175.000,178.629,193.342,167.383,131.693,172.221,190.594,164.799,139.875,176.436,186.020,181.491,362.277,0.0924,0.0000,0.1387,0.9500,0.00,0.00,0.00,0.00
1232.00,180.000,180.000,170.000,175.000,178.587,193.323,167.366,131.747,172.204,190.567,164.799,139.916,176.908,185.992,181.548,362.312,0.0924,0.0000,0.1388,0.9500,0.00,0.00,0.00,0.00
1233.00,180.000,180.000,170.000,175.000,178.544,193.305,167.349,131.802,172.189,190.539,164.799,139.956,177.334,185.965,181.599,362.346,0.0990,0.0000,0.1408,0.9500,0.00,0.00,0.00,0.00
1234.00,180.000,180.000,170.000,175.000,178.502,193.287,167.332,131.856,172.174,190.512,164.799,139.997,177.816,185.937,181.678,362.381,0.0990,0.0000,0.1409,0.9500,0.00,0.00,0.00,0.00
1235.00,180.000,180.000,170.000,175.000,178.460,193.268,167.315,131.910,172.160,190.484,164.800,140.038,178.251,185.910,181.749,362.415,0.0990,0.0000,0.1409,0.9500,0.00,0.00,0.00,0.00
1236.00,180.000,180.000,170.000,175.000,178.418,193.249,167.298,131.964,172.148,190.457,164.800,140.079,178.741,185.882,181.813,362.450,0.1056,0.0000,0.1410,0.9500,0.00,0.00,0.00,0.00
1237.00,180.000,180.000,170.000,175.000,178.377,193.231,167.282,132.018,172.136,190.429,164.801,140.119,179.183,185.855,181.872,362.484,0.1056,0.0000,0.1410,0.9500,0.00,0.00,0.00,0.00
1238.00,180.000,180.000,170.000,175.000,178.335,193.212,167.265,132.072,172.125,190.401,164.802,140.160,179.650,185.827,181.924,362.518,0.1122,0.0000,0.1410,0.9500,0.00,0.00,0.00,0.00
1239.00,180.000,180.000,170.000,175.000,178.294,193.193,167.249,132.126,172.115,190.374,164.803,140.200,180.134,185.800,181.972,362.553,0.1122,0.0000,0.1431,0.9500,0.00,0.00,0.00,0.00
1240.00,180.000,180.000,170.000,175.000,178.253,193.175,167.233,132.180,172.106,190.346,164.804,140.241,180.572,185.773,182.048,362.587,0.1122,0.0000,0.1431,0.9500,0.00,0.00,0.00,0.00
1241.00,180.000,180.000,170.000,175.000,178.212,193.156,167.217,132.233,172.098,190.319,164.805,140.281,181.065,185.745,182.116,362.621,0.1188,0.0000,0.1432,0.9500,0.00,0.00,0.00,0.00
1242.00,180.000,180.000,170.000,175.000,178.171,193.137,167.201,132.287,172.091,190.291,164.807,140.322,181.511,185.718,182.178,362.655,0.1188,0.0000,0.1432,0.9500,0.00,0.00,0.00,0.00
1243.00,180.000,180.000,170.000,175.000,178.131,193.118,167.185,132.340,172.085,190.264,164.808,140.362,181.964,185.691,182.234,362.689,0.1254,0.0000,0.1433,0.9500,0.00,0.00,0.00,0.00
1244.00,180.000,180.000,170.000,175.000,178.091,193.099,167.169,132.394,172.080,190.236,164.810,140.403,182.421,185.664,182.285,362.724,0.1254,0.0000,0.1433,0.9500,0.00,0.00,0.00,0.00
1245.00,180.000,180.000,170.000,175.000,178.051,193.080,167.153,132.447,172.076,190.208,164.812,140.443,182.835,185.637,182.331,362.758,0.1254,0.0000,0.1434,0.9500,0.00,0.00,0.00,0.00
1246.00,180.000,180.000,170.000,175.000,178.011,193.061,167.138,132.500,172.073,190.181,164.813,140.484,183.306,185.610,182.405,362.792,0.1320,0.0000,0.1454,0.9500,0.00,0.00,0.00,0.00
1247.00,180.000,180.000,170.000,175.000,177.972,193.042,167.122,132.553,172.070,190.153,164.815,140.524,183.733,185.583,182.472,362.826,0.1320,0.0000,0.1455,0.9500,0.00,0.00,0.00,0.00
1248.00,180.000,180.000,170.000,175.000,177.932,193.022,167.107,132.606,172.068,190.126,164.817,140.564,184.186,185.556,182.532,362.860,0.1386,0.0000,0.1455,0.9500,0.00,0.00,0.00,0.00
1249.00,180.000,180.000,170.000,175.000,177.893,193.003,167.092,132.659,172.068,190.098,164.820,140.605,184.659,185.529,182.587,362.894,0.1386,0.0000,0.1456,0.9500,0.00,0.00,0.00,0.00
1250.00,180.000,180.000,170.000,175.000,177.855,192.984,167.077,132.712,172.068,190.070,164.822,140.645,185.087,185.503,182.637,362.927,0.1386,0.0000,0.1456,0.9500,0.00,0.00,0.00,0.00
1251.00,180.000,180.000,170.000,175.000,177.816,192.964,167.062,132.765,172.069,190.043,164.824,140.685,185.572,185.476,182.683,362.961,0.1452,0.0000,0.1457,0.9500,0.00,0.00,0.00,0.00
1252.00,180.000,180.000,170.000,175.000,177.778,192.945,167.047,132.818,172.072,190.015,164.827,140.726,186.012,185.449,182.724,362.995,0.1452,0.0000,0.1477,0.9500,0.00,0.00,0.00,0.00
1253.00,180.000,180.000,170.000,175.000,177.740,192.925,167.032,132.870,172.075,189.988,164.829,140.766,186.460,185.423,182.794,363.029,0.1518,0.0000,0.1478,0.9500,0.00,0.00,0.00,0.00
1254.00,180.000,180.000,170.000,175.000,177.702,192.906,167.017,132.923,172.078,189.960,164.832,140.806,186.913,185.396,182.857,363.063,0.1518,0.0000,0.1478,0.9500,0.00,0.00,0.00,0.00
1255.00,180.000,180.000,170.000,175.000,177.665,192.886,167.003,132.975,172.083,189.933,164.835,140.846,187.325,185.370,182.914,363.097,0.1518,0.0000,0.1479,0.9500,0.00,0.00,0.00,0.00
1256.00,180.000,180.000,170.000,175.000,177.628,192.867,166.988,133.028,172.089,189.905,164.837,140.887,187.764,185.343,182.966,363.130,0.1584,0.0000,0.1479,0.9500,0.00,0.00,0.00,0.00
1257.00,180.000,180.000,170.000,175.000,177.591,192.847,166.974,133.080,172.095,189.877,164.840,140.927,188.225,185.317,183.013,363.164,0.1584,0.0000,0.1480,0.9500,0.00,0.00,0.00,0.00
1258.00,180.000,180.000,170.000,175.000,177.555,192.827,166.960,133.132,172.103,189.850,164.843,140.967,188.644,185.291,183.073,363.198,0.1584,0.0000,0.1480,0.9500,0.00,0.00,0.00,0.00
1259.00,180.000,180.000,170.000,175.000,177.518,192.807,166.946,133.184,172.111,189.822,164.847,141.007,189.120,185.265,183.159,363.231,0.1650,0.0000,0.1501,0.9500,0.00,0.00,0.00,0.00
1260.00,180.000,180.000,170.000,175.000,177.483,192.787,166.932,133.236,172.120,189.795,164.850,141.047,189.553,185.239,183.252,363.265,0.1650,0.0000,0.1501,0.9500,0.00,0.00,0.00,0.00
1261.00,180.000,180.000,170.000,175.000,177.447,192.767,166.918,133.288,172.130,189.767,164.854,141.088,189.946,185.212,183.337,363.299,0.1716,0.0000,0.1502,0.9500,0.00,0.00,0.00,0.00
1262.00,180.000,180.000,170.000,175.000,177.412,192.747,166.904,133.340,172.141,189.740,164.857,141.128,190.399,185.186,183.414,363.332,0.1716,0.0000,0.1502,0.9500,0.00,0.00,0.00,0.00
1263.00,180.000,180.000,170.000,175.000,177.377,192.727,166.891,133.392,172.152,189.712,164.861,141.168,190.811,185.161,183.485,363.366,0.1716,0.0000,0.1503,0.9500,0.00,0.00,0.00,0.00
1264.00,180.000,180.000,170.000,175.000,177.342,192.707,166.877,133.444,172.165,189.685,164.865,141.208,191.185,185.135,183.548,363.399,0.1782,0.0000,0.1503,0.9500,0.00,0.00,0.00,0.00
1265.00,180.000,180.000,170.000,175.000,177.308,192.687,166.864,133.495,172.178,189.657,164.869,141.248,191.654,185.109,183.606,363.433,0.1782,0.0000,0.1504,0.9500,0.00,0.00,0.00,0.00
1266.00,180.000,180.000,170.000,175.000,177.273,192.667,166.851,133.547,172.192,189.630,164.873,141.289,192.081,185.083,183.659,363.466,0.1782,0.0000,0.1504,0.9500,0.00,0.00,0.00,0.00
1267.00,180.000,180.000,170.000,175.000,177.240,192.647,166.838,133.598,172.207,189.602,164.877,141.329,192.518,185.058,183.739,363.500,0.1848,0.0000,0.1525,0.9500,0.00,0.00,0.00,0.00
1268.00,180.000,180.000,170.000,175.000,177.206,192.626,166.825,133.650,172.223,189.575,164.882,141.369,192.962,185.032,183.812,363.533,0.1848,0.0000,0.1526,0.9500,0.00,0.00,0.00,0.00
1269.00,180.000,180.000,170.000,175.000,177.173,192.606,166.812,133.701,172.239,189.547,164.886,141.409,193.366,185.007,183.878,363.567,0.1848,0.0000,0.1526,0.9500,0.00,0.00,0.00,0.00
1270.00,180.000,180.000,170.000,175.000,177.141,192.586,166.799,133.752,172.257,189.520,164.891,141.449,193.783,184.981,183.938,363.600,0.1914,0.0000,0.1527,0.9500,0.00,0.00,0.00,0.00
1271.00,180.000,180.000,170.000,175.000,177.108,192.565,166.786,133.804,172.275,189.492,164.896,141.490,194.210,184.956,183.993,363.634,0.1914,0.0000,0.1527,0.9500,0.00,0.00,0.00,0.00
1272.00,180.000,180.000,170.000,175.000,177.076,192.545,166.774,133.855,172.294,189.465,164.901,141.530,194.598,184.930,184.042,363.667,0.1914,0.0000,0.1528,0.9500,0.00,0.00,0.00,0.00
1273.00,180.000,180.000,170.000,175.000,177.044,192.524,166.761,133.906,172.313,189.437,164.906,141.570,194.951,184.905,184.088,363.701,0.1980,0.0000,0.1528,0.9500,0.00,0.00,0.00,0.00
1274.00,180.000,180.000,170.000,175.000,177.013,192.504,166.749,133.957,172.334,189.410,164.911,141.610,195.370,184.880,184.129,363.734,0.1980,0.0000,0.1549,0.9500,0.00,0.00,0.00,0.00
1275.00,180.000,180.000,170.000,175.000,176.982,192.483,166.737,134.008,172.355,189.382,164.916,141.650,195.751,184.855,184.199,363.767,0.1980,0.0000,0.1549,0.9500,0.00,0.00,0.00,0.00
1276.00,180.000,180.000,170.000,175.000,176.951,192.463,166.725,134.059,172.377,189.355,164.921,141.691,196.098,184.830,184.263,363.801,0.1980,0.0000,0.1550,0.9500,0.00,0.00,0.00,0.00
1277.00,180.000,180.000,170.000,175.000,176.921,192.442,166.713,134.109,172.399,189.328,164.926,141.731,196.544,184.805,184.321,363.834,0.2046,0.0000,0.1551,0.9500,0.00,0.00,0.00,0.00
1278.00,180.000,180.000,170.000,175.000,176.891,192.421,166.701,134.160,172.423,189.300,164.931,141.771,196.949,184.780,184.374,363.867,0.2046,0.0000,0.1551,0.9500,0.00,0.00,0.00,0.00
1279.00,180.000,180.000,170.000,175.000,176.861,192.400,166.689,134.211,172.447,189.273,164.937,141.812,197.319,184.755,184.422,363.901,0.2046,0.0000,0.1552,0.9500,0.00,0.00,0.00,0.00
1280.00,180.000,180.000,170.000,175.000,176.832,192.380,166.677,134.261,172.471,189.246,164.942,141.852,197.705,184.731,184.466,363.934,0.2112,0.0000,0.1552,0.9500,0.00,0.00,0.00,0.00
1281.00,180.000,180.000,170.000,175.000,176.803,192.359,166.666,134.312,172.497,189.218,164.948,141.892,198.104,184.706,184.506,363.967,0.2112,0.0000,0.1553,0.9500,0.00,0.00,0.00,0.00
1282.00,180.000,180.000,170.000,175.000,176.774,192.338,166.654,134.362,172.523,189.191,164.954,141.933,198.469,184.682,184.543,364.001,0.2112,0.0000,0.1553,0.9500,0.00,0.00,0.00,0.00
1283.00,180.000,180.000,170.000,175.000,176.746,192.317,166.643,134.413,172.550,189.163,164.960,141.973,198.801,184.657,184.593,364.034,0.2178,0.0000,0.1574,0.9500,0.00,0.00,0.00,0.00
1284.00,180.000,180.000,170.000,175.000,176.718,192.296,166.632,134.463,172.578,189.136,164.965,142.013,199.201,184.633,184.655,364.067,0.2178,0.0000,0.1574,0.9500,0.00,0.00,0.00,0.00
1285.00,180.000,180.000,170.000,175.000,176.691,192.275,166.621,134.513,172.606,189.109,164.971,142.054,199.566,184.608,184.711,364.101,0.2178,0.0000,0.1575,0.9500,0.00,0.00,0.00,0.00
1286.00,180.000,180.000,170.000,175.000,176.664,192.254,166.610,134.563,172.635,189.082,164.977,142.094,199.899,184.584,184.762,364.134,0.2178,0.0000,0.1576,0.9500,0.00,0.00,0.00,0.00
1287.00,180.000,180.000,170.000,175.000,176.637,192.233,166.599,134.613,172.664,189.054,164.983,142.135,200.269,184.560,184.808,364.167,0.2244,0.0000,0.1576,0.9500,0.00,0.00,0.00,0.00
1288.00,180.000,180.000,170.000,175.000,176.611,192.211,166.588,134.663,172.694,189.027,164.990,142.175,200.670,184.536,184.851,364.201,0.2244,0.0000,0.1577,0.9500,0.00,0.00,0.00,0.00
1289.00,180.000,180.000,170.000,175.000,176.585,192.190,166.578,134.713,172.725,189.000,164.996,142.216,201.035,184.512,184.890,364.234,0.2244,0.0000,0.1577,0.9500,0.00,0.00,0.00,0.00
1290.00,180.000,180.000,170.000,175.000,176.559,192.169,166.567,134.763,172.757,188.973,165.002,142.256,201.370,184.488,184.926,364.267,0.2244,0.0000,0.1578,0.9500,0.00,0.00,0.00,0.00
1291.00,180.000,180.000,170.000,175.000,176.534,192.148,166.557,134.813,172.789,188.945,165.009,142.297,201.725,184.464,184.959,364.300,0.2310,0.0000,0.1579,0.9500,0.00,0.00,0.00,0.00
1292.00,180.000,180.000,170.000,175.000,176.509,192.126,166.547,134.863,172.822,188.918,165.015,142.337,202.096,184.440,185.005,364.334,0.2310,0.0000,0.1599,0.9500,0.00,0.00,0.00,0.00
1293.00,180.000,180.000,170.000,175.000,176.485,192.105,166.536,134.913,172.855,188.891,165.021,142.378,202.436,184.417,185.063,364.367,0.2310,0.0000,0.1600,0.9500,0.00,0.00,0.00,0.00
1294.00,180.000,180.000,170.000,175.000,176.460,192.084,166.526,134.962,172.889,188.864,165.028,142.418,202.746,184.393,185.133,364.400,0.2310,0.0000,0.1600,0.9500,0.00,0.00,0.00,0.00
1295.00,180.000,180.000,170.000,175.000,176.437,192.062,166.516,135.012,172.924,188.837,165.035,142.459,203.080,184.369,185.212,364.434,0.2376,0.0000,0.1601,0.9500,0.00,0.00,0.00,0.00
1296.00,180.000,180.000,170.000,175.000,176.414,192.041,166.507,135.062,172.959,188.810,165.042,142.500,203.432,184.346,185.284,364.467,0.2376,0.0000,0.1601,0.9500,0.00,0.00,0.00,0.00
1297.00,180.000,180.000,170.000,175.000,176.391,192.019,166.497,135.111,172.995,188.783,165.049,142.540,203.754,184.323,185.350,364.500,0.2376,0.0000,0.1602,0.9500,0.00,0.00,0.00,0.00
1298.00,180.000,180.000,170.000,175.000,176.368,191.998,166.487,135.160,173.031,188.756,165.056,142.581,204.050,184.299,185.410,364.533,0.2376,0.0000,0.1603,0.9500,0.00,0.00,0.00,0.00
1299.00,180.000,180.000,170.000,175.000,176.346,191.976,166.478,135.210,173.068,188.728,165.063,142.622,204.320,184.276,185.465,364.567,0.2442,0.0000,0.1603,0.9500,0.00,0.00,0.00,0.00
1300.00,180.000,180.000,170.000,175.000,176.324,191.954,166.468,135.259,173.105,188.701,165.070,142.662,204.697,184.253,185.515,364.600,0.2442,0.0000,0.1604,0.9500,0.00,0.00,0.00,0.00
1301.00,180.000,180.000,170.000,175.000,176.303,191.933,166.459,135.308,173.143,188.674,165.077,142.703,205.042,184.230,185.560,364.633,0.2442,0.0000,0.1604,0.9500,0.00,0.00,0.00,0.00
1302.00,180.000,180.000,170.000,175.000,176.282,191.911,166.450,135.358,173.182,188.647,165.085,142.744,205.358,184.207,185.602,364.667,0.2442,0.0000,0.1625,0.9500,0.00,0.00,0.00,0.00
1303.00,180.000,180.000,170.000,175.000,176.261,191.889,166.441,135.407,173.221,188.621,165.092,142.785,205.647,184.184,185.673,364.700,0.2442,0.0000,0.1626,0.9500,0.00,0.00,0.00,0.00
1304.00,180.000,180.000,170.000,175.000,176.241,191.868,166.432,135.456,173.260,188.594,165.100,142.826,205.962,184.161,185.737,364.733,0.2508,0.0000,0.1626,0.9500,0.00,0.00,0.00,0.00
1305.00,180.000,180.000,170.000,175.000,176.222,191.846,166.423,135.505,173.300,188.567,165.108,142.867,206.298,184.138,185.796,364.767,0.2508,0.0000,0.1627,0.9500,0.00,0.00,0.00,0.00
1306.00,180.000,180.000,170.000,175.000,176.202,191.824,166.414,135.554,173.341,188.540,165.115,142.908,206.606,184.116,185.850,364.800,0.2508,0.0000,0.1628,0.9500,0.00,0.00,0.00,0.00
1307.00,180.000,180.000,170.000,175.000,176.183,191.802,166.406,135.603,173.382,188.513,165.123,142.949,206.888,184.093,185.899,364.833,0.2508,0.0000,0.1628,0.9500,0.00,0.00,0.00,0.00
1308.00,180.000,180.000,170.000,175.000,176.165,191.780,166.397,135.652,173.424,188.486,165.131,142.990,207.148,184.071,185.945,364.867,0.2508,0.0000,0.1629,0.9500,0.00,0.00,0.00,0.00
1309.00,180.000,180.000,170.000,175.000,176.147,191.758,166.389,135.700,173.466,188.459,165.139,143.031,207.386,184.048,185.986,364.900,0.2574,0.0000,0.1629,0.9500,0.00,0.00,0.00,0.00
1310.00,180.000,180.000,170.000,175.000,176.129,191.736,166.381,135.749,173.508,188.432,165.147,143.072,207.702,184.026,186.024,364.933,0.2574,0.0000,0.1630,0.9500,0.00,0.00,0.00,0.00
1311.00,180.000,180.000,170.000,175.000,176.112,191.714,166.372,135.798,173.551,188.406,165.155,143.113,207.993,184.004,186.059,364.967,0.2574,0.0000,0.1631,0.9500,0.00,0.00,0.00,0.00
1312.00,180.000,180.000,170.000,175.000,176.095,191.692,166.364,135.847,173.595,188.379,165.163,143.154,208.259,183.981,186.091,365.000,0.2574,0.0000,0.1631,0.9500,0.00,0.00,0.00,0.00
1313.00,180.000,180.000,170.000,175.000,176.078,191.670,166.356,135.895,173.639,188.352,165.171,143.195,208.504,183.959,186.121,365.033,0.2574,0.0000,0.1632,0.9500,0.00,0.00,0.00,0.00
1314.00,180.000,180.000,170.000,175.000,176.062,191.648,166.348,135.944,173.683,188.326,165.180,143.236,208.730,183.937,186.149,365.067,0.2574,0.0000,0.1652,0.9500,0.00,0.00,0.00,0.00
1315.00,180.000,180.000,170.000,175.000,176.046,191.626,166.341,135.992,173.727,188.299,165.188,143.277,208.938,183.915,186.206,365.100,0.2640,0.0000,0.1653,0.9500,0.00,0.00,0.00,0.00
1316.00,180.000,180.000,170.000,175.000,176.031,191.604,166.333,136.041,173.772,188.272,165.196,143.319,209.228,183.893,186.259,365.134,0.2640,0.0000,0.1654,0.9500,0.00,0.00,0.00,0.00
1317.00,180.000,180.000,170.000,175.000,176.016,191.582,166.326,136.089,173.818,188.246,165.205,143.360,209.494,183.872,186.307,365.167,0.2640,0.0000,0.1654,0.9500,0.00,0.00,0.00,0.00
1318.00,180.000,180.000,170.000,175.000,176.001,191.559,166.318,136.138,173.863,188.219,165.213,143.401,209.738,183.850,186.351,365.200,0.2640,0.0000,0.1655,0.9500,0.00,0.00,0.00,0.00
1319.00,180.000,180.000,170.000,175.000,175.987,191.537,166.311,136.186,173.910,188.193,165.222,143.443,209.964,183.828,186.392,365.234,0.2640,0.0000,0.1656,0.9500,0.00,0.00,0.00,0.00
1320.00,180.000,180.000,170.000,175.000,175.974,191.515,166.304,136.234,173.956,188.166,165.230,143.484,210.172,183.807,186.430,365.267,0.2640,0.0000,0.1656,0.9500,0.00,0.00,0.00,0.00
1321.00,180.000,180.000,170.000,175.000,175.960,191.493,166.296,136.283,174.003,188.140,165.239,143.526,210.365,183.785,186.464,365.301,0.2640,0.0000,0.1657,0.9500,0.00,0.00,0.00,0.00
1322.00,180.000,180.000,170.000,175.000,175.947,191.470,166.289,136.331,174.050,188.113,165.247,143.567,210.543,183.764,186.496,365.334,0.2706,0.0000,0.1657,0.9500,0.00,0.00,0.00,0.00
1323.00,180.000,180.000,170.000,175.000,175.935,191.448,166.283,136.379,174.097,188.087,165.256,143.609,210.838,183.742,186.525,365.368,0.2706,0.0000,0.1658,0.9500,0.00,0.00,0.00,0.00
1324.00,180.000,180.000,170.000,175.000,175.923,191.426,166.276,136.427,174.145,188.060,165.265,143.650,211.109,183.721,186.553,365.401,0.2706,0.0000,0.1659,0.9500,0.00,0.00,0.00,0.00
1325.00,180.000,180.000,170.000,175.000,175.911,191.403,166.269,136.475,174.193,188.034,165.274,143.692,211.358,183.700,186.578,365.435,0.2706,0.0000,0.1659,0.9500,0.00,0.00,0.00,0.00
1326.00,180.000,180.000,170.000,175.000,175.900,191.381,166.262,136.523,174.242,188.008,165.282,143.733,211.588,183.679,186.601,365.468,0.2706,0.0000,0.1660,0.9500,0.00,0.00,0.00,0.00
1327.00,180.000,180.000,170.000,175.000,175.889,191.358,166.256,136.571,174.291,187.981,165.291,143.775,211.801,183.658,186.655,365.502,0.2706,0.0000,0.1661,0.9500,0.00,0.00,0.00,0.00
1328.00,180.000,180.000,170.000,175.000,175.878,191.336,166.250,136.619,174.340,187.955,165.300,143.817,211.997,183.637,186.705,365.535,0.2706,0.0000,0.1681,0.9500,0.00,0.00,0.00,0.00
1329.00,180.000,180.000,170.000,175.000,175.868,191.313,166.243,136.667,174.390,187.929,165.309,143.858,212.179,183.616,186.782,365.569,0.2706,0.0000,0.1682,0.9500,0.00,0.00,0.00,0.00
1330.00,180.000,180.000,170.000,175.000,175.858,191.291,166.237,136.715,174.439,187.903,165.318,143.900,212.348,183.595,186.853,365.603,0.2706,0.0000,0.1683,0.9500,0.00,0.00,0.00,0.00
1331.00,180.000,180.000,170.000,175.000,175.849,191.268,166.231,136.763,174.489,187.877,165.328,143.942,212.506,183.575,186.918,365.636,0.2772,0.0000,0.1683,0.9500,0.00,0.00,0.00,0.00
1332.00,180.000,180.000,170.000,175.000,175.840,191.246,166.225,136.810,174.539,187.851,165.337,143.984,212.750,183.554,186.977,365.670,0.2772,0.0000,0.1684,0.9500,0.00,0.00,0.00,0.00
1333.00,180.000,180.000,170.000,175.000,175.831,191.223,166.219,136.858,174.590,187.825,165.346,144.026,212.974,183.534,187.032,365.703,0.2772,0.0000,0.1684,0.9500,0.00,0.00,0.00,0.00
1334.00,180.000,180.000,170.000,175.000,175.823,191.200,166.213,136.906,174.641,187.798,165.356,144.068,213.182,183.513,187.081,365.737,0.2772,0.0000,0.1685,0.9500,0.00,0.00,0.00,0.00
1335.00,180.000,180.000,170.000,175.000,175.815,191.178,166.208,136.953,174.692,187.772,165.365,144.110,213.375,183.493,187.127,365.771,0.2772,0.0000,0.1686,0.9500,0.00,0.00,0.00,0.00
1336.00,180.000,180.000,170.000,175.000,175.808,191.155,166.202,137.001,174.743,187.747,165.375,144.152,213.554,183.472,187.169,365.805,0.2772,0.0000,0.1686,0.9500,0.00,0.00,0.00,0.00
1337.00,180.000,180.000,170.000,175.000,175.801,191.132,166.197,137.049,174.795,187.721,165.384,144.194,213.720,183.452,187.208,365.838,0.2772,0.0000,0.1687,0.9500,0.00,0.00,0.00,0.00
1338.00,180.000,180.000,170.000,175.000,175.794,191.110,166.191,137.096,174.847,187.695,165.394,144.236,213.875,183.432,187.244,365.872,0.2772,0.0000,0.1688,0.9500,0.00,0.00,0.00,0.00
1339.00,180.000,180.000,170.000,175.000,175.788,191.087,166.186,137.144,174.899,187.669,165.404,144.278,214.019,183.412,187.277,365.906,0.2772,0.0000,0.1688,0.9500,0.00,0.00,0.00,0.00
1340.00,180.000,180.000,170.000,175.000,175.782,191.064,166.181,137.191,174.951,187.643,165.414,144.320,214.154,183.392,187.308,365.939,0.2772,0.0000,0.1689,0.9500,0.00,0.00,0.00,0.00
1341.00,180.000,180.000,170.000,175.000,175.777,191.041,166.176,137.239,175.003,187.617,165.423,144.362,214.281,183.372,187.336,365.973,0.2772,0.0000,0.1690,0.9500,0.00,0.00,0.00,0.00
1342.00,180.000,180.000,170.000,175.000,175.772,191.019,166.171,137.286,175.055,187.592,165.433,144.404,214.401,183.352,187.362,366.007,0.2772,0.0000,0.1690,0.9500,0.00,0.00,0.00,0.00
1343.00,180.000,180.000,170.000,175.000,175.767,190.996,166.166,137.333,175.108,187.566,165.443,144.447,214.513,183.333,187.387,366.041,0.2772,0.0000,0.1691,0.9500,0.00,0.00,0.00,0.00
1344.00,180.000,180.000,170.000,175.000,175.763,190.973,166.161,137.381,175.160,187.540,165.453,144.489,214.620,183.313,187.410,366.075,0.2772,0.0000,0.1692,0.9500,0.00,0.00,0.00,0.00
1345.00,180.000,180.000,170.000,175.000,175.759,190.950,166.156,137.428,175.213,187.515,165.463,144.531,214.720,183.293,187.432,366.108,0.2772,0.0000,0.1692,0.9500,0.00,0.00,0.00,0.00
1346.00,180.000,180.000,170.000,175.000,175.755,190.927,166.152,137.475,175.266,187.489,165.473,144.574,214.816,183.274,187.452,366.142,0.2772,0.0000,0.1693,0.9500,0.00,0.00,0.00,0.00
1347.00,180.000,180.000,170.000,175.000,175.752,190.904,166.147,137.522,175.319,187.463,165.483,144.616,214.907,183.254,187.487,366.176,0.2772,0.0000,0.1713,0.9500,0.00,0.00,0.00,0.00
1348.00,180.000,180.000,170.000,175.000,175.749,190.881,166.143,137.570,175.372,187.438,165.492,144.658,214.994,183.235,187.536,366.210,0.2838,0.0000,0.1714,0.9500,0.00,0.00,0.00,0.00
1349.00,180.000,180.000,170.000,175.000,175.747,190.859,166.138,137.617,175.425,187.412,165.502,144.701,215.174,183.216,187.580,366.244,0.2838,0.0000,0.1715,0.9500,0.00,0.00,0.00,0.00
1350.00,180.000,180.000,170.000,175.000,175.745,190.836,166.134,137.664,175.478,187.387,165.513,144.743,215.341,183.196,187.621,366.278,0.2838,0.0000,0.1715,0.9500,0.00,0.00,0.00,0.00
1351.00,180.000,180.000,170.000,175.000,175.743,190.813,166.130,137.711,175.531,187.362,165.523,144.786,215.497,183.177,187.659,366.312,0.2838,0.0000,0.1716,0.9500,0.00,0.00,0.00,0.00
1352.00,180.000,180.000,170.000,175.000,175.742,190.790,166.126,137.758,175.585,187.336,165.533,144.829,215.643,183.158,187.694,366.346,0.2838,0.0000,0.1717,0.9500,0.00,0.00,0.00,0.00
1353.00,180.000,180.000,170.000,175.000,175.741,190.767,166.122,137.805,175.638,187.311,165.543,144.871,215.779,183.139,187.726,366.380,0.2838,0.0000,0.1717,0.9500,0.00,0.00,0.00,0.00
1354.00,180.000,180.000,170.000,175.000,175.740,190.744,166.118,137.852,175.692,187.286,165.553,144.914,215.907,183.120,187.756,366.414,0.2838,0.0000,0.1718,0.9500,0.00,0.00,0.00,0.00
1355.00,180.000,180.000,170.000,175.000,175.740,190.721,166.115,137.899,175.746,187.261,165.563,144.957,216.028,183.101,187.784,366.448,0.2838,0.0000,0.1719,0.9500,0.00,0.00,0.00,0.00
1356.00,180.000,180.000,170.000,175.000,175.740,190.698,166.111,137.946,175.800,187.236,165.574,144.999,216.141,183.082,187.810,366.482,0.2838,0.0000,0.1719,0.9500,0.00,0.00,0.00,0.00
1357.00,180.000,180.000,170.000,175.000,175.741,190.675,166.107,137.993,175.854,187.210,165.584,145.042,216.249,183.064,187.835,366.516,0.2838,0.0000,0.1720,0.9500,0.00,0.00,0.00,0.00
1358.00,180.000,180.000,170.000,175.000,175.742,190.652,166.104,138.040,175.909,187.185,165.594,145.085,216.350,183.045,187.889,366.550,0.2838,0.0000,0.1721,0.9500,0.00,0.00,0.00,0.00
1359.00,180.000,180.000,170.000,175.000,175.743,190.628,166.101,138.087,175.963,187.160,165.605,145.128,216.447,183.026,187.940,366.584,0.2838,0.0000,0.1721,0.9500,0.00,0.00,0.00,0.00
1360.00,180.000,180.000,170.000,175.000,175.744,190.605,166.097,138.134,176.017,187.135,165.615,145.171,216.539,183.008,187.986,366.618,0.2838,0.0000,0.1722,0.9500,0.00,0.00,0.00,0.00
1361.00,180.000,180.000,170.000,175.000,175.746,190.582,166.094,138.181,176.072,187.111,165.626,145.214,216.626,182.989,188.029,366.652,0.2838,0.0000,0.1723,0.9500,0.00,0.00,0.00,0.00
1362.00,180.000,180.000,170.000,175.000,175.749,190.559,166.091,138.227,176.126,187.086,165.636,145.256,216.710,182.971,188.068,366.686,0.2838,0.0000,0.1723,0.9500,0.00,0.00,0.00,0.00
1363.00,180.000,180.000,170.000,175.000,175.751,190.536,166.088,138.274,176.180,187.061,165.647,145.299,216.741,182.953,188.104,366.720,0.2772,0.0000,0.1724,0.9500,0.00,0.00,0.00,0.00
1364.00,180.000,180.000,170.000,175.000,175.754,190.513,166.085,138.321,176.235,187.036,165.658,145.342,216.727,182.935,188.138,366.755,0.2772,0.0000,0.1725,0.9500,0.00,0.00,0.00,0.00
1365.00,180.000,180.000,170.000,175.000,175.757,190.490,166.082,138.368,176.289,187.011,165.668,145.385,216.718,182.916,188.169,366.789,0.2772,0.0000,0.1725,0.9500,0.00,0.00,0.00,0.00
1366.00,180.000,180.000,170.000,175.000,175.761,190.467,166.080,138.414,176.343,186.987,165.679,145.429,216.715,182.898,188.198,366.823,0.2772,0.0000,0.1726,0.9500,0.00,0.00,0.00,0.00
1367.00,180.000,180.000,170.000,175.000,175.765,190.443,166.077,138.461,176.397,186.962,165.690,145.472,216.716,182.880,188.226,366.857,0.2772,0.0000,0.1727,0.9500,0.00,0.00,0.00,0.00
1368.00,180.000,180.000,170.000,175.000,175.769,190.420,166.074,138.508,176.450,186.937,165.700,145.515,216.722,182.862,188.251,366.892,0.2772,0.0000,0.1727,0.9500,0.00,0.00,0.00,0.00
1369.00,180.000,180.000,170.000,175.000,175.774,190.397,166.072,138.554,176.504,186.913,165.711,145.558,216.731,182.844,188.274,366.926,0.2772,0.0000,0.1728,0.9500,0.00,0.00,0.00,0.00
1370.00,180.000,180.000,170.000,175.000,175.779,190.374,166.070,138.601,176.558,186.888,165.722,145.601,216.745,182.827,188.297,366.960,0.2772,0.0000,0.1729,0.9500,0.00,0.00,0.00,0.00
1371.00,180.000,180.000,170.000,175.000,175.784,190.351,166.067,138.648,176.611,186.864,165.733,145.644,216.761,182.809,188.317,366.994,0.2772,0.0000,0.1729,0.9500,0.00,0.00,0.00,0.00
1372.00,180.000,180.000,170.000,175.000,175.790,190.328,166.065,138.694,176.664,186.840,165.743,145.688,216.780,182.791,188.337,367.029,0.2772,0.0000,0.1730,0.9500,0.00,0.00,0.00,0.00
1373.00,180.000,180.000,170.000,175.000,175.796,190.304,166.063,138.741,176.718,186.815,165.754,145.731,216.802,182.774,188.356,367.063,0.2772,0.0000,0.1731,0.9500,0.00,0.00,0.00,0.00
1374.00,180.000,180.000,170.000,175.000,175.802,190.281,166.061,138.787,176.771,186.791,165.765,145.774,216.827,182.756,188.373,367.097,0.2772,0.0000,0.1731,0.9500,0.00,0.00,0.00,0.00
1375.00,180.000,180.000,170.000,175.000,175.808,190.258,166.059,138.834,176.824,186.767,165.776,145.818,216.853,182.739,188.390,367.132,0.2772,0.0000,0.1732,0.9500,0.00,0.00,0.00,0.00
1376.00,180.000,180.000,170.000,175.000,175.815,190.235,166.057,138.880,176.877,186.742,165.787,145.861,216.881,182.721,188.406,367.166,0.2772,0.0000,0.1733,0.9500,0.00,0.00,0.00,0.00
1377.00,180.000,180.000,170.000,175.000,175.822,190.211,166.055,138.927,176.930,186.718,165.797,145.904,216.911,182.704,188.421,367.201,0.2772,0.0000,0.1733,0.9500,0.00,0.00,0.00,0.00
1378.00,180.000,180.000,170.000,175.000,175.830,190.188,166.054,138.973,176.983,186.694,165.808,145.948,216.942,182.687,188.435,367.235,0.2772,0.0000,0.1734,0.9500,0.00,0.00,0.00,0.00
1379.00,180.000,180.000,170.000,175.000,175.837,190.165,166.052,139.019,177.035,186.670,165.819,145.991,216.975,182.669,188.449,367.269,0.2772,0.0000,0.1735,0.9500,0.00,0.00,0.00,0.00
1380.00,180.000,180.000,170.000,175.000,175.846,190.142,166.050,139.066,177.088,186.646,165.830,146.035,217.009,182.652,188.463,367.304,0.2772,0.0000,0.1735,0.9500,0.00,0.00,0.00,0.00
1381.00,180.000,180.000,170.000,175.000,175.854,190.118,166.049,139.112,177.141,186.622,165.841,146.078,216.995,182.635,188.492,367.338,0.2706,0.0000,0.1756,0.9500,0.00,0.00,0.00,0.00
1382.00,180.000,180.000,170.000,175.000,175.862,190.095,166.048,139.159,177.193,186.598,165.851,146.122,216.939,182.618,188.535,367.373,0.2706,0.0000,0.1757,0.9500,0.00,0.00,0.00,0.00
1383.00,180.000,180.000,170.000,175.000,175.871,190.072,166.046,139.205,177.245,186.575,165.862,146.166,216.893,182.601,188.574,367.407,0.2706,0.0000,0.1757,0.9500,0.00,0.00,0.00,0.00
1384.00,180.000,180.000,170.000,175.000,175.881,190.049,166.045,139.251,177.297,186.551,165.873,146.209,216.855,182.584,188.611,367.442,0.2706,0.0000,0.1758,0.9500,0.00,0.00,0.00,0.00
1385.00,180.000,180.000,170.000,175.000,175.890,190.025,166.044,139.298,177.349,186.527,165.884,146.253,216.825,182.567,188.645,367.476,0.2706,0.0000,0.1759,0.9500,0.00,0.00,0.00,0.00
1386.00,180.000,180.000,170.000,175.000,175.900,190.002,166.043,139.344,177.401,186.503,165.895,146.296,216.803,182.550,188.677,367.511,0.2706,0.0000,0.1759,0.9500,0.00,0.00,0.00,0.00
1387.00,180.000,180.000,170.000,175.000,175.910,189.979,166.042,139.390,177.452,186.480,165.906,146.340,216.786,182.534,188.706,367.545,0.2706,0.0000,0.1760,0.9500,0.00,0.00,0.00,0.00
1388.00,180.000,180.000,170.000,175.000,175.920,189.955,166.041,139.436,177.503,186.456,165.917,146.384,216.776,182.517,188.765,367.580,0.2706,0.0000,0.1761,0.9500,0.00,0.00,0.00,0.00
1389.00,180.000,180.000,170.000,175.000,175.931,189.932,166.040,139.483,177.555,186.433,165.928,146.428,216.771,182.500,188.820,367.615,0.2706,0.0000,0.1761,0.9500,0.00,0.00,0.00,0.00
1390.00,180.000,180.000,170.000,175.000,175.942,189.909,166.040,139.529,177.606,186.409,165.939,146.471,216.770,182.484,188.870,367.649,0.2706,0.0000,0.1762,0.9500,0.00,0.00,0.00,0.00
1391.00,180.000,180.000,170.000,175.000,175.953,189.885,166.039,139.575,177.656,186.386,165.951,146.515,216.708,182.467,188.916,367.684,0.2640,0.0000,0.1763,0.9500,0.00,0.00,0.00,0.00
1392.00,180.000,180.000,170.000,175.000,175.964,189.862,166.038,139.621,177.707,186.362,165.962,146.559,216.592,182.451,188.959,367.719,0.2640,0.0000,0.1764,0.9500,0.00,0.00,0.00,0.00
1393.00,180.000,180.000,170.000,175.000,175.976,189.839,166.038,139.667,177.757,186.339,165.973,146.603,216.492,182.435,188.998,367.753,0.2640,0.0000,0.1764,0.9500,0.00,0.00,0.00,0.00
1394.00,180.000,180.000,170.000,175.000,175.988,189.816,166.037,139.714,177.807,186.316,165.985,146.647,216.405,182.418,189.035,367.788,0.2640,0.0000,0.1765,0.9500,0.00,0.00,0.00,0.00
1395.00,180.000,180.000,170.000,175.000,176.000,189.792,166.037,139.760,177.856,186.293,165.996,146.690,216.331,182.402,189.069,367.823,0.2640,0.0000,0.1766,0.9500,0.00,0.00,0.00,0.00
1396.00,180.000,180.000,170.000,175.000,176.012,189.769,166.037,139.806,177.906,186.269,166.008,146.734,216.268,182.386,189.100,367.857,0.2640,0.0000,0.1766,0.9500,0.00,0.00,0.00,0.00
1397.00,180.000,180.000,170.000,175.000,176.025,189.746,166.037,139.852,177.955,186.246,166.019,146.778,216.215,182.370,189.130,367.892,0.2640,0.0000,0.1767,0.9500,0.00,0.00,0.00,0.00
1398.00,180.000,180.000,170.000,175.000,176.038,189.722,166.037,139.898,178.004,186.223,166.031,146.822,216.171,182.354,189.157,367.927,0.2640,0.0000,0.1768,0.9500,0.00,0.00,0.00,0.00
1399.00,180.000,180.000,170.000,175.000,176.051,189.699,166.037,139.944,178.052,186.200,166.042,146.866,216.135,182.338,189.182,367.961,0.2574,0.0000,0.1768,0.9500,0.00,0.00,0.00,0.00
1400.00,180.000,180.000,170.000,175.000,176.065,189.676,166.037,139.990,178.101,186.177,166.054,146.910,216.009,182.322,189.206,367.996,0.2574,0.0000,0.1769,0.9500,0.00,0.00,0.00,0.00
1401.00,180.000,180.000,170.000,175.000,176.078,189.653,166.037,140.036,178.149,186.155,166.065,146.954,215.900,182.306,189.229,368.031,0.2574,0.0000,0.1770,0.9500,0.00,0.00,0.00,0.00
1402.00,180.000,180.000,170.000,175.000,176.092,189.629,166.037,140.082,178.197,186.132,166.077,146.998,215.805,182.290,189.250,368.066,0.2574,0.0000,0.1770,0.9500,0.00,0.00,0.00,0.00
1403.00,180.000,180.000,170.000,175.000,176.106,189.606,166.037,140.128,178.244,186.109,166.088,147.042,215.722,182.274,189.270,368.101,0.2574,0.0000,0.1771,0.9500,0.00,0.00,0.00,0.00
1404.00,180.000,180.000,170.000,175.000,176.120,189.583,166.038,140.174,178.291,186.086,166.100,147.086,215.652,182.258,189.289,368.135,0.2574,0.0000,0.1772,0.9500,0.00,0.00,0.00,0.00
1405.00,180.000,180.000,170.000,175.000,176.135,189.559,166.038,140.220,178.338,186.064,166.111,147.130,215.592,182.242,189.307,368.170,0.2574,0.0000,0.1772,0.9500,0.00,0.00,0.00,0.00
1406.00,180.000,180.000,170.000,175.000,176.150,189.536,166.039,140.266,178.385,186.041,166.123,147.174,215.541,182.227,189.324,368.205,0.2574,0.0000,0.1773,0.9500,0.00,0.00,0.00,0.00
1407.00,180.000,180.000,170.000,175.000,176.165,189.513,166.039,140.312,178.431,186.019,166.134,147.218,215.403,182.211,189.341,368.240,0.2508,0.0000,0.1774,0.9500,0.00,0.00,0.00,0.00
1408.00,180.000,180.000,170.000,175.000,176.180,189.490,166.040,140.358,178.477,185.996,166.146,147.262,215.281,182.196,189.356,368.275,0.2508,0.0000,0.1774,0.9500,0.00,0.00,0.00,0.00
1409.00,180.000,180.000,170.000,175.000,176.195,189.466,166.041,140.404,178.523,185.974,166.157,147.307,215.175,182.180,189.371,368.309,0.2508,0.0000,0.1775,0.9500,0.00,0.00,0.00,0.00
1410.00,180.000,180.000,170.000,175.000,176.211,189.443,166.041,140.450,178.568,185.951,166.169,147.351,215.082,182.165,189.386,368.344,0.2508,0.0000,0.1776,0.9500,0.00,0.00,0.00,0.00
1411.00,180.000,180.000,170.000,175.000,176.226,189.420,166.042,140.496,178.613,185.929,166.181,147.395,215.002,182.149,189.400,368.379,0.2508,0.0000,0.1776,0.9500,0.00,0.00,0.00,0.00
1412.00,180.000,180.000,170.000,175.000,176.242,189.397,166.043,140.542,178.658,185.907,166.192,147.439,214.933,182.134,189.413,368.414,0.2508,0.0000,0.1777,0.9500,0.00,0.00,0.00,0.00
1413.00,180.000,180.000,170.000,175.000,176.258,189.374,166.044,140.588,178.703,185.885,166.204,147.483,214.825,182.119,189.426,368.449,0.2442,0.0000,0.1778,0.9500,0.00,0.00,0.00,0.00
1414.00,180.000,180.000,170.000,175.000,176.275,189.350,166.045,140.634,178.747,185.862,166.215,147.527,214.683,182.103,189.439,368.484,0.2442,0.0000,0.1778,0.9500,0.00,0.00,0.00,0.00
1415.00,180.000,180.000,170.000,175.000,176.291,189.327,166.046,140.680,178.790,185.840,166.226,147.571,214.559,182.088,189.451,368.519,0.2442,0.0000,0.1779,0.9500,0.00,0.00,0.00,0.00
1416.00,180.000,180.000,170.000,175.000,176.308,189.304,166.048,140.725,178.834,185.818,166.238,147.616,214.450,182.073,189.463,368.554,0.2442,0.0000,0.1780,0.9500,0.00,0.00,0.00,0.00
1417.00,180.000,180.000,170.000,175.000,176.325,189.281,166.049,140.771,178.877,185.796,166.249,147.660,214.354,182.058,189.491,368.589,0.2442,0.0000,0.1781,0.9500,0.00,0.00,0.00,0.00
1418.00,180.000,180.000,170.000,175.000,176.342,189.257,166.050,140.817,178.920,185.774,166.261,147.704,214.272,182.043,189.533,368.624,0.2442,0.0000,0.1761,0.9500,0.00,0.00,0.00,0.00
1419.00,180.000,180.000,170.000,175.000,176.359,189.234,166.052,140.863,178.962,185.753,166.272,147.748,214.134,182.028,189.539,368.659,0.2376,0.0000,0.1762,0.9500,0.00,0.00,0.00,0.00
1420.00,180.000,180.000,170.000,175.000,176.376,189.211,166.053,140.909,179.004,185.731,166.284,147.792,213.951,182.013,189.546,368.694,0.2376,0.0000,0.1763,0.9500,0.00,0.00,0.00,0.00
1421.00,180.000,180.000,170.000,175.000,176.394,189.188,166.055,140.955,179.046,185.709,166.295,147.837,213.788,181.998,189.553,368.728,0.2376,0.0000,0.1763,0.9500,0.00,0.00,0.00,0.00
1422.00,180.000,180.000,170.000,175.000,176.411,189.165,166.056,141.000,179.087,185.687,166.307,147.881,213.644,181.983,189.560,368.763,0.2376,0.0000,0.1764,0.9500,0.00,0.00,0.00,0.00
1423.00,180.000,180.000,170.000,175.000,176.429,189.142,166.058,141.046,179.128,185.666,166.318,147.925,213.517,181.968,189.567,368.798,0.2376,0.0000,0.1765,0.9500,0.00,0.00,0.00,0.00
1424.00,180.000,180.000,170.000,175.000,176.447,189.119,166.060,141.092,179.169,185.644,166.330,147.969,213.405,181.953,189.575,368.833,0.2376,0.0000,0.1765,0.9500,0.00,0.00,0.00,0.00
1425.00,180.000,180.000,170.000,175.000,176.465,189.095,166.062,141.138,179.209,185.623,166.341,148.014,213.211,181.938,189.582,368.868,0.2310,0.0000,0.1766,0.9500,0.00,0.00,0.00,0.00
1426.00,180.000,180.000,170.000,175.000,176.484,189.072,166.063,141.183,179.248,185.601,166.352,148.058,213.038,181.924,189.590,368.903,0.2310,0.0000,0.1767,0.9500,0.00,0.00,0.00,0.00
1427.00,180.000,180.000,170.000,175.000,176.502,189.049,166.065,141.229,179.288,185.580,166.364,148.102,212.885,181.909,189.598,368.938,0.2310,0.0000,0.1767,0.9500,0.00,0.00,0.00,0.00
1428.00,180.000,180.000,170.000,175.000,176.521,189.026,166.067,141.275,179.327,185.558,166.375,148.146,212.749,181.894,189.606,368.973,0.2310,0.0000,0.1768,0.9500,0.00,0.00,0.00,0.00
1429.00,180.000,180.000,170.000,175.000,176.539,189.003,166.069,141.321,179.365,185.537,166.386,148.191,212.630,181.880,189.613,369.008,0.2310,0.0000,0.1769,0.9500,0.00,0.00,0.00,0.00
1430.00,180.000,180.000,170.000,175.000,176.558,188.980,166.072,141.366,179.403,185.516,166.398,148.235,212.476,181.865,189.621,369.043,0.2244,0.0000,0.1769,0.9500,0.00,0.00,0.00,0.00
1431.00,180.000,180.000,170.000,175.000,176.577,188.957,166.074,141.412,179.441,185.495,166.409,148.279,212.292,181.851,189.629,369.078,0.2244,0.0000,0.1770,0.9500,0.00,0.00,0.00,0.00
1432.00,180.000,180.000,170.000,175.000,176.596,188.934,166.076,141.458,179.478,185.474,166.420,148.323,212.129,181.836,189.638,369.113,0.2244,0.0000,0.1770,0.9500,0.00,0.00,0.00,0.00
1433.00,180.000,180.000,170.000,175.000,176.616,188.911,166.078,141.504,179.515,185.452,166.432,148.368,211.984,181.822,189.646,369.148,0.2244,0.0000,0.1771,0.9500,0.00,0.00,0.00,0.00
1434.00,180.000,180.000,170.000,175.000,176.635,188.888,166.081,141.549,179.552,185.431,166.443,148.412,211.856,181.807,189.654,369.183,0.2244,0.0000,0.1772,0.9500,0.00,0.00,0.00,0.00
1435.00,180.000,180.000,170.000,175.000,176.654,188.865,166.083,141.595,179.588,185.411,166.454,148.456,211.743,181.793,189.662,369.218,0.2178,0.0000,0.1772,0.9500,0.00,0.00,0.00,0.00
1436.00,180.000,180.000,170.000,175.000,176.674,188.842,166.086,141.641,179.624,185.390,166.465,148.500,211.515,181.779,189.670,369.254,0.2178,0.0000,0.1773,0.9500,0.00,0.00,0.00,0.00
1437.00,180.000,180.000,170.000,175.000,176.694,188.819,166.088,141.686,179.659,185.369,166.476,148.545,211.311,181.764,189.679,369.289,0.2178,0.0000,0.1774,0.9500,0.00,0.00,0.00,0.00
1438.00,180.000,180.000,170.000,175.000,176.713,188.796,166.091,141.732,179.694,185.348,166.487,148.589,211.130,181.750,189.687,369.324,0.2178,0.0000,0.1774,0.9500,0.00,0.00,0.00,0.00
1439.00,180.000,180.000,170.000,175.000,176.733,188.773,166.093,141.777,179.728,185.327,166.499,148.633,210.969,181.736,189.695,369.359,0.2178,0.0000,0.1775,0.9500,0.00,0.00,0.00,0.00
1440.00,180.000,180.000,170.000,175.000,176.753,188.750,166.096,141.823,179.762,185.307,166.510,148.677,210.826,181.722,189.703,369.394,0.2112,0.0000,0.1776,0.9500,0.00,0.00,0.00,0.00
1441.00,180.000,180.000,170.000,175.000,176.773,188.727,166.099,141.869,179.795,185.286,166.521,148.721,210.602,181.707,189.712,369.429,0.2112,0.0000,0.1776,0.9500,0.00,0.00,0.00,0.00
1442.00,180.000,180.000,170.000,175.000,176.793,188.704,166.102,141.914,179.828,185.266,166.532,148.766,210.403,181.693,189.720,369.464,0.2112,0.0000,0.1777,0.9500,0.00,0.00,0.00,0.00
1443.00,180.000,180.000,170.000,175.000,176.814,188.681,166.105,141.960,179.861,185.245,166.543,148.810,210.225,181.679,189.728,369.499,0.2112,0.0000,0.1778,0.9500,0.00,0.00,0.00,0.00
1444.00,180.000,180.000,170.000,175.000,176.834,188.658,166.107,142.006,179.893,185.225,166.554,148.854,210.067,181.665,189.737,369.534,0.2112,0.0000,0.1778,0.9500,0.00,0.00,0.00,0.00
1445.00,180.000,180.000,170.000,175.000,176.854,188.636,166.110,142.051,179.925,185.204,166.565,148.898,209.926,181.651,189.745,369.569,0.2046,0.0000,0.1779,0.9500,0.00,0.00,0.00,0.00
1446.00,180.000,180.000,170.000,175.000,176.875,188.613,166.113,142.097,179.956,185.184,166.576,148.942,209.705,181.637,189.753,369.604,0.2046,0.0000,0.1780,0.9500,0.00,0.00,0.00,0.00
1447.00,180.000,180.000,170.000,175.000,176.895,188.590,166.117,142.142,179.987,185.164,166.587,148.987,209.507,181.623,189.778,369.639,0.2046,0.0000,0.1780,0.9500,0.00,0.00,0.00,0.00
1448.00,180.000,180.000,170.000,175.000,176.916,188.567,166.120,142.188,180.017,185.143,166.598,149.031,209.331,181.609,189.817,369.674,0.2046,0.0000,0.1781,0.9500,0.00,0.00,0.00,0.00
1449.00,180.000,180.000,170.000,175.000,176.936,188.544,166.123,142.233,180.047,185.123,166.609,149.075,209.173,181.595,189.853,369.709,0.2046,0.0000,0.1782,0.9500,0.00,0.00,0.00,0.00
1450.00,180.000,180.000,170.000,175.000,176.957,188.522,166.126,142.279,180.077,185.103,166.620,149.119,208.968,181.582,189.886,369.744,0.1980,0.0000,0.1782,0.9500,0.00,0.00,0.00,0.00
1451.00,180.000,180.000,170.000,175.000,176.978,188.499,166.129,142.324,180.106,185.083,166.631,149.163,208.721,181.568,189.917,369.779,0.1980,0.0000,0.1783,0.9500,0.00,0.00,0.00,0.00
1452.00,180.000,180.000,170.000,175.000,176.999,188.476,166.133,142.370,180.134,185.063,166.642,149.207,208.500,181.554,189.946,369.814,0.1980,0.0000,0.1784,0.9500,0.00,0.00,0.00,0.00
1453.00,180.000,180.000,170.000,175.000,177.020,188.453,166.136,142.415,180.162,185.043,166.654,149.251,208.303,181.540,189.973,369.849,0.1980,0.0000,0.1784,0.9500,0.00,0.00,0.00,0.00
1454.00,180.000,180.000,170.000,175.000,177.041,188.431,166.140,142.461,180.190,185.023,166.665,149.296,208.126,181.526,189.998,369.884,0.1980,0.0000,0.1785,0.9500,0.00,0.00,0.00,0.00
1455.00,180.000,180.000,170.000,175.000,177.062,188.408,166.143,142.506,180.217,185.003,166.676,149.340,207.919,181.513,190.022,369.919,0.1914,0.0000,0.1786,0.9500,0.00,0.00,0.00,0.00
1456.00,180.000,180.000,170.000,175.000,177.083,188.385,166.147,142.552,180.243,184.984,166.687,149.384,207.687,181.499,190.044,369.954,0.1914,0.0000,0.1786,0.9500,0.00,0.00,0.00,0.00
1457.00,180.000,180.000,170.000,175.000,177.104,188.363,166.150,142.597,180.270,184.964,166.698,149.428,207.480,181.485,190.065,369.989,0.1914,0.0000,0.1767,0.9500,0.00,0.00,0.00,0.00
1458.00,180.000,180.000,170.000,175.000,177.125,188.340,166.154,142.643,180.295,184.944,166.710,149.472,207.294,181.472,190.053,370.024,0.1914,0.0000,0.1768,0.9500,0.00,0.00,0.00,0.00
1459.00,180.000,180.000,170.000,175.000,177.146,188.318,166.158,142.688,180.320,184.925,166.721,149.516,207.127,181.458,190.042,370.059,0.1914,0.0000,0.1768,0.9500,0.00,0.00,0.00,0.00
1460.00,180.000,180.000,170.000,175.000,177.167,188.295,166.161,142.734,180.345,184.905,166.732,149.560,206.883,181.444,190.034,370.094,0.1848,0.0000,0.1769,0.9500,0.00,0.00,0.00,0.00
1461.00,180.000,180.000,170.000,175.000,177.188,188.272,166.165,142.779,180.369,184.886,166.743,149.604,206.663,181.431,190.027,370.129,0.1848,0.0000,0.1770,0.9500,0.00,0.00,0.00,0.00
1462.00,180.000,180.000,170.000,175.000,177.209,188.250,166.169,142.825,180.393,184.866,166.754,149.648,206.466,181.417,190.021,370.164,0.1848,0.0000,0.1770,0.9500,0.00,0.00,0.00,0.00
1463.00,180.000,180.000,170.000,175.000,177.230,188.227,166.173,142.870,180.417,184.847,166.765,149.692,206.290,181.404,190.017,370.198,0.1848,0.0000,0.1771,0.9500,0.00,0.00,0.00,0.00
1464.00,180.000,180.000,170.000,175.000,177.252,188.205,166.177,142.915,180.440,184.828,166.776,149.736,206.133,181.390,190.014,370.233,0.1782,0.0000,0.1772,0.9500,0.00,0.00,0.00,0.00
1465.00,180.000,180.000,170.000,175.000,177.273,188.182,166.181,142.961,180.462,184.808,166.786,149.779,205.896,181.377,190.012,370.268,0.1782,0.0000,0.1772,0.9500,0.00,0.00,0.00,0.00
1466.00,180.000,180.000,170.000,175.000,177.294,188.160,166.185,143.006,180.484,184.789,166.797,149.823,205.683,181.364,190.011,370.303,0.1782,0.0000,0.1773,0.9500,0.00,0.00,0.00,0.00
1467.00,180.000,180.000,170.000,175.000,177.315,188.138,166.189,143.051,180.506,184.770,166.808,149.867,205.492,181.350,190.011,370.338,0.1782,0.0000,0.1774,0.9500,0.00,0.00,0.00,0.00
1468.00,180.000,180.000,170.000,175.000,177.337,188.115,166.193,143.097,180.527,184.751,166.819,149.911,205.322,181.337,190.011,370.373,0.1782,0.0000,0.1774,0.9500,0.00,0.00,0.00,0.00
1469.00,180.000,180.000,170.000,175.000,177.358,188.093,166.197,143.142,180.548,184.732,166.830,149.955,205.103,181.323,190.013,370.408,0.1716,0.0000,0.1775,0.9500,0.00,0.00,0.00,0.00
1470.00,180.000,180.000,170.000,175.000,177.379,188.070,166.202,143.188,180.568,184.713,166.840,149.999,204.844,181.310,190.015,370.443,0.1716,0.0000,0.1775,0.9500,0.00,0.00,0.00,0.00
1471.00,180.000,180.000,170.000,175.000,177.400,188.048,166.206,143.233,180.587,184.694,166.851,150.042,204.612,181.297,190.017,370.478,0.1716,0.0000,0.1776,0.9500,0.00,0.00,0.00,0.00
1472.00,180.000,180.000,170.000,175.000,177.421,188.026,166.210,143.278,180.607,184.675,166.862,150.086,204.403,181.283,190.021,370.512,0.1716,0.0000,0.1777,0.9500,0.00,0.00,0.00,0.00
1473.00,180.000,180.000,170.000,175.000,177.443,188.003,166.215,143.323,180.625,184.656,166.872,150.130,204.216,181.270,190.024,370.547,0.1716,0.0000,0.1777,0.9500,0.00,0.00,0.00,0.00
1474.00,180.000,180.000,170.000,175.000,177.464,187.981,166.219,143.369,180.644,184.637,166.883,150.173,203.998,181.257,190.028,370.582,0.1650,0.0000,0.1778,0.9500,0.00,0.00,0.00,0.00
1475.00,180.000,180.000,170.000,175.000,177.485,187.959,166.223,143.414,180.661,184.619,166.893,150.217,203.756,181.244,190.033,370.617,0.1650,0.0000,0.1779,0.9500,0.00,0.00,0.00,0.00
1476.00,180.000,180.000,170.000,175.000,177.506,187.937,166.228,143.459,180.679,184.600,166.904,150.261,203.538,181.230,190.037,370.652,0.1650,0.0000,0.1779,0.9500,0.00,0.00,0.00,0.00
1477.00,180.000,180.000,170.000,175.000,177.527,187.914,166.232,143.505,180.695,184.581,166.914,150.304,203.343,181.217,190.042,370.686,0.1650,0.0000,0.1780,0.9500,0.00,0.00,0.00,0.00
1478.00,180.000,180.000,170.000,175.000,177.548,187.892,166.237,143.550,180.712,184.563,166.925,150.348,203.167,181.204,190.080,370.721,0.1650,0.0000,0.1781,0.9500,0.00,0.00,0.00,0.00
1479.00,180.000,180.000,170.000,175.000,177.569,187.870,166.241,143.595,180.728,184.544,166.935,150.391,202.913,181.191,190.115,370.756,0.1584,0.0000,0.1781,0.9500,0.00,0.00,0.00,0.00
1480.00,180.000,180.000,170.000,175.000,177.590,187.848,166.246,143.640,180.743,184.526,166.946,150.435,202.685,181.178,190.147,370.791,0.1584,0.0000,0.1782,0.9500,0.00,0.00,0.00,0.00
1481.00,180.000,180.000,170.000,175.000,177.611,187.826,166.251,143.686,180.758,184.507,166.957,150.478,202.479,181.164,190.177,370.825,0.1584,0.0000,0.1763,0.9500,0.00,0.00,0.00,0.00
1482.00,180.000,180.000,170.000,175.000,177.632,187.804,166.256,143.731,180.773,184.489,166.967,150.522,202.295,181.151,190.172,370.860,0.1584,0.0000,0.1763,0.9500,0.00,0.00,0.00,0.00
1483.00,180.000,180.000,170.000,175.000,177.653,187.782,166.260,143.776,180.787,184.471,166.978,150.565,202.129,181.138,190.169,370.895,0.1518,0.0000,0.1764,0.9500,0.00,0.00,0.00,0.00
1484.00,180.000,180.000,170.000,175.000,177.674,187.760,166.265,143.821,180.801,184.452,166.988,150.609,201.852,181.125,190.167,370.929,0.1518,0.0000,0.1764,0.9500,0.00,0.00,0.00,0.00
1485.00,180.000,180.000,170.000,175.000,177.695,187.738,166.270,143.866,180.814,184.434,166.999,150.652,201.602,181.112,190.166,370.964,0.1518,0.0000,0.1765,0.9500,0.00,0.00,0.00,0.00
1486.00,180.000,180.000,170.000,175.000,177.716,187.716,166.275,143.911,180.826,184.416,167.009,150.695,201.377,181.099,190.166,370.999,0.1518,0.0000,0.1766,0.9500,0.00,0.00,0.00,0.00
1487.00,180.000,180.000,170.000,175.000,177.736,187.694,166.280,143.957,180.839,184.398,167.020,150.739,201.175,181.086,190.166,371.033,0.1518,0.0000,0.1766,0.9500,0.00,0.00,0.00,0.00
1488.00,180.000,180.000,170.000,175.000,177.757,187.672,166.285,144.002,180.850,184.380,167.030,150.782,200.943,181.073,190.167,371.068,0.1452,0.0000,0.1767,0.9500,0.00,0.00,0.00,0.00
1489.00,180.000,180.000,170.000,175.000,177.777,187.650,166.290,144.047,180.862,184.362,167.040,150.825,200.688,181.060,190.169,371.102,0.1452,0.0000,0.1768,0.9500,0.00,0.00,0.00,0.00
1490.00,180.000,180.000,170.000,175.000,177.798,187.628,166.295,144.092,180.872,184.344,167.051,150.868,200.458,181.047,190.172,371.137,0.1452,0.0000,0.1768,0.9500,0.00,0.00,0.00,0.00
1491.00,180.000,180.000,170.000,175.000,177.818,187.606,166.300,144.137,180.883,184.326,167.061,150.911,200.250,181.034,190.174,371.172,0.1452,0.0000,0.1769,0.9500,0.00,0.00,0.00,0.00
1492.00,180.000,180.000,170.000,175.000,177.839,187.584,166.305,144.182,180.893,184.308,167.071,150.955,200.064,181.021,190.178,371.206,0.1452,0.0000,0.1769,0.9500,0.00,0.00,0.00,0.00
1493.00,180.000,180.000,170.000,175.000,177.859,187.563,166.310,144.227,180.902,184.290,167.082,150.998,199.846,181.008,190.182,371.241,0.1386,0.0000,0.1770,0.9500,0.00,0.00,0.00,0.00
1494.00,180.000,180.000,170.000,175.000,177.879,187.541,166.315,144.272,180.911,184.272,167.092,151.041,199.603,180.995,190.186,371.275,0.1386,0.0000,0.1771,0.9500,0.00,0.00,0.00,0.00
1495.00,180.000,180.000,170.000,175.000,177.900,187.519,166.320,144.317,180.919,184.255,167.102,151.084,199.384,180.982,190.190,371.310,0.1386,0.0000,0.1771,0.9500,0.00,0.00,0.00,0.00
1496.00,180.000,180.000,170.000,175.000,177.920,187.497,166.325,144.362,180.928,184.237,167.112,151.127,199.187,180.969,190.195,371.344,0.1386,0.0000,0.1772,0.9500,0.00,0.00,0.00,0.00
1497.00,180.000,180.000,170.000,175.000,177.940,187.476,166.331,144.407,180.935,184.219,167.122,151.170,199.009,180.956,190.200,371.378,0.1386,0.0000,0.1773,0.9500,0.00,0.00,0.00,0.00
1498.00,180.000,180.000,170.000,175.000,177.960,187.454,166.336,144.452,180.942,184.202,167.133,151.212,198.783,180.943,190.206,371.413,0.1320,0.0000,0.1773,0.9500,0.00,0.00,0.00,0.00
1499.00,180.000,180.000,170.000,175.000,177.979,187.432,166.341,144.497,180.949,184.184,167.143,151.255,198.517,180.930,190.211,371.447,0.1320,0.0000,0.1774,0.9500,0.00,0.00,0.00,0.00
1500.00,180.000,180.000,170.000,175.000,177.999,187.411,166.346,144.542,180.955,184.167,167.153,151.298,198.276,180.918,190.217,371.482,0.1320,0.0000,0.1775,0.9500,0.00,0.00,0.00,0.00
1501.00,180.000,180.000,170.000,175.000,178.019,187.389,166.352,144.587,180.961,184.149,167.163,151.341,198.059,180.905,190.207,371.516,0.1320,0.0000,0.1755,0.9500,0.00,0.00,0.00,0.00
1502.00,180.000,180.000,170.000,175.000,178.038,187.368,166.357,144.632,180.967,184.132,167.173,151.384,197.864,180.892,190.182,371.550,0.1320,0.0000,0.1756,0.9500,0.00,0.00,0.00,0.00
1503.00,180.000,180.000,170.000,175.000,178.058,187.346,166.363,144.677,180.972,184.115,167.183,151.426,197.638,180.879,190.161,371.584,0.1254,0.0000,0.1756,0.9500,0.00,0.00,0.00,0.00
1504.00,180.000,180.000,170.000,175.000,178.077,187.325,166.368,144.722,180.976,184.097,167.193,151.469,197.387,180.866,190.142,371.619,0.1254,0.0000,0.1757,0.9500,0.00,0.00,0.00,0.00
1505.00,180.000,180.000,170.000,175.000,178.096,187.303,166.374,144.767,180.980,184.080,167.203,151.512,197.160,180.853,190.126,371.653,0.1254,0.0000,0.1758,0.9500,0.00,0.00,0.00,0.00
1506.00,180.000,180.000,170.000,175.000,178.116,187.282,166.379,144.812,180.984,184.063,167.212,151.554,196.956,180.840,190.112,371.687,0.1254,0.0000,0.1758,0.9500,0.00,0.00,0.00,0.00
1507.00,180.000,180.000,170.000,175.000,178.135,187.260,166.385,144.857,180.987,184.046,167.222,151.597,196.771,180.828,190.101,371.721,0.1254,0.0000,0.1759,0.9500,0.00,0.00,0.00,0.00
1508.00,180.000,180.000,170.000,175.000,178.154,187.239,166.390,144.902,180.990,184.029,167.232,151.639,196.604,180.815,190.090,371.756,0.1188,0.0000,0.1759,0.9500,0.00,0.00,0.00,0.00
1509.00,180.000,180.000,170.000,175.000,178.172,187.218,166.396,144.946,180.992,184.012,167.241,151.682,196.358,180.802,190.082,371.790,0.1188,0.0000,0.1760,0.9500,0.00,0.00,0.00,0.00
1510.00,180.000,180.000,170.000,175.000,178.191,187.196,166.402,144.991,180.994,183.995,167.251,151.724,196.135,180.789,190.107,371.824,0.1188,0.0000,0.1761,0.9500,0.00,0.00,0.00,0.00
1511.00,180.000,180.000,170.000,175.000,178.210,187.175,166.407,145.036,180.995,183.978,167.260,151.766,195.933,180.776,190.131,371.858,0.1188,0.0000,0.1761,0.9500,0.00,0.00,0.00,0.00
1512.00,180.000,180.000,170.000,175.000,178.228,187.154,166.413,145.081,180.996,183.961,167.270,151.809,195.751,180.764,190.153,371.892,0.1188,0.0000,0.1762,0.9500,0.00,0.00,0.00,0.00
1513.00,180.000,180.000,170.000,175.000,178.247,187.132,166.419,145.126,180.997,183.944,167.280,151.851,195.586,180.751,190.173,371.926,0.1188,0.0000,0.1762,0.9500,0.00,0.00,0.00,0.00
1514.00,180.000,180.000,170.000,175.000,178.265,187.111,166.424,145.170,180.998,183.927,167.289,151.893,195.342,180.738,190.193,371.960,0.1122,0.0000,0.1763,0.9500,0.00,0.00,0.00,0.00
1515.00,180.000,180.000,170.000,175.000,178.283,187.090,166.430,145.215,180.998,183.910,167.299,151.935,195.120,180.725,190.211,371.994,0.1122,0.0000,0.1764,0.9500,0.00,0.00,0.00,0.00
1516.00,180.000,180.000,170.000,175.000,178.301,187.069,166.436,145.260,180.997,183.893,167.308,151.977,194.920,180.713,190.228,372.028,0.1122,0.0000,0.1764,0.9500,0.00,0.00,0.00,0.00
1517.00,180.000,180.000,170.000,175.000,178.319,187.048,166.442,145.305,180.996,183.877,167.318,152.019,194.739,180.700,190.244,372.062,0.1122,0.0000,0.1765,0.9500,0.00,0.00,0.00,0.00
1518.00,180.000,180.000,170.000,175.000,178.337,187.027,166.448,145.349,180.995,183.860,167.328,152.062,194.575,180.687,190.259,372.096,0.1122,0.0000,0.1766,0.9500,0.00,0.00,0.00,0.00
1519.00,180.000,180.000,170.000,175.000,178.355,187.006,166.453,145.394,180.994,183.843,167.337,152.103,194.361,180.674,190.258,372.130,0.1056,0.0000,0.1746,0.9500,0.00,0.00,0.00,0.00
1520.00,180.000,180.000,170.000,175.000,178.372,186.984,166.459,145.439,180.992,183.827,167.347,152.145,194.106,180.662,190.241,372.164,0.1056,0.0000,0.1747,0.9500,0.00,0.00,0.00,0.00
1521.00,180.000,180.000,170.000,175.000,178.389,186.963,166.465,145.483,180.989,183.810,167.356,152.187,193.874,180.649,190.227,372.197,0.1056,0.0000,0.1747,0.9500,0.00,0.00,0.00,0.00
1522.00,180.000,180.000,170.000,175.000,178.407,186.942,166.471,145.528,180.986,183.794,167.366,152.229,193.664,180.636,190.214,372.231,0.1056,0.0000,0.1748,0.9500,0.00,0.00,0.00,0.00
1523.00,180.000,180.000,170.000,175.000,178.424,186.922,166.477,145.572,180.983,183.777,167.375,152.271,193.475,180.623,190.204,372.265,0.1056,0.0000,0.1749,0.9500,0.00,0.00,0.00,0.00
1524.00,180.000,180.000,170.000,175.000,178.441,186.901,166.483,145.617,180.979,183.761,167.385,152.313,193.303,180.611,190.195,372.299,0.1056,0.0000,0.1749,0.9500,0.00,0.00,0.00,0.00
1525.00,180.000,180.000,170.000,175.000,178.458,186.880,166.489,145.662,180.975,183.744,167.394,152.354,193.098,180.598,190.188,372.332,0.0990,0.0000,0.1750,0.9500,0.00,0.00,0.00,0.00
1526.00,180.000,180.000,170.000,175.000,178.474,186.859,166.495,145.706,180.971,183.728,167.403,152.396,192.865,180.585,190.182,372.366,0.0990,0.0000,0.1750,0.9500,0.00,0.00,0.00,0.00
1527.00,180.000,180.000,170.000,175.000,178.491,186.838,166.501,145.751,180.966,183.712,167.412,152.438,192.655,180.573,190.177,372.400,0.0990,0.0000,0.1751,0.9500,0.00,0.00,0.00,0.00
1528.00,180.000,180.000,170.000,175.000,178.507,186.817,166.507,145.795,180.961,183.696,167.422,152.479,192.464,180.560,190.174,372.433,0.0990,0.0000,0.1751,0.9500,0.00,0.00,0.00,0.00
1529.00,180.000,180.000,170.000,175.000,178.524,186.796,166.513,145.840,180.956,183.679,167.431,152.521,192.291,180.547,190.171,372.467,0.0990,0.0000,0.1752,0.9500,0.00,0.00,0.00,0.00
1530.00,180.000,180.000,170.000,175.000,178.540,186.776,166.519,145.884,180.950,183.663,167.440,152.562,192.135,180.534,190.169,372.500,0.0990,0.0000,0.1753,0.9500,0.00,0.00,0.00,0.00
1531.00,180.000,180.000,170.000,175.000,178.556,186.755,166.526,145.928,180.944,183.647,167.449,152.603,191.944,180.522,190.168,372.534,0.0924,0.0000,0.1753,0.9500,0.00,0.00,0.00,0.00
1532.00,180.000,180.000,170.000,175.000,178.572,186.734,166.532,145.973,180.937,183.631,167.458,152.645,191.723,180.509,190.168,372.567,0.0924,0.0000,0.1754,0.9500,0.00,0.00,0.00,0.00
1533.00,180.000,180.000,170.000,175.000,178.587,186.714,166.538,146.017,180.930,183.615,167.467,152.686,191.524,180.496,190.169,372.601,0.0924,0.0000,0.1754,0.9500,0.00,0.00,0.00,0.00
1534.00,180.000,180.000,170.000,175.000,178.603,186.693,166.544,146.062,180.923,183.599,167.476,152.727,191.343,180.484,190.170,372.634,0.0924,0.0000,0.1755,0.9500,0.00,0.00,0.00,0.00
1535.00,180.000,180.000,170.000,175.000,178.618,186.673,166.550,146.106,180.915,183.583,167.485,152.768,191.179,180.471,190.172,372.668,0.0924,0.0000,0.1736,0.9500,0.00,0.00,0.00,0.00
1536.00,180.000,180.000,170.000,175.000,178.634,186.652,166.557,146.150,180.907,183.567,167.494,152.809,191.030,180.458,190.142,372.701,0.0924,0.0000,0.1736,0.9500,0.00,0.00,0.00,0.00
1537.00,180.000,180.000,170.000,175.000,178.649,186.631,166.563,146.195,180.899,183.551,167.503,152.851,190.895,180.446,190.115,372.734,0.0924,0.0000,0.1737,0.9500,0.00,0.00,0.00,0.00
1538.00,180.000,180.000,170.000,175.000,178.664,186.611,166.569,146.239,180.891,183.535,167.512,152.892,190.644,180.433,190.092,372.768,0.0858,0.0000,0.1737,0.9500,0.00,0.00,0.00,0.00
1539.00,180.000,180.000,170.000,175.000,178.679,186.590,166.575,146.283,180.882,183.519,167.520,152.933,190.416,180.420,190.072,372.801,0.0858,0.0000,0.1738,0.9500,0.00,0.00,0.00,0.00
1540.00,180.000,180.000,170.000,175.000,178.693,186.570,166.582,146.327,180.873,183.504,167.529,152.973,190.210,180.407,190.054,372.834,0.0858,0.0000,0.1739,0.9500,0.00,0.00,0.00,0.00
1541.00,180.000,180.000,170.000,175.000,178.708,186.550,166.588,146.372,180.863,183.488,167.538,153.014,190.023,180.395,190.038,372.867,0.0858,0.0000,0.1739,0.9500,0.00,0.00,0.00,0.00
1542.00,180.000,180.000,170.000,175.000,178.722,186.529,166.594,146.416,180.853,183.472,167.546,153.055,189.853,180.382,190.025,372.900,0.0858,0.0000,0.1740,0.9500,0.00,0.00,0.00,0.00
1543.00,180.000,180.000,170.000,175.000,178.736,186.509,166.601,146.460,180.843,183.456,167.555,153.096,189.698,180.369,190.030,372.933,0.0858,0.0000,0.1740,0.9500,0.00,0.00,0.00,0.00
1544.00,180.000,180.000,170.000,175.000,178.750,186.489,166.607,146.504,180.832,183.441,167.563,153.136,189.558,180.357,190.050,372.966,0.0792,0.0000,0.1741,0.9500,0.00,0.00,0.00,0.00
1545.00,180.000,180.000,170.000,175.000,178.764,186.468,166.613,146.548,180.821,183.425,167.572,153.177,189.334,180.344,190.070,373.000,0.0792,0.0000,0.1741,0.9500,0.00,0.00,0.00,0.00
1546.00,180.000,180.000,170.000,175.000,178.778,186.448,166.620,146.593,180.810,183.410,167.580,153.218,189.131,180.331,190.088,373.033,0.0792,0.0000,0.1742,0.9500,0.00,0.00,0.00,0.00
1547.00,180.000,180.000,170.000,175.000,178.791,186.428,166.626,146.637,180.799,183.394,167.589,153.258,188.947,180.319,190.105,373.066,0.0792,0.0000,0.1743,0.9500,0.00,0.00,0.00,0.00
1548.00,180.000,180.000,170.000,175.000,178.804,186.408,166.633,146.681,180.787,183.378,167.597,153.299,188.780,180.306,190.121,373.098,0.0792,0.0000,0.1743,0.9500,0.00,0.00,0.00,0.00
1549.00,180.000,180.000,170.000,175.000,178.817,186.388,166.639,146.725,180.775,183.363,167.606,153.339,188.627,180.293,190.136,373.131,0.0792,0.0000,0.1744,0.9500,0.00,0.00,0.00,0.00
1550.00,180.000,180.000,170.000,175.000,178.830,186.367,166.645,146.769,180.762,183.348,167.614,153.379,188.489,180.280,190.150,373.164,0.0792,0.0000,0.1744,0.9500,0.00,0.00,0.00,0.00
1551.00,180.000,180.000,170.000,175.000,178.843,186.347,166.652,146.813,180.750,183.332,167.623,153.420,188.362,180.268,190.147,373.197,0.0792,0.0000,0.1725,0.9500,0.00,0.00,0.00,0.00
1552.00,180.000,180.000,170.000,175.000,178.856,186.327,166.658,146.857,180.737,183.317,167.631,153.460,188.198,180.255,190.130,373.230,0.0726,0.0000,0.1725,0.9500,0.00,0.00,0.00,0.00
1553.00,180.000,180.000,170.000,175.000,178.868,186.307,166.665,146.901,180.724,183.301,167.640,153.500,188.002,180.242,190.114,373.263,0.0726,0.0000,0.1726,0.9500,0.00,0.00,0.00,0.00
1554.00,180.000,180.000,170.000,175.000,178.881,186.287,166.671,146.945,180.710,183.286,167.648,153.540,187.824,180.230,190.101,373.295,0.0726,0.0000,0.1727,0.9500,0.00,0.00,0.00,0.00
1555.00,180.000,180.000,170.000,175.000,178.893,186.267,166.678,146.988,180.696,183.271,167.656,153.580,187.662,180.217,190.089,373.328,0.0726,0.0000,0.1727,0.9500,0.00,0.00,0.00,0.00
1556.00,180.000,180.000,170.000,175.000,178.905,186.247,166.684,147.032,180.682,183.256,167.665,153.620,187.514,180.204,190.080,373.361,0.0726,0.0000,0.1728,0.9500,0.00,0.00,0.00,0.00
1557.00,180.000,180.000,170.000,175.000,178.917,186.227,166.691,147.076,180.668,183.240,167.673,153.660,187.380,180.192,190.071,373.393,0.0726,0.0000,0.1728,0.9500,0.00,0.00,0.00,0.00
1558.00,180.000,180.000,170.000,175.000,178.928,186.208,166.697,147.120,180.654,183.225,167.681,153.700,187.258,180.179,190.065,373.426,0.0726,0.0000,0.1729,0.9500,0.00,0.00,0.00,0.00
1559.00,180.000,180.000,170.000,175.000,178.940,186.188,166.704,147.164,180.639,183.210,167.689,153.740,187.146,180.166,190.059,373.458,0.0726,0.0000,0.1729,0.9500,0.00,0.00,0.00,0.00
1560.00,180.000,180.000,170.000,175.000,178.951,186.168,166.710,147.207,180.624,183.195,167.697,153.780,187.044,180.153,190.054,373.491,0.0660,0.0000,0.1730,0.9500,0.00,0.00,0.00,0.00
1561.00,180.000,180.000,170.000,175.000,178.962,186.148,166.717,147.251,180.609,183.180,167.705,153.819,186.823,180.141,190.051,373.523,0.0660,0.0000,0.1731,0.9500,0.00,0.00,0.00,0.00
1562.00,180.000,180.000,170.000,175.000,178.973,186.128,166.724,147.295,180.594,183.165,167.713,153.859,186.622,180.128,190.048,373.556,0.0660,0.0000,0.1731,0.9500,0.00,0.00,0.00,0.00
1563.00,180.000,180.000,170.000,175.000,178.984,186.109,166.730,147.339,180.578,183.150,167.721,153.899,186.439,180.115,190.047,373.588,0.0660,0.0000,0.1732,0.9500,0.00,0.00,0.00,0.00
1564.00,180.000,180.000,170.000,175.000,178.994,186.089,166.737,147.382,180.562,183.135,167.729,153.938,186.272,180.103,190.046,373.620,0.0660,0.0000,0.1732,0.9500,0.00,0.00,0.00,0.00
1565.00,180.000,180.000,170.000,175.000,179.005,186.069,166.743,147.426,180.545,183.120,167.737,153.978,186.121,180.090,190.045,373.653,0.0660,0.0000,0.1733,0.9500,0.00,0.00,0.00,0.00
1566.00,180.000,180.000,170.000,175.000,179.015,186.050,166.750,147.470,180.529,183.105,167.745,154.017,185.982,180.077,190.046,373.685,0.0660,0.0000,0.1713,0.9500,0.00,0.00,0.00,0.00
1567.00,180.000,180.000,170.000,175.000,179.025,186.030,166.757,147.513,180.512,183.090,167.753,154.056,185.856,180.064,190.014,373.717,0.0660,0.0000,0.1714,0.9500,0.00,0.00,0.00,0.00
1568.00,180.000,180.000,170.000,175.000,179.035,186.011,166.763,147.557,180.495,183.075,167.761,154.096,185.741,180.052,189.986,373.749,0.0660,0.0000,0.1714,0.9500,0.00,0.00,0.00,0.00
1569.00,180.000,180.000,170.000,175.000,179.044,185.991,166.770,147.600,180.478,183.060,167.769,154.135,185.636,180.039,189.962,373.782,0.0660,0.0000,0.1715,0.9500,0.00,0.00,0.00,0.00
1570.00,180.000,180.000,170.000,175.000,179.054,185.972,166.777,147.644,180.461,183.045,167.776,154.174,185.490,180.026,189.940,373.814,0.0594,0.0000,0.1715,0.9500,0.00,0.00,0.00,0.00
1571.00,180.000,180.000,170.000,175.000,179.063,185.952,166.783,147.687,180.443,183.031,167.784,154.213,185.311,180.013,189.921,373.846,0.0594,0.0000,0.1716,0.9500,0.00,0.00,0.00,0.00
1572.00,180.000,180.000,170.000,175.000,179.072,185.933,166.790,147.731,180.425,183.016,167.791,154.252,185.147,180.001,189.905,373.878,0.0594,0.0000,0.1717,0.9500,0.00,0.00,0.00,0.00
1573.00,180.000,180.000,170.000,175.000,179.081,185.913,166.797,147.774,180.407,183.001,167.799,154.291,184.998,179.988,189.890,373.910,0.0594,0.0000,0.1717,0.9500,0.00,0.00,0.00,0.00
1574.00,180.000,180.000,170.000,175.000,179.090,185.894,166.803,147.817,180.389,182.986,167.806,154.330,184.862,179.975,189.877,373.942,0.0594,0.0000,0.1718,0.9500,0.00,0.00,0.00,0.00
1575.00,180.000,180.000,170.000,175.000,179.099,185.874,166.810,147.861,180.371,182.972,167.814,154.369,184.737,179.962,189.866,373.974,0.0594,0.0000,0.1718,0.9500,0.00,0.00,0.00,0.00
1576.00,180.000,180.000,170.000,175.000,179.107,185.855,166.817,147.904,180.352,182.957,167.821,154.408,184.624,179.950,189.857,374.006,0.0594,0.0000,0.1719,0.9500,0.00,0.00,0.00,0.00
1577.00,180.000,180.000,170.000,175.000,179.115,185.836,166.823,147.947,180.333,182.942,167.828,154.447,184.520,179.937,189.849,374.037,0.0594,0.0000,0.1719,0.9500,0.00,0.00,0.00,0.00
1578.00,180.000,180.000,170.000,175.000,179.123,185.817,166.830,147.990,180.314,182.928,167.836,154.486,184.424,179.924,189.842,374.069,0.0594,0.0000,0.1720,0.9500,0.00,0.00,0.00,0.00
1579.00,180.000,180.000,170.000,175.000,179.131,185.797,166.837,148.034,180.295,182.913,167.843,154.524,184.337,179.911,189.853,374.101,0.0594,0.0000,0.1720,0.9500,0.00,0.00,0.00,0.00
1580.00,180.000,180.000,170.000,175.000,179.139,185.778,166.843,148.077,180.276,182.899,167.850,154.563,184.256,179.899,189.879,374.133,0.0594,0.0000,0.1721,0.9500,0.00,0.00,0.00,0.00
1581.00,180.000,180.000,170.000,175.000,179.147,185.759,166.850,148.120,180.257,182.884,167.858,154.601,184.182,179.886,189.904,374.164,0.0594,0.0000,0.1701,0.9500,0.00,0.00,0.00,0.00
1582.00,180.000,180.000,170.000,175.000,179.154,185.740,166.857,148.163,180.237,182.870,167.865,154.640,184.065,179.873,189.894,374.196,0.0528,0.0000,0.1702,0.9500,0.00,0.00,0.00,0.00
1583.00,180.000,180.000,170.000,175.000,179.161,185.721,166.863,148.206,180.218,182.855,167.872,154.678,183.911,179.860,189.885,374.228,0.0528,0.0000,0.1703,0.9500,0.00,0.00,0.00,0.00
1584.00,180.000,180.000,170.000,175.000,179.168,185.702,166.870,148.249,180.198,182.841,167.879,154.717,183.770,179.847,189.878,374.259,0.0528,0.0000,0.1703,0.9500,0.00,0.00,0.00,0.00
1585.00,180.000,180.000,170.000,175.000,179.175,185.683,166.877,148.292,180.178,182.826,167.886,154.755,183.642,179.835,189.873,374.291,0.0528,0.0000,0.1704,0.9500,0.00,0.00,0.00,0.00
1586.00,180.000,180.000,170.000,175.000,179.182,185.664,166.884,148.335,180.158,182.812,167.894,154.793,183.524,179.822,189.868,374.322,0.0528,0.0000,0.1704,0.9500,0.00,0.00,0.00,0.00
1587.00,180.000,180.000,170.000,175.000,179.188,185.645,166.890,148.378,180.137,182.797,167.901,154.831,183.417,179.809,189.864,374.353,0.0528,0.0000,0.1705,0.9500,0.00,0.00,0.00,0.00
1588.00,180.000,180.000,170.000,175.000,179.194,185.626,166.897,148.421,180.117,182.783,167.908,154.869,183.318,179.796,189.861,374.385,0.0528,0.0000,0.1705,0.9500,0.00,0.00,0.00,0.00
1589.00,180.000,180.000,170.000,175.000,179.200,185.607,166.904,148.464,180.096,182.769,167.915,154.907,183.227,179.783,189.859,374.416,0.0528,0.0000,0.1706,0.9500,0.00,0.00,0.00,0.00
1590.00,180.000,180.000,170.000,175.000,179.206,185.588,166.911,148.507,180.076,182.754,167.922,154.945,183.144,179.771,189.858,374.448,0.0528,0.0000,0.1706,0.9500,0.00,0.00,0.00,0.00
1591.00,180.000,180.000,170.000,175.000,179.212,185.569,166.917,148.550,180.055,182.740,167.929,154.983,183.067,179.758,189.857,374.479,0.0528,0.0000,0.1707,0.9500,0.00,0.00,0.00,0.00
1592.00,180.000,180.000,170.000,175.000,179.218,185.550,166.924,148.593,180.034,182.726,167.936,155.021,182.997,179.745,189.857,374.510,0.0528,0.0000,0.1707,0.9500,0.00,0.00,0.00,0.00
1593.00,180.000,180.000,170.000,175.000,179.223,185.532,166.931,148.635,180.013,182.712,167.943,155.059,182.931,179.732,189.857,374.541,0.0528,0.0000,0.1708,0.9500,0.00,0.00,0.00,0.00
1594.00,180.000,180.000,170.000,175.000,179.228,185.513,166.937,148.678,179.992,182.697,167.950,155.097,182.871,179.719,189.858,374.572,0.0528,0.0000,0.1708,0.9500,0.00,0.00,0.00,0.00
1595.00,180.000,180.000,170.000,175.000,179.233,185.494,166.944,148.721,179.971,182.683,167.957,155.134,182.815,179.707,189.859,374.603,0.0528,0.0000,0.1709,0.9500,0.00,0.00,0.00,0.00
1596.00,180.000,180.000,170.000,175.000,179.238,185.475,166.951,148.764,179.950,182.669,167.964,155.172,182.763,179.694,189.861,374.634,0.0528,0.0000,0.1689,0.9500,0.00,0.00,0.00,0.00
1597.00,180.000,180.000,170.000,175.000,179.243,185.457,166.958,148.806,179.929,182.655,167.970,155.210,182.714,179.681,189.830,374.665,0.0528,0.0000,0.1690,0.9500,0.00,0.00,0.00,0.00
1598.00,180.000,180.000,170.000,175.000,179.247,185.438,166.964,148.849,179.908,182.641,167.977,155.247,182.669,179.668,189.804,374.696,0.0528,0.0000,0.1690,0.9500,0.00,0.00,0.00,0.00
1599.00,180.000,180.000,170.000,175.000,179.252,185.419,166.971,148.891,179.887,182.627,167.984,155.285,182.578,179.655,189.780,374.727,0.0462,0.0000,0.1691,0.9500,0.00,0.00,0.00,0.00
1600.00,180.000,180.000,170.000,175.000,179.256,185.401,166.978,148.934,179.866,182.612,167.990,155.322,182.448,179.642,189.759,374.758,0.0462,0.0000,0.1691,0.9500,0.00,0.00,0.00,0.00
1601.00,180.000,180.000,170.000,175.000,179.260,185.382,166.985,148.976,179.844,182.598,167.997,155.359,182.328,179.630,189.740,374.789,0.0462,0.0000,0.1692,0.9500,0.00,0.00,0.00,0.00
1602.00,180.000,180.000,170.000,175.000,179.264,185.364,166.991,149.019,179.822,182.584,168.004,155.397,182.219,179.617,189.724,374.820,0.0462,0.0000,0.1692,0.9500,0.00,0.00,0.00,0.00
1603.00,180.000,180.000,170.000,175.000,179.267,185.345,166.998,149.061,179.801,182.570,168.010,155.434,182.118,179.604,189.710,374.851,0.0462,0.0000,0.1693,0.9500,0.00,0.00,0.00,0.00
1604.00,180.000,180.000,170.000,175.000,179.271,185.327,167.005,149.104,179.779,182.556,168.017,155.471,182.026,179.591,189.697,374.881,0.0462,0.0000,0.1693,0.9500,0.00,0.00,0.00,0.00
1605.00,180.000,180.000,170.000,175.000,179.274,185.308,167.012,149.146,179.757,182.542,168.023,155.508,181.941,179.578,189.686,374.912,0.0462,0.0000,0.1694,0.9500,0.00,0.00,0.00,0.00
1606.00,180.000,180.000,170.000,175.000,179.277,185.290,167.018,149.189,179.735,182.528,168.029,155.545,181.863,179.565,189.677,374.943,0.0462,0.0000,0.1694,0.9500,0.00,0.00,0.00,0.00
1607.00,180.000,180.000,170.000,175.000,179.280,185.272,167.025,149.231,179.713,182.514,168.036,155.582,181.791,179.552,189.669,374.973,0.0462,0.0000,0.1695,0.9500,0.00,0.00,0.00,0.00
1608.00,180.000,180.000,170.000,175.000,179.283,185.253,167.032,149.273,179.690,182.500,168.042,155.619,181.725,179.540,189.662,375.004,0.0462,0.0000,0.1695,0.9500,0.00,0.00,0.00,0.00
1609.00,180.000,180.000,170.000,175.000,179.286,185.235,167.039,149.315,179.668,182.486,168.048,155.656,181.663,179.527,189.656,375.034,0.0462,0.0000,0.1696,0.9500,0.00,0.00,0.00,0.00
1610.00,180.000,180.000,170.000,175.000,179.288,185.217,167.045,149.357,179.646,182.473,168.054,155.693,181.606,179.514,189.652,375.065,0.0462,0.0000,0.1696,0.9500,0.00,0.00,0.00,0.00
1611.00,180.000,180.000,170.000,175.000,179.291,185.198,167.052,149.400,179.624,182.459,168.061,155.730,181.553,179.501,189.632,375.095,0.0462,0.0000,0.1677,0.9500,0.00,0.00,0.00,0.00
1612.00,180.000,180.000,170.000,175.000,179.293,185.180,167.059,149.442,179.601,182.445,168.067,155.766,181.503,179.488,189.598,375.126,0.0462,0.0000,0.1677,0.9500,0.00,0.00,0.00,0.00
1613.00,180.000,180.000,170.000,175.000,179.295,185.162,167.065,149.484,179.579,182.431,168.073,155.803,181.457,179.475,189.568,375.156,0.0462,0.0000,0.1678,0.9500,0.00,0.00,0.00,0.00
1614.00,180.000,180.000,170.000,175.000,179.297,185.144,167.072,149.526,179.557,182.417,168.079,155.840,181.414,179.462,189.541,375.186,0.0462,0.0000,0.1678,0.9500,0.00,0.00,0.00,0.00
1615.00,180.000,180.000,170.000,175.000,179.298,185.126,167.079,149.568,179.534,182.403,168.084,155.876,181.373,179.450,189.518,375.217,0.0462,0.0000,0.1679,0.9500,0.00,0.00,0.00,0.00
1616.00,180.000,180.000,170.000,175.000,179.300,185.108,167.085,149.610,179.512,182.389,168.090,155.913,181.335,179.437,189.497,375.247,0.0462,0.0000,0.1679,0.9500,0.00,0.00,0.00,0.00
1617.00,180.000,180.000,170.000,175.000,179.301,185.089,167.092,149.652,179.490,182.376,168.096,155.949,181.300,179.424,189.478,375.277,0.0462,0.0000,0.1680,0.9500,0.00,0.00,0.00,0.00
1618.00,180.000,180.000,170.000,175.000,179.303,185.071,167.099,149.694,179.467,182.362,168.102,155.985,181.266,179.411,189.494,375.307,0.0462,0.0000,0.1680,0.9500,0.00,0.00,0.00,0.00
1619.00,180.000,180.000,170.000,175.000,179.304,185.053,167.105,149.736,179.445,182.348,168.108,156.022,181.234,179.398,189.508,375.337,0.0462,0.0000,0.1681,0.9500,0.00,0.00,0.00,0.00
1620.00,180.000,180.000,170.000,175.000,179.305,185.035,167.112,149.777,179.423,182.334,168.113,156.058,181.204,179.385,189.522,375.367,0.0462,0.0000,0.1681,0.9500,0.00,0.00,0.00,0.00
1621.00,180.000,180.000,170.000,175.000,179.305,185.017,167.119,149.819,179.400,182.321,168.119,156.094,181.175,179.372,189.535,375.398,0.0462,0.0000,0.1682,0.9500,0.00,0.00,0.00,0.00
1622.00,180.000,180.000,170.000,175.000,179.306,185.000,167.125,149.861,179.378,182.307,168.125,156.130,181.148,179.359,189.546,375.427,0.0462,0.0000,0.1682,0.9500,0.00,0.00,0.00,0.00
1623.00,180.000,180.000,170.000,175.000,179.306,184.982,167.132,149.903,179.356,182.293,168.131,156.166,181.121,179.347,189.558,375.457,0.0462,0.0000,0.1683,0.9500,0.00,0.00,0.00,0.00
1624.00,180.000,180.000,170.000,175.000,179.307,184.964,167.139,149.944,179.334,182.280,168.137,156.202,181.096,179.334,189.568,375.487,0.0462,0.0000,0.1683,0.9500,0.00,0.00,0.00,0.00
1625.00,180.000,180.000,170.000,175.000,179.307,184.946,167.145,149.986,179.311,182.266,168.142,156.238,181.072,179.321,189.578,375.517,0.0462,0.0000,0.1684,0.9500,0.00,0.00,0.00,0.00
1626.00,180.000,180.000,170.000,175.000,179.307,184.928,167.152,150.028,179.289,182.252,168.148,156.274,181.049,179.308,189.571,375.547,0.0462,0.0000,0.1664,0.9500,0.00,0.00,0.00,0.00
1627.00,180.000,180.000,170.000,175.000,179.307,184.910,167.159,150.069,179.267,182.239,168.154,156.310,181.027,179.295,189.550,375.577,0.0462,0.0000,0.1665,0.9500,0.00,0.00,0.00,0.00
1628.00,180.000,180.000,170.000,175.000,179.306,184.892,167.165,150.111,179.245,182.225,168.160,156.346,181.006,179.282,189.530,375.607,0.0462,0.0000,0.1665,0.9500,0.00,0.00,0.00,0.00
1629.00,180.000,180.000,170.000,175.000,179.306,184.875,167.172,150.152,179.223,182.212,168.165,156.382,180.985,179.269,189.514,375.636,0.0462,0.0000,0.1666,0.9500,0.00,0.00,0.00,0.00
1630.00,180.000,180.000,170.000,175.000,179.305,184.857,167.179,150.194,179.201,182.198,168.171,156.417,180.965,179.256,189.499,375.666,0.0462,0.0000,0.1666,0.9500,0.00,0.00,0.00,0.00
1631.00,180.000,180.000,170.000,175.000,179.305,184.839,167.185,150.235,179.179,182.184,168.176,156.453,180.945,179.243,189.486,375.696,0.0462,0.0000,0.1667,0.9500,0.00,0.00,0.00,0.00
1632.00,180.000,180.000,170.000,175.000,179.304,184.822,167.192,150.276,179.157,182.171,168.182,156.489,180.926,179.231,189.474,375.725,0.0462,0.0000,0.1667,0.9500,0.00,0.00,0.00,0.00
1633.00,180.000,180.000,170.000,175.000,179.303,184.804,167.198,150.318,179.135,182.157,168.187,156.524,180.908,179.218,189.464,375.755,0.0462,0.0000,0.1668,0.9500,0.00,0.00,0.00,0.00
1634.00,180.000,180.000,170.000,175.000,179.302,184.786,167.205,150.359,179.114,182.144,168.193,156.560,180.890,179.205,189.456,375.784,0.0462,0.0000,0.1668,0.9500,0.00,0.00,0.00,0.00
1635.00,180.000,180.000,170.000,175.000,179.300,184.769,167.211,150.400,179.092,182.130,168.198,156.595,180.872,179.192,189.448,375.814,0.0462,0.0000,0.1669,0.9500,0.00,0.00,0.00,0.00
1636.00,180.000,180.000,170.000,175.000,179.299,184.751,167.218,150.442,179.070,182.117,168.203,156.630,180.855,179.179,189.442,375.843,0.0462,0.0000,0.1669,0.9500,0.00,0.00,0.00,0.00
1637.00,180.000,180.000,170.000,175.000,179.297,184.734,167.225,150.483,179.048,182.103,168.209,156.666,180.838,179.166,189.436,375.872,0.0462,0.0000,0.1670,0.9500,0.00,0.00,0.00,0.00
1638.00,180.000,180.000,170.000,175.000,179.296,184.716,167.231,150.524,179.027,182.090,168.214,156.701,180.822,179.153,189.432,375.902,0.0462,0.0000,0.1670,0.9500,0.00,0.00,0.00,0.00
1639.00,180.000,180.000,170.000,175.000,179.294,184.699,167.238,150.565,179.005,182.076,168.219,156.736,180.805,179.140,189.428,375.931,0.0462,0.0000,0.1671,0.9500,0.00,0.00,0.00,0.00
1640.00,180.000,180.000,170.000,175.000,179.292,184.681,167.244,150.606,178.983,182.063,168.225,156.771,180.789,179.128,189.425,375.960,0.0462,0.0000,0.1671,0.9500,0.00,0.00,0.00,0.00
1641.00,180.000,180.000,170.000,175.000,179.290,184.664,167.251,150.647,178.962,182.049,168.230,156.806,180.773,179.115,189.423,375.990,0.0462,0.0000,0.1652,0.9500,0.00,0.00,0.00,0.00
1642.00,180.000,180.000,170.000,175.000,179.288,184.646,167.257,150.688,178.940,182.036,168.235,156.841,180.758,179.102,189.389,376.019,0.0462,0.0000,0.1652,0.9500,0.00,0.00,0.00,0.00
1643.00,180.000,180.000,170.000,175.000,179.285,184.629,167.264,150.729,178.919,182.023,168.240,156.877,180.743,179.089,189.359,376.048,0.0462,0.0000,0.1652,0.9500,0.00,0.00,0.00,0.00
1644.00,180.000,180.000,170.000,175.000,179.283,184.612,167.270,150.770,178.898,182.009,168.245,156.911,180.727,179.076,189.332,376.077,0.0462,0.0000,0.1653,0.9500,0.00,0.00,0.00,0.00
1645.00,180.000,180.000,170.000,175.000,179.280,184.594,167.277,150.811,178.876,181.996,168.250,156.946,180.713,179.063,189.308,376.106,0.0462,0.0000,0.1653,0.9500,0.00,0.00,0.00,0.00
1646.00,180.000,180.000,170.000,175.000,179.277,184.577,167.283,150.852,178.855,181.982,168.255,156.981,180.698,179.050,189.287,376.135,0.0462,0.0000,0.1654,0.9500,0.00,0.00,0.00,0.00
1647.00,180.000,180.000,170.000,175.000,179.275,184.560,167.290,150.892,178.834,181.969,168.260,157.016,180.683,179.037,189.268,376.164,0.0462,0.0000,0.1654,0.9500,0.00,0.00,0.00,0.00
1648.00,180.000,180.000,170.000,175.000,179.272,184.543,167.296,150.933,178.813,181.956,168.265,157.051,180.669,179.025,189.251,376.193,0.0462,0.0000,0.1655,0.9500,0.00,0.00,0.00,0.00
1649.00,180.000,180.000,170.000,175.000,179.269,184.525,167.303,150.974,178.792,181.942,168.270,157.086,180.654,179.012,189.236,376.222,0.0462,0.0000,0.1655,0.9500,0.00,0.00,0.00,0.00
1650.00,180.000,180.000,170.000,175.000,179.265,184.508,167.309,151.014,178.771,181.929,168.274,157.120,180.640,178.999,189.223,376.251,0.0462,0.0000,0.1656,0.9500,0.00,0.00,0.00,0.00
1651.00,180.000,180.000,170.000,175.000,179.262,184.491,167.315,151.055,178.750,181.916,168.279,157.155,180.626,178.986,189.211,376.280,0.0462,0.0000,0.1656,0.9500,0.00,0.00,0.00,0.00
1652.00,180.000,180.000,170.000,175.000,179.259,184.474,167.322,151.096,178.729,181.902,168.284,157.189,180.612,178.973,189.201,376.308,0.0462,0.0000,0.1657,0.9500,0.00,0.00,0.00,0.00
1653.00,180.000,180.000,170.000,175.000,179.255,184.457,167.328,151.136,178.708,181.889,168.288,157.224,180.598,178.960,189.192,376.337,0.0462,0.0000,0.1657,0.9500,0.00,0.00,0.00,0.00
1654.00,180.000,180.000,170.000,175.000,179.251,184.440,167.335,151.177,178.687,181.876,168.293,157.258,180.584,178.947,189.184,376.366,0.0462,0.0000,0.1657,0.9500,0.00,0.00,0.00,0.00
1655.00,180.000,180.000,170.000,175.000,179.248,184.423,167.341,151.217,178.666,181.863,168.297,157.293,180.620,178.935,189.178,376.395,0.0528,0.0000,0.1658,0.9500,0.00,0.00,0.00,0.00
1656.00,180.000,180.000,170.000,175.000,179.244,184.406,167.347,151.258,178.646,181.849,168.302,157.327,180.697,178.922,189.172,376.423,0.0528,0.0000,0.1658,0.9500,0.00,0.00,0.00,0.00
1657.00,180.000,180.000,170.000,175.000,179.240,184.389,167.354,151.298,178.625,181.836,168.306,157.361,180.766,178.909,189.151,376.452,0.0528,0.0000,0.1639,0.9500,0.00,0.00,0.00,0.00
1658.00,180.000,180.000,170.000,175.000,179.236,184.372,167.360,151.338,178.605,181.823,168.311,157.396,180.828,178.896,189.116,376.480,0.0528,0.0000,0.1639,0.9500,0.00,0.00,0.00,0.00
1659.00,180.000,180.000,170.000,175.000,179.231,184.355,167.366,151.379,178.585,181.809,168.315,157.430,180.882,178.883,189.085,376.509,0.0528,0.0000,0.1640,0.9500,0.00,0.00,0.00,0.00
1660.00,180.000,180.000,170.000,175.000,179.227,184.338,167.373,151.419,178.566,181.796,168.319,157.464,180.930,178.870,189.057,376.538,0.0528,0.0000,0.1640,0.9500,0.00,0.00,0.00,0.00
1661.00,180.000,180.000,170.000,175.000,179.223,184.321,167.379,151.459,178.546,181.783,168.324,157.498,180.972,178.858,189.064,376.566,0.0528,0.0000,0.1641,0.9500,0.00,0.00,0.00,0.00
1662.00,180.000,180.000,170.000,175.000,179.218,184.304,167.385,151.499,178.527,181.770,168.328,157.532,181.010,178.845,189.071,376.594,0.0528,0.0000,0.1641,0.9500,0.00,0.00,0.00,0.00
1663.00,180.000,180.000,170.000,175.000,179.213,184.287,167.392,151.539,178.507,181.757,168.332,157.566,181.042,178.832,189.078,376.623,0.0528,0.0000,0.1642,0.9500,0.00,0.00,0.00,0.00
1664.00,180.000,180.000,170.000,175.000,179.209,184.270,167.398,151.580,178.488,181.743,168.337,157.600,181.071,178.819,189.084,376.651,0.0528,0.0000,0.1642,0.9500,0.00,0.00,0.00,0.00
1665.00,180.000,180.000,170.000,175.000,179.204,184.254,167.404,151.620,178.469,181.730,168.341,157.634,181.095,178.806,189.090,376.679,0.0528,0.0000,0.1642,0.9500,0.00,0.00,0.00,0.00
1666.00,180.000,180.000,170.000,175.000,179.199,184.237,167.410,151.660,178.450,181.717,168.345,157.668,181.117,178.793,189.096,376.708,0.0528,0.0000,0.1643,0.9500,0.00,0.00,0.00,0.00
1667.00,180.000,180.000,170.000,175.000,179.194,184.220,167.417,151.700,178.431,181.704,168.349,157.702,181.135,178.781,189.101,376.736,0.0528,0.0000,0.1643,0.9500,0.00,0.00,0.00,0.00
1668.00,180.000,180.000,170.000,175.000,179.189,184.203,167.423,151.740,178.413,181.691,168.354,157.736,181.150,178.768,189.106,376.764,0.0528,0.0000,0.1644,0.9500,0.00,0.00,0.00,0.00
1669.00,180.000,180.000,170.000,175.000,179.184,184.186,167.429,151.779,178.394,181.678,168.358,157.770,181.163,178.755,189.111,376.792,0.0528,0.0000,0.1644,0.9500,0.00,0.00,0.00,0.00
1670.00,180.000,180.000,170.000,175.000,179.178,184.170,167.435,151.819,178.376,181.664,168.362,157.803,181.174,178.742,189.116,376.821,0.0528,0.0000,0.1645,0.9500,0.00,0.00,0.00,0.00
1671.00,180.000,180.000,170.000,175.000,179.173,184.153,167.441,151.859,178.357,181.651,168.366,157.837,181.183,178.729,189.121,376.849,0.0528,0.0000,0.1645,0.9500,0.00,0.00,0.00,0.00
1672.00,180.000,180.000,170.000,175.000,179.168,184.136,167.447,151.899,178.339,181.638,168.371,157.871,181.190,178.717,189.125,376.877,0.0528,0.0000,0.1645,0.9500,0.00,0.00,0.00,0.00
1673.00,180.000,180.000,170.000,175.000,179.162,184.120,167.454,151.939,178.321,181.625,168.375,157.904,181.195,178.704,189.113,376.905,0.0528,0.0000,0.1626,0.9500,0.00,0.00,0.00,0.00
1674.00,180.000,180.000,170.000,175.000,179.156,184.103,167.460,151.978,178.302,181.612,168.379,157.938,181.199,178.691,189.087,376.933,0.0528,0.0000,0.1626,0.9500,0.00,0.00,0.00,0.00
1675.00,180.000,180.000,170.000,175.000,179.151,184.087,167.466,152.018,178.284,181.599,168.383,157.971,181.201,178.678,189.064,376.961,0.0528,0.0000,0.1627,0.9500,0.00,0.00,0.00,0.00
1676.00,180.000,180.000,170.000,175.000,179.145,184.070,167.472,152.058,178.267,181.586,168.387,158.005,181.298,178.666,189.043,376.989,0.0594,0.0000,0.1627,0.9500,0.00,0.00,0.00,0.00
1677.00,180.000,180.000,170.000,175.000,179.139,184.054,167.478,152.097,178.249,181.573,168.391,158.038,181.385,178.653,189.024,377.017,0.0594,0.0000,0.1628,0.9500,0.00,0.00,0.00,0.00
1678.00,180.000,180.000,170.000,175.000,179.133,184.037,167.484,152.137,178.232,181.560,168.395,158.072,181.463,178.640,189.007,377.044,0.0594,0.0000,0.1628,0.9500,0.00,0.00,0.00,0.00
1679.00,180.000,180.000,170.000,175.000,179.127,184.021,167.490,152.176,178.214,181.547,168.399,158.105,181.532,178.627,188.993,377.072,0.0594,0.0000,0.1628,0.9500,0.00,0.00,0.00,0.00
1680.00,180.000,180.000,170.000,175.000,179.121,184.004,167.496,152.216,178.197,181.534,168.403,158.138,181.594,178.615,188.979,377.100,0.0594,0.0000,0.1629,0.9500,0.00,0.00,0.00,0.00
1681.00,180.000,180.000,170.000,175.000,179.115,183.988,167.502,152.255,178.181,181.521,168.407,158.172,181.649,178.602,188.968,377.128,0.0594,0.0000,0.1629,0.9500,0.00,0.00,0.00,0.00
1682.00,180.000,180.000,170.000,175.000,179.109,183.971,167.508,152.294,178.164,181.507,168.410,158.205,181.698,178.589,188.958,377.156,0.0594,0.0000,0.1630,0.9500,0.00,0.00,0.00,0.00
1683.00,180.000,180.000,170.000,175.000,179.102,183.955,167.514,152.334,178.148,181.494,168.414,158.238,181.741,178.576,188.949,377.183,0.0594,0.0000,0.1630,0.9500,0.00,0.00,0.00,0.00
1684.00,180.000,180.000,170.000,175.000,179.096,183.939,167.520,152.373,178.131,181.481,168.418,158.271,181.780,178.564,188.941,377.211,0.0594,0.0000,0.1631,0.9500,0.00,0.00,0.00,0.00
1685.00,180.000,180.000,170.000,175.000,179.090,183.922,167.526,152.412,178.115,181.468,168.422,158.304,181.814,178.551,188.934,377.239,0.0594,0.0000,0.1631,0.9500,0.00,0.00,0.00,0.00
1686.00,180.000,180.000,170.000,175.000,179.083,183.906,167.532,152.452,178.099,181.455,168.425,158.337,181.844,178.538,188.928,377.266,0.0594,0.0000,0.1631,0.9500,0.00,0.00,0.00,0.00
1687.00,180.000,180.000,170.000,175.000,179.076,183.890,167.538,152.491,178.083,181.442,168.429,158.370,181.870,178.526,188.923,377.294,0.0594,0.0000,0.1632,0.9500,0.00,0.00,0.00,0.00
1688.00,180.000,180.000,170.000,175.000,179.070,183.873,167.544,152.530,178.067,181.429,168.433,158.403,181.893,178.513,188.919,377.321,0.0594,0.0000,0.1632,0.9500,0.00,0.00,0.00,0.00
1689.00,180.000,180.000,170.000,175.000,179.063,183.857,167.550,152.569,178.052,181.416,168.436,158.436,181.914,178.500,188.915,377.349,0.0594,0.0000,0.1633,0.9500,0.00,0.00,0.00,0.00
1690.00,180.000,180.000,170.000,175.000,179.056,183.841,167.556,152.608,178.036,181.403,168.440,158.469,181.931,178.488,188.880,377.376,0.0594,0.0000,0.1613,0.9500,0.00,0.00,0.00,0.00
1691.00,180.000,180.000,170.000,175.000,179.050,183.825,167.562,152.647,178.021,181.390,168.443,158.502,181.946,178.475,188.848,377.404,0.0660,0.0000,0.1614,0.9500,0.00,0.00,0.00,0.00
1692.00,180.000,180.000,170.000,175.000,179.043,183.808,167.568,152.686,178.005,181.377,168.447,158.535,182.055,178.462,188.820,377.431,0.0660,0.0000,0.1614,0.9500,0.00,0.00,0.00,0.00
1693.00,180.000,180.000,170.000,175.000,179.036,183.792,167.573,152.725,177.990,181.365,168.450,158.568,182.152,178.450,188.794,377.458,0.0660,0.0000,0.1614,0.9500,0.00,0.00,0.00,0.00
1694.00,180.000,180.000,170.000,175.000,179.029,183.776,167.579,152.764,177.976,181.352,168.454,158.600,182.240,178.437,188.772,377.486,0.0660,0.0000,0.1615,0.9500,0.00,0.00,0.00,0.00
1695.00,180.000,180.000,170.000,175.000,179.022,183.760,167.585,152.803,177.961,181.339,168.457,158.633,182.318,178.425,188.751,377.513,0.0660,0.0000,0.1615,0.9500,0.00,0.00,0.00,0.00
1696.00,180.000,180.000,170.000,175.000,179.015,183.744,167.591,152.841,177.947,181.326,168.460,158.666,182.389,178.412,188.733,377.540,0.0660,0.0000,0.1616,0.9500,0.00,0.00,0.00,0.00
1697.00,180.000,180.000,170.000,175.000,179.008,183.728,167.597,152.880,177.933,181.313,168.463,158.698,182.452,178.399,188.717,377.568,0.0660,0.0000,0.1616,0.9500,0.00,0.00,0.00,0.00
1698.00,180.000,180.000,170.000,175.000,179.000,183.712,167.602,152.919,177.919,181.300,168.466,158.731,182.508,178.387,188.702,377.595,0.0660,0.0000,0.1616,0.9500,0.00,0.00,0.00,0.00
1699.00,180.000,180.000,170.000,175.000,178.993,183.696,167.608,152.957,177.905,181.287,168.470,158.764,182.559,178.374,188.689,377.622,0.0660,0.0000,0.1617,0.9500,0.00,0.00,0.00,0.00
1700.00,180.000,180.000,170.000,175.000,178.986,183.680,167.614,152.996,177.891,181.274,168.473,158.796,182.604,178.362,188.678,377.649,0.0660,0.0000,0.1617,0.9500,0.00,0.00,0.00,0.00
1701.00,180.000,180.000,170.000,175.000,178.979,183.664,167.620,153.035,177.878,181.261,168.476,158.829,182.644,178.349,188.668,377.676,0.0660,0.0000,0.1618,0.9500,0.00,0.00,0.00,0.00
1702.00,180.000,180.000,170.000,175.000,178.971,183.648,167.625,153.073,177.864,181.248,168.479,158.861,182.679,178.337,188.659,377.703,0.0660,0.0000,0.1618,0.9500,0.00,0.00,0.00,0.00
1703.00,180.000,180.000,170.000,175.000,178.964,183.632,167.631,153.112,177.851,181.235,168.482,158.894,182.711,178.324,188.651,377.730,0.0660,0.0000,0.1618,0.9500,0.00,0.00,0.00,0.00
1704.00,180.000,180.000,170.000,175.000,178.957,183.616,167.637,153.150,177.838,181.222,168.485,158.926,182.739,178.312,188.644,377.758,0.0660,0.0000,0.1619,0.9500,0.00,0.00,0.00,0.00
1705.00,180.000,180.000,170.000,175.000,178.949,183.600,167.642,153.189,177.825,181.210,168.488,158.958,182.764,178.299,188.638,377.785,0.0726,0.0000,0.1619,0.9500,0.00,0.00,0.00,0.00
1706.00,180.000,180.000,170.000,175.000,178.942,183.584,167.648,153.227,177.812,181.197,168.491,158.991,182.914,178.286,188.632,377.812,0.0726,0.0000,0.1620,0.9500,0.00,0.00,0.00,0.00
1707.00,180.000,180.000,170.000,175.000,178.934,183.568,167.653,153.265,177.800,181.184,168.493,159.023,183.049,178.274,188.611,377.838,0.0726,0.0000,0.1600,0.9500,0.00,0.00,0.00,0.00
1708.00,180.000,180.000,170.000,175.000,178.927,183.552,167.659,153.304,177.788,181.171,168.496,159.055,183.170,178.261,188.609,377.865,0.0726,0.0000,0.1600,0.9500,0.00,0.00,0.00,0.00
1709.00,180.000,180.000,170.000,175.000,178.919,183.536,167.665,153.342,177.776,181.158,168.499,159.088,183.280,178.249,188.607,377.892,0.0726,0.0000,0.1601,0.9500,0.00,0.00,0.00,0.00
1710.00,180.000,180.000,170.000,175.000,178.911,183.520,167.670,153.380,177.764,181.145,168.502,159.120,183.379,178.237,188.605,377.919,0.0726,0.0000,0.1601,0.9500,0.00,0.00,0.00,0.00
1711.00,180.000,180.000,170.000,175.000,178.904,183.505,167.676,153.418,177.753,181.132,168.505,159.152,183.468,178.224,188.604,377.946,0.0726,0.0000,0.1602,0.9500,0.00,0.00,0.00,0.00
1712.00,180.000,180.000,170.000,175.000,178.896,183.489,167.681,153.457,177.742,181.120,168.508,159.184,183.548,178.212,188.603,377.973,0.0726,0.0000,0.1602,0.9500,0.00,0.00,0.00,0.00
1713.00,180.000,180.000,170.000,175.000,178.888,183.473,167.687,153.495,177.731,181.107,168.511,159.216,183.620,178.199,188.602,378.000,0.0726,0.0000,0.1602,0.9500,0.00,0.00,0.00,0.00
1714.00,180.000,180.000,170.000,175.000,178.881,183.457,167.692,153.533,177.720,181.094,168.513,159.248,183.684,178.187,188.602,378.026,0.0726,0.0000,0.1603,0.9500,0.00,0.00,0.00,0.00
1715.00,180.000,180.000,170.000,175.000,178.873,183.442,167.698,153.571,177.710,181.081,168.516,159.280,183.743,178.174,188.602,378.053,0.0726,0.0000,0.1603,0.9500,0.00,0.00,0.00,0.00
1716.00,180.000,180.000,170.000,175.000,178.865,183.426,167.703,153.609,177.699,181.068,168.519,159.312,183.795,178.162,188.602,378.080,0.0726,0.0000,0.1604,0.9500,0.00,0.00,0.00,0.00
1717.00,180.000,180.000,170.000,175.000,178.857,183.410,167.709,153.647,177.689,181.056,168.522,159.344,183.842,178.150,188.602,378.107,0.0726,0.0000,0.1604,0.9500,0.00,0.00,0.00,0.00
1718.00,180.000,180.000,170.000,175.000,178.850,183.395,167.714,153.685,177.679,181.043,168.524,159.376,183.884,178.137,188.602,378.133,0.0792,0.0000,0.1604,0.9500,0.00,0.00,0.00,0.00
1719.00,180.000,180.000,170.000,175.000,178.842,183.379,167.719,153.722,177.669,181.030,168.527,159.408,184.018,178.125,188.603,378.160,0.0792,0.0000,0.1605,0.9500,0.00,0.00,0.00,0.00
1720.00,180.000,180.000,170.000,175.000,178.834,183.363,167.725,153.760,177.660,181.017,168.530,159.440,184.138,178.113,188.604,378.186,0.0792,0.0000,0.1605,0.9500,0.00,0.00,0.00,0.00
1721.00,180.000,180.000,170.000,175.000,178.826,183.348,167.730,153.798,177.651,181.004,168.533,159.472,184.247,178.100,188.604,378.213,0.0792,0.0000,0.1606,0.9500,0.00,0.00,0.00,0.00
1722.00,180.000,180.000,170.000,175.000,178.818,183.332,167.735,153.836,177.642,180.992,168.536,159.504,184.346,178.088,188.605,378.240,0.0792,0.0000,0.1606,0.9500,0.00,0.00,0.00,0.00
1723.00,180.000,180.000,170.000,175.000,178.811,183.317,167.741,153.874,177.633,180.979,168.538,159.536,184.434,178.076,188.606,378.266,0.0792,0.0000,0.1606,0.9500,0.00,0.00,0.00,0.00
1724.00,180.000,180.000,170.000,175.000,178.803,183.301,167.746,153.911,177.624,180.966,168.541,159.568,184.514,178.063,188.607,378.293,0.0792,0.0000,0.1607,0.9500,0.00,0.00,0.00,0.00
1725.00,180.000,180.000,170.000,175.000,178.795,183.285,167.751,153.949,177.616,180.953,168.544,159.599,184.587,178.051,188.609,378.319,0.0792,0.0000,0.1587,0.9500,0.00,0.00,0.00,0.00
1726.00,180.000,180.000,170.000,175.000,178.787,183.270,167.757,153.986,177.608,180.941,168.546,159.631,184.652,178.039,188.578,378.345,0.0792,0.0000,0.1587,0.9500,0.00,0.00,0.00,0.00
1727.00,180.000,180.000,170.000,175.000,178.779,183.254,167.762,154.024,177.600,180.928,168.549,159.663,184.711,178.027,188.550,378.372,0.0792,0.0000,0.1588,0.9500,0.00,0.00,0.00,0.00
1728.00,180.000,180.000,170.000,175.000,178.771,183.239,167.767,154.062,177.592,180.915,168.552,159.695,184.764,178.014,188.525,378.398,0.0792,0.0000,0.1588,0.9500,0.00,0.00,0.00,0.00
1729.00,180.000,180.000,170.000,175.000,178.763,183.223,167.772,154.099,177.584,180.902,168.554,159.726,184.811,178.002,188.503,378.425,0.0792,0.0000,0.1589,0.9500,0.00,0.00,0.00,0.00
1730.00,180.000,180.000,170.000,175.000,178.756,183.208,167.777,154.136,177.576,180.890,168.557,159.758,184.855,177.990,188.483,378.451,0.0792,0.0000,0.1589,0.9500,0.00,0.00,0.00,0.00
1731.00,180.000,180.000,170.000,175.000,178.748,183.193,167.783,154.174,177.569,180.877,168.559,159.790,184.943,177.978,188.465,378.477,0.0858,0.0000,0.1589,0.9500,0.00,0.00,0.00,0.00
1732.00,180.000,180.000,170.000,175.000,178.740,183.177,167.788,154.211,177.562,180.864,168.561,159.821,185.069,177.966,188.449,378.504,0.0858,0.0000,0.1590,0.9500,0.00,0.00,0.00,0.00
1733.00,180.000,180.000,170.000,175.000,178.732,183.162,167.793,154.249,177.555,180.852,168.564,159.853,185.183,177.953,188.434,378.530,0.0858,0.0000,0.1590,0.9500,0.00,0.00,0.00,0.00
1734.00,180.000,180.000,170.000,175.000,178.724,183.146,167.798,154.286,177.548,180.839,168.566,159.884,185.286,177.941,188.421,378.556,0.0858,0.0000,0.1590,0.9500,0.00,0.00,0.00,0.00
1735.00,180.000,180.000,170.000,175.000,178.716,183.131,167.803,154.323,177.542,180.826,168.568,159.916,185.380,177.929,188.410,378.582,0.0858,0.0000,0.1591,0.9500,0.00,0.00,0.00,0.00
1736.00,180.000,180.000,170.000,175.000,178.709,183.116,167.808,154.360,177.536,180.814,168.571,159.947,185.464,177.917,188.399,378.609,0.0858,0.0000,0.1591,0.9500,0.00,0.00,0.00,0.00
1737.00,180.000,180.000,170.000,175.000,178.701,183.100,167.813,154.397,177.530,180.801,168.573,159.979,185.541,177.905,188.390,378.635,0.0858,0.0000,0.1592,0.9500,0.00,0.00,0.00,0.00
1738.00,180.000,180.000,170.000,175.000,178.693,183.085,167.818,154.435,177.524,180.788,168.575,160.010,185.610,177.893,188.382,378.661,0.0858,0.0000,0.1592,0.9500,0.00,0.00,0.00,0.00
1739.00,180.000,180.000,170.000,175.000,178.685,183.070,167.823,154.472,177.519,180.776,168.577,160.042,185.672,177.881,188.375,378.687,0.0858,0.0000,0.1592,0.9500,0.00,0.00,0.00,0.00
1740.00,180.000,180.000,170.000,175.000,178.677,183.055,167.828,154.509,177.513,180.763,168.579,160.073,185.729,177.869,188.369,378.713,0.0858,0.0000,0.1593,0.9500,0.00,0.00,0.00,0.00
1741.00,180.000,180.000,170.000,175.000,178.670,183.039,167.833,154.546,177.508,180.750,168.582,160.104,185.780,177.857,188.363,378.739,0.0858,0.0000,0.1593,0.9500,0.00,0.00,0.00,0.00
1742.00,180.000,180.000,170.000,175.000,178.662,183.024,167.838,154.583,177.503,180.738,168.584,160.136,185.827,177.845,188.358,378.765,0.0858,0.0000,0.1593,0.9500,0.00,0.00,0.00,0.00
1743.00,180.000,180.000,170.000,175.000,178.654,183.009,167.843,154.620,177.498,180.725,168.586,160.167,185.869,177.833,188.354,378.791,0.0858,0.0000,0.1594,0.9500,0.00,0.00,0.00,0.00
1744.00,180.000,180.000,170.000,175.000,178.647,182.994,167.848,154.657,177.493,180.712,168.588,160.198,185.972,177.821,188.350,378.818,0.0924,0.0000,0.1594,0.9500,0.00,0.00,0.00,0.00
1745.00,180.000,180.000,170.000,175.000,178.639,182.979,167.853,154.694,177.488,180.700,168.590,160.230,186.128,177.809,188.330,378.844,0.0924,0.0000,0.1575,0.9500,0.00,0.00,0.00,0.00
1746.00,180.000,180.000,170.000,175.000,178.631,182.963,167.858,154.730,177.484,180.687,168.592,160.261,186.270,177.797,188.297,378.870,0.0924,0.0000,0.1575,0.9500,0.00,0.00,0.00,0.00
1747.00,180.000,180.000,170.000,175.000,178.624,182.948,167.863,154.767,177.480,180.675,168.594,160.292,186.398,177.785,188.267,378.895,0.0924,0.0000,0.1575,0.9500,0.00,0.00,0.00,0.00
1748.00,180.000,180.000,170.000,175.000,178.616,182.933,167.868,154.804,177.477,180.662,168.596,160.323,186.514,177.773,188.240,378.921,0.0924,0.0000,0.1576,0.9500,0.00,0.00,0.00,0.00
1749.00,180.000,180.000,170.000,175.000,178.608,182.918,167.873,154.841,177.473,180.649,168.598,160.355,186.619,177.761,188.215,378.947,0.0924,0.0000,0.1576,0.9500,0.00,0.00,0.00,0.00
1750.00,180.000,180.000,170.000,175.000,178.601,182.903,167.878,154.877,177.470,180.637,168.600,160.386,186.715,177.749,188.193,378.973,0.0924,0.0000,0.1576,0.9500,0.00,0.00,0.00,0.00
1751.00,180.000,180.000,170.000,175.000,178.593,182.888,167.882,154.914,177.467,180.624,168.601,160.417,186.801,177.737,188.174,378.999,0.0924,0.0000,0.1577,0.9500,0.00,0.00,0.00,0.00
1752.00,180.000,180.000,170.000,175.000,178.586,182.873,167.887,154.951,177.464,180.612,168.603,160.448,186.880,177.725,188.156,379.025,0.0924,0.0000,0.1577,0.9500,0.00,0.00,0.00,0.00
1753.00,180.000,180.000,170.000,175.000,178.578,182.858,167.892,154.987,177.462,180.599,168.605,160.479,186.951,177.714,188.140,379.051,0.0924,0.0000,0.1577,0.9500,0.00,0.00,0.00,0.00
1754.00,180.000,180.000,170.000,175.000,178.571,182.843,167.897,155.024,177.459,180.587,168.606,160.510,187.016,177.702,188.126,379.077,0.0924,0.0000,0.1578,0.9500,0.00,0.00,0.00,0.00
1755.00,180.000,180.000,170.000,175.000,178.564,182.828,167.901,155.060,177.457,180.574,168.608,160.542,187.075,177.690,188.113,379.103,0.0924,0.0000,0.1578,0.9500,0.00,0.00,0.00,0.00
1756.00,180.000,180.000,170.000,175.000,178.556,182.813,167.906,155.097,177.455,180.562,168.610,160.573,187.128,177.678,188.101,379.128,0.0924,0.0000,0.1578,0.9500,0.00,0.00,0.00,0.00
1757.00,180.000,180.000,170.000,175.000,178.549,182.798,167.911,155.133,177.453,180.549,168.611,160.604,187.177,177.666,188.091,379.154,0.0990,0.0000,0.1579,0.9500,0.00,0.00,0.00,0.00
1758.00,180.000,180.000,170.000,175.000,178.542,182.783,167.915,155.170,177.451,180.537,168.613,160.635,187.317,177.655,188.082,379.180,0.0990,0.0000,0.1579,0.9500,0.00,0.00,0.00,0.00
1759.00,180.000,180.000,170.000,175.000,178.534,182.768,167.920,155.206,177.450,180.524,168.614,160.666,187.444,177.643,188.073,379.206,0.0990,0.0000,0.1580,0.9500,0.00,0.00,0.00,0.00
1760.00,180.000,180.000,170.000,175.000,178.527,182.753,167.925,155.242,177.448,180.511,168.616,160.697,187.560,177.631,188.066,379.231,0.0990,0.0000,0.1580,0.9500,0.00,0.00,0.00,0.00
1761.00,180.000,180.000,170.000,175.000,178.520,182.738,167.929,155.279,177.447,180.499,168.617,160.728,187.664,177.619,188.076,379.257,0.0990,0.0000,0.1580,0.9500,0.00,0.00,0.00,0.00
1762.00,180.000,180.000,170.000,175.000,178.513,182.723,167.934,155.315,177.447,180.486,168.619,160.759,187.760,177.608,188.100,379.283,0.0990,0.0000,0.1581,0.9500,0.00,0.00,0.00,0.00
1763.00,180.000,180.000,170.000,175.000,178.506,182.708,167.938,155.351,177.446,180.474,168.620,160.790,187.846,177.596,188.123,379.308,0.0990,0.0000,0.1581,0.9500,0.00,0.00,0.00,0.00
1764.00,180.000,180.000,170.000,175.000,178.499,182.693,167.943,155.387,177.446,180.462,168.622,160.821,187.925,177.584,188.143,379.334,0.0990,0.0000,0.1581,0.9500,0.00,0.00,0.00,0.00
1765.00,180.000,180.000,170.000,175.000,178.492,182.678,167.947,155.423,177.446,180.449,168.624,160.852,187.996,177.573,188.161,379.360,0.0990,0.0000,0.1582,0.9500,0.00,0.00,0.00,0.00
1766.00,180.000,180.000,170.000,175.000,178.485,182.664,167.952,155.460,177.446,180.437,168.625,160.883,188.062,177.561,188.162,379.385,0.0990,0.0000,0.1562,0.9500,0.00,0.00,0.00,0.00
1767.00,180.000,180.000,170.000,175.000,178.478,182.649,167.956,155.496,177.446,180.424,168.627,160.913,188.121,177.550,188.147,379.411,0.0990,0.0000,0.1562,0.9500,0.00,0.00,0.00,0.00
1768.00,180.000,180.000,170.000,175.000,178.471,182.634,167.961,155.532,177.446,180.412,168.628,160.944,188.175,177.538,188.133,379.436,0.0990,0.0000,0.1563,0.9500,0.00,0.00,0.00,0.00
1769.00,180.000,180.000,170.000,175.000,178.464,182.619,167.965,155.568,177.446,180.399,168.630,160.975,188.225,177.526,188.121,379.462,0.0990,0.0000,0.1563,0.9500,0.00,0.00,0.00,0.00
1770.00,180.000,180.000,170.000,175.000,178.458,182.604,167.970,155.604,177.447,180.387,168.631,161.006,188.270,177.515,188.110,379.488,0.0990,0.0000,0.1563,0.9500,0.00,0.00,0.00,0.00
1771.00,180.000,180.000,170.000,175.000,178.451,182.590,167.974,155.640,177.447,180.374,168.633,161.037,188.312,177.503,188.100,379.513,0.0990,0.0000,0.1564,0.9500,0.00,0.00,0.00,0.00
1772.00,180.000,180.000,170.000,175.000,178.444,182.575,167.978,155.675,177.448,180.362,168.634,161.068,188.446,177.492,188.091,379.539,0.1056,0.0000,0.1564,0.9500,0.00,0.00,0.00,0.00
1773.00,180.000,180.000,170.000,175.000,178.438,182.560,167.983,155.711,177.449,180.350,168.636,161.099,188.567,177.480,188.084,379.564,0.1056,0.0000,0.1564,0.9500,0.00,0.00,0.00,0.00
1774.00,180.000,180.000,170.000,175.000,178.431,182.546,167.987,155.747,177.451,180.337,168.637,161.129,188.678,177.469,188.076,379.590,0.1056,0.0000,0.1565,0.9500,0.00,0.00,0.00,0.00
1775.00,180.000,180.000,170.000,175.000,178.424,182.531,167.991,155.783,177.452,180.325,168.639,161.160,188.779,177.458,188.070,379.615,0.1056,0.0000,0.1565,0.9500,0.00,0.00,0.00,0.00
1776.00,180.000,180.000,170.000,175.000,178.418,182.516,167.996,155.819,177.454,180.312,168.640,161.191,188.870,177.446,188.065,379.640,0.1056,0.0000,0.1565,0.9500,0.00,0.00,0.00,0.00
1777.00,180.000,180.000,170.000,175.000,178.412,182.501,168.000,155.855,177.456,180.300,168.642,161.222,188.954,177.435,188.060,379.666,0.1056,0.0000,0.1566,0.9500,0.00,0.00,0.00,0.00
1778.00,180.000,180.000,170.000,175.000,178.405,182.487,168.004,155.890,177.458,180.288,168.643,161.252,189.030,177.423,188.055,379.691,0.1056,0.0000,0.1566,0.9500,0.00,0.00,0.00,0.00
1779.00,180.000,180.000,170.000,175.000,178.399,182.472,168.009,155.926,177.460,180.275,168.644,161.283,189.099,177.412,188.051,379.717,0.1056,0.0000,0.1566,0.9500,0.00,0.00,0.00,0.00
1780.00,180.000,180.000,170.000,175.000,178.393,182.458,168.013,155.962,177.463,180.263,168.646,161.314,189.163,177.401,188.048,379.742,0.1056,0.0000,0.1567,0.9500,0.00,0.00,0.00,0.00
1781.00,180.000,180.000,170.000,175.000,178.387,182.443,168.017,155.997,177.465,180.251,168.647,161.345,189.221,177.389,188.045,379.767,0.1056,0.0000,0.1567,0.9500,0.00,0.00,0.00,0.00
1782.00,180.000,180.000,170.000,175.000,178.380,182.428,168.021,156.033,177.468,180.238,168.649,161.375,189.274,177.378,188.042,379.793,0.1056,0.0000,0.1567,0.9500,0.00,0.00,0.00,0.00
1783.00,180.000,180.000,170.000,175.000,178.374,182.414,168.025,156.068,177.471,180.226,168.650,161.406,189.322,177.367,188.040,379.818,0.1056,0.0000,0.1568,0.9500,0.00,0.00,0.00,0.00
1784.00,180.000,180.000,170.000,175.000,178.368,182.399,168.030,156.104,177.474,180.214,168.651,161.437,189.367,177.356,188.038,379.844,0.1056,0.0000,0.1568,0.9500,0.00,0.00,0.00,0.00
1785.00,180.000,180.000,170.000,175.000,178.362,182.385,168.034,156.139,177.477,180.201,168.653,161.467,189.408,177.344,188.036,379.869,0.1056,0.0000,0.1568,0.9500,0.00,0.00,0.00,0.00
1786.00,180.000,180.000,170.000,175.000,178.357,182.370,168.038,156.175,177.480,180.189,168.654,161.498,189.446,177.333,188.035,379.894,0.1056,0.0000,0.1569,0.9500,0.00,0.00,0.00,0.00
1787.00,180.000,180.000,170.000,175.000,178.351,182.356,168.042,156.210,177.483,180.177,168.655,161.529,189.481,177.322,188.034,379.919,0.1056,0.0000,0.1569,0.9500,0.00,0.00,0.00,0.00
1788.00,180.000,180.000,170.000,175.000,178.345,182.341,168.046,156.246,177.487,180.165,168.657,161.559,189.641,177.311,188.032,379.945,0.1122,0.0000,0.1570,0.9500,0.00,0.00,0.00,0.00
1789.00,180.000,180.000,170.000,175.000,178.339,182.327,168.050,156.281,177.490,180.152,168.658,161.590,189.787,177.299,188.032,379.970,0.1122,0.0000,0.1550,0.9500,0.00,0.00,0.00,0.00
1790.00,180.000,180.000,170.000,175.000,178.334,182.312,168.054,156.316,177.494,180.140,168.659,161.620,189.919,177.288,187.999,379.995,0.1122,0.0000,0.1550,0.9500,0.00,0.00,0.00,0.00
1791.00,180.000,180.000,170.000,175.000,178.328,182.298,168.058,156.352,177.499,180.128,168.660,161.651,190.040,177.277,187.969,380.020,0.1122,0.0000,0.1550,0.9500,0.00,0.00,0.00,0.00
1792.00,180.000,180.000,170.000,175.000,178.323,182.283,168.062,156.387,177.503,180.116,168.662,161.682,190.150,177.266,187.942,380.046,0.1122,0.0000,0.1551,0.9500,0.00,0.00,0.00,0.00
1793.00,180.000,180.000,170.000,175.000,178.317,182.269,168.066,156.422,177.508,180.103,168.663,161.712,190.250,177.255,187.918,380.071,0.1122,0.0000,0.1551,0.9500,0.00,0.00,0.00,0.00
1794.00,180.000,180.000,170.000,175.000,178.312,182.254,168.070,156.457,177.513,180.091,168.664,161.743,190.341,177.244,187.897,380.096,0.1122,0.0000,0.1551,0.9500,0.00,0.00,0.00,0.00
1795.00,180.000,180.000,170.000,175.000,178.306,182.240,168.074,156.492,177.518,180.079,168.665,161.773,190.425,177.233,187.877,380.121,0.1122,0.0000,0.1552,0.9500,0.00,0.00,0.00,0.00
1796.00,180.000,180.000,170.000,175.000,178.301,182.226,168.078,156.528,177.523,180.067,168.666,161.804,190.501,177.222,187.859,380.146,0.1122,0.0000,0.1552,0.9500,0.00,0.00,0.00,0.00
1797.00,180.000,180.000,170.000,175.000,178.296,182.211,168.082,156.563,177.529,180.055,168.667,161.834,190.571,177.211,187.843,380.172,0.1122,0.0000,0.1552,0.9500,0.00,0.00,0.00,0.00
1798.00,180.000,180.000,170.000,175.000,178.291,182.197,168.086,156.598,177.534,180.042,168.668,161.865,190.635,177.200,187.829,380.197,0.1122,0.0000,0.1553,0.9500,0.00,0.00,0.00,0.00
1799.00,180.000,180.000,170.000,175.000,178.286,182.183,168.090,156.633,177.540,180.030,168.668,161.895,190.694,177.189,187.816,380.222,0.1122,0.0000,0.1553,0.9500,0.00,0.00,0.00,0.00
1800.00,180.000,180.000,170.000,175.000,178.281,182.168,168.093,156.668,177.546,180.018,168.669,161.926,190.748,177.178,187.804,380.247,0.1122,0.0000,0.1553,0.9500,0.00,0.00,0.00,0.00
1801.00,180.000,180.000,170.000,175.000,178.276,182.154,168.097,156.703,177.552,180.006,168.670,161.956,190.798,177.167,187.794,380.272,0.1122,0.0000,0.1554,0.9500,0.00,0.00,0.00,0.00
1802.00,180.000,180.000,170.000,175.000,178.271,182.140,168.101,156.738,177.558,179.994,168.671,161.987,190.844,177.156,187.784,380.297,0.1122,0.0000,0.1554,0.9500,0.00,0.00,0.00,0.00
1803.00,180.000,180.000,170.000,175.000,178.267,182.125,168.105,156.773,177.564,179.982,168.672,162.017,190.886,177.145,187.776,380.322,0.1122,0.0000,0.1554,0.9500,0.00,0.00,0.00,0.00
1804.00,180.000,180.000,170.000,175.000,178.262,182.111,168.109,156.808,177.570,179.970,168.673,162.048,190.925,177.135,187.768,380.347,0.1122,0.0000,0.1555,0.9500,0.00,0.00,0.00,0.00
1805.00,180.000,180.000,170.000,175.000,178.257,182.097,168.112,156.842,177.576,179.957,168.673,162.078,190.961,177.124,187.761,380.372,0.1122,0.0000,0.1555,0.9500,0.00,0.00,0.00,0.00
1806.00,180.000,180.000,170.000,175.000,178.253,182.083,168.116,156.877,177.582,179.945,168.674,162.109,190.995,177.113,187.755,380.397,0.1122,0.0000,0.1555,0.9500,0.00,0.00,0.00,0.00
1807.00,180.000,180.000,170.000,175.000,178.248,182.068,168.120,156.912,177.589,179.933,168.675,162.139,191.076,177.102,187.749,380.423,0.1188,0.0000,0.1556,0.9500,0.00,0.00,0.00,0.00
1808.00,180.000,180.000,170.000,175.000,178.244,182.054,168.123,156.947,177.596,179.921,168.676,162.169,191.196,177.091,187.744,380.448,0.1188,0.0000,0.1556,0.9500,0.00,0.00,0.00,0.00
1809.00,180.000,180.000,170.000,175.000,178.240,182.040,168.127,156.982,177.602,179.909,168.676,162.200,191.307,177.081,187.740,380.473,0.1188,0.0000,0.1556,0.9500,0.00,0.00,0.00,0.00
1810.00,180.000,180.000,170.000,175.000,178.236,182.026,168.131,157.016,177.610,179.897,168.677,162.230,191.407,177.070,187.736,380.498,0.1188,0.0000,0.1557,0.9500,0.00,0.00,0.00,0.00
1811.00,180.000,180.000,170.000,175.000,178.231,182.012,168.134,157.051,177.617,179.885,168.678,162.261,191.499,177.059,187.732,380.523,0.1188,0.0000,0.1557,0.9500,0.00,0.00,0.00,0.00
1812.00,180.000,180.000,170.000,175.000,178.227,181.998,168.138,157.086,177.624,179.873,168.678,162.291,191.583,177.048,187.729,380.548,0.1188,0.0000,0.1557,0.9500,0.00,0.00,0.00,0.00
1813.00,180.000,180.000,170.000,175.000,178.223,181.983,168.142,157.120,177.632,179.861,168.679,162.321,191.660,177.038,187.726,380.573,0.1188,0.0000,0.1558,0.9500,0.00,0.00,0.00,0.00
1814.00,180.000,180.000,170.000,175.000,178.219,181.969,168.145,157.155,177.640,179.849,168.680,162.352,191.731,177.027,187.723,380.597,0.1188,0.0000,0.1558,0.9500,0.00,0.00,0.00,0.00
1815.00,180.000,180.000,170.000,175.000,178.216,181.955,168.149,157.190,177.648,179.837,168.680,162.382,191.796,177.016,187.721,380.622,0.1188,0.0000,0.1558,0.9500,0.00,0.00,0.00,0.00
1816.00,180.000,180.000,170.000,175.000,178.212,181.941,168.152,157.224,177.656,179.825,168.681,162.413,191.856,177.006,187.702,380.647,0.1188,0.0000,0.1539,0.9500,0.00,0.00,0.00,0.00
1817.00,180.000,180.000,170.000,175.000,178.208,181.927,168.156,157.259,177.664,179.813,168.682,162.443,191.911,176.995,187.670,380.672,0.1188,0.0000,0.1539,0.9500,0.00,0.00,0.00,0.00
1818.00,180.000,180.000,170.000,175.000,178.204,181.913,168.159,157.293,177.672,179.801,168.682,162.473,191.961,176.985,187.641,380.697,0.1188,0.0000,0.1539,0.9500,0.00,0.00,0.00,0.00
1819.00,180.000,180.000,170.000,175.000,178.201,181.899,168.163,157.328,177.680,179.789,168.683,162.504,192.008,176.974,187.614,380.722,0.1188,0.0000,0.1539,0.9500,0.00,0.00,0.00,0.00
1820.00,180.000,180.000,170.000,175.000,178.198,181.885,168.166,157.362,177.689,179.777,168.683,162.534,192.052,176.964,187.590,380.747,0.1188,0.0000,0.1540,0.9500,0.00,0.00,0.00,0.00
1821.00,180.000,180.000,170.000,175.000,178.194,181.871,168.170,157.396,177.697,179.765,168.683,162.564,192.092,176.953,187.569,380.772,0.1188,0.0000,0.1540,0.9500,0.00,0.00,0.00,0.00
1822.00,180.000,180.000,170.000,175.000,178.191,181.857,168.173,157.431,177.706,179.753,168.684,162.595,192.130,176.943,187.581,380.797,0.1188,0.0000,0.1540,0.9500,0.00,0.00,0.00,0.00
1823.00,180.000,180.000,170.000,175.000,178.188,181.843,168.176,157.465,177.714,179.741,168.684,162.625,192.165,176.932,187.592,380.822,0.1188,0.0000,0.1541,0.9500,0.00,0.00,0.00,0.00
1824.00,180.000,180.000,170.000,175.000,178.185,181.829,168.180,157.500,177.723,179.730,168.685,162.655,192.198,176.922,187.603,380.847,0.1188,0.0000,0.1541,0.9500,0.00,0.00,0.00,0.00
1825.00,180.000,180.000,170.000,175.000,178.181,181.815,168.183,157.534,177.732,179.718,168.685,162.686,192.229,176.911,187.612,380.871,0.1188,0.0000,0.1541,0.9500,0.00,0.00,0.00,0.00
1826.00,180.000,180.000,170.000,175.000,178.179,181.801,168.187,157.568,177.741,179.706,168.686,162.716,192.257,176.901,187.620,380.896,0.1188,0.0000,0.1542,0.9500,0.00,0.00,0.00,0.00
1827.00,180.000,180.000,170.000,175.000,178.176,181.787,168.190,157.602,177.750,179.694,168.686,162.746,192.284,176.891,187.628,380.921,0.1188,0.0000,0.1542,0.9500,0.00,0.00,0.00,0.00
1828.00,180.000,180.000,170.000,175.000,178.173,181.773,168.193,157.637,177.758,179.682,168.687,162.777,192.310,176.880,187.635,380.946,0.1188,0.0000,0.1542,0.9500,0.00,0.00,0.00,0.00
1829.00,180.000,180.000,170.000,175.000,178.170,181.759,168.196,157.671,177.767,179.670,168.687,162.807,192.334,176.870,187.641,380.971,0.1188,0.0000,0.1543,0.9500,0.00,0.00,0.00,0.00
1830.00,180.000,180.000,170.000,175.000,178.167,181.745,168.200,157.705,177.776,179.658,168.688,162.837,192.357,176.860,187.647,380.996,0.1188,0.0000,0.1543,0.9500,0.00,0.00,0.00,0.00
1831.00,180.000,180.000,170.000,175.000,178.165,181.731,168.203,157.739,177.786,179.647,168.688,162.867,192.379,176.849,187.652,381.020,0.1188,0.0000,0.1543,0.9500,0.00,0.00,0.00,0.00
1832.00,180.000,180.000,170.000,175.000,178.162,181.718,168.206,157.773,177.795,179.635,168.689,162.898,192.400,176.839,187.657,381.045,0.1188,0.0000,0.1543,0.9500,0.00,0.00,0.00,0.00
1833.00,180.000,180.000,170.000,175.000,178.160,181.704,168.209,157.807,177.804,179.623,168.689,162.928,192.419,176.829,187.661,381.070,0.1188,0.0000,0.1544,0.9500,0.00,0.00,0.00,0.00
1834.00,180.000,180.000,170.000,175.000,178.158,181.690,168.213,157.841,177.813,179.611,168.690,162.958,192.438,176.819,187.665,381.095,0.1188,0.0000,0.1544,0.9500,0.00,0.00,0.00,0.00
1835.00,180.000,180.000,170.000,175.000,178.155,181.676,168.216,157.875,177.822,179.600,168.690,162.988,192.457,176.808,187.669,381.120,0.1188,0.0000,0.1544,0.9500,0.00,0.00,0.00,0.00
1836.00,180.000,180.000,170.000,175.000,178.153,181.662,168.219,157.910,177.831,179.588,168.691,163.019,192.474,176.798,187.672,381.144,0.1188,0.0000,0.1545,0.9500,0.00,0.00,0.00,0.00
1837.00,180.000,180.000,170.000,175.000,178.151,181.648,168.222,157.944,177.841,179.576,168.691,163.049,192.491,176.788,187.675,381.169,0.1188,0.0000,0.1545,0.9500,0.00,0.00,0.00,0.00
1838.00,180.000,180.000,170.000,175.000,178.149,181.635,168.225,157.977,177.850,179.564,168.692,163.079,192.557,176.778,187.678,381.194,0.1254,0.0000,0.1545,0.9500,0.00,0.00,0.00,0.00
1839.00,180.000,180.000,170.000,175.000,178.147,181.621,168.228,158.011,177.859,179.553,168.693,163.109,192.664,176.768,187.680,381.219,0.1254,0.0000,0.1546,0.9500,0.00,0.00,0.00,0.00
1840.00,180.000,180.000,170.000,175.000,178.145,181.607,168.231,158.045,177.869,179.541,168.693,163.140,192.762,176.758,187.682,381.243,0.1254,0.0000,0.1546,0.9500,0.00,0.00,0.00,0.00
1841.00,180.000,180.000,170.000,175.000,178.143,181.593,168.234,158.079,177.879,179.529,168.694,163.170,192.852,176.747,187.684,381.268,0.1254,0.0000,0.1546,0.9500,0.00,0.00,0.00,0.00
1842.00,180.000,180.000,170.000,175.000,178.141,181.580,168.237,158.113,177.889,179.518,168.694,163.200,192.935,176.737,187.686,381.293,0.1254,0.0000,0.1547,0.9500,0.00,0.00,0.00,0.00
1843.00,180.000,180.000,170.000,175.000,178.140,181.566,168.241,158.147,177.899,179.506,168.695,163.230,193.010,176.727,187.688,381.317,0.1254,0.0000,0.1547,0.9500,0.00,0.00,0.00,0.00
1844.00,180.000,180.000,170.000,175.000,178.138,181.552,168.244,158.181,177.910,179.494,168.695,163.260,193.080,176.717,187.690,381.342,0.1254,0.0000,0.1547,0.9500,0.00,0.00,0.00,0.00
1845.00,180.000,180.000,170.000,175.000,178.137,181.538,168.247,158.215,177.920,179.483,168.696,163.291,193.144,176.707,187.691,381.367,0.1254,0.0000,0.1547,0.9500,0.00,0.00,0.00,0.00
1846.00,180.000,180.000,170.000,175.000,178.135,181.525,168.250,158.248,177.931,179.471,168.697,163.321,193.203,176.697,187.693,381.392,0.1254,0.0000,0.1548,0.9500,0.00,0.00,0.00,0.00
1847.00,180.000,180.000,170.000,175.000,178.134,181.511,168.253,158.282,177.941,179.459,168.697,163.351,193.258,176.687,187.662,381.416,0.1254,0.0000,0.1528,0.9500,0.00,0.00,0.00,0.00
1848.00,180.000,180.000,170.000,175.000,178.133,181.497,168.255,158.316,177.952,179.448,168.698,163.381,193.309,176.677,187.634,381.441,0.1254,0.0000,0.1528,0.9500,0.00,0.00,0.00,0.00
1849.00,180.000,180.000,170.000,175.000,178.132,181.484,168.258,158.350,177.963,179.436,168.698,163.411,193.356,176.667,187.609,381.466,0.1254,0.0000,0.1529,0.9500,0.00,0.00,0.00,0.00
1850.00,180.000,180.000,170.000,175.000,178.130,181.470,168.261,158.383,177.974,179.425,168.699,163.441,193.400,176.658,187.586,381.490,0.1254,0.0000,0.1529,0.9500,0.00,0.00,0.00,0.00
1851.00,180.000,180.000,170.000,175.000,178.129,181.457,168.264,158.417,177.985,179.413,168.699,163.472,193.440,176.648,187.565,381.515,0.1254,0.0000,0.1529,0.9500,0.00,0.00,0.00,0.00
1852.00,180.000,180.000,170.000,175.000,178.128,181.443,168.267,158.451,177.996,179.402,168.699,163.502,193.478,176.638,187.547,381.539,0.1254,0.0000,0.1529,0.9500,0.00,0.00,0.00,0.00
1853.00,180.000,180.000,170.000,175.000,178.128,181.429,168.270,158.484,178.007,179.390,168.700,163.532,193.514,176.628,187.530,381.564,0.1254,0.0000,0.1530,0.9500,0.00,0.00,0.00,0.00
1854.00,180.000,180.000,170.000,175.000,178.127,181.416,168.273,158.518,178.018,179.379,168.700,163.562,193.547,176.618,187.515,381.589,0.1254,0.0000,0.1530,0.9500,0.00,0.00,0.00,0.00
1855.00,180.000,180.000,170.000,175.000,178.126,181.402,168.276,158.551,178.029,179.367,168.700,163.592,193.579,176.608,187.501,381.613,0.1254,0.0000,0.1530,0.9500,0.00,0.00,0.00,0.00
1856.00,180.000,180.000,170.000,175.000,178.125,181.389,168.279,158.585,178.040,179.356,168.700,163.622,193.608,176.599,187.488,381.638,0.1254,0.0000,0.1531,0.9500,0.00,0.00,0.00,0.00
1857.00,180.000,180.000,170.000,175.000,178.125,181.375,168.281,158.618,178.051,179.344,168.700,163.652,193.636,176.589,187.477,381.663,0.1254,0.0000,0.1531,0.9500,0.00,0.00,0.00,0.00
1858.00,180.000,180.000,170.000,175.000,178.124,181.362,168.284,158.652,178.063,179.333,168.701,163.683,193.663,176.579,187.467,381.687,0.1254,0.0000,0.1531,0.9500,0.00,0.00,0.00,0.00
1859.00,180.000,180.000,170.000,175.000,178.124,181.348,168.287,158.685,178.074,179.321,168.701,163.713,193.688,176.569,187.458,381.712,0.1254,0.0000,0.1531,0.9500,0.00,0.00,0.00,0.00
1860.00,180.000,180.000,170.000,175.000,178.124,181.335,168.290,158.719,178.085,179.310,168.701,163.743,193.712,176.560,187.449,381.736,0.1254,0.0000,0.1532,0.9500,0.00,0.00,0.00,0.00
1861.00,180.000,180.000,170.000,175.000,178.123,181.321,168.292,158.752,178.097,179.299,168.701,163.773,193.735,176.550,187.442,381.761,0.1254,0.0000,0.1532,0.9500,0.00,0.00,0.00,0.00
1862.00,180.000,180.000,170.000,175.000,178.123,181.308,168.295,158.786,178.108,179.287,168.701,163.803,193.757,176.540,187.435,381.785,0.1254,0.0000,0.1532,0.9500,0.00,0.00,0.00,0.00
1863.00,180.000,180.000,170.000,175.000,178.123,181.294,168.298,158.819,178.120,179.276,168.701,163.833,193.778,176.531,187.428,381.810,0.1254,0.0000,0.1533,0.9500,0.00,0.00,0.00,0.00
1864.00,180.000,180.000,170.000,175.000,178.123,181.281,168.300,158.852,178.131,179.264,168.701,163.863,193.798,176.521,187.423,381.835,0.1254,0.0000,0.1533,0.9500,0.00,0.00,0.00,0.00
1865.00,180.000,180.000,170.000,175.000,178.123,181.267,168.303,158.886,178.143,179.253,168.701,163.893,193.818,176.511,187.418,381.859,0.1254,0.0000,0.1533,0.9500,0.00,0.00,0.00,0.00
1866.00,180.000,180.000,170.000,175.000,178.123,181.254,168.306,158.919,178.154,179.242,168.701,163.923,193.837,176.502,187.413,381.884,0.1254,0.0000,0.1534,0.9500,0.00,0.00,0.00,0.00
1867.00,180.000,180.000,170.000,175.000,178.124,181.241,168.308,158.952,178.166,179.230,168.702,163.953,193.855,176.492,187.409,381.908,0.1254,0.0000,0.1534,0.9500,0.00,0.00,0.00,0.00
1868.00,180.000,180.000,170.000,175.000,178.124,181.227,168.311,158.986,178.178,179.219,168.702,163.983,193.873,176.483,187.405,381.933,0.1254,0.0000,0.1534,0.9500,0.00,0.00,0.00,0.00
1869.00,180.000,180.000,170.000,175.000,178.124,181.214,168.314,159.019,178.189,179.208,168.702,164.014,193.890,176.473,187.401,381.957,0.1254,0.0000,0.1534,0.9500,0.00,0.00,0.00,0.00
1870.00,180.000,180.000,170.000,175.000,178.125,181.201,168.316,159.052,178.201,179.197,168.702,164.044,193.907,176.464,187.398,381.982,0.1254,0.0000,0.1535,0.9500,0.00,0.00,0.00,0.00
1871.00,180.000,180.000,170.000,175.000,178.125,181.187,168.319,159.085,178.213,179.185,168.702,164.074,193.923,176.454,187.395,382.006,0.1254,0.0000,0.1535,0.9500,0.00,0.00,0.00,0.00
1872.00,180.000,180.000,170.000,175.000,178.126,181.174,168.321,159.119,178.224,179.174,168.702,164.104,193.939,176.445,187.393,382.031,0.1254,0.0000,0.1535,0.9500,0.00,0.00,0.00,0.00
1873.00,180.000,180.000,170.000,175.000,178.127,181.161,168.324,159.152,178.236,179.163,168.702,164.134,193.955,176.435,187.390,382.055,0.1254,0.0000,0.1536,0.9500,0.00,0.00,0.00,0.00
1874.00,180.000,180.000,170.000,175.000,178.127,181.147,168.326,159.185,178.248,179.152,168.702,164.164,193.970,176.426,187.388,382.080,0.1254,0.0000,0.1536,0.9500,0.00,0.00,0.00,0.00
1875.00,180.000,180.000,170.000,175.000,178.128,181.134,168.329,159.218,178.259,179.140,168.702,164.194,193.985,176.417,187.386,382.104,0.1254,0.0000,0.1536,0.9500,0.00,0.00,0.00,0.00
1876.00,180.000,180.000,170.000,175.000,178.129,181.121,168.331,159.251,178.271,179.129,168.702,164.224,194.000,176.407,187.384,382.129,0.1254,0.0000,0.1536,0.9500,0.00,0.00,0.00,0.00
1877.00,180.000,180.000,170.000,175.000,178.130,181.108,168.334,159.284,178.283,179.118,168.702,164.254,194.015,176.398,187.382,382.153,0.1254,0.0000,0.1537,0.9500,0.00,0.00,0.00,0.00
1878.00,180.000,180.000,170.000,175.000,178.131,181.094,168.336,159.317,178.295,179.107,168.702,164.284,194.030,176.388,187.381,382.178,0.1254,0.0000,0.1537,0.9500,0.00,0.00,0.00,0.00
1879.00,180.000,180.000,170.000,175.000,178.132,181.081,168.339,159.350,178.306,179.096,168.702,164.314,194.044,176.379,187.380,382.202,0.1254,0.0000,0.1537,0.9500,0.00,0.00,0.00,0.00
1880.00,180.000,180.000,170.000,175.000,178.133,181.068,168.341,159.383,178.318,179.085,168.702,164.344,194.058,176.370,187.378,382.226,0.1254,0.0000,0.1538,0.9500,0.00,0.00,0.00,0.00
1881.00,180.000,180.000,170.000,175.000,178.135,181.055,168.343,159.416,178.330,179.074,168.702,164.374,194.072,176.360,187.377,382.251,0.1254,0.0000,0.1538,0.9500,0.00,0.00,0.00,0.00
1882.00,180.000,180.000,170.000,175.000,178.136,181.042,168.346,159.449,178.342,179.062,168.702,164.404,194.086,176.351,187.376,382.275,0.1254,0.0000,0.1538,0.9500,0.00,0.00,0.00,0.00
1883.00,180.000,180.000,170.000,175.000,178.137,181.028,168.348,159.482,178.354,179.051,168.702,164.434,194.100,176.342,187.375,382.300,0.1254,0.0000,0.1538,0.9500,0.00,0.00,0.00,0.00
1884.00,180.000,180.000,170.000,175.000,178.139,181.015,168.351,159.515,178.365,179.040,168.702,164.464,194.113,176.333,187.374,382.324,0.1254,0.0000,0.1519,0.9500,0.00,0.00,0.00,0.00
1885.00,180.000,180.000,170.000,175.000,178.140,181.002,168.353,159.548,178.377,179.029,168.702,164.494,194.127,176.323,187.341,382.349,0.1254,0.0000,0.1519,0.9500,0.00,0.00,0.00,0.00
1886.00,180.000,180.000,170.000,175.000,178.142,180.989,168.355,159.581,178.389,179.018,168.702,164.524,194.140,176.314,187.311,382.373,0.1254,0.0000,0.1519,0.9500,0.00,0.00,0.00,0.00
1887.00,180.000,180.000,170.000,175.000,178.144,180.976,168.357,159.614,178.401,179.007,168.702,164.554,194.154,176.305,187.284,382.397,0.1254,0.0000,0.1520,0.9500,0.00,0.00,0.00,0.00
1888.00,180.000,180.000,170.000,175.000,178.145,180.963,168.360,159.647,178.413,178.996,168.701,164.584,194.167,176.296,187.260,382.422,0.1254,0.0000,0.1520,0.9500,0.00,0.00,0.00,0.00
1889.00,180.000,180.000,170.000,175.000,178.147,180.950,168.362,159.680,178.425,178.985,168.701,164.614,194.180,176.287,187.238,382.446,0.1254,0.0000,0.1520,0.9500,0.00,0.00,0.00,0.00
1890.00,180.000,180.000,170.000,175.000,178.149,180.937,168.364,159.713,178.437,178.974,168.701,164.644,194.194,176.278,187.250,382.470,0.1254,0.0000,0.1520,0.9500,0.00,0.00,0.00,0.00
1891.00,180.000,180.000,170.000,175.000,178.151,180.923,168.367,159.745,178.448,178.963,168.701,164.674,194.158,176.269,187.260,382.495,0.1188,0.0000,0.1521,0.9500,0.00,0.00,0.00,0.00
1892.00,180.000,180.000,170.000,175.000,178.153,180.910,168.369,159.778,178.460,178.952,168.701,164.704,194.079,176.259,187.270,382.519,0.1188,0.0000,0.1521,0.9500,0.00,0.00,0.00,0.00
1893.00,180.000,180.000,170.000,175.000,178.155,180.897,168.371,159.811,178.472,178.942,168.700,164.733,194.009,176.250,187.279,382.544,0.1188,0.0000,0.1521,0.9500,0.00,0.00,0.00,0.00
1894.00,180.000,180.000,170.000,175.000,178.157,180.884,168.373,159.844,178.483,178.931,168.700,164.763,193.948,176.241,187.287,382.568,0.1188,0.0000,0.1521,0.9500,0.00,0.00,0.00,0.00
1895.00,180.000,180.000,170.000,175.000,178.159,180.871,168.375,159.876,178.494,178.920,168.700,164.793,193.893,176.232,187.294,382.592,0.1188,0.0000,0.1522,0.9500,0.00,0.00,0.00,0.00
1896.00,180.000,180.000,170.000,175.000,178.161,180.858,168.377,159.909,178.505,178.909,168.700,164.823,193.844,176.223,187.300,382.617,0.1188,0.0000,0.1522,0.9500,0.00,0.00,0.00,0.00
1897.00,180.000,180.000,170.000,175.000,178.164,180.845,168.380,159.942,178.517,178.898,168.700,164.853,193.801,176.214,187.306,382.641,0.1188,0.0000,0.1522,0.9500,0.00,0.00,0.00,0.00
1898.00,180.000,180.000,170.000,175.000,178.166,180.832,168.382,159.975,178.527,178.887,168.700,164.883,193.764,176.205,187.311,382.665,0.1188,0.0000,0.1523,0.9500,0.00,0.00,0.00,0.00
1899.00,180.000,180.000,170.000,175.000,178.169,180.820,168.384,160.007,178.538,178.876,168.700,164.913,193.731,176.196,187.316,382.690,0.1188,0.0000,0.1523,0.9500,0.00,0.00,0.00,0.00
1900.00,180.000,180.000,170.000,175.000,178.171,180.807,168.386,160.040,178.549,178.866,168.700,164.943,193.702,176.187,187.320,382.714,0.1188,0.0000,0.1523,0.9500,0.00,0.00,0.00,0.00
1901.00,180.000,180.000,170.000,175.000,178.174,180.794,168.388,160.073,178.560,178.855,168.700,164.973,193.677,176.178,187.324,382.738,0.1188,0.0000,0.1523,0.9500,0.00,0.00,0.00,0.00
1902.00,180.000,180.000,170.000,175.000,178.176,180.781,168.390,160.105,178.571,178.844,168.700,165.003,193.656,176.169,187.327,382.762,0.1188,0.0000,0.1524,0.9500,0.00,0.00,0.00,0.00
1903.00,180.000,180.000,170.000,175.000,178.179,180.768,168.392,160.138,178.581,178.833,168.699,165.032,193.638,176.160,187.330,382.787,0.1188,0.0000,0.1524,0.9500,0.00,0.00,0.00,0.00
1904.00,180.000,180.000,170.000,175.000,178.181,180.755,168.394,160.170,178.592,178.822,168.699,165.062,193.622,176.152,187.333,382.811,0.1188,0.0000,0.1524,0.9500,0.00,0.00,0.00,0.00
1905.00,180.000,180.000,170.000,175.000,178.184,180.742,168.396,160.203,178.603,178.812,168.699,165.092,193.609,176.159,187.336,382.835,0.1188,0.0005,0.1524,0.9500,0.00,0.00,0.00,0.00
1906.00,180.000,180.000,170.000,175.000,178.187,180.729,168.398,160.235,178.613,178.801,168.699,165.122,193.599,176.180,187.338,382.860,0.1188,0.0005,0.1525,0.9500,0.00,0.00,0.00,0.00
1907.00,180.000,180.000,170.000,175.000,178.190,180.717,168.400,160.268,178.624,178.791,168.699,165.152,193.590,176.199,187.340,382.884,0.1188,0.0005,0.1525,0.9500,0.00,0.00,0.00,0.00
1908.00,180.000,180.000,170.000,175.000,178.193,180.704,168.402,160.300,178.634,178.780,168.699,165.182,193.583,176.215,187.342,382.908,0.1188,0.0005,0.1525,0.9500,0.00,0.00,0.00,0.00
1909.00,180.000,180.000,170.000,175.000,178.196,180.691,168.404,160.333,178.644,178.770,168.699,165.212,193.578,176.229,187.343,382.932,0.1188,0.0005,0.1526,0.9500,0.00,0.00,0.00,0.00
1910.00,180.000,180.000,170.000,175.000,178.199,180.678,168.406,160.365,178.655,178.759,168.699,165.241,193.575,176.240,187.345,382.957,0.1188,0.0005,0.1526,0.9500,0.00,0.00,0.00,0.00
1911.00,180.000,180.000,170.000,175.000,178.202,180.665,168.408,160.398,178.665,178.749,168.699,165.271,193.573,176.250,187.346,382.981,0.1188,0.0005,0.1526,0.9500,0.00,0.00,0.00,0.00
1912.00,180.000,180.000,170.000,175.000,178.205,180.653,168.410,160.430,178.676,178.739,168.699,165.301,193.572,176.258,187.347,383.005,0.1188,0.0005,0.1526,0.9500,0.00,0.00,0.00,0.00
1913.00,180.000,180.000,170.000,175.000,178.208,180.640,168.412,160.463,178.686,178.728,168.699,165.331,193.572,176.296,187.348,383.029,0.1188,0.0025,0.1527,0.9500,0.00,0.00,0.00,0.00
1914.00,180.000,180.000,170.000,175.000,178.211,180.627,168.414,160.495,178.696,178.718,168.699,165.360,193.574,176.330,187.349,383.053,0.1188,0.0025,0.1527,0.9500,0.00,0.00,0.00,0.00
1915.00,180.000,180.000,170.000,175.000,178.214,180.614,168.416,160.527,178.707,178.708,168.699,165.390,193.576,176.360,187.350,383.078,0.1188,0.0025,0.1527,0.9500,0.00,0.00,0.00,0.00
1916.00,180.000,180.000,170.000,175.000,178.218,180.602,168.418,160.560,178.717,178.698,168.699,165.420,193.579,176.386,187.350,383.102,0.1188,0.0025,0.1527,0.9500,0.00,0.00,0.00,0.00
1917.00,180.000,180.000,170.000,175.000,178.221,180.589,168.420,160.592,178.727,178.688,168.699,165.450,193.583,176.409,187.351,383.126,0.1188,0.0025,0.1528,0.9500,0.00,0.00,0.00,0.00
1918.00,180.000,180.000,170.000,175.000,178.224,180.576,168.421,160.624,178.738,178.679,168.699,165.479,193.588,176.429,187.352,383.150,0.1188,0.0025,0.1528,0.9500,0.00,0.00,0.00,0.00
1919.00,180.000,180.000,170.000,175.000,178.228,180.564,168.423,160.657,178.748,178.669,168.699,165.509,193.593,176.447,187.352,383.174,0.1188,0.0025,0.1528,0.9500,0.00,0.00,0.00,0.00
1920.00,180.000,180.000,170.000,175.000,178.231,180.551,168.425,160.689,178.758,178.659,168.699,165.539,193.599,176.462,187.352,383.199,0.1188,0.0025,0.1529,0.9500,0.00,0.00,0.00,0.00
1921.00,180.000,180.000,170.000,175.000,178.235,180.539,168.427,160.721,178.769,178.650,168.699,165.569,193.605,176.506,187.353,383.223,0.1188,0.0045,0.1529,0.9500,0.00,0.00,0.00,0.00
1922.00,180.000,180.000,170.000,175.000,178.238,180.526,168.429,160.754,178.779,178.640,168.699,165.598,193.611,176.546,187.353,383.247,0.1188,0.0045,0.1529,0.9500,0.00,0.00,0.00,0.00
1923.00,180.000,180.000,170.000,175.000,178.242,180.514,168.431,160.786,178.789,178.631,168.699,165.628,193.619,176.581,187.353,383.271,0.1188,0.0045,0.1529,0.9500,0.00,0.00,0.00,0.00
1924.00,180.000,180.000,170.000,175.000,178.246,180.501,168.432,160.818,178.800,178.622,168.699,165.658,193.626,176.613,187.354,383.295,0.1188,0.0045,0.1530,0.9500,0.00,0.00,0.00,0.00
1925.00,180.000,180.000,170.000,175.000,178.249,180.488,168.434,160.850,178.810,178.613,168.699,165.687,193.634,176.640,187.354,383.319,0.1188,0.0045,0.1530,0.9500,0.00,0.00,0.00,0.00
1926.00,180.000,180.000,170.000,175.000,178.253,180.476,168.436,160.882,178.820,178.603,168.699,165.717,193.546,176.664,187.354,383.343,0.1122,0.0045,0.1530,0.9500,0.00,0.00,0.00,0.00
1927.00,180.000,180.000,170.000,175.000,178.257,180.464,168.438,160.915,178.830,178.594,168.699,165.747,193.467,176.686,187.354,383.367,0.1122,0.0045,0.1530,0.9500,0.00,0.00,0.00,0.00
1928.00,180.000,180.000,170.000,175.000,178.261,180.451,168.439,160.947,178.840,178.585,168.699,165.776,193.397,176.704,187.354,383.392,0.1122,0.0045,0.1531,0.9500,0.00,0.00,0.00,0.00
1929.00,180.000,180.000,170.000,175.000,178.265,180.439,168.441,160.979,178.850,178.577,168.699,165.806,193.335,176.752,187.354,383.416,0.1122,0.0064,0.1531,0.9500,0.00,0.00,0.00,0.00
1930.00,180.000,180.000,170.000,175.000,178.269,180.426,168.443,161.011,178.859,178.568,168.699,165.836,193.280,176.795,187.354,383.440,0.1122,0.0064,0.1531,0.9500,0.00,0.00,0.00,0.00
1931.00,180.000,180.000,170.000,175.000,178.272,180.414,168.444,161.043,178.869,178.559,168.699,165.865,193.230,176.833,187.355,383.464,0.1122,0.0064,0.1532,0.9500,0.00,0.00,0.00,0.00
1932.00,180.000,180.000,170.000,175.000,178.276,180.402,168.446,161.075,178.878,178.551,168.699,165.895,193.187,176.866,187.355,383.488,0.1122,0.0064,0.1532,0.9500,0.00,0.00,0.00,0.00
1933.00,180.000,180.000,170.000,175.000,178.280,180.389,168.448,161.107,178.887,178.542,168.699,165.924,193.149,176.896,187.355,383.512,0.1122,0.0064,0.1532,0.9500,0.00,0.00,0.00,0.00
1934.00,180.000,180.000,170.000,175.000,178.284,180.377,168.450,161.139,178.896,178.534,168.699,165.954,193.115,176.923,187.355,383.536,0.1122,0.0064,0.1532,0.9500,0.00,0.00,0.00,0.00
1935.00,180.000,180.000,170.000,175.000,178.289,180.365,168.451,161.171,178.906,178.526,168.700,165.984,193.085,176.946,187.338,383.560,0.1122,0.0064,0.1513,0.9500,0.00,0.00,0.00,0.00
1936.00,180.000,180.000,170.000,175.000,178.293,180.353,168.453,161.203,178.915,178.517,168.699,166.013,193.059,176.967,187.308,383.584,0.1122,0.0064,0.1513,0.9500,0.00,0.00,0.00,0.00
1937.00,180.000,180.000,170.000,175.000,178.297,180.340,168.454,161.235,178.924,178.509,168.699,166.043,193.037,177.016,187.280,383.608,0.1122,0.0084,0.1513,0.9500,0.00,0.00,0.00,0.00
1938.00,180.000,180.000,170.000,175.000,178.301,180.328,168.456,161.267,178.933,178.501,168.699,166.072,193.017,177.061,187.255,383.632,0.1122,0.0084,0.1513,0.9500,0.00,0.00,0.00,0.00
1939.00,180.000,180.000,170.000,175.000,178.305,180.316,168.458,161.299,178.941,178.493,168.699,166.102,193.001,177.100,187.232,383.656,0.1122,0.0084,0.1514,0.9500,0.00,0.00,0.00,0.00
1940.00,180.000,180.000,170.000,175.000,178.309,180.304,168.459,161.331,178.950,178.486,168.699,166.131,192.987,177.136,187.212,383.680,0.1122,0.0084,0.1514,0.9500,0.00,0.00,0.00,0.00
1941.00,180.000,180.000,170.000,175.000,178.314,180.292,168.461,161.363,178.959,178.478,168.699,166.161,192.975,177.167,187.193,383.704,0.1122,0.0084,0.1514,0.9500,0.00,0.00,0.00,0.00
1942.00,180.000,180.000,170.000,175.000,178.318,180.280,168.463,161.395,178.968,178.470,168.698,166.190,192.965,177.195,187.176,383.728,0.1122,0.0084,0.1514,0.9500,0.00,0.00,0.00,0.00
1943.00,180.000,180.000,170.000,175.000,178.322,180.268,168.464,161.427,178.977,178.463,168.698,166.220,192.957,177.219,187.161,383.752,0.1122,0.0084,0.1515,0.9500,0.00,0.00,0.00,0.00
1944.00,180.000,180.000,170.000,175.000,178.327,180.256,168.466,161.459,178.985,178.455,168.698,166.249,192.951,177.241,187.147,383.776,0.1122,0.0084,0.1515,0.9500,0.00,0.00,0.00,0.00
1945.00,180.000,180.000,170.000,175.000,178.331,180.244,168.467,161.491,178.994,178.448,168.697,166.279,192.946,177.276,187.135,383.800,0.1122,0.0104,0.1515,0.9500,0.00,0.00,0.00,0.00
1946.00,180.000,180.000,170.000,175.000,178.336,180.232,168.469,161.523,179.003,178.440,168.697,166.308,192.943,177.323,187.123,383.824,0.1122,0.0104,0.1515,0.9500,0.00,0.00,0.00,0.00
1947.00,180.000,180.000,170.000,175.000,178.340,180.220,168.470,161.555,179.012,178.433,168.697,166.338,192.940,177.365,187.113,383.848,0.1122,0.0104,0.1516,0.9500,0.00,0.00,0.00,0.00
1948.00,180.000,180.000,170.000,175.000,178.344,180.208,168.472,161.586,179.020,178.426,168.696,166.367,192.939,177.403,187.103,383.872,0.1122,0.0104,0.1516,0.9500,0.00,0.00,0.00,0.00
1949.00,180.000,180.000,170.000,175.000,178.349,180.196,168.473,161.618,179.029,178.419,168.696,166.396,192.939,177.436,187.095,383.896,0.1122,0.0104,0.1516,0.9500,0.00,0.00,0.00,0.00
1950.00,180.000,180.000,170.000,175.000,178.354,180.184,168.475,161.650,179.037,178.412,168.695,166.426,192.812,177.466,187.087,383.920,0.1056,0.0104,0.1516,0.9500,0.00,0.00,0.00,0.00
1951.00,180.000,180.000,170.000,175.000,178.358,180.172,168.476,161.682,179.045,178.405,168.695,166.455,192.698,177.492,187.080,383.943,0.1056,0.0104,0.1517,0.9500,0.00,0.00,0.00,0.00
1952.00,180.000,180.000,170.000,175.000,178.363,180.161,168.478,161.714,179.054,178.399,168.694,166.485,192.596,177.516,187.073,383.967,0.1056,0.0104,0.1517,0.9500,0.00,0.00,0.00,0.00
1953.00,180.000,180.000,170.000,175.000,178.367,180.149,168.479,161.745,179.061,178.392,168.694,166.514,192.504,177.536,187.067,383.991,0.1056,0.0124,0.1517,0.9500,0.00,0.00,0.00,0.00
1954.00,180.000,180.000,170.000,175.000,178.372,180.137,168.480,161.777,179.069,178.385,168.693,166.543,192.422,177.586,187.062,384.015,0.1056,0.0124,0.1517,0.9500,0.00,0.00,0.00,0.00
1955.00,180.000,180.000,170.000,175.000,178.377,180.126,168.482,161.809,179.076,178.379,168.693,166.573,192.348,177.631,187.057,384.039,0.1056,0.0124,0.1518,0.9500,0.00,0.00,0.00,0.00
1956.00,180.000,180.000,170.000,175.000,178.381,180.114,168.483,161.840,179.084,178.372,168.692,166.602,192.282,177.671,187.053,384.063,0.1056,0.0124,0.1518,0.9500,0.00,0.00,0.00,0.00
1957.00,180.000,180.000,170.000,175.000,178.386,180.102,168.485,161.872,179.091,178.366,168.692,166.631,192.224,177.707,187.049,384.087,0.1056,0.0124,0.1518,0.9500,0.00,0.00,0.00,0.00
1958.00,180.000,180.000,170.000,175.000,178.391,180.091,168.486,161.904,179.098,178.360,168.691,166.661,192.171,177.739,187.045,384.110,0.1056,0.0124,0.1518,0.9500,0.00,0.00,0.00,0.00
1959.00,180.000,180.000,170.000,175.000,178.395,180.079,168.487,161.936,179.105,178.354,168.691,166.690,192.125,177.767,187.041,384.134,0.1056,0.0124,0.1519,0.9500,0.00,0.00,0.00,0.00
1960.00,180.000,180.000,170.000,175.000,178.400,180.068,168.489,161.967,179.112,178.348,168.690,166.719,192.083,177.793,187.038,384.158,0.1056,0.0124,0.1519,0.9500,0.00,0.00,0.00,0.00
1961.00,180.000,180.000,170.000,175.000,178.405,180.056,168.490,161.999,179.119,178.342,168.690,166.748,192.047,177.815,187.035,384.182,0.1056,0.0124,0.1519,0.9500,0.00,0.00,0.00,0.00
1962.00,180.000,180.000,170.000,175.000,178.410,180.045,168.491,162.030,179.126,178.336,168.689,166.778,192.014,177.851,187.033,384.206,0.1056,0.0144,0.1519,0.9500,0.00,0.00,0.00,0.00
1963.00,180.000,180.000,170.000,175.000,178.414,180.034,168.493,162.062,179.132,178.330,168.689,166.807,191.986,177.899,187.030,384.229,0.1056,0.0144,0.1520,0.9500,0.00,0.00,0.00,0.00
1964.00,180.000,180.000,170.000,175.000,178.419,180.022,168.494,162.094,179.139,178.324,168.688,166.836,191.961,177.942,187.028,384.253,0.1056,0.0144,0.1520,0.9500,0.00,0.00,0.00,0.00
1965.00,180.000,180.000,170.000,175.000,178.424,180.011,168.495,162.125,179.146,178.319,168.688,166.865,191.939,177.980,187.042,384.277,0.1056,0.0144,0.1520,0.9500,0.00,0.00,0.00,0.00
1966.00,180.000,180.000,170.000,175.000,178.429,180.000,168.497,162.157,179.152,178.313,168.687,166.894,191.919,178.015,187.071,384.301,0.1056,0.0144,0.1520,0.9500,0.00,0.00,0.00,0.00
1967.00,180.000,180.000,170.000,175.000,178.433,179.989,168.498,162.188,179.159,178.308,168.687,166.924,191.903,178.045,187.097,384.324,0.1056,0.0144,0.1521,0.9500,0.00,0.00,0.00,0.00
1968.00,180.000,180.000,170.000,175.000,178.438,179.977,168.499,162.220,179.165,178.303,168.687,166.953,191.889,178.073,187.120,384.348,0.1056,0.0144,0.1521,0.9500,0.00,0.00,0.00,0.00
1969.00,180.000,180.000,170.000,175.000,178.443,179.966,168.500,162.251,179.172,178.297,168.686,166.982,191.877,178.097,187.141,384.372,0.1056,0.0144,0.1521,0.9500,0.00,0.00,0.00,0.00
1970.00,180.000,180.000,170.000,175.000,178.448,179.955,168.502,162.283,179.178,178.292,168.686,167.011,191.866,178.119,187.160,384.396,0.1056,0.0144,0.1522,0.9500,0.00,0.00,0.00,0.00
1971.00,180.000,180.000,170.000,175.000,178.453,179.944,168.503,162.314,179.184,178.287,168.686,167.040,191.809,178.154,187.177,384.419,0.0990,0.0164,0.1522,0.9500,0.00,0.00,0.00,0.00
1972.00,180.000,180.000,170.000,175.000,178.458,179.933,168.504,162.346,179.191,178.282,168.686,167.069,191.710,178.202,187.193,384.443,0.0990,0.0164,0.1522,0.9500,0.00,0.00,0.00,0.00
1973.00,180.000,180.000,170.000,175.000,178.463,179.922,168.505,162.377,179.197,178.277,168.685,167.098,191.622,178.244,187.207,384.467,0.0990,0.0164,0.1522,0.9500,0.00,0.00,0.00,0.00
1974.00,180.000,180.000,170.000,175.000,178.468,179.911,168.506,162.408,179.202,178.272,168.685,167.127,191.543,178.282,187.220,384.490,0.0990,0.0164,0.1523,0.9500,0.00,0.00,0.00,0.00
1975.00,180.000,180.000,170.000,175.000,178.472,179.900,168.508,162.440,179.208,178.267,168.685,167.157,191.472,178.316,187.231,384.514,0.0990,0.0164,0.1523,0.9500,0.00,0.00,0.00,0.00
1976.00,180.000,180.000,170.000,175.000,178.477,179.889,168.509,162.471,179.214,178.263,168.685,167.186,191.408,178.347,187.242,384.538,0.0990,0.0164,0.1523,0.9500,0.00,0.00,0.00,0.00
1977.00,180.000,180.000,170.000,175.000,178.482,179.879,168.510,162.503,179.219,178.258,168.685,167.215,191.351,178.374,187.251,384.561,0.0990,0.0164,0.1523,0.9500,0.00,0.00,0.00,0.00
1978.00,180.000,180.000,170.000,175.000,178.487,179.868,168.511,162.534,179.224,178.254,168.685,167.244,191.301,178.398,187.260,384.585,0.0990,0.0164,0.1524,0.9500,0.00,0.00,0.00,0.00
1979.00,180.000,180.000,170.000,175.000,178.492,179.857,168.512,162.565,179.229,178.249,168.685,167.273,191.255,178.420,187.267,384.608,0.0990,0.0164,0.1524,0.9500,0.00,0.00,0.00,0.00
1980.00,180.000,180.000,170.000,175.000,178.497,179.846,168.513,162.597,179.235,178.245,168.685,167.302,191.215,178.456,187.274,384.632,0.0990,0.0184,0.1524,0.9500,0.00,0.00,0.00,0.00
1981.00,180.000,180.000,170.000,175.000,178.502,179.836,168.515,162.628,179.240,178.240,168.685,167.330,191.179,178.503,187.281,384.656,0.0990,0.0184,0.1524,0.9500,0.00,0.00,0.00,0.00
1982.00,180.000,180.000,170.000,175.000,178.507,179.825,168.516,162.659,179.245,178.236,168.685,167.359,191.147,178.546,187.287,384.679,0.0990,0.0184,0.1525,0.9500,0.00,0.00,0.00,0.00
1983.00,180.000,180.000,170.000,175.000,178.512,179.815,168.517,162.691,179.250,178.232,168.685,167.388,191.119,178.584,187.292,384.703,0.0990,0.0184,0.1525,0.9500,0.00,0.00,0.00,0.00
1984.00,180.000,180.000,170.000,175.000,178.517,179.804,168.518,162.722,179.254,178.228,168.685,167.417,191.094,178.619,187.297,384.726,0.0990,0.0184,0.1525,0.9500,0.00,0.00,0.00,0.00
1985.00,180.000,180.000,170.000,175.000,178.521,179.794,168.519,162.753,179.259,178.224,168.685,167.446,191.072,178.649,187.301,384.750,0.0990,0.0184,0.1525,0.9500,0.00,0.00,0.00,0.00
1986.00,180.000,180.000,170.000,175.000,178.526,179.783,168.520,162.784,179.264,178.220,168.685,167.475,191.053,178.677,187.305,384.773,0.0990,0.0184,0.1526,0.9500,0.00,0.00,0.00,0.00
1987.00,180.000,180.000,170.000,175.000,178.531,179.773,168.521,162.815,179.269,178.217,168.685,167.504,191.036,178.702,187.308,384.797,0.0990,0.0184,0.1526,0.9500,0.00,0.00,0.00,0.00
1988.00,180.000,180.000,170.000,175.000,178.536,179.762,168.522,162.847,179.274,178.213,168.685,167.533,191.022,178.724,187.312,384.820,0.0990,0.0184,0.1526,0.9500,0.00,0.00,0.00,0.00
1989.00,180.000,180.000,170.000,175.000,178.541,179.752,168.523,162.878,179.278,178.209,168.685,167.562,191.009,178.743,187.314,384.844,0.0990,0.0184,0.1526,0.9500,0.00,0.00,0.00,0.00
1990.00,180.000,180.000,170.000,175.000,178.546,179.742,168.525,162.909,179.283,178.206,168.685,167.590,190.999,178.793,187.317,384.867,0.0990,0.0204,0.1527,0.9500,0.00,0.00,0.00,0.00
1991.00,180.000,180.000,170.000,175.000,178.551,179.732,168.526,162.940,179.288,178.202,168.685,167.619,190.990,178.837,187.320,384.891,0.0924,0.0204,0.1527,0.9500,0.00,0.00,0.00,0.00
1992.00,180.000,180.000,170.000,175.000,178.556,179.722,168.527,162.971,179.292,178.199,168.685,167.648,190.886,178.877,187.322,384.914,0.0924,0.0204,0.1527,0.9500,0.00,0.00,0.00,0.00
1993.00,180.000,180.000,170.000,175.000,178.561,179.711,168.528,163.002,179.296,178.196,168.685,167.677,190.793,178.913,187.324,384.938,0.0924,0.0204,0.1527,0.9500,0.00,0.00,0.00,0.00
1994.00,180.000,180.000,170.000,175.000,178.566,179.701,168.529,163.034,179.300,178.192,168.686,167.705,190.709,178.946,187.326,384.961,0.0924,0.0204,0.1528,0.9500,0.00,0.00,0.00,0.00
1995.00,180.000,180.000,170.000,175.000,178.571,179.691,168.530,163.065,179.304,178.189,168.686,167.734,190.634,178.975,187.327,384.984,0.0924,0.0204,0.1528,0.9500,0.00,0.00,0.00,0.00
1996.00,180.000,180.000,170.000,175.000,178.575,179.681,168.531,163.096,179.308,178.186,168.686,167.763,190.567,179.001,187.329,385.008,0.0924,0.0204,0.1528,0.9500,0.00,0.00,0.00,0.00
1997.00,180.000,180.000,170.000,175.000,178.580,179.671,168.532,163.127,179.312,178.183,168.686,167.792,190.506,179.024,187.331,385.031,0.0924,0.0204,0.1528,0.9500,0.00,0.00,0.00,0.00
1998.00,180.000,180.000,170.000,175.000,178.585,179.661,168.533,163.158,179.316,178.180,168.686,167.820,190.452,179.045,187.332,385.055,0.0924,0.0204,0.1529,0.9500,0.00,0.00,0.00,0.00
1999.00,180.000,180.000,170.000,175.000,178.590,179.652,168.534,163.189,179.319,178.177,168.686,167.849,190.403,179.064,187.333,385.078,0.0924,0.0204,0.1529,0.9500,0.00,0.00,0.00,0.00
2000.00,180.000,180.000,170.000,175.000,178.595,179.642,168.535,163.220,179.323,178.175,168.686,167.877,190.360,179.112,187.334,385.101,0.0924,0.0224,0.1529,0.9500,0.00,0.00,0.00,0.00
2001.00,180.000,180.000,170.000,175.000,178.600,179.632,168.536,163.251,179.326,178.172,168.686,167.906,190.321,179.156,187.335,385.125,0.0924,0.0224,0.1529,0.9500,0.00,0.00,0.00,0.00
2002.00,180.000,180.000,170.000,175.000,178.605,179.622,168.537,163.282,179.329,178.169,168.687,167.935,190.287,179.196,187.336,385.148,0.0924,0.0224,0.1530,0.9500,0.00,0.00,0.00,0.00
2003.00,180.000,180.000,170.000,175.000,178.609,179.613,168.538,163.313,179.333,178.167,168.687,167.963,190.256,179.231,187.337,385.171,0.0924,0.0224,0.1530,0.9500,0.00,0.00,0.00,0.00
2004.00,180.000,180.000,170.000,175.000,178.614,179.603,168.539,163.344,179.336,178.164,168.687,167.992,190.229,179.263,187.338,385.194,0.0924,0.0224,0.1530,0.9500,0.00,0.00,0.00,0.00
2005.00,180.000,180.000,170.000,175.000,178.619,179.594,168.540,163.375,179.339,178.162,168.687,168.020,190.204,179.292,187.339,385.218,0.0924,0.0225,0.1530,0.9500,0.00,0.00,0.00,0.00
2006.00,180.000,180.000,170.000,175.000,178.624,179.584,168.541,163.406,179.342,178.160,168.687,168.049,190.183,179.318,187.340,385.241,0.0924,0.0225,0.1531,0.9500,0.00,0.00,0.00,0.00
2007.00,180.000,180.000,170.000,175.000,178.629,179.575,168.542,163.436,179.345,178.157,168.687,168.077,190.164,179.341,187.341,385.264,0.0924,0.0225,0.1531,0.9500,0.00,0.00,0.00,0.00
2008.00,180.000,180.000,170.000,175.000,178.633,179.565,168.543,163.467,179.348,178.155,168.687,168.106,190.148,179.362,187.341,385.287,0.0924,0.0225,0.1531,0.9500,0.00,0.00,0.00,0.00
2009.00,180.000,180.000,170.000,175.000,178.638,179.556,168.544,163.498,179.351,178.153,168.688,168.134,190.133,179.380,187.342,385.311,0.0924,0.0225,0.1531,0.9500,0.00,0.00,0.00,0.00
2010.00,180.000,180.000,170.000,175.000,178.643,179.546,168.545,163.529,179.354,178.151,168.688,168.163,190.120,179.414,187.343,385.334,0.0924,0.0245,0.1532,0.9500,0.00,0.00,0.00,0.00
2011.00,180.000,180.000,170.000,175.000,178.648,179.537,168.546,163.560,179.357,178.149,168.688,168.191,190.109,179.459,187.343,385.357,0.0924,0.0245,0.1532,0.9500,0.00,0.00,0.00,0.00
2012.00,180.000,180.000,170.000,175.000,178.652,179.528,168.547,163.591,179.360,178.147,168.688,168.220,190.035,179.500,187.344,385.380,0.0858,0.0245,0.1532,0.9500,0.00,0.00,0.00,0.00
2013.00,180.000,180.000,170.000,175.000,178.657,179.519,168.548,163.622,179.363,178.145,168.688,168.248,189.905,179.537,187.344,385.403,0.0858,0.0245,0.1532,0.9500,0.00,0.00,0.00,0.00
2014.00,180.000,180.000,170.000,175.000,178.662,179.510,168.549,163.652,179.365,178.143,168.688,168.276,189.788,179.570,187.345,385.427,0.0858,0.0245,0.1533,0.9500,0.00,0.00,0.00,0.00
2015.00,180.000,180.000,170.000,175.000,178.666,179.501,168.549,163.683,179.367,178.142,168.689,168.305,189.683,179.600,187.345,385.450,0.0858,0.0245,0.1533,0.9500,0.00,0.00,0.00,0.00
2016.00,180.000,180.000,170.000,175.000,178.671,179.491,168.550,163.714,179.369,178.140,168.689,168.333,189.588,179.627,187.330,385.473,0.0858,0.0245,0.1513,0.9500,0.00,0.00,0.00,0.00
2017.00,180.000,180.000,170.000,175.000,178.676,179.482,168.551,163.745,179.371,178.138,168.689,168.361,189.502,179.651,187.300,385.496,0.0858,0.0245,0.1513,0.9500,0.00,0.00,0.00,0.00
2018.00,180.000,180.000,170.000,175.000,178.680,179.474,168.552,163.775,179.373,178.137,168.689,168.390,189.425,179.673,187.273,385.519,0.0858,0.0245,0.1514,0.9500,0.00,0.00,0.00,0.00
2019.00,180.000,180.000,170.000,175.000,178.685,179.465,168.553,163.806,179.375,178.135,168.689,168.418,189.356,179.693,187.248,385.542,0.0858,0.0245,0.1514,0.9500,0.00,0.00,0.00,0.00
2020.00,180.000,180.000,170.000,175.000,178.689,179.456,168.554,163.837,179.376,178.134,168.689,168.446,189.294,179.711,187.226,385.565,0.0858,0.0245,0.1514,0.9500,0.00,0.00,0.00,0.00
2021.00,180.000,180.000,170.000,175.000,178.694,179.447,168.555,163.867,179.378,178.133,168.689,168.474,189.238,179.743,187.206,385.588,0.0858,0.0265,0.1514,0.9500,0.00,0.00,0.00,0.00
2022.00,180.000,180.000,170.000,175.000,178.699,179.438,168.556,163.898,179.379,178.131,168.689,168.503,189.187,179.788,187.188,385.611,0.0858,0.0265,0.1515,0.9500,0.00,0.00,0.00,0.00
2023.00,180.000,180.000,170.000,175.000,178.703,179.430,168.557,163.929,179.380,178.130,168.689,168.531,189.142,179.828,187.171,385.634,0.0858,0.0265,0.1515,0.9500,0.00,0.00,0.00,0.00
2024.00,180.000,180.000,170.000,175.000,178.708,179.421,168.558,163.959,179.381,178.129,168.689,168.559,189.102,179.864,187.157,385.657,0.0858,0.0265,0.1515,0.9500,0.00,0.00,0.00,0.00
2025.00,180.000,180.000,170.000,175.000,178.712,179.412,168.558,163.990,179.382,178.128,168.688,168.587,189.065,179.897,187.143,385.680,0.0858,0.0265,0.1515,0.9500,0.00,0.00,0.00,0.00
2026.00,180.000,180.000,170.000,175.000,178.717,179.404,168.559,164.021,179.383,178.127,168.688,168.615,189.033,179.927,187.131,385.703,0.0858,0.0265,0.1516,0.9500,0.00,0.00,0.00,0.00
2027.00,180.000,180.000,170.000,175.000,178.721,179.395,168.560,164.051,179.384,178.126,168.688,168.643,189.004,179.954,187.120,385.726,0.0858,0.0265,0.1516,0.9500,0.00,0.00,0.00,0.00
2028.00,180.000,180.000,170.000,175.000,178.725,179.387,168.561,164.082,179.385,178.125,168.688,168.671,188.978,179.978,187.110,385.749,0.0858,0.0265,0.1516,0.9500,0.00,0.00,0.00,0.00
2029.00,180.000,180.000,170.000,175.000,178.730,179.379,168.562,164.112,179.386,178.125,168.688,168.700,188.955,179.999,187.101,385.772,0.0858,0.0265,0.1516,0.9500,0.00,0.00,0.00,0.00
2030.00,180.000,180.000,170.000,175.000,178.734,179.370,168.563,164.143,179.387,178.124,168.687,168.728,188.934,180.019,187.093,385.795,0.0858,0.0265,0.1517,0.9500,0.00,0.00,0.00,0.00
2031.00,180.000,180.000,170.000,175.000,178.738,179.362,168.564,164.173,179.388,178.123,168.687,168.756,188.916,180.037,187.086,385.818,0.0858,0.0265,0.1517,0.9500,0.00,0.00,0.00,0.00
2032.00,180.000,180.000,170.000,175.000,178.743,179.354,168.564,164.204,179.389,178.122,168.687,168.784,188.899,180.053,187.079,385.841,0.0858,0.0265,0.1517,0.9500,0.00,0.00,0.00,0.00
2033.00,180.000,180.000,170.000,175.000,178.747,179.346,168.565,164.234,179.389,178.122,168.686,168.812,188.885,180.084,187.074,385.864,0.0858,0.0285,0.1517,0.9500,0.00,0.00,0.00,0.00
2034.00,180.000,180.000,170.000,175.000,178.751,179.337,168.566,164.265,179.390,178.121,168.686,168.840,188.823,180.127,187.068,385.887,0.0792,0.0285,0.1518,0.9500,0.00,0.00,0.00,0.00
2035.00,180.000,180.000,170.000,175.000,178.756,179.329,168.567,164.295,179.391,178.121,168.686,168.868,188.721,180.166,187.063,385.910,0.0792,0.0285,0.1518,0.9500,0.00,0.00,0.00,0.00
2036.00,180.000,180.000,170.000,175.000,178.760,179.321,168.568,164.326,179.391,178.121,168.686,168.895,188.629,180.202,187.059,385.932,0.0792,0.0285,0.1518,0.9500,0.00,0.00,0.00,0.00
2037.00,180.000,180.000,170.000,175.000,178.764,179.313,168.568,164.356,179.391,178.120,168.685,168.923,188.545,180.234,187.055,385.955,0.0792,0.0285,0.1518,0.9500,0.00,0.00,0.00,0.00
2038.00,180.000,180.000,170.000,175.000,178.768,179.305,168.569,164.386,179.391,178.120,168.685,168.951,188.470,180.263,187.051,385.978,0.0792,0.0285,0.1518,0.9500,0.00,0.00,0.00,0.00
2039.00,180.000,180.000,170.000,175.000,178.772,179.298,168.570,164.417,179.391,178.120,168.685,168.979,188.402,180.289,187.048,386.001,0.0792,0.0285,0.1519,0.9500,0.00,0.00,0.00,0.00
2040.00,180.000,180.000,170.000,175.000,178.776,179.290,168.571,164.447,179.391,178.120,168.684,169.007,188.342,180.312,187.045,386.024,0.0792,0.0285,0.1519,0.9500,0.00,0.00,0.00,0.00
2041.00,180.000,180.000,170.000,175.000,178.780,179.282,168.571,164.477,179.391,178.120,168.684,169.035,188.287,180.334,187.043,386.046,0.0792,0.0285,0.1519,0.9500,0.00,0.00,0.00,0.00
2042.00,180.000,180.000,170.000,175.000,178.785,179.274,168.572,164.508,179.391,178.120,168.684,169.063,188.237,180.353,187.040,386.069,0.0792,0.0285,0.1519,0.9500,0.00,0.00,0.00,0.00
2043.00,180.000,180.000,170.000,175.000,178.789,179.267,168.573,164.538,179.390,178.120,168.683,169.090,188.193,180.371,187.038,386.092,0.0792,0.0285,0.1520,0.9500,0.00,0.00,0.00,0.00
2044.00,180.000,180.000,170.000,175.000,178.793,179.259,168.574,164.568,179.390,178.120,168.683,169.118,188.153,180.387,187.036,386.115,0.0792,0.0285,0.1520,0.9500,0.00,0.00,0.00,0.00
2045.00,180.000,180.000,170.000,175.000,178.797,179.251,168.574,164.599,179.389,178.120,168.683,169.146,188.117,180.401,187.051,386.137,0.0792,0.0285,0.1520,0.9500,0.00,0.00,0.00,0.00
2046.00,180.000,180.000,170.000,175.000,178.800,179.244,168.575,164.629,179.389,178.120,168.683,169.174,188.084,180.446,187.080,386.160,0.0792,0.0305,0.1520,0.9500,0.00,0.00,0.00,0.00
2047.00,180.000,180.000,170.000,175.000,178.804,179.236,168.576,164.659,179.388,178.120,168.682,169.201,188.055,180.486,187.106,386.183,0.0792,0.0305,0.1521,0.9500,0.00,0.00,0.00,0.00
2048.00,180.000,180.000,170.000,175.000,178.808,179.229,168.576,164.689,179.387,178.120,168.682,169.229,188.029,180.523,187.130,386.205,0.0792,0.0305,0.1521,0.9500,0.00,0.00,0.00,0.00
2049.00,180.000,180.000,170.000,175.000,178.812,179.222,168.577,164.720,179.387,178.121,168.682,169.257,188.006,180.556,187.151,386.228,0.0792,0.0305,0.1521,0.9500,0.00,0.00,0.00,0.00
2050.00,180.000,180.000,170.000,175.000,178.816,179.214,168.578,164.750,179.386,178.121,168.682,169.284,187.985,180.586,187.171,386.251,0.0792,0.0305,0.1521,0.9500,0.00,0.00,0.00,0.00
2051.00,180.000,180.000,170.000,175.000,178.820,179.207,168.579,164.780,179.385,178.122,168.682,169.312,187.966,180.614,187.188,386.273,0.0792,0.0305,0.1522,0.9500,0.00,0.00,0.00,0.00
2052.00,180.000,180.000,170.000,175.000,178.823,179.200,168.579,164.810,179.385,178.122,168.682,169.339,187.950,180.638,187.204,386.296,0.0792,0.0305,0.1522,0.9500,0.00,0.00,0.00,0.00
2053.00,180.000,180.000,170.000,175.000,178.827,179.193,168.580,164.840,179.384,178.123,168.682,169.367,187.935,180.661,187.219,386.318,0.0792,0.0305,0.1522,0.9500,0.00,0.00,0.00,0.00
2054.00,180.000,180.000,170.000,175.000,178.831,179.186,168.581,164.870,179.383,178.124,168.682,169.394,187.922,180.681,187.232,386.341,0.0792,0.0305,0.1522,0.9500,0.00,0.00,0.00,0.00
2055.00,180.000,180.000,170.000,175.000,178.835,179.178,168.581,164.900,179.382,178.124,168.682,169.422,187.910,180.700,187.244,386.363,0.0792,0.0305,0.1523,0.9500,0.00,0.00,0.00,0.00
2056.00,180.000,180.000,170.000,175.000,178.838,179.171,168.582,164.931,179.381,178.125,168.683,169.449,187.900,180.716,187.255,386.386,0.0792,0.0305,0.1523,0.9500,0.00,0.00,0.00,0.00
2057.00,180.000,180.000,170.000,175.000,178.842,179.165,168.583,164.961,179.381,178.126,168.683,169.477,187.890,180.731,187.265,386.409,0.0792,0.0305,0.1523,0.9500,0.00,0.00,0.00,0.00
2058.00,180.000,180.000,170.000,175.000,178.845,179.158,168.583,164.991,179.380,178.126,168.683,169.504,187.882,180.745,187.274,386.431,0.0792,0.0306,0.1523,0.9500,0.00,0.00,0.00,0.00
2059.00,180.000,180.000,170.000,175.000,178.849,179.151,168.584,165.021,179.379,178.127,168.683,169.532,187.875,180.758,187.282,386.453,0.0792,0.0306,0.1523,0.9500,0.00,0.00,0.00,0.00
2060.00,180.000,180.000,170.000,175.000,178.852,179.144,168.585,165.051,179.378,178.128,168.683,169.559,187.820,180.801,187.290,386.476,0.0726,0.0326,0.1524,0.9500,0.00,0.00,0.00,0.00
2061.00,180.000,180.000,170.000,175.000,178.856,179.137,168.585,165.081,179.377,178.129,168.684,169.586,187.723,180.840,187.297,386.498,0.0726,0.0326,0.1524,0.9500,0.00,0.00,0.00,0.00
2062.00,180.000,180.000,170.000,175.000,178.859,179.131,168.586,165.111,179.376,178.130,168.684,169.614,187.636,180.876,187.303,386.521,0.0726,0.0326,0.1524,0.9500,0.00,0.00,0.00,0.00
2063.00,180.000,180.000,170.000,175.000,178.863,179.124,168.587,165.141,179.375,178.131,168.684,169.641,187.558,180.908,187.309,386.543,0.0726,0.0326,0.1524,0.9500,0.00,0.00,0.00,0.00
2064.00,180.000,180.000,170.000,175.000,178.866,179.117,168.587,165.171,179.373,178.132,168.684,169.668,187.487,180.937,187.314,386.566,0.0726,0.0326,0.1525,0.9500,0.00,0.00,0.00,0.00
2065.00,180.000,180.000,170.000,175.000,178.870,179.111,168.588,165.201,179.372,178.133,168.685,169.696,187.422,180.963,187.319,386.588,0.0726,0.0326,0.1525,0.9500,0.00,0.00,0.00,0.00
2066.00,180.000,180.000,170.000,175.000,178.873,179.104,168.589,165.230,179.370,178.135,168.685,169.723,187.365,180.987,187.323,386.610,0.0726,0.0326,0.1525,0.9500,0.00,0.00,0.00,0.00
2067.00,180.000,180.000,170.000,175.000,178.876,179.098,168.589,165.260,179.368,178.136,168.685,169.750,187.313,181.009,187.327,386.633,0.0726,0.0326,0.1525,0.9500,0.00,0.00,0.00,0.00
2068.00,180.000,180.000,170.000,175.000,178.880,179.091,168.590,165.290,179.367,178.137,168.686,169.777,187.265,181.029,187.331,386.655,0.0726,0.0326,0.1526,0.9500,0.00,0.00,0.00,0.00
2069.00,180.000,180.000,170.000,175.000,178.883,179.085,168.590,165.320,179.365,178.139,168.686,169.805,187.223,181.047,187.335,386.677,0.0726,0.0326,0.1526,0.9500,0.00,0.00,0.00,0.00
2070.00,180.000,180.000,170.000,175.000,178.886,179.079,168.591,165.350,179.363,178.140,168.686,169.832,187.185,181.064,187.338,386.700,0.0726,0.0326,0.1526,0.9500,0.00,0.00,0.00,0.00
2071.00,180.000,180.000,170.000,175.000,178.889,179.073,168.592,165.380,179.361,178.141,168.687,169.859,187.150,181.079,187.341,386.722,0.0726,0.0326,0.1526,0.9500,0.00,0.00,0.00,0.00
2072.00,180.000,180.000,170.000,175.000,178.892,179.066,168.592,165.410,179.359,178.143,168.687,169.886,187.119,181.092,187.344,386.744,0.0726,0.0326,0.1527,0.9500,0.00,0.00,0.00,0.00
2073.00,180.000,180.000,170.000,175.000,178.895,179.060,168.593,165.439,179.357,178.144,168.687,169.913,187.091,181.105,187.346,386.766,0.0726,0.0326,0.1527,0.9500,0.00,0.00,0.00,0.00
2074.00,180.000,180.000,170.000,175.000,178.898,179.054,168.594,165.469,179.355,178.146,168.688,169.940,187.066,181.116,187.349,386.789,0.0726,0.0326,0.1527,0.9500,0.00,0.00,0.00,0.00
2075.00,180.000,180.000,170.000,175.000,178.901,179.048,168.594,165.499,179.353,178.147,168.688,169.967,187.044,181.143,187.351,386.811,0.0726,0.0346,0.1527,0.9500,0.00,0.00,0.00,0.00
2076.00,180.000,180.000,170.000,175.000,178.904,179.042,168.595,165.529,179.351,178.149,168.689,169.994,187.023,181.182,187.353,386.833,0.0726,0.0346,0.1528,0.9500,0.00,0.00,0.00,0.00
2077.00,180.000,180.000,170.000,175.000,178.907,179.036,168.595,165.558,179.349,178.151,168.689,170.021,187.005,181.218,187.355,386.855,0.0726,0.0346,0.1528,0.9500,0.00,0.00,0.00,0.00
2078.00,180.000,180.000,170.000,175.000,178.910,179.030,168.596,165.588,179.346,178.152,168.689,170.048,186.989,181.251,187.357,386.877,0.0726,0.0346,0.1528,0.9500,0.00,0.00,0.00,0.00
2079.00,180.000,180.000,170.000,175.000,178.913,179.024,168.597,165.618,179.344,178.154,168.690,170.075,186.974,181.281,187.359,386.900,0.0726,0.0346,0.1528,0.9500,0.00,0.00,0.00,0.00
2080.00,180.000,180.000,170.000,175.000,178.916,179.019,168.597,165.647,179.342,178.156,168.690,170.102,186.961,181.308,187.361,386.922,0.0726,0.0346,0.1528,0.9500,0.00,0.00,0.00,0.00
2081.00,180.000,180.000,170.000,175.000,178.919,179.013,168.598,165.677,179.340,178.158,168.691,170.129,186.949,181.333,187.362,386.944,0.0726,0.0346,0.1529,0.9500,0.00,0.00,0.00,0.00
2082.00,180.000,180.000,170.000,175.000,178.922,179.007,168.599,165.707,179.338,178.160,168.691,170.156,186.938,181.355,187.364,386.966,0.0726,0.0346,0.1529,0.9500,0.00,0.00,0.00,0.00
2083.00,180.000,180.000,170.000,175.000,178.924,179.002,168.599,165.736,179.336,178.162,168.691,170.183,186.929,181.375,187.365,386.988,0.0726,0.0346,0.1529,0.9500,0.00,0.00,0.00,0.00
2084.00,180.000,180.000,170.000,175.000,178.927,178.996,168.600,165.766,179.333,178.164,168.692,170.210,186.921,181.394,187.367,387.010,0.0726,0.0346,0.1529,0.9500,0.00,0.00,0.00,0.00
2085.00,180.000,180.000,170.000,175.000,178.930,178.991,168.600,165.795,179.331,178.166,168.692,170.237,186.913,181.411,187.368,387.032,0.0726,0.0346,0.1530,0.9500,0.00,0.00,0.00,0.00
2086.00,180.000,180.000,170.000,175.000,178.933,178.985,168.601,165.825,179.329,178.168,168.693,170.264,186.907,181.426,187.370,387.054,0.0726,0.0346,0.1530,0.9500,0.00,0.00,0.00,0.00
2087.00,180.000,180.000,170.000,175.000,178.935,178.980,168.602,165.855,179.327,178.170,168.693,170.290,186.901,181.440,187.371,387.076,0.0726,0.0346,0.1530,0.9500,0.00,0.00,0.00,0.00
2088.00,180.000,180.000,170.000,175.000,178.938,178.974,168.602,165.884,179.325,178.172,168.694,170.317,186.896,181.453,187.372,387.098,0.0726,0.0346,0.1530,0.9500,0.00,0.00,0.00,0.00
2089.00,180.000,180.000,170.000,175.000,178.940,178.969,168.603,165.914,179.323,178.174,168.694,170.344,186.891,181.465,187.373,387.120,0.0726,0.0346,0.1531,0.9500,0.00,0.00,0.00,0.00
2090.00,180.000,180.000,170.000,175.000,178.943,178.964,168.603,165.943,179.321,178.176,168.695,170.371,186.887,181.476,187.375,387.142,0.0726,0.0346,0.1531,0.9500,0.00,0.00,0.00,0.00
2091.00,180.000,180.000,170.000,175.000,178.945,178.958,168.604,165.972,179.319,178.178,168.695,170.397,186.884,181.486,187.376,387.164,0.0726,0.0346,0.1531,0.9500,0.00,0.00,0.00,0.00
2092.00,180.000,180.000,170.000,175.000,178.948,178.953,168.605,166.002,179.317,178.180,168.696,170.424,186.881,181.495,187.377,387.186,0.0726,0.0346,0.1531,0.9500,0.00,0.00,0.00,0.00
2093.00,180.000,180.000,170.000,175.000,178.950,178.948,168.605,166.031,179.315,178.183,168.696,170.451,186.879,181.520,187.378,387.208,0.0660,0.0367,0.1532,0.9500,0.00,0.00,0.00,0.00
2094.00,180.000,180.000,170.000,175.000,178.953,178.943,168.606,166.061,179.312,178.185,168.697,170.477,186.749,181.558,187.379,387.230,0.0660,0.0367,0.1532,0.9500,0.00,0.00,0.00,0.00
2095.00,180.000,180.000,170.000,175.000,178.955,178.938,168.607,166.090,179.310,178.187,168.697,170.504,186.631,181.593,187.380,387.252,0.0660,0.0367,0.1532,0.9500,0.00,0.00,0.00,0.00
2096.00,180.000,180.000,170.000,175.000,178.957,178.933,168.607,166.120,179.307,178.190,168.698,170.530,186.525,181.624,187.381,387.274,0.0660,0.0367,0.1532,0.9500,0.00,0.00,0.00,0.00
2097.00,180.000,180.000,170.000,175.000,178.960,178.928,168.608,166.149,179.305,178.192,168.698,170.557,186.429,181.653,187.383,387.295,0.0660,0.0367,0.1532,0.9500,0.00,0.00,0.00,0.00
2098.00,180.000,180.000,170.000,175.000,178.962,178.923,168.608,166.178,179.302,178.194,168.699,170.584,186.343,181.679,187.384,387.317,0.0660,0.0367,0.1533,0.9500,0.00,0.00,0.00,0.00
2099.00,180.000,180.000,170.000,175.000,178.964,178.918,168.609,166.208,179.299,178.197,168.699,170.610,186.264,181.702,187.385,387.339,0.0660,0.0367,0.1533,0.9500,0.00,0.00,0.00,0.00
2100.00,180.000,180.000,170.000,175.000,178.967,178.914,168.610,166.237,179.296,178.200,168.700,170.637,186.194,181.724,187.386,387.361,0.0660,0.0367,0.1533,0.9500,0.00,0.00,0.00,0.00
2101.00,180.000,180.000,170.000,175.000,178.969,178.909,168.610,166.266,179.292,178.202,168.700,170.663,186.129,181.744,187.387,387.383,0.0660,0.0367,0.1533,0.9500,0.00,0.00,0.00,0.00
2102.00,180.000,180.000,170.000,175.000,178.971,178.904,168.611,166.295,179.289,178.205,168.701,170.689,186.072,181.762,187.388,387.404,0.0660,0.0367,0.1534,0.9500,0.00,0.00,0.00,0.00
2103.00,180.000,180.000,170.000,175.000,178.973,178.899,168.611,166.325,179.286,178.207,168.701,170.716,186.019,181.778,187.389,387.426,0.0660,0.0367,0.1534,0.9500,0.00,0.00,0.00,0.00
2104.00,180.000,180.000,170.000,175.000,178.975,178.895,168.612,166.354,179.282,178.210,168.702,170.742,185.972,181.793,187.390,387.448,0.0660,0.0367,0.1534,0.9500,0.00,0.00,0.00,0.00
2105.00,180.000,180.000,170.000,175.000,178.977,178.890,168.613,166.383,179.279,178.213,168.702,170.769,185.929,181.807,187.391,387.470,0.0660,0.0367,0.1534,0.9500,0.00,0.00,0.00,0.00
2106.00,180.000,180.000,170.000,175.000,178.979,178.886,168.613,166.412,179.275,178.215,168.703,170.795,185.890,181.820,187.392,387.491,0.0660,0.0367,0.1535,0.9500,0.00,0.00,0.00,0.00
2107.00,180.000,180.000,170.000,175.000,178.981,178.881,168.614,166.441,179.271,178.218,168.704,170.821,185.855,181.832,187.393,387.513,0.0660,0.0367,0.1535,0.9500,0.00,0.00,0.00,0.00
2108.00,180.000,180.000,170.000,175.000,178.983,178.877,168.614,166.471,179.268,178.221,168.704,170.848,185.824,181.842,187.394,387.535,0.0660,0.0367,0.1535,0.9500,0.00,0.00,0.00,0.00
2109.00,180.000,180.000,170.000,175.000,178.985,178.873,168.615,166.500,179.264,178.224,168.705,170.874,185.795,181.852,187.395,387.556,0.0660,0.0367,0.1535,0.9500,0.00,0.00,0.00,0.00
2110.00,180.000,180.000,170.000,175.000,178.987,178.868,168.616,166.529,179.260,178.226,168.705,170.900,185.769,181.861,187.396,387.578,0.0660,0.0367,0.1536,0.9500,0.00,0.00,0.00,0.00
2111.00,180.000,180.000,170.000,175.000,178.989,178.864,168.616,166.558,179.257,178.229,168.706,170.926,185.746,181.870,187.398,387.599,0.0660,0.0367,0.1536,0.9500,0.00,0.00,0.00,0.00
2112.00,180.000,180.000,170.000,175.000,178.990,178.860,168.617,166.587,179.253,178.232,168.706,170.953,185.725,181.878,187.399,387.621,0.0660,0.0367,0.1536,0.9500,0.00,0.00,0.00,0.00
2113.00,180.000,180.000,170.000,175.000,178.992,178.856,168.617,166.616,179.249,178.235,168.707,170.979,185.706,181.885,187.400,387.643,0.0660,0.0367,0.1536,0.9500,0.00,0.00,0.00,0.00
2114.00,180.000,180.000,170.000,175.000,178.994,178.852,168.618,166.645,179.245,178.238,168.708,171.005,185.688,181.892,187.401,387.664,0.0660,0.0367,0.1537,0.9500,0.00,0.00,0.00,0.00
2115.00,180.000,180.000,170.000,175.000,178.995,178.848,168.618,166.674,179.242,178.240,168.708,171.031,185.673,181.914,187.402,387.686,0.0660,0.0387,0.1537,0.9500,0.00,0.00,0.00,0.00
2116.00,180.000,180.000,170.000,175.000,178.997,178.843,168.619,166.703,179.238,178.243,168.709,171.057,185.659,181.950,187.403,387.707,0.0660,0.0387,0.1537,0.9500,0.00,0.00,0.00,0.00
2117.00,180.000,180.000,170.000,175.000,178.999,178.839,168.620,166.732,179.234,178.246,168.710,171.083,185.646,181.983,187.404,387.729,0.0660,0.0387,0.1537,0.9500,0.00,0.00,0.00,0.00
2118.00,180.000,180.000,170.000,175.000,179.000,178.836,168.620,166.761,179.230,178.249,168.710,171.110,185.635,182.013,187.405,387.750,0.0660,0.0387,0.1537,0.9500,0.00,0.00,0.00,0.00
2119.00,180.000,180.000,170.000,175.000,179.002,178.832,168.621,166.790,179.227,178.252,168.711,171.136,185.624,182.041,187.406,387.772,0.0660,0.0387,0.1538,0.9500,0.00,0.00,0.00,0.00
2120.00,180.000,180.000,170.000,175.000,179.003,178.828,168.621,166.819,179.223,178.255,168.711,171.162,185.615,182.066,187.407,387.793,0.0660,0.0387,0.1538,0.9500,0.00,0.00,0.00,0.00
2121.00,180.000,180.000,170.000,175.000,179.005,178.824,168.622,166.848,179.219,178.258,168.712,171.188,185.606,182.088,187.408,387.815,0.0660,0.0387,0.1538,0.9500,0.00,0.00,0.00,0.00
2122.00,180.000,180.000,170.000,175.000,179.006,178.820,168.623,166.877,179.215,178.262,168.713,171.214,185.599,182.109,187.410,387.836,0.0660,0.0387,0.1538,0.9500,0.00,0.00,0.00,0.00
2123.00,180.000,180.000,170.000,175.000,179.007,178.817,168.623,166.905,179.212,178.265,168.713,171.240,185.592,182.128,187.411,387.857,0.0660,0.0388,0.1539,0.9500,0.00,0.00,0.00,0.00
2124.00,180.000,180.000,170.000,175.000,179.009,178.813,168.624,166.934,179.208,178.268,168.714,171.266,185.586,182.146,187.412,387.879,0.0660,0.0388,0.1539,0.9500,0.00,0.00,0.00,0.00
2125.00,180.000,180.000,170.000,175.000,179.010,178.809,168.624,166.963,179.204,178.271,168.715,171.291,185.580,182.162,187.413,387.900,0.0660,0.0388,0.1539,0.9500,0.00,0.00,0.00,0.00
2126.00,180.000,180.000,170.000,175.000,179.011,178.806,168.625,166.992,179.201,178.274,168.715,171.317,185.575,182.176,187.414,387.921,0.0660,0.0388,0.1539,0.9500,0.00,0.00,0.00,0.00
2127.00,180.000,180.000,170.000,175.000,179.013,178.802,168.626,167.021,179.197,178.278,168.716,171.343,185.571,182.190,187.415,387.943,0.0660,0.0388,0.1540,0.9500,0.00,0.00,0.00,0.00
2128.00,180.000,180.000,170.000,175.000,179.014,178.799,168.626,167.049,179.193,178.281,168.717,171.369,185.567,182.202,187.416,387.964,0.0660,0.0388,0.1540,0.9500,0.00,0.00,0.00,0.00
2129.00,180.000,180.000,170.000,175.000,179.015,178.795,168.627,167.078,179.190,178.284,168.717,171.395,185.563,182.214,187.434,387.985,0.0660,0.0388,0.1540,0.9500,0.00,0.00,0.00,0.00
2130.00,180.000,180.000,170.000,175.000,179.016,178.792,168.627,167.107,179.186,178.288,168.718,171.421,185.560,182.224,187.466,388.007,0.0660,0.0388,0.1540,0.9500,0.00,0.00,0.00,0.00
2131.00,180.000,180.000,170.000,175.000,179.017,178.789,168.628,167.136,179.183,178.291,168.719,171.447,185.557,182.234,187.494,388.028,0.0660,0.0388,0.1541,0.9500,0.00,0.00,0.00,0.00
2132.00,180.000,180.000,170.000,175.000,179.018,178.785,168.629,167.164,179.179,178.294,168.720,171.472,185.555,182.243,187.521,388.049,0.0660,0.0388,0.1541,0.9500,0.00,0.00,0.00,0.00
2133.00,180.000,180.000,170.000,175.000,179.020,178.782,168.629,167.193,179.175,178.298,168.721,171.498,185.553,182.251,187.544,388.070,0.0660,0.0388,0.1541,0.9500,0.00,0.00,0.00,0.00
2134.00,180.000,180.000,170.000,175.000,179.021,178.779,168.630,167.222,179.172,178.301,168.722,171.524,185.551,182.259,187.566,388.092,0.0660,0.0388,0.1541,0.9500,0.00,0.00,0.00,0.00
2135.00,180.000,180.000,170.000,175.000,179.022,178.776,168.631,167.250,179.169,178.304,168.723,171.549,185.549,182.266,187.586,388.113,0.0660,0.0388,0.1542,0.9500,0.00,0.00,0.00,0.00
2136.00,180.000,180.000,170.000,175.000,179.023,178.772,168.631,167.279,179.165,178.308,168.724,171.575,185.547,182.273,187.604,388.134,0.0660,0.0388,0.1542,0.9500,0.00,0.00,0.00,0.00
2137.00,180.000,180.000,170.000,175.000,179.023,178.769,168.632,167.307,179.162,178.311,168.725,171.601,185.546,182.280,187.620,388.155,0.0660,0.0388,0.1542,0.9500,0.00,0.00,0.00,0.00
2138.00,180.000,180.000,170.000,175.000,179.024,178.766,168.632,167.336,179.158,178.314,168.726,171.626,185.545,182.286,187.636,388.176,0.0660,0.0388,0.1542,0.9500,0.00,0.00,0.00,0.00
2139.00,180.000,180.000,170.000,175.000,179.025,178.763,168.633,167.365,179.155,178.318,168.727,171.652,185.544,182.291,187.649,388.197,0.0660,0.0388,0.1542,0.9500,0.00,0.00,0.00,0.00
2140.00,180.000,180.000,170.000,175.000,179.026,178.760,168.634,167.393,179.152,178.321,168.728,171.678,185.543,182.297,187.662,388.219,0.0660,0.0388,0.1543,0.9500,0.00,0.00,0.00,0.00
2141.00,180.000,180.000,170.000,175.000,179.027,178.757,168.634,167.422,179.148,178.324,168.729,171.703,185.543,182.302,187.674,388.240,0.0660,0.0388,0.1543,0.9500,0.00,0.00,0.00,0.00
2142.00,180.000,180.000,170.000,175.000,179.028,178.755,168.635,167.450,179.145,178.328,168.731,171.729,185.542,182.306,187.684,388.261,0.0660,0.0388,0.1543,0.9500,0.00,0.00,0.00,0.00
2143.00,180.000,180.000,170.000,175.000,179.029,178.752,168.636,167.479,179.142,178.331,168.732,171.754,185.542,182.311,187.694,388.282,0.0660,0.0388,0.1543,0.9500,0.00,0.00,0.00,0.00
2144.00,180.000,180.000,170.000,175.000,179.029,178.749,168.636,167.507,179.138,178.335,168.733,171.780,185.542,182.332,187.703,388.303,0.0660,0.0408,0.1544,0.9500,0.00,0.00,0.00,0.00
2145.00,180.000,180.000,170.000,175.000,179.030,178.746,168.637,167.535,179.135,178.338,168.734,171.805,185.542,182.366,187.711,388.324,0.0660,0.0408,0.1544,0.9500,0.00,0.00,0.00,0.00
2146.00,180.000,180.000,170.000,175.000,179.031,178.744,168.637,167.564,179.132,178.341,168.736,171.831,185.542,182.398,187.719,388.345,0.0660,0.0408,0.1544,0.9500,0.00,0.00,0.00,0.00
2147.00,180.000,180.000,170.000,175.000,179.031,178.741,168.638,167.592,179.129,178.345,168.737,171.856,185.542,182.426,187.726,388.366,0.0660,0.0408,0.1544,0.9500,0.00,0.00,0.00,0.00
2148.00,180.000,180.000,170.000,175.000,179.032,178.738,168.639,167.621,179.126,178.349,168.738,171.881,185.542,182.452,187.733,388.387,0.0660,0.0408,0.1545,0.9500,0.00,0.00,0.00,0.00
2149.00,180.000,180.000,170.000,175.000,179.033,178.736,168.639,167.649,179.123,178.352,168.740,171.907,185.542,182.476,187.739,388.408,0.0660,0.0408,0.1545,0.9500,0.00,0.00,0.00,0.00
2150.00,180.000,180.000,170.000,175.000,179.033,178.733,168.640,167.677,179.120,178.356,168.741,171.932,185.543,182.498,187.745,388.429,0.0660,0.0409,0.1545,0.9500,0.00,0.00,0.00,0.00
2151.00,180.000,180.000,170.000,175.000,179.034,178.731,168.641,167.706,179.117,178.359,168.742,171.958,185.543,182.518,187.750,388.450,0.0660,0.0409,0.1545,0.9500,0.00,0.00,0.00,0.00
2152.00,180.000,180.000,170.000,175.000,179.034,178.728,168.641,167.734,179.114,178.363,168.744,171.983,185.543,182.537,187.755,388.471,0.0660,0.0409,0.1546,0.9500,0.00,0.00,0.00,0.00
2153.00,180.000,180.000,170.000,175.000,179.035,178.726,168.642,167.762,179.111,178.367,168.745,172.008,185.544,182.553,187.760,388.491,0.0660,0.0409,0.1546,0.9500,0.00,0.00,0.00,0.00
2154.00,180.000,180.000,170.000,175.000,179.035,178.723,168.643,167.790,179.108,178.371,168.747,172.034,185.545,182.569,187.765,388.512,0.0660,0.0409,0.1546,0.9500,0.00,0.00,0.00,0.00
2155.00,180.000,180.000,170.000,175.000,179.036,178.721,168.644,167.819,179.105,178.374,168.748,172.059,185.545,182.583,187.769,388.533,0.0660,0.0409,0.1546,0.9500,0.00,0.00,0.00,0.00
2156.00,180.000,180.000,170.000,175.000,179.036,178.719,168.644,167.847,179.102,178.378,168.749,172.084,185.546,182.596,187.773,388.554,0.0660,0.0409,0.1547,0.9500,0.00,0.00,0.00,0.00
2157.00,180.000,180.000,170.000,175.000,179.037,178.716,168.645,167.875,179.099,178.382,168.751,172.109,185.547,182.609,187.777,388.575,0.0660,0.0409,0.1547,0.9500,0.00,0.00,0.00,0.00
2158.00,180.000,180.000,170.000,175.000,179.037,178.714,168.646,167.903,179.096,178.386,168.752,172.134,185.547,182.620,187.780,388.596,0.0660,0.0409,0.1547,0.9500,0.00,0.00,0.00,0.00
2159.00,180.000,180.000,170.000,175.000,179.037,178.712,168.646,167.931,179.093,178.389,168.754,172.160,185.548,182.630,187.784,388.616,0.0660,0.0409,0.1547,0.9500,0.00,0.00,0.00,0.00
2160.00,180.000,180.000,170.000,175.000,179.038,178.710,168.647,167.960,179.091,178.393,168.755,172.185,185.549,182.640,187.787,388.637,0.0660,0.0409,0.1547,0.9500,0.00,0.00,0.00,0.00
2161.00,180.000,180.000,170.000,175.000,179.038,178.708,168.648,167.988,179.088,178.397,168.757,172.210,185.550,182.649,187.790,388.658,0.0660,0.0409,0.1548,0.9500,0.00,0.00,0.00,0.00
2162.00,180.000,180.000,170.000,175.000,179.039,178.706,168.649,168.016,179.085,178.401,168.758,172.235,185.551,182.658,187.793,388.679,0.0660,0.0409,0.1548,0.9500,0.00,0.00,0.00,0.00
2163.00,180.000,180.000,170.000,175.000,179.039,178.704,168.649,168.044,179.082,178.405,168.760,172.260,185.552,182.665,187.796,388.699,0.0660,0.0409,0.1548,0.9500,0.00,0.00,0.00,0.00
2164.00,180.000,180.000,170.000,175.000,179.039,178.702,168.650,168.072,179.080,178.408,168.761,172.285,185.553,182.673,187.799,388.720,0.0660,0.0409,0.1548,0.9500,0.00,0.00,0.00,0.00
2165.00,180.000,180.000,170.000,175.000,179.039,178.700,168.651,168.100,179.077,178.412,168.762,172.310,185.554,182.680,187.770,388.741,0.0660,0.0409,0.1529,0.9500,0.00,0.00,0.00,0.00
2166.00,180.000,180.000,170.000,175.000,179.040,178.698,168.651,168.128,179.075,178.416,168.764,172.335,185.555,182.686,187.744,388.761,0.0660,0.0409,0.1529,0.9500,0.00,0.00,0.00,0.00
2167.00,180.000,180.000,170.000,175.000,179.040,178.696,168.652,168.156,179.072,178.420,168.765,172.360,185.557,182.692,187.720,388.782,0.0660,0.0409,0.1529,0.9500,0.00,0.00,0.00,0.00
2168.00,180.000,180.000,170.000,175.000,179.040,178.694,168.653,168.184,179.069,178.424,168.767,172.385,185.558,182.698,187.699,388.803,0.0660,0.0409,0.1529,0.9500,0.00,0.00,0.00,0.00
2169.00,180.000,180.000,170.000,175.000,179.040,178.692,168.654,168.212,179.067,178.428,168.768,172.410,185.559,182.704,187.680,388.823,0.0660,0.0409,0.1530,0.9500,0.00,0.00,0.00,0.00
2170.00,180.000,180.000,170.000,175.000,179.040,178.691,168.654,168.240,179.064,178.431,168.769,172.435,185.560,182.709,187.663,388.844,0.0660,0.0409,0.1530,0.9500,0.00,0.00,0.00,0.00
2171.00,180.000,180.000,170.000,175.000,179.041,178.689,168.655,168.268,179.062,178.435,168.770,172.460,185.562,182.714,187.647,388.865,0.0660,0.0409,0.1530,0.9500,0.00,0.00,0.00,0.00
2172.00,180.000,180.000,170.000,175.000,179.041,178.687,168.656,168.296,179.060,178.439,168.772,172.485,185.563,182.719,187.634,388.885,0.0660,0.0409,0.1530,0.9500,0.00,0.00,0.00,0.00
2173.00,180.000,180.000,170.000,175.000,179.041,178.686,168.657,168.324,179.057,178.443,168.773,172.510,185.564,182.723,187.621,388.906,0.0660,0.0409,0.1530,0.9500,0.00,0.00,0.00,0.00
2174.00,180.000,180.000,170.000,175.000,179.041,178.684,168.658,168.351,179.055,178.447,168.774,172.535,185.566,182.728,187.611,388.926,0.0660,0.0409,0.1531,0.9500,0.00,0.00,0.00,0.00
2175.00,180.000,180.000,170.000,175.000,179.041,178.682,168.658,168.379,179.052,178.451,168.775,172.560,185.567,182.732,187.601,388.947,0.0660,0.0409,0.1531,0.9500,0.00,0.00,0.00,0.00
2176.00,180.000,180.000,170.000,175.000,179.041,178.681,168.659,168.407,179.050,178.454,168.776,172.585,185.569,182.736,187.592,388.967,0.0660,0.0410,0.1531,0.9500,0.00,0.00,0.00,0.00
2177.00,180.000,180.000,170.000,175.000,179.041,178.679,168.660,168.435,179.048,178.458,168.777,172.609,185.570,182.740,187.585,388.988,0.0660,0.0410,0.1531,0.9500,0.00,0.00,0.00,0.00
2178.00,180.000,180.000,170.000,175.000,179.041,178.678,168.661,168.463,179.046,178.462,168.778,172.634,185.572,182.744,187.578,389.008,0.0660,0.0410,0.1532,0.9500,0.00,0.00,0.00,0.00
2179.00,180.000,180.000,170.000,175.000,179.041,178.677,168.661,168.490,179.043,178.466,168.779,172.659,185.573,182.748,187.572,389.029,0.0660,0.0410,0.1532,0.9500,0.00,0.00,0.00,0.00
2180.00,180.000,180.000,170.000,175.000,179.041,178.675,168.662,168.518,179.041,178.470,168.781,172.684,185.575,182.751,187.567,389.049,0.0660,0.0410,0.1532,0.9500,0.00,0.00,0.00,0.00
2181.00,180.000,180.000,170.000,175.000,179.041,178.674,168.663,168.546,179.039,178.473,168.782,172.709,185.576,182.755,187.562,389.070,0.0660,0.0410,0.1532,0.9500,0.00,0.00,0.00,0.00
2182.00,180.000,180.000,170.000,175.000,179.041,178.672,168.664,168.574,179.037,178.477,168.783,172.733,185.578,182.758,187.558,389.090,0.0660,0.0410,0.1532,0.9500,0.00,0.00,0.00,0.00
2183.00,180.000,180.000,170.000,175.000,179.041,178.671,168.665,168.601,179.035,178.481,168.784,172.758,185.580,182.762,187.555,389.111,0.0660,0.0410,0.1533,0.9500,0.00,0.00,0.00,0.00
2184.00,180.000,180.000,170.000,175.000,179.041,178.670,168.665,168.629,179.033,178.485,168.785,172.783,185.581,182.765,187.552,389.131,0.0660,0.0410,0.1533,0.9500,0.00,0.00,0.00,0.00
2185.00,180.000,180.000,170.000,175.000,179.041,178.669,168.666,168.657,179.031,178.488,168.786,172.807,185.583,182.768,187.549,389.151,0.0660,0.0410,0.1533,0.9500,0.00,0.00,0.00,0.00
2186.00,180.000,180.000,170.000,175.000,179.041,178.668,168.667,168.684,179.029,178.492,168.787,172.832,185.585,182.771,187.547,389.172,0.0660,0.0410,0.1533,0.9500,0.00,0.00,0.00,0.00
2187.00,180.000,180.000,170.000,175.000,179.041,178.666,168.668,168.712,179.027,178.496,168.788,172.857,185.587,182.774,187.545,389.192,0.0660,0.0410,0.1534,0.9500,0.00,0.00,0.00,0.00
2188.00,180.000,180.000,170.000,175.000,179.041,178.665,168.669,168.739,179.025,178.500,168.789,172.881,185.588,182.777,187.544,389.212,0.0660,0.0410,0.1534,0.9500,0.00,0.00,0.00,0.00
2189.00,180.000,180.000,170.000,175.000,179.041,178.664,168.669,168.767,179.023,178.503,168.790,172.906,185.590,182.780,187.542,389.233,0.0660,0.0410,0.1534,0.9500,0.00,0.00,0.00,0.00
2190.00,180.000,180.000,170.000,175.000,179.041,178.663,168.670,168.794,179.021,178.507,168.791,172.930,185.592,182.783,187.541,389.253,0.0660,0.0410,0.1534,0.9500,0.00,0.00,0.00,0.00
2191.00,180.000,180.000,170.000,175.000,179.040,178.662,168.671,168.822,179.019,178.511,168.792,172.955,185.594,182.786,187.541,389.273,0.0660,0.0410,0.1534,0.9500,0.00,0.00,0.00,0.00
2192.00,180.000,180.000,170.000,175.000,179.040,178.661,168.672,168.849,179.017,178.515,168.793,172.980,185.596,182.789,187.540,389.294,0.0660,0.0410,0.1535,0.9500,0.00,0.00,0.00,0.00
2193.00,180.000,180.000,170.000,175.000,179.040,178.660,168.673,168.877,179.016,178.518,168.795,173.004,185.598,182.792,187.540,389.314,0.0660,0.0410,0.1535,0.9500,0.00,0.00,0.00,0.00
2194.00,180.000,180.000,170.000,175.000,179.040,178.659,168.673,168.904,179.014,178.522,168.796,173.029,185.600,182.795,187.540,389.334,0.0660,0.0410,0.1535,0.9500,0.00,0.00,0.00,0.00
2195.00,180.000,180.000,170.000,175.000,179.040,178.658,168.674,168.932,179.012,178.526,168.797,173.053,185.602,182.798,187.540,389.354,0.0660,0.0410,0.1535,0.9500,0.00,0.00,0.00,0.00
2196.00,180.000,180.000,170.000,175.000,179.040,178.657,168.675,168.959,179.011,178.530,168.798,173.078,185.604,182.801,187.540,389.374,0.0660,0.0410,0.1536,0.9500,0.00,0.00,0.00,0.00
2197.00,180.000,180.000,170.000,175.000,179.039,178.657,168.676,168.987,179.009,178.533,168.799,173.102,185.606,182.803,187.541,389.395,0.0660,0.0410,0.1536,0.9500,0.00,0.00,0.00,0.00
2198.00,180.000,180.000,170.000,175.000,179.039,178.656,168.677,169.014,179.007,178.537,168.800,173.126,185.608,182.806,187.541,389.415,0.0660,0.0410,0.1536,0.9500,0.00,0.00,0.00,0.00
2199.00,180.000,180.000,170.000,175.000,179.039,178.655,168.678,169.041,179.006,178.541,168.801,173.151,185.610,182.809,187.542,389.435,0.0660,0.0410,0.1536,0.9500,0.00,0.00,0.00,0.00
2200.00,180.000,180.000,170.000,175.000,179.039,178.654,168.678,169.069,179.004,178.544,168.802,173.175,185.612,182.812,187.542,389.455,0.0660,0.0410,0.1536,0.9500,0.00,0.00,0.00,0.00
2201.00,180.000,180.000,170.000,175.000,179.039,178.653,168.679,169.096,179.002,178.548,168.803,173.200,185.614,182.814,187.543,389.475,0.0660,0.0411,0.1537,0.9500,0.00,0.00,0.00,0.00
2202.00,180.000,180.000,170.000,175.000,179.038,178.653,168.680,169.123,179.001,178.552,168.804,173.224,185.616,182.817,187.544,389.495,0.0660,0.0411,0.1537,0.9500,0.00,0.00,0.00,0.00
2203.00,180.000,180.000,170.000,175.000,179.038,178.652,168.681,169.151,178.999,178.555,168.805,173.248,185.618,182.820,187.545,389.516,0.0660,0.0411,0.1537,0.9500,0.00,0.00,0.00,0.00
2204.00,180.000,180.000,170.000,175.000,179.038,178.651,168.682,169.178,178.998,178.559,168.807,173.273,185.620,182.822,187.546,389.536,0.0660,0.0411,0.1537,0.9500,0.00,0.00,0.00,0.00
2205.00,180.000,180.000,170.000,175.000,179.038,178.651,168.683,169.205,178.997,178.563,168.808,173.297,185.623,182.825,187.547,389.556,0.0660,0.0411,0.1538,0.9500,0.00,0.00,0.00,0.00
2206.00,180.000,180.000,170.000,175.000,179.037,178.650,168.683,169.232,178.995,178.566,168.809,173.321,185.625,182.827,187.548,389.576,0.0660,0.0411,0.1538,0.9500,0.00,0.00,0.00,0.00
2207.00,180.000,180.000,170.000,175.000,179.037,178.650,168.684,169.260,178.994,178.570,168.810,173.346,185.627,182.846,187.549,389.596,0.0660,0.0431,0.1538,0.9500,0.00,0.00,0.00,0.00
2208.00,180.000,180.000,170.000,175.000,179.037,178.649,168.685,169.287,178.992,178.574,168.811,173.370,185.629,182.879,187.550,389.616,0.0660,0.0431,0.1538,0.9500,0.00,0.00,0.00,0.00
2209.00,180.000,180.000,170.000,175.000,179.036,178.649,168.686,169.314,178.991,178.577,168.812,173.394,185.632,182.910,187.551,389.636,0.0660,0.0431,0.1538,0.9500,0.00,0.00,0.00,0.00
2210.00,180.000,180.000,170.000,175.000,179.036,178.648,168.687,169.341,178.990,178.581,168.813,173.418,185.634,182.937,187.553,389.656,0.0660,0.0431,0.1539,0.9500,0.00,0.00,0.00,0.00
2211.00,180.000,180.000,170.000,175.000,179.036,178.648,168.688,169.368,178.989,178.585,168.815,173.443,185.636,182.962,187.554,389.676,0.0660,0.0431,0.1539,0.9500,0.00,0.00,0.00,0.00
2212.00,180.000,180.000,170.000,175.000,179.035,178.647,168.688,169.395,178.987,178.589,168.816,173.467,185.639,182.985,187.555,389.696,0.0660,0.0431,0.1539,0.9500,0.00,0.00,0.00,0.00
2213.00,180.000,180.000,170.000,175.000,179.035,178.647,168.689,169.422,178.986,178.593,168.817,173.491,185.641,183.006,187.557,389.716,0.0660,0.0431,0.1539,0.9500,0.00,0.00,0.00,0.00
2214.00,180.000,180.000,170.000,175.000,179.035,178.647,168.690,169.450,178.985,178.597,168.818,173.515,185.644,183.025,187.558,389.736,0.0660,0.0431,0.1539,0.9500,0.00,0.00,0.00,0.00
2215.00,180.000,180.000,170.000,175.000,179.035,178.646,168.691,169.477,178.984,178.600,168.819,173.539,185.646,183.043,187.559,389.756,0.0660,0.0431,0.1540,0.9500,0.00,0.00,0.00,0.00
2216.00,180.000,180.000,170.000,175.000,179.034,178.646,168.692,169.504,178.983,178.604,168.820,173.563,185.648,183.060,187.561,389.776,0.0660,0.0431,0.1540,0.9500,0.00,0.00,0.00,0.00
2217.00,180.000,180.000,170.000,175.000,179.034,178.646,168.693,169.531,178.982,178.608,168.822,173.587,185.651,183.075,187.579,389.796,0.0660,0.0431,0.1540,0.9500,0.00,0.00,0.00,0.00
2218.00,180.000,180.000,170.000,175.000,179.033,178.645,168.694,169.558,178.981,178.612,168.823,173.612,185.653,183.089,187.611,389.815,0.0660,0.0431,0.1540,0.9500,0.00,0.00,0.00,0.00
2219.00,180.000,180.000,170.000,175.000,179.033,178.645,168.694,169.585,178.980,178.616,168.824,173.636,185.656,183.101,187.640,389.835,0.0660,0.0431,0.1541,0.9500,0.00,0.00,0.00,0.00
2220.00,180.000,180.000,170.000,175.000,179.033,178.645,168.695,169.612,178.979,178.620,168.825,173.660,185.659,183.113,187.666,389.855,0.0660,0.0431,0.1541,0.9500,0.00,0.00,0.00,0.00
2221.00,180.000,180.000,170.000,175.000,179.032,178.645,168.696,169.639,178.978,178.624,168.827,173.684,185.661,183.124,187.691,389.875,0.0660,0.0431,0.1541,0.9500,0.00,0.00,0.00,0.00
2222.00,180.000,180.000,170.000,175.000,179.032,178.645,168.697,169.665,178.977,178.628,168.828,173.708,185.664,183.135,187.713,389.895,0.0660,0.0431,0.1541,0.9500,0.00,0.00,0.00,0.00
2223.00,180.000,180.000,170.000,175.000,179.032,178.645,168.698,169.692,178.976,178.632,168.830,173.732,185.666,183.144,187.733,389.915,0.0660,0.0431,0.1541,0.9500,0.00,0.00,0.00,0.00
2224.00,180.000,180.000,170.000,175.000,179.031,178.645,168.699,169.719,178.975,178.636,168.831,173.756,185.669,183.153,187.751,389.935,0.0660,0.0431,0.1542,0.9500,0.00,0.00,0.00,0.00
2225.00,180.000,180.000,170.000,175.000,179.031,178.645,168.700,169.746,178.974,178.640,168.833,173.780,185.672,183.161,187.768,389.954,0.0660,0.0432,0.1542,0.9500,0.00,0.00,0.00,0.00
2226.00,180.000,180.000,170.000,175.000,179.031,178.645,168.701,169.773,178.974,178.645,168.835,173.804,185.674,183.169,187.784,389.974,0.0660,0.0432,0.1542,0.9500,0.00,0.00,0.00,0.00
2227.00,180.000,180.000,170.000,175.000,179.030,178.645,168.701,169.800,178.973,178.649,168.836,173.828,185.677,183.177,187.798,389.994,0.0660,0.0432,0.1542,0.9500,0.00,0.00,0.00,0.00
2228.00,180.000,180.000,170.000,175.000,179.030,178.645,168.702,169.827,178.972,178.653,168.838,173.852,185.680,183.184,187.811,390.014,0.0660,0.0432,0.1543,0.9500,0.00,0.00,0.00,0.00
2229.00,180.000,180.000,170.000,175.000,179.029,178.645,168.703,169.853,178.971,178.657,168.840,173.876,185.683,183.190,187.823,390.033,0.0660,0.0432,0.1543,0.9500,0.00,0.00,0.00,0.00
2230.00,180.000,180.000,170.000,175.000,179.029,178.645,168.704,169.880,178.971,178.661,168.841,173.899,185.685,183.196,187.834,390.053,0.0660,0.0432,0.1543,0.9500,0.00,0.00,0.00,0.00
2231.00,180.000,180.000,170.000,175.000,179.029,178.645,168.705,169.907,178.970,178.665,168.843,173.923,185.688,183.202,187.844,390.073,0.0660,0.0432,0.1543,0.9500,0.00,0.00,0.00,0.00
2232.00,180.000,180.000,170.000,175.000,179.028,178.645,168.706,169.934,178.969,178.669,168.845,173.947,185.691,183.208,187.854,390.093,0.0660,0.0432,0.1543,0.9500,0.00,0.00,0.00,0.00
2233.00,180.000,180.000,170.000,175.000,179.028,178.645,168.707,169.960,178.969,178.673,168.846,173.971,185.694,183.213,187.862,390.112,0.0660,0.0432,0.1544,0.9500,0.00,0.00,0.00,0.00
2234.00,180.000,180.000,170.000,175.000,179.027,178.645,168.708,169.987,178.968,178.677,168.848,173.995,185.697,183.219,187.871,390.132,0.0660,0.0432,0.1544,0.9500,0.00,0.00,0.00,0.00
2235.00,180.000,180.000,170.000,175.000,179.027,178.646,168.709,170.014,178.968,178.681,168.850,174.019,185.700,183.223,187.878,390.152,0.0660,0.0432,0.1544,0.9500,0.00,0.00,0.00,0.00
2236.00,180.000,180.000,170.000,175.000,179.027,178.646,168.710,170.040,178.967,178.685,168.852,174.043,185.703,183.228,187.885,390.171,0.0660,0.0432,0.1544,0.9500,0.00,0.00,0.00,0.00
2237.00,180.000,180.000,170.000,175.000,179.026,178.646,168.711,170.067,178.967,178.689,168.854,174.066,185.705,183.233,187.892,390.191,0.0660,0.0432,0.1545,0.9500,0.00,0.00,0.00,0.00
2238.00,180.000,180.000,170.000,175.000,179.026,178.646,168.712,170.094,178.966,178.693,168.856,174.090,185.708,183.237,187.898,390.211,0.0660,0.0432,0.1545,0.9500,0.00,0.00,0.00,0.00
2239.00,180.000,180.000,170.000,175.000,179.025,178.647,168.713,170.120,178.966,178.697,168.857,174.114,185.711,183.242,187.904,390.230,0.0660,0.0432,0.1545,0.9500,0.00,0.00,0.00,0.00
2240.00,180.000,180.000,170.000,175.000,179.025,178.647,168.714,170.147,178.965,178.701,168.859,174.138,185.714,183.246,187.909,390.250,0.0660,0.0432,0.1545,0.9500,0.00,0.00,0.00,0.00
2241.00,180.000,180.000,170.000,175.000,179.025,178.647,168.714,170.173,178.965,178.705,168.861,174.161,185.717,183.250,187.915,390.269,0.0660,0.0432,0.1545,0.9500,0.00,0.00,0.00,0.00
2242.00,180.000,180.000,170.000,175.000,179.024,178.648,168.715,170.200,178.965,178.709,168.863,174.185,185.720,183.254,187.920,390.289,0.0660,0.0432,0.1546,0.9500,0.00,0.00,0.00,0.00
2243.00,180.000,180.000,170.000,175.000,179.024,178.648,168.716,170.226,178.964,178.713,168.865,174.209,185.724,183.258,187.924,390.308,0.0660,0.0432,0.1546,0.9500,0.00,0.00,0.00,0.00
2244.00,180.000,180.000,170.000,175.000,179.023,178.649,168.717,170.253,178.964,178.717,168.867,174.232,185.727,183.261,187.929,390.328,0.0660,0.0432,0.1546,0.9500,0.00,0.00,0.00,0.00
2245.00,180.000,180.000,170.000,175.000,179.023,178.649,168.718,170.279,178.964,178.721,168.869,174.256,185.730,183.265,187.933,390.348,0.0660,0.0432,0.1546,0.9500,0.00,0.00,0.00,0.00
2246.00,180.000,180.000,170.000,175.000,179.023,178.650,168.719,170.306,178.964,178.725,168.871,174.280,185.733,183.269,187.937,390.367,0.0660,0.0432,0.1547,0.9500,0.00,0.00,0.00,0.00
2247.00,180.000,180.000,170.000,175.000,179.022,178.650,168.720,170.332,178.963,178.729,168.873,174.303,185.736,183.272,187.941,390.387,0.0660,0.0412,0.1547,0.9500,0.00,0.00,0.00,0.00
2248.00,180.000,180.000,170.000,175.000,179.022,178.651,168.721,170.359,178.963,178.733,168.875,174.327,185.739,183.244,187.945,390.406,0.0660,0.0412,0.1547,0.9500,0.00,0.00,0.00,0.00
2249.00,180.000,180.000,170.000,175.000,179.022,178.651,168.722,170.385,178.963,178.737,168.876,174.351,185.742,183.218,187.948,390.426,0.0660,0.0413,0.1547,0.9500,0.00,0.00,0.00,0.00
2250.00,180.000,180.000,170.000,175.000,179.021,178.652,168.723,170.411,178.963,178.740,168.878,174.374,185.746,183.196,187.952,390.445,0.0660,0.0413,0.1547,0.9500,0.00,0.00,0.00,0.00
2251.00,180.000,180.000,170.000,175.000,179.021,178.652,168.725,170.438,178.963,178.744,168.880,174.398,185.749,183.175,187.955,390.464,0.0660,0.0413,0.1548,0.9500,0.00,0.00,0.00,0.00
2252.00,180.000,180.000,170.000,175.000,179.020,178.653,168.726,170.464,178.963,178.748,168.882,174.421,185.752,183.157,187.959,390.484,0.0660,0.0413,0.1548,0.9500,0.00,0.00,0.00,0.00
2253.00,180.000,180.000,170.000,175.000,179.020,178.654,168.727,170.490,178.963,178.752,168.884,174.445,185.755,183.141,187.962,390.503,0.0660,0.0413,0.1548,0.9500,0.00,0.00,0.00,0.00
2254.00,180.000,180.000,170.000,175.000,179.020,178.654,168.728,170.517,178.963,178.755,168.886,174.468,185.759,183.127,187.965,390.523,0.0660,0.0413,0.1548,0.9500,0.00,0.00,0.00,0.00
2255.00,180.000,180.000,170.000,175.000,179.019,178.655,168.729,170.543,178.963,178.759,168.888,174.492,185.762,183.114,187.968,390.542,0.0660,0.0413,0.1549,0.9500,0.00,0.00,0.00,0.00
2256.00,180.000,180.000,170.000,175.000,179.019,178.656,168.730,170.569,178.963,178.762,168.890,174.515,185.765,183.102,187.971,390.562,0.0660,0.0413,0.1549,0.9500,0.00,0.00,0.00,0.00
2257.00,180.000,180.000,170.000,175.000,179.018,178.656,168.731,170.596,178.963,178.766,168.892,174.539,185.769,183.092,187.974,390.581,0.0660,0.0413,0.1549,0.9500,0.00,0.00,0.00,0.00
2258.00,180.000,180.000,170.000,175.000,179.018,178.657,168.732,170.622,178.963,178.769,168.894,174.562,185.772,183.084,187.977,390.600,0.0660,0.0413,0.1549,0.9500,0.00,0.00,0.00,0.00
2259.00,180.000,180.000,170.000,175.000,179.018,178.658,168.733,170.648,178.963,178.773,168.896,174.586,185.775,183.076,187.980,390.620,0.0660,0.0413,0.1549,0.9500,0.00,0.00,0.00,0.00
2260.00,180.000,180.000,170.000,175.000,179.017,178.659,168.734,170.674,178.963,178.776,168.898,174.609,185.779,183.069,187.983,390.639,0.0660,0.0413,0.1550,0.9500,0.00,0.00,0.00,0.00
2261.00,180.000,180.000,170.000,175.000,179.017,178.659,168.735,170.700,178.963,178.780,168.900,174.633,185.782,183.063,187.985,390.658,0.0660,0.0413,0.1550,0.9500,0.00,0.00,0.00,0.00
2262.00,180.000,180.000,170.000,175.000,179.017,178.660,168.736,170.727,178.964,178.783,168.902,174.656,185.786,183.058,187.988,390.678,0.0660,0.0413,0.1550,0.9500,0.00,0.00,0.00,0.00
2263.00,180.000,180.000,170.000,175.000,179.016,178.661,168.737,170.753,178.964,178.787,168.904,174.680,185.789,183.054,187.991,390.697,0.0660,0.0413,0.1550,0.9500,0.00,0.00,0.00,0.00
2264.00,180.000,180.000,170.000,175.000,179.016,178.662,168.739,170.779,178.964,178.790,168.906,174.703,185.793,183.050,187.993,390.716,0.0660,0.0413,0.1551,0.9500,0.00,0.00,0.00,0.00
2265.00,180.000,180.000,170.000,175.000,179.016,178.663,168.740,170.805,178.965,178.793,168.909,174.726,185.796,183.047,187.996,390.736,0.0660,0.0413,0.1551,0.9500,0.00,0.00,0.00,0.00
2266.00,180.000,180.000,170.000,175.000,179.015,178.664,168.741,170.831,178.965,178.797,168.911,174.750,185.800,183.045,187.999,390.755,0.0660,0.0413,0.1551,0.9500,0.00,0.00,0.00,0.00
2267.00,180.000,180.000,170.000,175.000,179.015,178.664,168.742,170.857,178.965,178.800,168.913,174.773,185.803,183.042,188.001,390.774,0.0660,0.0413,0.1551,0.9500,0.00,0.00,0.00,0.00
2268.00,180.000,180.000,170.000,175.000,179.015,178.665,168.743,170.883,178.966,178.803,168.915,174.796,185.807,183.041,188.004,390.793,0.0660,0.0413,0.1551,0.9500,0.00,0.00,0.00,0.00
2269.00,180.000,180.000,170.000,175.000,179.014,178.666,168.744,170.909,178.966,178.807,168.917,174.820,185.810,183.039,188.006,390.813,0.0660,0.0413,0.1552,0.9500,0.00,0.00,0.00,0.00
2270.00,180.000,180.000,170.000,175.000,179.014,178.667,168.745,170.935,178.966,178.810,168.919,174.843,185.814,183.038,188.009,390.832,0.0660,0.0413,0.1552,0.9500,0.00,0.00,0.00,0.00
2271.00,180.000,180.000,170.000,175.000,179.014,178.668,168.746,170.961,178.967,178.813,168.921,174.866,185.817,183.038,188.012,390.851,0.0660,0.0413,0.1552,0.9500,0.00,0.00,0.00,0.00
2272.00,180.000,180.000,170.000,175.000,179.013,178.669,168.748,170.987,178.967,178.816,168.923,174.890,185.821,183.038,188.014,390.870,0.0660,0.0413,0.1552,0.9500,0.00,0.00,0.00,0.00
2273.00,180.000,180.000,170.000,175.000,179.013,178.670,168.749,171.013,178.968,178.820,168.925,174.913,185.825,183.037,188.017,390.889,0.0660,0.0413,0.1553,0.9500,0.00,0.00,0.00,0.00
2274.00,180.000,180.000,170.000,175.000,179.013,178.671,168.750,171.039,178.968,178.823,168.927,174.936,185.828,183.038,188.019,390.909,0.0660,0.0413,0.1553,0.9500,0.00,0.00,0.00,0.00
2275.00,180.000,180.000,170.000,175.000,179.012,178.672,168.751,171.065,178.969,178.826,168.929,174.959,185.832,183.038,187.990,390.928,0.0660,0.0414,0.1533,0.9500,0.00,0.00,0.00,0.00
2276.00,180.000,180.000,170.000,175.000,179.012,178.673,168.752,171.091,178.970,178.829,168.931,174.983,185.836,183.038,187.963,390.947,0.0660,0.0414,0.1533,0.9500,0.00,0.00,0.00,0.00
2277.00,180.000,180.000,170.000,175.000,179.012,178.674,168.754,171.117,178.970,178.832,168.933,175.006,185.840,183.039,187.939,390.966,0.0660,0.0414,0.1533,0.9500,0.00,0.00,0.00,0.00
2278.00,180.000,180.000,170.000,175.000,179.012,178.675,168.755,171.143,178.971,178.836,168.935,175.029,185.843,183.040,187.918,390.985,0.0660,0.0414,0.1534,0.9500,0.00,0.00,0.00,0.00
2279.00,180.000,180.000,170.000,175.000,179.011,178.676,168.756,171.169,178.972,178.839,168.937,175.052,185.847,183.041,187.899,391.004,0.0660,0.0414,0.1534,0.9500,0.00,0.00,0.00,0.00
2280.00,180.000,180.000,170.000,175.000,179.011,178.677,168.757,171.195,178.972,178.842,168.939,175.075,185.851,183.042,187.882,391.023,0.0660,0.0414,0.1534,0.9500,0.00,0.00,0.00,0.00
2281.00,180.000,180.000,170.000,175.000,179.011,178.679,168.758,171.220,178.973,178.845,168.941,175.098,185.855,183.043,187.867,391.043,0.0660,0.0414,0.1534,0.9500,0.00,0.00,0.00,0.00
2282.00,180.000,180.000,170.000,175.000,179.011,178.680,168.760,171.246,178.974,178.848,168.943,175.122,185.858,183.045,187.853,391.062,0.0660,0.0414,0.1534,0.9500,0.00,0.00,0.00,0.00
2283.00,180.000,180.000,170.000,175.000,179.010,178.681,168.761,171.272,178.975,178.852,168.944,175.145,185.862,183.046,187.841,391.081,0.0660,0.0414,0.1535,0.9500,0.00,0.00,0.00,0.00
2284.00,180.000,180.000,170.000,175.000,179.010,178.682,168.762,171.298,178.975,178.855,168.946,175.168,185.866,183.048,187.830,391.100,0.0660,0.0414,0.1535,0.9500,0.00,0.00,0.00,0.00
2285.00,180.000,180.000,170.000,175.000,179.010,178.683,168.763,171.324,178.976,178.858,168.948,175.191,185.870,183.049,187.821,391.119,0.0660,0.0414,0.1535,0.9500,0.00,0.00,0.00,0.00
2286.00,180.000,180.000,170.000,175.000,179.010,178.684,168.764,171.349,178.977,178.861,168.950,175.214,185.874,183.051,187.813,391.138,0.0660,0.0414,0.1535,0.9500,0.00,0.00,0.00,0.00
2287.00,180.000,180.000,170.000,175.000,179.009,178.685,168.766,171.375,178.978,178.864,168.951,175.237,185.878,183.053,187.805,391.157,0.0660,0.0414,0.1535,0.9500,0.00,0.00,0.00,0.00
2288.00,180.000,180.000,170.000,175.000,179.009,178.687,168.767,171.401,178.979,178.867,168.953,175.260,185.882,183.055,187.799,391.176,0.0660,0.0414,0.1536,0.9500,0.00,0.00,0.00,0.00
2289.00,180.000,180.000,170.000,175.000,179.009,178.688,168.768,171.426,178.980,178.870,168.955,175.283,185.886,183.056,187.793,391.195,0.0660,0.0414,0.1536,0.9500,0.00,0.00,0.00,0.00
2290.00,180.000,180.000,170.000,175.000,179.009,178.689,168.769,171.452,178.981,178.873,168.956,175.306,185.890,183.058,187.788,391.214,0.0660,0.0414,0.1536,0.9500,0.00,0.00,0.00,0.00
2291.00,180.000,180.000,170.000,175.000,179.009,178.690,168.771,171.478,178.982,178.877,168.958,175.329,185.894,183.060,187.784,391.233,0.0660,0.0414,0.1536,0.9500,0.00,0.00,0.00,0.00
2292.00,180.000,180.000,170.000,175.000,179.008,178.691,168.772,171.503,178.983,178.880,168.960,175.352,185.898,183.062,187.780,391.252,0.0660,0.0414,0.1536,0.9500,0.00,0.00,0.00,0.00
2293.00,180.000,180.000,170.000,175.000,179.008,178.693,168.773,171.529,178.984,178.883,168.961,175.375,185.902,183.064,187.777,391.271,0.0660,0.0414,0.1537,0.9500,0.00,0.00,0.00,0.00
2294.00,180.000,180.000,170.000,175.000,179.008,178.694,168.774,171.554,178.985,178.886,168.963,175.398,185.906,183.066,187.774,391.290,0.0660,0.0414,0.1537,0.9500,0.00,0.00,0.00,0.00
2295.00,180.000,180.000,170.000,175.000,179.008,178.695,168.776,171.580,178.986,178.889,168.965,175.421,185.910,183.068,187.772,391.309,0.0660,0.0414,0.1537,0.9500,0.00,0.00,0.00,0.00
2296.00,180.000,180.000,170.000,175.000,179.008,178.697,168.777,171.606,178.987,178.892,168.966,175.444,185.914,183.070,187.770,391.327,0.0660,0.0414,0.1537,0.9500,0.00,0.00,0.00,0.00
2297.00,180.000,180.000,170.000,175.000,179.008,178.698,168.778,171.631,178.988,178.895,168.968,175.467,185.918,183.072,187.769,391.346,0.0660,0.0414,0.1537,0.9500,0.00,0.00,0.00,0.00
2298.00,180.000,180.000,170.000,175.000,179.008,178.699,168.779,171.657,178.989,178.898,168.970,175.490,185.922,183.075,187.768,391.365,0.0660,0.0414,0.1538,0.9500,0.00,0.00,0.00,0.00
2299.00,180.000,180.000,170.000,175.000,179.007,178.701,168.781,171.682,178.991,178.901,168.971,175.513,185.926,183.077,187.767,391.384,0.0660,0.0414,0.1538,0.9500,0.00,0.00,0.00,0.00
2300.00,180.000,180.000,170.000,175.000,179.007,178.702,168.782,171.708,178.992,178.904,168.973,175.536,185.930,183.079,187.766,391.403,0.0660,0.0414,0.1538,0.9500,0.00,0.00,0.00,0.00
2301.00,180.000,180.000,170.000,175.000,179.007,178.703,168.783,171.733,178.993,178.907,168.975,175.559,185.934,183.081,187.766,391.422,0.0660,0.0415,0.1538,0.9500,0.00,0.00,0.00,0.00
2302.00,180.000,180.000,170.000,175.000,179.007,178.705,168.785,171.759,178.994,178.910,168.976,175.581,185.938,183.083,187.766,391.441,0.0660,0.0415,0.1538,0.9500,0.00,0.00,0.00,0.00
2303.00,180.000,180.000,170.000,175.000,179.007,178.706,168.786,171.784,178.996,178.913,168.978,175.604,185.943,183.085,187.766,391.460,0.0660,0.0415,0.1539,0.9500,0.00,0.00,0.00,0.00
2304.00,180.000,180.000,170.000,175.000,179.007,178.707,168.787,171.809,178.997,178.916,168.980,175.627,185.947,183.087,187.766,391.478,0.0660,0.0415,0.1539,0.9500,0.00,0.00,0.00,0.00
2305.00,180.000,180.000,170.000,175.000,179.007,178.709,168.788,171.835,178.998,178.920,168.981,175.650,185.951,183.090,187.767,391.497,0.0660,0.0415,0.1539,0.9500,0.00,0.00,0.00,0.00
2306.00,180.000,180.000,170.000,175.000,179.007,178.710,168.790,171.860,179.000,178.923,168.983,175.673,185.955,183.092,187.768,391.516,0.0660,0.0415,0.1539,0.9500,0.00,0.00,0.00,0.00
2307.00,180.000,180.000,170.000,175.000,179.007,178.712,168.791,171.886,179.001,178.926,168.985,175.696,185.960,183.094,187.768,391.535,0.0660,0.0415,0.1539,0.9500,0.00,0.00,0.00,0.00
2308.00,180.000,180.000,170.000,175.000,179.007,178.713,168.792,171.911,179.003,178.929,168.986,175.718,185.964,183.096,187.769,391.554,0.0660,0.0415,0.1540,0.9500,0.00,0.00,0.00,0.00
2309.00,180.000,180.000,170.000,175.000,179.007,178.714,168.794,171.936,179.004,178.932,168.988,175.741,185.968,183.099,187.770,391.572,0.0660,0.0415,0.1540,0.9500,0.00,0.00,0.00,0.00
2310.00,180.000,180.000,170.000,175.000,179.007,178.716,168.795,171.962,179.005,178.935,168.990,175.764,185.972,183.101,187.788,391.591,0.0660,0.0415,0.1540,0.9500,0.00,0.00,0.00,0.00
2311.00,180.000,180.000,170.000,175.000,179.007,178.717,168.796,171.987,179.007,178.938,168.991,175.787,185.977,183.103,187.819,391.610,0.0660,0.0415,0.1540,0.9500,0.00,0.00,0.00,0.00
2312.00,180.000,180.000,170.000,175.000,179.007,178.719,168.797,172.012,179.008,178.941,168.993,175.809,185.981,183.105,187.848,391.629,0.0660,0.0415,0.1541,0.9500,0.00,0.00,0.00,0.00
2313.00,180.000,180.000,170.000,175.000,179.007,178.720,168.799,172.038,179.010,178.944,168.995,175.832,185.985,183.107,187.874,391.647,0.0660,0.0415,0.1541,0.9500,0.00,0.00,0.00,0.00
2314.00,180.000,180.000,170.000,175.000,179.007,178.722,168.800,172.063,179.012,178.947,168.997,175.855,185.990,183.110,187.899,391.666,0.0660,0.0415,0.1541,0.9500,0.00,0.00,0.00,0.00
2315.00,180.000,180.000,170.000,175.000,179.007,178.723,168.801,172.088,179.013,178.950,168.999,175.878,185.994,183.112,187.920,391.685,0.0660,0.0415,0.1541,0.9500,0.00,0.00,0.00,0.00
2316.00,180.000,180.000,170.000,175.000,179.007,178.725,168.803,172.113,179.015,178.953,169.001,175.900,185.999,183.114,187.941,391.703,0.0660,0.0415,0.1541,0.9500,0.00,0.00,0.00,0.00
2317.00,180.000,180.000,170.000,175.000,179.007,178.726,168.804,172.138,179.016,178.956,169.003,175.923,186.003,183.116,187.959,391.722,0.0660,0.0415,0.1542,0.9500,0.00,0.00,0.00,0.00
2318.00,180.000,180.000,170.000,175.000,179.007,178.728,168.805,172.164,179.018,178.958,169.005,175.946,186.007,183.119,187.976,391.741,0.0660,0.0415,0.1542,0.9500,0.00,0.00,0.00,0.00
2319.00,180.000,180.000,170.000,175.000,179.007,178.729,168.807,172.189,179.020,178.961,169.007,175.968,186.012,183.121,187.991,391.759,0.0660,0.0415,0.1542,0.9500,0.00,0.00,0.00,0.00
2320.00,180.000,180.000,170.000,175.000,179.007,178.731,168.808,172.214,179.021,178.964,169.009,175.991,186.016,183.123,188.006,391.778,0.0660,0.0415,0.1542,0.9500,0.00,0.00,0.00,0.00
2321.00,180.000,180.000,170.000,175.000,179.007,178.732,168.809,172.239,179.023,178.967,169.011,176.014,186.021,183.125,188.019,391.797,0.0660,0.0415,0.1542,0.9500,0.00,0.00,0.00,0.00
2322.00,180.000,180.000,170.000,175.000,179.007,178.734,168.811,172.264,179.025,178.970,169.013,176.036,186.025,183.128,188.031,391.815,0.0660,0.0415,0.1543,0.9500,0.00,0.00,0.00,0.00
2323.00,180.000,180.000,170.000,175.000,179.007,178.736,168.812,172.289,179.027,178.973,169.016,176.059,186.030,183.130,188.042,391.834,0.0660,0.0415,0.1543,0.9500,0.00,0.00,0.00,0.00
2324.00,180.000,180.000,170.000,175.000,179.008,178.737,168.813,172.314,179.029,178.976,169.018,176.081,186.034,183.132,188.052,391.853,0.0660,0.0415,0.1543,0.9500,0.00,0.00,0.00,0.00
2325.00,180.000,180.000,170.000,175.000,179.008,178.739,168.815,172.339,179.030,178.979,169.020,176.104,186.039,183.135,188.062,391.871,0.0660,0.0415,0.1543,0.9500,0.00,0.00,0.00,0.00
2326.00,180.000,180.000,170.000,175.000,179.008,178.740,168.816,172.364,179.032,178.982,169.022,176.126,186.043,183.137,188.071,391.890,0.0660,0.0416,0.1543,0.9500,0.00,0.00,0.00,0.00
2327.00,180.000,180.000,170.000,175.000,179.008,178.742,168.817,172.389,179.034,178.985,169.024,176.149,186.048,183.139,188.079,391.908,0.0660,0.0416,0.1544,0.9500,0.00,0.00,0.00,0.00
2328.00,180.000,180.000,170.000,175.000,179.008,178.744,168.819,172.415,179.036,178.988,169.027,176.172,186.053,183.141,188.087,391.927,0.0660,0.0416,0.1544,0.9500,0.00,0.00,0.00,0.00
2329.00,180.000,180.000,170.000,175.000,179.008,178.745,168.820,172.440,179.038,178.991,169.029,176.194,186.057,183.144,188.094,391.946,0.0660,0.0416,0.1544,0.9500,0.00,0.00,0.00,0.00
2330.00,180.000,180.000,170.000,175.000,179.009,178.747,168.822,172.464,179.040,178.994,169.031,176.217,186.062,183.146,188.101,391.964,0.0660,0.0416,0.1544,0.9500,0.00,0.00,0.00,0.00
2331.00,180.000,180.000,170.000,175.000,179.009,178.749,168.823,172.489,179.042,178.997,169.034,176.239,186.067,183.148,188.108,391.983,0.0660,0.0416,0.1544,0.9500,0.00,0.00,0.00,0.00
2332.00,180.000,180.000,170.000,175.000,179.009,178.750,168.824,172.514,179.044,179.000,169.036,176.262,186.071,183.150,188.114,392.001,0.0660,0.0396,0.1545,0.9500,0.00,0.00,0.00,0.00
2333.00,180.000,180.000,170.000,175.000,179.009,178.752,168.826,172.539,179.046,179.002,169.038,176.284,186.076,183.121,188.119,392.020,0.0660,0.0396,0.1545,0.9500,0.00,0.00,0.00,0.00
2334.00,180.000,180.000,170.000,175.000,179.010,178.754,168.827,172.564,179.048,179.005,169.040,176.307,186.081,183.094,188.125,392.038,0.0660,0.0396,0.1545,0.9500,0.00,0.00,0.00,0.00
2335.00,180.000,180.000,170.000,175.000,179.010,178.755,168.829,172.589,179.050,179.008,169.043,176.329,186.085,183.070,188.130,392.057,0.0660,0.0396,0.1545,0.9500,0.00,0.00,0.00,0.00
2336.00,180.000,180.000,170.000,175.000,179.010,178.757,168.830,172.614,179.052,179.011,169.045,176.351,186.090,183.049,188.135,392.075,0.0660,0.0396,0.1545,0.9500,0.00,0.00,0.00,0.00
2337.00,180.000,180.000,170.000,175.000,179.010,178.759,168.832,172.639,179.054,179.013,169.047,176.374,186.095,183.030,188.140,392.094,0.0660,0.0396,0.1546,0.9500,0.00,0.00,0.00,0.00
2338.00,180.000,180.000,170.000,175.000,179.011,178.760,168.833,172.664,179.056,179.016,169.050,176.396,186.100,183.013,188.144,392.112,0.0660,0.0396,0.1546,0.9500,0.00,0.00,0.00,0.00
2339.00,180.000,180.000,170.000,175.000,179.011,178.762,168.834,172.689,179.058,179.019,169.052,176.419,186.104,182.997,188.148,392.130,0.0660,0.0396,0.1546,0.9500,0.00,0.00,0.00,0.00
2340.00,180.000,180.000,170.000,175.000,179.011,178.764,168.836,172.713,179.061,179.021,169.055,176.441,186.109,182.984,188.153,392.149,0.0660,0.0396,0.1546,0.9500,0.00,0.00,0.00,0.00
2341.00,180.000,180.000,170.000,175.000,179.012,178.765,168.837,172.738,179.063,179.024,169.057,176.463,186.114,182.971,188.157,392.167,0.0660,0.0396,0.1546,0.9500,0.00,0.00,0.00,0.00
2342.00,180.000,180.000,170.000,175.000,179.012,178.767,168.839,172.763,179.065,179.026,169.059,176.486,186.119,182.960,188.160,392.186,0.0660,0.0396,0.1547,0.9500,0.00,0.00,0.00,0.00
2343.00,180.000,180.000,170.000,175.000,179.012,178.769,168.840,172.788,179.067,179.029,169.062,176.508,186.123,182.951,188.164,392.204,0.0660,0.0396,0.1547,0.9500,0.00,0.00,0.00,0.00
2344.00,180.000,180.000,170.000,175.000,179.013,178.771,168.842,172.813,179.070,179.031,169.064,176.531,186.128,182.942,188.168,392.223,0.0660,0.0396,0.1547,0.9500,0.00,0.00,0.00,0.00
2345.00,180.000,180.000,170.000,175.000,179.013,178.772,168.843,172.837,179.072,179.033,169.067,176.553,186.133,182.935,188.171,392.241,0.0660,0.0396,0.1547,0.9500,0.00,0.00,0.00,0.00
2346.00,180.000,180.000,170.000,175.000,179.013,178.774,168.845,172.862,179.074,179.036,169.069,176.575,186.138,182.928,188.175,391.714,0.0660,0.0396,0.1547,0.9114,0.00,0.00,0.00,0.00
2347.00,180.000,180.000,170.000,175.000,179.014,178.776,168.846,172.887,179.076,179.038,169.071,176.596,186.143,182.922,188.178,390.824,0.0660,0.0396,0.1548,0.9156,0.00,0.00,0.00,0.00
2348.00,180.000,180.000,170.000,175.000,179.014,178.778,168.848,172.911,179.079,179.040,169.074,176.617,186.148,182.917,188.182,390.152,0.0660,0.0396,0.1548,0.9198,0.00,0.00,0.00,0.00
2349.00,180.000,180.000,170.000,175.000,179.015,178.779,168.849,172.936,179.081,179.043,169.076,176.636,186.153,182.913,188.185,389.672,0.0660,0.0396,0.1548,0.9240,0.00,0.00,0.00,0.00
2350.00,180.000,180.000,170.000,175.000,179.015,178.781,168.851,172.961,179.084,179.045,169.079,176.655,186.158,182.909,188.172,388.761,0.0660,0.0396,0.1528,0.8848,0.00,0.00,0.00,0.00
2351.00,180.000,180.000,170.000,175.000,179.016,178.783,168.852,172.985,179.086,179.047,169.081,176.673,186.163,182.905,188.144,387.504,0.0660,0.0396,0.1528,0.8888,0.00,0.00,0.00,0.00
2352.00,180.000,180.000,170.000,175.000,179.016,178.785,168.854,173.010,179.088,179.050,169.083,176.689,186.168,182.903,188.120,386.509,0.0660,0.0396,0.1529,0.8928,0.00,0.00,0.00,0.00
2353.00,180.000,180.000,170.000,175.000,179.017,178.786,168.855,173.034,179.091,179.052,169.086,176.704,186.173,182.900,188.098,385.743,0.0660,0.0396,0.1529,0.8968,0.00,0.00,0.00,0.00
2354.00,180.000,180.000,170.000,175.000,179.017,178.788,168.857,173.059,179.093,179.054,169.088,176.718,186.178,182.898,188.078,384.551,0.0660,0.0397,0.1529,0.8574,0.00,0.00,0.00,0.00
2355.00,180.000,180.000,170.000,175.000,179.018,178.790,168.858,173.083,179.096,179.057,169.090,176.731,186.183,182.897,188.061,383.020,0.0660,0.0397,0.1529,0.8612,0.00,0.00,0.00,0.00
2356.00,180.000,180.000,170.000,175.000,179.018,178.792,168.860,173.107,179.098,179.059,169.092,176.742,186.188,182.895,188.045,381.781,0.0660,0.0397,0.1529,0.8650,0.00,0.00,0.00,0.00
2357.00,180.000,180.000,170.000,175.000,179.019,178.793,168.861,173.131,179.101,179.061,169.094,176.752,186.193,182.894,188.031,380.799,0.0660,0.0397,0.1530,0.8688,0.00,0.00,0.00,0.00
2358.00,180.000,180.000,170.000,175.000,179.019,178.795,168.863,173.156,179.104,179.063,169.097,176.761,186.198,182.893,188.019,379.417,0.0660,0.0397,0.1530,0.8293,0.00,0.00,0.00,0.00
2359.00,180.000,180.000,170.000,175.000,179.020,178.797,168.865,173.179,179.106,179.066,169.099,176.769,186.203,182.893,188.008,377.718,0.0660,0.0397,0.1530,0.8329,0.00,0.00,0.00,0.00
2360.00,180.000,180.000,170.000,175.000,179.020,178.799,168.866,173.203,179.109,179.068,169.101,176.775,186.208,182.893,187.998,376.329,0.0660,0.0397,0.1530,0.8365,0.00,0.00,0.00,0.00
2361.00,180.000,180.000,170.000,175.000,179.021,178.801,168.868,173.227,179.111,179.070,169.103,176.780,186.213,182.893,187.989,375.159,0.0660,0.0397,0.1530,0.8401,0.00,0.00,0.00,0.00
2362.00,180.000,180.000,170.000,175.000,179.022,178.802,168.869,173.251,179.114,179.072,169.105,176.783,186.218,182.893,187.982,373.610,0.0660,0.0397,0.1530,0.8003,0.00,0.00,0.00,0.00
2363.00,180.000,180.000,170.000,175.000,179.022,178.804,168.871,173.274,179.117,179.074,169.107,176.785,186.223,182.893,187.975,371.763,0.0660,0.0397,0.1531,0.8037,0.00,0.00,0.00,0.00
2364.00,180.000,180.000,170.000,175.000,179.023,178.806,168.872,173.298,179.119,179.077,169.109,176.786,186.228,182.893,187.970,370.243,0.0660,0.0397,0.1531,0.8071,0.00,0.00,0.00,0.00
2365.00,180.000,180.000,170.000,175.000,179.023,178.808,168.874,173.321,179.122,179.079,169.111,176.785,186.233,182.894,187.965,369.011,0.0660,0.0397,0.1531,0.8105,0.00,0.00,0.00,0.00
2366.00,180.000,180.000,170.000,175.000,179.024,178.810,168.876,173.344,179.125,179.081,169.113,176.783,186.238,182.894,187.960,367.977,0.0660,0.0397,0.1531,0.8139,0.00,0.00,0.00,0.00
2367.00,180.000,180.000,170.000,175.000,179.025,178.811,168.877,173.367,179.128,179.083,169.115,176.781,186.244,182.895,187.957,365.960,0.0660,0.0397,0.1531,0.7739,0.00,0.00,0.00,0.00
2368.00,180.000,180.000,170.000,175.000,179.025,178.813,168.879,173.389,179.130,179.085,169.117,176.776,186.249,182.896,187.953,364.288,0.0660,0.0397,0.1532,0.7771,0.00,0.00,0.00,0.00
2369.00,180.000,180.000,170.000,175.000,179.026,178.815,168.880,173.412,179.133,179.088,169.119,176.771,186.254,182.897,187.951,362.891,0.0660,0.0397,0.1532,0.7803,0.00,0.00,0.00,0.00
2370.00,180.000,180.000,170.000,175.000,179.027,178.817,168.882,173.434,179.136,179.090,169.121,176.764,186.259,182.898,187.949,361.740,0.0660,0.0397,0.1532,0.7835,0.00,0.00,0.00,0.00
2371.00,180.000,180.000,170.000,175.000,179.028,178.819,168.883,173.456,179.139,179.092,169.123,176.757,186.264,182.899,187.947,360.208,0.0660,0.0397,0.1532,0.7433,0.00,0.00,0.00,0.00
2372.00,180.000,180.000,170.000,175.000,179.028,178.820,168.885,173.478,179.142,179.094,169.125,176.749,186.270,182.900,187.945,358.346,0.0660,0.0397,0.1532,0.7463,0.00,0.00,0.00,0.00
2373.00,180.000,180.000,170.000,175.000,179.029,178.822,168.887,173.500,179.145,179.096,169.127,176.739,186.275,182.901,187.944,356.783,0.0660,0.0397,0.1533,0.7493,0.00,0.00,0.00,0.00
2374.00,180.000,180.000,170.000,175.000,179.030,178.824,168.888,173.521,179.148,179.098,169.129,176.728,186.280,182.902,187.944,355.482,0.0660,0.0397,0.1533,0.7523,0.00,0.00,0.00,0.00
2375.00,180.000,180.000,170.000,175.000,179.031,178.826,168.890,173.543,179.150,179.101,169.131,176.717,186.285,182.904,187.943,354.414,0.0660,0.0397,0.1533,0.7553,0.00,0.00,0.00,0.00
2376.00,180.000,180.000,170.000,175.000,179.031,178.828,168.891,173.564,179.153,179.103,169.133,176.705,186.291,182.905,187.943,352.367,0.0660,0.0397,0.1533,0.7148,0.00,0.00,0.00,0.00
2377.00,180.000,180.000,170.000,175.000,179.032,178.830,168.893,173.585,179.156,179.105,169.135,176.691,186.296,182.906,187.943,350.611,0.0660,0.0397,0.1533,0.7176,0.00,0.00,0.00,0.00
2378.00,180.000,180.000,170.000,175.000,179.033,178.831,168.895,173.605,179.159,179.107,169.137,176.676,186.301,182.908,187.943,349.166,0.0660,0.0397,0.1533,0.7204,0.00,0.00,0.00,0.00
2379.00,180.000,180.000,170.000,175.000,179.034,178.833,168.896,173.626,179.162,179.109,169.139,176.660,186.306,182.909,187.944,347.941,0.0660,0.0397,0.1534,0.7232,0.00,0.00,0.00,0.00
2380.00,180.000,180.000,170.000,175.000,179.035,178.835,168.898,173.646,179.165,179.111,169.141,176.644,186.312,182.911,187.944,346.937,0.0660,0.0397,0.1534,0.7260,0.00,0.00,0.00,0.00
2381.00,180.000,180.000,170.000,175.000,179.036,178.837,168.900,173.666,179.168,179.113,169.142,176.628,186.317,182.912,187.945,344.922,0.0660,0.0398,0.1534,0.6853,0.00,0.00,0.00,0.00
2382.00,180.000,180.000,170.000,175.000,179.037,178.839,168.901,173.685,179.172,179.116,169.144,176.610,186.322,182.914,187.946,343.219,0.0660,0.0398,0.1534,0.6879,0.00,0.00,0.00,0.00
2383.00,180.000,180.000,170.000,175.000,179.037,178.841,168.903,173.705,179.175,179.118,169.146,176.591,186.328,182.915,187.947,341.793,0.0660,0.0398,0.1534,0.6905,0.00,0.00,0.00,0.00
2384.00,180.000,180.000,170.000,175.000,179.038,178.842,168.904,173.724,179.178,179.120,169.148,176.571,186.333,182.917,187.948,340.583,0.0660,0.0398,0.1535,0.6931,0.00,0.00,0.00,0.00
2385.00,180.000,180.000,170.000,175.000,179.039,178.844,168.906,173.743,179.181,179.122,169.150,176.551,186.338,182.918,187.949,339.592,0.0660,0.0398,0.1535,0.6957,0.00,0.00,0.00,0.00
2386.00,180.000,180.000,170.000,175.000,179.040,178.846,168.908,173.761,179.184,179.124,169.152,176.531,186.344,182.920,187.951,337.589,0.0660,0.0398,0.1535,0.6548,0.00,0.00,0.00,0.00
2387.00,180.000,180.000,170.000,175.000,179.041,178.848,168.909,173.780,179.187,179.126,169.154,176.509,186.349,182.922,187.952,335.868,0.0660,0.0398,0.1535,0.6572,0.00,0.00,0.00,0.00
2388.00,180.000,180.000,170.000,175.000,179.042,178.850,168.911,173.798,179.190,179.128,169.156,176.486,186.354,182.923,187.953,334.424,0.0660,0.0398,0.1535,0.6596,0.00,0.00,0.00,0.00
2389.00,180.000,180.000,170.000,175.000,179.043,178.852,168.913,173.816,179.194,179.130,169.158,176.463,186.360,182.893,187.955,333.197,0.0660,0.0378,0.1536,0.6620,0.00,0.00,0.00,0.00
2390.00,180.000,180.000,170.000,175.000,179.044,178.854,168.914,173.833,179.197,179.132,169.160,176.439,186.365,182.866,187.956,332.191,0.0660,0.0378,0.1536,0.6644,0.00,0.00,0.00,0.00
2391.00,180.000,180.000,170.000,175.000,179.045,178.855,168.916,173.850,179.200,179.134,169.162,176.416,186.371,182.841,187.958,330.732,0.0660,0.0378,0.1536,0.6235,0.00,0.00,0.00,0.00
2392.00,180.000,180.000,170.000,175.000,179.046,178.857,168.917,173.867,179.203,179.136,169.164,176.391,186.376,182.819,187.960,328.934,0.0660,0.0378,0.1536,0.6257,0.00,0.00,0.00,0.00
2393.00,180.000,180.000,170.000,175.000,179.047,178.859,168.919,173.884,179.207,179.138,169.166,176.365,186.381,182.800,187.962,327.393,0.0660,0.0378,0.1536,0.6279,0.00,0.00,0.00,0.00
2394.00,180.000,180.000,170.000,175.000,179.048,178.861,168.921,173.901,179.210,179.140,169.168,176.339,186.387,182.782,187.963,326.080,0.0660,0.0378,0.1536,0.6301,0.00,0.00,0.00,0.00
2395.00,180.000,180.000,170.000,175.000,179.049,178.863,168.922,173.917,179.213,179.142,169.170,176.312,186.392,182.766,187.965,324.969,0.0660,0.0378,0.1537,0.6323,0.00,0.00,0.00,0.00
2396.00,180.000,180.000,170.000,175.000,179.051,178.865,168.924,173.933,179.217,179.144,169.172,176.286,186.348,182.752,187.967,324.065,0.0594,0.0378,0.1537,0.6345,0.00,0.00,0.00,0.00
2397.00,180.000,180.000,170.000,175.000,179.052,178.867,168.926,173.948,179.220,179.145,169.174,176.259,186.263,182.739,187.969,323.315,0.0594,0.0378,0.1537,0.6367,0.00,0.00,0.00,0.00
2398.00,180.000,180.000,170.000,175.000,179.053,178.868,168.927,173.963,179.223,179.147,169.176,176.232,186.186,182.728,187.971,321.500,0.0594,0.0378,0.1537,0.5954,0.00,0.00,0.00,0.00
2399.00,180.000,180.000,170.000,175.000,179.054,178.870,168.929,173.979,179.226,179.149,169.178,176.204,186.116,182.717,187.973,319.942,0.0594,0.0378,0.1537,0.5974,0.00,0.00,0.00,0.00
2400.00,180.000,180.000,170.000,175.000,179.055,178.872,168.931,173.993,179.228,179.150,169.180,176.176,186.054,182.708,187.975,318.640,0.0594,0.0378,0.1538,0.5994,0.00,0.00,0.00,0.00
2401.00,180.000,180.000,170.000,175.000,179.056,178.874,168.932,174.008,179.231,179.152,169.182,176.147,185.998,182.700,187.977,317.537,0.0594,0.0378,0.1538,0.6014,0.00,0.00,0.00,0.00
2402.00,180.000,180.000,170.000,175.000,179.057,178.876,168.934,174.022,179.234,179.154,169.184,176.118,185.948,182.693,187.979,316.611,0.0594,0.0378,0.1538,0.6034,0.00,0.00,0.00,0.00
2403.00,180.000,180.000,170.000,175.000,179.059,178.878,168.936,174.036,179.236,179.155,169.186,176.090,185.903,182.687,187.981,315.842,0.0594,0.0378,0.1538,0.6054,0.00,0.00,0.00,0.00
2404.00,180.000,180.000,170.000,175.000,179.060,178.880,168.937,174.049,179.238,179.157,169.188,176.061,185.863,182.681,187.983,315.211,0.0594,0.0378,0.1538,0.6074,0.00,0.00,0.00,0.00
2405.00,180.000,180.000,170.000,175.000,179.061,178.881,168.939,174.063,179.241,179.158,169.190,176.033,185.827,182.676,187.985,313.503,0.0594,0.0378,0.1539,0.5659,0.00,0.00,0.00,0.00
2406.00,180.000,180.000,170.000,175.000,179.062,178.883,168.941,174.076,179.243,179.160,169.192,176.003,185.794,182.672,187.987,312.039,0.0594,0.0378,0.1539,0.5677,0.00,0.00,0.00,0.00
2407.00,180.000,180.000,170.000,175.000,179.063,178.885,168.942,174.089,179.245,179.162,169.194,175.973,185.766,182.668,187.989,310.793,0.0594,0.0378,0.1539,0.5695,0.00,0.00,0.00,0.00
2408.00,180.000,180.000,170.000,175.000,179.065,178.887,168.944,174.101,179.248,179.163,169.196,175.943,185.740,182.664,187.991,309.738,0.0594,0.0378,0.1539,0.5713,0.00,0.00,0.00,0.00
2409.00,180.000,180.000,170.000,175.000,179.066,178.889,168.946,174.113,179.250,179.165,169.198,175.913,185.717,182.661,187.993,308.828,0.0594,0.0378,0.1539,0.5731,0.00,0.00,0.00,0.00
2410.00,180.000,180.000,170.000,175.000,179.067,178.891,168.947,174.125,179.252,179.166,169.201,175.883,185.697,182.659,187.995,308.072,0.0594,0.0378,0.1539,0.5749,0.00,0.00,0.00,0.00
2411.00,180.000,180.000,170.000,175.000,179.068,178.892,168.949,174.137,179.254,179.168,169.203,175.853,185.679,182.657,187.998,307.453,0.0594,0.0379,0.1540,0.5767,0.00,0.00,0.00,0.00
2412.00,180.000,180.000,170.000,175.000,179.069,178.894,168.951,174.148,179.256,179.169,169.205,175.823,185.663,182.655,187.983,306.955,0.0594,0.0379,0.1520,0.5785,0.00,0.00,0.00,0.00
2413.00,180.000,180.000,170.000,175.000,179.071,178.896,168.952,174.159,179.258,179.171,169.207,175.794,185.649,182.653,187.955,305.365,0.0594,0.0379,0.1520,0.5368,0.00,0.00,0.00,0.00
2414.00,180.000,180.000,170.000,175.000,179.072,178.898,168.954,174.170,179.261,179.172,169.209,175.763,185.637,182.652,187.961,304.006,0.0594,0.0379,0.1520,0.5384,0.00,0.00,0.00,0.00
2415.00,180.000,180.000,170.000,175.000,179.073,178.900,168.956,174.180,179.263,179.174,169.211,175.733,185.626,182.651,187.968,302.823,0.0594,0.0379,0.1520,0.5400,0.00,0.00,0.00,0.00
2416.00,180.000,180.000,170.000,175.000,179.074,178.902,168.958,174.191,179.265,179.175,169.213,175.702,185.617,182.650,187.973,301.824,0.0594,0.0379,0.1521,0.5416,0.00,0.00,0.00,0.00
2417.00,180.000,180.000,170.000,175.000,179.076,178.903,168.959,174.201,179.267,179.177,169.215,175.671,185.609,182.649,187.979,300.989,0.0594,0.0379,0.1521,0.5432,0.00,0.00,0.00,0.00
2418.00,180.000,180.000,170.000,175.000,179.077,178.905,168.961,174.210,179.269,179.178,169.217,175.640,185.602,182.649,187.984,300.273,0.0594,0.0379,0.1521,0.5448,0.00,0.00,0.00,0.00
2419.00,180.000,180.000,170.000,175.000,179.078,178.907,168.963,174.220,179.271,179.180,169.219,175.609,185.596,182.649,187.989,299.689,0.0594,0.0379,0.1521,0.5464,0.00,0.00,0.00,0.00
2420.00,180.000,180.000,170.000,175.000,179.080,178.909,168.964,174.229,179.273,179.181,169.221,175.579,185.591,182.648,187.993,299.193,0.0594,0.0379,0.1521,0.5480,0.00,0.00,0.00,0.00
2421.00,180.000,180.000,170.000,175.000,179.081,178.911,168.966,174.238,179.275,179.183,169.223,175.549,185.587,182.648,187.998,298.805,0.0594,0.0379,0.1521,0.5496,0.00,0.00,0.00,0.00
2422.00,180.000,180.000,170.000,175.000,179.082,178.912,168.968,174.247,179.277,179.184,169.225,175.520,185.583,182.649,188.002,298.512,0.0594,0.0379,0.1522,0.5512,0.00,0.00,0.00,0.00
2423.00,180.000,180.000,170.000,175.000,179.083,178.914,168.969,174.255,179.279,179.186,169.227,175.491,185.581,182.649,188.006,297.105,0.0594,0.0379,0.1522,0.5093,0.00,0.00,0.00,0.00
2424.00,180.000,180.000,170.000,175.000,179.085,178.916,168.971,174.263,179.281,179.187,169.229,175.462,185.578,182.649,188.010,295.881,0.0594,0.0379,0.1522,0.5107,0.00,0.00,0.00,0.00
2425.00,180.000,180.000,170.000,175.000,179.086,178.918,168.973,174.271,179.283,179.189,169.231,175.431,185.577,182.649,188.013,294.818,0.0594,0.0379,0.1522,0.5121,0.00,0.00,0.00,0.00
2426.00,180.000,180.000,170.000,175.000,179.087,178.920,168.975,174.279,179.286,179.190,169.233,175.401,185.576,182.650,188.017,293.925,0.0594,0.0379,0.1522,0.5135,0.00,0.00,0.00,0.00
2427.00,180.000,180.000,170.000,175.000,179.089,178.921,168.976,174.286,179.288,179.192,169.235,175.371,185.575,182.650,188.020,293.156,0.0594,0.0379,0.1522,0.5149,0.00,0.00,0.00,0.00
2428.00,180.000,180.000,170.000,175.000,179.090,178.923,168.978,174.293,179.290,179.193,169.237,175.341,185.575,182.651,188.024,292.525,0.0594,0.0379,0.1523,0.5163,0.00,0.00,0.00,0.00
2429.00,180.000,180.000,170.000,175.000,179.091,178.925,168.980,174.300,179.292,179.194,169.239,175.311,185.575,182.652,188.027,291.988,0.0594,0.0379,0.1523,0.5177,0.00,0.00,0.00,0.00
2430.00,180.000,180.000,170.000,175.000,179.093,178.927,168.982,174.307,179.294,179.196,169.241,175.281,185.575,182.652,188.030,291.563,0.0594,0.0379,0.1523,0.5191,0.00,0.00,0.00,0.00
2431.00,180.000,180.000,170.000,175.000,179.094,178.929,168.983,174.313,179.296,179.197,169.243,175.252,185.576,182.653,188.033,291.210,0.0594,0.0379,0.1523,0.5205,0.00,0.00,0.00,0.00
2432.00,180.000,180.000,170.000,175.000,179.095,178.930,168.985,174.320,179.298,179.199,169.245,175.224,185.577,182.654,188.036,290.920,0.0594,0.0379,0.1523,0.5219,0.00,0.00,0.00,0.00
2433.00,180.000,180.000,170.000,175.000,179.097,178.932,168.987,174.326,179.300,179.200,169.248,175.196,185.578,182.655,188.039,290.713,0.0594,0.0379,0.1523,0.5233,0.00,0.00,0.00,0.00
2434.00,180.000,180.000,170.000,175.000,179.098,178.934,168.988,174.331,179.303,179.202,169.250,175.169,185.579,182.656,188.042,290.556,0.0594,0.0379,0.1524,0.5247,0.00,0.00,0.00,0.00
2435.00,180.000,180.000,170.000,175.000,179.099,178.936,168.990,174.337,179.305,179.203,169.252,175.142,185.581,182.656,188.044,290.439,0.0594,0.0379,0.1524,0.5261,0.00,0.00,0.00,0.00
2436.00,180.000,180.000,170.000,175.000,179.101,178.938,168.992,174.342,179.307,179.205,169.254,175.117,185.583,182.657,188.047,290.387,0.0594,0.0379,0.1524,0.5275,0.00,0.00,0.00,0.00
2437.00,180.000,180.000,170.000,175.000,179.102,178.939,168.994,174.347,179.309,179.206,169.256,175.092,185.585,182.658,188.050,290.366,0.0594,0.0379,0.1524,0.5289,0.00,0.00,0.00,0.00
2438.00,180.000,180.000,170.000,175.000,179.104,178.941,168.995,174.352,179.311,179.207,169.258,175.068,185.587,182.659,188.052,289.784,0.0594,0.0379,0.1524,0.4870,0.00,0.00,0.00,0.00
2439.00,180.000,180.000,170.000,175.000,179.105,178.943,168.997,174.357,179.314,179.209,169.260,175.043,185.589,182.660,188.055,288.710,0.0594,0.0379,0.1524,0.4882,0.00,0.00,0.00,0.00
2440.00,180.000,180.000,170.000,175.000,179.106,178.945,168.999,174.361,179.316,179.210,169.262,175.018,185.591,182.661,188.057,287.807,0.0594,0.0379,0.1525,0.4894,0.00,0.00,0.00,0.00
2441.00,180.000,180.000,170.000,175.000,179.108,178.946,169.001,174.366,179.318,179.212,169.264,174.992,185.594,182.662,188.060,287.031,0.0594,0.0380,0.1525,0.4906,0.00,0.00,0.00,0.00
2442.00,180.000,180.000,170.000,175.000,179.109,178.948,169.002,174.370,179.320,179.213,169.267,174.966,185.596,182.663,188.062,286.365,0.0594,0.0380,0.1525,0.4918,0.00,0.00,0.00,0.00
2443.00,180.000,180.000,170.000,175.000,179.111,178.950,169.004,174.374,179.323,179.215,169.269,174.941,185.599,182.665,188.065,285.824,0.0594,0.0380,0.1525,0.4930,0.00,0.00,0.00,0.00
2444.00,180.000,180.000,170.000,175.000,179.112,178.952,169.006,174.377,179.325,179.216,169.271,174.915,185.602,182.634,188.067,285.342,0.0594,0.0360,0.1525,0.4942,0.00,0.00,0.00,0.00
2445.00,180.000,180.000,170.000,175.000,179.113,178.953,169.008,174.381,179.327,179.217,169.273,174.890,185.604,182.606,188.070,284.965,0.0594,0.0360,0.1525,0.4954,0.00,0.00,0.00,0.00
2446.00,180.000,180.000,170.000,175.000,179.115,178.955,169.009,174.384,179.330,179.219,169.275,174.865,185.607,182.581,188.072,284.655,0.0594,0.0360,0.1526,0.4966,0.00,0.00,0.00,0.00
2447.00,180.000,180.000,170.000,175.000,179.116,178.957,169.011,174.387,179.332,179.220,169.277,174.840,185.610,182.558,188.075,284.404,0.0594,0.0360,0.1526,0.4978,0.00,0.00,0.00,0.00
2448.00,180.000,180.000,170.000,175.000,179.118,178.959,169.013,174.390,179.334,179.221,169.279,174.816,185.613,182.538,188.077,284.232,0.0594,0.0360,0.1526,0.4990,0.00,0.00,0.00,0.00
2449.00,180.000,180.000,170.000,175.000,179.119,178.960,169.015,174.393,179.337,179.222,169.282,174.793,185.616,182.520,188.079,284.077,0.0594,0.0360,0.1526,0.5002,0.00,0.00,0.00,0.00
2450.00,180.000,180.000,170.000,175.000,179.121,178.962,169.017,174.396,179.339,179.223,169.284,174.770,185.619,182.503,188.082,283.991,0.0594,0.0360,0.1526,0.5014,0.00,0.00,0.00,0.00
2451.00,180.000,180.000,170.000,175.000,179.122,178.964,169.018,174.398,179.341,179.225,169.286,174.747,185.622,182.489,188.084,283.941,0.0594,0.0360,0.1526,0.5026,0.00,0.00,0.00,0.00
2452.00,180.000,180.000,170.000,175.000,179.124,178.966,169.020,174.401,179.344,179.226,169.288,174.726,185.625,182.475,188.087,283.920,0.0594,0.0360,0.1527,0.5038,0.00,0.00,0.00,0.00
2453.00,180.000,180.000,170.000,175.000,179.125,178.967,169.022,174.403,179.346,179.227,169.290,174.704,185.628,182.463,188.089,283.953,0.0594,0.0360,0.1527,0.5050,0.00,0.00,0.00,0.00
2454.00,180.000,180.000,170.000,175.000,179.126,178.969,169.024,174.405,179.349,179.228,169.292,174.684,185.631,182.453,188.091,283.981,0.0594,0.0360,0.1527,0.5062,0.00,0.00,0.00,0.00
2455.00,180.000,180.000,170.000,175.000,179.128,178.971,169.026,174.407,179.351,179.229,169.295,174.664,185.634,182.443,188.094,284.058,0.0594,0.0360,0.1527,0.5074,0.00,0.00,0.00,0.00
2456.00,180.000,180.000,170.000,175.000,179.129,178.973,169.027,174.408,179.354,179.230,169.297,174.645,185.637,182.434,188.096,284.152,0.0594,0.0360,0.1527,0.5086,0.00,0.00,0.00,0.00
2457.00,180.000,180.000,170.000,175.000,179.131,178.974,169.029,174.410,179.356,179.231,169.299,174.626,185.640,182.427,188.098,284.260,0.0594,0.0360,0.1527,0.5098,0.00,0.00,0.00,0.00
2458.00,180.000,180.000,170.000,175.000,179.132,178.976,169.031,174.411,179.358,179.232,169.301,174.608,185.643,182.436,188.101,284.408,0.0594,0.0360,0.1528,0.5110,0.00,0.00,0.00,0.00
2459.00,180.000,180.000,170.000,175.000,179.134,178.978,169.033,174.412,179.361,179.233,169.303,174.591,185.646,182.460,188.103,284.538,0.0594,0.0360,0.1528,0.5122,0.00,0.00,0.00,0.00
2460.00,180.000,180.000,170.000,175.000,179.135,178.979,169.034,174.414,179.363,179.234,169.306,174.575,185.649,182.482,188.105,284.706,0.0594,0.0360,0.1528,0.5134,0.00,0.00,0.00,0.00
2461.00,180.000,180.000,170.000,175.000,179.137,178.981,169.036,174.415,179.366,179.235,169.308,174.559,185.652,182.502,188.107,284.882,0.0594,0.0360,0.1528,0.5146,0.00,0.00,0.00,0.00
2462.00,180.000,180.000,170.000,175.000,179.138,178.983,169.038,174.416,179.368,179.236,169.310,174.544,185.655,182.520,188.110,285.062,0.0594,0.0360,0.1528,0.5158,0.00,0.00,0.00,0.00
2463.00,180.000,180.000,170.000,175.000,179.140,178.984,169.040,174.416,179.371,179.237,169.312,174.529,185.658,182.537,188.112,285.276,0.0594,0.0360,0.1529,0.5170,0.00,0.00,0.00,0.00
2464.00,180.000,180.000,170.000,175.000,179.142,178.986,169.042,174.417,179.374,179.238,169.314,174.515,185.661,182.552,188.114,285.463,0.0594,0.0360,0.1529,0.5182,0.00,0.00,0.00,0.00
2465.00,180.000,180.000,170.000,175.000,179.143,178.988,169.044,174.418,179.376,179.239,169.317,174.502,185.664,182.565,188.117,285.683,0.0594,0.0360,0.1529,0.5194,0.00,0.00,0.00,0.00
2466.00,180.000,180.000,170.000,175.000,179.145,178.989,169.045,174.418,179.379,179.241,169.319,174.489,185.667,182.578,188.119,285.905,0.0594,0.0360,0.1529,0.5206,0.00,0.00,0.00,0.00
2467.00,180.000,180.000,170.000,175.000,179.146,178.991,169.047,174.419,179.381,179.242,169.321,174.477,185.670,182.589,188.121,286.128,0.0594,0.0360,0.1529,0.5218,0.00,0.00,0.00,0.00
2468.00,180.000,180.000,170.000,175.000,179.148,178.993,169.049,174.419,179.384,179.243,169.323,174.465,185.674,182.600,188.124,286.378,0.0594,0.0360,0.1529,0.5230,0.00,0.00,0.00,0.00
2469.00,180.000,180.000,170.000,175.000,179.149,178.994,169.051,174.419,179.386,179.244,169.325,174.454,185.677,182.609,188.109,286.599,0.0594,0.0360,0.1510,0.5242,0.00,0.00,0.00,0.00
2470.00,180.000,180.000,170.000,175.000,179.151,178.996,169.053,174.420,179.389,179.246,169.328,174.444,185.631,182.618,188.081,286.849,0.0528,0.0360,0.1510,0.5254,0.00,0.00,0.00,0.00
2471.00,180.000,180.000,170.000,175.000,179.153,178.998,169.054,174.420,179.391,179.247,169.330,174.434,185.542,182.626,188.056,287.098,0.0528,0.0360,0.1510,0.5266,0.00,0.00,0.00,0.00
2472.00,180.000,180.000,170.000,175.000,179.154,178.999,169.056,174.420,179.394,179.248,169.332,174.424,185.463,182.633,188.033,287.345,0.0528,0.0360,0.1510,0.5278,0.00,0.00,0.00,0.00
2473.00,180.000,180.000,170.000,175.000,179.156,179.001,169.058,174.420,179.396,179.250,169.334,174.416,185.391,182.640,188.013,287.617,0.0528,0.0360,0.1510,0.5290,0.00,0.00,0.00,0.00
2474.00,180.000,180.000,170.000,175.000,179.157,179.003,169.060,174.420,179.398,179.251,169.336,174.407,185.327,182.646,187.995,287.858,0.0528,0.0361,0.1510,0.5302,0.00,0.00,0.00,0.00
2475.00,180.000,180.000,170.000,175.000,179.159,179.004,169.062,174.420,179.400,179.252,169.338,174.399,185.269,182.652,187.978,288.126,0.0528,0.0361,0.1510,0.5314,0.00,0.00,0.00,0.00
2476.00,180.000,180.000,170.000,175.000,179.161,179.006,169.064,174.420,179.401,179.254,169.339,174.392,185.216,182.657,187.964,288.391,0.0528,0.0361,0.1511,0.5326,0.00,0.00,0.00,0.00
2477.00,180.000,180.000,170.000,175.000,179.162,179.008,169.065,174.419,179.403,179.255,169.341,174.385,185.169,182.662,187.951,288.651,0.0528,0.0361,0.1511,0.5338,0.00,0.00,0.00,0.00
2478.00,180.000,180.000,170.000,175.000,179.164,179.009,169.067,174.419,179.405,179.256,169.343,174.379,185.126,182.667,187.939,288.937,0.0528,0.0361,0.1511,0.5350,0.00,0.00,0.00,0.00
2479.00,180.000,180.000,170.000,175.000,179.165,179.011,169.069,174.419,179.406,179.258,169.345,174.373,185.088,182.671,187.929,289.190,0.0528,0.0361,0.1511,0.5362,0.00,0.00,0.00,0.00
2480.00,180.000,180.000,170.000,175.000,179.167,179.013,169.071,174.419,179.408,179.259,169.347,174.367,185.053,182.675,187.920,289.468,0.0528,0.0361,0.1511,0.5374,0.00,0.00,0.00,0.00
2481.00,180.000,180.000,170.000,175.000,179.169,179.014,169.073,174.418,179.409,179.261,169.349,174.362,185.022,182.679,187.912,289.743,0.0528,0.0361,0.1511,0.5386,0.00,0.00,0.00,0.00
2482.00,180.000,180.000,170.000,175.000,179.170,179.016,169.075,174.418,179.411,179.262,169.350,174.357,184.994,182.682,187.905,290.012,0.0528,0.0361,0.1512,0.5398,0.00,0.00,0.00,0.00
2483.00,180.000,180.000,170.000,175.000,179.172,179.018,169.077,174.417,179.412,179.263,169.352,174.353,184.969,182.685,187.898,290.306,0.0528,0.0361,0.1512,0.5410,0.00,0.00,0.00,0.00
2484.00,180.000,180.000,170.000,175.000,179.173,179.019,169.078,174.417,179.413,179.265,169.354,174.349,184.946,182.688,187.893,290.566,0.0528,0.0361,0.1512,0.5422,0.00,0.00,0.00,0.00
2485.00,180.000,180.000,170.000,175.000,179.175,179.021,169.080,174.416,179.414,179.266,169.356,174.346,184.926,182.691,187.888,290.851,0.0528,0.0361,0.1512,0.5434,0.00,0.00,0.00,0.00
2486.00,180.000,180.000,170.000,175.000,179.177,179.022,169.082,174.416,179.416,179.268,169.358,174.343,184.907,182.694,187.884,291.132,0.0528,0.0361,0.1512,0.5446,0.00,0.00,0.00,0.00
2487.00,180.000,180.000,170.000,175.000,179.178,179.024,169.084,174.416,179.417,179.269,169.359,174.340,184.891,182.697,187.880,291.408,0.0528,0.0361,0.1512,0.5458,0.00,0.00,0.00,0.00
2488.00,180.000,180.000,170.000,175.000,179.180,179.026,169.086,174.415,179.418,179.270,169.361,174.337,184.876,182.699,187.877,291.707,0.0528,0.0361,0.1512,0.5470,0.00,0.00,0.00,0.00
2489.00,180.000,180.000,170.000,175.000,179.181,179.027,169.088,174.414,179.419,179.272,169.363,174.335,184.863,182.701,187.875,291.972,0.0528,0.0361,0.1513,0.5482,0.00,0.00,0.00,0.00
2490.00,180.000,180.000,170.000,175.000,179.183,179.029,169.089,174.414,179.420,179.273,169.364,174.334,184.851,182.704,187.873,292.262,0.0528,0.0361,0.1513,0.5494,0.00,0.00,0.00,0.00
2491.00,180.000,180.000,170.000,175.000,179.184,179.031,169.091,174.413,179.422,179.275,169.366,174.332,184.840,182.706,187.871,292.547,0.0528,0.0361,0.1513,0.5506,0.00,0.00,0.00,0.00
2492.00,180.000,180.000,170.000,175.000,179.186,179.032,169.093,174.413,179.423,179.276,169.368,174.331,184.831,182.708,187.869,292.826,0.0528,0.0361,0.1513,0.5518,0.00,0.00,0.00,0.00
2493.00,180.000,180.000,170.000,175.000,179.188,179.034,169.095,174.412,179.424,179.278,169.370,174.331,184.823,182.710,187.868,293.129,0.0528,0.0361,0.1513,0.5530,0.00,0.00,0.00,0.00
2494.00,180.000,180.000,170.000,175.000,179.189,179.035,169.097,174.412,179.425,179.279,169.371,174.330,184.815,182.712,187.867,293.397,0.0528,0.0361,0.1513,0.5542,0.00,0.00,0.00,0.00
2495.00,180.000,180.000,170.000,175.000,179.191,179.037,169.098,174.411,179.426,179.280,169.373,174.330,184.808,182.713,187.867,293.690,0.0528,0.0361,0.1513,0.5554,0.00,0.00,0.00,0.00
2496.00,180.000,180.000,170.000,175.000,179.192,179.039,169.100,174.411,179.427,179.282,169.375,174.330,184.802,182.715,187.866,293.979,0.0528,0.0361,0.1514,0.5566,0.00,0.00,0.00,0.00
2497.00,180.000,180.000,170.000,175.000,179.194,179.040,169.102,174.410,179.428,179.283,169.376,174.331,184.797,182.717,187.866,294.261,0.0528,0.0361,0.1514,0.5578,0.00,0.00,0.00,0.00
2498.00,180.000,180.000,170.000,175.000,179.195,179.042,169.104,174.410,179.429,179.285,169.378,174.331,184.792,182.719,187.866,294.566,0.0528,0.0361,0.1514,0.5590,0.00,0.00,0.00,0.00
2499.00,180.000,180.000,170.000,175.000,179.197,179.044,169.106,174.409,179.430,179.286,169.380,174.333,184.788,182.720,187.866,294.837,0.0528,0.0361,0.1514,0.5602,0.00,0.00,0.00,0.00
2500.00,180.000,180.000,170.000,175.000,179.199,179.045,169.108,174.409,179.431,179.288,169.381,174.334,184.785,182.722,187.867,295.132,0.0528,0.0361,0.1514,0.5614,0.00,0.00,0.00,0.00
2501.00,180.000,180.000,170.000,175.000,179.200,179.047,169.109,174.408,179.432,179.289,169.383,174.335,184.781,182.723,187.867,295.423,0.0528,0.0361,0.1514,0.5626,0.00,0.00,0.00,0.00
2502.00,180.000,180.000,170.000,175.000,179.202,179.048,169.111,174.408,179.433,179.290,169.385,174.337,184.779,182.725,187.868,295.707,0.0528,0.0361,0.1515,0.5638,0.00,0.00,0.00,0.00
2503.00,180.000,180.000,170.000,175.000,179.203,179.050,169.113,174.407,179.435,179.292,169.387,174.339,184.776,182.726,187.869,296.014,0.0528,0.0341,0.1515,0.5650,0.00,0.00,0.00,0.00
2504.00,180.000,180.000,170.000,175.000,179.205,179.052,169.115,174.407,179.436,179.293,169.388,174.342,184.774,182.696,187.869,296.287,0.0528,0.0341,0.1515,0.5662,0.00,0.00,0.00,0.00
2505.00,180.000,180.000,170.000,175.000,179.206,179.053,169.117,174.406,179.437,179.295,169.390,174.344,184.772,182.669,187.870,296.585,0.0528,0.0341,0.1515,0.5674,0.00,0.00,0.00,0.00
2506.00,180.000,180.000,170.000,175.000,179.208,179.055,169.119,174.406,179.438,179.296,169.392,174.347,184.771,182.644,187.871,296.877,0.0528,0.0341,0.1515,0.5686,0.00,0.00,0.00,0.00
2507.00,180.000,180.000,170.000,175.000,179.209,179.056,169.120,174.406,179.439,179.297,169.393,174.350,184.770,182.622,187.873,297.163,0.0528,0.0341,0.1515,0.5698,0.00,0.00,0.00,0.00
2508.00,180.000,180.000,170.000,175.000,179.211,179.058,169.122,174.405,179.440,179.298,169.395,174.354,184.768,182.601,187.874,297.472,0.0528,0.0342,0.1515,0.5710,0.00,0.00,0.00,0.00
2509.00,180.000,180.000,170.000,175.000,179.212,179.060,169.124,174.405,179.441,179.299,169.397,174.357,184.768,182.583,187.875,297.746,0.0528,0.0342,0.1516,0.5722,0.00,0.00,0.00,0.00
2510.00,180.000,180.000,170.000,175.000,179.214,179.061,169.126,174.405,179.442,179.301,169.398,174.361,184.767,182.567,187.876,298.045,0.0528,0.0342,0.1516,0.5734,0.00,0.00,0.00,0.00
2511.00,180.000,180.000,170.000,175.000,179.215,179.063,169.128,174.404,179.443,179.302,169.400,174.365,184.766,182.553,187.877,298.339,0.0528,0.0342,0.1516,0.5746,0.00,0.00,0.00,0.00
2512.00,180.000,180.000,170.000,175.000,179.217,179.064,169.129,174.404,179.444,179.303,169.402,174.369,184.766,182.539,187.879,298.626,0.0528,0.0342,0.1516,0.5758,0.00,0.00,0.00,0.00
2513.00,180.000,180.000,170.000,175.000,179.218,179.066,169.131,174.404,179.445,179.304,169.404,174.374,184.766,182.528,187.880,298.936,0.0528,0.0342,0.1516,0.5770,0.00,0.00,0.00,0.00
2514.00,180.000,180.000,170.000,175.000,179.220,179.068,169.133,174.404,179.446,179.305,169.405,174.378,184.766,182.517,187.882,299.212,0.0528,0.0342,0.1516,0.5782,0.00,0.00,0.00,0.00
2515.00,180.000,180.000,170.000,175.000,179.221,179.069,169.135,174.403,179.447,179.306,169.407,174.383,184.766,182.508,187.883,299.512,0.0528,0.0342,0.1517,0.5794,0.00,0.00,0.00,0.00
2516.00,180.000,180.000,170.000,175.000,179.223,179.071,169.137,174.403,179.448,179.307,169.409,174.388,184.766,182.499,187.885,299.807,0.0528,0.0342,0.1517,0.5806,0.00,0.00,0.00,0.00
2517.00,180.000,180.000,170.000,175.000,179.224,179.072,169.138,174.403,179.449,179.308,169.410,174.393,184.766,182.491,187.886,300.096,0.0528,0.0342,0.1517,0.5818,0.00,0.00,0.00,0.00
2518.00,180.000,180.000,170.000,175.000,179.226,179.074,169.140,174.403,179.451,179.309,169.412,174.399,184.766,182.484,187.888,300.407,0.0528,0.0342,0.1517,0.5830,0.00,0.00,0.00,0.00
2519.00,180.000,180.000,170.000,175.000,179.227,179.075,169.142,174.403,179.452,179.310,169.414,174.405,184.766,182.478,187.890,300.684,0.0528,0.0342,0.1517,0.5842,0.00,0.00,0.00,0.00
2520.00,180.000,180.000,170.000,175.000,179.229,179.077,169.144,174.403,179.453,179.311,169.416,174.410,184.767,182.473,187.891,300.985,0.0528,0.0342,0.1517,0.5854,0.00,0.00,0.00,0.00
2521.00,180.000,180.000,170.000,175.000,179.230,179.079,169.146,174.403,179.454,179.312,169.417,174.416,184.767,182.468,187.893,301.281,0.0528,0.0342,0.1517,0.5866,0.00,0.00,0.00,0.00
2522.00,180.000,180.000,170.000,175.000,179.232,179.080,169.148,174.403,179.455,179.313,169.419,174.423,184.768,182.464,187.894,301.571,0.0528,0.0342,0.1518,0.5878,0.00,0.00,0.00,0.00
2523.00,180.000,180.000,170.000,175.000,179.233,179.082,169.149,174.403,179.456,179.313,169.421,174.429,184.768,182.460,187.896,301.883,0.0528,0.0342,0.1518,0.5890,0.00,0.00,0.00,0.00
2524.00,180.000,180.000,170.000,175.000,179.235,179.083,169.151,174.404,179.457,179.314,169.423,174.436,184.769,182.456,187.881,302.161,0.0528,0.0342,0.1498,0.5902,0.00,0.00,0.00,0.00
2525.00,180.000,180.000,170.000,175.000,179.236,179.085,169.153,174.404,179.458,179.315,169.424,174.442,184.769,182.453,187.853,302.463,0.0528,0.0342,0.1498,0.5914,0.00,0.00,0.00,0.00
2526.00,180.000,180.000,170.000,175.000,179.238,179.086,169.155,174.404,179.459,179.316,169.426,174.449,184.770,182.451,187.827,302.760,0.0528,0.0342,0.1498,0.5926,0.00,0.00,0.00,0.00
2527.00,180.000,180.000,170.000,175.000,179.239,179.088,169.157,174.404,179.460,179.317,169.427,174.456,184.770,182.448,187.803,303.051,0.0528,0.0342,0.1498,0.5938,0.00,0.00,0.00,0.00
2528.00,180.000,180.000,170.000,175.000,179.241,179.089,169.158,174.405,179.461,179.318,169.429,174.464,184.771,182.446,187.783,303.364,0.0528,0.0342,0.1498,0.5950,0.00,0.00,0.00,0.00
2529.00,180.000,180.000,170.000,175.000,179.242,179.091,169.160,174.405,179.463,179.319,169.430,174.471,184.772,182.444,187.764,303.643,0.0528,0.0342,0.1499,0.5962,0.00,0.00,0.00,0.00
2530.00,180.000,180.000,170.000,175.000,179.244,179.092,169.162,174.406,179.464,179.320,169.432,174.479,184.773,182.443,187.747,303.946,0.0528,0.0342,0.1499,0.5974,0.00,0.00,0.00,0.00
2531.00,180.000,180.000,170.000,175.000,179.245,179.094,169.164,174.406,179.465,179.320,169.433,174.486,184.773,182.441,187.732,304.243,0.0528,0.0342,0.1499,0.5986,0.00,0.00,0.00,0.00
2532.00,180.000,180.000,170.000,175.000,179.247,179.095,169.166,174.407,179.466,179.321,169.435,174.494,184.774,182.440,187.718,304.535,0.0528,0.0342,0.1499,0.5998,0.00,0.00,0.00,0.00
2533.00,180.000,180.000,170.000,175.000,179.248,179.097,169.167,174.407,179.467,179.322,169.436,174.502,184.775,182.439,187.706,304.849,0.0528,0.0342,0.1499,0.6010,0.00,0.00,0.00,0.00
2534.00,180.000,180.000,170.000,175.000,179.250,179.098,169.169,174.408,179.468,179.323,169.437,174.510,184.776,182.439,187.696,305.129,0.0528,0.0342,0.1499,0.6022,0.00,0.00,0.00,0.00
2535.00,180.000,180.000,170.000,175.000,179.251,179.100,169.171,174.409,179.469,179.324,169.439,174.519,184.727,182.438,187.686,305.432,0.0462,0.0342,0.1499,0.6034,0.00,0.00,0.00,0.00
2536.00,180.000,180.000,170.000,175.000,179.252,179.101,169.173,174.409,179.470,179.325,169.440,174.527,184.637,182.437,187.677,305.731,0.0462,0.0342,0.1500,0.6046,0.00,0.00,0.00,0.00
2537.00,180.000,180.000,170.000,175.000,179.254,179.103,169.174,174.410,179.471,179.326,169.441,174.536,184.556,182.437,187.670,306.023,0.0462,0.0342,0.1500,0.6058,0.00,0.00,0.00,0.00
2538.00,180.000,180.000,170.000,175.000,179.255,179.104,169.176,174.411,179.471,179.326,169.443,174.545,184.482,182.437,187.663,306.338,0.0462,0.0342,0.1500,0.6070,0.00,0.00,0.00,0.00
2539.00,180.000,180.000,170.000,175.000,179.257,179.106,169.178,174.412,179.472,179.327,169.444,174.554,184.415,182.436,187.657,306.618,0.0462,0.0342,0.1500,0.6082,0.00,0.00,0.00,0.00
2540.00,180.000,180.000,170.000,175.000,179.258,179.107,169.180,174.413,179.472,179.328,169.445,174.563,184.355,182.436,187.668,306.923,0.0462,0.0342,0.1500,0.6094,0.00,0.00,0.00,0.00
2541.00,180.000,180.000,170.000,175.000,179.260,179.109,169.182,174.414,179.473,179.329,169.447,174.572,184.300,182.436,187.694,307.222,0.0462,0.0342,0.1500,0.6106,0.00,0.00,0.00,0.00
2542.00,180.000,180.000,170.000,175.000,179.261,179.110,169.183,174.415,179.473,179.330,169.448,174.582,184.251,182.436,187.718,307.515,0.0462,0.0342,0.1500,0.6118,0.00,0.00,0.00,0.00
2543.00,180.000,180.000,170.000,175.000,179.262,179.112,169.185,174.416,179.473,179.331,169.449,174.591,184.206,182.436,187.739,307.830,0.0462,0.0342,0.1501,0.6130,0.00,0.00,0.00,0.00
2544.00,180.000,180.000,170.000,175.000,179.264,179.113,169.187,174.417,179.473,179.332,169.451,174.601,184.165,182.436,187.759,308.111,0.0462,0.0342,0.1501,0.6142,0.00,0.00,0.00,0.00
2545.00,180.000,180.000,170.000,175.000,179.265,179.115,169.189,174.418,179.473,179.332,169.452,174.611,184.129,182.436,187.776,308.416,0.0462,0.0343,0.1501,0.6154,0.00,0.00,0.00,0.00
2546.00,180.000,180.000,170.000,175.000,179.267,179.116,169.190,174.420,179.473,179.333,169.454,174.621,184.096,182.437,187.793,308.716,0.0462,0.0343,0.1501,0.6166,0.00,0.00,0.00,0.00
2547.00,180.000,180.000,170.000,175.000,179.268,179.117,169.192,174.421,179.472,179.334,169.455,174.631,184.066,182.437,187.808,309.010,0.0462,0.0343,0.1501,0.6178,0.00,0.00,0.00,0.00
2548.00,180.000,180.000,170.000,175.000,179.269,179.119,169.194,174.423,179.472,179.335,169.457,174.641,184.038,182.437,187.821,309.326,0.0462,0.0343,0.1501,0.6190,0.00,0.00,0.00,0.00
2549.00,180.000,180.000,170.000,175.000,179.271,179.120,169.196,174.424,179.472,179.336,169.458,174.651,184.014,182.437,187.834,309.607,0.0462,0.0343,0.1501,0.6202,0.00,0.00,0.00,0.00
2550.00,180.000,180.000,170.000,175.000,179.272,179.122,169.197,174.426,179.472,179.337,169.460,174.662,183.991,182.438,187.845,309.913,0.0462,0.0343,0.1501,0.6214,0.00,0.00,0.00,0.00
2551.00,180.000,180.000,170.000,175.000,179.273,179.123,169.199,174.427,179.471,179.337,169.462,174.672,183.971,182.438,187.856,310.213,0.0462,0.0343,0.1502,0.6226,0.00,0.00,0.00,0.00
2552.00,180.000,180.000,170.000,175.000,179.275,179.125,169.201,174.429,179.471,179.338,169.463,174.683,183.953,182.439,187.866,310.507,0.0462,0.0343,0.1502,0.6238,0.00,0.00,0.00,0.00
2553.00,180.000,180.000,170.000,175.000,179.276,179.126,169.203,174.430,179.471,179.339,169.465,174.694,183.936,182.439,187.875,310.824,0.0462,0.0343,0.1502,0.6250,0.00,0.00,0.00,0.00
2554.00,180.000,180.000,170.000,175.000,179.277,179.127,169.204,174.432,179.470,179.340,169.467,174.705,183.921,182.439,187.883,311.106,0.0462,0.0343,0.1502,0.6262,0.00,0.00,0.00,0.00
2555.00,180.000,180.000,170.000,175.000,179.279,179.129,169.206,174.434,179.470,179.341,169.468,174.716,183.907,182.440,187.891,311.412,0.0462,0.0343,0.1502,0.6274,0.00,0.00,0.00,0.00
2556.00,180.000,180.000,170.000,175.000,179.280,179.130,169.208,174.436,179.469,179.342,169.470,174.727,183.895,182.440,187.898,311.713,0.0462,0.0343,0.1502,0.6286,0.00,0.00,0.00,0.00
2557.00,180.000,180.000,170.000,175.000,179.281,179.132,169.210,174.438,179.469,179.342,169.472,174.739,183.883,182.441,187.904,312.008,0.0462,0.0343,0.1502,0.6298,0.00,0.00,0.00,0.00
2558.00,180.000,180.000,170.000,175.000,179.282,179.133,169.211,174.440,179.468,179.343,169.474,174.750,183.873,182.441,187.911,312.325,0.0462,0.0343,0.1503,0.6310,0.00,0.00,0.00,0.00
2559.00,180.000,180.000,170.000,175.000,179.284,179.135,169.213,174.442,179.468,179.344,169.475,174.762,183.864,182.442,187.916,312.608,0.0462,0.0343,0.1503,0.6322,0.00,0.00,0.00,0.00
2560.00,180.000,180.000,170.000,175.000,179.285,179.136,169.215,174.444,179.467,179.345,169.477,174.774,183.855,182.442,187.922,312.914,0.0462,0.0343,0.1503,0.6334,0.00,0.00,0.00,0.00
2561.00,180.000,180.000,170.000,175.000,179.286,179.137,169.217,174.446,179.466,179.346,169.479,174.785,183.847,182.443,187.927,313.216,0.0462,0.0343,0.1503,0.6346,0.00,0.00,0.00,0.00
2562.00,180.000,180.000,170.000,175.000,179.287,179.139,169.218,174.449,179.466,179.347,169.481,174.797,183.840,182.444,187.931,313.511,0.0462,0.0343,0.1503,0.6358,0.00,0.00,0.00,0.00
2563.00,180.000,180.000,170.000,175.000,179.288,179.140,169.220,174.451,179.465,179.348,169.482,174.809,183.834,182.444,187.936,313.209,0.0462,0.0343,0.1503,0.5936,0.00,0.00,0.00,0.00
2564.00,180.000,180.000,170.000,175.000,179.290,179.141,169.222,174.453,179.465,179.348,169.484,174.820,183.828,182.445,187.940,312.387,0.0462,0.0343,0.1503,0.5946,0.00,0.00,0.00,0.00
2565.00,180.000,180.000,170.000,175.000,179.291,179.143,169.224,174.456,179.464,179.349,169.486,174.830,183.822,182.445,187.944,311.686,0.0462,0.0343,0.1503,0.5956,0.00,0.00,0.00,0.00
2566.00,180.000,180.000,170.000,175.000,179.292,179.144,169.225,174.458,179.464,179.350,169.488,174.838,183.818,182.446,187.948,311.092,0.0462,0.0343,0.1504,0.5966,0.00,0.00,0.00,0.00
2567.00,180.000,180.000,170.000,175.000,179.293,179.146,169.227,174.461,179.463,179.351,169.490,174.846,183.813,182.446,187.952,310.594,0.0462,0.0343,0.1504,0.5976,0.00,0.00,0.00,0.00
2568.00,180.000,180.000,170.000,175.000,179.294,179.147,169.229,174.463,179.462,179.352,169.491,174.853,183.809,182.447,187.955,310.180,0.0462,0.0343,0.1504,0.5986,0.00,0.00,0.00,0.00
2569.00,180.000,180.000,170.000,175.000,179.295,179.148,169.231,174.466,179.462,179.353,169.493,174.859,183.805,182.448,187.958,309.841,0.0462,0.0343,0.1504,0.5996,0.00,0.00,0.00,0.00
2570.00,180.000,180.000,170.000,175.000,179.296,179.150,169.232,174.469,179.461,179.353,169.495,174.865,183.802,182.448,187.961,309.568,0.0462,0.0343,0.1504,0.6006,0.00,0.00,0.00,0.00
2571.00,180.000,180.000,170.000,175.000,179.297,179.151,169.234,174.471,179.460,179.354,169.497,174.870,183.798,182.432,187.965,309.354,0.0462,0.0323,0.1504,0.6016,0.00,0.00,0.00,0.00
2572.00,180.000,180.000,170.000,175.000,179.299,179.152,169.236,174.474,179.460,179.355,169.499,174.875,183.795,182.403,187.967,309.193,0.0462,0.0323,0.1504,0.6026,0.00,0.00,0.00,0.00
2573.00,180.000,180.000,170.000,175.000,179.300,179.154,169.238,174.477,179.459,179.356,169.501,174.880,183.793,182.376,187.970,309.077,0.0462,0.0323,0.1505,0.6036,0.00,0.00,0.00,0.00
2574.00,180.000,180.000,170.000,175.000,179.301,179.155,169.239,174.479,179.459,179.356,169.502,174.885,183.790,182.352,187.973,309.003,0.0462,0.0323,0.1505,0.6046,0.00,0.00,0.00,0.00
2575.00,180.000,180.000,170.000,175.000,179.302,179.156,169.241,174.482,179.458,179.357,169.504,174.890,183.788,182.330,187.976,308.964,0.0462,0.0323,0.1505,0.6056,0.00,0.00,0.00,0.00
2576.00,180.000,180.000,170.000,175.000,179.303,179.158,169.243,174.485,179.457,179.358,169.506,174.895,183.786,182.310,187.978,308.958,0.0462,0.0323,0.1505,0.6066,0.00,0.00,0.00,0.00
2577.00,180.000,180.000,170.000,175.000,179.304,179.159,169.245,174.487,179.457,179.358,169.508,174.899,183.784,182.292,187.981,308.980,0.0462,0.0323,0.1505,0.6076,0.00,0.00,0.00,0.00
2578.00,180.000,180.000,170.000,175.000,179.305,179.160,169.246,174.490,179.456,179.359,169.510,174.904,183.782,182.276,187.983,309.029,0.0462,0.0323,0.1505,0.6086,0.00,0.00,0.00,0.00
2579.00,180.000,180.000,170.000,175.000,179.306,179.162,169.248,174.493,179.455,179.359,169.512,174.909,183.780,182.261,187.986,309.099,0.0462,0.0323,0.1505,0.6096,0.00,0.00,0.00,0.00
2580.00,180.000,180.000,170.000,175.000,179.307,179.163,169.250,174.496,179.455,179.360,169.513,174.914,183.778,182.248,187.988,309.190,0.0462,0.0323,0.1506,0.6106,0.00,0.00,0.00,0.00
2581.00,180.000,180.000,170.000,175.000,179.308,179.164,169.252,174.498,179.454,179.360,169.515,174.919,183.777,182.236,187.958,309.297,0.0462,0.0323,0.1486,0.6116,0.00,0.00,0.00,0.00
2582.00,180.000,180.000,170.000,175.000,179.309,179.166,169.253,174.501,179.453,179.361,169.517,174.924,183.776,182.226,187.932,309.422,0.0462,0.0323,0.1486,0.6126,0.00,0.00,0.00,0.00
2583.00,180.000,180.000,170.000,175.000,179.310,179.167,169.255,174.504,179.453,179.361,169.519,174.929,183.774,182.216,187.908,309.559,0.0462,0.0323,0.1486,0.6136,0.00,0.00,0.00,0.00
2584.00,180.000,180.000,170.000,175.000,179.311,179.168,169.257,174.507,179.452,179.361,169.520,174.935,183.773,182.207,187.886,309.710,0.0462,0.0324,0.1486,0.6146,0.00,0.00,0.00,0.00
2585.00,180.000,180.000,170.000,175.000,179.312,179.169,169.259,174.510,179.451,179.362,169.522,174.941,183.772,182.199,187.867,309.871,0.0462,0.0324,0.1486,0.6156,0.00,0.00,0.00,0.00
2586.00,180.000,180.000,170.000,175.000,179.312,179.171,169.260,174.513,179.451,179.362,169.524,174.946,183.771,182.192,187.849,310.042,0.0462,0.0324,0.1486,0.6166,0.00,0.00,0.00,0.00
2587.00,180.000,180.000,170.000,175.000,179.313,179.172,169.262,174.516,179.450,179.362,169.525,174.952,183.770,182.186,187.834,310.222,0.0462,0.0324,0.1486,0.6176,0.00,0.00,0.00,0.00
2588.00,180.000,180.000,170.000,175.000,179.314,179.173,169.264,174.518,179.450,179.363,169.527,174.958,183.769,182.180,187.820,310.410,0.0462,0.0324,0.1486,0.6186,0.00,0.00,0.00,0.00
2589.00,180.000,180.000,170.000,175.000,179.315,179.175,169.266,174.521,179.449,179.363,169.528,174.965,183.768,182.175,187.807,310.604,0.0462,0.0324,0.1487,0.6196,0.00,0.00,0.00,0.00
2590.00,180.000,180.000,170.000,175.000,179.316,179.176,169.267,174.524,179.448,179.363,169.530,174.971,183.767,182.170,187.796,310.805,0.0462,0.0324,0.1487,0.6206,0.00,0.00,0.00,0.00
2591.00,180.000,180.000,170.000,175.000,179.317,179.177,169.269,174.527,179.448,179.364,169.531,174.978,183.766,182.166,187.786,311.010,0.0462,0.0324,0.1487,0.6216,0.00,0.00,0.00,0.00
2592.00,180.000,180.000,170.000,175.000,179.318,179.178,169.271,174.530,179.447,179.364,169.533,174.985,183.765,182.162,187.778,311.222,0.0462,0.0324,0.1487,0.6226,0.00,0.00,0.00,0.00
2593.00,180.000,180.000,170.000,175.000,179.319,179.180,169.273,174.533,179.446,179.364,169.534,174.992,183.764,182.158,187.770,311.436,0.0462,0.0324,0.1487,0.6236,0.00,0.00,0.00,0.00
2594.00,180.000,180.000,170.000,175.000,179.320,179.181,169.274,174.536,179.446,179.365,169.536,175.000,183.764,182.155,187.763,311.656,0.0462,0.0324,0.1487,0.6246,0.00,0.00,0.00,0.00
2595.00,180.000,180.000,170.000,175.000,179.320,179.182,169.276,174.540,179.445,179.365,169.537,175.007,183.763,182.152,187.757,311.878,0.0462,0.0324,0.1487,0.6256,0.00,0.00,0.00,0.00
2596.00,180.000,180.000,170.000,175.000,179.321,179.183,169.278,174.543,179.444,179.365,169.538,175.015,183.762,182.150,187.751,312.104,0.0462,0.0324,0.1487,0.6266,0.00,0.00,0.00,0.00
2597.00,180.000,180.000,170.000,175.000,179.322,179.184,169.280,174.546,179.444,179.365,169.540,175.023,183.762,182.148,187.747,312.332,0.0462,0.0324,0.1488,0.6276,0.00,0.00,0.00,0.00
2598.00,180.000,180.000,170.000,175.000,179.323,179.186,169.281,174.549,179.443,179.366,169.541,175.031,183.761,182.145,187.742,312.563,0.0462,0.0324,0.1488,0.6286,0.00,0.00,0.00,0.00
2599.00,180.000,180.000,170.000,175.000,179.324,179.187,169.283,174.552,179.443,179.366,169.543,175.038,183.760,182.144,187.739,311.593,0.0462,0.0324,0.1488,0.5861,0.00,0.00,0.00,0.00
2600.00,180.000,180.000,170.000,175.000,179.324,179.188,169.285,174.555,179.442,179.366,169.544,175.044,183.760,182.142,187.736,310.787,0.0462,0.0324,0.1488,0.5869,0.00,0.00,0.00,0.00
2601.00,180.000,180.000,170.000,175.000,179.325,179.189,169.286,174.559,179.441,179.366,169.545,175.050,183.759,182.140,187.733,310.074,0.0462,0.0324,0.1488,0.5877,0.00,0.00,0.00,0.00
2602.00,180.000,180.000,170.000,175.000,179.326,179.190,169.288,174.562,179.441,179.367,169.547,175.054,183.759,182.139,187.731,309.470,0.0462,0.0324,0.1488,0.5885,0.00,0.00,0.00,0.00
2603.00,180.000,180.000,170.000,175.000,179.327,179.192,169.290,174.565,179.440,179.367,169.548,175.058,183.758,182.138,187.729,308.960,0.0462,0.0324,0.1488,0.5893,0.00,0.00,0.00,0.00
2604.00,180.000,180.000,170.000,175.000,179.327,179.193,169.292,174.569,179.439,179.367,169.549,175.061,183.758,182.137,187.727,308.509,0.0462,0.0324,0.1488,0.5901,0.00,0.00,0.00,0.00
2605.00,180.000,180.000,170.000,175.000,179.328,179.194,169.293,174.572,179.439,179.367,169.551,175.063,183.757,182.136,187.726,308.164,0.0462,0.0324,0.1489,0.5909,0.00,0.00,0.00,0.00
2606.00,180.000,180.000,170.000,175.000,179.329,179.195,169.295,174.575,179.438,179.368,169.552,175.066,183.757,182.135,187.725,307.858,0.0462,0.0324,0.1489,0.5917,0.00,0.00,0.00,0.00
2607.00,180.000,180.000,170.000,175.000,179.330,179.196,169.297,174.578,179.438,179.368,169.553,175.067,183.756,182.134,187.724,307.615,0.0462,0.0324,0.1489,0.5925,0.00,0.00,0.00,0.00
2608.00,180.000,180.000,170.000,175.000,179.330,179.197,169.298,174.582,179.437,179.368,169.555,175.069,183.756,182.133,187.723,307.426,0.0462,0.0324,0.1489,0.5933,0.00,0.00,0.00,0.00
2609.00,180.000,180.000,170.000,175.000,179.331,179.198,169.300,174.585,179.436,179.368,169.556,175.071,183.755,182.133,187.723,307.259,0.0462,0.0324,0.1489,0.5941,0.00,0.00,0.00,0.00
2610.00,180.000,180.000,170.000,175.000,179.332,179.200,169.302,174.588,179.436,179.369,169.557,175.072,183.755,182.132,187.722,307.165,0.0462,0.0324,0.1489,0.5949,0.00,0.00,0.00,0.00
2611.00,180.000,180.000,170.000,175.000,179.333,179.201,169.304,174.591,179.435,179.369,169.559,175.074,183.754,182.132,187.722,307.083,0.0462,0.0324,0.1489,0.5957,0.00,0.00,0.00,0.00
2612.00,180.000,180.000,170.000,175.000,179.333,179.202,169.305,174.594,179.435,179.369,169.560,175.076,183.754,182.131,187.722,307.038,0.0462,0.0324,0.1489,0.5965,0.00,0.00,0.00,0.00
2613.00,180.000,180.000,170.000,175.000,179.334,179.203,169.307,174.598,179.434,179.369,169.561,175.077,183.754,182.131,187.723,307.024,0.0462,0.0324,0.1489,0.5973,0.00,0.00,0.00,0.00
2614.00,180.000,180.000,170.000,175.000,179.335,179.204,169.309,174.601,179.433,179.370,169.563,175.079,183.753,182.131,187.723,307.013,0.0462,0.0324,0.1490,0.5981,0.00,0.00,0.00,0.00
2615.00,180.000,180.000,170.000,175.000,179.335,179.205,169.310,174.604,179.433,179.370,169.564,175.081,183.753,182.130,187.723,307.058,0.0462,0.0324,0.1490,0.5989,0.00,0.00,0.00,0.00
2616.00,180.000,180.000,170.000,175.000,179.336,179.206,169.312,174.607,179.432,179.370,169.566,175.083,183.753,182.130,187.724,307.098,0.0462,0.0324,0.1490,0.5997,0.00,0.00,0.00,0.00
2617.00,180.000,180.000,170.000,175.000,179.336,179.207,169.314,174.610,179.432,179.370,169.567,175.085,183.752,182.130,187.724,307.162,0.0462,0.0324,0.1490,0.6005,0.00,0.00,0.00,0.00
2618.00,180.000,180.000,170.000,175.000,179.337,179.208,169.315,174.614,179.431,179.371,169.568,175.087,183.752,182.130,187.725,307.245,0.0462,0.0324,0.1490,0.6013,0.00,0.00,0.00,0.00
2619.00,180.000,180.000,170.000,175.000,179.338,179.209,169.317,174.617,179.430,179.371,169.570,175.090,183.751,182.129,187.726,307.320,0.0462,0.0324,0.1490,0.6021,0.00,0.00,0.00,0.00
2620.00,180.000,180.000,170.000,175.000,179.338,179.211,169.319,174.620,179.430,179.371,169.571,175.092,183.751,182.129,187.727,307.441,0.0462,0.0324,0.1490,0.6029,0.00,0.00,0.00,0.00
2621.00,180.000,180.000,170.000,175.000,179.339,179.212,169.320,174.623,179.429,179.371,169.572,175.095,183.751,182.129,187.727,307.549,0.0462,0.0324,0.1490,0.6037,0.00,0.00,0.00,0.00
2622.00,180.000,180.000,170.000,175.000,179.340,179.213,169.322,174.626,179.429,179.372,169.574,175.098,183.751,182.129,187.728,307.673,0.0462,0.0324,0.1491,0.6045,0.00,0.00,0.00,0.00
2623.00,180.000,180.000,170.000,175.000,179.340,179.214,169.324,174.629,179.428,179.372,169.575,175.102,183.750,182.129,187.729,307.810,0.0462,0.0324,0.1491,0.6053,0.00,0.00,0.00,0.00
2624.00,180.000,180.000,170.000,175.000,179.341,179.215,169.325,174.632,179.428,179.372,169.576,175.105,183.750,182.129,187.730,307.932,0.0462,0.0324,0.1491,0.6061,0.00,0.00,0.00,0.00
2625.00,180.000,180.000,170.000,175.000,179.341,179.216,169.327,174.636,179.427,179.372,169.578,175.109,183.750,182.129,187.731,308.096,0.0462,0.0325,0.1491,0.6069,0.00,0.00,0.00,0.00
2626.00,180.000,180.000,170.000,175.000,179.342,179.217,169.329,174.639,179.426,179.373,169.579,175.113,183.749,182.129,187.732,308.241,0.0462,0.0325,0.1491,0.6077,0.00,0.00,0.00,0.00
2627.00,180.000,180.000,170.000,175.000,179.342,179.218,169.330,174.642,179.426,179.373,169.580,175.117,183.749,182.129,187.734,308.399,0.0462,0.0325,0.1491,0.6085,0.00,0.00,0.00,0.00
2628.00,180.000,180.000,170.000,175.000,179.343,179.219,169.332,174.645,179.425,179.373,169.582,175.121,183.749,182.129,187.735,308.566,0.0462,0.0325,0.1491,0.6093,0.00,0.00,0.00,0.00
2629.00,180.000,180.000,170.000,175.000,179.344,179.220,169.334,174.648,179.425,179.373,169.583,175.126,183.748,182.129,187.736,308.714,0.0462,0.0325,0.1491,0.6101,0.00,0.00,0.00,0.00
2630.00,180.000,180.000,170.000,175.000,179.344,179.221,169.335,174.651,179.424,179.374,169.584,175.130,183.748,182.129,187.737,308.283,0.0462,0.0325,0.1491,0.5675,0.00,0.00,0.00,0.00
2631.00,180.000,180.000,170.000,175.000,179.345,179.222,169.337,174.655,179.424,179.374,169.586,175.134,183.748,182.129,187.738,307.317,0.0462,0.0325,0.1492,0.5681,0.00,0.00,0.00,0.00
2632.00,180.000,180.000,170.000,175.000,179.345,179.223,169.339,174.658,179.423,179.374,169.587,175.136,183.748,182.129,187.740,306.516,0.0462,0.0325,0.1492,0.5687,0.00,0.00,0.00,0.00
2633.00,180.000,180.000,170.000,175.000,179.346,179.224,169.340,174.661,179.423,179.374,169.588,175.138,183.747,182.129,187.741,305.805,0.0462,0.0325,0.1492,0.5693,0.00,0.00,0.00,0.00
2634.00,180.000,180.000,170.000,175.000,179.346,179.225,169.342,174.664,179.422,179.375,169.590,175.138,183.747,182.129,187.742,305.174,0.0462,0.0325,0.1492,0.5699,0.00,0.00,0.00,0.00
2635.00,180.000,180.000,170.000,175.000,179.347,179.226,169.344,174.667,179.422,179.375,169.591,175.138,183.747,182.129,187.743,304.669,0.0462,0.0325,0.1492,0.5705,0.00,0.00,0.00,0.00
2636.00,180.000,180.000,170.000,175.000,179.347,179.227,169.345,174.670,179.421,179.375,169.593,175.138,183.747,182.129,187.745,304.221,0.0462,0.0325,0.1492,0.5711,0.00,0.00,0.00,0.00
2637.00,180.000,180.000,170.000,175.000,179.348,179.228,169.347,174.673,179.420,179.375,169.594,175.137,183.747,182.129,187.746,303.824,0.0462,0.0325,0.1492,0.5717,0.00,0.00,0.00,0.00
2638.00,180.000,180.000,170.000,175.000,179.348,179.229,169.349,174.677,179.420,179.376,169.595,175.136,183.746,182.129,187.747,303.499,0.0462,0.0325,0.1492,0.5723,0.00,0.00,0.00,0.00
2639.00,180.000,180.000,170.000,175.000,179.349,179.230,169.350,174.680,179.419,179.376,169.597,175.134,183.746,182.129,187.749,303.238,0.0462,0.0325,0.1473,0.5729,0.00,0.00,0.00,0.00
2640.00,180.000,180.000,170.000,175.000,179.349,179.231,169.352,174.683,179.419,179.376,169.598,175.133,183.746,182.129,187.718,303.005,0.0462,0.0325,0.1473,0.5735,0.00,0.00,0.00,0.00
2641.00,180.000,180.000,170.000,175.000,179.350,179.232,169.354,174.686,179.418,179.376,169.599,175.131,183.746,182.129,187.690,302.799,0.0462,0.0325,0.1473,0.5741,0.00,0.00,0.00,0.00
2642.00,180.000,180.000,170.000,175.000,179.350,179.233,169.355,174.689,179.418,179.377,169.601,175.130,183.745,182.130,187.665,302.671,0.0396,0.0325,0.1473,0.5747,0.00,0.00,0.00,0.00
2643.00,180.000,180.000,170.000,175.000,179.350,179.234,169.357,174.692,179.417,179.377,169.602,175.128,183.618,182.130,187.643,302.556,0.0396,0.0325,0.1473,0.5753,0.00,0.00,0.00,0.00
2644.00,180.000,180.000,170.000,175.000,179.351,179.235,169.358,174.694,179.416,179.377,169.603,175.126,183.502,182.130,187.623,302.455,0.0396,0.0325,0.1473,0.5759,0.00,0.00,0.00,0.00
2645.00,180.000,180.000,170.000,175.000,179.351,179.236,169.360,174.697,179.415,179.377,169.604,175.125,183.397,182.130,187.605,302.420,0.0396,0.0325,0.1473,0.5765,0.00,0.00,0.00,0.00
2646.00,180.000,180.000,170.000,175.000,179.352,179.237,169.362,174.700,179.414,179.378,169.605,175.124,183.302,182.130,187.588,302.388,0.0396,0.0325,0.1473,0.5771,0.00,0.00,0.00,0.00
2647.00,180.000,180.000,170.000,175.000,179.352,179.238,169.363,174.703,179.412,179.378,169.606,175.122,183.216,182.130,187.574,302.360,0.0396,0.0325,0.1473,0.5777,0.00,0.00,0.00,0.00
2648.00,180.000,180.000,170.000,175.000,179.353,179.239,169.365,174.706,179.411,179.378,169.607,175.121,183.138,182.130,187.561,302.363,0.0396,0.0325,0.1473,0.5783,0.00,0.00,0.00,0.00
2649.00,180.000,180.000,170.000,175.000,179.353,179.239,169.367,174.708,179.409,179.378,169.608,175.121,183.068,182.130,187.549,302.393,0.0396,0.0325,0.1474,0.5789,0.00,0.00,0.00,0.00
2650.00,180.000,180.000,170.000,175.000,179.353,179.240,169.368,174.711,179.407,179.379,169.609,175.120,183.004,182.130,187.538,302.419,0.0396,0.0325,0.1474,0.5795,0.00,0.00,0.00,0.00
2651.00,180.000,180.000,170.000,175.000,179.354,179.241,169.370,174.714,179.405,179.379,169.610,175.119,182.946,182.130,187.529,302.442,0.0396,0.0325,0.1474,0.5801,0.00,0.00,0.00,0.00
2652.00,180.000,180.000,170.000,175.000,179.354,179.242,169.371,174.717,179.403,179.379,169.611,175.119,182.893,182.131,187.520,302.517,0.0396,0.0325,0.1474,0.5807,0.00,0.00,0.00,0.00
2653.00,180.000,180.000,170.000,175.000,179.354,179.243,169.373,174.719,179.401,179.379,169.612,175.119,182.845,182.131,187.513,302.584,0.0396,0.0325,0.1474,0.5813,0.00,0.00,0.00,0.00
2654.00,180.000,180.000,170.000,175.000,179.355,179.244,169.375,174.722,179.399,179.380,169.613,175.119,182.802,182.131,187.506,302.643,0.0396,0.0325,0.1474,0.5819,0.00,0.00,0.00,0.00
2655.00,180.000,180.000,170.000,175.000,179.355,179.245,169.376,174.725,179.397,179.380,169.614,175.120,182.762,182.131,187.500,302.751,0.0396,0.0325,0.1474,0.5825,0.00,0.00,0.00,0.00
2656.00,180.000,180.000,170.000,175.000,179.355,179.246,169.378,174.727,179.394,179.380,169.615,175.120,182.726,182.131,187.495,302.846,0.0396,0.0325,0.1474,0.5831,0.00,0.00,0.00,0.00
2657.00,180.000,180.000,170.000,175.000,179.355,179.247,169.379,174.730,179.392,179.380,169.616,175.121,182.694,182.131,187.490,302.931,0.0396,0.0325,0.1474,0.5837,0.00,0.00,0.00,0.00
2658.00,180.000,180.000,170.000,175.000,179.356,179.248,169.381,174.732,179.390,179.381,169.617,175.122,182.664,182.131,187.486,303.034,0.0396,0.0325,0.1474,0.5843,0.00,0.00,0.00,0.00
2659.00,180.000,180.000,170.000,175.000,179.356,179.248,169.382,174.735,179.387,179.381,169.617,175.123,182.637,182.131,187.482,303.153,0.0396,0.0325,0.1475,0.5849,0.00,0.00,0.00,0.00
2660.00,180.000,180.000,170.000,175.000,179.356,179.249,169.384,174.738,179.385,179.381,169.618,175.125,182.612,182.131,187.479,303.259,0.0396,0.0325,0.1475,0.5855,0.00,0.00,0.00,0.00
2661.00,180.000,180.000,170.000,175.000,179.356,179.250,169.386,174.740,179.382,179.381,169.619,175.126,182.590,182.115,187.476,303.352,0.0396,0.0305,0.1475,0.5861,0.00,0.00,0.00,0.00
2662.00,180.000,180.000,170.000,175.000,179.356,179.251,169.387,174.743,179.380,179.382,169.620,175.128,182.569,182.085,187.474,303.490,0.0396,0.0305,0.1475,0.5867,0.00,0.00,0.00,0.00
2663.00,180.000,180.000,170.000,175.000,179.357,179.252,169.389,174.745,179.377,179.382,169.621,175.130,182.550,182.057,187.471,303.613,0.0396,0.0305,0.1475,0.5873,0.00,0.00,0.00,0.00
2664.00,180.000,180.000,170.000,175.000,179.357,179.253,169.390,174.748,179.374,179.382,169.622,175.132,182.533,182.033,187.470,303.722,0.0396,0.0305,0.1475,0.5879,0.00,0.00,0.00,0.00
2665.00,180.000,180.000,170.000,175.000,179.357,179.254,169.392,174.750,179.372,179.382,169.623,175.134,182.518,182.010,187.468,303.256,0.0396,0.0305,0.1475,0.5451,0.00,0.00,0.00,0.00
2666.00,180.000,180.000,170.000,175.000,179.357,179.255,169.393,174.753,179.369,179.382,169.624,175.136,182.503,181.990,187.467,302.261,0.0396,0.0305,0.1475,0.5455,0.00,0.00,0.00,0.00
2667.00,180.000,180.000,170.000,175.000,179.357,179.255,169.395,174.756,179.366,179.382,169.624,175.136,182.490,181.971,187.466,301.377,0.0396,0.0305,0.1475,0.5459,0.00,0.00,0.00,0.00
2668.00,180.000,180.000,170.000,175.000,179.357,179.256,169.396,174.758,179.364,179.382,169.625,175.135,182.478,181.955,187.465,300.648,0.0396,0.0306,0.1476,0.5463,0.00,0.00,0.00,0.00
2669.00,180.000,180.000,170.000,175.000,179.357,179.257,169.398,174.761,179.361,179.382,169.626,175.133,182.466,181.940,187.464,300.000,0.0396,0.0306,0.1476,0.5467,0.00,0.00,0.00,0.00
2670.00,180.000,180.000,170.000,175.000,179.357,179.258,169.399,174.763,179.358,179.382,169.627,175.130,182.456,181.926,187.463,299.425,0.0396,0.0306,0.1476,0.5471,0.00,0.00,0.00,0.00
2671.00,180.000,180.000,170.000,175.000,179.357,179.259,169.401,174.765,179.355,179.382,169.628,175.128,182.446,181.914,187.463,298.914,0.0396,0.0306,0.1476,0.5475,0.00,0.00,0.00,0.00
2672.00,180.000,180.000,170.000,175.000,179.357,179.260,169.402,174.768,179.353,179.381,169.629,175.124,182.437,181.902,187.463,298.461,0.0396,0.0306,0.1476,0.5479,0.00,0.00,0.00,0.00
2673.00,180.000,180.000,170.000,175.000,179.357,179.260,169.404,174.770,179.350,179.381,169.629,175.121,182.429,181.892,187.462,298.112,0.0396,0.0306,0.1476,0.5483,0.00,0.00,0.00,0.00
2674.00,180.000,180.000,170.000,175.000,179.357,179.261,169.405,174.773,179.347,179.381,169.630,175.117,182.421,181.883,187.462,297.803,0.0396,0.0306,0.1476,0.5487,0.00,0.00,0.00,0.00
2675.00,180.000,180.000,170.000,175.000,179.357,179.262,169.407,174.775,179.344,179.381,169.631,175.113,182.414,181.874,187.462,297.528,0.0396,0.0306,0.1476,0.5491,0.00,0.00,0.00,0.00
2676.00,180.000,180.000,170.000,175.000,179.357,179.263,169.408,174.777,179.342,179.381,169.632,175.109,182.408,181.867,187.462,297.283,0.0396,0.0306,0.1476,0.5495,0.00,0.00,0.00,0.00
2677.00,180.000,180.000,170.000,175.000,179.357,179.264,169.410,174.779,179.339,179.380,169.633,175.105,182.401,181.860,187.463,297.066,0.0396,0.0306,0.1476,0.5499,0.00,0.00,0.00,0.00
2678.00,180.000,180.000,170.000,175.000,179.357,179.264,169.411,174.781,179.336,179.380,169.634,175.100,182.396,181.853,187.463,296.927,0.0396,0.0306,0.1477,0.5503,0.00,0.00,0.00,0.00
2679.00,180.000,180.000,170.000,175.000,179.357,179.265,169.413,174.784,179.333,179.380,169.635,175.096,182.390,181.847,187.463,296.803,0.0396,0.0306,0.1477,0.5507,0.00,0.00,0.00,0.00
2680.00,180.000,180.000,170.000,175.000,179.356,179.266,169.414,174.786,179.331,179.380,169.635,175.092,182.385,181.842,187.464,296.693,0.0396,0.0306,0.1477,0.5511,0.00,0.00,0.00,0.00
2681.00,180.000,180.000,170.000,175.000,179.356,179.267,169.416,174.788,179.328,179.379,169.636,175.088,182.380,181.837,187.464,296.595,0.0396,0.0306,0.1477,0.5515,0.00,0.00,0.00,0.00
2682.00,180.000,180.000,170.000,175.000,179.356,179.267,169.417,174.790,179.325,179.379,169.637,175.084,182.376,181.833,187.465,296.508,0.0396,0.0306,0.1477,0.5519,0.00,0.00,0.00,0.00
2683.00,180.000,180.000,170.000,175.000,179.356,179.268,169.419,174.792,179.322,179.379,169.638,175.081,182.371,181.829,187.465,296.484,0.0396,0.0306,0.1477,0.5523,0.00,0.00,0.00,0.00
2684.00,180.000,180.000,170.000,175.000,179.356,179.269,169.420,174.793,179.319,179.378,169.639,175.077,182.367,181.825,187.466,296.463,0.0396,0.0306,0.1477,0.5527,0.00,0.00,0.00,0.00
2685.00,180.000,180.000,170.000,175.000,179.355,179.270,169.422,174.795,179.317,179.378,169.640,175.074,182.363,181.822,187.466,296.444,0.0396,0.0306,0.1477,0.5531,0.00,0.00,0.00,0.00
2686.00,180.000,180.000,170.000,175.000,179.355,179.270,169.423,174.797,179.314,179.378,169.641,175.071,182.359,181.819,187.467,296.427,0.0396,0.0306,0.1477,0.5535,0.00,0.00,0.00,0.00
2687.00,180.000,180.000,170.000,175.000,179.355,179.271,169.425,174.799,179.311,179.378,169.641,175.068,182.356,181.816,187.468,296.412,0.0396,0.0306,0.1477,0.5539,0.00,0.00,0.00,0.00
2688.00,180.000,180.000,170.000,175.000,179.354,179.272,169.426,174.801,179.308,179.377,169.642,175.065,182.352,181.813,187.468,296.453,0.0396,0.0306,0.1478,0.5543,0.00,0.00,0.00,0.00
2689.00,180.000,180.000,170.000,175.000,179.354,179.272,169.427,174.803,179.306,179.377,169.643,175.062,182.349,181.811,187.469,296.488,0.0396,0.0306,0.1478,0.5547,0.00,0.00,0.00,0.00
2690.00,180.000,180.000,170.000,175.000,179.354,179.273,169.429,174.804,179.303,179.377,169.644,175.060,182.346,181.808,187.470,296.520,0.0396,0.0306,0.1478,0.5551,0.00,0.00,0.00,0.00
2691.00,180.000,180.000,170.000,175.000,179.354,179.274,169.430,174.806,179.300,179.376,169.645,175.058,182.342,181.806,187.471,296.548,0.0396,0.0306,0.1478,0.5555,0.00,0.00,0.00,0.00
2692.00,180.000,180.000,170.000,175.000,179.353,179.274,169.432,174.808,179.297,179.376,169.646,175.056,182.339,181.804,187.471,296.573,0.0396,0.0306,0.1478,0.5559,0.00,0.00,0.00,0.00
2693.00,180.000,180.000,170.000,175.000,179.353,179.275,169.433,174.809,179.295,179.376,169.647,175.054,182.337,181.803,187.472,296.649,0.0396,0.0306,0.1478,0.5563,0.00,0.00,0.00,0.00
2694.00,180.000,180.000,170.000,175.000,179.352,179.276,169.435,174.811,179.292,179.375,169.648,175.052,182.334,181.801,187.473,296.717,0.0396,0.0306,0.1478,0.5567,0.00,0.00,0.00,0.00
2695.00,180.000,180.000,170.000,175.000,179.352,179.276,169.436,174.812,179.289,179.375,169.648,175.051,182.331,181.799,187.474,296.777,0.0396,0.0306,0.1478,0.5571,0.00,0.00,0.00,0.00
2696.00,180.000,180.000,170.000,175.000,179.352,179.277,169.437,174.814,179.286,179.375,169.649,175.050,182.328,181.798,187.475,296.830,0.0396,0.0306,0.1478,0.5575,0.00,0.00,0.00,0.00
2697.00,180.000,180.000,170.000,175.000,179.351,179.278,169.439,174.816,179.284,179.374,169.650,175.049,182.326,181.796,187.476,296.877,0.0396,0.0306,0.1478,0.5579,0.00,0.00,0.00,0.00
2698.00,180.000,180.000,170.000,175.000,179.351,179.278,169.440,174.817,179.281,179.374,169.651,175.048,182.323,181.795,187.477,296.973,0.0396,0.0306,0.1479,0.5583,0.00,0.00,0.00,0.00
2699.00,180.000,180.000,170.000,175.000,179.350,179.279,169.442,174.819,179.278,179.374,169.652,175.047,182.321,181.794,187.477,297.059,0.0396,0.0306,0.1479,0.5587,0.00,0.00,0.00,0.00
2700.00,180.000,180.000,170.000,175.000,179.350,179.280,169.443,174.820,179.276,179.373,169.653,175.047,182.383,181.793,187.478,297.135,0.0462,0.0306,0.1479,0.5591,0.00,0.00,0.00,0.00
2701.00,180.000,180.000,170.000,175.000,179.349,179.280,169.444,174.822,179.273,179.373,169.654,175.046,182.502,181.792,187.479,297.202,0.0462,0.0306,0.1479,0.5595,0.00,0.00,0.00,0.00
2702.00,180.000,180.000,170.000,175.000,179.349,179.281,169.446,174.823,179.271,179.373,169.655,175.046,182.610,181.791,187.480,297.262,0.0462,0.0306,0.1479,0.5599,0.00,0.00,0.00,0.00
2703.00,180.000,180.000,170.000,175.000,179.348,179.282,169.447,174.825,179.269,179.372,169.656,175.046,182.707,181.790,187.481,297.370,0.0462,0.0306,0.1479,0.5603,0.00,0.00,0.00,0.00
2704.00,180.000,180.000,170.000,175.000,179.348,179.282,169.449,174.826,179.267,179.372,169.656,175.046,182.795,181.789,187.482,297.466,0.0462,0.0306,0.1479,0.5607,0.00,0.00,0.00,0.00
2705.00,180.000,180.000,170.000,175.000,179.347,179.283,169.450,174.828,179.265,179.372,169.657,175.047,182.874,181.788,187.483,297.551,0.0462,0.0306,0.1479,0.5611,0.00,0.00,0.00,0.00
2706.00,180.000,180.000,170.000,175.000,179.347,179.283,169.451,174.829,179.264,179.371,169.658,175.047,182.946,181.787,187.452,297.626,0.0462,0.0306,0.1459,0.5615,0.00,0.00,0.00,0.00
2707.00,180.000,180.000,170.000,175.000,179.346,179.284,169.453,174.831,179.263,179.371,169.659,175.048,183.011,181.786,187.424,297.694,0.0462,0.0306,0.1459,0.5619,0.00,0.00,0.00,0.00
2708.00,180.000,180.000,170.000,175.000,179.345,179.284,169.454,174.832,179.261,179.371,169.660,175.049,183.069,181.785,187.398,297.808,0.0462,0.0306,0.1460,0.5623,0.00,0.00,0.00,0.00
2709.00,180.000,180.000,170.000,175.000,179.345,179.285,169.455,174.833,179.260,179.370,169.660,175.050,183.122,181.785,187.376,297.910,0.0462,0.0306,0.1460,0.5627,0.00,0.00,0.00,0.00
2710.00,180.000,180.000,170.000,175.000,179.344,179.286,169.457,174.835,179.259,179.370,169.661,175.051,183.170,181.784,187.355,298.000,0.0462,0.0306,0.1460,0.5631,0.00,0.00,0.00,0.00
2711.00,180.000,180.000,170.000,175.000,179.344,179.286,169.458,174.836,179.258,179.370,169.662,175.052,183.214,181.783,187.336,298.081,0.0462,0.0306,0.1460,0.5635,0.00,0.00,0.00,0.00
2712.00,180.000,180.000,170.000,175.000,179.343,179.287,169.460,174.838,179.257,179.369,169.662,175.054,183.253,181.782,187.320,298.153,0.0462,0.0306,0.1460,0.5639,0.00,0.00,0.00,0.00
2713.00,180.000,180.000,170.000,175.000,179.343,179.287,169.461,174.839,179.256,179.369,169.663,175.055,183.288,181.782,187.305,298.271,0.0462,0.0306,0.1460,0.5643,0.00,0.00,0.00,0.00
2714.00,180.000,180.000,170.000,175.000,179.342,179.288,169.462,174.841,179.256,179.369,169.664,175.057,183.320,181.781,187.307,298.376,0.0462,0.0306,0.1460,0.5647,0.00,0.00,0.00,0.00
2715.00,180.000,180.000,170.000,175.000,179.341,179.288,169.464,174.842,179.255,179.369,169.664,175.059,183.349,181.781,187.326,298.470,0.0462,0.0306,0.1460,0.5651,0.00,0.00,0.00,0.00
2716.00,180.000,180.000,170.000,175.000,179.341,179.289,169.465,174.844,179.254,179.368,169.665,175.061,183.375,181.780,187.342,298.553,0.0462,0.0307,0.1460,0.5655,0.00,0.00,0.00,0.00
2717.00,180.000,180.000,170.000,175.000,179.340,179.289,169.466,174.845,179.254,179.368,169.665,175.063,183.399,181.779,187.357,298.628,0.0462,0.0307,0.1460,0.5659,0.00,0.00,0.00,0.00
2718.00,180.000,180.000,170.000,175.000,179.340,179.290,169.468,174.846,179.253,179.368,169.666,175.065,183.420,181.779,187.371,298.749,0.0462,0.0307,0.1460,0.5663,0.00,0.00,0.00,0.00
2719.00,180.000,180.000,170.000,175.000,179.339,179.290,169.469,174.848,179.253,179.367,169.667,175.067,183.440,181.778,187.384,298.856,0.0462,0.0307,0.1460,0.5667,0.00,0.00,0.00,0.00
2720.00,180.000,180.000,170.000,175.000,179.339,179.291,169.470,174.849,179.252,179.367,169.668,175.070,183.457,181.778,187.395,298.952,0.0462,0.0307,0.1461,0.5671,0.00,0.00,0.00,0.00
2721.00,180.000,180.000,170.000,175.000,179.338,179.291,169.472,174.851,179.252,179.367,169.668,175.072,183.473,181.777,187.406,297.866,0.0462,0.0307,0.1461,0.5241,0.00,0.00,0.00,0.00
2722.00,180.000,180.000,170.000,175.000,179.337,179.292,169.473,174.852,179.252,179.366,169.669,175.072,183.487,181.776,187.415,296.929,0.0462,0.0307,0.1461,0.5243,0.00,0.00,0.00,0.00
2723.00,180.000,180.000,170.000,175.000,179.337,179.292,169.474,174.854,179.251,179.366,169.670,175.071,183.500,181.776,187.424,296.097,0.0462,0.0307,0.1461,0.5245,0.00,0.00,0.00,0.00
2724.00,180.000,180.000,170.000,175.000,179.336,179.293,169.475,174.855,179.251,179.366,169.671,175.070,183.512,181.775,187.432,295.359,0.0462,0.0307,0.1461,0.5247,0.00,0.00,0.00,0.00
2725.00,180.000,180.000,170.000,175.000,179.336,179.293,169.477,174.857,179.251,179.365,169.672,175.067,183.523,181.775,187.439,294.703,0.0462,0.0307,0.1461,0.5249,0.00,0.00,0.00,0.00
2726.00,180.000,180.000,170.000,175.000,179.335,179.294,169.478,174.858,179.250,179.365,169.672,175.064,183.533,181.774,187.446,294.120,0.0462,0.0307,0.1461,0.5251,0.00,0.00,0.00,0.00
2727.00,180.000,180.000,170.000,175.000,179.335,179.294,169.479,174.859,179.250,179.365,169.673,175.061,183.541,181.774,187.452,293.603,0.0462,0.0307,0.1461,0.5253,0.00,0.00,0.00,0.00
2728.00,180.000,180.000,170.000,175.000,179.334,179.295,169.481,174.861,179.250,179.364,169.674,175.057,183.549,181.773,187.457,293.143,0.0462,0.0307,0.1461,0.5255,0.00,0.00,0.00,0.00
2729.00,180.000,180.000,170.000,175.000,179.333,179.295,169.482,174.862,179.250,179.364,169.675,175.053,183.557,181.773,187.463,292.734,0.0462,0.0307,0.1461,0.5257,0.00,0.00,0.00,0.00
2730.00,180.000,180.000,170.000,175.000,179.333,179.296,169.483,174.863,179.249,179.364,169.676,175.048,183.563,181.772,187.467,292.370,0.0462,0.0307,0.1461,0.5259,0.00,0.00,0.00,0.00
2731.00,180.000,180.000,170.000,175.000,179.332,179.296,169.484,174.864,179.249,179.363,169.677,175.043,183.569,181.772,187.472,292.075,0.0462,0.0307,0.1461,0.5261,0.00,0.00,0.00,0.00
2732.00,180.000,180.000,170.000,175.000,179.332,179.297,169.486,174.866,179.249,179.363,169.678,175.038,183.574,181.772,187.476,291.839,0.0462,0.0307,0.1462,0.5263,0.00,0.00,0.00,0.00
2733.00,180.000,180.000,170.000,175.000,179.331,179.297,169.487,174.867,179.249,179.363,169.679,175.033,183.579,181.771,187.480,291.629,0.0462,0.0307,0.1462,0.5265,0.00,0.00,0.00,0.00
2734.00,180.000,180.000,170.000,175.000,179.331,179.298,169.488,174.868,179.249,179.362,169.679,175.028,183.584,181.771,187.483,291.442,0.0462,0.0307,0.1462,0.5267,0.00,0.00,0.00,0.00
2735.00,180.000,180.000,170.000,175.000,179.330,179.298,169.490,174.869,179.249,179.362,169.680,175.023,183.588,181.770,187.487,291.276,0.0462,0.0307,0.1462,0.5269,0.00,0.00,0.00,0.00
2736.00,180.000,180.000,170.000,175.000,179.330,179.298,169.491,174.870,179.249,179.362,169.681,175.018,183.592,181.770,187.490,291.128,0.0462,0.0307,0.1462,0.5271,0.00,0.00,0.00,0.00
2737.00,180.000,180.000,170.000,175.000,179.329,179.299,169.492,174.871,179.249,179.361,169.682,175.013,183.595,181.769,187.493,290.996,0.0462,0.0307,0.1462,0.5273,0.00,0.00,0.00,0.00
2738.00,180.000,180.000,170.000,175.000,179.329,179.299,169.493,174.872,179.249,179.361,169.683,175.008,183.598,181.769,187.495,290.878,0.0462,0.0307,0.1462,0.5275,0.00,0.00,0.00,0.00
2739.00,180.000,180.000,170.000,175.000,179.328,179.300,169.495,174.873,179.248,179.361,169.684,175.003,183.601,181.768,187.498,290.773,0.0462,0.0307,0.1462,0.5277,0.00,0.00,0.00,0.00
2740.00,180.000,180.000,170.000,175.000,179.328,179.300,169.496,174.874,179.248,179.360,169.685,174.999,183.603,181.768,187.500,290.679,0.0462,0.0307,0.1462,0.5279,0.00,0.00,0.00,0.00
2741.00,180.000,180.000,170.000,175.000,179.327,179.300,169.497,174.874,179.248,179.360,169.686,174.994,183.606,181.768,187.502,290.624,0.0462,0.0307,0.1462,0.5281,0.00,0.00,0.00,0.00
2742.00,180.000,180.000,170.000,175.000,179.326,179.301,169.498,174.875,179.248,179.360,169.687,174.989,183.608,181.767,187.505,290.601,0.0462,0.0307,0.1462,0.5283,0.00,0.00,0.00,0.00
2743.00,180.000,180.000,170.000,175.000,179.326,179.301,169.500,174.876,179.248,179.359,169.688,174.985,183.610,181.767,187.507,290.580,0.0462,0.0307,0.1463,0.5285,0.00,0.00,0.00,0.00
2744.00,180.000,180.000,170.000,175.000,179.325,179.302,169.501,174.877,179.248,179.359,169.689,174.981,183.612,181.766,187.509,290.560,0.0462,0.0307,0.1463,0.5287,0.00,0.00,0.00,0.00
2745.00,180.000,180.000,170.000,175.000,179.325,179.302,169.502,174.877,179.248,179.359,169.690,174.977,183.613,181.766,187.511,290.543,0.0462,0.0307,0.1463,0.5289,0.00,0.00,0.00,0.00
2746.00,180.000,180.000,170.000,175.000,179.324,179.302,169.503,174.878,179.248,179.358,169.691,174.973,183.615,181.766,187.512,290.528,0.0462,0.0307,0.1463,0.5291,0.00,0.00,0.00,0.00
2747.00,180.000,180.000,170.000,175.000,179.324,179.303,169.505,174.879,179.248,179.358,169.692,174.970,183.616,181.765,187.514,290.513,0.0462,0.0307,0.1463,0.5293,0.00,0.00,0.00,0.00
2748.00,180.000,180.000,170.000,175.000,179.323,179.303,169.506,174.879,179.248,179.358,169.693,174.966,183.618,181.765,187.516,290.501,0.0462,0.0307,0.1463,0.5295,0.00,0.00,0.00,0.00
2749.00,180.000,180.000,170.000,175.000,179.323,179.303,169.507,174.880,179.248,179.358,169.694,174.963,183.619,181.764,187.517,290.489,0.0462,0.0307,0.1463,0.5297,0.00,0.00,0.00,0.00
2750.00,180.000,180.000,170.000,175.000,179.322,179.304,169.508,174.880,179.248,179.357,169.695,174.959,183.620,181.764,187.519,290.478,0.0462,0.0307,0.1463,0.5299,0.00,0.00,0.00,0.00
2751.00,180.000,180.000,170.000,175.000,179.322,179.304,169.510,174.881,179.248,179.357,169.696,174.956,183.621,181.764,187.520,290.497,0.0462,0.0307,0.1463,0.5301,0.00,0.00,0.00,0.00
2752.00,180.000,180.000,170.000,175.000,179.321,179.305,169.511,174.881,179.248,179.357,169.697,174.953,183.622,181.763,187.522,290.539,0.0462,0.0307,0.1463,0.5303,0.00,0.00,0.00,0.00
2753.00,180.000,180.000,170.000,175.000,179.321,179.305,169.512,174.882,179.248,179.356,169.698,174.951,183.623,181.763,187.523,290.576,0.0462,0.0307,0.1463,0.5305,0.00,0.00,0.00,0.00
2754.00,180.000,180.000,170.000,175.000,179.320,179.305,169.513,174.882,179.248,179.356,169.699,174.948,183.624,181.762,187.525,290.610,0.0462,0.0307,0.1463,0.5307,0.00,0.00,0.00,0.00
2755.00,180.000,180.000,170.000,175.000,179.320,179.306,169.515,174.883,179.249,179.356,169.700,174.946,183.625,181.762,187.526,290.639,0.0462,0.0307,0.1464,0.5309,0.00,0.00,0.00,0.00
2756.00,180.000,180.000,170.000,175.000,179.320,179.306,169.516,174.883,179.249,179.355,169.701,174.943,183.625,181.762,187.527,290.665,0.0462,0.0307,0.1464,0.5311,0.00,0.00,0.00,0.00
2757.00,180.000,180.000,170.000,175.000,179.319,179.306,169.517,174.884,179.249,179.355,169.702,174.941,183.626,181.761,187.529,290.687,0.0462,0.0307,0.1464,0.5313,0.00,0.00,0.00,0.00
2758.00,180.000,180.000,170.000,175.000,179.319,179.307,169.518,174.884,179.249,179.355,169.703,174.939,183.627,181.761,187.530,290.707,0.0462,0.0307,0.1464,0.5315,0.00,0.00,0.00,0.00
2759.00,180.000,180.000,170.000,175.000,179.318,179.307,169.520,174.884,179.249,179.354,169.704,174.937,183.627,181.761,187.531,290.725,0.0462,0.0307,0.1464,0.5317,0.00,0.00,0.00,0.00
2760.00,180.000,180.000,170.000,175.000,179.318,179.307,169.521,174.885,179.249,179.354,169.705,174.936,183.628,181.760,187.532,290.741,0.0462,0.0307,0.1464,0.5319,0.00,0.00,0.00,0.00
2761.00,180.000,180.000,170.000,175.000,179.317,179.307,169.522,174.885,179.249,179.354,169.706,174.934,183.628,181.760,187.534,290.782,0.0462,0.0307,0.1464,0.5321,0.00,0.00,0.00,0.00
2762.00,180.000,180.000,170.000,175.000,179.317,179.308,169.523,174.885,179.249,179.353,169.707,174.933,183.629,181.760,187.535,290.846,0.0462,0.0307,0.1464,0.5323,0.00,0.00,0.00,0.00
2763.00,180.000,180.000,170.000,175.000,179.316,179.308,169.524,174.886,179.249,179.353,169.708,174.931,183.629,181.759,187.536,290.902,0.0462,0.0308,0.1464,0.5325,0.00,0.00,0.00,0.00
2764.00,180.000,180.000,170.000,175.000,179.316,179.308,169.526,174.886,179.249,179.353,169.709,174.930,183.630,181.759,187.537,290.952,0.0462,0.0308,0.1464,0.5327,0.00,0.00,0.00,0.00
2765.00,180.000,180.000,170.000,175.000,179.315,179.309,169.527,174.886,179.249,179.353,169.710,174.929,183.630,181.759,187.539,290.996,0.0462,0.0308,0.1464,0.5329,0.00,0.00,0.00,0.00
2766.00,180.000,180.000,170.000,175.000,179.315,179.309,169.528,174.887,179.249,179.352,169.711,174.928,183.631,181.758,187.540,291.035,0.0462,0.0308,0.1464,0.5331,0.00,0.00,0.00,0.00
2767.00,180.000,180.000,170.000,175.000,179.315,179.309,169.529,174.887,179.250,179.352,169.712,174.927,183.631,181.758,187.541,291.070,0.0462,0.0308,0.1465,0.5333,0.00,0.00,0.00,0.00
2768.00,180.000,180.000,170.000,175.000,179.314,179.310,169.531,174.887,179.250,179.352,169.713,174.927,183.632,181.758,187.542,291.101,0.0462,0.0308,0.1465,0.5335,0.00,0.00,0.00,0.00
2769.00,180.000,180.000,170.000,175.000,179.314,179.310,169.532,174.887,179.250,179.351,169.714,174.926,183.632,181.757,187.543,291.129,0.0462,0.0308,0.1465,0.5337,0.00,0.00,0.00,0.00
2770.00,180.000,180.000,170.000,175.000,179.313,179.310,169.533,174.888,179.250,179.351,169.715,174.926,183.632,181.757,187.544,291.153,0.0462,0.0308,0.1465,0.5339,0.00,0.00,0.00,0.00
2771.00,180.000,180.000,170.000,175.000,179.313,179.310,169.534,174.888,179.250,179.351,169.716,174.925,183.633,181.757,187.545,291.203,0.0462,0.0308,0.1465,0.5341,0.00,0.00,0.00,0.00
2772.00,180.000,180.000,170.000,175.000,179.312,179.311,169.535,174.888,179.250,179.350,169.717,174.925,183.633,181.756,187.547,291.273,0.0462,0.0308,0.1465,0.5343,0.00,0.00,0.00,0.00
2773.00,180.000,180.000,170.000,175.000,179.312,179.311,169.537,174.888,179.250,179.350,169.718,174.925,183.634,181.756,187.548,291.336,0.0462,0.0308,0.1465,0.5345,0.00,0.00,0.00,0.00
2774.00,180.000,180.000,170.000,175.000,179.312,179.311,169.538,174.889,179.250,179.350,169.719,174.925,183.634,181.756,187.549,291.392,0.0462,0.0308,0.1465,0.5347,0.00,0.00,0.00,0.00
2775.00,180.000,180.000,170.000,175.000,179.311,179.311,169.539,174.889,179.251,179.350,169.720,174.925,183.634,181.755,187.550,291.441,0.0462,0.0308,0.1465,0.5349,0.00,0.00,0.00,0.00
2776.00,180.000,180.000,170.000,175.000,179.311,179.312,169.540,174.889,179.251,179.349,169.721,174.925,183.635,181.755,187.551,291.485,0.0462,0.0308,0.1465,0.5351,0.00,0.00,0.00,0.00
2777.00,180.000,180.000,170.000,175.000,179.310,179.312,169.541,174.889,179.251,179.349,169.722,174.925,183.635,181.755,187.552,291.525,0.0462,0.0308,0.1465,0.5353,0.00,0.00,0.00,0.00
2778.00,180.000,180.000,170.000,175.000,179.310,179.312,169.543,174.890,179.251,179.349,169.724,174.925,183.635,181.754,187.553,291.560,0.0462,0.0308,0.1465,0.5355,0.00,0.00,0.00,0.00
2779.00,180.000,180.000,170.000,175.000,179.310,179.312,169.544,174.890,179.251,179.348,169.725,174.926,183.636,181.754,187.555,291.591,0.0462,0.0308,0.1466,0.5357,0.00,0.00,0.00,0.00
2780.00,180.000,180.000,170.000,175.000,179.309,179.313,169.545,174.890,179.251,179.348,169.726,174.926,183.636,181.754,187.556,291.618,0.0462,0.0308,0.1466,0.5359,0.00,0.00,0.00,0.00
2781.00,180.000,180.000,170.000,175.000,179.309,179.313,169.546,174.890,179.252,179.348,169.727,174.927,183.636,181.754,187.557,291.671,0.0462,0.0308,0.1466,0.5361,0.00,0.00,0.00,0.00
2782.00,180.000,180.000,170.000,175.000,179.308,179.313,169.547,174.890,179.252,179.348,169.728,174.927,183.636,181.753,187.558,291.745,0.0462,0.0308,0.1466,0.5363,0.00,0.00,0.00,0.00
2783.00,180.000,180.000,170.000,175.000,179.308,179.313,169.549,174.891,179.252,179.347,169.729,174.928,183.637,181.753,187.559,291.810,0.0462,0.0308,0.1466,0.5365,0.00,0.00,0.00,0.00
2784.00,180.000,180.000,170.000,175.000,179.308,179.314,169.550,174.891,179.252,179.347,169.730,174.929,183.637,181.753,187.560,291.868,0.0462,0.0308,0.1466,0.5367,0.00,0.00,0.00,0.00
2785.00,180.000,180.000,170.000,175.000,179.307,179.314,169.551,174.891,179.252,179.347,169.731,174.930,183.637,181.752,187.529,291.920,0.0462,0.0308,0.1446,0.5369,0.00,0.00,0.00,0.00
2786.00,180.000,180.000,170.000,175.000,179.307,179.314,169.552,174.891,179.253,179.346,169.732,174.931,183.638,181.752,187.501,291.966,0.0462,0.0308,0.1446,0.5371,0.00,0.00,0.00,0.00
2787.00,180.000,180.000,170.000,175.000,179.307,179.314,169.553,174.892,179.253,179.346,169.733,174.932,183.638,181.752,187.476,292.007,0.0462,0.0308,0.1446,0.5373,0.00,0.00,0.00,0.00
2788.00,180.000,180.000,170.000,175.000,179.306,179.314,169.555,174.892,179.253,179.346,169.734,174.933,183.638,181.751,187.453,292.044,0.0462,0.0308,0.1446,0.5375,0.00,0.00,0.00,0.00
2789.00,180.000,180.000,170.000,175.000,179.306,179.315,169.556,174.892,179.253,179.346,169.735,174.934,183.638,181.751,187.433,292.076,0.0462,0.0308,0.1446,0.5377,0.00,0.00,0.00,0.00
2790.00,180.000,180.000,170.000,175.000,179.306,179.315,169.557,174.893,179.253,179.345,169.735,174.935,183.639,181.751,187.415,292.106,0.0462,0.0308,0.1446,0.5379,0.00,0.00,0.00,0.00
2791.00,180.000,180.000,170.000,175.000,179.305,179.315,169.558,174.893,179.254,179.345,169.736,174.936,183.639,181.751,187.398,292.160,0.0462,0.0308,0.1446,0.5381,0.00,0.00,0.00,0.00
2792.00,180.000,180.000,170.000,175.000,179.305,179.315,169.559,174.893,179.254,179.345,169.737,174.938,183.639,181.750,187.383,292.235,0.0462,0.0308,0.1447,0.5383,0.00,0.00,0.00,0.00
2793.00,180.000,180.000,170.000,175.000,179.305,179.315,169.561,174.893,179.254,179.345,169.738,174.939,183.640,181.750,187.370,292.301,0.0462,0.0308,0.1447,0.5385,0.00,0.00,0.00,0.00
2794.00,180.000,180.000,170.000,175.000,179.304,179.316,169.562,174.894,179.254,179.344,169.738,174.940,183.640,181.750,187.358,292.361,0.0462,0.0308,0.1447,0.5387,0.00,0.00,0.00,0.00
2795.00,180.000,180.000,170.000,175.000,179.304,179.316,169.563,174.894,179.254,179.344,169.739,174.942,183.640,181.750,187.347,292.413,0.0462,0.0308,0.1447,0.5389,0.00,0.00,0.00,0.00
2796.00,180.000,180.000,170.000,175.000,179.304,179.316,169.564,174.894,179.255,179.344,169.740,174.944,183.640,181.749,187.337,292.461,0.0462,0.0308,0.1447,0.5391,0.00,0.00,0.00,0.00
2797.00,180.000,180.000,170.000,175.000,179.303,179.316,169.565,174.895,179.255,179.343,169.740,174.945,183.641,181.749,187.328,292.503,0.0462,0.0308,0.1447,0.5393,0.00,0.00,0.00,0.00
2798.00,180.000,180.000,170.000,175.000,179.303,179.316,169.566,174.895,179.255,179.343,169.741,174.947,183.641,181.749,187.320,292.540,0.0462,0.0308,0.1447,0.5395,0.00,0.00,0.00,0.00
2799.00,180.000,180.000,170.000,175.000,179.303,179.317,169.568,174.895,179.255,179.343,169.742,174.949,183.641,181.749,187.313,292.574,0.0462,0.0308,0.1447,0.5397,0.00,0.00,0.00,0.00
2800.00,180.000,180.000,170.000,175.000,179.302,179.317,169.569,174.896,179.256,179.343,169.742,174.950,183.641,181.748,187.307,292.604,0.0462,0.0308,0.1447,0.5399,0.00,0.00,0.00,0.00
2801.00,180.000,180.000,170.000,175.000,179.302,179.317,169.570,174.896,179.256,179.342,169.743,174.952,183.642,181.748,187.301,292.659,0.0462,0.0308,0.1447,0.5401,0.00,0.00,0.00,0.00
2802.00,180.000,180.000,170.000,175.000,179.302,179.317,169.571,174.896,179.256,179.342,169.743,174.954,183.642,181.748,187.296,292.735,0.0462,0.0308,0.1447,0.5403,0.00,0.00,0.00,0.00
2803.00,180.000,180.000,170.000,175.000,179.301,179.317,169.572,174.897,179.256,179.342,169.744,174.956,183.642,181.748,187.292,292.802,0.0462,0.0308,0.1447,0.5405,0.00,0.00,0.00,0.00
2804.00,180.000,180.000,170.000,175.000,179.301,179.317,169.573,174.897,179.256,179.342,169.744,174.958,183.642,181.747,187.288,292.862,0.0462,0.0308,0.1447,0.5407,0.00,0.00,0.00,0.00
2805.00,180.000,180.000,170.000,175.000,179.301,179.318,169.574,174.898,179.257,179.341,169.745,174.960,183.643,181.747,187.284,292.916,0.0462,0.0308,0.1447,0.5409,0.00,0.00,0.00,0.00
2806.00,180.000,180.000,170.000,175.000,179.300,179.318,169.576,174.898,179.257,179.341,169.746,174.962,183.643,181.747,187.281,292.964,0.0462,0.0308,0.1447,0.5411,0.00,0.00,0.00,0.00
2807.00,180.000,180.000,170.000,175.000,179.300,179.318,169.577,174.899,179.257,179.341,169.746,174.964,183.643,181.747,187.278,293.007,0.0462,0.0308,0.1448,0.5413,0.00,0.00,0.00,0.00
2808.00,180.000,180.000,170.000,175.000,179.300,179.318,169.578,174.899,179.257,179.341,169.747,174.967,183.644,181.746,187.276,293.045,0.0462,0.0308,0.1448,0.5415,0.00,0.00,0.00,0.00
2809.00,180.000,180.000,170.000,175.000,179.300,179.318,169.579,174.899,179.258,179.340,169.747,174.969,183.644,181.746,187.274,293.079,0.0462,0.0308,0.1448,0.5417,0.00,0.00,0.00,0.00
2810.00,180.000,180.000,170.000,175.000,179.299,179.318,169.580,174.900,179.258,179.340,169.748,174.971,183.644,181.746,187.272,293.110,0.0462,0.0308,0.1448,0.5419,0.00,0.00,0.00,0.00
2811.00,180.000,180.000,170.000,175.000,179.299,179.318,169.581,174.900,179.258,179.340,169.748,174.973,183.644,181.746,187.270,293.166,0.0462,0.0309,0.1448,0.5421,0.00,0.00,0.00,0.00
2812.00,180.000,180.000,170.000,175.000,179.299,179.319,169.582,174.901,179.259,179.340,169.749,174.976,183.645,181.745,187.269,293.242,0.0462,0.0309,0.1448,0.5423,0.00,0.00,0.00,0.00
2813.00,180.000,180.000,170.000,175.000,179.298,179.319,169.583,174.901,179.259,179.339,169.749,174.978,183.645,181.745,187.267,293.310,0.0462,0.0309,0.1448,0.5425,0.00,0.00,0.00,0.00
2814.00,180.000,180.000,170.000,175.000,179.298,179.319,169.585,174.902,179.259,179.339,169.750,174.980,183.645,181.745,187.266,293.371,0.0462,0.0309,0.1448,0.5427,0.00,0.00,0.00,0.00
2815.00,180.000,180.000,170.000,175.000,179.298,179.319,169.586,174.902,179.259,179.339,169.750,174.983,183.645,181.745,187.265,293.425,0.0462,0.0309,0.1448,0.5429,0.00,0.00,0.00,0.00
2816.00,180.000,180.000,170.000,175.000,179.298,179.319,169.587,174.903,179.260,179.339,169.751,174.986,183.646,181.744,187.265,293.473,0.0462,0.0309,0.1448,0.5431,0.00,0.00,0.00,0.00
2817.00,180.000,180.000,170.000,175.000,179.297,179.319,169.588,174.903,179.260,179.338,169.752,174.988,183.646,181.744,187.264,293.517,0.0462,0.0309,0.1448,0.5433,0.00,0.00,0.00,0.00
2818.00,180.000,180.000,170.000,175.000,179.297,179.319,169.589,174.904,179.260,179.338,169.752,174.991,183.646,181.744,187.264,293.555,0.0462,0.0309,0.1448,0.5435,0.00,0.00,0.00,0.00
2819.00,180.000,180.000,170.000,175.000,179.297,179.320,169.590,174.905,179.260,179.338,169.753,174.993,183.646,181.744,187.263,293.590,0.0462,0.0309,0.1448,0.5437,0.00,0.00,0.00,0.00
2820.00,180.000,180.000,170.000,175.000,179.297,179.320,169.591,174.905,179.261,179.338,169.753,174.996,183.647,181.743,187.263,293.621,0.0462,0.0309,0.1448,0.5439,0.00,0.00,0.00,0.00
2821.00,180.000,180.000,170.000,175.000,179.296,179.320,169.592,174.906,179.261,179.338,169.754,174.999,183.647,181.743,187.263,293.678,0.0462,0.0309,0.1449,0.5441,0.00,0.00,0.00,0.00
2822.00,180.000,180.000,170.000,175.000,179.296,179.320,169.593,174.906,179.261,179.337,169.754,175.001,183.647,181.743,187.263,293.754,0.0462,0.0309,0.1449,0.5443,0.00,0.00,0.00,0.00
2823.00,180.000,180.000,170.000,175.000,179.296,179.320,169.594,174.907,179.262,179.337,169.755,175.004,183.648,181.743,187.262,293.823,0.0462,0.0309,0.1449,0.5445,0.00,0.00,0.00,0.00
2824.00,180.000,180.000,170.000,175.000,179.296,179.320,169.595,174.908,179.262,179.337,169.755,175.007,183.648,181.743,187.262,293.884,0.0462,0.0309,0.1449,0.5447,0.00,0.00,0.00,0.00
2825.00,180.000,180.000,170.000,175.000,179.296,179.320,169.596,174.908,179.262,179.337,169.756,175.010,183.648,181.742,187.263,293.938,0.0462,0.0309,0.1449,0.5449,0.00,0.00,0.00,0.00
2826.00,180.000,180.000,170.000,175.000,179.295,179.320,169.597,174.909,179.263,179.336,169.756,175.013,183.648,181.742,187.263,293.987,0.0462,0.0309,0.1449,0.5451,0.00,0.00,0.00,0.00
2827.00,180.000,180.000,170.000,175.000,179.295,179.320,169.599,174.910,179.263,179.336,169.757,175.016,183.649,181.742,187.263,294.031,0.0462,0.0309,0.1449,0.5453,0.00,0.00,0.00,0.00
2828.00,180.000,180.000,170.000,175.000,179.295,179.321,169.600,174.910,179.263,179.336,169.757,175.019,183.649,181.742,187.263,294.070,0.0462,0.0309,0.1449,0.5455,0.00,0.00,0.00,0.00
2829.00,180.000,180.000,170.000,175.000,179.295,179.321,169.601,174.911,179.263,179.336,169.758,175.022,183.649,181.741,187.263,294.105,0.0462,0.0309,0.1449,0.5457,0.00,0.00,0.00,0.00
2830.00,180.000,180.000,170.000,175.000,179.294,179.321,169.602,174.912,179.264,179.336,169.759,175.025,183.649,181.741,187.264,294.137,0.0462,0.0309,0.1449,0.5459,0.00,0.00,0.00,0.00
2831.00,180.000,180.000,170.000,175.000,179.294,179.321,169.603,174.913,179.264,179.335,169.759,175.028,183.650,181.741,187.264,294.193,0.0462,0.0309,0.1449,0.5461,0.00,0.00,0.00,0.00
2832.00,180.000,180.000,170.000,175.000,179.294,179.321,169.604,174.913,179.264,179.335,169.760,175.031,183.650,181.741,187.264,294.270,0.0462,0.0309,0.1449,0.5463,0.00,0.00,0.00,0.00
2833.00,180.000,180.000,170.000,175.000,179.294,179.321,169.605,174.914,179.265,179.335,169.760,175.034,183.650,181.741,187.265,294.339,0.0462,0.0309,0.1449,0.5465,0.00,0.00,0.00,0.00
2834.00,180.000,180.000,170.000,175.000,179.294,179.321,169.606,174.915,179.265,179.335,169.761,175.037,183.651,181.740,187.265,294.401,0.0462,0.0309,0.1449,0.5467,0.00,0.00,0.00,0.00
2835.00,180.000,180.000,170.000,175.000,179.294,179.321,169.607,174.916,179.265,179.334,169.761,175.041,183.651,181.740,187.265,294.456,0.0462,0.0309,0.1449,0.5469,0.00,0.00,0.00,0.00
2836.00,180.000,180.000,170.000,175.000,179.293,179.321,169.608,174.917,179.266,179.334,169.762,175.044,183.651,181.740,187.266,294.505,0.0462,0.0309,0.1450,0.5471,0.00,0.00,0.00,0.00
2837.00,180.000,180.000,170.000,175.000,179.293,179.321,169.609,174.918,179.266,179.334,169.762,175.047,183.651,181.740,187.266,294.549,0.0462,0.0309,0.1450,0.5473,0.00,0.00,0.00,0.00
2838.00,180.000,180.000,170.000,175.000,179.293,179.321,169.610,174.918,179.266,179.334,169.763,175.050,183.652,181.740,187.267,294.588,0.0462,0.0309,0.1450,0.5475,0.00,0.00,0.00,0.00
2839.00,180.000,180.000,170.000,175.000,179.293,179.322,169.611,174.919,179.267,179.334,169.764,175.054,183.652,181.739,187.267,294.624,0.0462,0.0309,0.1450,0.5477,0.00,0.00,0.00,0.00
2840.00,180.000,180.000,170.000,175.000,179.293,179.322,169.612,174.920,179.267,179.333,169.764,175.057,183.652,181.739,187.268,294.656,0.0462,0.0309,0.1450,0.5479,0.00,0.00,0.00,0.00
2841.00,180.000,180.000,170.000,175.000,179.292,179.322,169.613,174.921,179.267,179.333,169.765,175.060,183.653,181.739,187.268,294.713,0.0462,0.0309,0.1450,0.5481,0.00,0.00,0.00,0.00
2842.00,180.000,180.000,170.000,175.000,179.292,179.322,169.614,174.922,179.268,179.333,169.765,175.064,183.653,181.739,187.269,294.790,0.0462,0.0309,0.1450,0.5483,0.00,0.00,0.00,0.00
2843.00,180.000,180.000,170.000,175.000,179.292,179.322,169.615,174.923,179.268,179.333,169.766,175.067,183.653,181.739,187.270,294.859,0.0462,0.0309,0.1450,0.5485,0.00,0.00,0.00,0.00
2844.00,180.000,180.000,170.000,175.000,179.292,179.322,169.616,174.924,179.268,179.333,169.766,175.071,183.653,181.739,187.270,294.921,0.0462,0.0309,0.1450,0.5487,0.00,0.00,0.00,0.00
2845.00,180.000,180.000,170.000,175.000,179.292,179.322,169.617,174.925,179.269,179.332,169.767,175.074,183.654,181.738,187.271,294.976,0.0462,0.0309,0.1450,0.5489,0.00,0.00,0.00,0.00
2846.00,180.000,180.000,170.000,175.000,179.292,179.322,169.618,174.926,179.269,179.332,169.767,175.078,183.654,181.738,187.271,295.026,0.0462,0.0309,0.1450,0.5491,0.00,0.00,0.00,0.00
2847.00,180.000,180.000,170.000,175.000,179.291,179.322,169.619,174.927,179.269,179.332,169.768,175.082,183.654,181.738,187.272,295.070,0.0462,0.0309,0.1450,0.5493,0.00,0.00,0.00,0.00
2848.00,180.000,180.000,170.000,175.000,179.291,179.322,169.620,174.928,179.270,179.332,169.769,175.085,183.655,181.738,187.273,295.110,0.0462,0.0309,0.1450,0.5495,0.00,0.00,0.00,0.00
2849.00,180.000,180.000,170.000,175.000,179.291,179.322,169.621,174.929,179.270,179.332,169.769,175.089,183.655,181.738,187.273,295.146,0.0462,0.0309,0.1450,0.5497,0.00,0.00,0.00,0.00
2850.00,180.000,180.000,170.000,175.000,179.291,179.322,169.622,174.930,179.270,179.332,169.770,175.092,183.655,181.737,187.274,295.178,0.0462,0.0309,0.1450,0.5499,0.00,0.00,0.00,0.00
2851.00,180.000,180.000,170.000,175.000,179.291,179.322,169.623,174.931,179.271,179.331,169.770,175.096,183.656,181.737,187.274,295.235,0.0462,0.0309,0.1451,0.5501,0.00,0.00,0.00,0.00
2852.00,180.000,180.000,170.000,175.000,179.291,179.322,169.624,174.932,179.271,179.331,169.771,175.100,183.656,181.737,187.275,295.313,0.0462,0.0309,0.1451,0.5503,0.00,0.00,0.00,0.00
2853.00,180.000,180.000,170.000,175.000,179.291,179.323,169.625,174.933,179.271,179.331,169.772,175.104,183.656,181.737,187.276,295.382,0.0462,0.0309,0.1451,0.5505,0.00,0.00,0.00,0.00
2854.00,180.000,180.000,170.000,175.000,179.291,179.323,169.626,174.935,179.272,179.331,169.772,175.107,183.657,181.737,187.276,295.444,0.0462,0.0309,0.1451,0.5507,0.00,0.00,0.00,0.00
2855.00,180.000,180.000,170.000,175.000,179.290,179.323,169.627,174.936,179.272,179.331,169.773,175.111,183.657,181.737,187.277,295.499,0.0462,0.0309,0.1451,0.5509,0.00,0.00,0.00,0.00
2856.00,180.000,180.000,170.000,175.000,179.290,179.323,169.628,174.937,179.272,179.330,169.773,175.115,183.657,181.736,187.278,295.549,0.0462,0.0309,0.1451,0.5511,0.00,0.00,0.00,0.00
2857.00,180.000,180.000,170.000,175.000,179.290,179.323,169.629,174.938,179.273,179.330,169.774,175.119,183.657,181.736,187.278,295.594,0.0462,0.0309,0.1451,0.5513,0.00,0.00,0.00,0.00
2858.00,180.000,180.000,170.000,175.000,179.290,179.323,169.630,174.939,179.273,179.330,169.774,175.123,183.658,181.736,187.279,295.634,0.0462,0.0309,0.1451,0.5515,0.00,0.00,0.00,0.00
2859.00,180.000,180.000,170.000,175.000,179.290,179.323,169.631,174.941,179.273,179.330,169.775,175.127,183.658,181.736,187.280,295.670,0.0462,0.0310,0.1451,0.5517,0.00,0.00,0.00,0.00
2860.00,180.000,180.000,170.000,175.000,179.290,179.323,169.632,174.942,179.274,179.330,169.776,175.131,183.658,181.736,187.280,295.703,0.0462,0.0310,0.1451,0.5519,0.00,0.00,0.00,0.00
2861.00,180.000,180.000,170.000,175.000,179.290,179.323,169.633,174.943,179.274,179.330,169.776,175.134,183.659,181.736,187.281,295.760,0.0462,0.0310,0.1451,0.5521,0.00,0.00,0.00,0.00
2862.00,180.000,180.000,170.000,175.000,179.290,179.323,169.634,174.944,179.274,179.329,169.777,175.138,183.659,181.735,187.282,295.838,0.0462,0.0310,0.1451,0.5523,0.00,0.00,0.00,0.00
2863.00,180.000,180.000,170.000,175.000,179.290,179.323,169.635,174.946,179.275,179.329,169.777,175.142,183.659,181.735,187.282,295.907,0.0462,0.0310,0.1451,0.5525,0.00,0.00,0.00,0.00
2864.00,180.000,180.000,170.000,175.000,179.289,179.323,169.636,174.947,179.275,179.329,169.778,175.146,183.660,181.735,187.283,295.970,0.0462,0.0310,0.1451,0.5527,0.00,0.00,0.00,0.00
2865.00,180.000,180.000,170.000,175.000,179.289,179.323,169.636,174.948,179.276,179.329,169.779,175.151,183.660,181.735,187.284,296.025,0.0462,0.0310,0.1452,0.5529,0.00,0.00,0.00,0.00
2866.00,180.000,180.000,170.000,175.000,179.289,179.323,169.637,174.950,179.276,179.329,169.779,175.155,183.660,181.735,187.284,296.075,0.0462,0.0310,0.1452,0.5531,0.00,0.00,0.00,0.00
2867.00,180.000,180.000,170.000,175.000,179.289,179.323,169.638,174.951,179.276,179.329,169.780,175.158,183.661,181.735,187.285,294.922,0.0462,0.0310,0.1452,0.5099,0.00,0.00,0.00,0.00
2868.00,180.000,180.000,170.000,175.000,179.289,179.323,169.639,174.952,179.277,179.328,169.781,175.160,183.661,181.735,187.286,293.899,0.0462,0.0310,0.1452,0.5099,0.00,0.00,0.00,0.00
2869.00,180.000,180.000,170.000,175.000,179.289,179.323,169.640,174.954,179.277,179.328,169.781,175.161,183.661,181.734,187.286,292.990,0.0462,0.0310,0.1452,0.5099,0.00,0.00,0.00,0.00
2870.00,180.000,180.000,170.000,175.000,179.289,179.323,169.641,174.955,179.277,179.328,169.782,175.160,183.662,181.734,187.287,292.183,0.0462,0.0310,0.1452,0.5099,0.00,0.00,0.00,0.00
2871.00,180.000,180.000,170.000,175.000,179.289,179.323,169.642,174.956,179.278,179.328,169.782,175.159,183.662,181.734,187.288,291.467,0.0462,0.0310,0.1452,0.5099,0.00,0.00,0.00,0.00
2872.00,180.000,180.000,170.000,175.000,179.289,179.323,169.643,174.958,179.278,179.328,169.783,175.157,183.663,181.734,187.288,290.831,0.0462,0.0310,0.1452,0.5099,0.00,0.00,0.00,0.00
2873.00,180.000,180.000,170.000,175.000,179.289,179.323,169.644,174.959,179.278,179.328,169.784,175.154,183.663,181.734,187.289,290.265,0.0462,0.0310,0.1452,0.5099,0.00,0.00,0.00,0.00
2874.00,180.000,180.000,170.000,175.000,179.289,179.323,169.645,174.960,179.279,179.328,169.784,175.151,183.663,181.734,187.290,289.763,0.0462,0.0310,0.1452,0.5099,0.00,0.00,0.00,0.00
2875.00,180.000,180.000,170.000,175.000,179.289,179.323,169.646,174.962,179.279,179.327,169.785,175.148,183.664,181.734,187.291,289.316,0.0462,0.0310,0.1452,0.5099,0.00,0.00,0.00,0.00
2876.00,180.000,180.000,170.000,175.000,179.288,179.323,169.647,174.963,179.280,179.327,169.786,175.144,183.664,181.734,187.291,288.920,0.0462,0.0310,0.1452,0.5099,0.00,0.00,0.00,0.00
2877.00,180.000,180.000,170.000,175.000,179.288,179.323,169.648,174.964,179.280,179.327,169.786,175.140,183.664,181.733,187.292,288.567,0.0462,0.0310,0.1452,0.5099,0.00,0.00,0.00,0.00
2878.00,180.000,180.000,170.000,175.000,179.288,179.324,169.649,174.965,179.280,179.327,169.787,175.135,183.665,181.733,187.293,288.253,0.0462,0.0310,0.1452,0.5099,0.00,0.00,0.00,0.00
2879.00,180.000,180.000,170.000,175.000,179.288,179.324,169.650,174.966,179.281,179.327,169.787,175.131,183.665,181.733,187.293,287.974,0.0462,0.0310,0.1452,0.5099,0.00,0.00,0.00,0.00
2880.00,180.000,180.000,170.000,175.000,179.288,179.324,169.650,174.967,179.281,179.327,169.788,175.126,183.665,181.733,187.278,287.726,0.0462,0.0310,0.1433,0.5099,0.00,0.00,0.00,0.00
2881.00,180.000,180.000,170.000,175.000,179.288,179.324,169.651,174.968,179.282,179.327,169.789,175.121,183.666,181.733,187.248,287.505,0.0462,0.0310,0.1433,0.5099,0.00,0.00,0.00,0.00
2882.00,180.000,180.000,170.000,175.000,179.288,179.324,169.652,174.970,179.282,179.326,169.789,175.117,183.666,181.733,187.221,287.309,0.0462,0.0310,0.1433,0.5099,0.00,0.00,0.00,0.00
2883.00,180.000,180.000,170.000,175.000,179.288,179.324,169.653,174.970,179.282,179.326,169.790,175.112,183.667,181.733,187.197,287.134,0.0462,0.0310,0.1433,0.5099,0.00,0.00,0.00,0.00
2884.00,180.000,180.000,170.000,175.000,179.288,179.324,169.654,174.971,179.283,179.326,169.790,175.107,183.667,181.733,187.175,286.978,0.0462,0.0310,0.1433,0.5099,0.00,0.00,0.00,0.00
2885.00,180.000,180.000,170.000,175.000,179.288,179.324,169.655,174.972,179.283,179.326,169.790,175.103,183.667,181.732,187.155,286.839,0.0462,0.0310,0.1433,0.5099,0.00,0.00,0.00,0.00
2886.00,180.000,180.000,170.000,175.000,179.288,179.324,169.656,174.973,179.284,179.326,169.791,175.098,183.668,181.732,187.137,286.715,0.0462,0.0310,0.1433,0.5099,0.00,0.00,0.00,0.00
2887.00,180.000,180.000,170.000,175.000,179.288,179.324,169.657,174.974,179.284,179.326,169.791,175.094,183.668,181.732,187.121,286.605,0.0462,0.0310,0.1433,0.5099,0.00,0.00,0.00,0.00
2888.00,180.000,180.000,170.000,175.000,179.288,179.324,169.658,174.975,179.284,179.326,169.791,175.089,183.669,181.732,187.106,286.507,0.0462,0.0310,0.1433,0.5099,0.00,0.00,0.00,0.00
2889.00,180.000,180.000,170.000,175.000,179.288,179.324,169.659,174.976,179.285,179.326,169.792,175.085,183.669,181.732,187.093,286.419,0.0462,0.0310,0.1433,0.5099,0.00,0.00,0.00,0.00
2890.00,180.000,180.000,170.000,175.000,179.288,179.324,169.659,174.976,179.285,179.325,169.792,175.080,183.669,181.732,187.082,286.341,0.0462,0.0310,0.1433,0.5099,0.00,0.00,0.00,0.00
2891.00,180.000,180.000,170.000,175.000,179.288,179.324,169.660,174.977,179.285,179.325,169.792,175.076,183.670,181.732,187.071,286.271,0.0462,0.0310,0.1433,0.5099,0.00,0.00,0.00,0.00
2892.00,180.000,180.000,170.000,175.000,179.288,179.324,169.661,174.978,179.286,179.325,169.792,175.072,183.670,181.732,187.061,286.209,0.0462,0.0310,0.1433,0.5099,0.00,0.00,0.00,0.00
2893.00,180.000,180.000,170.000,175.000,179.288,179.324,169.662,174.978,179.286,179.325,169.793,175.068,183.670,181.732,187.053,286.153,0.0462,0.0310,0.1433,0.5099,0.00,0.00,0.00,0.00
2894.00,180.000,180.000,170.000,175.000,179.288,179.324,169.663,174.979,179.287,179.325,169.793,175.065,183.671,181.732,187.045,286.103,0.0462,0.0310,0.1433,0.5099,0.00,0.00,0.00,0.00
2895.00,180.000,180.000,170.000,175.000,179.288,179.324,169.664,174.979,179.287,179.325,169.793,175.061,183.671,181.731,187.038,286.058,0.0462,0.0310,0.1433,0.5099,0.00,0.00,0.00,0.00
2896.00,180.000,180.000,170.000,175.000,179.288,179.324,169.665,174.980,179.288,179.325,169.793,175.057,183.672,181.731,187.031,286.019,0.0462,0.0310,0.1433,0.5099,0.00,0.00,0.00,0.00
2897.00,180.000,180.000,170.000,175.000,179.288,179.324,169.666,174.980,179.288,179.325,169.793,175.054,183.672,181.731,187.026,285.983,0.0462,0.0310,0.1433,0.5099,0.00,0.00,0.00,0.00
2898.00,180.000,180.000,170.000,175.000,179.288,179.324,169.666,174.981,179.288,179.325,169.794,175.051,183.672,181.731,187.020,285.951,0.0462,0.0310,0.1433,0.5099,0.00,0.00,0.00,0.00
2899.00,180.000,180.000,170.000,175.000,179.288,179.324,169.667,174.981,179.289,179.324,169.794,175.047,183.673,181.731,187.016,285.922,0.0462,0.0310,0.1433,0.5099,0.00,0.00,0.00,0.00
2900.00,180.000,180.000,170.000,175.000,179.288,179.324,169.668,174.982,179.289,179.324,169.794,175.044,183.673,181.731,187.012,285.896,0.0462,0.0310,0.1434,0.5099,0.00,0.00,0.00,0.00
2901.00,180.000,180.000,170.000,175.000,179.288,179.324,169.669,174.982,179.290,179.324,169.794,175.041,183.674,181.731,187.008,285.873,0.0462,0.0310,0.1434,0.5099,0.00,0.00,0.00,0.00
2902.00,180.000,180.000,170.000,175.000,179.288,179.324,169.670,174.983,179.290,179.324,169.794,175.039,183.674,181.731,187.005,285.853,0.0462,0.0310,0.1434,0.5099,0.00,0.00,0.00,0.00
2903.00,180.000,180.000,170.000,175.000,179.288,179.324,169.671,174.983,179.290,179.324,169.794,175.036,183.675,181.731,187.002,285.834,0.0462,0.0310,0.1434,0.5099,0.00,0.00,0.00,0.00
2904.00,180.000,180.000,170.000,175.000,179.288,179.324,169.671,174.983,179.291,179.324,169.794,175.033,183.675,181.731,186.999,285.817,0.0462,0.0310,0.1434,0.5099,0.00,0.00,0.00,0.00
2905.00,180.000,180.000,170.000,175.000,179.288,179.324,169.672,174.984,179.291,179.324,169.794,175.031,183.675,181.730,186.996,285.802,0.0462,0.0310,0.1434,0.5099,0.00,0.00,0.00,0.00
2906.00,180.000,180.000,170.000,175.000,179.288,179.324,169.673,174.984,179.292,179.324,169.795,175.028,183.676,181.730,186.994,285.789,0.0462,0.0311,0.1434,0.5099,0.00,0.00,0.00,0.00
2907.00,180.000,180.000,170.000,175.000,179.288,179.324,169.674,174.984,179.292,179.324,169.795,175.026,183.676,181.730,186.992,285.776,0.0462,0.0311,0.1434,0.5099,0.00,0.00,0.00,0.00
2908.00,180.000,180.000,170.000,175.000,179.288,179.324,169.675,174.984,179.293,179.324,169.795,175.024,183.677,181.730,186.991,285.765,0.0462,0.0311,0.1434,0.5099,0.00,0.00,0.00,0.00
2909.00,180.000,180.000,170.000,175.000,179.288,179.324,169.675,174.985,179.293,179.324,169.795,175.022,183.677,181.730,186.989,285.755,0.0462,0.0311,0.1434,0.5099,0.00,0.00,0.00,0.00
2910.00,180.000,180.000,170.000,175.000,179.288,179.324,169.676,174.985,179.293,179.323,169.795,175.020,183.677,181.730,186.988,285.746,0.0462,0.0311,0.1434,0.5099,0.00,0.00,0.00,0.00
2911.00,180.000,180.000,170.000,175.000,179.288,179.324,169.677,174.985,179.294,179.323,169.795,175.018,183.678,181.730,186.987,285.738,0.0462,0.0311,0.1434,0.5099,0.00,0.00,0.00,0.00
2912.00,180.000,180.000,170.000,175.000,179.288,179.324,169.678,174.985,179.294,179.323,169.795,175.016,183.678,181.730,186.985,285.731,0.0462,0.0311,0.1434,0.5099,0.00,0.00,0.00,0.00
2913.00,180.000,180.000,170.000,175.000,179.288,179.324,169.679,174.986,179.295,179.323,169.795,175.014,183.679,181.730,186.985,285.724,0.0462,0.0311,0.1434,0.5099,0.00,0.00,0.00,0.00
2914.00,180.000,180.000,170.000,175.000,179.288,179.324,169.679,174.986,179.295,179.323,169.796,175.013,183.679,181.730,186.984,285.718,0.0462,0.0311,0.1434,0.5099,0.00,0.00,0.00,0.00
2915.00,180.000,180.000,170.000,175.000,179.288,179.324,169.680,174.986,179.296,179.323,169.796,175.011,183.679,181.730,186.983,285.713,0.0462,0.0311,0.1434,0.5099,0.00,0.00,0.00,0.00
2916.00,180.000,180.000,170.000,175.000,179.288,179.324,169.681,174.986,179.296,179.323,169.796,175.010,183.680,181.730,186.982,285.708,0.0462,0.0311,0.1434,0.5099,0.00,0.00,0.00,0.00
2917.00,180.000,180.000,170.000,175.000,179.288,179.324,169.682,174.986,179.296,179.323,169.796,175.008,183.680,181.729,186.982,285.703,0.0462,0.0311,0.1434,0.5099,0.00,0.00,0.00,0.00
2918.00,180.000,180.000,170.000,175.000,179.288,179.324,169.682,174.986,179.297,179.323,169.796,175.007,183.681,181.729,186.981,285.699,0.0462,0.0311,0.1434,0.5099,0.00,0.00,0.00,0.00
2919.00,180.000,180.000,170.000,175.000,179.289,179.324,169.683,174.987,179.297,179.323,169.796,175.006,183.681,181.729,186.981,285.695,0.0462,0.0311,0.1435,0.5099,0.00,0.00,0.00,0.00
2920.00,180.000,180.000,170.000,175.000,179.289,179.324,169.684,174.987,179.298,179.323,169.796,175.004,183.681,181.729,186.981,285.692,0.0462,0.0311,0.1435,0.5099,0.00,0.00,0.00,0.00
2921.00,180.000,180.000,170.000,175.000,179.289,179.324,169.685,174.987,179.298,179.323,169.796,175.003,183.682,181.729,186.980,285.689,0.0462,0.0311,0.1435,0.5099,0.00,0.00,0.00,0.00
2922.00,180.000,180.000,170.000,175.000,179.289,179.324,169.685,174.987,179.299,179.323,169.796,175.002,183.682,181.729,186.980,285.686,0.0462,0.0311,0.1435,0.5099,0.00,0.00,0.00,0.00
2923.00,180.000,180.000,170.000,175.000,179.289,179.324,169.686,174.987,179.299,179.322,169.797,175.001,183.683,181.729,186.980,285.684,0.0462,0.0311,0.1435,0.5099,0.00,0.00,0.00,0.00
2924.00,180.000,180.000,170.000,175.000,179.289,179.324,169.687,174.987,179.300,179.322,169.797,175.000,183.683,181.729,186.980,285.682,0.0462,0.0311,0.1435,0.5099,0.00,0.00,0.00,0.00
2925.00,180.000,180.000,170.000,175.000,179.289,179.324,169.688,174.987,179.300,179.322,169.797,174.999,183.684,181.729,186.980,285.680,0.0462,0.0311,0.1435,0.5099,0.00,0.00,0.00,0.00
2926.00,180.000,180.000,170.000,175.000,179.289,179.324,169.688,174.987,179.300,179.322,169.797,174.999,183.684,181.729,186.980,285.678,0.0462,0.0311,0.1435,0.5099,0.00,0.00,0.00,0.00
2927.00,180.000,180.000,170.000,175.000,179.289,179.324,169.689,174.987,179.301,179.322,169.797,174.998,183.684,181.729,186.980,285.676,0.0462,0.0311,0.1435,0.5099,0.00,0.00,0.00,0.00
2928.00,180.000,180.000,170.000,175.000,179.289,179.324,169.690,174.987,179.301,179.322,169.797,174.997,183.685,181.729,186.980,285.675,0.0462,0.0311,0.1435,0.5099,0.00,0.00,0.00,0.00
2929.00,180.000,180.000,170.000,175.000,179.289,179.324,169.690,174.987,179.302,179.322,169.797,174.996,183.685,181.729,186.980,285.673,0.0462,0.0311,0.1435,0.5099,0.00,0.00,0.00,0.00
2930.00,180.000,180.000,170.000,175.000,179.289,179.324,169.691,174.988,179.302,179.322,169.797,174.996,183.686,181.729,186.980,285.672,0.0462,0.0311,0.1435,0.5099,0.00,0.00,0.00,0.00
2931.00,180.000,180.000,170.000,175.000,179.289,179.324,169.692,174.988,179.303,179.322,169.798,174.995,183.686,181.729,186.980,285.671,0.0462,0.0311,0.1435,0.5099,0.00,0.00,0.00,0.00
2932.00,180.000,180.000,170.000,175.000,179.289,179.324,169.693,174.988,179.303,179.322,169.798,174.995,183.686,181.729,186.980,285.670,0.0462,0.0311,0.1435,0.5099,0.00,0.00,0.00,0.00
2933.00,180.000,180.000,170.000,175.000,179.290,179.324,169.693,174.988,179.304,179.322,169.798,174.994,183.687,181.728,186.980,285.669,0.0462,0.0311,0.1435,0.5099,0.00,0.00,0.00,0.00
2934.00,180.000,180.000,170.000,175.000,179.290,179.324,169.694,174.988,179.304,179.322,169.798,174.994,183.687,181.728,186.980,285.668,0.0462,0.0311,0.1435,0.5099,0.00,0.00,0.00,0.00
2935.00,180.000,180.000,170.000,175.000,179.290,179.324,169.695,174.988,179.305,179.322,169.798,174.994,183.688,181.728,186.980,285.668,0.0462,0.0311,0.1435,0.5099,0.00,0.00,0.00,0.00
2936.00,180.000,180.000,170.000,175.000,179.290,179.324,169.695,174.988,179.305,179.322,169.798,174.993,183.688,181.728,186.980,285.667,0.0462,0.0311,0.1435,0.5099,0.00,0.00,0.00,0.00
2937.00,180.000,180.000,170.000,175.000,179.290,179.324,169.696,174.988,179.305,179.322,169.798,174.993,183.689,181.728,186.981,285.667,0.0462,0.0311,0.1435,0.5099,0.00,0.00,0.00,0.00
2938.00,180.000,180.000,170.000,175.000,179.290,179.324,169.697,174.988,179.306,179.322,169.799,174.993,183.689,181.728,186.981,285.666,0.0462,0.0311,0.1435,0.5099,0.00,0.00,0.00,0.00
2939.00,180.000,180.000,170.000,175.000,179.290,179.324,169.697,174.988,179.306,179.322,169.799,174.993,183.689,181.728,186.981,285.666,0.0462,0.0311,0.1436,0.5099,0.00,0.00,0.00,0.00
2940.00,180.000,180.000,170.000,175.000,179.290,179.324,169.698,174.988,179.307,179.322,169.799,174.992,183.690,181.728,186.981,285.666,0.0462,0.0311,0.1436,0.5099,0.00,0.00,0.00,0.00
2941.00,180.000,180.000,170.000,175.000,179.290,179.324,169.699,174.988,179.307,179.322,169.799,174.992,183.690,181.728,186.981,285.666,0.0462,0.0311,0.1436,0.5099,0.00,0.00,0.00,0.00
2942.00,180.000,180.000,170.000,175.000,179.291,179.324,169.699,174.988,179.308,179.322,169.799,174.992,183.691,181.728,186.982,285.666,0.0462,0.0311,0.1436,0.5099,0.00,0.00,0.00,0.00
2943.00,180.000,180.000,170.000,175.000,179.291,179.324,169.700,174.988,179.308,179.321,169.799,174.992,183.691,181.728,186.982,285.666,0.0462,0.0311,0.1436,0.5099,0.00,0.00,0.00,0.00
2944.00,180.000,180.000,170.000,175.000,179.291,179.324,169.701,174.988,179.309,179.321,169.800,174.992,183.691,181.728,186.982,285.666,0.0462,0.0311,0.1436,0.5099,0.00,0.00,0.00,0.00
2945.00,180.000,180.000,170.000,175.000,179.291,179.323,169.701,174.988,179.309,179.321,169.800,174.992,183.692,181.728,186.982,285.666,0.0462,0.0311,0.1436,0.5099,0.00,0.00,0.00,0.00
2946.00,180.000,180.000,170.000,175.000,179.291,179.323,169.702,174.988,179.310,179.321,169.800,174.992,183.692,181.728,186.983,285.666,0.0462,0.0311,0.1436,0.5099,0.00,0.00,0.00,0.00
2947.00,180.000,180.000,170.000,175.000,179.291,179.323,169.703,174.988,179.310,179.321,169.800,174.992,183.693,181.728,186.983,285.666,0.0462,0.0311,0.1436,0.5099,0.00,0.00,0.00,0.00
2948.00,180.000,180.000,170.000,175.000,179.291,179.323,169.703,174.988,179.311,179.321,169.800,174.993,183.693,181.728,186.983,285.666,0.0462,0.0311,0.1436,0.5099,0.00,0.00,0.00,0.00
2949.00,180.000,180.000,170.000,175.000,179.291,179.323,169.704,174.988,179.311,179.321,169.800,174.993,183.693,181.728,186.983,285.667,0.0462,0.0311,0.1436,0.5099,0.00,0.00,0.00,0.00
2950.00,180.000,180.000,170.000,175.000,179.292,179.323,169.705,174.988,179.312,179.321,169.801,174.993,183.694,181.728,186.984,285.667,0.0462,0.0311,0.1436,0.5099,0.00,0.00,0.00,0.00
2951.00,180.000,180.000,170.000,175.000,179.292,179.323,169.705,174.988,179.312,179.321,169.801,174.993,183.694,181.728,186.984,285.667,0.0462,0.0311,0.1436,0.5099,0.00,0.00,0.00,0.00
2952.00,180.000,180.000,170.000,175.000,179.292,179.323,169.706,174.988,179.313,179.321,169.801,174.993,183.695,181.728,186.984,285.668,0.0462,0.0311,0.1436,0.5099,0.00,0.00,0.00,0.00
2953.00,180.000,180.000,170.000,175.000,179.292,179.323,169.707,174.988,179.313,179.321,169.801,174.994,183.695,181.728,186.985,285.668,0.0462,0.0311,0.1436,0.5099,0.00,0.00,0.00,0.00
2954.00,180.000,180.000,170.000,175.000,179.292,179.323,169.707,174.988,179.314,179.321,169.801,174.994,183.696,181.728,186.985,285.669,0.0462,0.0312,0.1436,0.5099,0.00,0.00,0.00,0.00
2955.00,180.000,180.000,170.000,175.000,179.292,179.323,169.708,174.988,179.314,179.321,169.801,174.994,183.696,181.728,186.985,285.669,0.0462,0.0312,0.1436,0.5099,0.00,0.00,0.00,0.00
2956.00,180.000,180.000,170.000,175.000,179.292,179.323,169.708,174.988,179.315,179.321,169.802,174.995,183.696,181.728,186.986,285.670,0.0462,0.0312,0.1436,0.5099,0.00,0.00,0.00,0.00
2957.00,180.000,180.000,170.000,175.000,179.292,179.323,169.709,174.988,179.315,179.321,169.802,174.995,183.697,181.728,186.986,285.670,0.0462,0.0312,0.1436,0.5099,0.00,0.00,0.00,0.00
2958.00,180.000,180.000,170.000,175.000,179.293,179.323,169.710,174.989,179.316,179.321,169.802,174.995,183.697,181.728,186.986,285.671,0.0462,0.0312,0.1436,0.5099,0.00,0.00,0.00,0.00
2959.00,180.000,180.000,170.000,175.000,179.293,179.323,169.710,174.989,179.316,179.321,169.802,174.996,183.698,181.728,186.986,285.672,0.0462,0.0312,0.1437,0.5099,0.00,0.00,0.00,0.00
2960.00,180.000,180.000,170.000,175.000,179.293,179.323,169.711,174.989,179.317,179.321,169.802,174.996,183.698,181.727,186.987,285.672,0.0462,0.0312,0.1437,0.5099,0.00,0.00,0.00,0.00
2961.00,180.000,180.000,170.000,175.000,179.293,179.323,169.712,174.989,179.317,179.321,169.803,174.997,183.698,181.727,186.987,285.673,0.0462,0.0312,0.1437,0.5099,0.00,0.00,0.00,0.00
2962.00,180.000,180.000,170.000,175.000,179.293,179.323,169.712,174.989,179.318,179.321,169.803,174.997,183.699,181.727,186.987,285.674,0.0462,0.0312,0.1437,0.5099,0.00,0.00,0.00,0.00
2963.00,180.000,180.000,170.000,175.000,179.293,179.323,169.713,174.989,179.318,179.321,169.803,174.998,183.699,181.727,186.988,285.674,0.0462,0.0312,0.1437,0.5099,0.00,0.00,0.00,0.00
2964.00,180.000,180.000,170.000,175.000,179.294,179.323,169.713,174.989,179.319,179.321,169.803,174.998,183.700,181.727,186.988,285.675,0.0462,0.0312,0.1437,0.5099,0.00,0.00,0.00,0.00
2965.00,180.000,180.000,170.000,175.000,179.294,179.323,169.714,174.989,179.319,179.321,169.803,174.999,183.700,181.727,186.988,285.676,0.0462,0.0312,0.1437,0.5099,0.00,0.00,0.00,0.00
2966.00,180.000,180.000,170.000,175.000,179.294,179.323,169.715,174.989,179.320,179.321,169.804,175.000,183.701,181.727,186.989,285.677,0.0462,0.0312,0.1437,0.5099,0.00,0.00,0.00,0.00
2967.00,180.000,180.000,170.000,175.000,179.294,179.323,169.715,174.989,179.320,179.321,169.804,175.000,183.701,181.727,186.989,285.678,0.0462,0.0312,0.1437,0.5099,0.00,0.00,0.00,0.00
2968.00,180.000,180.000,170.000,175.000,179.294,179.323,169.716,174.989,179.321,179.321,169.804,175.001,183.701,181.727,186.989,285.679,0.0462,0.0312,0.1437,0.5099,0.00,0.00,0.00,0.00
2969.00,180.000,180.000,170.000,175.000,179.294,179.323,169.716,174.989,179.321,179.321,169.804,175.001,183.702,181.727,186.990,285.680,0.0462,0.0312,0.1437,0.5099,0.00,0.00,0.00,0.00
2970.00,180.000,180.000,170.000,175.000,179.295,179.323,169.717,174.989,179.322,179.321,169.805,175.002,183.702,181.727,186.990,285.681,0.0462,0.0312,0.1437,0.5099,0.00,0.00,0.00,0.00
2971.00,180.000,180.000,170.000,175.000,179.295,179.323,169.717,174.989,179.322,179.321,169.805,175.003,183.703,181.727,186.991,285.682,0.0462,0.0312,0.1437,0.5099,0.00,0.00,0.00,0.00
2972.00,180.000,180.000,170.000,175.000,179.295,179.323,169.718,174.989,179.323,179.321,169.805,175.004,183.703,181.727,186.991,285.683,0.0462,0.0312,0.1437,0.5099,0.00,0.00,0.00,0.00
2973.00,180.000,180.000,170.000,175.000,179.295,179.323,169.719,174.990,179.323,179.321,169.805,175.004,183.704,181.727,186.991,285.684,0.0462,0.0312,0.1437,0.5099,0.00,0.00,0.00,0.00
2974.00,180.000,180.000,170.000,175.000,179.295,179.323,169.719,174.990,179.324,179.321,169.806,175.005,183.704,181.727,186.992,285.685,0.0462,0.0312,0.1437,0.5099,0.00,0.00,0.00,0.00
2975.00,180.000,180.000,170.000,175.000,179.296,179.323,169.720,174.990,179.324,179.321,169.806,175.006,183.704,181.727,186.992,285.686,0.0462,0.0312,0.1437,0.5099,0.00,0.00,0.00,0.00
2976.00,180.000,180.000,170.000,175.000,179.296,179.323,169.720,174.990,179.325,179.321,169.806,175.007,183.705,181.727,186.992,285.687,0.0462,0.0312,0.1437,0.5099,0.00,0.00,0.00,0.00
2977.00,180.000,180.000,170.000,175.000,179.296,179.323,169.721,174.990,179.325,179.321,169.806,175.007,183.705,181.727,186.993,285.688,0.0462,0.0312,0.1437,0.5099,0.00,0.00,0.00,0.00
2978.00,180.000,180.000,170.000,175.000,179.296,179.323,169.721,174.990,179.326,179.321,169.806,175.008,183.706,181.727,186.993,285.689,0.0462,0.0312,0.1438,0.5099,0.00,0.00,0.00,0.00
2979.00,180.000,180.000,170.000,175.000,179.296,179.323,169.722,174.990,179.326,179.321,169.807,175.009,183.706,181.727,186.993,285.690,0.0462,0.0312,0.1438,0.5099,0.00,0.00,0.00,0.00
2980.00,180.000,180.000,170.000,175.000,179.297,179.323,169.723,174.990,179.327,179.321,169.807,175.010,183.706,181.727,186.994,285.691,0.0462,0.0312,0.1438,0.5099,0.00,0.00,0.00,0.00
2981.00,180.000,180.000,170.000,175.000,179.297,179.323,169.723,174.990,179.327,179.321,169.807,175.011,183.707,181.727,186.994,285.692,0.0462,0.0312,0.1438,0.5099,0.00,0.00,0.00,0.00
2982.00,180.000,180.000,170.000,175.000,179.297,179.323,169.724,174.991,179.328,179.321,169.807,175.012,183.707,181.727,186.995,285.694,0.0462,0.0312,0.1438,0.5099,0.00,0.00,0.00,0.00
2983.00,180.000,180.000,170.000,175.000,179.297,179.323,169.724,174.991,179.328,179.321,169.808,175.013,183.708,181.728,186.995,285.695,0.0462,0.0312,0.1438,0.5099,0.00,0.00,0.00,0.00
2984.00,180.000,180.000,170.000,175.000,179.297,179.323,169.725,174.991,179.329,179.321,169.808,175.014,183.708,181.728,186.995,285.696,0.0462,0.0312,0.1438,0.5099,0.00,0.00,0.00,0.00
2985.00,180.000,180.000,170.000,175.000,179.298,179.323,169.725,174.991,179.329,179.321,169.808,175.014,183.709,181.728,186.996,285.697,0.0462,0.0312,0.1438,0.5099,0.00,0.00,0.00,0.00
2986.00,180.000,180.000,170.000,175.000,179.298,179.323,169.726,174.991,179.330,179.321,169.808,175.015,183.709,181.728,186.996,285.699,0.0462,0.0312,0.1438,0.5099,0.00,0.00,0.00,0.00
2987.00,180.000,180.000,170.000,175.000,179.298,179.323,169.726,174.991,179.330,179.321,169.809,175.016,183.709,181.728,186.997,285.700,0.0462,0.0312,0.1438,0.5099,0.00,0.00,0.00,0.00
2988.00,180.000,180.000,170.000,175.000,179.298,179.323,169.727,174.992,179.331,179.321,169.809,175.017,183.710,181.728,186.997,285.701,0.0462,0.0312,0.1438,0.5099,0.00,0.00,0.00,0.00
2989.00,180.000,180.000,170.000,175.000,179.298,179.323,169.728,174.992,179.331,179.321,169.809,175.018,183.710,181.728,186.997,285.702,0.0462,0.0312,0.1438,0.5099,0.00,0.00,0.00,0.00
2990.00,180.000,180.000,170.000,175.000,179.299,179.323,169.728,174.992,179.332,179.321,169.810,175.019,183.711,181.728,186.998,285.704,0.0462,0.0312,0.1438,0.5099,0.00,0.00,0.00,0.00
2991.00,180.000,180.000,170.000,175.000,179.299,179.323,169.729,174.992,179.333,179.321,169.810,175.020,183.711,181.728,186.998,285.705,0.0462,0.0312,0.1438,0.5099,0.00,0.00,0.00,0.00
2992.00,180.000,180.000,170.000,175.000,179.299,179.323,169.729,174.992,179.333,179.322,169.810,175.021,183.712,181.728,186.998,285.707,0.0462,0.0312,0.1438,0.5099,0.00,0.00,0.00,0.00
2993.00,180.000,180.000,170.000,175.000,179.299,179.323,169.730,174.992,179.334,179.322,169.810,175.022,183.712,181.728,186.999,285.708,0.0462,0.0312,0.1438,0.5099,0.00,0.00,0.00,0.00
2994.00,180.000,180.000,170.000,175.000,179.300,179.323,169.730,174.993,179.334,179.322,169.811,175.024,183.713,181.728,186.999,285.709,0.0462,0.0312,0.1438,0.5099,0.00,0.00,0.00,0.00
2995.00,180.000,180.000,170.000,175.000,179.300,179.323,169.731,174.993,179.335,179.322,169.811,175.025,183.713,181.728,187.000,285.711,0.0462,0.0312,0.1438,0.5099,0.00,0.00,0.00,0.00
2996.00,180.000,180.000,170.000,175.000,179.300,179.323,169.731,174.993,179.335,179.322,169.811,175.026,183.713,181.728,187.000,285.712,0.0462,0.0312,0.1438,0.5099,0.00,0.00,0.00,0.00
2997.00,180.000,180.000,170.000,175.000,179.300,179.323,169.732,174.993,179.336,179.322,169.812,175.027,183.714,181.728,187.001,285.714,0.0462,0.0312,0.1438,0.5099,0.00,0.00,0.00,0.00
2998.00,180.000,180.000,170.000,175.000,179.300,179.323,169.732,174.994,179.336,179.322,169.812,175.028,183.714,181.728,187.001,285.715,0.0462,0.0312,0.1439,0.5099,0.00,0.00,0.00,0.00
2999.00,180.000,180.000,170.000,175.000,179.301,179.323,169.733,174.994,179.337,179.322,169.812,175.029,183.715,181.728,187.001,285.716,0.0462,0.0312,0.1439,0.5099,0.00,0.00,0.00,0.00
3000.00,180.000,180.000,170.000,175.000,179.301,179.323,169.733,174.994,179.337,179.322,169.812,175.030,183.715,181.728,187.002,285.718,0.0462,0.0312,0.1439,0.5099,0.00,0.00,0.00,0.00
3001.00,180.000,180.000,170.000,175.000,179.301,179.323,169.734,174.994,179.338,179.322,169.813,175.031,183.716,181.728,187.002,285.719,0.0462,0.0313,0.1439,0.5099,0.00,0.00,0.00,0.00
3002.00,180.000,180.000,170.000,175.000,179.301,179.323,169.735,174.994,179.338,179.322,169.813,175.033,183.716,181.728,187.003,285.721,0.0462,0.0313,0.1439,0.5099,0.00,0.00,0.00,0.00
3003.00,180.000,180.000,170.000,175.000,179.302,179.323,169.735,174.995,179.339,179.322,169.813,175.034,183.716,181.728,187.003,285.722,0.0462,0.0313,0.1439,0.5099,0.00,0.00,0.00,0.00
3004.00,180.000,180.000,170.000,175.000,179.302,179.323,169.736,174.995,179.339,179.322,169.814,175.035,183.717,181.728,187.003,285.724,0.0462,0.0313,0.1439,0.5099,0.00,0.00,0.00,0.00
3005.00,180.000,180.000,170.000,175.000,179.302,179.323,169.736,174.995,179.340,179.322,169.814,175.036,183.717,181.728,187.004,285.725,0.0462,0.0313,0.1439,0.5099,0.00,0.00,0.00,0.00
3006.00,180.000,180.000,170.000,175.000,179.302,179.323,169.737,174.996,179.341,179.322,169.814,175.037,183.718,181.728,187.004,285.727,0.0462,0.0313,0.1439,0.5099,0.00,0.00,0.00,0.00
3007.00,180.000,180.000,170.000,175.000,179.303,179.323,169.737,174.996,179.341,179.322,169.815,175.039,183.718,181.728,187.005,285.729,0.0462,0.0313,0.1439,0.5099,0.00,0.00,0.00,0.00
3008.00,180.000,180.000,170.000,175.000,179.303,179.323,169.738,174.996,179.342,179.322,169.815,175.040,183.719,181.728,187.005,285.730,0.0462,0.0313,0.1439,0.5099,0.00,0.00,0.00,0.00
3009.00,180.000,180.000,170.000,175.000,179.303,179.323,169.738,174.996,179.342,179.322,169.815,175.041,183.719,181.728,187.006,285.732,0.0462,0.0313,0.1439,0.5099,0.00,0.00,0.00,0.00
3010.00,180.000,180.000,170.000,175.000,179.303,179.323,169.739,174.997,179.343,179.322,169.815,175.042,183.720,181.729,187.006,285.733,0.0462,0.0313,0.1439,0.5099,0.00,0.00,0.00,0.00
3011.00,180.000,180.000,170.000,175.000,179.304,179.323,169.739,174.997,179.343,179.322,169.816,175.044,183.720,181.729,187.006,285.735,0.0462,0.0313,0.1439,0.5099,0.00,0.00,0.00,0.00
3012.00,180.000,180.000,170.000,175.000,179.304,179.323,169.740,174.997,179.344,179.323,169.816,175.045,183.721,181.729,187.007,285.737,0.0462,0.0313,0.1439,0.5099,0.00,0.00,0.00,0.00
3013.00,180.000,180.000,170.000,175.000,179.304,179.323,169.740,174.998,179.344,179.323,169.816,175.046,183.721,181.729,187.007,285.738,0.0462,0.0313,0.1439,0.5099,0.00,0.00,0.00,0.00
3014.00,180.000,180.000,170.000,175.000,179.305,179.323,169.741,174.998,179.345,179.323,169.817,175.047,183.721,181.729,187.008,285.740,0.0462,0.0313,0.1439,0.5099,0.00,0.00,0.00,0.00
3015.00,180.000,180.000,170.000,175.000,179.305,179.323,169.741,174.998,179.346,179.323,169.817,175.049,183.722,181.729,187.008,285.742,0.0462,0.0313,0.1439,0.5099,0.00,0.00,0.00,0.00
3016.00,180.000,180.000,170.000,175.000,179.305,179.323,169.742,174.999,179.346,179.323,169.817,175.050,183.722,181.729,187.009,285.743,0.0462,0.0313,0.1439,0.5099,0.00,0.00,0.00,0.00
3017.00,180.000,180.000,170.000,175.000,179.305,179.323,169.742,174.999,179.347,179.323,169.818,175.051,183.723,181.729,187.009,285.745,0.0462,0.0313,0.1440,0.5099,0.00,0.00,0.00,0.00
3018.00,180.000,180.000,170.000,175.000,179.306,179.323,169.743,174.999,179.347,179.323,169.818,175.053,183.723,181.729,187.010,285.747,0.0462,0.0313,0.1440,0.5099,0.00,0.00,0.00,0.00
3019.00,180.000,180.000,170.000,175.000,179.306,179.323,169.743,175.000,179.348,179.323,169.818,175.054,183.724,181.729,187.010,285.748,0.0462,0.0313,0.1440,0.5099,0.00,0.00,0.00,0.00
3020.00,180.000,180.000,170.000,175.000,179.306,179.323,169.744,175.000,179.348,179.323,169.819,175.056,183.724,181.729,187.010,285.750,0.0462,0.0313,0.1440,0.5099,0.00,0.00,0.00,0.00
3021.00,180.000,180.000,170.000,175.000,179.306,179.323,169.744,175.000,179.349,179.323,169.819,175.057,183.725,181.729,187.011,285.752,0.0462,0.0313,0.1440,0.5099,0.00,0.00,0.00,0.00
3022.00,180.000,180.000,170.000,175.000,179.307,179.323,169.745,175.001,179.349,179.323,169.820,175.058,183.725,181.729,187.011,285.753,0.0462,0.0313,0.1440,0.5099,0.00,0.00,0.00,0.00
3023.00,180.000,180.000,170.000,175.000,179.307,179.323,169.745,175.001,179.350,179.323,169.820,175.060,183.726,181.729,187.012,285.755,0.0462,0.0313,0.1440,0.5099,0.00,0.00,0.00,0.00
3024.00,180.000,180.000,170.000,175.000,179.307,179.323,169.746,175.002,179.351,179.323,169.820,175.061,183.726,181.729,187.012,285.757,0.0462,0.0313,0.1440,0.5099,0.00,0.00,0.00,0.00
3025.00,180.000,180.000,170.000,175.000,179.308,179.323,169.746,175.002,179.351,179.323,169.821,175.063,183.727,181.730,187.013,285.759,0.0462,0.0313,0.1440,0.5099,0.00,0.00,0.00,0.00
3026.00,180.000,180.000,170.000,175.000,179.308,179.323,169.747,175.002,179.352,179.324,169.821,175.064,183.727,181.730,187.013,285.760,0.0462,0.0313,0.1440,0.5099,0.00,0.00,0.00,0.00
3027.00,180.000,180.000,170.000,175.000,179.308,179.323,169.747,175.003,179.352,179.324,169.821,175.065,183.727,181.730,187.014,285.762,0.0462,0.0313,0.1440,0.5099,0.00,0.00,0.00,0.00
3028.00,180.000,180.000,170.000,175.000,179.308,179.323,169.748,175.003,179.353,179.324,169.822,175.067,183.728,181.730,187.046,285.764,0.0462,0.0313,0.1440,0.5099,0.00,0.00,0.00,0.00
3029.00,180.000,180.000,170.000,175.000,179.309,179.323,169.748,175.004,179.353,179.324,169.822,175.068,183.728,181.730,187.076,285.766,0.0462,0.0313,0.1440,0.5099,0.00,0.00,0.00,0.00
3030.00,180.000,180.000,170.000,175.000,179.309,179.323,169.749,175.004,179.354,179.324,169.823,175.070,183.729,181.730,187.102,285.768,0.0462,0.0313,0.1440,0.5099,0.00,0.00,0.00,0.00
3031.00,180.000,180.000,170.000,175.000,179.309,179.323,169.749,175.005,179.354,179.324,169.823,175.071,183.729,181.730,187.127,285.769,0.0462,0.0313,0.1440,0.5099,0.00,0.00,0.00,0.00
3032.00,180.000,180.000,170.000,175.000,179.310,179.323,169.750,175.005,179.355,179.324,169.824,175.073,183.730,181.730,187.149,285.771,0.0462,0.0313,0.1440,0.5099,0.00,0.00,0.00,0.00
3033.00,180.000,180.000,170.000,175.000,179.310,179.323,169.750,175.005,179.356,179.324,169.824,175.074,183.730,181.730,187.152,285.773,0.0462,0.0313,0.1420,0.5099,0.00,0.00,0.00,0.00
3034.00,180.000,180.000,170.000,175.000,179.310,179.323,169.751,175.006,179.356,179.324,169.825,175.076,183.731,181.730,187.140,285.775,0.0462,0.0313,0.1420,0.5099,0.00,0.00,0.00,0.00
3035.00,180.000,180.000,170.000,175.000,179.311,179.323,169.751,175.006,179.357,179.324,169.826,175.077,183.731,181.730,187.129,285.777,0.0462,0.0313,0.1420,0.5099,0.00,0.00,0.00,0.00
3036.00,180.000,180.000,170.000,175.000,179.311,179.323,169.752,175.007,179.357,179.324,169.826,175.079,183.732,181.731,187.119,285.779,0.0462,0.0313,0.1420,0.5099,0.00,0.00,0.00,0.00
3037.00,180.000,180.000,170.000,175.000,179.311,179.323,169.752,175.007,179.358,179.325,169.827,175.080,183.732,181.731,187.110,285.780,0.0462,0.0313,0.1420,0.5099,0.00,0.00,0.00,0.00
3038.00,180.000,180.000,170.000,175.000,179.312,179.323,169.753,175.008,179.358,179.325,169.827,175.082,183.733,181.731,187.102,285.782,0.0462,0.0313,0.1420,0.5099,0.00,0.00,0.00,0.00
3039.00,180.000,180.000,170.000,175.000,179.312,179.323,169.753,175.008,179.359,179.325,169.828,175.084,183.733,181.731,187.095,285.784,0.0462,0.0313,0.1421,0.5099,0.00,0.00,0.00,0.00
3040.00,180.000,180.000,170.000,175.000,179.312,179.323,169.754,175.009,179.360,179.325,169.828,175.085,183.734,181.731,187.088,285.786,0.0462,0.0313,0.1421,0.5099,0.00,0.00,0.00,0.00
3041.00,180.000,180.000,170.000,175.000,179.312,179.323,169.754,175.009,179.360,179.325,169.829,175.087,183.734,181.731,187.082,285.788,0.0462,0.0313,0.1421,0.5099,0.00,0.00,0.00,0.00
3042.00,180.000,180.000,170.000,175.000,179.313,179.323,169.755,175.010,179.361,179.325,169.829,175.088,183.735,181.731,187.077,285.790,0.0462,0.0313,0.1421,0.5099,0.00,0.00,0.00,0.00
3043.00,180.000,180.000,170.000,175.000,179.313,179.323,169.755,175.010,179.361,179.325,169.830,175.090,183.735,181.731,187.073,285.792,0.0462,0.0313,0.1421,0.5099,0.00,0.00,0.00,0.00
3044.00,180.000,180.000,170.000,175.000,179.313,179.323,169.756,175.011,179.362,179.325,169.830,175.091,183.736,181.731,187.068,285.794,0.0462,0.0313,0.1421,0.5099,0.00,0.00,0.00,0.00
3045.00,180.000,180.000,170.000,175.000,179.314,179.323,169.756,175.011,179.362,179.325,169.831,175.093,183.736,181.732,187.065,285.796,0.0462,0.0313,0.1421,0.5099,0.00,0.00,0.00,0.00
3046.00,180.000,180.000,170.000,175.000,179.314,179.323,169.757,175.012,179.363,179.325,169.831,175.095,183.737,181.732,187.061,285.798,0.0462,0.0313,0.1421,0.5099,0.00,0.00,0.00,0.00
3047.00,180.000,180.000,170.000,175.000,179.314,179.323,169.757,175.012,179.364,179.326,169.832,175.096,183.737,181.732,187.058,285.800,0.0462,0.0313,0.1421,0.5099,0.00,0.00,0.00,0.00
3048.00,180.000,180.000,170.000,175.000,179.315,179.323,169.758,175.013,179.364,179.326,169.832,175.098,183.738,181.732,187.056,285.802,0.0462,0.0313,0.1421,0.5099,0.00,0.00,0.00,0.00
3049.00,180.000,180.000,170.000,175.000,179.315,179.323,169.758,175.014,179.365,179.326,169.833,175.100,183.738,181.732,187.054,285.804,0.0462,0.0314,0.1421,0.5099,0.00,0.00,0.00,0.00
3050.00,180.000,180.000,170.000,175.000,179.315,179.323,169.759,175.014,179.365,179.326,169.833,175.101,183.739,181.732,187.052,285.805,0.0462,0.0314,0.1421,0.5099,0.00,0.00,0.00,0.00
3051.00,180.000,180.000,170.000,175.000,179.316,179.323,169.759,175.015,179.366,179.326,169.834,175.103,183.739,181.732,187.050,285.807,0.0462,0.0314,0.1421,0.5099,0.00,0.00,0.00,0.00
3052.00,180.000,180.000,170.000,175.000,179.316,179.323,169.760,175.015,179.367,179.326,169.834,175.105,183.740,181.732,187.048,285.809,0.0462,0.0314,0.1421,0.5099,0.00,0.00,0.00,0.00
3053.00,180.000,180.000,170.000,175.000,179.316,179.323,169.760,175.016,179.367,179.326,169.834,175.106,183.740,181.732,187.047,285.811,0.0462,0.0314,0.1421,0.5099,0.00,0.00,0.00,0.00
3054.00,180.000,180.000,170.000,175.000,179.317,179.323,169.761,175.017,179.368,179.326,169.835,175.108,183.741,181.733,187.046,285.813,0.0462,0.0314,0.1421,0.5099,0.00,0.00,0.00,0.00
3055.00,180.000,180.000,170.000,175.000,179.317,179.323,169.761,175.017,179.368,179.327,169.835,175.110,183.741,181.733,187.045,285.815,0.0462,0.0314,0.1421,0.5099,0.00,0.00,0.00,0.00
3056.00,180.000,180.000,170.000,175.000,179.317,179.323,169.762,175.018,179.369,179.327,169.836,175.111,183.742,181.733,187.044,285.817,0.0462,0.0314,0.1421,0.5099,0.00,0.00,0.00,0.00
3057.00,180.000,180.000,170.000,175.000,179.318,179.323,169.762,175.018,179.369,179.327,169.836,175.113,183.742,181.733,187.043,285.819,0.0462,0.0314,0.1421,0.5099,0.00,0.00,0.00,0.00
3058.00,180.000,180.000,170.000,175.000,179.318,179.323,169.763,175.019,179.370,179.327,169.837,175.115,183.743,181.733,187.043,285.822,0.0462,0.0314,0.1421,0.5099,0.00,0.00,0.00,0.00
3059.00,180.000,180.000,170.000,175.000,179.318,179.323,169.763,175.020,179.371,179.327,169.837,175.116,183.743,181.733,187.042,285.824,0.0462,0.0314,0.1421,0.5099,0.00,0.00,0.00,0.00
3060.00,180.000,180.000,170.000,175.000,179.319,179.323,169.764,175.020,179.371,179.327,169.838,175.118,183.744,181.733,187.042,285.826,0.0462,0.0314,0.1421,0.5099,0.00,0.00,0.00,0.00
3061.00,180.000,180.000,170.000,175.000,179.319,179.323,169.764,175.021,179.372,179.327,169.838,175.120,183.744,181.734,187.041,285.828,0.0462,0.0314,0.1421,0.5099,0.00,0.00,0.00,0.00
3062.00,180.000,180.000,170.000,175.000,179.319,179.323,169.765,175.022,179.372,179.327,169.838,175.122,183.745,181.734,187.041,285.830,0.0462,0.0314,0.1421,0.5099,0.00,0.00,0.00,0.00
3063.00,180.000,180.000,170.000,175.000,179.320,179.323,169.765,175.022,179.373,179.328,169.839,175.123,183.745,181.734,187.041,285.832,0.0462,0.0314,0.1421,0.5099,0.00,0.00,0.00,0.00
3064.00,180.000,180.000,170.000,175.000,179.320,179.323,169.766,175.023,179.374,179.328,169.839,175.125,183.746,181.734,187.041,285.834,0.0462,0.0314,0.1421,0.5099,0.00,0.00,0.00,0.00
3065.00,180.000,180.000,170.000,175.000,179.321,179.323,169.766,175.024,179.374,179.328,169.840,175.127,183.746,181.734,187.041,285.836,0.0462,0.0314,0.1421,0.5099,0.00,0.00,0.00,0.00
3066.00,180.000,180.000,170.000,175.000,179.321,179.323,169.767,175.024,179.375,179.328,169.840,175.129,183.747,181.734,187.041,285.838,0.0462,0.0314,0.1421,0.5099,0.00,0.00,0.00,0.00
3067.00,180.000,180.000,170.000,175.000,179.321,179.323,169.767,175.025,179.375,179.328,169.841,175.130,183.747,181.734,187.041,285.840,0.0462,0.0314,0.1421,0.5099,0.00,0.00,0.00,0.00
3068.00,180.000,180.000,170.000,175.000,179.322,179.324,169.767,175.026,179.376,179.328,169.841,175.132,183.748,181.735,187.041,285.842,0.0462,0.0314,0.1422,0.5099,0.00,0.00,0.00,0.00
3069.00,180.000,180.000,170.000,175.000,179.322,179.324,169.768,175.026,179.377,179.328,169.842,175.134,183.748,181.735,187.041,285.844,0.0462,0.0314,0.1422,0.5099,0.00,0.00,0.00,0.00
3070.00,180.000,180.000,170.000,175.000,179.322,179.324,169.768,175.027,179.377,179.329,169.842,175.136,183.749,181.735,187.041,285.846,0.0462,0.0314,0.1422,0.5099,0.00,0.00,0.00,0.00
3071.00,180.000,180.000,170.000,175.000,179.323,179.324,169.769,175.028,179.378,179.329,169.843,175.138,183.749,181.735,187.042,285.849,0.0462,0.0314,0.1422,0.5099,0.00,0.00,0.00,0.00
3072.00,180.000,180.000,170.000,175.000,179.323,179.324,169.769,175.029,179.378,179.329,169.843,175.139,183.750,181.735,187.042,285.851,0.0462,0.0314,0.1422,0.5099,0.00,0.00,0.00,0.00
3073.00,180.000,180.000,170.000,175.000,179.323,179.324,169.770,175.029,179.379,179.329,169.844,175.141,183.750,181.735,187.042,285.853,0.0462,0.0314,0.1422,0.5099,0.00,0.00,0.00,0.00
3074.00,180.000,180.000,170.000,175.000,179.324,179.324,169.770,175.030,179.380,179.329,169.844,175.143,183.751,181.735,187.043,285.855,0.0462,0.0314,0.1422,0.5099,0.00,0.00,0.00,0.00
3075.00,180.000,180.000,170.000,175.000,179.324,179.324,169.771,175.031,179.380,179.329,169.844,175.145,183.752,181.736,187.043,285.857,0.0462,0.0314,0.1422,0.5099,0.00,0.00,0.00,0.00
3076.00,180.000,180.000,170.000,175.000,179.325,179.324,169.771,175.032,179.381,179.329,169.845,175.147,183.752,181.736,187.043,285.859,0.0462,0.0314,0.1422,0.5099,0.00,0.00,0.00,0.00
3077.00,180.000,180.000,170.000,175.000,179.325,179.324,169.772,175.032,179.381,179.330,169.845,175.149,183.753,181.736,187.044,285.861,0.0462,0.0314,0.1422,0.5099,0.00,0.00,0.00,0.00
3078.00,180.000,180.000,170.000,175.000,179.325,179.324,169.772,175.033,179.382,179.330,169.846,175.151,183.753,181.736,187.044,285.864,0.0462,0.0314,0.1422,0.5099,0.00,0.00,0.00,0.00
3079.00,180.000,180.000,170.000,175.000,179.326,179.324,169.773,175.034,179.383,179.330,169.846,175.152,183.754,181.736,187.044,285.866,0.0462,0.0314,0.1422,0.5099,0.00,0.00,0.00,0.00
3080.00,180.000,180.000,170.000,175.000,179.326,179.324,169.773,175.035,179.383,179.330,169.847,175.154,183.754,181.736,187.045,285.868,0.0462,0.0314,0.1422,0.5099,0.00,0.00,0.00,0.00
3081.00,180.000,180.000,170.000,175.000,179.326,179.324,169.774,175.036,179.384,179.330,169.847,175.156,183.755,181.737,187.045,285.870,0.0462,0.0314,0.1422,0.5099,0.00,0.00,0.00,0.00
3082.00,180.000,180.000,170.000,175.000,179.327,179.324,169.774,175.036,179.385,179.330,169.848,175.158,183.755,181.737,187.046,285.872,0.0462,0.0314,0.1422,0.5099,0.00,0.00,0.00,0.00
3083.00,180.000,180.000,170.000,175.000,179.327,179.324,169.775,175.037,179.385,179.331,169.848,175.160,183.756,181.737,187.046,285.874,0.0462,0.0314,0.1422,0.5099,0.00,0.00,0.00,0.00
3084.00,180.000,180.000,170.000,175.000,179.328,179.324,169.775,175.038,179.386,179.331,169.849,175.162,183.756,181.737,187.047,285.877,0.0462,0.0314,0.1422,0.5099,0.00,0.00,0.00,0.00
3085.00,180.000,180.000,170.000,175.000,179.328,179.324,169.776,175.039,179.386,179.331,169.849,175.164,183.757,181.737,187.047,285.879,0.0462,0.0314,0.1422,0.5099,0.00,0.00,0.00,0.00
3086.00,180.000,180.000,170.000,175.000,179.328,179.324,169.776,175.040,179.387,179.331,169.850,175.166,183.758,181.737,187.048,285.881,0.0462,0.0314,0.1422,0.5099,0.00,0.00,0.00,0.00
3087.00,180.000,180.000,170.000,175.000,179.329,179.324,169.777,175.040,179.388,179.331,169.850,175.168,183.758,181.738,187.048,285.883,0.0462,0.0314,0.1422,0.5099,0.00,0.00,0.00,0.00
3088.00,180.000,180.000,170.000,175.000,179.329,179.324,169.777,175.041,179.388,179.331,169.851,175.170,183.759,181.738,187.049,285.885,0.0462,0.0314,0.1422,0.5099,0.00,0.00,0.00,0.00
3089.00,180.000,180.000,170.000,175.000,179.330,179.324,169.778,175.042,179.389,179.332,169.851,175.172,183.759,181.738,187.049,285.888,0.0462,0.0314,0.1422,0.5099,0.00,0.00,0.00,0.00
3090.00,180.000,180.000,170.000,175.000,179.330,179.324,169.778,175.043,179.389,179.332,169.852,175.173,183.760,181.738,187.050,285.890,0.0462,0.0314,0.1422,0.5099,0.00,0.00,0.00,0.00
3091.00,180.000,180.000,170.000,175.000,179.330,179.324,169.779,175.044,179.390,179.332,169.852,175.175,183.760,181.738,187.050,285.892,0.0462,0.0314,0.1422,0.5099,0.00,0.00,0.00,0.00
3092.00,180.000,180.000,170.000,175.000,179.331,179.324,169.779,175.045,179.391,179.332,169.853,175.177,183.761,181.739,187.051,285.894,0.0462,0.0314,0.1422,0.5099,0.00,0.00,0.00,0.00
3093.00,180.000,180.000,170.000,175.000,179.331,179.325,169.780,175.046,179.391,179.332,169.853,175.179,183.761,181.739,187.051,285.897,0.0462,0.0314,0.1422,0.5099,0.00,0.00,0.00,0.00
3094.00,180.000,180.000,170.000,175.000,179.332,179.325,169.780,175.047,179.392,179.332,169.854,175.181,183.762,181.739,187.052,285.899,0.0462,0.0314,0.1422,0.5099,0.00,0.00,0.00,0.00
3095.00,180.000,180.000,170.000,175.000,179.332,179.325,169.781,175.047,179.393,179.333,169.854,175.183,183.763,181.739,187.052,285.901,0.0462,0.0314,0.1422,0.5099,0.00,0.00,0.00,0.00
3096.00,180.000,180.000,170.000,175.000,179.332,179.325,169.781,175.048,179.393,179.333,169.855,175.185,183.763,181.739,187.053,285.903,0.0462,0.0314,0.1422,0.5099,0.00,0.00,0.00,0.00
3097.00,180.000,180.000,170.000,175.000,179.333,179.325,169.782,175.049,179.394,179.333,169.855,175.187,183.764,181.739,187.054,285.906,0.0462,0.0315,0.1422,0.5099,0.00,0.00,0.00,0.00
3098.00,180.000,180.000,170.000,175.000,179.333,179.325,169.782,175.050,179.394,179.333,169.856,175.189,183.764,181.740,187.054,285.768,0.0462,0.0315,0.1423,0.4665,0.00,0.00,0.00,0.00
3099.00,180.000,180.000,170.000,175.000,179.334,179.325,169.783,175.051,179.395,179.333,169.856,175.190,183.765,181.740,187.055,284.645,0.0462,0.0315,0.1423,0.4663,0.00,0.00,0.00,0.00
3100.00,180.000,180.000,170.000,175.000,179.334,179.325,169.783,175.052,179.396,179.333,169.857,175.190,183.765,181.740,187.055,283.647,0.0462,0.0315,0.1423,0.4661,0.00,0.00,0.00,0.00
3101.00,180.000,180.000,170.000,175.000,179.334,179.325,169.784,175.053,179.396,179.334,169.857,175.189,183.766,181.740,187.056,282.733,0.0462,0.0315,0.1423,0.4659,0.00,0.00,0.00,0.00
3102.00,180.000,180.000,170.000,175.000,179.335,179.325,169.784,175.054,179.397,179.334,169.858,175.186,183.767,181.740,187.056,281.894,0.0462,0.0315,0.1423,0.4657,0.00,0.00,0.00,0.00
3103.00,180.000,180.000,170.000,175.000,179.335,179.325,169.785,175.055,179.398,179.334,169.858,175.183,183.767,181.741,187.057,281.148,0.0462,0.0315,0.1423,0.4655,0.00,0.00,0.00,0.00
3104.00,180.000,180.000,170.000,175.000,179.336,179.325,169.785,175.056,179.398,179.334,169.859,175.179,183.768,181.741,187.058,280.485,0.0462,0.0315,0.1423,0.4653,0.00,0.00,0.00,0.00
3105.00,180.000,180.000,170.000,175.000,179.336,179.325,169.786,175.056,179.399,179.334,169.859,175.174,183.768,181.741,187.058,279.895,0.0462,0.0315,0.1423,0.4651,0.00,0.00,0.00,0.00
3106.00,180.000,180.000,170.000,175.000,179.336,179.325,169.786,175.057,179.399,179.335,169.860,175.169,183.769,181.741,187.059,279.370,0.0462,0.0315,0.1423,0.4649,0.00,0.00,0.00,0.00
3107.00,180.000,180.000,170.000,175.000,179.337,179.325,169.787,175.058,179.400,179.335,169.860,175.163,183.770,181.741,187.059,278.904,0.0462,0.0315,0.1423,0.4647,0.00,0.00,0.00,0.00
3108.00,180.000,180.000,170.000,175.000,179.337,179.325,169.787,175.059,179.401,179.335,169.861,175.157,183.770,181.742,187.060,278.488,0.0462,0.0315,0.1423,0.4645,0.00,0.00,0.00,0.00
3109.00,180.000,180.000,170.000,175.000,179.338,179.325,169.788,175.059,179.401,179.335,169.861,175.151,183.771,181.742,187.061,278.119,0.0462,0.0315,0.1423,0.4643,0.00,0.00,0.00,0.00
3110.00,180.000,180.000,170.000,175.000,179.338,179.326,169.788,175.060,179.402,179.335,169.862,175.145,183.771,181.742,187.061,277.790,0.0462,0.0315,0.1423,0.4641,0.00,0.00,0.00,0.00
3111.00,180.000,180.000,170.000,175.000,179.339,179.326,169.789,175.060,179.403,179.336,169.862,175.138,183.772,181.742,187.062,277.469,0.0462,0.0315,0.1423,0.4639,0.00,0.00,0.00,0.00
3112.00,180.000,180.000,170.000,175.000,179.339,179.326,169.789,175.061,179.403,179.336,169.863,175.131,183.772,181.742,187.062,277.156,0.0462,0.0315,0.1423,0.4637,0.00,0.00,0.00,0.00
3113.00,180.000,180.000,170.000,175.000,179.339,179.326,169.790,175.061,179.404,179.336,169.863,175.125,183.773,181.743,187.063,276.878,0.0462,0.0315,0.1423,0.4635,0.00,0.00,0.00,0.00
3114.00,180.000,180.000,170.000,175.000,179.340,179.326,169.790,175.062,179.405,179.336,169.864,175.118,183.774,181.743,187.064,276.630,0.0462,0.0315,0.1423,0.4633,0.00,0.00,0.00,0.00
3115.00,180.000,180.000,170.000,175.000,179.340,179.326,169.791,175.062,179.405,179.336,169.865,175.111,183.774,181.743,187.064,276.409,0.0462,0.0315,0.1423,0.4631,0.00,0.00,0.00,0.00
3116.00,180.000,180.000,170.000,175.000,179.341,179.326,169.791,175.062,179.406,179.337,169.865,175.104,183.775,181.743,187.065,276.212,0.0462,0.0315,0.1423,0.4629,0.00,0.00,0.00,0.00
3117.00,180.000,180.000,170.000,175.000,179.341,179.326,169.792,175.063,179.407,179.337,169.866,175.097,183.775,181.744,187.065,276.037,0.0462,0.0315,0.1423,0.4627,0.00,0.00,0.00,0.00
3118.00,180.000,180.000,170.000,175.000,179.342,179.326,169.792,175.063,179.407,179.337,169.866,175.091,183.776,181.744,187.066,275.880,0.0462,0.0315,0.1423,0.4625,0.00,0.00,0.00,0.00
3119.00,180.000,180.000,170.000,175.000,179.342,179.326,169.792,175.063,179.408,179.337,169.867,175.084,183.777,181.744,187.067,275.740,0.0462,0.0315,0.1423,0.4623,0.00,0.00,0.00,0.00
3120.00,180.000,180.000,170.000,175.000,179.342,179.326,169.793,175.063,179.408,179.338,169.867,175.077,183.777,181.744,187.067,275.615,0.0462,0.0315,0.1423,0.4621,0.00,0.00,0.00,0.00
3121.00,180.000,180.000,170.000,175.000,179.343,179.326,169.793,175.063,179.409,179.338,169.868,175.071,183.778,181.744,187.068,275.475,0.0462,0.0315,0.1423,0.4619,0.00,0.00,0.00,0.00
3122.00,180.000,180.000,170.000,175.000,179.343,179.326,169.794,175.063,179.410,179.338,169.868,175.064,183.779,181.745,187.068,275.324,0.0462,0.0315,0.1423,0.4617,0.00,0.00,0.00,0.00
3123.00,180.000,180.000,170.000,175.000,179.344,179.326,169.794,175.063,179.410,179.338,169.869,175.058,183.779,181.745,187.069,275.189,0.0462,0.0315,0.1423,0.4615,0.00,0.00,0.00,0.00
3124.00,180.000,180.000,170.000,175.000,179.344,179.327,169.795,175.063,179.411,179.338,169.870,175.052,183.780,181.745,187.070,275.068,0.0462,0.0315,0.1423,0.4613,0.00,0.00,0.00,0.00
3125.00,180.000,180.000,170.000,175.000,179.345,179.327,169.795,175.063,179.412,179.339,169.870,175.046,183.780,181.745,187.070,274.961,0.0462,0.0315,0.1423,0.4611,0.00,0.00,0.00,0.00
3126.00,180.000,180.000,170.000,175.000,179.345,179.327,169.796,175.063,179.412,179.339,169.871,175.039,183.781,181.746,187.071,274.864,0.0462,0.0315,0.1423,0.4609,0.00,0.00,0.00,0.00
3127.00,180.000,180.000,170.000,175.000,179.346,179.327,169.796,175.063,179.413,179.339,169.871,175.033,183.782,181.746,187.071,274.778,0.0462,0.0315,0.1424,0.4607,0.00,0.00,0.00,0.00
3128.00,180.000,180.000,170.000,175.000,179.346,179.327,169.797,175.063,179.414,179.339,169.872,175.028,183.782,181.746,187.072,274.701,0.0462,0.0315,0.1424,0.4605,0.00,0.00,0.00,0.00
3129.00,180.000,180.000,170.000,175.000,179.346,179.327,169.797,175.062,179.414,179.340,169.872,175.022,183.783,181.746,187.073,274.632,0.0462,0.0315,0.1424,0.4603,0.00,0.00,0.00,0.00
3130.00,180.000,180.000,170.000,175.000,179.347,179.327,169.798,175.062,179.415,179.340,169.873,175.016,183.783,181.747,187.073,274.570,0.0462,0.0315,0.1424,0.4601,0.00,0.00,0.00,0.00
3131.00,180.000,180.000,170.000,175.000,179.347,179.327,169.798,175.062,179.416,179.340,169.873,175.011,183.784,181.747,187.074,274.486,0.0462,0.0315,0.1424,0.4599,0.00,0.00,0.00,0.00
3132.00,180.000,180.000,170.000,175.000,179.348,179.327,169.799,175.062,179.416,179.340,169.874,175.005,183.785,181.747,187.075,274.385,0.0462,0.0315,0.1424,0.4597,0.00,0.00,0.00,0.00
3133.00,180.000,180.000,170.000,175.000,179.348,179.327,169.799,175.061,179.417,179.340,169.875,175.000,183.785,181.747,187.075,274.295,0.0462,0.0315,0.1424,0.4595,0.00,0.00,0.00,0.00
3134.00,180.000,180.000,170.000,175.000,179.349,179.327,169.800,175.061,179.418,179.341,169.875,174.994,183.786,181.748,187.076,274.214,0.0462,0.0315,0.1424,0.4593,0.00,0.00,0.00,0.00
3135.00,180.000,180.000,170.000,175.000,179.349,179.327,169.800,175.060,179.418,179.341,169.876,174.989,183.786,181.748,187.077,274.141,0.0462,0.0315,0.1424,0.4591,0.00,0.00,0.00,0.00
3136.00,180.000,180.000,170.000,175.000,179.350,179.328,169.801,175.060,179.419,179.341,169.876,174.984,183.787,181.748,187.077,274.077,0.0462,0.0315,0.1424,0.4589,0.00,0.00,0.00,0.00
3137.00,180.000,180.000,170.000,175.000,179.350,179.328,169.801,175.059,179.420,179.341,169.877,174.979,183.722,181.748,187.078,274.019,0.0396,0.0315,0.1424,0.4587,0.00,0.00,0.00,0.00
3138.00,180.000,180.000,170.000,175.000,179.351,179.328,169.802,175.059,179.420,179.342,169.878,174.974,183.601,181.749,187.078,273.966,0.0396,0.0315,0.1424,0.4585,0.00,0.00,0.00,0.00
3139.00,180.000,180.000,170.000,175.000,179.351,179.328,169.802,175.058,179.420,179.342,169.878,174.969,183.492,181.749,187.079,273.920,0.0396,0.0315,0.1424,0.4583,0.00,0.00,0.00,0.00
3140.00,180.000,180.000,170.000,175.000,179.352,179.328,169.803,175.058,179.420,179.342,169.879,174.964,183.393,181.749,187.080,273.878,0.0396,0.0315,0.1424,0.4581,0.00,0.00,0.00,0.00
3141.00,180.000,180.000,170.000,175.000,179.352,179.328,169.803,175.057,179.420,179.342,169.879,174.960,183.304,181.749,187.080,273.812,0.0396,0.0315,0.1424,0.4579,0.00,0.00,0.00,0.00
3142.00,180.000,180.000,170.000,175.000,179.352,179.328,169.804,175.056,179.420,179.343,169.880,174.955,183.223,181.750,187.081,273.727,0.0396,0.0315,0.1424,0.4577,0.00,0.00,0.00,0.00
3143.00,180.000,180.000,170.000,175.000,179.353,179.328,169.804,175.056,179.419,179.343,169.880,174.950,183.149,181.750,187.082,273.651,0.0396,0.0315,0.1424,0.4575,0.00,0.00,0.00,0.00
3144.00,180.000,180.000,170.000,175.000,179.353,179.328,169.805,175.055,179.418,179.343,169.881,174.946,183.083,181.750,187.082,273.583,0.0396,0.0316,0.1424,0.4573,0.00,0.00,0.00,0.00
3145.00,180.000,180.000,170.000,175.000,179.354,179.328,169.806,175.054,179.418,179.343,169.882,174.942,183.023,181.750,187.083,273.522,0.0396,0.0316,0.1424,0.4571,0.00,0.00,0.00,0.00
3146.00,180.000,180.000,170.000,175.000,179.354,179.329,169.806,175.053,179.417,179.344,169.882,174.937,182.968,181.751,187.084,273.467,0.0396,0.0316,0.1424,0.4569,0.00,0.00,0.00,0.00
3147.00,180.000,180.000,170.000,175.000,179.355,179.329,169.807,175.053,179.416,179.344,169.883,174.933,182.919,181.751,187.084,273.418,0.0396,0.0316,0.1424,0.4567,0.00,0.00,0.00,0.00
3148.00,180.000,180.000,170.000,175.000,179.355,179.329,169.807,175.052,179.415,179.344,169.883,174.929,182.874,181.751,187.085,273.374,0.0396,0.0316,0.1424,0.4565,0.00,0.00,0.00,0.00
3149.00,180.000,180.000,170.000,175.000,179.355,179.329,169.808,175.051,179.414,179.344,169.884,174.924,182.833,181.751,187.086,273.335,0.0396,0.0316,0.1424,0.4563,0.00,0.00,0.00,0.00
3150.00,180.000,180.000,170.000,175.000,179.356,179.329,169.808,175.050,179.413,179.345,169.885,174.920,182.796,181.752,187.086,273.299,0.0396,0.0316,0.1424,0.4561,0.00,0.00,0.00,0.00
3151.00,180.000,180.000,170.000,175.000,179.356,179.329,169.809,175.049,179.412,179.345,169.885,174.917,182.763,181.752,187.087,274.408,0.0396,0.0316,0.1424,0.4994,0.00,0.00,0.00,0.00
3152.00,180.000,180.000,170.000,175.000,179.357,179.329,169.809,175.048,179.410,179.345,169.886,174.915,182.732,181.752,187.088,275.394,0.0396,0.0316,0.1424,0.4994,0.00,0.00,0.00,0.00
3153.00,180.000,180.000,170.000,175.000,179.357,179.329,169.810,175.048,179.409,179.345,169.886,174.915,182.705,181.752,187.088,276.270,0.0396,0.0316,0.1424,0.4994,0.00,0.00,0.00,0.00
3154.00,180.000,180.000,170.000,175.000,179.357,179.329,169.810,175.047,179.408,179.346,169.887,174.916,182.679,181.753,187.089,277.049,0.0396,0.0316,0.1424,0.4994,0.00,0.00,0.00,0.00
3155.00,180.000,180.000,170.000,175.000,179.358,179.329,169.811,175.046,179.406,179.346,169.888,174.917,182.657,181.753,187.090,277.741,0.0396,0.0316,0.1424,0.4994,0.00,0.00,0.00,0.00
3156.00,180.000,180.000,170.000,175.000,179.358,179.330,169.811,175.045,179.405,179.346,169.888,174.920,182.636,181.753,187.090,278.357,0.0396,0.0316,0.1424,0.4994,0.00,0.00,0.00,0.00
3157.00,180.000,180.000,170.000,175.000,179.358,179.330,169.812,175.044,179.403,179.346,169.889,174.922,182.617,181.753,187.091,278.905,0.0396,0.0316,0.1425,0.4994,0.00,0.00,0.00,0.00
3158.00,180.000,180.000,170.000,175.000,179.358,179.330,169.812,175.043,179.402,179.347,169.890,174.926,182.599,181.753,187.092,279.392,0.0396,0.0316,0.1425,0.4994,0.00,0.00,0.00,0.00
3159.00,180.000,180.000,170.000,175.000,179.359,179.330,169.813,175.043,179.400,179.347,169.890,174.930,182.584,181.754,187.092,279.825,0.0396,0.0316,0.1425,0.4994,0.00,0.00,0.00,0.00
3160.00,180.000,180.000,170.000,175.000,179.359,179.330,169.813,175.042,179.399,179.347,169.891,174.934,182.569,181.754,187.093,280.210,0.0396,0.0316,0.1425,0.4994,0.00,0.00,0.00,0.00
3161.00,180.000,180.000,170.000,175.000,179.359,179.330,169.814,175.041,179.397,179.348,169.891,174.939,182.556,181.754,187.094,280.554,0.0396,0.0316,0.1425,0.4994,0.00,0.00,0.00,0.00
3162.00,180.000,180.000,170.000,175.000,179.360,179.330,169.814,175.040,179.396,179.348,169.892,174.944,182.544,181.754,187.094,280.859,0.0396,0.0316,0.1425,0.4994,0.00,0.00,0.00,0.00
3163.00,180.000,180.000,170.000,175.000,179.360,179.330,169.815,175.040,179.394,179.348,169.893,174.949,182.533,181.755,187.095,281.131,0.0396,0.0316,0.1425,0.4994,0.00,0.00,0.00,0.00
3164.00,180.000,180.000,170.000,175.000,179.360,179.330,169.815,175.039,179.392,179.348,169.893,174.955,182.523,181.755,187.096,281.373,0.0396,0.0316,0.1425,0.4994,0.00,0.00,0.00,0.00
3165.00,180.000,180.000,170.000,175.000,179.360,179.331,169.816,175.039,179.391,179.349,169.894,174.960,182.513,181.755,187.096,281.589,0.0396,0.0316,0.1425,0.4994,0.00,0.00,0.00,0.00
3166.00,180.000,180.000,170.000,175.000,179.360,179.331,169.816,175.038,179.389,179.349,169.895,174.966,182.505,181.755,187.097,281.781,0.0396,0.0316,0.1425,0.4994,0.00,0.00,0.00,0.00
3167.00,180.000,180.000,170.000,175.000,179.361,179.331,169.817,175.038,179.387,179.349,169.895,174.971,182.497,181.756,187.098,281.953,0.0396,0.0316,0.1425,0.4994,0.00,0.00,0.00,0.00
3168.00,180.000,180.000,170.000,175.000,179.361,179.331,169.817,175.037,179.386,179.349,169.896,174.977,182.490,181.756,187.098,282.106,0.0396,0.0316,0.1425,0.4994,0.00,0.00,0.00,0.00
3169.00,180.000,180.000,170.000,175.000,179.361,179.331,169.818,175.037,179.384,179.350,169.896,174.982,182.483,181.756,187.099,282.242,0.0396,0.0316,0.1425,0.4994,0.00,0.00,0.00,0.00
3170.00,180.000,180.000,170.000,175.000,179.361,179.331,169.818,175.036,179.382,179.350,169.897,174.988,182.477,181.756,187.100,282.364,0.0396,0.0316,0.1425,0.4994,0.00,0.00,0.00,0.00
3171.00,180.000,180.000,170.000,175.000,179.361,179.331,169.819,175.036,179.381,179.350,169.898,174.994,182.471,181.756,187.100,282.473,0.0396,0.0316,0.1425,0.4994,0.00,0.00,0.00,0.00
3172.00,180.000,180.000,170.000,175.000,179.361,179.331,169.819,175.036,179.379,179.351,169.898,174.999,182.465,181.757,187.101,282.571,0.0396,0.0316,0.1425,0.4994,0.00,0.00,0.00,0.00
3173.00,180.000,180.000,170.000,175.000,179.361,179.332,169.820,175.036,179.377,179.351,169.899,175.005,182.460,181.757,187.102,282.658,0.0396,0.0316,0.1425,0.4994,0.00,0.00,0.00,0.00
3174.00,180.000,180.000,170.000,175.000,179.362,179.332,169.820,175.035,179.376,179.351,169.900,175.010,182.456,181.757,187.102,282.736,0.0396,0.0316,0.1425,0.4994,0.00,0.00,0.00,0.00
3175.00,180.000,180.000,170.000,175.000,179.362,179.332,169.821,175.035,179.374,179.351,169.900,175.016,182.451,181.757,187.103,282.806,0.0396,0.0316,0.1425,0.4994,0.00,0.00,0.00,0.00
3176.00,180.000,180.000,170.000,175.000,179.362,179.332,169.822,175.035,179.372,179.352,169.901,175.021,182.447,181.758,187.104,282.868,0.0396,0.0316,0.1425,0.4994,0.00,0.00,0.00,0.00
3177.00,180.000,180.000,170.000,175.000,179.362,179.332,169.822,175.035,179.371,179.352,169.902,175.026,182.443,181.758,187.104,282.925,0.0396,0.0316,0.1425,0.4994,0.00,0.00,0.00,0.00
3178.00,180.000,180.000,170.000,175.000,179.362,179.332,169.823,175.035,179.369,179.352,169.902,175.031,182.440,181.758,187.105,282.975,0.0396,0.0316,0.1425,0.4994,0.00,0.00,0.00,0.00
3179.00,180.000,180.000,170.000,175.000,179.362,179.332,169.823,175.035,179.367,179.353,169.903,175.036,182.436,181.758,187.106,283.021,0.0396,0.0316,0.1425,0.4994,0.00,0.00,0.00,0.00
3180.00,180.000,180.000,170.000,175.000,179.362,179.333,169.824,175.035,179.365,179.353,169.904,175.041,182.433,181.758,187.107,283.062,0.0396,0.0316,0.1425,0.4994,0.00,0.00,0.00,0.00
3181.00,180.000,180.000,170.000,175.000,179.362,179.333,169.824,175.035,179.364,179.353,169.904,175.046,182.430,181.759,187.107,283.098,0.0396,0.0316,0.1425,0.4994,0.00,0.00,0.00,0.00
3182.00,180.000,180.000,170.000,175.000,179.362,179.333,169.825,175.035,179.362,179.354,169.905,175.051,182.427,181.759,187.108,283.132,0.0396,0.0316,0.1425,0.4994,0.00,0.00,0.00,0.00
3183.00,180.000,180.000,170.000,175.000,179.362,179.333,169.825,175.035,179.360,179.354,169.906,175.056,182.424,181.759,187.109,283.162,0.0396,0.0316,0.1425,0.4994,0.00,0.00,0.00,0.00
3184.00,180.000,180.000,170.000,175.000,179.362,179.333,169.826,175.035,179.359,179.354,169.906,175.060,182.421,181.759,187.109,283.189,0.0396,0.0316,0.1425,0.4994,0.00,0.00,0.00,0.00
3185.00,180.000,180.000,170.000,175.000,179.362,179.333,169.826,175.036,179.357,179.354,169.907,175.065,182.419,181.759,187.110,283.214,0.0396,0.0316,0.1425,0.4994,0.00,0.00,0.00,0.00
3186.00,180.000,180.000,170.000,175.000,179.362,179.333,169.827,175.036,179.355,179.355,169.908,175.070,182.416,181.760,187.111,283.237,0.0396,0.0316,0.1426,0.4994,0.00,0.00,0.00,0.00
3187.00,180.000,180.000,170.000,175.000,179.362,179.333,169.827,175.036,179.353,179.355,169.908,175.074,182.414,181.760,187.111,283.257,0.0396,0.0316,0.1426,0.4994,0.00,0.00,0.00,0.00
3188.00,180.000,180.000,170.000,175.000,179.362,179.334,169.828,175.036,179.352,179.355,169.909,175.078,182.412,181.760,187.112,283.276,0.0396,0.0316,0.1426,0.4994,0.00,0.00,0.00,0.00
3189.00,180.000,180.000,170.000,175.000,179.362,179.334,169.828,175.037,179.350,179.356,169.910,175.083,182.409,181.760,187.113,283.293,0.0396,0.0316,0.1426,0.4994,0.00,0.00,0.00,0.00
3190.00,180.000,180.000,170.000,175.000,179.362,179.334,169.829,175.037,179.348,179.356,169.910,175.087,182.407,181.761,187.114,283.309,0.0396,0.0316,0.1426,0.4994,0.00,0.00,0.00,0.00
3191.00,180.000,180.000,170.000,175.000,179.362,179.334,169.830,175.037,179.347,179.356,169.911,175.091,182.405,181.761,187.114,283.323,0.0396,0.0316,0.1426,0.4994,0.00,0.00,0.00,0.00
3192.00,180.000,180.000,170.000,175.000,179.361,179.334,169.830,175.038,179.345,179.357,169.912,175.095,182.403,181.761,187.115,283.336,0.0396,0.0317,0.1426,0.4994,0.00,0.00,0.00,0.00
3193.00,180.000,180.000,170.000,175.000,179.361,179.334,169.831,175.038,179.343,179.357,169.912,175.099,182.401,181.761,187.116,283.349,0.0396,0.0317,0.1426,0.4994,0.00,0.00,0.00,0.00
3194.00,180.000,180.000,170.000,175.000,179.361,179.335,169.831,175.038,179.341,179.357,169.913,175.103,182.399,181.761,187.116,283.360,0.0396,0.0317,0.1426,0.4994,0.00,0.00,0.00,0.00
3195.00,180.000,180.000,170.000,175.000,179.361,179.335,169.832,175.039,179.340,179.358,169.914,175.107,182.397,181.762,187.117,283.371,0.0396,0.0317,0.1426,0.4994,0.00,0.00,0.00,0.00
3196.00,180.000,180.000,170.000,175.000,179.361,179.335,169.832,175.039,179.338,179.358,169.914,175.111,182.396,181.762,187.118,283.380,0.0396,0.0317,0.1426,0.4994,0.00,0.00,0.00,0.00
3197.00,180.000,180.000,170.000,175.000,179.361,179.335,169.833,175.040,179.336,179.358,169.915,175.114,182.394,181.762,187.119,283.390,0.0396,0.0317,0.1426,0.4994,0.00,0.00,0.00,0.00
3198.00,180.000,180.000,170.000,175.000,179.361,179.335,169.833,175.040,179.335,179.358,169.916,175.118,182.392,181.762,187.119,283.398,0.0396,0.0317,0.1426,0.4994,0.00,0.00,0.00,0.00
3199.00,180.000,180.000,170.000,175.000,179.360,179.335,169.834,175.041,179.333,179.359,169.916,175.122,182.390,181.762,187.120,283.406,0.0396,0.0317,0.1426,0.4994,0.00,0.00,0.00,0.00
3200.00,180.000,180.000,170.000,175.000,179.360,179.335,169.834,175.041,179.331,179.359,169.917,175.125,182.389,181.763,187.121,283.414,0.0396,0.0317,0.1426,0.4994,0.00,0.00,0.00,0.00
3201.00,180.000,180.000,170.000,175.000,179.360,179.336,169.835,175.042,179.329,179.359,169.918,175.129,182.387,181.763,187.122,283.421,0.0396,0.0317,0.1426,0.4994,0.00,0.00,0.00,0.00
3202.00,180.000,180.000,170.000,175.000,179.360,179.336,169.836,175.042,179.328,179.360,169.918,175.132,182.385,181.763,187.122,283.428,0.0396,0.0317,0.1426,0.4994,0.00,0.00,0.00,0.00
3203.00,180.000,180.000,170.000,175.000,179.360,179.336,169.836,175.043,179.326,179.360,169.919,175.136,182.384,181.763,187.123,283.434,0.0396,0.0317,0.1426,0.4994,0.00,0.00,0.00,0.00
3204.00,180.000,180.000,170.000,175.000,179.359,179.336,169.837,175.044,179.324,179.360,169.920,175.139,182.382,181.763,187.124,283.440,0.0396,0.0317,0.1426,0.4994,0.00,0.00,0.00,0.00
3205.00,180.000,180.000,170.000,175.000,179.359,179.336,169.837,175.044,179.323,179.361,169.920,175.142,182.380,181.764,187.124,283.446,0.0396,0.0317,0.1426,0.4994,0.00,0.00,0.00,0.00
3206.00,180.000,180.000,170.000,175.000,179.359,179.336,169.838,175.045,179.321,179.361,169.921,175.146,182.379,181.764,187.125,283.452,0.0396,0.0317,0.1426,0.4994,0.00,0.00,0.00,0.00
3207.00,180.000,180.000,170.000,175.000,179.359,179.337,169.838,175.046,179.319,179.361,169.922,175.149,182.377,181.764,187.126,283.457,0.0396,0.0317,0.1426,0.4994,0.00,0.00,0.00,0.00
3208.00,180.000,180.000,170.000,175.000,179.358,179.337,169.839,175.046,179.318,179.362,169.923,175.152,182.376,181.764,187.127,283.462,0.0396,0.0317,0.1426,0.4994,0.00,0.00,0.00,0.00
3209.00,180.000,180.000,170.000,175.000,179.358,179.337,169.839,175.047,179.316,179.362,169.923,175.155,182.374,181.764,187.127,283.467,0.0396,0.0317,0.1426,0.4994,0.00,0.00,0.00,0.00
3210.00,180.000,180.000,170.000,175.000,179.358,179.337,169.840,175.048,179.314,179.362,169.924,175.158,182.373,181.765,187.128,283.472,0.0396,0.0317,0.1426,0.4994,0.00,0.00,0.00,0.00
3211.00,180.000,180.000,170.000,175.000,179.358,179.337,169.841,175.049,179.313,179.363,169.925,175.162,182.371,181.765,187.129,283.477,0.0396,0.0317,0.1426,0.4994,0.00,0.00,0.00,0.00
3212.00,180.000,180.000,170.000,175.000,179.357,179.337,169.841,175.049,179.311,179.363,169.925,175.165,182.370,181.765,187.130,283.481,0.0396,0.0317,0.1426,0.4994,0.00,0.00,0.00,0.00
3213.00,180.000,180.000,170.000,175.000,179.357,179.338,169.842,175.050,179.309,179.363,169.926,175.168,182.368,181.765,187.130,283.486,0.0396,0.0317,0.1426,0.4560,0.00,0.00,0.00,0.00
3214.00,180.000,180.000,170.000,175.000,179.357,179.338,169.842,175.051,179.308,179.364,169.927,175.170,182.367,181.765,187.131,282.322,0.0396,0.0317,0.1426,0.4558,0.00,0.00,0.00,0.00
3215.00,180.000,180.000,170.000,175.000,179.356,179.338,169.843,175.052,179.306,179.364,169.927,175.171,182.366,181.766,187.132,281.261,0.0396,0.0317,0.1427,0.4556,0.00,0.00,0.00,0.00
3216.00,180.000,180.000,170.000,175.000,179.356,179.338,169.843,175.052,179.304,179.364,169.928,175.170,182.364,181.766,187.133,280.319,0.0396,0.0317,0.1427,0.4554,0.00,0.00,0.00,0.00
3217.00,180.000,180.000,170.000,175.000,179.356,179.338,169.844,175.053,179.303,179.365,169.929,175.169,182.363,181.766,187.133,279.482,0.0396,0.0317,0.1427,0.4552,0.00,0.00,0.00,0.00
3218.00,180.000,180.000,170.000,175.000,179.355,179.338,169.845,175.054,179.301,179.365,169.930,175.166,182.361,181.766,187.134,278.737,0.0396,0.0317,0.1427,0.4550,0.00,0.00,0.00,0.00
3219.00,180.000,180.000,170.000,175.000,179.355,179.339,169.845,175.055,179.299,179.365,169.930,175.163,182.360,181.766,187.135,278.075,0.0396,0.0317,0.1427,0.4548,0.00,0.00,0.00,0.00
3220.00,180.000,180.000,170.000,175.000,179.355,179.339,169.846,175.055,179.298,179.366,169.931,175.159,182.359,181.767,187.136,277.487,0.0396,0.0317,0.1427,0.4546,0.00,0.00,0.00,0.00
3221.00,180.000,180.000,170.000,175.000,179.354,179.339,169.846,175.056,179.296,179.366,169.932,175.154,182.357,181.767,187.136,276.963,0.0396,0.0317,0.1427,0.4544,0.00,0.00,0.00,0.00
3222.00,180.000,180.000,170.000,175.000,179.354,179.339,169.847,175.057,179.295,179.366,169.933,175.149,182.356,181.767,187.137,276.497,0.0396,0.0317,0.1427,0.4542,0.00,0.00,0.00,0.00
3223.00,180.000,180.000,170.000,175.000,179.353,179.339,169.847,175.057,179.293,179.367,169.933,175.144,182.355,181.767,187.138,276.083,0.0396,0.0317,0.1427,0.4540,0.00,0.00,0.00,0.00
3224.00,180.000,180.000,170.000,175.000,179.353,179.340,169.848,175.058,179.291,179.367,169.934,175.139,182.353,181.767,187.139,275.686,0.0396,0.0317,0.1427,0.4538,0.00,0.00,0.00,0.00
3225.00,180.000,180.000,170.000,175.000,179.353,179.340,169.848,175.058,179.290,179.367,169.935,175.133,182.352,181.768,187.139,275.306,0.0396,0.0317,0.1427,0.4536,0.00,0.00,0.00,0.00
3226.00,180.000,180.000,170.000,175.000,179.352,179.340,169.849,175.059,179.288,179.368,169.935,175.127,182.351,181.768,187.140,274.969,0.0396,0.0317,0.1427,0.4534,0.00,0.00,0.00,0.00
3227.00,180.000,180.000,170.000,175.000,179.352,179.340,169.850,175.059,179.286,179.368,169.936,175.121,182.349,181.768,187.141,274.668,0.0396,0.0317,0.1427,0.4532,0.00,0.00,0.00,0.00
3228.00,180.000,180.000,170.000,175.000,179.351,179.340,169.850,175.060,179.285,179.368,169.937,175.115,182.348,181.768,187.125,274.400,0.0396,0.0317,0.1407,0.4530,0.00,0.00,0.00,0.00
3229.00,180.000,180.000,170.000,175.000,179.351,179.340,169.851,175.060,179.283,179.369,169.938,175.108,182.347,181.768,187.095,274.161,0.0396,0.0317,0.1407,0.4528,0.00,0.00,0.00,0.00
3230.00,180.000,180.000,170.000,175.000,179.350,179.341,169.851,175.060,179.282,179.369,169.938,175.102,182.345,181.769,187.069,273.948,0.0396,0.0317,0.1407,0.4526,0.00,0.00,0.00,0.00
3231.00,180.000,180.000,170.000,175.000,179.350,179.341,169.852,175.061,179.280,179.369,169.939,175.095,182.344,181.769,187.044,273.758,0.0462,0.0317,0.1407,0.4524,0.00,0.00,0.00,0.00
3232.00,180.000,180.000,170.000,175.000,179.349,179.341,169.853,175.061,179.279,179.370,169.939,175.089,182.470,181.769,187.022,273.589,0.0462,0.0317,0.1407,0.4522,0.00,0.00,0.00,0.00
3233.00,180.000,180.000,170.000,175.000,179.349,179.341,169.853,175.061,179.277,179.370,169.940,175.083,182.585,181.769,187.003,273.437,0.0462,0.0317,0.1407,0.4520,0.00,0.00,0.00,0.00
3234.00,180.000,180.000,170.000,175.000,179.349,179.341,169.854,175.061,179.276,179.370,169.940,175.077,182.688,181.769,186.985,273.275,0.0462,0.0317,0.1407,0.4518,0.00,0.00,0.00,0.00
3235.00,180.000,180.000,170.000,175.000,179.348,179.342,169.854,175.061,179.276,179.371,169.941,175.070,182.781,181.770,186.969,273.103,0.0462,0.0317,0.1407,0.4516,0.00,0.00,0.00,0.00
3236.00,180.000,180.000,170.000,175.000,179.348,179.342,169.855,175.061,179.275,179.371,169.941,175.064,182.866,181.770,186.954,272.950,0.0462,0.0317,0.1407,0.4514,0.00,0.00,0.00,0.00
3237.00,180.000,180.000,170.000,175.000,179.347,179.342,169.855,175.061,179.274,179.371,169.941,175.058,182.942,181.770,186.941,272.813,0.0462,0.0317,0.1407,0.4512,0.00,0.00,0.00,0.00
3238.00,180.000,180.000,170.000,175.000,179.347,179.342,169.856,175.061,179.274,179.372,169.942,175.052,183.012,181.770,186.929,272.691,0.0462,0.0317,0.1407,0.4510,0.00,0.00,0.00,0.00
3239.00,180.000,180.000,170.000,175.000,179.346,179.342,169.857,175.061,179.274,179.372,169.942,175.046,183.074,181.770,186.919,272.582,0.0462,0.0318,0.1407,0.4508,0.00,0.00,0.00,0.00
3240.00,180.000,180.000,170.000,175.000,179.346,179.343,169.857,175.061,179.274,179.372,169.942,175.040,183.131,181.771,186.909,272.484,0.0462,0.0318,0.1407,0.4506,0.00,0.00,0.00,0.00
3241.00,180.000,180.000,170.000,175.000,179.345,179.343,169.858,175.061,179.274,179.373,169.943,175.034,183.182,181.771,186.901,272.397,0.0462,0.0318,0.1407,0.4504,0.00,0.00,0.00,0.00
3242.00,180.000,180.000,170.000,175.000,179.345,179.343,169.858,175.061,179.274,179.373,169.943,175.028,183.229,181.771,186.893,272.319,0.0462,0.0318,0.1407,0.4502,0.00,0.00,0.00,0.00
3243.00,180.000,180.000,170.000,175.000,179.344,179.343,169.859,175.061,179.274,179.373,169.943,175.023,183.271,181.771,186.886,272.249,0.0462,0.0318,0.1407,0.4500,0.00,0.00,0.00,0.00
3244.00,180.000,180.000,170.000,175.000,179.344,179.343,169.859,175.060,179.274,179.374,169.943,175.017,183.309,181.771,186.879,272.159,0.0462,0.0318,0.1407,0.4498,0.00,0.00,0.00,0.00
3245.00,180.000,180.000,170.000,175.000,179.343,179.344,169.860,175.060,179.274,179.374,169.944,175.012,183.343,181.772,186.874,272.051,0.0462,0.0318,0.1407,0.4496,0.00,0.00,0.00,0.00
3246.00,180.000,180.000,170.000,175.000,179.343,179.344,169.860,175.060,179.275,179.374,169.944,175.006,183.375,181.772,186.869,271.955,0.0462,0.0318,0.1407,0.4494,0.00,0.00,0.00,0.00
3247.00,180.000,180.000,170.000,175.000,179.342,179.344,169.861,175.059,179.275,179.375,169.944,175.001,183.403,181.772,186.864,271.870,0.0462,0.0318,0.1407,0.4492,0.00,0.00,0.00,0.00
3248.00,180.000,180.000,170.000,175.000,179.342,179.344,169.862,175.059,179.276,179.375,169.944,174.996,183.429,181.772,186.860,271.793,0.0462,0.0318,0.1407,0.4490,0.00,0.00,0.00,0.00
3249.00,180.000,180.000,170.000,175.000,179.341,179.344,169.862,175.059,179.276,179.375,169.945,174.990,183.452,181.772,186.856,271.724,0.0462,0.0318,0.1407,0.4488,0.00,0.00,0.00,0.00
3250.00,180.000,180.000,170.000,175.000,179.341,179.345,169.863,175.058,179.277,179.376,169.945,174.985,183.473,181.773,186.853,271.663,0.0462,0.0318,0.1407,0.4486,0.00,0.00,0.00,0.00
3251.00,180.000,180.000,170.000,175.000,179.341,179.345,169.863,175.058,179.277,179.376,169.945,174.980,183.493,181.773,186.850,271.607,0.0462,0.0318,0.1407,0.4484,0.00,0.00,0.00,0.00
3252.00,180.000,180.000,170.000,175.000,179.340,179.345,169.864,175.057,179.278,179.376,169.945,174.975,183.510,181.773,186.847,271.558,0.0462,0.0318,0.1407,0.4482,0.00,0.00,0.00,0.00
3253.00,180.000,180.000,170.000,175.000,179.340,179.345,169.864,175.057,179.279,179.377,169.945,174.971,183.526,181.773,186.845,271.513,0.0462,0.0318,0.1407,0.4480,0.00,0.00,0.00,0.00
3254.00,180.000,180.000,170.000,175.000,179.339,179.345,169.865,175.056,179.279,179.377,169.946,174.966,183.540,181.774,186.843,271.445,0.0462,0.0318,0.1407,0.4478,0.00,0.00,0.00,0.00
3255.00,180.000,180.000,170.000,175.000,179.339,179.346,169.865,175.055,179.280,179.377,169.946,174.961,183.554,181.774,186.841,271.358,0.0462,0.0318,0.1407,0.4476,0.00,0.00,0.00,0.00
3256.00,180.000,180.000,170.000,175.000,179.339,179.346,169.866,175.055,179.281,179.378,169.946,174.957,183.566,181.774,186.839,271.281,0.0462,0.0318,0.1407,0.4474,0.00,0.00,0.00,0.00
3257.00,180.000,180.000,170.000,175.000,179.338,179.346,169.866,175.054,179.282,179.378,169.946,174.952,183.577,181.774,186.838,271.211,0.0462,0.0318,0.1407,0.4472,0.00,0.00,0.00,0.00
3258.00,180.000,180.000,170.000,175.000,179.338,179.346,169.867,175.053,179.282,179.378,169.946,174.948,183.587,181.775,186.836,271.149,0.0462,0.0318,0.1407,0.4470,0.00,0.00,0.00,0.00
3259.00,180.000,180.000,170.000,175.000,179.337,179.346,169.868,175.053,179.283,179.379,169.946,174.943,183.596,181.775,186.835,271.093,0.0462,0.0318,0.1407,0.4468,0.00,0.00,0.00,0.00
3260.00,180.000,180.000,170.000,175.000,179.337,179.347,169.868,175.052,179.284,179.379,169.947,174.939,183.604,181.775,186.834,271.043,0.0462,0.0318,0.1407,0.4466,0.00,0.00,0.00,0.00
3261.00,180.000,180.000,170.000,175.000,179.337,179.347,169.869,175.051,179.285,179.380,169.947,174.935,183.612,181.775,186.833,270.998,0.0462,0.0318,0.1407,0.4464,0.00,0.00,0.00,0.00
3262.00,180.000,180.000,170.000,175.000,179.336,179.347,169.869,175.050,179.286,179.380,169.947,174.930,183.619,181.776,186.832,270.958,0.0462,0.0318,0.1408,0.4462,0.00,0.00,0.00,0.00
3263.00,180.000,180.000,170.000,175.000,179.336,179.347,169.870,175.050,179.287,179.380,169.947,174.927,183.625,181.776,186.832,271.508,0.0462,0.0318,0.1408,0.4895,0.00,0.00,0.00,0.00
3264.00,180.000,180.000,170.000,175.000,179.336,179.348,169.870,175.049,179.288,179.381,169.947,174.924,183.631,181.776,186.831,272.551,0.0462,0.0318,0.1408,0.4895,0.00,0.00,0.00,0.00
3265.00,180.000,180.000,170.000,175.000,179.335,179.348,169.871,175.048,179.289,179.381,169.948,174.923,183.637,181.776,186.830,273.477,0.0462,0.0318,0.1408,0.4895,0.00,0.00,0.00,0.00
3266.00,180.000,180.000,170.000,175.000,179.335,179.348,169.871,175.047,179.289,179.381,169.948,174.923,183.642,181.777,186.830,274.302,0.0462,0.0318,0.1408,0.4895,0.00,0.00,0.00,0.00
3267.00,180.000,180.000,170.000,175.000,179.335,179.348,169.872,175.046,179.290,179.382,169.948,174.924,183.646,181.777,186.830,275.034,0.0462,0.0318,0.1408,0.4895,0.00,0.00,0.00,0.00
3268.00,180.000,180.000,170.000,175.000,179.335,179.348,169.872,175.045,179.291,179.382,169.948,174.926,183.650,181.777,186.829,275.686,0.0462,0.0318,0.1408,0.4895,0.00,0.00,0.00,0.00
3269.00,180.000,180.000,170.000,175.000,179.334,179.349,169.873,175.045,179.292,179.382,169.948,174.928,183.654,181.777,186.829,276.265,0.0462,0.0318,0.1408,0.4895,0.00,0.00,0.00,0.00
3270.00,180.000,180.000,170.000,175.000,179.334,179.349,169.873,175.044,179.293,179.383,169.949,174.932,183.658,181.778,186.829,276.781,0.0462,0.0318,0.1408,0.4895,0.00,0.00,0.00,0.00
