t_s,setpoint_front,setpoint_middle,setpoint_back,setpoint_nozzle,sensor_front,sensor_middle,sensor_back,sensor_nozzle,steel_front,steel_middle,steel_back,steel_nozzle,band_front,band_middle,band_back,band_nozzle,duty_front,duty_middle,duty_back,duty_nozzle,power_w_front,power_w_middle,power_w_back,power_w_nozzle
0.01,180.000,180.000,170.000,175.000,22.000,22.000,22.000,22.000,22.000,22.000,22.000,22.000,22.171,22.171,22.171,22.288,1.0000,1.0000,1.0000,0.9500,700.00,700.00,700.00,200.00
1.00,180.000,180.000,170.000,175.000,22.000,22.000,22.000,22.000,22.015,22.015,22.015,22.018,38.321,38.321,38.321,47.974,1.0000,1.0000,1.0000,0.9500,700.00,700.00,700.00,0.00
2.00,180.000,180.000,170.000,175.000,22.000,22.000,22.000,22.000,22.059,22.059,22.059,22.067,53.094,53.094,53.094,71.349,1.0000,1.0000,1.0000,0.9500,700.00,700.00,700.00,0.00
3.00,180.000,180.000,170.000,175.000,22.001,22.001,22.001,22.001,22.128,22.128,22.128,22.144,66.468,66.468,66.468,92.355,1.0000,1.0000,1.0000,0.9500,700.00,700.00,700.00,0.00
4.00,180.000,180.000,170.000,175.000,22.002,22.002,22.002,22.002,22.221,22.221,22.221,22.245,78.579,78.579,78.578,111.215,1.0000,1.0000,1.0000,0.9500,700.00,700.00,700.00,0.00
5.00,180.000,180.000,170.000,175.000,22.003,22.003,22.003,22.004,22.335,22.335,22.335,22.365,89.548,89.548,89.547,128.137,1.0000,1.0000,1.0000,0.9500,700.00,700.00,700.00,0.00
6.00,180.000,180.000,170.000,175.000,22.006,22.006,22.006,22.006,22.467,22.467,22.467,22.502,99.485,99.486,99.484,143.309,1.0000,1.0000,1.0000,0.9500,700.00,700.00,700.00,0.00
7.00,180.000,180.000,170.000,175.000,22.009,22.009,22.009,22.010,22.617,22.617,22.617,22.654,108.491,108.493,108.490,156.907,1.0000,1.0000,1.0000,0.9500,700.00,700.00,700.00,0.00
8.00,180.000,180.000,170.000,175.000,22.013,22.013,22.013,22.014,22.782,22.782,22.782,22.817,116.655,116.658,116.654,169.087,1.0000,1.0000,1.0000,0.9500,700.00,700.00,700.00,0.00
9.00,180.000,180.000,170.000,175.000,22.019,22.019,22.019,22.020,22.962,22.962,22.962,22.990,124.059,124.062,124.057,179.996,1.0000,1.0000,1.0000,0.9500,700.00,700.00,700.00,0.00
10.00,180.000,180.000,170.000,175.000,22.025,22.025,22.025,22.027,23.153,23.153,23.153,23.170,130.776,130.780,130.773,189.761,1.0000,1.0000,1.0000,0.9500,700.00,700.00,700.00,0.00
11.00,180.000,180.000,170.000,175.000,22.033,22.033,22.033,22.035,23.357,23.357,23.357,23.357,136.872,136.878,136.868,198.503,1.0000,1.0000,1.0000,0.9500,700.00,700.00,700.00,0.00
12.00,180.000,180.000,170.000,175.000,22.042,22.042,22.042,22.044,23.570,23.570,23.570,23.549,142.407,142.415,142.403,206.326,1.0000,1.0000,1.0000,0.9500,700.00,700.00,700.00,0.00
13.00,180.000,180.000,170.000,175.000,22.053,22.053,22.053,22.054,23.793,23.793,23.793,23.745,147.436,147.446,147.431,213.327,1.0000,1.0000,1.0000,0.9500,700.00,700.00,700.00,0.00
14.00,180.000,180.000,170.000,175.000,22.065,22.065,22.065,22.066,24.024,24.024,24.024,23.942,152.007,152.020,152.002,219.593,1.0000,1.0000,1.0000,0.9500,700.00,700.00,700.00,0.00
15.00,180.000,180.000,170.000,175.000,22.078,22.078,22.078,22.078,24.263,24.263,24.263,24.142,156.164,156.181,156.159,225.200,1.0000,1.0000,1.0000,0.9500,700.00,700.00,700.00,0.00
16.00,180.000,180.000,170.000,175.000,22.093,22.093,22.093,22.092,24.508,24.509,24.508,24.342,159.949,159.968,159.942,230.219,1.0000,1.0000,1.0000,0.9500,700.00,700.00,700.00,0.00
17.00,180.000,180.000,170.000,175.000,22.109,22.109,22.109,22.108,24.760,24.760,24.760,24.543,163.395,163.419,163.388,234.713,1.0000,1.0000,1.0000,0.9500,700.00,700.00,700.00,0.00
18.00,180.000,180.000,170.000,175.000,22.128,22.128,22.128,22.124,25.017,25.018,25.017,24.743,166.537,166.565,166.530,238.738,1.0000,1.0000,1.0000,0.9500,700.00,700.00,700.00,0.00
19.00,180.000,180.000,170.000,175.000,22.147,22.147,22.147,22.142,25.280,25.280,25.279,24.943,169.403,169.436,169.396,242.343,1.0000,1.0000,1.0000,0.9500,700.00,700.00,700.00,0.00
20.00,180.000,180.000,170.000,175.000,22.168,22.168,22.168,22.161,25.546,25.547,25.546,25.141,172.021,172.058,172.013,245.574,1.0000,1.0000,1.0000,0.9500,700.00,700.00,700.00,0.00
21.00,180.000,180.000,170.000,175.000,22.191,22.191,22.191,22.181,25.817,25.818,25.817,25.337,174.413,174.456,174.405,248.470,1.0000,1.0000,1.0000,0.9500,700.00,700.00,700.00,0.00
22.00,180.000,180.000,170.000,175.000,22.216,22.216,22.216,22.202,26.092,26.092,26.091,25.532,176.602,176.651,176.594,251.069,1.0000,1.0000,1.0000,0.9500,700.00,700.00,700.00,0.00
23.00,180.000,180.000,170.000,175.000,22.242,22.242,22.242,22.225,26.369,26.370,26.369,25.725,178.608,178.663,178.599,253.402,1.0000,1.0000,1.0000,0.9500,700.00,700.00,700.00,0.00
24.00,180.000,180.000,170.000,175.000,22.270,22.270,22.270,22.248,26.650,26.651,26.650,25.915,180.448,180.510,180.439,255.498,1.0000,1.0000,1.0000,0.9500,700.00,700.00,700.00,0.00
25.00,180.000,180.000,170.000,175.000,22.299,22.300,22.299,22.273,26.934,26.935,26.933,26.103,182.138,182.207,182.129,257.382,1.0000,1.0000,1.0000,0.9500,700.00,700.00,700.00,0.00
26.00,180.000,180.000,170.000,175.000,22.331,22.331,22.331,22.299,27.220,27.221,27.219,26.289,183.692,183.769,183.684,259.077,1.0000,1.0000,1.0000,0.9500,700.00,700.00,700.00,0.00
27.00,180.000,180.000,170.000,175.000,22.364,22.364,22.364,22.326,27.508,27.509,27.507,26.472,185.124,185.210,185.116,260.604,1.0000,1.0000,1.0000,0.9500,700.00,700.00,700.00,0.00
28.00,180.000,180.000,170.000,175.000,22.398,22.398,22.398,22.353,27.798,27.799,27.797,26.652,186.445,186.540,186.438,261.981,1.0000,1.0000,1.0000,0.9500,700.00,700.00,700.00,0.00
29.00,180.000,180.000,170.000,175.000,22.435,22.435,22.435,22.382,28.089,28.091,28.089,26.830,187.667,187.770,187.660,263.224,1.0000,1.0000,1.0000,0.9500,700.00,700.00,700.00,0.00
30.00,180.000,180.000,170.000,175.000,22.473,22.473,22.473,22.412,28.383,28.385,28.382,27.005,188.798,188.911,188.791,264.347,1.0000,1.0000,1.0000,0.9500,700.00,700.00,700.00,0.00
31.00,180.000,180.000,170.000,175.000,22.512,22.513,22.512,22.443,28.678,28.680,28.677,27.177,189.847,189.970,189.841,265.364,1.0000,1.0000,1.0000,0.9500,700.00,700.00,700.00,0.00
32.00,180.000,180.000,170.000,175.000,22.554,22.554,22.554,22.475,28.974,28.976,28.973,27.347,190.823,190.956,190.818,266.285,1.0000,1.0000,1.0000,0.9500,700.00,700.00,700.00,0.00
33.00,180.000,180.000,170.000,175.000,22.597,22.597,22.597,22.507,29.271,29.273,29.270,27.515,191.732,191.876,191.728,267.122,1.0000,1.0000,1.0000,0.9500,700.00,700.00,700.00,0.00
34.00,180.000,180.000,170.000,175.000,22.642,22.642,22.642,22.541,29.569,29.572,29.569,27.679,192.580,192.736,192.578,267.882,1.0000,1.0000,1.0000,0.9500,700.00,700.00,700.00,0.00
35.00,180.000,180.000,170.000,175.000,22.688,22.689,22.688,22.575,29.868,29.871,29.868,27.841,193.374,193.542,193.373,268.575,1.0000,1.0000,1.0000,0.9500,700.00,700.00,700.00,0.00
36.00,180.000,180.000,170.000,175.000,22.737,22.737,22.737,22.610,30.168,30.172,30.168,28.001,194.119,194.299,194.119,269.207,1.0000,1.0000,1.0000,0.9500,700.00,700.00,700.00,0.00
37.00,180.000,180.000,170.000,175.000,22.787,22.787,22.786,22.647,30.469,30.473,30.468,28.158,194.819,195.012,194.821,269.785,1.0000,1.0000,1.0000,0.9500,700.00,700.00,700.00,0.00
38.00,180.000,180.000,170.000,175.000,22.838,22.838,22.838,22.683,30.770,30.775,30.769,28.313,195.479,195.685,195.482,270.314,1.0000,1.0000,1.0000,0.9500,700.00,700.00,700.00,0.00
39.00,180.000,180.000,170.000,175.000,22.891,22.891,22.891,22.721,31.072,31.077,31.071,28.466,196.103,196.322,196.107,270.801,1.0000,1.0000,1.0000,0.9500,700.00,700.00,700.00,0.00
40.00,180.000,180.000,170.000,175.000,22.946,22.946,22.946,22.760,31.375,31.380,31.374,28.616,196.693,196.926,196.700,271.248,1.0000,1.0000,1.0000,0.9500,700.00,700.00,700.00,0.00
41.00,180.000,180.000,170.000,175.000,23.003,23.003,23.003,22.799,31.677,31.683,31.676,28.765,197.254,197.501,197.263,271.661,1.0000,1.0000,1.0000,0.9500,700.00,700.00,700.00,0.00
42.00,180.000,180.000,170.000,175.000,23.061,23.061,23.061,22.839,31.981,31.987,31.980,28.911,197.788,198.050,197.798,272.043,1.0000,1.0000,1.0000,0.9500,700.00,700.00,700.00,0.00
43.00,180.000,180.000,170.000,175.000,23.120,23.121,23.120,22.879,32.284,32.291,32.283,29.055,198.297,198.574,198.310,272.397,1.0000,1.0000,1.0000,0.9500,700.00,700.00,700.00,0.00
44.00,180.000,180.000,170.000,175.000,23.182,23.182,23.182,22.920,32.588,32.596,32.587,29.198,198.785,199.077,198.800,272.727,1.0000,1.0000,1.0000,0.9500,700.00,700.00,700.00,0.00
45.00,180.000,180.000,170.000,175.000,23.245,23.245,23.245,22.962,32.892,32.901,32.891,29.338,199.252,199.560,199.270,273.033,1.0000,1.0000,1.0000,0.9500,700.00,700.00,700.00,0.00
46.00,180.000,180.000,170.000,175.000,23.309,23.310,23.309,23.005,33.197,33.206,33.195,29.477,199.701,200.026,199.721,273.320,1.0000,1.0000,1.0000,0.9500,700.00,700.00,700.00,0.00
47.00,180.000,180.000,170.000,175.000,23.376,23.376,23.376,23.048,33.501,33.511,33.500,29.614,200.134,200.475,200.157,273.589,1.0000,1.0000,1.0000,0.9500,700.00,700.00,700.00,0.00
48.00,180.000,180.000,170.000,175.000,23.443,23.444,23.443,23.092,33.806,33.817,33.805,29.749,200.553,200.911,200.578,273.841,1.0000,1.0000,1.0000,0.9500,700.00,700.00,700.00,0.00
49.00,180.000,180.000,170.000,175.000,23.513,23.514,23.513,23.136,34.111,34.123,34.109,29.882,200.957,201.333,200.986,274.079,1.0000,1.0000,1.0000,0.9500,700.00,700.00,700.00,0.00
50.00,180.000,180.000,170.000,175.000,23.584,23.585,23.584,23.182,34.416,34.429,34.414,30.015,201.350,201.743,201.381,274.304,1.0000,1.0000,1.0000,0.9500,700.00,700.00,700.00,0.00
51.00,180.000,180.000,170.000,175.000,23.656,23.657,23.656,23.227,34.721,34.735,34.719,30.145,201.732,202.142,201.766,274.516,1.0000,1.0000,1.0000,0.9500,700.00,700.00,700.00,0.00
52.00,180.000,180.000,170.000,175.000,23.730,23.731,23.730,23.273,35.026,35.041,35.024,30.274,202.103,202.532,202.141,274.718,1.0000,1.0000,1.0000,0.9500,700.00,700.00,700.00,0.00
53.00,180.000,180.000,170.000,175.000,23.806,23.807,23.806,23.320,35.332,35.347,35.329,30.402,202.466,202.914,202.506,274.911,1.0000,1.0000,1.0000,0.9500,700.00,700.00,700.00,0.00
54.00,180.000,180.000,170.000,175.000,23.883,23.884,23.883,23.367,35.637,35.654,35.635,30.529,202.821,203.287,202.864,275.094,1.0000,1.0000,1.0000,0.9500,700.00,700.00,700.00,0.00
55.00,180.000,180.000,170.000,175.000,23.961,23.963,23.961,23.415,35.942,35.960,35.940,30.654,203.168,203.653,203.215,275.270,1.0000,1.0000,1.0000,0.9500,700.00,700.00,700.00,0.00
56.00,180.000,180.000,170.000,175.000,24.042,24.043,24.041,23.463,36.247,36.267,36.245,30.778,203.508,204.013,203.558,275.439,1.0000,1.0000,1.0000,0.9500,700.00,700.00,700.00,0.00
57.00,180.000,180.000,170.000,175.000,24.123,24.125,24.123,23.512,36.553,36.573,36.550,30.901,203.842,204.367,203.896,275.601,1.0000,1.0000,1.0000,0.9500,700.00,700.00,700.00,0.00
58.00,180.000,180.000,170.000,175.000,24.206,24.208,24.206,23.561,36.858,36.880,36.855,31.022,204.171,204.716,204.228,275.757,1.0000,1.0000,1.0000,0.9500,700.00,700.00,700.00,0.00
59.00,180.000,180.000,170.000,175.000,24.291,24.293,24.291,23.611,37.163,37.187,37.160,31.143,204.494,205.060,204.556,275.908,1.0000,1.0000,1.0000,0.9500,700.00,700.00,700.00,0.00
60.00,180.000,180.000,170.000,175.000,24.377,24.379,24.377,23.662,37.468,37.493,37.465,31.263,204.813,205.400,204.878,276.053,1.0000,1.0000,1.0000,0.9500,700.00,700.00,700.00,0.00
61.00,180.000,180.000,170.000,175.000,24.464,24.466,24.464,23.712,37.773,37.800,37.770,31.381,205.128,205.736,205.197,276.195,1.0000,1.0000,1.0000,0.9500,700.00,700.00,700.00,0.00
62.00,180.000,180.000,170.000,175.000,24.553,24.556,24.553,23.763,38.078,38.107,38.075,31.499,205.439,206.068,205.512,276.332,1.0000,1.0000,1.0000,0.9500,700.00,700.00,700.00,0.00
63.00,180.000,180.000,170.000,175.000,24.644,24.646,24.643,23.815,38.383,38.414,38.380,31.616,205.747,206.398,205.824,276.465,1.0000,1.0000,1.0000,0.9500,700.00,700.00,700.00,0.00
64.00,180.000,180.000,170.000,175.000,24.735,24.738,24.735,23.867,38.688,38.720,38.684,31.732,206.051,206.724,206.132,276.596,1.0000,1.0000,1.0000,0.9500,700.00,700.00,700.00,0.00
65.00,180.000,180.000,170.000,175.000,24.829,24.831,24.828,23.919,38.993,39.027,38.989,31.847,206.353,207.048,206.438,276.722,1.0000,1.0000,1.0000,0.9500,700.00,700.00,700.00,0.00
66.00,180.000,180.000,170.000,175.000,24.923,24.926,24.923,23.972,39.298,39.334,39.294,31.962,206.652,207.369,206.741,276.846,1.0000,1.0000,1.0000,0.9500,700.00,700.00,700.00,0.00
67.00,180.000,180.000,170.000,175.000,25.019,25.023,25.019,24.026,39.602,39.640,39.598,32.075,206.948,207.688,207.042,276.968,1.0000,1.0000,1.0000,0.9500,700.00,700.00,700.00,0.00
68.00,180.000,180.000,170.000,175.000,25.117,25.120,25.116,24.079,39.907,39.947,39.902,32.188,207.243,208.006,207.340,277.087,1.0000,1.0000,1.0000,0.9500,700.00,700.00,700.00,0.00
69.00,180.000,180.000,170.000,175.000,25.215,25.219,25.215,24.133,40.211,40.254,40.207,32.300,207.535,208.321,207.637,277.203,1.0000,1.0000,1.0000,0.9500,700.00,700.00,700.00,0.00
70.00,180.000,180.000,170.000,175.000,25.316,25.320,25.315,24.188,40.515,40.560,40.511,32.412,207.826,208.635,207.932,277.318,1.0000,1.0000,1.0000,0.9500,700.00,700.00,700.00,0.00
71.00,180.000,180.000,170.000,175.000,25.417,25.421,25.417,24.243,40.819,40.867,40.815,32.523,208.115,208.948,208.226,277.430,1.0000,1.0000,1.0000,0.9500,700.00,700.00,700.00,0.00
72.00,180.000,180.000,170.000,175.000,25.520,25.524,25.519,24.298,41.123,41.173,41.118,32.633,208.402,209.259,208.517,277.541,1.0000,1.0000,1.0000,0.9500,700.00,700.00,700.00,0.00
73.00,180.000,180.000,170.000,175.000,25.624,25.629,25.623,24.353,41.427,41.480,41.422,32.743,208.688,209.570,208.808,277.650,1.0000,1.0000,1.0000,0.9500,700.00,700.00,700.00,0.00
74.00,180.000,180.000,170.000,175.000,25.730,25.735,25.729,24.409,41.731,41.787,41.726,32.853,208.972,209.879,209.097,277.757,1.0000,1.0000,1.0000,0.9500,700.00,700.00,700.00,0.00
75.00,180.000,180.000,170.000,175.000,25.836,25.842,25.836,24.466,42.035,42.093,42.029,32.961,209.256,210.187,209.385,277.863,1.0000,1.0000,1.0000,0.9500,700.00,700.00,700.00,0.00
76.00,180.000,180.000,170.000,175.000,25.945,25.950,25.944,24.522,42.338,42.399,42.332,33.070,209.538,210.494,209.672,277.968,1.0000,1.0000,1.0000,0.9500,700.00,700.00,700.00,0.00
77.00,180.000,180.000,170.000,175.000,26.054,26.060,26.053,24.579,42.641,42.706,42.635,33.177,209.819,210.801,209.959,278.071,1.0000,1.0000,1.0000,0.9500,700.00,700.00,700.00,0.00
78.00,180.000,180.000,170.000,175.000,26.165,26.171,26.164,24.636,42.945,43.012,42.938,33.285,210.100,211.106,210.244,278.173,1.0000,1.0000,1.0000,0.9500,700.00,700.00,700.00,0.00
79.00,180.000,180.000,170.000,175.000,26.277,26.284,26.276,24.694,43.248,43.318,43.241,33.392,210.379,211.411,210.528,278.275,1.0000,1.0000,1.0000,0.9500,700.00,700.00,700.00,0.00
80.00,180.000,180.000,170.000,175.000,26.390,26.397,26.389,24.752,43.551,43.625,43.544,33.498,210.658,211.716,210.812,278.374,1.0000,1.0000,1.0000,0.9500,700.00,700.00,700.00,0.00
81.00,180.000,180.000,170.000,175.000,26.504,26.512,26.504,24.810,43.853,43.931,43.846,33.604,210.936,212.020,211.095,278.473,1.0000,1.0000,1.0000,0.9500,700.00,700.00,700.00,0.00
82.00,180.000,180.000,170.000,175.000,26.620,26.629,26.619,24.869,44.156,44.237,44.149,33.710,211.213,212.323,211.377,278.571,1.0000,1.0000,1.0000,0.9500,700.00,700.00,700.00,0.00
83.00,180.000,180.000,170.000,175.000,26.737,26.746,26.736,24.928,44.458,44.543,44.451,33.815,211.489,212.626,211.658,278.669,1.0000,1.0000,1.0000,0.9500,700.00,700.00,700.00,0.00
84.00,180.000,180.000,170.000,175.000,26.855,26.865,26.854,24.987,44.760,44.849,44.753,33.920,211.765,212.929,211.939,278.765,1.0000,1.0000,1.0000,0.9500,700.00,700.00,700.00,0.00
85.00,180.000,180.000,170.000,175.000,26.975,26.985,26.974,25.047,45.063,45.155,45.055,34.025,212.041,213.231,212.220,278.860,1.0000,1.0000,1.0000,0.9500,700.00,700.00,700.00,0.00
86.00,180.000,180.000,170.000,175.000,27.096,27.106,27.095,25.106,45.364,45.461,45.357,34.130,212.315,213.533,212.500,278.955,1.0000,1.0000,1.0000,0.9500,700.00,700.00,700.00,0.00
87.00,180.000,180.000,170.000,175.000,27.218,27.229,27.216,25.167,45.666,45.767,45.658,34.234,212.589,213.835,212.779,279.049,1.0000,1.0000,1.0000,0.9500,700.00,700.00,700.00,0.00
88.00,180.000,180.000,170.000,175.000,27.341,27.352,27.339,25.227,45.968,46.073,45.959,34.338,212.863,214.136,213.058,279.142,1.0000,1.0000,1.0000,0.9500,700.00,700.00,700.00,0.00
89.00,180.000,180.000,170.000,175.000,27.465,27.477,27.464,25.288,46.269,46.379,46.261,34.441,213.136,214.437,213.337,279.235,1.0000,1.0000,1.0000,0.9500,700.00,700.00,700.00,0.00
90.00,180.000,180.000,170.000,175.000,27.590,27.603,27.589,25.349,46.570,46.685,46.562,34.544,213.409,214.738,213.615,279.327,1.0000,1.0000,1.0000,0.9500,700.00,700.00,700.00,0.00
91.00,180.000,180.000,170.000,175.000,27.717,27.731,27.716,25.410,46.871,46.990,46.862,34.648,213.682,215.038,213.893,279.419,1.0000,1.0000,1.0000,0.9500,700.00,700.00,700.00,0.00
92.00,180.000,180.000,170.000,175.000,27.845,27.859,27.843,25.472,47.172,47.296,47.163,34.750,213.954,215.339,214.170,279.510,1.0000,1.0000,1.0000,0.9500,700.00,700.00,700.00,0.00
93.00,180.000,180.000,170.000,175.000,27.974,27.989,27.972,25.533,47.473,47.602,47.464,34.853,214.225,215.639,214.448,279.600,1.0000,1.0000,1.0000,0.9500,700.00,700.00,700.00,0.00
94.00,180.000,180.000,170.000,175.000,28.104,28.119,28.102,25.595,47.774,47.907,47.764,34.956,214.497,215.939,214.724,279.690,1.0000,1.0000,1.0000,0.9500,700.00,700.00,700.00,0.00
95.00,180.000,180.000,170.000,175.000,28.235,28.251,28.233,25.658,48.074,48.213,48.064,35.058,214.768,216.239,215.001,279.779,1.0000,1.0000,1.0000,0.9500,700.00,700.00,700.00,0.00
96.00,180.000,180.000,170.000,175.000,28.367,28.385,28.366,25.720,48.374,48.518,48.364,35.160,215.038,216.539,215.277,279.868,1.0000,1.0000,1.0000,0.9500,700.00,700.00,700.00,0.00
97.00,180.000,180.000,170.000,175.000,28.501,28.519,28.499,25.783,48.674,48.824,48.664,35.262,215.308,216.838,215.553,279.957,1.0000,1.0000,1.0000,0.9500,700.00,700.00,700.00,0.00
98.00,180.000,180.000,170.000,175.000,28.635,28.654,28.633,25.846,48.974,49.129,48.963,35.364,215.578,217.138,215.828,280.045,1.0000,1.0000,1.0000,0.9500,700.00,700.00,700.00,0.00
99.00,180.000,180.000,170.000,175.000,28.771,28.791,28.769,25.910,49.273,49.434,49.263,35.465,215.848,217.437,216.104,280.133,1.0000,1.0000,1.0000,0.9500,700.00,700.00,700.00,0.00
100.00,180.000,180.000,170.000,175.000,28.907,28.929,28.906,25.974,49.573,49.740,49.562,35.567,216.117,217.736,216.379,280.220,1.0000,1.0000,1.0000,0.9500,700.00,700.00,700.00,0.00
101.00,180.000,180.000,170.000,175.000,29.045,29.067,29.043,26.037,49.872,50.045,49.861,35.668,216.386,218.035,216.653,280.307,1.0000,1.0000,1.0000,0.9500,700.00,700.00,700.00,0.00
102.00,180.000,180.000,170.000,175.000,29.184,29.207,29.182,26.102,50.171,50.350,50.160,35.769,216.655,218.334,216.928,280.394,1.0000,1.0000,1.0000,0.9500,700.00,700.00,700.00,0.00
103.00,180.000,180.000,170.000,175.000,29.324,29.348,29.322,26.166,50.470,50.655,50.458,35.870,216.924,218.633,217.202,280.480,1.0000,1.0000,1.0000,0.9500,700.00,700.00,700.00,0.00
104.00,180.000,180.000,170.000,175.000,29.465,29.490,29.463,26.231,50.768,50.960,50.757,35.971,217.192,218.932,217.476,280.566,1.0000,1.0000,1.0000,0.9500,700.00,700.00,700.00,0.00
105.00,180.000,180.000,170.000,175.000,29.607,29.633,29.605,26.296,51.067,51.265,51.055,36.072,217.460,219.231,217.750,280.651,1.0000,1.0000,1.0000,0.9500,700.00,700.00,700.00,0.00
106.00,180.000,180.000,170.000,175.000,29.750,29.778,29.748,26.361,51.365,51.570,51.353,36.172,217.727,219.529,218.024,280.737,1.0000,1.0000,1.0000,0.9500,700.00,700.00,700.00,0.00
107.00,180.000,180.000,170.000,175.000,29.894,29.923,29.892,26.426,51.663,51.875,51.651,36.273,217.995,219.828,218.297,280.822,1.0000,1.0000,1.0000,0.9500,700.00,700.00,700.00,0.00
108.00,180.000,180.000,170.000,175.000,30.039,30.069,30.037,26.492,51.961,52.180,51.949,36.374,218.262,220.126,218.570,280.906,1.0000,1.0000,1.0000,0.9500,700.00,700.00,700.00,0.00
109.00,180.000,180.000,170.000,175.000,30.186,30.217,30.183,26.557,52.258,52.485,52.246,36.474,218.529,220.425,218.843,280.991,1.0000,1.0000,1.0000,0.9500,700.00,700.00,700.00,0.00
110.00,180.000,180.000,170.000,175.000,30.333,30.365,30.330,26.623,52.556,52.790,52.543,36.574,218.796,220.723,219.116,281.075,1.0000,1.0000,1.0000,0.9500,700.00,700.00,700.00,0.00
111.00,180.000,180.000,170.000,175.000,30.481,30.515,30.478,26.690,52.853,53.094,52.841,36.675,219.062,221.022,219.389,281.159,1.0000,1.0000,1.0000,0.9500,700.00,700.00,700.00,0.00
112.00,180.000,180.000,170.000,175.000,30.630,30.665,30.627,26.756,53.150,53.399,53.138,36.775,219.329,221.320,219.661,281.243,1.0000,1.0000,1.0000,0.9500,700.00,700.00,700.00,0.00
113.00,180.000,180.000,170.000,175.000,30.780,30.817,30.778,26.823,53.447,53.704,53.434,36.875,219.595,221.618,219.933,281.326,1.0000,1.0000,1.0000,0.9500,700.00,700.00,700.00,0.00
114.00,180.000,180.000,170.000,175.000,30.931,30.969,30.929,26.890,53.743,54.008,53.731,36.975,219.861,221.916,220.205,281.410,1.0000,1.0000,1.0000,0.9500,700.00,700.00,700.00,0.00
115.00,180.000,180.000,170.000,175.000,31.083,31.123,31.081,26.957,54.040,54.313,54.027,37.075,220.126,222.214,220.477,281.493,1.0000,1.0000,1.0000,0.9500,700.00,700.00,700.00,0.00
116.00,180.000,180.000,170.000,175.000,31.236,31.278,31.233,27.025,54.336,54.617,54.323,37.175,220.392,222.512,220.749,281.576,1.0000,1.0000,1.0000,0.9500,700.00,700.00,700.00,0.00
117.00,180.000,180.000,170.000,175.000,31.390,31.433,31.387,27.092,54.632,54.921,54.619,37.275,220.657,222.810,221.020,281.658,1.0000,1.0000,1.0000,0.9500,700.00,700.00,700.00,0.00
118.00,180.000,180.000,170.000,175.000,31.545,31.590,31.542,27.160,54.928,55.226,54.915,37.375,220.922,223.108,221.291,281.741,1.0000,1.0000,1.0000,0.9500,700.00,700.00,700.00,0.00
119.00,180.000,180.000,170.000,175.000,31.701,31.747,31.698,27.228,55.223,55.530,55.210,37.475,221.187,223.406,221.562,281.823,1.0000,1.0000,1.0000,0.9500,700.00,700.00,700.00,0.00
120.00,180.000,180.000,170.000,175.000,31.858,31.906,31.855,27.296,55.519,55.834,55.506,37.575,221.451,223.704,221.833,281.905,1.0000,1.0000,1.0000,0.9500,700.00,700.00,700.00,0.00
121.00,180.000,180.000,170.000,175.000,32.016,32.065,32.012,27.365,55.814,56.139,55.801,37.675,221.716,224.002,222.104,281.987,1.0000,1.0000,1.0000,0.9500,700.00,700.00,700.00,0.00
122.00,180.000,180.000,170.000,175.000,32.174,32.226,32.171,27.433,56.109,56.443,56.096,37.775,221.980,224.299,222.374,282.069,1.0000,1.0000,1.0000,0.9500,700.00,700.00,700.00,0.00
123.00,180.000,180.000,170.000,175.000,32.334,32.387,32.330,27.502,56.404,56.747,56.391,37.875,222.244,224.597,222.644,282.151,1.0000,1.0000,1.0000,0.9500,700.00,700.00,700.00,0.00
124.00,180.000,180.000,170.000,175.000,32.494,32.549,32.491,27.571,56.698,57.051,56.685,37.974,222.508,224.895,222.915,282.233,1.0000,1.0000,1.0000,0.9500,700.00,700.00,700.00,0.00
125.00,180.000,180.000,170.000,175.000,32.655,32.713,32.652,27.641,56.992,57.355,56.979,38.074,222.771,225.192,223.185,282.314,1.0000,1.0000,1.0000,0.9500,700.00,700.00,700.00,0.00
126.00,180.000,180.000,170.000,175.000,32.818,32.877,32.814,27.710,57.287,57.659,57.274,38.174,223.035,225.490,223.454,282.395,1.0000,1.0000,1.0000,0.9500,700.00,700.00,700.00,0.00
127.00,180.000,180.000,170.000,175.000,32.981,33.042,32.977,27.780,57.580,57.963,57.568,38.274,223.298,225.787,223.724,282.476,1.0000,1.0000,1.0000,0.9500,700.00,700.00,700.00,0.00
128.00,180.000,180.000,170.000,175.000,33.145,33.208,33.141,27.850,57.874,58.267,57.861,38.373,223.561,226.085,223.993,282.557,1.0000,1.0000,1.0000,0.9500,700.00,700.00,700.00,0.00
129.00,180.000,180.000,170.000,175.000,33.309,33.375,33.306,27.920,58.168,58.571,58.155,38.473,223.824,226.382,224.263,282.638,1.0000,1.0000,1.0000,0.9500,700.00,700.00,700.00,0.00
130.00,180.000,180.000,170.000,175.000,33.475,33.543,33.471,27.990,58.461,58.874,58.448,38.573,224.086,226.679,224.532,282.719,1.0000,1.0000,1.0000,0.9500,700.00,700.00,700.00,0.00
131.00,180.000,180.000,170.000,175.000,33.642,33.712,33.638,28.061,58.754,59.178,58.741,38.673,224.349,226.977,224.801,282.800,1.0000,1.0000,1.0000,0.9500,700.00,700.00,700.00,0.00
132.00,180.000,180.000,170.000,175.000,33.809,33.882,33.805,28.131,59.047,59.482,59.034,38.773,224.611,227.274,225.069,282.880,1.0000,1.0000,1.0000,0.9500,700.00,700.00,700.00,0.00
133.00,180.000,180.000,170.000,175.000,33.977,34.052,33.973,28.202,59.339,59.785,59.327,38.872,224.873,227.571,225.338,282.961,1.0000,1.0000,1.0000,0.9500,700.00,700.00,700.00,0.00
134.00,180.000,180.000,170.000,175.000,34.146,34.224,34.142,28.273,59.632,60.089,59.620,38.972,225.135,227.869,225.606,283.041,1.0000,1.0000,1.0000,0.9500,700.00,700.00,700.00,0.00
135.00,180.000,180.000,170.000,175.000,34.316,34.396,34.312,28.344,59.924,60.392,59.912,39.072,225.397,228.166,225.875,283.122,1.0000,1.0000,1.0000,0.9500,700.00,700.00,700.00,0.00
136.00,180.000,180.000,170.000,175.000,34.487,34.569,34.482,28.416,60.216,60.696,60.204,39.172,225.658,228.463,226.143,283.202,1.0000,1.0000,1.0000,0.9500,700.00,700.00,700.00,0.00
137.00,180.000,180.000,170.000,175.000,34.658,34.743,34.654,28.488,60.508,60.999,60.496,39.272,225.920,228.760,226.411,283.282,1.0000,1.0000,1.0000,0.9500,700.00,700.00,700.00,0.00
138.00,180.000,180.000,170.000,175.000,34.830,34.918,34.826,28.559,60.799,61.303,60.788,39.371,226.181,229.057,226.679,283.362,1.0000,1.0000,1.0000,0.9500,700.00,700.00,700.00,0.00
139.00,180.000,180.000,170.000,175.000,35.003,35.094,34.999,28.631,61.091,61.606,61.079,39.471,226.442,229.354,226.946,283.442,1.0000,1.0000,1.0000,0.9500,700.00,700.00,700.00,0.00
140.00,180.000,180.000,170.000,175.000,35.177,35.271,35.173,28.704,61.382,61.909,61.371,39.571,226.703,229.651,227.214,283.522,1.0000,1.0000,1.0000,0.9500,700.00,700.00,700.00,0.00
141.00,180.000,180.000,170.000,175.000,35.352,35.448,35.347,28.776,61.673,62.213,61.662,39.671,226.963,229.948,227.481,283.602,1.0000,1.0000,1.0000,0.9500,700.00,700.00,700.00,0.00
142.00,180.000,180.000,170.000,175.000,35.527,35.627,35.523,28.848,61.963,62.516,61.953,39.771,227.224,230.244,227.748,283.682,1.0000,1.0000,1.0000,0.9500,700.00,700.00,700.00,0.00
143.00,180.000,180.000,170.000,175.000,35.703,35.806,35.699,28.921,62.254,62.819,62.244,39.871,227.484,230.541,228.015,283.761,1.0000,1.0000,1.0000,0.9500,700.00,700.00,700.00,0.00
144.00,180.000,180.000,170.000,175.000,35.880,35.986,35.876,28.994,62.544,63.122,62.534,39.971,227.744,230.838,228.282,283.841,1.0000,1.0000,1.0000,0.9500,700.00,700.00,700.00,0.00
145.00,180.000,180.000,170.000,175.000,36.058,36.167,36.053,29.067,62.834,63.425,62.824,40.071,228.004,231.135,228.549,283.921,1.0000,1.0000,1.0000,0.9500,700.00,700.00,700.00,0.00
146.00,180.000,180.000,170.000,175.000,36.236,36.348,36.232,29.141,63.124,63.728,63.115,40.171,228.264,231.431,228.815,284.000,1.0000,1.0000,1.0000,0.9500,700.00,700.00,700.00,0.00
147.00,180.000,180.000,170.000,175.000,36.415,36.531,36.411,29.214,63.414,64.031,63.405,40.271,228.523,231.728,229.081,284.080,1.0000,1.0000,1.0000,0.9500,700.00,700.00,700.00,0.00
148.00,180.000,180.000,170.000,175.000,36.595,36.714,36.591,29.288,63.703,64.334,63.694,40.371,228.783,232.025,229.348,284.159,1.0000,1.0000,1.0000,0.9500,700.00,700.00,700.00,0.00
149.00,180.000,180.000,170.000,175.000,36.776,36.898,36.771,29.361,63.992,64.637,63.984,40.472,229.042,232.321,229.614,284.239,1.0000,1.0000,1.0000,0.9500,700.00,700.00,700.00,0.00
150.00,180.000,180.000,170.000,175.000,36.957,37.083,36.952,29.435,64.281,64.940,64.273,40.572,229.301,232.618,229.880,284.318,1.0000,1.0000,1.0000,0.9500,700.00,700.00,700.00,0.00
151.00,180.000,180.000,170.000,175.000,37.139,37.268,37.134,29.510,64.570,65.243,64.562,40.672,229.560,232.914,230.145,284.397,1.0000,1.0000,1.0000,0.9500,700.00,700.00,700.00,0.00
152.00,180.000,180.000,170.000,175.000,37.322,37.455,37.317,29.584,64.858,65.545,64.851,40.772,229.818,233.211,230.411,284.477,1.0000,1.0000,1.0000,0.9500,700.00,700.00,700.00,0.00
153.00,180.000,180.000,170.000,175.000,37.505,37.642,37.501,29.658,65.147,65.848,65.140,40.873,230.077,233.507,230.676,284.556,1.0000,1.0000,1.0000,0.9500,700.00,700.00,700.00,0.00
154.00,180.000,180.000,170.000,175.000,37.689,37.830,37.685,29.733,65.435,66.151,65.429,40.973,230.335,233.803,230.942,284.635,1.0000,1.0000,1.0000,0.9500,700.00,700.00,700.00,0.00
155.00,180.000,180.000,170.000,175.000,37.874,38.019,37.870,29.808,65.723,66.453,65.717,41.073,230.593,234.100,231.207,284.714,1.0000,1.0000,1.0000,0.9500,700.00,700.00,700.00,0.00
156.00,180.000,180.000,170.000,175.000,38.060,38.208,38.055,29.883,66.010,66.756,66.005,41.174,230.851,234.396,231.472,284.793,1.0000,1.0000,1.0000,0.9500,700.00,700.00,700.00,0.00
157.00,180.000,180.000,170.000,175.000,38.246,38.398,38.241,29.958,66.298,67.058,66.293,41.274,231.109,234.692,231.736,284.873,1.0000,1.0000,1.0000,0.9500,700.00,700.00,700.00,0.00
158.00,180.000,180.000,170.000,175.000,38.433,38.589,38.428,30.034,66.585,67.361,66.581,41.375,231.367,234.988,232.001,284.952,1.0000,1.0000,1.0000,0.9500,700.00,700.00,700.00,0.00
159.00,180.000,180.000,170.000,175.000,38.620,38.781,38.616,30.109,66.872,67.663,66.868,41.475,231.625,235.284,232.266,285.031,1.0000,1.0000,1.0000,0.9500,700.00,700.00,700.00,0.00
160.00,180.000,180.000,170.000,175.000,38.809,38.973,38.804,30.185,67.159,67.966,67.156,41.576,231.882,235.581,232.530,285.110,1.0000,1.0000,1.0000,0.9500,700.00,700.00,700.00,0.00
161.00,180.000,180.000,170.000,175.000,38.997,39.166,38.993,30.261,67.446,68.268,67.443,41.677,232.139,235.877,232.794,285.189,1.0000,1.0000,1.0000,0.9500,700.00,700.00,700.00,0.00
162.00,180.000,180.000,170.000,175.000,39.187,39.360,39.182,30.337,67.732,68.570,67.730,41.778,232.396,236.173,233.058,285.268,1.0000,1.0000,1.0000,0.9500,700.00,700.00,700.00,0.00
163.00,180.000,180.000,170.000,175.000,39.377,39.555,39.372,30.413,68.018,68.872,68.017,41.878,232.653,236.469,233.322,285.347,1.0000,1.0000,1.0000,0.9500,700.00,700.00,700.00,0.00
164.00,180.000,180.000,170.000,175.000,39.568,39.750,39.563,30.489,68.304,69.175,68.303,41.979,232.910,236.765,233.586,285.426,1.0000,1.0000,1.0000,0.9500,700.00,700.00,700.00,0.00
165.00,180.000,180.000,170.000,175.000,39.759,39.946,39.755,30.566,68.590,69.477,68.590,42.080,233.166,237.060,233.850,285.505,1.0000,1.0000,1.0000,0.9500,700.00,700.00,700.00,0.00
166.00,180.000,180.000,170.000,175.000,39.951,40.143,39.947,30.642,68.875,69.779,68.876,42.181,233.423,237.356,234.113,285.584,1.0000,1.0000,1.0000,0.9500,700.00,700.00,700.00,0.00
167.00,180.000,180.000,170.000,175.000,40.144,40.340,40.139,30.719,69.161,70.081,69.162,42.282,233.679,237.652,234.376,285.663,1.0000,1.0000,1.0000,0.9500,700.00,700.00,700.00,0.00
168.00,180.000,180.000,170.000,175.000,40.337,40.538,40.333,30.796,69.446,70.383,69.448,42.383,233.935,237.948,234.640,285.742,1.0000,1.0000,1.0000,0.9500,700.00,700.00,700.00,0.00
169.00,180.000,180.000,170.000,175.000,40.531,40.737,40.527,30.873,69.731,70.685,69.733,42.484,234.191,238.243,234.903,285.821,1.0000,1.0000,1.0000,0.9500,700.00,700.00,700.00,0.00
170.00,180.000,180.000,170.000,175.000,40.726,40.937,40.721,30.951,70.016,70.987,70.019,42.585,234.447,238.539,235.166,285.900,1.0000,1.0000,1.0000,0.9500,700.00,700.00,700.00,0.00
171.00,180.000,180.000,170.000,175.000,40.921,41.137,40.916,31.028,70.300,71.289,70.304,42.686,234.702,238.835,235.428,285.979,1.0000,1.0000,1.0000,0.9500,700.00,700.00,700.00,0.00
172.00,180.000,180.000,170.000,175.000,41.116,41.338,41.112,31.106,70.584,71.591,70.589,42.788,234.958,239.130,235.691,286.058,1.0000,1.0000,1.0000,0.9500,700.00,700.00,700.00,0.00
173.00,180.000,180.000,170.000,175.000,41.313,41.539,41.308,31.184,70.868,71.892,70.874,42.889,235.213,239.426,235.953,286.137,1.0000,1.0000,1.0000,0.9500,700.00,700.00,700.00,0.00
174.00,180.000,180.000,170.000,175.000,41.509,41.741,41.505,31.261,71.152,72.194,71.159,42.990,235.468,239.721,236.216,286.216,1.0000,1.0000,1.0000,0.9500,700.00,700.00,700.00,0.00
175.00,180.000,180.000,170.000,175.000,41.707,41.944,41.703,31.340,71.436,72.496,71.443,43.092,235.723,240.017,236.478,286.295,1.0000,1.0000,1.0000,0.9500,700.00,700.00,700.00,0.00
176.00,180.000,180.000,170.000,175.000,41.905,42.148,41.901,31.418,71.719,72.798,71.727,43.193,235.978,240.312,236.740,286.374,1.0000,1.0000,1.0000,0.9500,700.00,700.00,700.00,0.00
177.00,180.000,180.000,170.000,175.000,42.103,42.352,42.100,31.496,72.003,73.099,72.011,43.295,236.232,240.608,237.002,286.453,1.0000,1.0000,1.0000,0.9500,700.00,700.00,700.00,0.00
178.00,180.000,180.000,170.000,175.000,42.303,42.557,42.299,31.575,72.286,73.401,72.295,43.396,236.487,240.903,237.264,286.532,1.0000,1.0000,1.0000,0.9500,700.00,700.00,700.00,0.00
179.00,180.000,180.000,170.000,175.000,42.502,42.762,42.499,31.654,72.568,73.702,72.579,43.498,236.741,241.198,237.525,286.611,1.0000,1.0000,1.0000,0.9500,700.00,700.00,700.00,0.00
180.00,180.000,180.000,170.000,175.000,42.703,42.968,42.699,31.732,72.851,74.004,72.863,43.600,236.995,241.493,237.787,286.689,1.0000,1.0000,1.0000,0.9500,700.00,700.00,700.00,0.00
181.00,180.000,180.000,170.000,175.000,42.903,43.175,42.900,31.811,73.133,74.305,73.146,43.701,237.249,241.789,238.048,286.768,1.0000,1.0000,1.0000,0.9500,700.00,700.00,700.00,0.00
182.00,180.000,180.000,170.000,175.000,43.105,43.382,43.101,31.891,73.415,74.607,73.429,43.803,237.503,242.084,238.309,286.847,1.0000,1.0000,1.0000,0.9500,700.00,700.00,700.00,0.00
183.00,180.000,180.000,170.000,175.000,43.306,43.590,43.303,31.970,73.697,74.908,73.712,43.905,237.757,242.379,238.571,286.926,1.0000,1.0000,1.0000,0.9500,700.00,700.00,700.00,0.00
184.00,180.000,180.000,170.000,175.000,43.509,43.799,43.506,32.049,73.979,75.209,73.995,44.007,238.011,242.674,238.831,287.006,1.0000,1.0000,1.0000,0.9500,700.00,700.00,700.00,0.00
185.00,180.000,180.000,170.000,175.000,43.712,44.008,43.709,32.129,74.261,75.511,74.277,44.109,238.264,242.969,239.092,287.085,1.0000,1.0000,1.0000,0.9500,700.00,700.00,700.00,0.00
186.00,180.000,180.000,170.000,175.000,43.915,44.218,43.912,32.209,74.542,75.812,74.560,44.211,238.517,243.264,239.353,287.164,1.0000,1.0000,1.0000,0.9500,700.00,700.00,700.00,0.00
187.00,180.000,180.000,170.000,175.000,44.119,44.428,44.116,32.289,74.823,76.113,74.842,44.313,238.770,243.559,239.613,287.243,1.0000,1.0000,1.0000,0.9500,700.00,700.00,700.00,0.00
188.00,180.000,180.000,170.000,175.000,44.324,44.639,44.321,32.369,75.104,76.414,75.124,44.415,239.023,243.854,239.874,287.322,1.0000,1.0000,1.0000,0.9500,700.00,700.00,700.00,0.00
189.00,180.000,180.000,170.000,175.000,44.529,44.851,44.526,32.449,75.385,76.716,75.406,44.517,239.276,244.149,240.134,287.401,1.0000,1.0000,1.0000,0.9500,700.00,700.00,700.00,0.00
190.00,180.000,180.000,170.000,175.000,44.734,45.063,44.732,32.529,75.665,77.017,75.687,44.620,239.529,244.443,240.394,287.480,1.0000,1.0000,1.0000,0.9500,700.00,700.00,700.00,0.00
191.00,180.000,180.000,170.000,175.000,44.940,45.276,44.938,32.610,75.946,77.318,75.969,44.722,239.781,244.738,240.654,287.559,1.0000,1.0000,1.0000,0.9500,700.00,700.00,700.00,0.00
192.00,180.000,180.000,170.000,175.000,45.147,45.489,45.145,32.690,76.226,77.619,76.250,44.824,240.034,245.033,240.914,287.638,1.0000,1.0000,1.0000,0.9500,700.00,700.00,700.00,0.00
193.00,180.000,180.000,170.000,175.000,45.354,45.703,45.352,32.771,76.506,77.920,76.531,44.927,240.286,245.328,241.174,287.717,1.0000,1.0000,1.0000,0.9500,700.00,700.00,700.00,0.00
194.00,180.000,180.000,170.000,175.000,45.561,45.918,45.559,32.852,76.785,78.220,76.812,45.029,240.538,245.622,241.433,287.796,1.0000,1.0000,1.0000,0.9500,700.00,700.00,700.00,0.00
195.00,180.000,180.000,170.000,175.000,45.769,46.133,45.768,32.933,77.065,78.521,77.093,45.132,240.790,245.917,241.693,287.876,1.0000,1.0000,1.0000,0.9500,700.00,700.00,700.00,0.00
196.00,180.000,180.000,170.000,175.000,45.977,46.349,45.976,33.014,77.344,78.822,77.373,45.234,241.042,246.211,241.952,287.955,1.0000,1.0000,1.0000,0.9500,700.00,700.00,700.00,0.00
197.00,180.000,180.000,170.000,175.000,46.186,46.565,46.185,33.096,77.623,79.123,77.653,45.337,241.294,246.506,242.211,288.034,1.0000,1.0000,1.0000,0.9500,700.00,700.00,700.00,0.00
198.00,180.000,180.000,170.000,175.000,46.396,46.782,46.395,33.177,77.902,79.424,77.934,45.440,241.545,246.800,242.470,288.113,1.0000,1.0000,1.0000,0.9500,700.00,700.00,700.00,0.00
199.00,180.000,180.000,170.000,175.000,46.605,46.999,46.605,33.259,78.181,79.724,78.214,45.543,241.796,247.095,242.729,288.193,1.0000,1.0000,1.0000,0.9500,700.00,700.00,700.00,0.00
200.00,180.000,180.000,170.000,175.000,46.816,47.217,46.815,33.341,78.459,80.025,78.493,45.645,242.048,247.389,242.988,288.272,1.0000,1.0000,1.0000,0.9500,700.00,700.00,700.00,0.00
201.00,180.000,180.000,170.000,175.000,47.026,47.436,47.026,33.423,78.738,80.326,78.773,45.748,242.299,247.683,243.247,288.351,1.0000,1.0000,1.0000,0.9500,700.00,700.00,700.00,0.00
202.00,180.000,180.000,170.000,175.000,47.238,47.655,47.238,33.505,79.016,80.626,79.052,45.851,242.550,247.978,243.505,288.431,1.0000,1.0000,1.0000,0.9500,700.00,700.00,700.00,0.00
203.00,180.000,180.000,170.000,175.000,47.449,47.874,47.449,33.587,79.294,80.927,79.332,45.954,242.800,248.272,243.763,288.510,1.0000,1.0000,1.0000,0.9500,700.00,700.00,700.00,0.00
204.00,180.000,180.000,170.000,175.000,47.661,48.094,47.662,33.669,79.571,81.227,79.611,46.058,243.051,248.566,244.022,288.589,1.0000,1.0000,1.0000,0.9500,700.00,700.00,700.00,0.00
205.00,180.000,180.000,170.000,175.000,47.874,48.315,47.875,33.752,79.849,81.528,79.890,46.161,243.301,248.860,244.280,288.669,1.0000,1.0000,1.0000,0.9500,700.00,700.00,700.00,0.00
206.00,180.000,180.000,170.000,175.000,48.087,48.536,48.088,33.834,80.126,81.828,80.168,46.264,243.552,249.154,244.538,288.748,1.0000,1.0000,1.0000,0.9500,700.00,700.00,700.00,0.00
207.00,180.000,180.000,170.000,175.000,48.300,48.758,48.301,33.917,80.403,82.128,80.447,46.367,243.802,249.448,244.796,288.828,1.0000,1.0000,1.0000,0.9500,700.00,700.00,700.00,0.00
208.00,180.000,180.000,170.000,175.000,48.514,48.980,48.515,34.000,80.680,82.429,80.725,46.471,244.052,249.742,245.053,288.907,1.0000,1.0000,1.0000,0.9500,700.00,700.00,700.00,0.00
209.00,180.000,180.000,170.000,175.000,48.728,49.203,48.730,34.083,80.957,82.729,81.003,46.574,244.302,250.036,245.311,288.987,1.0000,1.0000,1.0000,0.9500,700.00,700.00,700.00,0.00
210.00,180.000,180.000,170.000,175.000,48.943,49.426,48.945,34.166,81.233,83.029,81.281,46.677,244.552,250.330,245.568,289.066,1.0000,1.0000,1.0000,0.9500,700.00,700.00,700.00,0.00
211.00,180.000,180.000,170.000,175.000,49.158,49.650,49.160,34.250,81.510,83.330,81.559,46.781,244.801,250.624,245.826,289.146,1.0000,1.0000,1.0000,0.9500,700.00,700.00,700.00,0.00
212.00,180.000,180.000,170.000,175.000,49.373,49.874,49.376,34.333,81.786,83.630,81.837,46.885,245.051,250.918,246.083,289.225,1.0000,1.0000,1.0000,0.9500,700.00,700.00,700.00,0.00
213.00,180.000,180.000,170.000,175.000,49.589,50.099,49.592,34.417,82.062,83.930,82.114,46.988,245.300,251.211,246.340,289.305,1.0000,1.0000,1.0000,0.9500,700.00,700.00,700.00,0.00
214.00,180.000,180.000,170.000,175.000,49.805,50.324,49.809,34.500,82.337,84.230,82.391,47.092,245.550,251.505,246.597,289.385,1.0000,1.0000,1.0000,0.9500,700.00,700.00,700.00,0.00
215.00,180.000,180.000,170.000,175.000,50.022,50.550,50.025,34.584,82.613,84.530,82.669,47.196,245.799,251.799,246.854,289.464,1.0000,1.0000,1.0000,0.9500,700.00,700.00,700.00,0.00
216.00,180.000,180.000,170.000,175.000,50.239,50.776,50.243,34.668,82.888,84.830,82.945,47.299,246.048,252.093,247.110,289.544,1.0000,1.0000,1.0000,0.9500,700.00,700.00,700.00,0.00
217.00,180.000,180.000,170.000,175.000,50.456,51.003,50.461,34.752,83.163,85.130,83.222,47.403,246.296,252.386,247.367,289.624,1.0000,1.0000,1.0000,0.9500,700.00,700.00,700.00,0.00
218.00,180.000,180.000,170.000,175.000,50.674,51.230,50.679,34.836,83.438,85.430,83.499,47.507,246.545,252.680,247.624,289.703,1.0000,1.0000,1.0000,0.9500,700.00,700.00,700.00,0.00
219.00,180.000,180.000,170.000,175.000,50.892,51.458,50.897,34.921,83.713,85.730,83.775,47.611,246.794,252.973,247.880,289.783,1.0000,1.0000,1.0000,0.9500,700.00,700.00,700.00,0.00
220.00,180.000,180.000,170.000,175.000,51.111,51.686,51.116,35.005,83.988,86.029,84.051,47.715,247.042,253.267,248.136,289.863,1.0000,1.0000,1.0000,0.9500,700.00,700.00,700.00,0.00
221.00,180.000,180.000,170.000,175.000,51.329,51.915,51.335,35.090,84.262,86.329,84.328,47.820,247.290,253.560,248.392,289.943,1.0000,1.0000,1.0000,0.9500,700.00,700.00,700.00,0.00
222.00,180.000,180.000,170.000,175.000,51.549,52.144,51.555,35.175,84.536,86.629,84.603,47.924,247.538,253.853,248.648,290.023,1.0000,1.0000,1.0000,0.9500,700.00,700.00,700.00,0.00
223.00,180.000,180.000,170.000,175.000,51.768,52.374,51.775,35.260,84.810,86.929,84.879,48.028,247.786,254.147,248.904,290.103,1.0000,1.0000,1.0000,0.9500,700.00,700.00,700.00,0.00
224.00,180.000,180.000,170.000,175.000,51.988,52.604,51.996,35.345,85.084,87.228,85.155,48.132,248.034,254.440,249.160,290.183,1.0000,1.0000,1.0000,0.9500,700.00,700.00,700.00,0.00
225.00,180.000,180.000,170.000,175.000,52.209,52.834,52.216,35.430,85.358,87.528,85.430,48.237,248.282,254.733,249.415,290.263,1.0000,1.0000,1.0000,0.9500,700.00,700.00,700.00,0.00
226.00,180.000,180.000,170.000,175.000,52.429,53.065,52.438,35.515,85.631,87.828,85.705,48.341,248.530,255.026,249.671,290.343,1.0000,1.0000,1.0000,0.9500,700.00,700.00,700.00,0.00
227.00,180.000,180.000,170.000,175.000,52.651,53.297,52.659,35.600,85.904,88.127,85.980,48.446,248.777,255.319,249.926,290.423,1.0000,1.0000,1.0000,0.9500,700.00,700.00,700.00,0.00
228.00,180.000,180.000,170.000,175.000,52.872,53.529,52.881,35.686,86.177,88.427,86.255,48.550,249.024,255.613,250.181,290.503,1.0000,1.0000,1.0000,0.9500,700.00,700.00,700.00,0.00
229.00,180.000,180.000,170.000,175.000,53.094,53.761,53.103,35.772,86.450,88.726,86.530,48.655,249.272,255.906,250.436,290.583,1.0000,1.0000,1.0000,0.9500,700.00,700.00,700.00,0.00
230.00,180.000,180.000,170.000,175.000,53.316,53.994,53.326,35.857,86.723,89.025,86.804,48.759,249.519,256.199,250.691,290.663,1.0000,1.0000,1.0000,0.9500,700.00,700.00,700.00,0.00
231.00,180.000,180.000,170.000,175.000,53.538,54.227,53.549,35.943,86.995,89.325,87.079,48.864,249.766,256.492,250.946,290.743,1.0000,1.0000,1.0000,0.9500,700.00,700.00,700.00,0.00
232.00,180.000,180.000,170.000,175.000,53.761,54.461,53.772,36.029,87.268,89.624,87.353,48.969,250.012,256.784,251.201,290.823,1.0000,1.0000,1.0000,0.9500,700.00,700.00,700.00,0.00
233.00,180.000,180.000,170.000,175.000,53.984,54.695,53.995,36.115,87.540,89.923,87.627,49.074,250.259,257.077,251.455,290.904,1.0000,1.0000,1.0000,0.9500,700.00,700.00,700.00,0.00
234.00,180.000,180.000,170.000,175.000,54.207,54.930,54.219,36.202,87.812,90.223,87.901,49.179,250.506,257.370,251.710,290.984,1.0000,1.0000,1.0000,0.9500,700.00,700.00,700.00,0.00
235.00,180.000,180.000,170.000,175.000,54.431,55.165,54.444,36.288,88.083,90.522,88.174,49.284,250.752,257.663,251.964,291.064,1.0000,1.0000,1.0000,0.9500,700.00,700.00,700.00,0.00
236.00,180.000,180.000,170.000,175.000,54.655,55.400,54.668,36.375,88.355,90.821,88.448,49.389,250.998,257.956,252.218,291.145,1.0000,1.0000,1.0000,0.9500,700.00,700.00,700.00,0.00
237.00,180.000,180.000,170.000,175.000,54.880,55.636,54.893,36.461,88.626,91.120,88.721,49.494,251.244,258.248,252.472,291.225,1.0000,1.0000,1.0000,0.9500,700.00,700.00,700.00,0.00
238.00,180.000,180.000,170.000,175.000,55.104,55.872,55.118,36.548,88.897,91.419,88.994,49.599,251.490,258.541,252.726,291.305,1.0000,1.0000,1.0000,0.9500,700.00,700.00,700.00,0.00
239.00,180.000,180.000,170.000,175.000,55.329,56.109,55.344,36.635,89.168,91.718,89.267,49.704,251.736,258.833,252.980,291.386,1.0000,1.0000,1.0000,0.9500,700.00,700.00,700.00,0.00
240.00,180.000,180.000,170.000,175.000,55.555,56.346,55.570,36.722,89.439,92.017,89.540,49.809,251.982,259.126,253.234,291.466,1.0000,1.0000,1.0000,0.9500,700.00,700.00,700.00,0.00
241.00,180.000,180.000,170.000,175.000,55.780,56.584,55.796,36.809,89.710,92.316,89.813,49.914,252.228,259.418,253.488,291.547,1.0000,1.0000,1.0000,0.9500,700.00,700.00,700.00,0.00
242.00,180.000,180.000,170.000,175.000,56.006,56.821,56.022,36.896,89.980,92.615,90.085,50.020,252.473,259.711,253.741,291.627,1.0000,1.0000,1.0000,0.9500,700.00,700.00,700.00,0.00
243.00,180.000,180.000,170.000,175.000,56.232,57.060,56.249,36.984,90.250,92.914,90.358,50.125,252.718,260.003,253.995,291.708,1.0000,1.0000,1.0000,0.9500,700.00,700.00,700.00,0.00
244.00,180.000,180.000,170.000,175.000,56.459,57.298,56.476,37.071,90.521,93.213,90.630,50.231,252.964,260.295,254.248,291.788,1.0000,1.0000,1.0000,0.9500,700.00,700.00,700.00,0.00
245.00,180.000,180.000,170.000,175.000,56.685,57.538,56.704,37.159,90.790,93.512,90.902,50.336,253.209,260.588,254.501,291.869,1.0000,1.0000,1.0000,0.9500,700.00,700.00,700.00,0.00
246.00,180.000,180.000,170.000,175.000,56.913,57.777,56.931,37.247,91.060,93.811,91.174,50.442,253.454,260.880,254.754,291.950,1.0000,1.0000,1.0000,0.9500,700.00,700.00,700.00,0.00
247.00,180.000,180.000,170.000,175.000,57.140,58.017,57.159,37.334,91.330,94.109,91.446,50.547,253.699,261.172,255.007,292.030,1.0000,1.0000,1.0000,0.9500,700.00,700.00,700.00,0.00
248.00,180.000,180.000,170.000,175.000,57.367,58.257,57.387,37.422,91.599,94.408,91.717,50.653,253.943,261.464,255.260,292.111,1.0000,1.0000,1.0000,0.9500,700.00,700.00,700.00,0.00
249.00,180.000,180.000,170.000,175.000,57.595,58.498,57.616,37.510,91.868,94.707,91.989,50.759,254.188,261.756,255.512,292.192,1.0000,1.0000,1.0000,0.9500,700.00,700.00,700.00,0.00
250.00,180.000,180.000,170.000,175.000,57.824,58.739,57.845,37.599,92.137,95.005,92.260,50.865,254.432,262.048,255.765,292.273,1.0000,1.0000,1.0000,0.9500,700.00,700.00,700.00,0.00
251.00,180.000,180.000,170.000,175.000,58.052,58.981,58.074,37.687,92.406,95.304,92.531,50.971,254.677,262.340,256.017,292.354,1.0000,1.0000,1.0000,0.9500,700.00,700.00,700.00,0.00
252.00,180.000,180.000,170.000,175.000,58.281,59.222,58.303,37.775,92.675,95.602,92.802,51.077,254.921,262.632,256.270,292.434,1.0000,1.0000,1.0000,0.9500,700.00,700.00,700.00,0.00
253.00,180.000,180.000,170.000,175.000,58.510,59.465,58.533,37.864,92.943,95.901,93.072,51.183,255.165,262.924,256.522,292.515,1.0000,1.0000,1.0000,0.9500,700.00,700.00,700.00,0.00
254.00,180.000,180.000,170.000,175.000,58.739,59.707,58.763,37.953,93.212,96.199,93.343,51.289,255.409,263.216,256.774,292.596,1.0000,1.0000,1.0000,0.9500,700.00,700.00,700.00,0.00
255.00,180.000,180.000,170.000,175.000,58.968,59.950,58.993,38.041,93.480,96.497,93.613,51.395,255.653,263.508,257.026,292.677,1.0000,1.0000,1.0000,0.9500,700.00,700.00,700.00,0.00
256.00,180.000,180.000,170.000,175.000,59.198,60.194,59.224,38.130,93.748,96.796,93.884,51.501,255.897,263.800,257.278,292.758,1.0000,1.0000,1.0000,0.9500,700.00,700.00,700.00,0.00
257.00,180.000,180.000,170.000,175.000,59.428,60.437,59.454,38.219,94.015,97.094,94.154,51.607,256.140,264.091,257.530,292.839,1.0000,1.0000,1.0000,0.9500,700.00,700.00,700.00,0.00
258.00,180.000,180.000,170.000,175.000,59.658,60.681,59.685,38.308,94.283,97.392,94.424,51.713,256.384,264.383,257.781,292.920,1.0000,1.0000,1.0000,0.9500,700.00,700.00,700.00,0.00
259.00,180.000,180.000,170.000,175.000,59.889,60.926,59.917,38.398,94.550,97.691,94.694,51.820,256.627,264.675,258.033,293.002,1.0000,1.0000,1.0000,0.9500,700.00,700.00,700.00,0.00
260.00,180.000,180.000,170.000,175.000,60.120,61.171,60.148,38.487,94.818,97.989,94.963,51.926,256.870,264.966,258.284,293.083,1.0000,1.0000,1.0000,0.9500,700.00,700.00,700.00,0.00
261.00,180.000,180.000,170.000,175.000,60.351,61.416,60.380,38.577,95.085,98.287,95.233,52.032,257.113,265.258,258.536,293.164,1.0000,1.0000,1.0000,0.9500,700.00,700.00,700.00,0.00
262.00,180.000,180.000,170.000,175.000,60.582,61.661,60.612,38.666,95.352,98.585,95.502,52.139,257.356,265.549,258.787,293.245,1.0000,1.0000,1.0000,0.9500,700.00,700.00,700.00,0.00
263.00,180.000,180.000,170.000,175.000,60.813,61.907,60.844,38.756,95.618,98.883,95.771,52.245,257.599,265.841,259.038,293.326,1.0000,1.0000,1.0000,0.9500,700.00,700.00,700.00,0.00
264.00,180.000,180.000,170.000,175.000,61.045,62.153,61.077,38.846,95.885,99.181,96.040,52.352,257.842,266.132,259.289,293.408,1.0000,1.0000,1.0000,0.9500,700.00,700.00,700.00,0.00
265.00,180.000,180.000,170.000,175.000,61.277,62.400,61.310,38.936,96.151,99.479,96.309,52.459,258.085,266.423,259.540,293.489,1.0000,1.0000,1.0000,0.9500,700.00,700.00,700.00,0.00
266.00,180.000,180.000,170.000,175.000,61.509,62.647,61.543,39.026,96.417,99.777,96.578,52.565,258.327,266.715,259.790,293.570,1.0000,1.0000,1.0000,0.9500,700.00,700.00,700.00,0.00
267.00,180.000,180.000,170.000,175.000,61.742,62.894,61.776,39.116,96.683,100.075,96.846,52.672,258.569,267.006,260.041,293.652,1.0000,1.0000,1.0000,0.9500,700.00,700.00,700.00,0.00
268.00,180.000,180.000,170.000,175.000,61.974,63.141,62.009,39.206,96.949,100.373,97.115,52.779,258.812,267.297,260.291,293.733,1.0000,1.0000,1.0000,0.9500,700.00,700.00,700.00,0.00
269.00,180.000,180.000,170.000,175.000,62.207,63.389,62.243,39.296,97.215,100.671,97.383,52.886,259.054,267.588,260.542,293.815,1.0000,1.0000,1.0000,0.9500,700.00,700.00,700.00,0.00
270.00,180.000,180.000,170.000,175.000,62.440,63.637,62.477,39.387,97.481,100.968,97.651,52.993,259.296,267.879,260.792,293.896,1.0000,1.0000,1.0000,0.9500,700.00,700.00,700.00,0.00
271.00,180.000,180.000,170.000,175.000,62.673,63.886,62.711,39.477,97.746,101.266,97.919,53.100,259.538,268.170,261.042,293.978,1.0000,1.0000,1.0000,0.9500,700.00,700.00,700.00,0.00
272.00,180.000,180.000,170.000,175.000,62.907,64.135,62.945,39.568,98.011,101.564,98.187,53.207,259.780,268.461,261.292,294.059,1.0000,1.0000,1.0000,0.9500,700.00,700.00,700.00,0.00
273.00,180.000,180.000,170.000,175.000,63.141,64.384,63.180,39.659,98.276,101.861,98.454,53.314,260.021,268.752,261.542,294.141,1.0000,1.0000,1.0000,0.9500,700.00,700.00,700.00,0.00
274.00,180.000,180.000,170.000,175.000,63.374,64.634,63.415,39.750,98.541,102.159,98.722,53.421,260.263,269.043,261.792,294.223,1.0000,1.0000,1.0000,0.9500,700.00,700.00,700.00,0.00
275.00,180.000,180.000,170.000,175.000,63.609,64.883,63.650,39.841,98.806,102.457,98.989,53.528,260.504,269.334,262.042,294.304,1.0000,1.0000,1.0000,0.9500,700.00,700.00,700.00,0.00
276.00,180.000,180.000,170.000,175.000,63.843,65.133,63.885,39.932,99.070,102.754,99.256,53.635,260.745,269.625,262.291,294.386,1.0000,1.0000,1.0000,0.9500,700.00,700.00,700.00,0.00
277.00,180.000,180.000,170.000,175.000,64.077,65.384,64.121,40.023,99.335,103.052,99.523,53.743,260.987,269.915,262.541,294.468,1.0000,1.0000,1.0000,0.9500,700.00,700.00,700.00,0.00
278.00,180.000,180.000,170.000,175.000,64.312,65.635,64.356,40.114,99.599,103.349,99.790,53.850,261.228,270.206,262.790,294.550,1.0000,1.0000,1.0000,0.9500,700.00,700.00,700.00,0.00
279.00,180.000,180.000,170.000,175.000,64.547,65.886,64.592,40.206,99.863,103.646,100.057,53.957,261.469,270.497,263.040,294.631,1.0000,1.0000,1.0000,0.9500,700.00,700.00,700.00,0.00
280.00,180.000,180.000,170.000,175.000,64.782,66.137,64.828,40.297,100.127,103.944,100.324,54.065,261.709,270.787,263.289,294.713,1.0000,1.0000,1.0000,0.9500,700.00,700.00,700.00,0.00
281.00,180.000,180.000,170.000,175.000,65.017,66.389,65.065,40.389,100.390,104.241,100.590,54.172,261.950,271.078,263.538,294.795,1.0000,1.0000,1.0000,0.9500,700.00,700.00,700.00,0.00
282.00,180.000,180.000,170.000,175.000,65.253,66.641,65.301,40.481,100.654,104.538,100.856,54.280,262.191,271.368,263.787,294.877,1.0000,1.0000,1.0000,0.9500,700.00,700.00,700.00,0.00
283.00,180.000,180.000,170.000,175.000,65.488,66.893,65.538,40.573,100.917,104.836,101.122,54.387,262.431,271.659,264.036,294.959,1.0000,1.0000,1.0000,0.9500,700.00,700.00,700.00,0.00
284.00,180.000,180.000,170.000,175.000,65.724,67.146,65.775,40.665,101.180,105.133,101.388,54.495,262.672,271.949,264.284,295.041,1.0000,1.0000,1.0000,0.9500,700.00,700.00,700.00,0.00
285.00,180.000,180.000,170.000,175.000,65.960,67.399,66.012,40.757,101.443,105.430,101.654,54.603,262.912,272.239,264.533,295.123,1.0000,1.0000,1.0000,0.9500,700.00,700.00,700.00,0.00
286.00,180.000,180.000,170.000,175.000,66.197,67.652,66.249,40.849,101.706,105.727,101.920,54.711,263.152,272.530,264.782,295.205,1.0000,1.0000,1.0000,0.9500,700.00,700.00,700.00,0.00
287.00,180.000,180.000,170.000,175.000,66.433,67.905,66.486,40.941,101.969,106.024,102.185,54.818,263.392,272.820,265.030,295.287,1.0000,1.0000,1.0000,0.9500,700.00,700.00,700.00,0.00
288.00,180.000,180.000,170.000,175.000,66.669,68.159,66.724,41.034,102.232,106.321,102.451,54.926,263.632,273.110,265.278,295.370,1.0000,1.0000,1.0000,0.9500,700.00,700.00,700.00,0.00
289.00,180.000,180.000,170.000,175.000,66.906,68.413,66.962,41.126,102.494,106.618,102.716,55.034,263.872,273.400,265.526,295.452,1.0000,1.0000,1.0000,0.9500,700.00,700.00,700.00,0.00
290.00,180.000,180.000,170.000,175.000,67.143,68.668,67.200,41.219,102.756,106.915,102.981,55.142,264.111,273.690,265.775,295.534,1.0000,1.0000,1.0000,0.9500,700.00,700.00,700.00,0.00
291.00,180.000,180.000,170.000,175.000,67.380,68.922,67.438,41.311,103.018,107.212,103.246,55.250,264.351,273.980,266.023,295.616,1.0000,1.0000,1.0000,0.9500,700.00,700.00,700.00,0.00
292.00,180.000,180.000,170.000,175.000,67.617,69.177,67.677,41.404,103.280,107.509,103.511,55.358,264.590,274.270,266.270,295.698,1.0000,1.0000,1.0000,0.9500,700.00,700.00,700.00,0.00
293.00,180.000,180.000,170.000,175.000,67.855,69.432,67.915,41.497,103.542,107.806,103.776,55.466,264.830,274.560,266.518,295.781,1.0000,1.0000,1.0000,0.9500,700.00,700.00,700.00,0.00
294.00,180.000,180.000,170.000,175.000,68.092,69.688,68.154,41.590,103.804,108.102,104.040,55.574,265.069,274.850,266.766,295.863,1.0000,1.0000,1.0000,0.9500,700.00,700.00,700.00,0.00
295.00,180.000,180.000,170.000,175.000,68.330,69.943,68.393,41.683,104.065,108.399,104.305,55.683,265.308,275.140,267.013,295.945,1.0000,1.0000,1.0000,0.9500,700.00,700.00,700.00,0.00
296.00,180.000,180.000,170.000,175.000,68.568,70.199,68.632,41.776,104.326,108.696,104.569,55.791,265.547,275.429,267.261,296.028,1.0000,1.0000,1.0000,0.9500,700.00,700.00,700.00,0.00
297.00,180.000,180.000,170.000,175.000,68.806,70.456,68.871,41.870,104.587,108.992,104.833,55.899,265.786,275.719,267.508,296.110,1.0000,1.0000,1.0000,0.9500,700.00,700.00,700.00,0.00
298.00,180.000,180.000,170.000,175.000,69.044,70.712,69.110,41.963,104.848,109.289,105.097,56.007,266.025,276.009,267.755,296.193,1.0000,1.0000,1.0000,0.9500,700.00,700.00,700.00,0.00
299.00,180.000,180.000,170.000,175.000,69.282,70.969,69.350,42.057,105.109,109.585,105.361,56.116,266.263,276.298,268.003,296.275,1.0000,1.0000,1.0000,0.9500,700.00,700.00,700.00,0.00
300.00,180.000,180.000,170.000,175.000,69.521,71.226,69.590,42.150,105.370,109.882,105.624,56.224,266.502,276.588,268.250,296.358,1.0000,1.0000,1.0000,0.9500,700.00,700.00,700.00,0.00
301.00,180.000,180.000,170.000,175.000,69.760,71.484,69.829,42.244,105.630,110.178,105.888,56.333,266.740,276.878,268.497,296.441,1.0000,1.0000,1.0000,0.9500,700.00,700.00,700.00,0.00
302.00,180.000,180.000,170.000,175.000,69.998,71.741,70.069,42.338,105.891,110.475,106.151,56.441,266.978,277.167,268.743,296.523,1.0000,1.0000,1.0000,0.9500,700.00,700.00,700.00,0.00
303.00,180.000,180.000,170.000,175.000,70.237,71.999,70.310,42.432,106.151,110.771,106.415,56.550,267.217,277.456,268.990,296.606,1.0000,1.0000,1.0000,0.9500,700.00,700.00,700.00,0.00
304.00,180.000,180.000,170.000,175.000,70.476,72.257,70.550,42.526,106.411,111.068,106.678,56.659,267.455,277.746,269.237,296.689,1.0000,1.0000,1.0000,0.9500,700.00,700.00,700.00,0.00
305.00,180.000,180.000,170.000,175.000,70.716,72.515,70.790,42.620,106.671,111.364,106.941,56.767,267.693,278.035,269.483,296.771,1.0000,1.0000,1.0000,0.9500,700.00,700.00,700.00,0.00
306.00,180.000,180.000,170.000,175.000,70.955,72.774,71.031,42.714,106.930,111.660,107.204,56.876,267.931,278.324,269.730,296.854,1.0000,1.0000,1.0000,0.9500,700.00,700.00,700.00,0.00
307.00,180.000,180.000,170.000,175.000,71.194,73.033,71.272,42.808,107.190,111.956,107.466,56.985,268.168,278.613,269.976,296.937,1.0000,1.0000,1.0000,0.9500,700.00,700.00,700.00,0.00
308.00,180.000,180.000,170.000,175.000,71.434,73.292,71.513,42.902,107.449,112.252,107.729,57.094,268.406,278.903,270.222,297.020,1.0000,1.0000,1.0000,0.9500,700.00,700.00,700.00,0.00
309.00,180.000,180.000,170.000,175.000,71.674,73.551,71.754,42.997,107.709,112.549,107.991,57.202,268.644,279.192,270.468,297.103,1.0000,1.0000,1.0000,0.9500,700.00,700.00,700.00,0.00
310.00,180.000,180.000,170.000,175.000,71.914,73.811,71.995,43.092,107.968,112.845,108.254,57.311,268.881,279.481,270.714,297.185,1.0000,1.0000,1.0000,0.9500,700.00,700.00,700.00,0.00
311.00,180.000,180.000,170.000,175.000,72.154,74.071,72.236,43.186,108.227,113.141,108.516,57.420,269.118,279.770,270.960,297.268,1.0000,1.0000,1.0000,0.9500,700.00,700.00,700.00,0.00
312.00,180.000,180.000,170.000,175.000,72.394,74.331,72.478,43.281,108.485,113.437,108.778,57.529,269.356,280.059,271.206,297.351,1.0000,1.0000,1.0000,0.9500,700.00,700.00,700.00,0.00
313.00,180.000,180.000,170.000,175.000,72.634,74.591,72.720,43.376,108.744,113.733,109.040,57.638,269.593,280.348,271.452,297.434,1.0000,1.0000,1.0000,0.9500,700.00,700.00,700.00,0.00
314.00,180.000,180.000,170.000,175.000,72.874,74.852,72.961,43.471,109.003,114.029,109.301,57.748,269.830,280.636,271.697,297.517,1.0000,1.0000,1.0000,0.9500,700.00,700.00,700.00,0.00
315.00,180.000,180.000,170.000,175.000,73.115,75.113,73.203,43.566,109.261,114.324,109.563,57.857,270.066,280.925,271.943,297.600,1.0000,1.0000,1.0000,0.9500,700.00,700.00,700.00,0.00
316.00,180.000,180.000,170.000,175.000,73.355,75.374,73.445,43.661,109.519,114.620,109.824,57.966,270.303,281.214,272.188,297.684,1.0000,1.0000,1.0000,0.9500,700.00,700.00,700.00,0.00
317.00,180.000,180.000,170.000,175.000,73.596,75.635,73.687,43.756,109.777,114.916,110.086,58.075,270.540,281.503,272.433,297.767,1.0000,1.0000,1.0000,0.9500,700.00,700.00,700.00,0.00
318.00,180.000,180.000,170.000,175.000,73.837,75.897,73.930,43.851,110.035,115.212,110.347,58.184,270.776,281.791,272.679,297.850,1.0000,1.0000,1.0000,0.9500,700.00,700.00,700.00,0.00
319.00,180.000,180.000,170.000,175.000,74.078,76.158,74.172,43.947,110.293,115.507,110.608,58.294,271.013,282.080,272.924,297.933,1.0000,1.0000,1.0000,0.9500,700.00,700.00,700.00,0.00
320.00,180.000,180.000,170.000,175.000,74.319,76.420,74.415,44.042,110.550,115.803,110.869,58.403,271.249,282.368,273.169,298.016,1.0000,1.0000,1.0000,0.9500,700.00,700.00,700.00,0.00
321.00,180.000,180.000,170.000,175.000,74.560,76.682,74.657,44.138,110.808,116.099,111.130,58.513,271.486,282.657,273.413,298.100,1.0000,1.0000,1.0000,0.9500,700.00,700.00,700.00,0.00
322.00,180.000,180.000,170.000,175.000,74.801,76.945,74.900,44.234,111.065,116.394,111.390,58.622,271.722,282.945,273.658,298.183,1.0000,1.0000,1.0000,0.9500,700.00,700.00,700.00,0.00
323.00,180.000,180.000,170.000,175.000,75.043,77.207,75.143,44.329,111.322,116.690,111.651,58.732,271.958,283.234,273.903,298.266,1.0000,1.0000,1.0000,0.9500,700.00,700.00,700.00,0.00
324.00,180.000,180.000,170.000,175.000,75.284,77.470,75.386,44.425,111.579,116.985,111.911,58.841,272.194,283.522,274.147,298.350,1.0000,1.0000,1.0000,0.9500,700.00,700.00,700.00,0.00
325.00,180.000,180.000,170.000,175.000,75.526,77.733,75.629,44.521,111.836,117.281,112.171,58.951,272.429,283.810,274.392,298.433,1.0000,1.0000,1.0000,0.9500,700.00,700.00,700.00,0.00
326.00,180.000,180.000,170.000,175.000,75.768,77.996,75.872,44.617,112.093,117.576,112.432,59.060,272.665,284.098,274.636,298.516,1.0000,1.0000,1.0000,0.9500,700.00,700.00,700.00,0.00
327.00,180.000,180.000,170.000,175.000,76.009,78.260,76.116,44.714,112.349,117.871,112.692,59.170,272.901,284.386,274.881,298.600,1.0000,1.0000,1.0000,0.9500,700.00,700.00,700.00,0.00
328.00,180.000,180.000,170.000,175.000,76.251,78.524,76.359,44.810,112.606,118.167,112.951,59.280,273.136,284.675,275.125,298.683,1.0000,1.0000,1.0000,0.9500,700.00,700.00,700.00,0.00
329.00,180.000,180.000,170.000,175.000,76.493,78.788,76.603,44.906,112.862,118.462,113.211,59.390,273.372,284.963,275.369,298.767,1.0000,1.0000,1.0000,0.9500,700.00,700.00,700.00,0.00
330.00,180.000,180.000,170.000,175.000,76.735,79.052,76.846,45.003,113.118,118.757,113.471,59.500,273.607,285.251,275.613,298.850,1.0000,1.0000,1.0000,0.9500,700.00,700.00,700.00,0.00
331.00,180.000,180.000,170.000,175.000,76.977,79.316,77.090,45.099,113.374,119.052,113.730,59.609,273.842,285.538,275.857,298.934,1.0000,1.0000,1.0000,0.9500,700.00,700.00,700.00,0.00
332.00,180.000,180.000,170.000,175.000,77.220,79.580,77.334,45.196,113.630,119.347,113.990,59.719,274.077,285.826,276.100,299.018,1.0000,1.0000,1.0000,0.9500,700.00,700.00,700.00,0.00
333.00,180.000,180.000,170.000,175.000,77.462,79.845,77.578,45.292,113.886,119.643,114.249,59.829,274.312,286.114,276.344,299.101,1.0000,1.0000,1.0000,0.9500,700.00,700.00,700.00,0.00
334.00,180.000,180.000,170.000,175.000,77.704,80.110,77.822,45.389,114.141,119.938,114.508,59.939,274.547,286.402,276.588,299.185,1.0000,1.0000,1.0000,0.9500,700.00,700.00,700.00,0.00
335.00,180.000,180.000,170.000,175.000,77.947,80.375,78.066,45.486,114.397,120.233,114.767,60.049,274.782,286.690,276.831,299.269,1.0000,1.0000,1.0000,0.9500,700.00,700.00,700.00,0.00
336.00,180.000,180.000,170.000,175.000,78.190,80.641,78.311,45.583,114.652,120.528,115.026,60.159,275.016,286.977,277.075,299.352,1.0000,1.0000,1.0000,0.9500,700.00,700.00,700.00,0.00
337.00,180.000,180.000,170.000,175.000,78.432,80.906,78.555,45.680,114.907,120.822,115.284,60.270,275.251,287.265,277.318,299.436,1.0000,1.0000,1.0000,0.9500,700.00,700.00,700.00,0.00
338.00,180.000,180.000,170.000,175.000,78.675,81.172,78.799,45.777,115.162,121.117,115.543,60.380,275.485,287.553,277.561,299.520,1.0000,1.0000,1.0000,0.9500,700.00,700.00,700.00,0.00
339.00,180.000,180.000,170.000,175.000,78.918,81.438,79.044,45.874,115.417,121.412,115.801,60.490,275.720,287.840,277.804,299.604,1.0000,1.0000,1.0000,0.9500,700.00,700.00,700.00,0.00
340.00,180.000,180.000,170.000,175.000,79.161,81.704,79.289,45.972,115.672,121.707,116.059,60.600,275.954,288.127,278.047,299.688,1.0000,1.0000,1.0000,0.9500,700.00,700.00,700.00,0.00
341.00,180.000,180.000,170.000,175.000,79.404,81.970,79.533,46.069,115.926,122.002,116.318,60.711,276.188,288.415,278.290,299.772,1.0000,1.0000,1.0000,0.9500,700.00,700.00,700.00,0.00
342.00,180.000,180.000,170.000,175.000,79.647,82.237,79.778,46.166,116.180,122.296,116.576,60.821,276.422,288.702,278.533,299.856,1.0000,1.0000,1.0000,0.9500,700.00,700.00,700.00,0.00
343.00,180.000,180.000,170.000,175.000,79.890,82.503,80.023,46.264,116.435,122.591,116.834,60.931,276.656,288.990,278.776,299.940,1.0000,1.0000,1.0000,0.9500,700.00,700.00,700.00,0.00
344.00,180.000,180.000,170.000,175.000,80.133,82.770,80.268,46.362,116.689,122.885,117.091,61.042,276.890,289.277,279.018,300.024,1.0000,1.0000,1.0000,0.9500,700.00,700.00,700.00,0.00
345.00,180.000,180.000,170.000,175.000,80.377,83.037,80.513,46.459,116.943,123.180,117.349,61.152,277.124,289.564,279.261,300.108,1.0000,1.0000,1.0000,0.9500,700.00,700.00,700.00,0.00
346.00,180.000,180.000,170.000,175.000,80.620,83.304,80.759,46.557,117.197,123.475,117.607,61.263,277.357,289.851,279.503,300.192,1.0000,1.0000,1.0000,0.9500,700.00,700.00,700.00,0.00
347.00,180.000,180.000,170.000,175.000,80.864,83.572,81.004,46.655,117.450,123.769,117.864,61.373,277.591,290.138,279.745,300.276,1.0000,1.0000,1.0000,0.9500,700.00,700.00,700.00,0.00
348.00,180.000,180.000,170.000,175.000,81.107,83.839,81.249,46.753,117.704,124.063,118.121,61.484,277.824,290.425,279.988,300.360,1.0000,1.0000,1.0000,0.9500,700.00,700.00,700.00,0.00
349.00,180.000,180.000,170.000,175.000,81.351,84.107,81.495,46.851,117.957,124.358,118.378,61.595,278.058,290.712,280.230,300.444,1.0000,1.0000,1.0000,0.9500,700.00,700.00,700.00,0.00
350.00,180.000,180.000,170.000,175.000,81.594,84.375,81.740,46.949,118.211,124.652,118.635,61.705,278.291,290.999,280.472,300.528,1.0000,1.0000,1.0000,0.9500,700.00,700.00,700.00,0.00
351.00,180.000,180.000,170.000,175.000,81.838,84.643,81.986,47.047,118.464,124.946,118.892,61.816,278.524,291.286,280.714,300.613,1.0000,1.0000,1.0000,0.9500,700.00,700.00,700.00,0.00
352.00,180.000,180.000,170.000,175.000,82.082,84.911,82.231,47.146,118.717,125.241,119.149,61.927,278.757,291.573,280.956,300.697,1.0000,1.0000,1.0000,0.9500,700.00,700.00,700.00,0.00
353.00,180.000,180.000,170.000,175.000,82.326,85.180,82.477,47.244,118.970,125.535,119.406,62.037,278.990,291.859,281.197,300.781,1.0000,1.0000,1.0000,0.9500,700.00,700.00,700.00,0.00
354.00,180.000,180.000,170.000,175.000,82.570,85.449,82.723,47.343,119.223,125.829,119.662,62.148,279.223,292.146,281.439,300.865,1.0000,1.0000,1.0000,0.9500,700.00,700.00,700.00,0.00
355.00,180.000,180.000,170.000,175.000,82.814,85.717,82.969,47.441,119.475,126.123,119.919,62.259,279.455,292.433,281.681,300.950,1.0000,1.0000,1.0000,0.9500,700.00,700.00,700.00,0.00
356.00,180.000,180.000,170.000,175.000,83.058,85.986,83.215,47.540,119.728,126.417,120.175,62.370,279.688,292.719,281.922,301.034,1.0000,1.0000,1.0000,0.9500,700.00,700.00,700.00,0.00
357.00,180.000,180.000,170.000,175.000,83.302,86.255,83.461,47.639,119.980,126.711,120.431,62.481,279.921,293.006,282.163,301.119,1.0000,1.0000,1.0000,0.9500,700.00,700.00,700.00,0.00
358.00,180.000,180.000,170.000,175.000,83.546,86.525,83.707,47.737,120.232,127.005,120.687,62.592,280.153,293.292,282.405,301.203,1.0000,1.0000,1.0000,0.9500,700.00,700.00,700.00,0.00
359.00,180.000,180.000,170.000,175.000,83.790,86.794,83.953,47.836,120.484,127.299,120.943,62.703,280.385,293.579,282.646,301.287,1.0000,1.0000,1.0000,0.9500,700.00,700.00,700.00,0.00
360.00,180.000,180.000,170.000,175.000,84.034,87.064,84.199,47.935,120.736,127.593,121.199,62.814,280.618,293.865,282.887,301.372,1.0000,1.0000,1.0000,0.9500,700.00,700.00,700.00,0.00
361.00,180.000,180.000,170.000,175.000,84.278,87.334,84.445,48.034,120.988,127.887,121.455,62.925,280.850,294.151,283.128,301.456,1.0000,1.0000,1.0000,0.9500,700.00,700.00,700.00,0.00
362.00,180.000,180.000,170.000,175.000,84.523,87.604,84.692,48.133,121.240,128.180,121.710,63.036,281.082,294.438,283.369,301.541,1.0000,1.0000,1.0000,0.9500,700.00,700.00,700.00,0.00
363.00,180.000,180.000,170.000,175.000,84.767,87.874,84.938,48.233,121.491,128.474,121.966,63.148,281.314,294.724,283.610,301.626,1.0000,1.0000,1.0000,0.9500,700.00,700.00,700.00,0.00
364.00,180.000,180.000,170.000,175.000,85.012,88.144,85.185,48.332,121.743,128.768,122.221,63.259,281.546,295.010,283.850,301.710,1.0000,1.0000,1.0000,0.9500,700.00,700.00,700.00,0.00
365.00,180.000,180.000,170.000,175.000,85.256,88.414,85.431,48.431,121.994,129.061,122.476,63.370,281.777,295.296,284.091,301.795,1.0000,1.0000,1.0000,0.9500,700.00,700.00,700.00,0.00
366.00,180.000,180.000,170.000,175.000,85.501,88.685,85.678,48.531,122.245,129.355,122.731,63.481,282.009,295.582,284.332,301.880,1.0000,1.0000,1.0000,0.9500,700.00,700.00,700.00,0.00
367.00,180.000,180.000,170.000,175.000,85.745,88.956,85.924,48.630,122.496,129.649,122.986,63.593,282.240,295.868,284.572,301.964,1.0000,1.0000,1.0000,0.9500,700.00,700.00,700.00,0.00
368.00,180.000,180.000,170.000,175.000,85.990,89.226,86.171,48.730,122.747,129.942,123.241,63.704,282.472,296.154,284.812,302.049,1.0000,1.0000,1.0000,0.9500,700.00,700.00,700.00,0.00
369.00,180.000,180.000,170.000,175.000,86.234,89.497,86.418,48.830,122.998,130.235,123.496,63.816,282.703,296.440,285.053,302.134,1.0000,1.0000,1.0000,0.9500,700.00,700.00,700.00,0.00
370.00,180.000,180.000,170.000,175.000,86.479,89.769,86.664,48.929,123.248,130.529,123.750,63.927,282.935,296.726,285.293,302.218,1.0000,1.0000,1.0000,0.9500,700.00,700.00,700.00,0.00
371.00,180.000,180.000,170.000,175.000,86.724,90.040,86.911,49.029,123.499,130.822,124.005,64.039,283.166,297.011,285.533,302.303,1.0000,1.0000,1.0000,0.9500,700.00,700.00,700.00,0.00
372.00,180.000,180.000,170.000,175.000,86.969,90.311,87.158,49.129,123.749,131.116,124.259,64.150,283.397,297.297,285.773,302.388,1.0000,1.0000,1.0000,0.9500,700.00,700.00,700.00,0.00
373.00,180.000,180.000,170.000,175.000,87.213,90.583,87.405,49.229,123.999,131.409,124.513,64.262,283.628,297.583,286.013,302.473,1.0000,1.0000,1.0000,0.9500,700.00,700.00,700.00,0.00
374.00,180.000,180.000,170.000,175.000,87.458,90.855,87.652,49.329,124.249,131.702,124.767,64.373,283.859,297.868,286.253,302.558,1.0000,1.0000,1.0000,0.9500,700.00,700.00,700.00,0.00
375.00,180.000,180.000,170.000,175.000,87.703,91.127,87.899,49.429,124.499,131.995,125.021,64.485,284.089,298.154,286.492,302.643,1.0000,1.0000,1.0000,0.9500,700.00,700.00,700.00,0.00
376.00,180.000,180.000,170.000,175.000,87.948,91.399,88.146,49.529,124.749,132.288,125.275,64.597,284.320,298.439,286.732,302.728,1.0000,1.0000,1.0000,0.9500,700.00,700.00,700.00,0.00
377.00,180.000,180.000,170.000,175.000,88.193,91.671,88.393,49.630,124.999,132.581,125.529,64.708,284.551,298.725,286.971,302.813,1.0000,1.0000,1.0000,0.9500,700.00,700.00,700.00,0.00
378.00,180.000,180.000,170.000,175.000,88.438,91.943,88.641,49.730,125.248,132.874,125.783,64.820,284.781,299.010,287.211,302.898,1.0000,1.0000,1.0000,0.9500,700.00,700.00,700.00,0.00
379.00,180.000,180.000,170.000,175.000,88.683,92.216,88.888,49.831,125.498,133.167,126.036,64.932,285.011,299.295,287.450,302.983,1.0000,1.0000,1.0000,0.9500,700.00,700.00,700.00,0.00
380.00,180.000,180.000,170.000,175.000,88.928,92.488,89.135,49.931,125.747,133.460,126.289,65.044,285.242,299.581,287.689,303.068,1.0000,1.0000,1.0000,0.9500,700.00,700.00,700.00,0.00
381.00,180.000,180.000,170.000,175.000,89.173,92.761,89.382,50.032,125.996,133.753,126.543,65.156,285.472,299.866,287.929,303.153,1.0000,1.0000,1.0000,0.9500,700.00,700.00,700.00,0.00
382.00,180.000,180.000,170.000,175.000,89.418,93.034,89.630,50.132,126.245,134.046,126.796,65.268,285.702,300.151,288.168,303.238,1.0000,1.0000,1.0000,0.9500,700.00,700.00,700.00,0.00
383.00,180.000,180.000,170.000,175.000,89.663,93.307,89.877,50.233,126.494,134.339,127.049,65.380,285.932,300.436,288.407,303.323,1.0000,1.0000,1.0000,0.9500,700.00,700.00,700.00,0.00
384.00,180.000,180.000,170.000,175.000,89.908,93.580,90.124,50.334,126.743,134.632,127.302,65.492,286.162,300.721,288.645,303.408,1.0000,1.0000,1.0000,0.9500,700.00,700.00,700.00,0.00
385.00,180.000,180.000,170.000,175.000,90.154,93.853,90.372,50.435,126.992,134.924,127.555,65.604,286.392,301.006,288.884,303.494,1.0000,1.0000,1.0000,0.9500,700.00,700.00,700.00,0.00
386.00,180.000,180.000,170.000,175.000,90.399,94.127,90.619,50.536,127.240,135.217,127.807,65.716,286.622,301.291,289.123,303.579,1.0000,1.0000,1.0000,0.9500,700.00,700.00,700.00,0.00
387.00,180.000,180.000,170.000,175.000,90.644,94.400,90.867,50.637,127.489,135.510,128.060,65.828,286.851,301.576,289.362,303.664,1.0000,1.0000,1.0000,0.9500,700.00,700.00,700.00,0.00
388.00,180.000,180.000,170.000,175.000,90.889,94.674,91.114,50.738,127.737,135.802,128.312,65.940,287.081,301.860,289.600,303.749,1.0000,1.0000,1.0000,0.9500,700.00,700.00,700.00,0.00
389.00,180.000,180.000,170.000,175.000,91.134,94.947,91.362,50.839,127.985,136.095,128.565,66.052,287.310,302.145,289.839,303.835,1.0000,1.0000,1.0000,0.9500,700.00,700.00,700.00,0.00
390.00,180.000,180.000,170.000,175.000,91.380,95.221,91.610,50.940,128.233,136.387,128.817,66.164,287.540,302.430,290.077,303.920,1.0000,1.0000,1.0000,0.9500,700.00,700.00,700.00,0.00
391.00,180.000,180.000,170.000,175.000,91.625,95.495,91.857,51.042,128.481,136.679,129.069,66.276,287.769,302.715,290.315,304.005,1.0000,1.0000,1.0000,0.9500,700.00,700.00,700.00,0.00
392.00,180.000,180.000,170.000,175.000,91.870,95.770,92.105,51.143,128.729,136.972,129.321,66.389,287.998,302.999,290.553,304.091,1.0000,1.0000,1.0000,0.9500,700.00,700.00,700.00,0.00
393.00,180.000,180.000,170.000,175.000,92.116,96.044,92.353,51.245,128.976,137.264,129.573,66.501,288.227,303.284,290.792,304.176,1.0000,1.0000,1.0000,0.9500,700.00,700.00,700.00,0.00
394.00,180.000,180.000,170.000,175.000,92.361,96.318,92.600,51.346,129.224,137.556,129.825,66.613,288.456,303.568,291.030,304.262,1.0000,1.0000,1.0000,0.9500,700.00,700.00,700.00,0.00
395.00,180.000,180.000,170.000,175.000,92.606,96.593,92.848,51.448,129.471,137.849,130.077,66.726,288.685,303.852,291.267,304.347,1.0000,1.0000,1.0000,0.9500,700.00,700.00,700.00,0.00
396.00,180.000,180.000,170.000,175.000,92.852,96.867,93.096,51.550,129.719,138.141,130.328,66.838,288.914,304.137,291.505,304.433,1.0000,1.0000,1.0000,0.9500,700.00,700.00,700.00,0.00
397.00,180.000,180.000,170.000,175.000,93.097,97.142,93.344,51.651,129.966,138.433,130.580,66.951,289.142,304.421,291.743,304.518,1.0000,1.0000,1.0000,0.9500,700.00,700.00,700.00,0.00
398.00,180.000,180.000,170.000,175.000,93.342,97.417,93.592,51.753,130.213,138.725,130.831,67.063,289.371,304.705,291.981,304.604,1.0000,1.0000,1.0000,0.9500,700.00,700.00,700.00,0.00
399.00,180.000,180.000,170.000,175.000,93.588,97.692,93.839,51.855,130.460,139.017,131.082,67.176,289.600,304.989,292.218,304.689,1.0000,1.0000,1.0000,0.9500,700.00,700.00,700.00,0.00
400.00,180.000,180.000,170.000,175.000,93.833,97.967,94.087,51.957,130.707,139.309,131.333,67.288,289.828,305.274,292.456,304.775,1.0000,1.0000,1.0000,0.9500,700.00,700.00,700.00,0.00
401.00,180.000,180.000,170.000,175.000,94.079,98.242,94.335,52.059,130.953,139.601,131.584,67.401,290.056,305.558,292.693,304.861,1.0000,1.0000,1.0000,0.9500,700.00,700.00,700.00,0.00
402.00,180.000,180.000,170.000,175.000,94.324,98.517,94.583,52.161,131.200,139.893,131.835,67.513,290.285,305.842,292.930,304.946,1.0000,1.0000,1.0000,0.9500,700.00,700.00,700.00,0.00
403.00,180.000,180.000,170.000,175.000,94.569,98.793,94.831,52.263,131.446,140.185,132.086,67.626,290.513,306.126,293.168,305.032,1.0000,1.0000,1.0000,0.9500,700.00,700.00,700.00,0.00
404.00,180.000,180.000,170.000,175.000,94.815,99.068,95.079,52.366,131.693,140.477,132.337,67.739,290.741,306.409,293.405,305.118,1.0000,1.0000,1.0000,0.9500,700.00,700.00,700.00,0.00
405.00,180.000,180.000,170.000,175.000,95.060,99.344,95.327,52.468,131.939,140.768,132.587,67.851,290.969,306.693,293.642,305.203,1.0000,1.0000,1.0000,0.9500,700.00,700.00,700.00,0.00
406.00,180.000,180.000,170.000,175.000,95.306,99.620,95.575,52.570,132.185,141.060,132.838,67.964,291.197,306.977,293.879,305.289,1.0000,1.0000,1.0000,0.9500,700.00,700.00,700.00,0.00
407.00,180.000,180.000,170.000,175.000,95.551,99.895,95.823,52.673,132.431,141.352,133.088,68.077,291.425,307.261,294.116,305.375,1.0000,1.0000,1.0000,0.9500,700.00,700.00,700.00,0.00
408.00,180.000,180.000,170.000,175.000,95.797,100.171,96.071,52.775,132.677,141.643,133.338,68.190,291.652,307.544,294.352,305.461,1.0000,1.0000,1.0000,0.9500,700.00,700.00,700.00,0.00
409.00,180.000,180.000,170.000,175.000,96.042,100.447,96.319,52.878,132.922,141.935,133.588,68.302,291.880,307.828,294.589,305.547,1.0000,1.0000,1.0000,0.9500,700.00,700.00,700.00,0.00
410.00,180.000,180.000,170.000,175.000,96.288,100.724,96.567,52.981,133.168,142.226,133.838,68.415,292.107,308.111,294.826,305.633,1.0000,1.0000,1.0000,0.9500,700.00,700.00,700.00,0.00
411.00,180.000,180.000,170.000,175.000,96.533,101.000,96.815,53.084,133.413,142.518,134.088,68.528,292.335,308.395,295.062,305.718,1.0000,1.0000,1.0000,0.9500,700.00,700.00,700.00,0.00
412.00,180.000,180.000,170.000,175.000,96.779,101.276,97.063,53.186,133.659,142.809,134.338,68.641,292.562,308.678,295.299,305.804,1.0000,1.0000,1.0000,0.9500,700.00,700.00,700.00,0.00
413.00,180.000,180.000,170.000,175.000,97.024,101.553,97.311,53.289,133.904,143.100,134.588,68.754,292.789,308.962,295.535,305.890,1.0000,1.0000,1.0000,0.9500,700.00,700.00,700.00,0.00
414.00,180.000,180.000,170.000,175.000,97.269,101.829,97.559,53.392,134.149,143.392,134.837,68.867,293.017,309.245,295.771,305.976,1.0000,1.0000,1.0000,0.9500,700.00,700.00,700.00,0.00
415.00,180.000,180.000,170.000,175.000,97.515,102.106,97.807,53.495,134.394,143.683,135.087,68.980,293.244,309.528,296.007,306.062,1.0000,1.0000,1.0000,0.9500,700.00,700.00,700.00,0.00
416.00,180.000,180.000,170.000,175.000,97.760,102.383,98.056,53.598,134.639,143.974,135.336,69.093,293.471,309.811,296.244,306.148,1.0000,1.0000,1.0000,0.9500,700.00,700.00,700.00,0.00
417.00,180.000,180.000,170.000,175.000,98.006,102.659,98.304,53.701,134.884,144.265,135.585,69.206,293.698,310.095,296.480,306.234,1.0000,1.0000,1.0000,0.9500,700.00,700.00,700.00,0.00
418.00,180.000,180.000,170.000,175.000,98.251,102.936,98.552,53.805,135.128,144.556,135.834,69.319,293.924,310.378,296.716,306.320,1.0000,1.0000,1.0000,0.9500,700.00,700.00,700.00,0.00
419.00,180.000,180.000,170.000,175.000,98.497,103.213,98.800,53.908,135.373,144.847,136.083,69.433,294.151,310.661,296.951,306.406,1.0000,1.0000,1.0000,0.9500,700.00,700.00,700.00,0.00
420.00,180.000,180.000,170.000,175.000,98.742,103.490,99.048,54.011,135.617,145.138,136.332,69.546,294.378,310.944,297.187,306.493,1.0000,1.0000,1.0000,0.9500,700.00,700.00,700.00,0.00
421.00,180.000,180.000,170.000,175.000,98.988,103.768,99.296,54.115,135.862,145.429,136.581,69.659,294.604,311.226,297.423,306.579,1.0000,1.0000,1.0000,0.9500,700.00,700.00,700.00,0.00
422.00,180.000,180.000,170.000,175.000,99.233,104.045,99.544,54.218,136.106,145.720,136.830,69.772,294.831,311.509,297.658,306.665,1.0000,1.0000,1.0000,0.9500,700.00,700.00,700.00,0.00
423.00,180.000,180.000,170.000,175.000,99.478,104.322,99.793,54.322,136.350,146.011,137.078,69.886,295.057,311.792,297.894,306.751,1.0000,1.0000,1.0000,0.9500,700.00,700.00,700.00,0.00
424.00,180.000,180.000,170.000,175.000,99.724,104.600,100.041,54.425,136.594,146.302,137.327,69.999,295.284,312.075,298.129,306.837,1.0000,1.0000,1.0000,0.9500,700.00,700.00,700.00,0.00
425.00,180.000,180.000,170.000,175.000,99.969,104.877,100.289,54.529,136.838,146.593,137.575,70.112,295.510,312.357,298.365,306.924,1.0000,1.0000,1.0000,0.9500,700.00,700.00,700.00,0.00
426.00,180.000,180.000,170.000,175.000,100.215,105.155,100.537,54.633,137.081,146.883,137.824,70.226,295.736,312.640,298.600,307.010,1.0000,1.0000,1.0000,0.9500,700.00,700.00,700.00,0.00
427.00,180.000,180.000,170.000,175.000,100.460,105.433,100.785,54.736,137.325,147.174,138.072,70.339,295.962,312.923,298.835,307.096,1.0000,1.0000,1.0000,0.9500,700.00,700.00,700.00,0.00
428.00,180.000,180.000,170.000,175.000,100.705,105.711,101.033,54.840,137.568,147.465,138.320,70.452,296.188,313.205,299.070,307.182,1.0000,1.0000,1.0000,0.9500,700.00,700.00,700.00,0.00
429.00,180.000,180.000,170.000,175.000,100.951,105.989,101.282,54.944,137.812,147.755,138.568,70.566,296.414,313.487,299.305,307.269,1.0000,1.0000,1.0000,0.9500,700.00,700.00,700.00,0.00
430.00,180.000,180.000,170.000,175.000,101.196,106.267,101.530,55.048,138.055,148.046,138.816,70.679,296.640,313.770,299.540,307.355,1.0000,1.0000,1.0000,0.9500,700.00,700.00,700.00,0.00
431.00,180.000,180.000,170.000,175.000,101.441,106.545,101.778,55.152,138.298,148.336,139.063,70.793,296.865,314.052,299.775,307.441,1.0000,1.0000,1.0000,0.9500,700.00,700.00,700.00,0.00
432.00,180.000,180.000,170.000,175.000,101.687,106.823,102.026,55.256,138.541,148.627,139.311,70.907,297.091,314.334,300.010,307.528,1.0000,1.0000,1.0000,0.9500,700.00,700.00,700.00,0.00
433.00,180.000,180.000,170.000,175.000,101.932,107.101,102.274,55.361,138.784,148.917,139.559,71.020,297.316,314.617,300.244,307.614,1.0000,1.0000,1.0000,0.9500,700.00,700.00,700.00,0.00
434.00,180.000,180.000,170.000,175.000,102.177,107.379,102.522,55.465,139.027,149.207,139.806,71.134,297.542,314.899,300.479,307.701,1.0000,1.0000,1.0000,0.9500,700.00,700.00,700.00,0.00
435.00,180.000,180.000,170.000,175.000,102.422,107.658,102.770,55.569,139.269,149.498,140.053,71.247,297.767,315.181,300.713,307.787,1.0000,1.0000,1.0000,0.9500,700.00,700.00,700.00,0.00
436.00,180.000,180.000,170.000,175.000,102.668,107.936,103.019,55.673,139.512,149.788,140.301,71.361,297.992,315.463,300.948,307.874,1.0000,1.0000,1.0000,0.9500,700.00,700.00,700.00,0.00
437.00,180.000,180.000,170.000,175.000,102.913,108.215,103.267,55.778,139.754,150.078,140.548,71.475,298.218,315.745,301.182,307.960,1.0000,1.0000,1.0000,0.9500,700.00,700.00,700.00,0.00
438.00,180.000,180.000,170.000,175.000,103.158,108.494,103.515,55.882,139.997,150.368,140.795,71.589,298.443,316.027,301.416,308.047,1.0000,1.0000,1.0000,0.9500,700.00,700.00,700.00,0.00
439.00,180.000,180.000,170.000,175.000,103.403,108.772,103.763,55.987,140.239,150.658,141.042,71.702,298.668,316.308,301.651,308.133,1.0000,1.0000,1.0000,0.9500,700.00,700.00,700.00,0.00
440.00,180.000,180.000,170.000,175.000,103.648,109.051,104.011,56.092,140.481,150.948,141.288,71.816,298.893,316.590,301.885,308.220,1.0000,1.0000,1.0000,0.9500,700.00,700.00,700.00,0.00
441.00,180.000,180.000,170.000,175.000,103.893,109.330,104.259,56.196,140.723,151.238,141.535,71.930,299.117,316.872,302.119,308.307,1.0000,1.0000,1.0000,0.9500,700.00,700.00,700.00,0.00
442.00,180.000,180.000,170.000,175.000,104.139,109.609,104.507,56.301,140.965,151.528,141.782,72.044,299.342,317.154,302.353,308.393,1.0000,1.0000,1.0000,0.9500,700.00,700.00,700.00,0.00
443.00,180.000,180.000,170.000,175.000,104.384,109.888,104.755,56.406,141.207,151.818,142.028,72.158,299.567,317.435,302.587,308.480,1.0000,1.0000,1.0000,0.9500,700.00,700.00,700.00,0.00
444.00,180.000,180.000,170.000,175.000,104.629,110.167,105.003,56.511,141.448,152.108,142.275,72.272,299.791,317.717,302.820,308.566,1.0000,1.0000,1.0000,0.9500,700.00,700.00,700.00,0.00
445.00,180.000,180.000,170.000,175.000,104.874,110.446,105.251,56.615,141.690,152.397,142.521,72.386,300.016,317.998,303.054,308.653,1.0000,1.0000,1.0000,0.9500,700.00,700.00,700.00,0.00
446.00,180.000,180.000,170.000,175.000,105.119,110.725,105.500,56.720,141.931,152.687,142.767,72.500,300.240,318.280,303.288,308.740,1.0000,1.0000,1.0000,0.9500,700.00,700.00,700.00,0.00
447.00,180.000,180.000,170.000,175.000,105.364,111.005,105.748,56.825,142.173,152.977,143.013,72.614,300.465,318.561,303.521,308.827,1.0000,1.0000,1.0000,0.9500,700.00,700.00,700.00,0.00
448.00,180.000,180.000,170.000,175.000,105.609,111.284,105.996,56.931,142.414,153.266,143.259,72.728,300.689,318.842,303.755,308.913,1.0000,1.0000,1.0000,0.9500,700.00,700.00,700.00,0.00
449.00,180.000,180.000,170.000,175.000,105.854,111.563,106.244,57.036,142.655,153.556,143.505,72.842,300.913,319.124,303.988,309.000,1.0000,1.0000,1.0000,0.9500,700.00,700.00,700.00,0.00
450.00,180.000,180.000,170.000,175.000,106.099,111.843,106.492,57.141,142.896,153.845,143.751,72.956,301.137,319.405,304.221,309.087,1.0000,1.0000,1.0000,0.9500,700.00,700.00,700.00,0.00
451.00,180.000,180.000,170.000,175.000,106.344,112.123,106.740,57.246,143.137,154.135,143.997,73.070,301.361,319.686,304.454,309.174,1.0000,1.0000,1.0000,0.9500,700.00,700.00,700.00,0.00
452.00,180.000,180.000,170.000,175.000,106.588,112.402,106.988,57.352,143.378,154.424,144.242,73.184,301.585,319.967,304.688,309.261,1.0000,1.0000,1.0000,0.9500,700.00,700.00,700.00,0.00
453.00,180.000,180.000,170.000,175.000,106.833,112.682,107.235,57.457,143.619,154.713,144.488,73.298,301.809,320.248,304.921,309.348,1.0000,1.0000,1.0000,0.9500,700.00,700.00,700.00,0.00
454.00,180.000,180.000,170.000,175.000,107.078,112.962,107.483,57.562,143.859,155.003,144.733,73.412,302.033,320.529,305.154,309.434,1.0000,1.0000,1.0000,0.9500,700.00,700.00,700.00,0.00
455.00,180.000,180.000,170.000,175.000,107.323,113.241,107.731,57.668,144.100,155.292,144.978,73.527,302.256,320.810,305.387,309.521,1.0000,1.0000,1.0000,0.9500,700.00,700.00,700.00,0.00
456.00,180.000,180.000,170.000,175.000,107.568,113.521,107.979,57.773,144.340,155.581,145.224,73.641,302.480,321.091,305.619,309.608,1.0000,1.0000,1.0000,0.9500,700.00,700.00,700.00,0.00
457.00,180.000,180.000,170.000,175.000,107.812,113.801,108.227,57.879,144.580,155.870,145.469,73.755,302.703,321.371,305.852,309.695,1.0000,1.0000,1.0000,0.9500,700.00,700.00,700.00,0.00
458.00,180.000,180.000,170.000,175.000,108.057,114.081,108.475,57.985,144.820,156.159,145.714,73.869,302.927,321.652,306.085,309.782,1.0000,1.0000,1.0000,0.9500,700.00,700.00,700.00,0.00
459.00,180.000,180.000,170.000,175.000,108.302,114.361,108.723,58.090,145.060,156.448,145.959,73.984,303.150,321.933,306.317,309.869,1.0000,1.0000,1.0000,0.9500,700.00,700.00,700.00,0.00
460.00,180.000,180.000,170.000,175.000,108.546,114.641,108.971,58.196,145.300,156.737,146.203,74.098,303.373,322.213,306.550,309.956,1.0000,1.0000,1.0000,0.9500,700.00,700.00,700.00,0.00
461.00,180.000,180.000,170.000,175.000,108.791,114.922,109.218,58.302,145.540,157.026,146.448,74.213,303.596,322.494,306.782,310.043,1.0000,1.0000,1.0000,0.9500,700.00,700.00,700.00,0.00
462.00,180.000,180.000,170.000,175.000,109.036,115.202,109.466,58.408,145.780,157.315,146.693,74.327,303.819,322.774,307.014,310.130,1.0000,1.0000,1.0000,0.9500,700.00,700.00,700.00,0.00
463.00,180.000,180.000,170.000,175.000,109.280,115.482,109.714,58.514,146.019,157.604,146.937,74.441,304.042,323.055,307.247,310.218,1.0000,1.0000,1.0000,0.9500,700.00,700.00,700.00,0.00
464.00,180.000,180.000,170.000,175.000,109.525,115.763,109.962,58.620,146.259,157.893,147.182,74.556,304.265,323.335,307.479,310.305,1.0000,1.0000,1.0000,0.9500,700.00,700.00,700.00,0.00
465.00,180.000,180.000,170.000,175.000,109.769,116.043,110.209,58.726,146.498,158.181,147.426,74.670,304.488,323.615,307.711,310.392,1.0000,1.0000,1.0000,0.9500,700.00,700.00,700.00,0.00
466.00,180.000,180.000,170.000,175.000,110.014,116.323,110.457,58.832,146.737,158.470,147.670,74.785,304.711,323.895,307.943,310.479,1.0000,1.0000,1.0000,0.9500,700.00,700.00,700.00,0.00
467.00,180.000,180.000,170.000,175.000,110.258,116.604,110.705,58.938,146.977,158.759,147.914,74.899,304.934,324.176,308.175,310.566,1.0000,1.0000,1.0000,0.9500,700.00,700.00,700.00,0.00
468.00,180.000,180.000,170.000,175.000,110.502,116.885,110.952,59.045,147.216,159.047,148.158,75.014,305.156,324.456,308.407,310.653,1.0000,1.0000,1.0000,0.9500,700.00,700.00,700.00,0.00
469.00,180.000,180.000,170.000,175.000,110.747,117.165,111.200,59.151,147.455,159.336,148.402,75.129,305.379,324.736,308.639,310.740,1.0000,1.0000,1.0000,0.9500,700.00,700.00,700.00,0.00
470.00,180.000,180.000,170.000,175.000,110.991,117.446,111.448,59.257,147.694,159.624,148.646,75.243,305.601,325.016,308.870,310.828,1.0000,1.0000,1.0000,0.9500,700.00,700.00,700.00,0.00
471.00,180.000,180.000,170.000,175.000,111.235,117.727,111.695,59.364,147.932,159.913,148.890,75.358,305.824,325.296,309.102,310.915,1.0000,1.0000,1.0000,0.9500,700.00,700.00,700.00,0.00
472.00,180.000,180.000,170.000,175.000,111.480,118.007,111.943,59.470,148.171,160.201,149.133,75.473,306.046,325.575,309.333,311.002,1.0000,1.0000,1.0000,0.9500,700.00,700.00,700.00,0.00
473.00,180.000,180.000,170.000,175.000,111.724,118.288,112.190,59.577,148.409,160.489,149.377,75.587,306.268,325.855,309.565,311.090,1.0000,1.0000,1.0000,0.9500,700.00,700.00,700.00,0.00
474.00,180.000,180.000,170.000,175.000,111.968,118.569,112.438,59.683,148.648,160.778,149.620,75.702,306.490,326.135,309.796,311.177,1.0000,1.0000,1.0000,0.9500,700.00,700.00,700.00,0.00
475.00,180.000,180.000,170.000,175.000,112.212,118.850,112.685,59.790,148.886,161.066,149.864,75.817,306.712,326.415,310.028,311.264,1.0000,1.0000,1.0000,0.9500,700.00,700.00,700.00,0.00
476.00,180.000,180.000,170.000,175.000,112.456,119.131,112.933,59.897,149.124,161.354,150.107,75.932,306.934,326.694,310.259,311.352,1.0000,1.0000,1.0000,0.9500,700.00,700.00,700.00,0.00
477.00,180.000,180.000,170.000,175.000,112.700,119.412,113.180,60.003,149.363,161.642,150.350,76.046,307.156,326.974,310.490,311.439,1.0000,1.0000,1.0000,0.9500,700.00,700.00,700.00,0.00
478.00,180.000,180.000,170.000,175.000,112.944,119.693,113.427,60.110,149.601,161.930,150.593,76.161,307.378,327.253,310.721,311.526,1.0000,1.0000,1.0000,0.9500,700.00,700.00,700.00,0.00
479.00,180.000,180.000,170.000,175.000,113.188,119.974,113.675,60.217,149.839,162.218,150.836,76.276,307.600,327.533,310.952,311.614,1.0000,1.0000,1.0000,0.9500,700.00,700.00,700.00,0.00
480.00,180.000,180.000,170.000,175.000,113.432,120.255,113.922,60.324,150.076,162.506,151.079,76.391,307.821,327.812,311.183,311.701,1.0000,1.0000,1.0000,0.9500,700.00,700.00,700.00,0.00
481.00,180.000,180.000,170.000,175.000,113.676,120.537,114.169,60.431,150.314,162.794,151.322,76.506,308.043,328.091,311.414,311.789,1.0000,1.0000,1.0000,0.9500,700.00,700.00,700.00,0.00
482.00,180.000,180.000,170.000,175.000,113.920,120.818,114.417,60.538,150.552,163.082,151.564,76.621,308.264,328.371,311.645,311.876,1.0000,1.0000,1.0000,0.9500,700.00,700.00,700.00,0.00
483.00,180.000,180.000,170.000,175.000,114.164,121.099,114.664,60.645,150.789,163.369,151.807,76.736,308.486,328.650,311.875,311.964,1.0000,1.0000,1.0000,0.9500,700.00,700.00,700.00,0.00
484.00,180.000,180.000,170.000,175.000,114.407,121.381,114.911,60.752,151.027,163.657,152.049,76.851,308.707,328.929,312.106,312.051,1.0000,1.0000,1.0000,0.9500,700.00,700.00,700.00,0.00
485.00,180.000,180.000,170.000,175.000,114.651,121.662,115.158,60.859,151.264,163.945,152.292,76.966,308.928,329.208,312.336,312.139,1.0000,1.0000,1.0000,0.9500,700.00,700.00,700.00,0.00
486.00,180.000,180.000,170.000,175.000,114.895,121.943,115.405,60.966,151.501,164.232,152.534,77.081,309.149,329.487,312.567,312.226,1.0000,1.0000,1.0000,0.9500,700.00,700.00,700.00,0.00
487.00,180.000,180.000,170.000,175.000,115.138,122.225,115.653,61.074,151.738,164.520,152.776,77.196,309.370,329.766,312.797,312.314,1.0000,1.0000,1.0000,0.9500,700.00,700.00,700.00,0.00
488.00,180.000,180.000,170.000,175.000,115.382,122.506,115.900,61.181,151.975,164.807,153.018,77.311,309.591,330.045,313.028,312.401,1.0000,1.0000,1.0000,0.9500,700.00,700.00,700.00,0.00
489.00,180.000,180.000,170.000,175.000,115.625,122.788,116.147,61.288,152.212,165.095,153.260,77.426,309.812,330.324,313.258,312.489,1.0000,1.0000,1.0000,0.9500,700.00,700.00,700.00,0.00
490.00,180.000,180.000,170.000,175.000,115.869,123.069,116.394,61.396,152.449,165.382,153.502,77.541,310.033,330.603,313.488,312.577,1.0000,1.0000,1.0000,0.9500,700.00,700.00,700.00,0.00
491.00,180.000,180.000,170.000,175.000,116.112,123.351,116.641,61.503,152.686,165.669,153.744,77.656,310.254,330.881,313.718,312.664,1.0000,1.0000,1.0000,0.9500,700.00,700.00,700.00,0.00
492.00,180.000,180.000,170.000,175.000,116.356,123.633,116.888,61.611,152.922,165.957,153.986,77.771,310.475,331.160,313.948,312.752,1.0000,1.0000,1.0000,0.9500,700.00,700.00,700.00,0.00
493.00,180.000,180.000,170.000,175.000,116.599,123.914,117.134,61.718,153.159,166.244,154.227,77.887,310.695,331.438,314.178,312.839,1.0000,1.0000,1.0000,0.9500,700.00,700.00,700.00,0.00
494.00,180.000,180.000,170.000,175.000,116.842,124.196,117.381,61.826,153.395,166.531,154.469,78.002,310.916,331.717,314.408,312.927,1.0000,1.0000,1.0000,0.9500,700.00,700.00,700.00,0.00
495.00,180.000,180.000,170.000,175.000,117.086,124.478,117.628,61.934,153.631,166.818,154.710,78.117,311.136,331.995,314.638,313.015,1.0000,1.0000,1.0000,0.9500,700.00,700.00,700.00,0.00
496.00,180.000,180.000,170.000,175.000,117.329,124.760,117.875,62.041,153.867,167.105,154.952,78.232,311.357,332.274,314.867,313.103,1.0000,1.0000,1.0000,0.9500,700.00,700.00,700.00,0.00
497.00,180.000,180.000,170.000,175.000,117.572,125.042,118.122,62.149,154.104,167.392,155.193,78.348,311.577,332.552,315.097,313.190,1.0000,1.0000,1.0000,0.9500,700.00,700.00,700.00,0.00
498.00,180.000,180.000,170.000,175.000,117.815,125.323,118.368,62.257,154.340,167.679,155.434,78.463,311.797,332.830,315.327,313.278,1.0000,1.0000,1.0000,0.9500,700.00,700.00,700.00,0.00
499.00,180.000,180.000,170.000,175.000,118.058,125.605,118.615,62.365,154.575,167.966,155.675,78.578,312.017,333.109,315.556,313.366,1.0000,1.0000,1.0000,0.9500,700.00,700.00,700.00,0.00
500.00,180.000,180.000,170.000,175.000,118.301,125.887,118.862,62.473,154.811,168.253,155.916,78.694,312.237,333.387,315.785,313.454,1.0000,1.0000,1.0000,0.9500,700.00,700.00,700.00,0.00
501.00,180.000,180.000,170.000,175.000,118.544,126.169,119.108,62.581,155.047,168.540,156.157,78.809,312.457,333.665,316.015,313.542,1.0000,1.0000,1.0000,0.9500,700.00,700.00,700.00,0.00
502.00,180.000,180.000,170.000,175.000,118.787,126.451,119.355,62.689,155.283,168.827,156.398,78.925,312.677,333.943,316.244,313.629,1.0000,1.0000,1.0000,0.9500,700.00,700.00,700.00,0.00
503.00,180.000,180.000,170.000,175.000,119.030,126.733,119.601,62.797,155.518,169.113,156.638,79.040,312.897,334.221,316.473,313.717,1.0000,1.0000,1.0000,0.9500,700.00,700.00,700.00,0.00
504.00,180.000,180.000,170.000,175.000,119.273,127.015,119.848,62.905,155.753,169.400,156.879,79.155,313.117,334.499,316.702,313.805,1.0000,1.0000,1.0000,0.9500,700.00,700.00,700.00,0.00
505.00,180.000,180.000,170.000,175.000,119.516,127.297,120.094,63.013,155.989,169.686,157.120,79.271,313.337,334.777,316.931,313.893,1.0000,1.0000,1.0000,0.9500,700.00,700.00,700.00,0.00
506.00,180.000,180.000,170.000,175.000,119.758,127.580,120.341,63.121,156.224,169.973,157.360,79.386,313.556,335.054,317.160,313.981,1.0000,1.0000,1.0000,0.9500,700.00,700.00,700.00,0.00
507.00,180.000,180.000,170.000,175.000,120.001,127.862,120.587,63.229,156.459,170.259,157.600,79.502,313.776,335.332,317.389,314.069,1.0000,1.0000,1.0000,0.9500,700.00,700.00,700.00,0.00
508.00,180.000,180.000,170.000,175.000,120.244,128.144,120.834,63.338,156.694,170.546,157.841,79.617,313.995,335.610,317.618,314.157,1.0000,1.0000,1.0000,0.9500,700.00,700.00,700.00,0.00
509.00,180.000,180.000,170.000,175.000,120.486,128.426,121.080,63.446,156.929,170.832,158.081,79.733,314.215,335.887,317.847,314.245,1.0000,1.0000,1.0000,0.9500,700.00,700.00,700.00,0.00
510.00,180.000,180.000,170.000,175.000,120.729,128.708,121.326,63.555,157.164,171.119,158.321,79.849,314.434,336.165,318.075,314.333,1.0000,1.0000,1.0000,0.9500,700.00,700.00,700.00,0.00
511.00,180.000,180.000,170.000,175.000,120.971,128.991,121.572,63.663,157.399,171.405,158.561,79.964,314.653,336.442,318.304,314.421,1.0000,1.0000,1.0000,0.9500,700.00,700.00,700.00,0.00
512.00,180.000,180.000,170.000,175.000,121.214,129.273,121.818,63.772,157.633,171.691,158.801,80.080,314.872,336.720,318.532,314.509,1.0000,1.0000,1.0000,0.9500,700.00,700.00,700.00,0.00
513.00,180.000,180.000,170.000,175.000,121.456,129.555,122.065,63.880,157.868,171.977,159.041,80.196,315.092,336.997,318.761,314.597,1.0000,1.0000,1.0000,0.9500,700.00,700.00,700.00,0.00
514.00,180.000,180.000,170.000,175.000,121.699,129.838,122.311,63.989,158.102,172.263,159.280,80.311,315.311,337.274,318.989,314.685,1.0000,1.0000,1.0000,0.9500,700.00,700.00,700.00,0.00
515.00,180.000,180.000,170.000,175.000,121.941,130.120,122.557,64.097,158.336,172.549,159.520,80.427,315.530,337.552,319.218,314.773,1.0000,1.0000,1.0000,0.9500,700.00,700.00,700.00,0.00
516.00,180.000,180.000,170.000,175.000,122.183,130.402,122.803,64.206,158.571,172.835,159.759,80.543,315.748,337.829,319.446,314.861,1.0000,1.0000,1.0000,0.9500,700.00,700.00,700.00,0.00
517.00,180.000,180.000,170.000,175.000,122.425,130.685,123.049,64.315,158.805,173.121,159.999,80.658,315.967,338.106,319.674,314.949,1.0000,1.0000,1.0000,0.9500,700.00,700.00,700.00,0.00
518.00,180.000,180.000,170.000,175.000,122.667,130.967,123.295,64.424,159.039,173.407,160.238,80.774,316.186,338.229,319.902,315.037,1.0000,0.9831,1.0000,0.9500,700.00,70.00,700.00,0.00
519.00,180.000,180.000,170.000,175.000,122.909,131.250,123.540,64.532,159.273,173.692,160.477,80.890,316.405,338.504,320.130,315.125,1.0000,1.0000,1.0000,0.9500,700.00,700.00,700.00,0.00
520.00,180.000,180.000,170.000,175.000,123.151,131.532,123.786,64.641,159.507,173.978,160.717,81.006,316.623,338.314,320.358,315.214,1.0000,0.9787,1.0000,0.9500,700.00,0.00,700.00,0.00
521.00,180.000,180.000,170.000,175.000,123.393,131.815,124.032,64.750,159.740,174.262,160.956,81.122,316.842,337.600,320.586,315.302,1.0000,0.9469,1.0000,0.9500,700.00,0.00,700.00,0.00
522.00,180.000,180.000,170.000,175.000,123.635,132.097,124.278,64.859,159.974,174.544,161.195,81.237,317.060,336.414,320.814,315.390,1.0000,0.9155,1.0000,0.9500,700.00,0.00,700.00,0.00
523.00,180.000,180.000,170.000,175.000,123.877,132.380,124.523,64.968,160.208,174.823,161.434,81.353,317.278,335.320,321.041,315.478,1.0000,0.8840,1.0000,0.9500,700.00,0.00,700.00,0.00
524.00,180.000,180.000,170.000,175.000,124.119,132.662,124.769,65.077,160.441,175.100,161.672,81.469,317.497,333.791,321.269,315.566,1.0000,0.8530,1.0000,0.9500,700.00,0.00,700.00,0.00
525.00,180.000,180.000,170.000,175.000,124.361,132.945,125.015,65.186,160.674,175.373,161.911,81.585,317.715,332.412,321.496,315.655,1.0000,0.8805,1.0000,0.9500,700.00,0.00,700.00,0.00
526.00,180.000,180.000,170.000,175.000,124.602,133.227,125.260,65.296,160.908,175.644,162.150,81.701,317.933,330.624,321.724,315.743,1.0000,0.8491,1.0000,0.9500,700.00,0.00,700.00,0.00
527.00,180.000,180.000,170.000,175.000,124.844,133.509,125.506,65.405,161.141,175.910,162.388,81.817,318.151,328.468,321.951,315.831,1.0000,0.8174,1.0000,0.9500,700.00,0.00,700.00,0.00
528.00,180.000,180.000,170.000,175.000,125.085,133.791,125.751,65.514,161.374,176.171,162.627,81.933,318.369,325.978,322.178,315.919,1.0000,0.7863,1.0000,0.9500,700.00,0.00,700.00,0.00
529.00,180.000,180.000,170.000,175.000,125.327,134.074,125.997,65.623,161.607,176.428,162.865,82.049,318.586,323.703,322.405,316.008,1.0000,0.7550,1.0000,0.9500,700.00,0.00,700.00,0.00
530.00,180.000,180.000,170.000,175.000,125.568,134.355,126.242,65.733,161.840,176.680,163.104,82.165,318.804,321.106,322.632,316.096,1.0000,0.7235,1.0000,0.9500,700.00,0.00,700.00,0.00
531.00,180.000,180.000,170.000,175.000,125.810,134.637,126.487,65.842,162.073,176.927,163.342,82.281,319.022,318.760,322.859,316.184,1.0000,0.7512,1.0000,0.9500,700.00,0.00,700.00,0.00
532.00,180.000,180.000,170.000,175.000,126.051,134.918,126.733,65.951,162.305,177.168,163.580,82.397,319.239,316.098,323.086,316.273,1.0000,0.7192,1.0000,0.9500,700.00,0.00,700.00,0.00
533.00,180.000,180.000,170.000,175.000,126.292,135.200,126.978,66.061,162.538,177.404,163.818,82.513,319.456,313.152,323.313,316.361,1.0000,0.6878,1.0000,0.9500,700.00,0.00,700.00,0.00
534.00,180.000,180.000,170.000,175.000,126.534,135.480,127.223,66.170,162.771,177.635,164.056,82.629,319.673,310.462,323.539,316.449,1.0000,0.6562,1.0000,0.9500,700.00,0.00,700.00,0.00
535.00,180.000,180.000,170.000,175.000,126.775,135.761,127.468,66.280,163.003,177.860,164.294,82.746,319.890,307.490,323.765,316.538,1.0000,0.6251,1.0000,0.9500,700.00,0.00,700.00,0.00
536.00,180.000,180.000,170.000,175.000,127.016,136.041,127.713,66.390,163.235,178.080,164.531,82.862,320.107,304.802,323.991,316.626,1.0000,0.6525,1.0000,0.9500,700.00,0.00,700.00,0.00
537.00,180.000,180.000,170.000,175.000,127.257,136.321,127.958,66.499,163.468,178.293,164.769,82.978,320.324,301.816,324.217,316.715,1.0000,0.6210,1.0000,0.9500,700.00,0.00,700.00,0.00
538.00,180.000,180.000,170.000,175.000,127.498,136.600,128.203,66.609,163.700,178.501,165.007,83.094,320.540,298.593,324.443,316.803,1.0000,0.5893,1.0000,0.9500,700.00,0.00,700.00,0.00
539.00,180.000,180.000,170.000,175.000,127.739,136.879,128.448,66.719,163.932,178.703,165.244,83.210,320.756,295.650,324.668,316.892,1.0000,0.5574,1.0000,0.9500,700.00,0.00,700.00,0.00
540.00,180.000,180.000,170.000,175.000,127.980,137.157,128.693,66.828,164.164,178.899,165.482,83.326,320.972,292.517,324.894,316.980,1.0000,0.5254,1.0000,0.9500,700.00,0.00,700.00,0.00
541.00,180.000,180.000,170.000,175.000,128.221,137.434,128.938,66.938,164.396,179.088,165.719,83.443,321.188,289.580,325.119,317.069,1.0000,0.5526,1.0000,0.9500,700.00,0.00,700.00,0.00
542.00,180.000,180.000,170.000,175.000,128.461,137.712,129.183,67.048,164.627,179.272,165.956,83.559,321.404,286.758,325.344,317.157,1.0000,0.5202,1.0000,0.9500,700.00,0.00,700.00,0.00
543.00,180.000,180.000,170.000,175.000,128.702,137.988,129.427,67.158,164.859,179.451,166.193,83.675,321.619,284.206,325.568,317.246,1.0000,0.4877,1.0000,0.9500,700.00,0.00,700.00,0.00
544.00,180.000,180.000,170.000,175.000,128.943,138.264,129.672,67.268,165.091,179.624,166.430,83.792,321.834,281.458,325.793,317.334,1.0000,0.4557,1.0000,0.9500,700.00,0.00,700.00,0.00
545.00,180.000,180.000,170.000,175.000,129.183,138.539,129.917,67.378,165.322,179.793,166.667,83.908,322.049,278.927,326.017,317.423,1.0000,0.4823,1.0000,0.9500,700.00,0.00,700.00,0.00
546.00,180.000,180.000,170.000,175.000,129.424,138.813,130.161,67.488,165.554,179.956,166.904,84.024,322.264,276.616,326.241,317.511,1.0000,0.4493,1.0000,0.9500,700.00,0.00,700.00,0.00
547.00,180.000,180.000,170.000,175.000,129.664,139.087,130.406,67.598,165.785,180.115,167.141,84.141,322.479,273.955,326.465,317.600,1.0000,0.4169,1.0000,0.9500,700.00,0.00,700.00,0.00
548.00,180.000,180.000,170.000,175.000,129.905,139.360,130.650,67.708,166.016,180.268,167.378,84.257,322.693,270.993,326.688,317.688,1.0000,0.3843,1.0000,0.9500,700.00,0.00,700.00,0.00
549.00,180.000,180.000,170.000,175.000,130.145,139.632,130.895,67.818,166.247,180.416,167.614,84.373,322.907,268.265,326.911,317.777,1.0000,0.4104,1.0000,0.9500,700.00,0.00,700.00,0.00
550.00,180.000,180.000,170.000,175.000,130.385,139.903,131.139,67.928,166.478,180.558,167.851,84.490,323.121,265.759,327.134,317.866,1.0000,0.3769,1.0000,0.9500,700.00,0.00,700.00,0.00
551.00,180.000,180.000,170.000,175.000,130.625,140.173,131.384,68.039,166.709,180.695,168.087,84.606,323.334,262.921,327.357,317.954,1.0000,0.3433,1.0000,0.9500,700.00,0.00,700.00,0.00
552.00,180.000,180.000,170.000,175.000,130.865,140.443,131.628,68.149,166.940,180.827,168.324,84.723,323.548,260.273,327.579,318.043,1.0000,0.3684,1.0000,0.9500,700.00,0.00,700.00,0.00
553.00,180.000,180.000,170.000,175.000,131.106,140.712,131.872,68.259,167.171,180.954,168.560,84.839,323.761,257.821,327.801,318.132,1.0000,0.3340,1.0000,0.9500,700.00,0.00,700.00,0.00
554.00,180.000,180.000,170.000,175.000,131.346,140.979,132.116,68.370,167.401,181.076,168.796,84.956,323.973,255.015,328.023,318.220,1.0000,0.2995,1.0000,0.9500,700.00,0.00,700.00,0.00
555.00,180.000,180.000,170.000,175.000,131.586,141.246,132.360,68.480,167.632,181.192,169.032,85.072,324.186,252.379,328.245,318.309,1.0000,0.3238,1.0000,0.9500,700.00,0.00,700.00,0.00
556.00,180.000,180.000,170.000,175.000,131.825,141.511,132.604,68.590,167.862,181.304,169.268,85.189,324.398,249.937,328.466,318.398,1.0000,0.2886,1.0000,0.9500,700.00,0.00,700.00,0.00
557.00,180.000,180.000,170.000,175.000,132.065,141.776,132.848,68.701,168.093,181.410,169.504,85.305,324.610,247.109,328.687,318.486,1.0000,0.2534,1.0000,0.9500,700.00,0.00,700.00,0.00
558.00,180.000,180.000,170.000,175.000,132.305,142.039,133.092,68.811,168.323,181.511,169.740,85.422,324.822,244.451,328.908,318.575,1.0000,0.2769,1.0000,0.9500,700.00,0.00,700.00,0.00
559.00,180.000,180.000,170.000,175.000,132.545,142.302,133.336,68.922,168.553,181.607,169.975,85.538,325.033,241.971,329.128,318.664,1.0000,0.2411,1.0000,0.9500,700.00,0.00,700.00,0.00
560.00,180.000,180.000,170.000,175.000,132.784,142.563,133.580,69.033,168.783,181.698,170.211,85.655,325.244,239.111,329.348,318.753,1.0000,0.2053,1.0000,0.9500,700.00,0.00,700.00,0.00
561.00,180.000,180.000,170.000,175.000,133.024,142.823,133.824,69.143,169.013,181.784,170.447,85.772,325.455,236.406,329.568,318.841,1.0000,0.2282,1.0000,0.9500,700.00,0.00,700.00,0.00
562.00,180.000,180.000,170.000,175.000,133.263,143.082,134.068,69.254,169.243,181.864,170.682,85.888,325.665,233.867,329.787,318.930,1.0000,0.1918,1.0000,0.9500,700.00,0.00,700.00,0.00
563.00,180.000,180.000,170.000,175.000,133.503,143.340,134.311,69.365,169.472,181.940,170.917,86.005,325.875,231.453,330.007,319.019,1.0000,0.2135,1.0000,0.9500,700.00,0.00,700.00,0.00
564.00,180.000,180.000,170.000,175.000,133.742,143.597,134.555,69.475,169.702,182.012,171.153,86.122,326.085,229.129,330.225,319.108,1.0000,0.1759,1.0000,0.9500,700.00,0.00,700.00,0.00
565.00,180.000,180.000,170.000,175.000,133.982,143.852,134.798,69.586,169.932,182.078,171.388,86.238,326.294,226.392,330.444,319.197,1.0000,0.1384,1.0000,0.9500,700.00,0.00,700.00,0.00
566.00,180.000,180.000,170.000,175.000,134.221,144.106,135.042,69.697,170.161,182.140,171.623,86.355,326.503,224.307,330.662,319.285,1.0000,0.1591,1.0000,0.9500,700.00,0.00,700.00,0.00
567.00,180.000,180.000,170.000,175.000,134.460,144.359,135.285,69.808,170.390,182.197,171.857,86.472,326.712,221.755,330.112,319.374,1.0000,0.1206,0.9582,0.9500,700.00,0.00,0.00,0.00
568.00,180.000,180.000,170.000,175.000,134.699,144.611,135.529,69.919,170.619,182.250,172.090,86.589,326.921,219.804,329.768,319.463,1.0000,0.1402,0.9661,0.9500,700.00,0.00,0.00,0.00
569.00,180.000,180.000,170.000,175.000,134.938,144.861,135.772,70.030,170.848,182.299,172.322,86.705,327.129,217.356,328.327,319.552,1.0000,0.1007,0.9022,0.9500,700.00,0.00,0.00,0.00
570.00,180.000,180.000,170.000,175.000,135.177,145.110,136.015,70.141,171.077,182.343,172.550,86.822,327.337,215.499,327.193,319.641,1.0000,0.1195,0.9103,0.9500,700.00,0.00,0.00,0.00
571.00,180.000,180.000,170.000,175.000,135.416,145.357,136.258,70.252,171.306,182.384,172.776,86.939,327.544,213.121,325.654,319.730,1.0000,0.0791,0.8458,0.9500,700.00,0.00,0.00,0.00
572.00,180.000,180.000,170.000,175.000,135.655,145.603,136.501,70.363,171.535,182.421,172.999,87.056,327.751,211.293,323.782,319.819,1.0000,0.0970,0.8533,0.9500,700.00,0.00,0.00,0.00
573.00,180.000,180.000,170.000,175.000,135.894,145.848,136.744,70.474,171.764,182.453,173.217,87.173,327.958,208.942,322.240,319.908,1.0000,0.1146,0.8609,0.9500,700.00,0.00,0.00,0.00
574.00,180.000,180.000,170.000,175.000,136.132,146.091,136.987,70.585,171.992,182.482,173.432,87.289,328.165,207.106,319.703,319.997,1.0000,0.0724,0.7959,0.9500,700.00,0.00,0.00,0.00
575.00,180.000,180.000,170.000,175.000,136.371,146.333,137.230,70.696,172.220,182.507,173.642,87.406,328.371,204.731,317.558,320.086,1.0000,0.0893,0.8030,0.9500,700.00,0.00,0.00,0.00
576.00,180.000,180.000,170.000,175.000,136.610,146.573,137.472,70.808,172.449,182.528,173.847,87.523,328.576,202.872,314.478,320.175,1.0000,0.0464,0.7382,0.9500,700.00,0.00,0.00,0.00
577.00,180.000,180.000,170.000,175.000,136.848,146.812,137.714,70.919,172.677,182.545,174.047,87.640,328.782,200.976,311.840,320.264,1.0000,0.0621,0.7455,0.9500,700.00,0.00,0.00,0.00
578.00,180.000,180.000,170.000,175.000,137.087,147.050,137.956,71.030,172.905,182.559,174.241,87.757,328.987,199.003,308.926,320.353,1.0000,0.0768,0.6801,0.9500,700.00,0.00,0.00,0.00
579.00,180.000,180.000,170.000,175.000,137.325,147.286,138.197,71.141,173.133,182.569,174.429,87.874,329.192,197.476,305.795,320.442,1.0000,0.0318,0.6868,0.9500,700.00,0.00,0.00,0.00
580.00,180.000,180.000,170.000,175.000,137.563,147.520,138.438,71.253,173.360,182.577,174.611,87.991,329.396,195.993,303.109,320.531,1.0000,0.0455,0.6937,0.9500,700.00,0.00,0.00,0.00
581.00,180.000,180.000,170.000,175.000,137.802,147.753,138.679,71.364,173.588,182.582,174.787,88.108,329.600,194.374,299.510,320.620,1.0000,0.0000,0.6279,0.9500,700.00,0.00,0.00,0.00
582.00,180.000,180.000,170.000,175.000,138.040,147.985,138.919,71.476,173.815,182.584,174.957,88.225,329.804,192.976,296.400,320.709,1.0000,0.0122,0.6342,0.9500,700.00,0.00,0.00,0.00
583.00,180.000,180.000,170.000,175.000,138.278,148.215,139.159,71.587,174.043,182.583,175.120,88.342,330.007,191.757,293.043,320.798,1.0000,0.0242,0.5679,0.9500,700.00,0.00,0.00,0.00
584.00,180.000,180.000,170.000,175.000,138.516,148.443,139.398,71.699,174.270,182.581,175.277,88.459,330.210,190.547,289.495,320.887,1.0000,0.0353,0.5737,0.9500,700.00,0.00,0.00,0.00
585.00,180.000,180.000,170.000,175.000,138.754,148.670,139.637,71.810,174.497,182.576,175.427,88.576,330.413,189.454,286.411,320.976,1.0000,0.0000,0.5796,0.9500,700.00,0.00,0.00,0.00
586.00,180.000,180.000,170.000,175.000,138.992,148.895,139.875,71.922,174.724,182.570,175.571,88.693,330.615,188.467,282.896,321.065,1.0000,0.0000,0.5129,0.9500,700.00,0.00,0.00,0.00
587.00,180.000,180.000,170.000,175.000,139.229,149.119,140.112,72.033,174.951,182.562,175.708,88.810,330.817,187.574,279.561,321.154,1.0000,0.0067,0.5184,0.9500,700.00,0.00,0.00,0.00
588.00,180.000,180.000,170.000,175.000,139.467,149.341,140.349,72.145,175.178,182.552,175.839,88.927,331.019,186.768,276.477,321.243,1.0000,0.0153,0.5232,0.9500,700.00,0.00,0.00,0.00
589.00,180.000,180.000,170.000,175.000,139.705,149.562,140.585,72.257,175.404,182.541,175.964,89.044,331.220,186.040,273.778,321.333,1.0000,0.0000,0.4556,0.9500,700.00,0.00,0.00,0.00
590.00,180.000,180.000,170.000,175.000,139.942,149.781,140.820,72.369,175.631,182.529,176.084,89.161,331.421,185.383,270.777,321.422,1.0000,0.0000,0.4600,0.9500,700.00,0.00,0.00,0.00
591.00,180.000,180.000,170.000,175.000,140.180,149.998,141.055,72.480,175.857,182.515,176.198,89.278,331.621,184.789,267.516,321.511,1.0000,0.0000,0.3920,0.9500,700.00,0.00,0.00,0.00
592.00,180.000,180.000,170.000,175.000,140.417,150.214,141.288,72.592,176.083,182.501,176.306,89.396,331.821,184.252,264.657,321.600,1.0000,0.0000,0.3961,0.9500,700.00,0.00,0.00,0.00
593.00,180.000,180.000,170.000,175.000,140.655,150.429,141.521,72.704,176.309,182.486,176.408,89.513,332.021,183.767,261.477,321.689,1.0000,0.0000,0.3996,0.9500,700.00,0.00,0.00,0.00
594.00,180.000,180.000,170.000,175.000,140.892,150.642,141.753,72.816,176.535,182.470,176.504,89.630,332.221,183.329,258.056,321.778,1.0000,0.0000,0.3307,0.9500,700.00,0.00,0.00,0.00
595.00,180.000,180.000,170.000,175.000,141.129,150.853,141.984,72.928,176.760,182.454,176.593,89.747,332.420,182.934,255.032,321.868,1.0000,0.0000,0.3339,0.9500,700.00,0.00,0.00,0.00
596.00,180.000,180.000,170.000,175.000,141.366,151.063,142.214,73.040,176.986,182.437,176.677,89.864,332.619,182.577,251.704,321.957,1.0000,0.0000,0.3367,0.9500,700.00,0.00,0.00,0.00
597.00,180.000,180.000,170.000,175.000,141.603,151.272,142.443,73.152,177.211,182.419,176.753,89.982,332.818,182.255,248.133,322.046,1.0000,0.0000,0.3389,0.9500,700.00,0.00,0.00,0.00
598.00,180.000,180.000,170.000,175.000,141.840,151.479,142.671,73.264,177.436,182.401,176.823,90.099,333.016,181.964,244.940,322.135,1.0000,0.0000,0.2688,0.9500,700.00,0.00,0.00,0.00
599.00,180.000,180.000,170.000,175.000,142.077,151.684,142.899,73.376,177.661,182.382,176.888,90.216,333.214,181.701,242.103,322.225,1.0000,0.0000,0.2701,0.9500,700.00,0.00,0.00,0.00
600.00,180.000,180.000,170.000,175.000,142.314,151.888,143.124,73.488,177.886,182.364,176.946,90.333,333.412,181.464,238.301,322.314,1.0000,0.0000,0.2717,0.9500,700.00,0.00,0.00,0.00
601.00,180.000,180.000,170.000,175.000,142.551,152.091,143.349,73.600,178.111,182.344,176.997,90.451,333.609,181.249,234.879,322.403,1.0000,0.0000,0.2721,0.9500,700.00,0.00,0.00,0.00
602.00,180.000,180.000,170.000,175.000,142.787,152.292,143.573,73.712,178.335,182.325,177.041,90.568,333.806,181.056,231.787,322.493,1.0000,0.0000,0.2002,0.9500,700.00,0.00,0.00,0.00
603.00,180.000,180.000,170.000,175.000,143.024,152.491,143.795,73.824,178.560,182.305,177.081,90.685,334.003,180.882,229.008,322.582,1.0000,0.0000,0.1999,0.9500,700.00,0.00,0.00,0.00
604.00,180.000,180.000,170.000,175.000,143.261,152.689,144.017,73.937,178.784,182.286,177.114,90.803,334.199,180.724,225.227,322.671,1.0000,0.0000,0.1999,0.9500,700.00,0.00,0.00,0.00
605.00,180.000,180.000,170.000,175.000,143.497,152.886,144.237,74.049,179.008,182.266,177.140,90.920,334.395,180.583,221.808,322.760,1.0000,0.0000,0.1988,0.9500,700.00,0.00,0.00,0.00
606.00,180.000,180.000,170.000,175.000,143.733,153.081,144.455,74.161,179.232,182.246,177.159,91.037,334.591,180.455,218.699,322.850,1.0000,0.0000,0.1248,0.9500,700.00,0.00,0.00,0.00
607.00,180.000,180.000,170.000,175.000,143.969,153.275,144.673,74.273,179.456,182.225,177.174,91.155,334.786,180.339,215.854,322.939,1.0000,0.0000,0.1231,0.9500,700.00,0.00,0.00,0.00
608.00,180.000,180.000,170.000,175.000,144.206,153.467,144.889,74.386,179.679,182.205,177.183,91.272,334.981,180.235,213.249,323.029,1.0000,0.0000,0.1203,0.9500,700.00,0.00,0.00,0.00
609.00,180.000,180.000,170.000,175.000,144.442,153.658,145.103,74.498,179.902,182.185,177.188,91.389,335.176,180.142,210.827,323.118,1.0000,0.0000,0.1166,0.9500,700.00,0.00,0.00,0.00
610.00,180.000,180.000,170.000,175.000,144.678,153.847,145.316,74.611,180.126,182.164,177.186,91.507,335.371,180.057,207.325,323.207,1.0000,0.0000,0.1135,0.9500,700.00,0.00,0.00,0.00
611.00,180.000,180.000,170.000,175.000,144.914,154.036,145.528,74.723,180.349,182.144,177.178,91.624,335.565,179.981,204.106,323.297,1.0000,0.0000,0.1093,0.9500,700.00,0.00,0.00,0.00
612.00,180.000,180.000,170.000,175.000,145.149,154.222,145.738,74.836,180.571,182.124,177.165,91.742,335.759,179.913,201.113,323.386,1.0000,0.0000,0.1043,0.9500,700.00,0.00,0.00,0.00
613.00,180.000,180.000,170.000,175.000,145.385,154.408,145.947,74.948,180.794,182.104,177.146,91.859,335.953,179.851,198.322,323.476,1.0000,0.0000,0.0983,0.9500,700.00,0.00,0.00,0.00
614.00,180.000,180.000,170.000,175.000,145.621,154.592,146.154,75.061,181.016,182.083,177.122,91.977,336.147,179.796,195.683,323.565,1.0000,0.0000,0.0204,0.9500,700.00,0.00,0.00,0.00
615.00,180.000,180.000,170.000,175.000,145.856,154.774,146.360,75.173,181.239,182.063,177.093,92.094,336.340,179.746,193.213,323.654,1.0000,0.0000,0.0144,0.9500,700.00,0.00,0.00,0.00
616.00,180.000,180.000,170.000,175.000,146.092,154.956,146.564,75.286,181.461,182.043,177.059,92.212,336.533,179.702,190.863,323.744,1.0000,0.0000,0.0075,0.9500,700.00,0.00,0.00,0.00
617.00,180.000,180.000,170.000,175.000,146.327,155.136,146.767,75.399,181.683,182.023,177.022,92.329,336.725,179.661,188.621,323.833,1.0000,0.0000,0.0000,0.9500,700.00,0.00,0.00,0.00
618.00,180.000,180.000,170.000,175.000,146.563,155.314,146.968,75.511,181.904,182.003,176.980,92.447,336.918,179.626,186.478,323.923,1.0000,0.0000,0.0000,0.9500,700.00,0.00,0.00,0.00
619.00,180.000,180.000,170.000,175.000,146.798,155.492,147.167,75.624,182.126,181.983,176.935,92.564,337.110,179.593,184.518,324.012,1.0000,0.0000,0.0000,0.9500,700.00,0.00,0.00,0.00
620.00,180.000,180.000,170.000,175.000,147.033,155.668,147.365,75.737,182.347,181.963,176.886,92.682,337.302,179.565,182.741,324.102,1.0000,0.0000,0.0000,0.9500,700.00,0.00,0.00,0.00
621.00,180.000,180.000,170.000,175.000,147.268,155.842,147.561,75.850,182.568,181.943,176.834,92.799,337.493,179.539,181.128,324.191,1.0000,0.0000,0.0000,0.9500,700.00,0.00,0.00,0.00
622.00,180.000,180.000,170.000,175.000,147.503,156.016,147.755,75.962,182.789,181.924,176.779,92.917,337.685,179.516,179.664,324.281,1.0000,0.0000,0.0000,0.9500,700.00,0.00,0.00,0.00
623.00,180.000,180.000,170.000,175.000,147.738,156.188,147.948,76.075,183.010,181.904,176.722,93.034,337.876,179.495,178.334,324.370,1.0000,0.0000,0.0133,0.9500,700.00,0.00,0.00,0.00
624.00,180.000,180.000,170.000,175.000,147.972,156.359,148.139,76.188,183.230,181.885,176.663,93.152,338.066,179.477,177.125,324.460,1.0000,0.0000,0.0000,0.9500,700.00,0.00,0.00,0.00
625.00,180.000,180.000,170.000,175.000,148.207,156.528,148.329,76.301,183.450,181.866,176.601,93.270,338.257,179.461,176.025,324.549,1.0000,0.0000,0.0000,0.9500,700.00,0.00,0.00,0.00
626.00,180.000,180.000,170.000,175.000,148.441,156.696,148.516,76.414,183.670,181.847,176.538,93.387,338.447,179.447,175.025,324.639,1.0000,0.0000,0.0000,0.9500,700.00,0.00,0.00,0.00
627.00,180.000,180.000,170.000,175.000,148.676,156.864,148.703,76.527,183.890,181.828,176.473,93.505,338.637,179.434,174.114,324.728,1.0000,0.0000,0.0000,0.9500,700.00,0.00,0.00,0.00
628.00,180.000,180.000,170.000,175.000,148.910,157.029,148.887,76.640,184.110,181.809,176.406,93.623,338.827,179.423,173.284,324.818,1.0000,0.0000,0.0000,0.9500,700.00,0.00,0.00,0.00
629.00,180.000,180.000,170.000,175.000,149.145,157.194,149.070,76.753,184.329,181.790,176.338,93.740,339.017,179.413,172.527,324.908,1.0000,0.0000,0.0000,0.9500,700.00,0.00,0.00,0.00
630.00,180.000,180.000,170.000,175.000,149.379,157.357,149.251,76.866,184.549,181.772,176.269,93.858,339.206,179.405,171.836,324.997,1.0000,0.0000,0.0000,0.9500,700.00,0.00,0.00,0.00
631.00,180.000,180.000,170.000,175.000,149.613,157.520,149.430,76.979,184.768,181.753,176.198,93.976,339.395,179.398,171.204,325.087,1.0000,0.0000,0.0000,0.9500,700.00,0.00,0.00,0.00
632.00,180.000,180.000,170.000,175.000,149.847,157.681,149.608,77.092,184.986,181.735,176.127,94.093,339.584,179.391,170.627,325.176,1.0000,0.0000,0.0000,0.9500,700.00,0.00,0.00,0.00
633.00,180.000,180.000,170.000,175.000,150.081,157.840,149.784,77.205,185.205,181.717,176.055,94.211,339.772,179.386,170.098,325.266,1.0000,0.0000,0.0000,0.9500,700.00,0.00,0.00,0.00
634.00,180.000,180.000,170.000,175.000,150.314,157.999,149.958,77.319,185.423,181.699,175.981,94.329,339.960,179.382,169.614,325.356,1.0000,0.0000,0.0000,0.9500,700.00,0.00,0.00,0.00
635.00,180.000,180.000,170.000,175.000,150.548,158.157,150.131,77.432,185.641,181.681,175.907,94.446,340.149,179.378,169.169,325.445,1.0000,0.0000,0.0000,0.9500,700.00,0.00,0.00,0.00
636.00,180.000,180.000,170.000,175.000,150.781,158.313,150.302,77.545,185.859,181.664,175.833,94.564,339.835,179.375,168.760,325.535,0.9720,0.0000,0.0000,0.9500,0.00,0.00,0.00,0.00
637.00,180.000,180.000,170.000,175.000,151.015,158.468,150.472,77.658,186.076,181.646,175.757,94.682,339.619,179.373,168.384,325.624,0.9754,0.0000,0.0000,0.9500,0.00,0.00,0.00,0.00
638.00,180.000,180.000,170.000,175.000,151.248,158.622,150.640,77.772,186.291,181.629,175.682,94.800,339.508,179.371,168.037,325.714,0.9787,0.0000,0.0000,0.9500,0.00,0.00,0.00,0.00
639.00,180.000,180.000,170.000,175.000,151.481,158.775,150.806,77.885,186.506,181.612,175.605,94.918,338.191,179.370,167.717,325.804,0.9095,0.0000,0.0000,0.9500,0.00,0.00,0.00,0.00
640.00,180.000,180.000,170.000,175.000,151.714,158.926,150.971,77.998,186.717,181.595,175.528,95.035,337.049,179.369,167.421,325.893,0.9127,0.0000,0.0000,0.9500,0.00,0.00,0.00,0.00
641.00,180.000,180.000,170.000,175.000,151.947,159.077,151.134,78.112,186.926,181.578,175.451,95.153,336.100,179.369,167.146,325.983,0.9154,0.0000,0.0000,0.9500,0.00,0.00,0.00,0.00
642.00,180.000,180.000,170.000,175.000,152.180,159.227,151.295,78.225,187.133,181.561,175.374,95.271,333.994,179.369,166.892,326.073,0.8457,0.0000,0.0000,0.9500,0.00,0.00,0.00,0.00
643.00,180.000,180.000,170.000,175.000,152.413,159.375,151.455,78.339,187.334,181.545,175.296,95.389,332.171,179.369,166.655,326.163,0.8485,0.0000,0.0000,0.9500,0.00,0.00,0.00,0.00
644.00,180.000,180.000,170.000,175.000,152.645,159.522,151.613,78.452,187.533,181.529,175.217,95.507,330.587,179.370,166.434,326.252,0.8507,0.0000,0.0000,0.9500,0.00,0.00,0.00,0.00
645.00,180.000,180.000,170.000,175.000,152.877,159.668,151.770,78.566,187.727,181.513,175.139,95.624,327.894,179.371,166.228,326.342,0.7806,0.0000,0.0000,0.9500,0.00,0.00,0.00,0.00
646.00,180.000,180.000,170.000,175.000,153.109,159.814,151.925,78.679,187.916,181.497,175.060,95.742,325.522,179.372,166.035,326.432,0.7828,0.0000,0.0000,0.9500,0.00,0.00,0.00,0.00
647.00,180.000,180.000,170.000,175.000,153.341,159.958,152.079,78.793,188.100,181.481,174.981,95.860,323.423,179.374,165.854,326.521,0.7847,0.0000,0.0000,0.9500,0.00,0.00,0.00,0.00
648.00,180.000,180.000,170.000,175.000,153.572,160.101,152.231,78.906,188.279,181.465,174.902,95.978,320.284,179.376,165.683,326.611,0.7140,0.0000,0.0000,0.9500,0.00,0.00,0.00,0.00
649.00,180.000,180.000,170.000,175.000,153.803,160.243,152.381,79.020,188.453,181.450,174.823,96.096,317.490,179.378,165.523,326.701,0.7150,0.0000,0.0000,0.9500,0.00,0.00,0.00,0.00
650.00,180.000,180.000,170.000,175.000,154.033,160.383,152.530,79.134,188.621,181.435,174.743,96.214,314.992,179.380,165.371,326.791,0.7164,0.0000,0.0000,0.9500,0.00,0.00,0.00,0.00
651.00,180.000,180.000,170.000,175.000,154.263,160.523,152.678,79.247,188.784,181.420,174.663,96.331,312.104,179.382,165.227,326.880,0.6445,0.0000,0.0000,0.9500,0.00,0.00,0.00,0.00
652.00,180.000,180.000,170.000,175.000,154.493,160.662,152.824,79.361,188.940,181.405,174.584,96.449,308.877,179.385,165.091,326.970,0.6452,0.0000,0.0000,0.9500,0.00,0.00,0.00,0.00
653.00,180.000,180.000,170.000,175.000,154.722,160.800,152.968,79.475,189.091,181.390,174.504,96.567,306.001,179.387,164.961,327.060,0.6462,0.0000,0.0000,0.9500,0.00,0.00,0.00,0.00
654.00,180.000,180.000,170.000,175.000,154.951,160.937,153.111,79.589,189.236,181.375,174.424,96.685,302.756,179.390,164.837,327.150,0.5740,0.0000,0.0000,0.9500,0.00,0.00,0.00,0.00
655.00,180.000,180.000,170.000,175.000,155.179,161.072,153.253,79.702,189.374,181.361,174.344,96.803,299.207,179.392,164.719,327.239,0.5743,0.0000,0.0000,0.9500,0.00,0.00,0.00,0.00
656.00,180.000,180.000,170.000,175.000,155.406,161.207,153.393,79.816,189.505,181.347,174.264,96.920,296.006,179.395,164.606,327.329,0.5734,0.0000,0.0000,0.9500,0.00,0.00,0.00,0.00
657.00,180.000,180.000,170.000,175.000,155.633,161.341,153.531,79.930,189.630,181.333,174.184,97.038,293.103,179.398,164.497,327.419,0.5729,0.0000,0.0000,0.9500,0.00,0.00,0.00,0.00
658.00,180.000,180.000,170.000,175.000,155.859,161.474,153.668,80.044,189.750,181.319,174.103,97.156,290.134,179.400,164.392,327.509,0.4993,0.0000,0.0000,0.9500,0.00,0.00,0.00,0.00
659.00,180.000,180.000,170.000,175.000,156.085,161.606,153.804,80.158,189.864,181.305,174.023,97.273,287.137,179.403,164.290,327.598,0.4981,0.0000,0.0000,0.9500,0.00,0.00,0.00,0.00
660.00,180.000,180.000,170.000,175.000,156.309,161.737,153.938,80.272,189.972,181.292,173.943,97.391,284.083,179.406,164.192,327.688,0.4967,0.0000,0.0000,0.9500,0.00,0.00,0.00,0.00
661.00,180.000,180.000,170.000,175.000,156.533,161.867,154.071,80.386,190.073,181.278,173.863,97.508,280.994,179.408,164.097,327.778,0.4949,0.0000,0.0000,0.9500,0.00,0.00,0.00,0.00
662.00,180.000,180.000,170.000,175.000,156.756,161.995,154.202,80.500,190.169,181.265,173.782,97.626,278.156,179.411,164.005,327.868,0.4200,0.0000,0.0000,0.9500,0.00,0.00,0.00,0.00
663.00,180.000,180.000,170.000,175.000,156.978,162.124,154.332,80.614,190.260,181.252,173.702,97.743,275.562,179.414,163.915,327.957,0.4176,0.0000,0.0000,0.9500,0.00,0.00,0.00,0.00
664.00,180.000,180.000,170.000,175.000,157.200,162.251,154.461,80.728,190.345,181.239,173.622,97.860,273.157,179.416,163.828,328.047,0.4142,0.0000,0.0000,0.9500,0.00,0.00,0.00,0.00
665.00,180.000,180.000,170.000,175.000,157.420,162.377,154.588,80.842,190.425,181.226,173.541,97.977,269.686,179.419,163.743,328.137,0.4113,0.0000,0.0000,0.9500,0.00,0.00,0.00,0.00
666.00,180.000,180.000,170.000,175.000,157.639,162.502,154.714,80.956,190.499,181.214,173.461,98.094,266.486,179.421,163.659,328.226,0.4073,0.0000,0.0000,0.9500,0.00,0.00,0.00,0.00
667.00,180.000,180.000,170.000,175.000,157.858,162.626,154.838,81.070,190.566,181.201,173.381,98.211,263.514,179.423,163.578,328.316,0.3303,0.0000,0.0109,0.9500,0.00,0.00,0.00,0.00
668.00,180.000,180.000,170.000,175.000,158.075,162.750,154.962,81.184,190.628,181.189,173.301,98.328,260.748,179.426,163.498,328.405,0.3259,0.0000,0.0000,0.9500,0.00,0.00,0.00,0.00
669.00,180.000,180.000,170.000,175.000,158.292,162.872,155.083,81.298,190.684,181.177,173.220,98.445,258.168,179.428,163.419,328.495,0.3205,0.0000,0.0000,0.9500,0.00,0.00,0.00,0.00
670.00,180.000,180.000,170.000,175.000,158.507,162.994,155.204,81.412,190.736,181.165,173.140,98.561,255.094,179.430,163.342,328.585,0.3149,0.0000,0.0000,0.9500,0.00,0.00,0.00,0.00
671.00,180.000,180.000,170.000,175.000,158.721,163.115,155.323,81.526,190.780,181.153,173.060,98.678,251.603,179.432,163.265,328.674,0.3092,0.0000,0.0156,0.9500,0.00,0.00,0.00,0.00
672.00,180.000,180.000,170.000,175.000,158.934,163.234,155.440,81.640,190.819,181.141,172.980,98.794,248.351,179.434,163.191,328.763,0.3026,0.0000,0.0327,0.9500,0.00,0.00,0.00,0.00
673.00,180.000,180.000,170.000,175.000,159.146,163.353,155.557,81.755,190.851,181.130,172.900,98.910,245.281,179.435,163.166,328.853,0.2949,0.0000,0.0000,0.9500,0.00,0.00,0.00,0.00
674.00,180.000,180.000,170.000,175.000,159.357,163.471,155.672,81.869,190.877,181.119,172.820,99.026,242.375,179.437,163.267,328.942,0.2153,0.0000,0.0000,0.9500,0.00,0.00,0.00,0.00
675.00,180.000,180.000,170.000,175.000,159.566,163.589,155.786,81.983,190.898,181.107,172.741,99.142,239.618,179.438,163.174,329.031,0.2075,0.0000,0.0060,0.9500,0.00,0.00,0.00,0.00
676.00,180.000,180.000,170.000,175.000,159.775,163.705,155.898,82.097,190.914,181.096,172.661,99.258,236.995,179.439,163.146,329.121,0.1989,0.0000,0.0191,0.9500,0.00,0.00,0.00,0.00
677.00,180.000,180.000,170.000,175.000,159.982,163.821,156.010,82.211,190.924,181.085,172.582,99.373,234.460,179.440,163.223,329.210,0.1895,0.0000,0.0318,0.9500,0.00,0.00,0.00,0.00
678.00,180.000,180.000,170.000,175.000,160.187,163.935,156.120,82.326,190.930,181.075,172.504,99.488,231.990,179.441,163.396,329.299,0.1792,0.0000,0.0433,0.9500,0.00,0.00,0.00,0.00
679.00,180.000,180.000,170.000,175.000,160.391,164.049,156.228,82.440,190.932,181.064,172.426,99.603,229.593,179.442,163.738,329.388,0.1682,0.0026,0.0536,0.9500,0.00,0.00,0.00,0.00
680.00,180.000,180.000,170.000,175.000,160.594,164.162,156.336,82.554,190.928,181.054,172.348,99.718,227.230,179.443,163.766,329.477,0.1564,0.0000,0.0636,0.9500,0.00,0.00,0.00,0.00
681.00,180.000,180.000,170.000,175.000,160.796,164.274,156.442,82.668,190.921,181.043,172.271,99.833,224.865,179.443,163.867,329.566,0.1440,0.0000,0.0726,0.9500,0.00,0.00,0.00,0.00
682.00,180.000,180.000,170.000,175.000,160.996,164.386,156.547,82.782,190.908,181.033,172.194,99.947,222.516,179.443,164.035,329.654,0.1310,0.0000,0.0805,0.9500,0.00,0.00,0.00,0.00
683.00,180.000,180.000,170.000,175.000,161.195,164.496,156.651,82.897,190.891,181.023,172.118,100.061,220.163,179.443,164.324,329.743,0.1173,0.0000,0.0155,0.9500,0.00,0.00,0.00,0.00
684.00,180.000,180.000,170.000,175.000,161.392,164.606,156.754,83.011,190.870,181.013,172.042,100.175,217.791,179.443,164.691,329.832,0.1031,0.0000,0.0223,0.9500,0.00,0.00,0.00,0.00
685.00,180.000,180.000,170.000,175.000,161.588,164.715,156.855,83.125,190.844,181.003,171.968,100.289,215.402,179.443,165.130,329.920,0.0882,0.0000,0.0282,0.9500,0.00,0.00,0.00,0.00
686.00,180.000,180.000,170.000,175.000,161.782,164.823,156.955,83.239,190.813,180.993,171.895,100.402,212.981,179.443,165.601,330.008,0.0729,0.0000,0.0332,0.9500,0.00,0.00,0.00,0.00
687.00,180.000,180.000,170.000,175.000,161.975,164.931,157.055,83.354,190.778,180.984,171.823,100.516,210.515,179.442,166.117,330.097,0.0571,0.0000,0.0375,0.9500,0.00,0.00,0.00,0.00
688.00,180.000,180.000,170.000,175.000,162.166,165.038,157.153,83.468,190.738,180.975,171.752,100.629,208.009,179.441,166.644,330.185,0.0408,0.0016,0.0410,0.9500,0.00,0.00,0.00,0.00
689.00,180.000,180.000,170.000,175.000,162.356,165.143,157.249,83.582,190.693,180.965,171.682,100.741,205.449,179.440,167.162,330.273,0.0241,0.0056,0.1157,0.9500,0.00,0.00,0.00,0.00
690.00,180.000,180.000,170.000,175.000,162.544,165.249,157.345,83.696,190.643,180.956,171.613,100.854,202.842,179.439,167.658,330.361,0.0790,0.0089,0.1171,0.9500,0.00,0.00,0.00,0.00
691.00,180.000,180.000,170.000,175.000,162.731,165.353,157.440,83.810,190.589,180.947,171.546,100.966,200.190,179.438,168.134,330.449,0.0597,0.0000,0.1179,0.9500,0.00,0.00,0.00,0.00
692.00,180.000,180.000,170.000,175.000,162.916,165.457,157.534,83.925,190.529,180.938,171.479,101.077,197.724,179.436,168.560,330.536,0.0404,0.0000,0.1180,0.9500,0.00,0.00,0.00,0.00
693.00,180.000,180.000,170.000,175.000,163.099,165.559,157.626,84.039,190.465,180.929,171.414,101.189,195.486,179.435,168.941,330.624,0.0210,0.0000,0.1176,0.9500,0.00,0.00,0.00,0.00
694.00,180.000,180.000,170.000,175.000,163.281,165.661,157.718,84.153,190.398,180.921,171.350,101.300,193.739,179.433,169.841,330.711,0.0000,0.0000,0.1160,0.9500,0.00,0.00,0.00,0.00
695.00,180.000,180.000,170.000,175.000,163.461,165.763,157.808,84.267,190.327,180.912,171.288,101.411,191.868,179.430,170.634,330.799,0.0000,0.0000,0.1139,0.9500,0.00,0.00,0.00,0.00
696.00,180.000,180.000,170.000,175.000,163.640,165.864,157.898,84.381,190.253,180.904,171.228,101.522,190.169,179.428,171.316,330.886,0.0286,0.0000,0.1113,0.9500,0.00,0.00,0.00,0.00
697.00,180.000,180.000,170.000,175.000,163.816,165.963,157.986,84.495,190.176,180.895,171.169,101.632,188.624,179.426,171.865,330.973,0.0054,0.0000,0.1076,0.9500,0.00,0.00,0.00,0.00
698.00,180.000,180.000,170.000,175.000,163.991,166.063,158.074,84.609,190.096,180.887,171.111,101.742,187.220,179.423,172.294,331.060,0.0000,0.0000,0.1035,0.9500,0.00,0.00,0.00,0.00
699.00,180.000,180.000,170.000,175.000,164.165,166.161,158.160,84.723,190.014,180.879,171.054,101.852,185.942,179.420,173.238,331.146,0.0000,0.0000,0.0983,0.9500,0.00,0.00,0.00,0.00
700.00,180.000,180.000,170.000,175.000,164.336,166.259,158.246,84.837,189.929,180.871,170.999,101.961,184.778,179.417,173.991,331.233,0.0038,0.0000,0.1648,0.9500,0.00,0.00,0.00,0.00
701.00,180.000,180.000,170.000,175.000,164.506,166.356,158.330,84.951,189.843,180.863,170.945,102.070,183.717,179.414,174.557,331.319,0.0000,0.0000,0.1583,0.9500,0.00,0.00,0.00,0.00
702.00,180.000,180.000,170.000,175.000,164.674,166.452,158.414,85.065,189.755,180.855,170.893,102.179,182.750,179.411,174.970,331.405,0.0000,0.0000,0.1516,0.9500,0.00,0.00,0.00,0.00
703.00,180.000,180.000,170.000,175.000,164.841,166.548,158.497,85.179,189.665,180.847,170.842,102.287,181.868,179.407,175.805,331.491,0.0000,0.0158,0.1439,0.9500,0.00,0.00,0.00,0.00
704.00,180.000,180.000,170.000,175.000,165.006,166.643,158.579,85.293,189.573,180.840,170.793,102.395,181.062,179.403,176.429,331.577,0.0000,0.0131,0.1353,0.9500,0.00,0.00,0.00,0.00
705.00,180.000,180.000,170.000,175.000,165.169,166.737,158.660,85.407,189.481,180.832,170.745,102.503,180.324,179.399,177.455,331.663,0.0000,0.0101,0.1259,0.9500,0.00,0.00,0.00,0.00
706.00,180.000,180.000,170.000,175.000,165.330,166.831,158.740,85.521,189.387,180.825,170.699,102.610,179.649,179.395,178.235,331.748,0.0000,0.0069,0.1883,0.9500,0.00,0.00,0.00,0.00
707.00,180.000,180.000,170.000,175.000,165.490,166.924,158.820,85.634,189.292,180.817,170.654,102.717,179.031,179.391,178.746,331.834,0.0000,0.0034,0.1780,0.9500,0.00,0.00,0.00,0.00
708.00,180.000,180.000,170.000,175.000,165.648,167.016,158.898,85.748,189.196,180.810,170.611,102.823,178.463,179.418,179.624,331.919,0.0000,0.0000,0.1669,0.9500,0.00,0.00,0.00,0.00
709.00,180.000,180.000,170.000,175.000,165.804,167.108,158.976,85.862,189.099,180.803,170.570,102.929,177.942,179.410,180.239,332.004,0.0000,0.0000,0.1551,0.9500,0.00,0.00,0.00,0.00
710.00,180.000,180.000,170.000,175.000,165.959,167.199,159.053,85.975,189.001,180.796,170.530,103.035,177.462,179.403,181.194,332.088,0.0000,0.0000,0.1425,0.9500,0.00,0.00,0.00,0.00
711.00,180.000,180.000,170.000,175.000,166.112,167.289,159.129,86.089,188.903,180.789,170.492,103.141,177.020,179.396,181.846,332.173,0.0000,0.0000,0.2020,0.9500,0.00,0.00,0.00,0.00
712.00,180.000,180.000,170.000,175.000,166.263,167.379,159.204,86.202,188.804,180.782,170.456,103.246,176.612,179.389,182.804,332.257,0.0000,0.0000,0.1881,0.9500,0.00,0.00,0.00,0.00
713.00,180.000,180.000,170.000,175.000,166.413,167.468,159.279,86.316,188.704,180.776,170.421,103.351,176.235,179.430,183.428,332.341,0.0000,0.0000,0.1737,0.9500,0.00,0.00,0.00,0.00
714.00,180.000,180.000,170.000,175.000,166.561,167.556,159.353,86.429,188.604,180.769,170.387,103.455,175.885,179.419,184.376,332.425,0.0000,0.0000,0.1586,0.9500,0.00,0.00,0.00,0.00
715.00,180.000,180.000,170.000,175.000,166.707,167.644,159.426,86.542,188.503,180.762,170.356,103.559,175.561,179.408,184.974,332.509,0.0000,0.0182,0.2157,0.9500,0.00,0.00,0.00,0.00
716.00,180.000,180.000,170.000,175.000,166.852,167.731,159.499,86.655,188.402,180.756,170.326,103.663,175.260,179.397,185.836,332.592,0.0000,0.0109,0.1996,0.9500,0.00,0.00,0.00,0.00
717.00,180.000,180.000,170.000,175.000,166.995,167.818,159.571,86.769,188.301,180.749,170.297,103.766,174.980,179.387,186.342,332.676,0.0000,0.0037,0.1830,0.9500,0.00,0.00,0.00,0.00
718.00,180.000,180.000,170.000,175.000,167.136,167.904,159.642,86.882,188.199,180.743,170.270,103.869,174.718,179.408,187.150,332.759,0.0000,0.0000,0.2379,0.9500,0.00,0.00,0.00,0.00
719.00,180.000,180.000,170.000,175.000,167.276,167.989,159.713,86.995,188.096,180.737,170.243,103.972,174.474,179.395,187.591,332.842,0.0000,0.0000,0.2203,0.9500,0.00,0.00,0.00,0.00
720.00,180.000,180.000,170.000,175.000,167.414,168.074,159.783,87.108,187.994,180.731,170.219,104.074,174.244,179.383,188.263,332.924,0.0000,0.0000,0.2017,0.9500,0.00,0.00,0.00,0.00
721.00,180.000,180.000,170.000,175.000,167.551,168.158,159.852,87.221,187.891,180.724,170.195,104.176,174.029,179.404,189.174,333.007,0.0000,0.0000,0.1826,0.9500,0.00,0.00,0.00,0.00
722.00,180.000,180.000,170.000,175.000,167.686,168.241,159.921,87.334,187.788,180.718,170.173,104.277,173.826,179.390,189.676,333.089,0.0000,0.0192,0.2359,0.9500,0.00,0.00,0.00,0.00
723.00,180.000,180.000,170.000,175.000,167.819,168.324,159.989,87.446,187.685,180.712,170.153,104.378,173.635,179.376,190.404,333.171,0.0000,0.0095,0.2162,0.9500,0.00,0.00,0.00,0.00
724.00,180.000,180.000,170.000,175.000,167.951,168.407,160.056,87.559,187.581,180.707,170.134,104.479,173.454,179.441,191.351,333.253,0.0000,0.0000,0.1954,0.9500,0.00,0.00,0.00,0.00
725.00,180.000,180.000,170.000,175.000,168.081,168.488,160.123,87.672,187.478,180.701,170.116,104.580,173.282,179.421,191.852,333.334,0.0000,0.0000,0.2470,0.9500,0.00,0.00,0.00,0.00
726.00,180.000,180.000,170.000,175.000,168.210,168.569,160.190,87.784,187.374,180.695,170.100,104.680,173.119,179.517,192.533,333.416,0.0000,0.0000,0.2257,0.9500,0.00,0.00,0.00,0.00
727.00,180.000,180.000,170.000,175.000,168.337,168.650,160.255,87.896,187.270,180.690,170.086,104.779,172.963,179.505,193.404,333.497,0.0000,0.0000,0.2034,0.9500,0.00,0.00,0.00,0.00
728.00,180.000,180.000,170.000,175.000,168.463,168.730,160.321,88.009,187.166,180.684,170.072,104.879,172.815,179.477,193.838,333.578,0.0000,0.0141,0.2536,0.9500,0.00,0.00,0.00,0.00
729.00,180.000,180.000,170.000,175.000,168.587,168.809,160.385,88.121,187.062,180.679,170.060,104.978,172.673,179.575,194.425,333.659,0.0000,0.0020,0.2309,0.9500,0.00,0.00,0.00,0.00
730.00,180.000,180.000,170.000,175.000,168.709,168.888,160.450,88.233,186.958,180.674,170.049,105.076,172.537,179.570,195.197,333.739,0.0000,0.0000,0.2792,0.9500,0.00,0.00,0.00,0.00
731.00,180.000,180.000,170.000,175.000,168.830,168.967,160.513,88.345,186.854,180.669,170.039,105.175,172.406,179.648,195.492,333.819,0.0000,0.0000,0.2555,0.9500,0.00,0.00,0.00,0.00
732.00,180.000,180.000,170.000,175.000,168.950,169.044,160.577,88.457,186.750,180.664,170.031,105.273,172.280,179.620,195.938,333.899,0.0000,0.0228,0.2310,0.9500,0.00,0.00,0.00,0.00
733.00,180.000,180.000,170.000,175.000,169.068,169.122,160.640,88.569,186.646,180.659,170.023,105.370,172.159,179.578,196.566,333.979,0.0000,0.0098,0.2783,0.9500,0.00,0.00,0.00,0.00
734.00,180.000,180.000,170.000,175.000,169.185,169.198,160.702,88.681,186.542,180.654,170.016,105.468,172.041,179.632,196.715,334.059,0.0000,0.0000,0.2536,0.9500,0.00,0.00,0.00,0.00
735.00,180.000,180.000,170.000,175.000,169.300,169.274,160.764,88.793,186.437,180.649,170.010,105.565,171.927,179.588,197.625,334.138,0.0000,0.0000,0.2273,0.9500,0.00,0.00,0.00,0.00
736.00,180.000,180.000,170.000,175.000,169.414,169.350,160.825,88.904,186.333,180.644,170.005,105.661,171.816,179.596,198.028,334.217,0.0000,0.0272,0.2738,0.9500,0.00,0.00,0.00,0.00
737.00,180.000,180.000,170.000,175.000,169.526,169.425,160.886,89.016,186.229,180.639,170.001,105.758,171.709,179.553,198.541,334.296,0.0000,0.0128,0.2475,0.9500,0.00,0.00,0.00,0.00
738.00,180.000,180.000,170.000,175.000,169.637,169.499,160.947,89.127,186.125,180.635,169.999,105.854,171.604,179.622,199.181,334.375,0.0005,0.0000,0.2925,0.9500,0.00,0.00,0.00,0.00
739.00,180.000,180.000,170.000,175.000,169.746,169.573,161.007,89.239,186.020,180.630,169.997,105.949,171.501,179.576,199.310,334.453,0.0100,0.0000,0.2655,0.9500,0.00,0.00,0.00,0.00
740.00,180.000,180.000,170.000,175.000,169.854,169.647,161.067,89.350,185.916,180.625,169.996,106.044,171.401,179.582,199.558,334.531,0.0000,0.0264,0.2379,0.9500,0.00,0.00,0.00,0.00
741.00,180.000,180.000,170.000,175.000,169.961,169.720,161.126,89.461,185.812,180.621,169.995,106.139,171.303,179.538,199.942,334.609,0.0000,0.0108,0.2822,0.9500,0.00,0.00,0.00,0.00
742.00,180.000,180.000,170.000,175.000,170.066,169.792,161.185,89.572,185.708,180.616,169.996,106.234,171.208,179.590,200.405,334.687,0.0000,0.0000,0.2540,0.9500,0.00,0.00,0.00,0.00
743.00,180.000,180.000,170.000,175.000,170.170,169.864,161.243,89.683,185.604,180.612,169.997,106.328,171.130,179.691,200.952,334.765,0.0000,0.0000,0.2971,0.9500,0.00,0.00,0.00,0.00
744.00,180.000,180.000,170.000,175.000,170.272,169.936,161.302,89.793,185.500,180.607,169.999,106.422,171.101,179.634,200.982,334.842,0.0000,0.0207,0.2684,0.9500,0.00,0.00,0.00,0.00
745.00,180.000,180.000,170.000,175.000,170.373,170.006,161.359,89.904,185.397,180.603,170.001,106.516,171.100,179.582,201.718,334.919,0.0000,0.0043,0.2383,0.9500,0.00,0.00,0.00,0.00
746.00,180.000,180.000,170.000,175.000,170.473,170.077,161.417,90.015,185.293,180.598,170.005,106.610,171.109,179.581,201.885,334.996,0.0000,0.0000,0.2811,0.9500,0.00,0.00,0.00,0.00
747.00,180.000,180.000,170.000,175.000,170.571,170.147,161.474,90.125,185.190,180.594,170.009,106.703,171.126,179.615,202.136,335.073,0.0000,0.0281,0.2507,0.9500,0.00,0.00,0.00,0.00
748.00,180.000,180.000,170.000,175.000,170.668,170.216,161.531,90.235,185.087,180.590,170.014,106.795,171.150,179.562,202.475,335.149,0.0000,0.0105,0.2924,0.9500,0.00,0.00,0.00,0.00
749.00,180.000,180.000,170.000,175.000,170.764,170.285,161.587,90.345,184.985,180.585,170.020,106.888,171.165,179.608,202.850,335.225,0.0000,0.0000,0.2616,0.9500,0.00,0.00,0.00,0.00
750.00,180.000,180.000,170.000,175.000,170.858,170.354,161.643,90.456,184.882,180.581,170.026,106.980,171.172,179.669,203.302,335.301,0.0000,0.0000,0.3023,0.9500,0.00,0.00,0.00,0.00
751.00,180.000,180.000,170.000,175.000,170.951,170.421,161.699,90.566,184.780,180.577,170.032,107.072,171.171,179.609,203.196,335.377,0.0000,0.0148,0.2712,0.9500,0.00,0.00,0.00,0.00
752.00,180.000,180.000,170.000,175.000,171.043,170.489,161.754,90.675,184.679,180.573,170.040,107.164,171.147,179.679,203.762,335.453,0.0492,0.0000,0.2390,0.9500,0.00,0.00,0.00,0.00
753.00,180.000,180.000,170.000,175.000,171.133,170.556,161.809,90.785,184.577,180.569,170.047,107.255,171.102,179.764,203.760,335.528,0.0459,0.0000,0.2797,0.9500,0.00,0.00,0.00,0.00
754.00,180.000,180.000,170.000,175.000,171.222,170.622,161.864,90.895,184.475,180.565,170.055,107.346,171.021,179.693,203.793,335.603,0.0421,0.0162,0.2472,0.9500,0.00,0.00,0.00,0.00
755.00,180.000,180.000,170.000,175.000,171.310,170.689,161.918,91.004,184.375,180.561,170.063,107.436,171.234,179.768,203.920,335.678,0.0369,0.0000,0.2870,0.9500,0.00,0.00,0.00,0.00
756.00,180.000,180.000,170.000,175.000,171.397,170.754,161.973,91.113,184.274,180.557,170.072,107.527,171.357,179.843,204.069,335.753,0.0313,0.0000,0.2537,0.9500,0.00,0.00,0.00,0.00
757.00,180.000,180.000,170.000,175.000,171.482,170.819,162.026,91.223,184.175,180.554,170.081,107.617,171.415,179.763,204.269,335.827,0.0244,0.0152,0.2927,0.9500,0.00,0.00,0.00,0.00
758.00,180.000,180.000,170.000,175.000,171.566,170.884,162.080,91.332,184.076,180.550,170.090,107.707,171.888,179.813,204.486,335.902,0.0162,0.0000,0.2593,0.9500,0.00,0.00,0.00,0.00
759.00,180.000,180.000,170.000,175.000,171.649,170.948,162.133,91.441,183.977,180.546,170.100,107.796,172.182,179.865,204.746,335.976,0.0798,0.0324,0.2975,0.9500,0.00,0.00,0.00,0.00
760.00,180.000,180.000,170.000,175.000,171.731,171.012,162.186,91.550,183.880,180.543,170.110,107.886,172.283,179.781,204.984,336.050,0.0703,0.0114,0.2634,0.9500,0.00,0.00,0.00,0.00
761.00,180.000,180.000,170.000,175.000,171.812,171.075,162.239,91.658,183.782,180.539,170.121,107.975,172.223,179.797,205.248,336.123,0.0607,0.0000,0.3009,0.9500,0.00,0.00,0.00,0.00
762.00,180.000,180.000,170.000,175.000,171.891,171.138,162.291,91.767,183.686,180.536,170.132,108.063,172.562,179.799,204.925,336.197,0.0501,0.0268,0.2668,0.9500,0.00,0.00,0.00,0.00
763.00,180.000,180.000,170.000,175.000,171.969,171.201,162.343,91.875,183.591,180.532,170.143,108.152,173.293,179.718,205.247,336.270,0.0376,0.0053,0.3037,0.9500,0.00,0.00,0.00,0.00
764.00,180.000,180.000,170.000,175.000,172.046,171.263,162.395,91.983,183.497,180.528,170.153,108.240,173.740,179.888,204.959,336.343,0.0972,0.0000,0.2690,0.9500,0.00,0.00,0.00,0.00
765.00,180.000,180.000,170.000,175.000,172.122,171.324,162.447,92.092,183.404,180.525,170.164,108.328,173.932,179.814,205.328,336.416,0.0839,0.0191,0.3052,0.9500,0.00,0.00,0.00,0.00
766.00,180.000,180.000,170.000,175.000,172.197,171.385,162.498,92.200,183.312,180.521,170.176,108.415,174.451,179.885,205.068,336.489,0.0699,0.0000,0.2699,0.9500,0.00,0.00,0.00,0.00
767.00,180.000,180.000,170.000,175.000,172.271,171.446,162.549,92.308,183.221,180.518,170.187,108.503,174.692,179.924,205.430,336.561,0.0551,0.0321,0.3055,0.9500,0.00,0.00,0.00,0.00
768.00,180.000,180.000,170.000,175.000,172.343,171.506,162.600,92.415,183.131,180.515,170.198,108.590,175.270,179.829,205.163,336.633,0.1116,0.0091,0.2697,0.9500,0.00,0.00,0.00,0.00
769.00,180.000,180.000,170.000,175.000,172.415,171.566,162.650,92.523,183.042,180.511,170.210,108.677,175.500,179.819,205.520,336.705,0.0954,0.0000,0.2328,0.9500,0.00,0.00,0.00,0.00
770.00,180.000,180.000,170.000,175.000,172.485,171.626,162.701,92.630,182.954,180.508,170.222,108.763,176.039,179.764,205.231,336.777,0.0787,0.0209,0.2692,0.9500,0.00,0.00,0.00,0.00
771.00,180.000,180.000,170.000,175.000,172.555,171.685,162.751,92.738,182.868,180.504,170.233,108.850,176.840,179.853,205.568,336.849,0.0605,0.0000,0.2319,0.9500,0.00,0.00,0.00,0.00
772.00,180.000,180.000,170.000,175.000,172.623,171.743,162.800,92.845,182.783,180.501,170.245,108.936,177.271,179.891,205.278,336.920,0.1146,0.0314,0.2678,0.9500,0.00,0.00,0.00,0.00
773.00,180.000,180.000,170.000,175.000,172.691,171.801,162.850,92.952,182.699,180.498,170.257,109.022,177.914,179.795,205.597,336.992,0.0953,0.0072,0.3020,0.9500,0.00,0.00,0.00,0.00
774.00,180.000,180.000,170.000,175.000,172.757,171.859,162.899,93.059,182.617,180.494,170.269,109.107,178.777,179.982,205.243,337.063,0.0748,0.0000,0.2648,0.9500,0.00,0.00,0.00,0.00
775.00,180.000,180.000,170.000,175.000,172.822,171.916,162.948,93.166,182.537,180.491,170.281,109.193,179.217,179.876,205.505,337.134,0.1267,0.0163,0.2986,0.9500,0.00,0.00,0.00,0.00
776.00,180.000,180.000,170.000,175.000,172.887,171.973,162.997,93.272,182.458,180.488,170.293,109.278,179.851,179.919,205.131,337.204,0.1055,0.0000,0.2610,0.9500,0.00,0.00,0.00,0.00
777.00,180.000,180.000,170.000,175.000,172.950,172.030,163.045,93.379,182.380,180.485,170.305,109.363,180.675,179.883,205.341,337.275,0.0830,0.0243,0.2945,0.9500,0.00,0.00,0.00,0.00
778.00,180.000,180.000,170.000,175.000,173.013,172.086,163.094,93.485,182.304,180.482,170.316,109.448,181.048,179.986,204.889,337.345,0.1331,0.0000,0.2566,0.9500,0.00,0.00,0.00,0.00
779.00,180.000,180.000,170.000,175.000,173.074,172.142,163.142,93.591,182.229,180.478,170.328,109.532,181.591,180.007,205.061,337.416,0.1093,0.0313,0.2898,0.9500,0.00,0.00,0.00,0.00
780.00,180.000,180.000,170.000,175.000,173.135,172.197,163.189,93.697,182.156,180.475,170.339,109.616,182.301,179.896,204.574,337.486,0.1572,0.0056,0.2516,0.9500,0.00,0.00,0.00,0.00
781.00,180.000,180.000,170.000,175.000,173.195,172.252,163.237,93.803,182.083,180.472,170.349,109.700,182.522,180.036,204.683,337.555,0.1330,0.0000,0.2845,0.9500,0.00,0.00,0.00,0.00
782.00,180.000,180.000,170.000,175.000,173.254,172.307,163.284,93.909,182.012,180.469,170.361,109.784,183.520,179.920,204.719,337.625,0.1070,0.0117,0.2453,0.9500,0.00,0.00,0.00,0.00
783.00,180.000,180.000,170.000,175.000,173.312,172.361,163.331,94.015,181.943,180.466,170.372,109.868,183.970,180.136,204.720,337.694,0.1537,0.0000,0.2780,0.9500,0.00,0.00,0.00,0.00
784.00,180.000,180.000,170.000,175.000,173.369,172.415,163.378,94.120,181.875,180.463,170.383,109.951,184.519,180.026,204.643,337.764,0.1267,0.0164,0.2386,0.9500,0.00,0.00,0.00,0.00
785.00,180.000,180.000,170.000,175.000,173.426,172.469,163.425,94.226,181.808,180.460,170.394,110.034,185.187,180.049,204.541,337.833,0.1717,0.0000,0.2711,0.9500,0.00,0.00,0.00,0.00
786.00,180.000,180.000,170.000,175.000,173.481,172.522,163.471,94.331,181.743,180.457,170.405,110.117,185.918,179.978,204.354,337.902,0.1438,0.0205,0.2308,0.9500,0.00,0.00,0.00,0.00
787.00,180.000,180.000,170.000,175.000,173.536,172.574,163.517,94.436,181.679,180.454,170.415,110.200,186.718,180.035,204.153,337.970,0.1871,0.0000,0.2631,0.9500,0.00,0.00,0.00,0.00
788.00,180.000,180.000,170.000,175.000,173.590,172.627,163.563,94.541,181.618,180.451,170.425,110.282,187.537,179.997,203.878,338.039,0.1578,0.0235,0.2227,0.9500,0.00,0.00,0.00,0.00
789.00,180.000,180.000,170.000,175.000,173.643,172.679,163.608,94.645,181.558,180.448,170.435,110.365,188.402,180.067,203.596,338.107,0.1997,0.0000,0.2548,0.9500,0.00,0.00,0.00,0.00
790.00,180.000,180.000,170.000,175.000,173.696,172.730,163.654,94.750,181.499,180.445,170.444,110.447,188.669,180.041,203.858,338.176,0.1698,0.0260,0.2135,0.9500,0.00,0.00,0.00,0.00
791.00,180.000,180.000,170.000,175.000,173.747,172.782,163.699,94.854,181.442,180.443,170.453,110.529,189.613,180.136,203.419,338.244,0.2103,0.0000,0.2456,0.9500,0.00,0.00,0.00,0.00
792.00,180.000,180.000,170.000,175.000,173.799,172.832,163.744,94.959,181.386,180.440,170.463,110.611,189.952,180.119,203.539,338.312,0.1792,0.0274,0.2762,0.9500,0.00,0.00,0.00,0.00
793.00,180.000,180.000,170.000,175.000,173.849,172.883,163.788,95.063,181.332,180.437,170.471,110.692,190.913,180.205,202.973,338.379,0.2186,0.0000,0.2355,0.9500,0.00,0.00,0.00,0.00
794.00,180.000,180.000,170.000,175.000,173.898,172.933,163.833,95.167,181.279,180.434,170.479,110.774,191.235,180.180,202.976,338.447,0.1863,0.0280,0.2661,0.9500,0.00,0.00,0.00,0.00
795.00,180.000,180.000,170.000,175.000,173.947,172.983,163.877,95.271,181.228,180.432,170.488,110.855,192.181,180.275,202.886,338.514,0.2247,0.0000,0.2247,0.9500,0.00,0.00,0.00,0.00
796.00,180.000,180.000,170.000,175.000,173.996,173.033,163.921,95.374,181.178,180.429,170.496,110.936,192.474,180.242,202.722,338.582,0.1914,0.0277,0.2552,0.9500,0.00,0.00,0.00,0.00
797.00,180.000,180.000,170.000,175.000,174.043,173.082,163.965,95.478,181.129,180.427,170.504,111.017,193.380,180.331,202.465,338.649,0.2288,0.0000,0.2130,0.9500,0.00,0.00,0.00,0.00
798.00,180.000,180.000,170.000,175.000,174.090,173.130,164.008,95.581,181.082,180.424,170.511,111.098,193.619,180.291,202.167,338.716,0.1947,0.0267,0.2436,0.9500,0.00,0.00,0.00,0.00
799.00,180.000,180.000,170.000,175.000,174.137,173.179,164.051,95.684,181.036,180.422,170.518,111.178,194.459,180.358,202.381,338.783,0.2313,0.0000,0.2007,0.9500,0.00,0.00,0.00,0.00
800.00,180.000,180.000,170.000,175.000,174.183,173.227,164.094,95.788,180.992,180.420,170.525,111.259,195.204,180.298,201.868,338.849,0.1956,0.0250,0.2313,0.9500,0.00,0.00,0.00,0.00
801.00,180.000,180.000,170.000,175.000,174.228,173.275,164.137,95.890,180.949,180.417,170.531,111.339,195.890,180.348,201.903,338.916,0.2315,0.0000,0.2605,0.9500,0.00,0.00,0.00,0.00
802.00,180.000,180.000,170.000,175.000,174.272,173.322,164.180,95.993,180.908,180.415,170.538,111.419,196.496,180.272,201.809,338.982,0.1951,0.0227,0.2177,0.9500,0.00,0.00,0.00,0.00
803.00,180.000,180.000,170.000,175.000,174.316,173.369,164.222,96.096,180.868,180.412,170.544,111.499,197.057,180.307,201.642,339.048,0.2304,0.0000,0.2470,0.9500,0.00,0.00,0.00,0.00
804.00,180.000,180.000,170.000,175.000,174.360,173.416,164.264,96.198,180.830,180.410,170.550,111.579,198.126,180.202,201.349,339.115,0.1918,0.0193,0.2037,0.9500,0.00,0.00,0.00,0.00
805.00,180.000,180.000,170.000,175.000,174.403,173.463,164.306,96.301,180.793,180.407,170.555,111.658,198.465,180.212,200.987,339.181,0.2266,0.0000,0.2331,0.9500,0.00,0.00,0.00,0.00
806.00,180.000,180.000,170.000,175.000,174.445,173.509,164.347,96.403,180.757,180.404,170.560,111.738,199.334,180.081,201.142,339.246,0.2595,0.0154,0.2611,0.9500,0.00,0.00,0.00,0.00
807.00,180.000,180.000,170.000,175.000,174.487,173.555,164.389,96.505,180.723,180.401,170.565,111.817,199.476,180.315,200.560,339.312,0.2212,0.0000,0.2180,0.9500,0.00,0.00,0.00,0.00
808.00,180.000,180.000,170.000,175.000,174.528,173.600,164.430,96.607,180.690,180.399,170.569,111.896,200.150,180.157,200.500,339.378,0.2538,0.0105,0.2462,0.9500,0.00,0.00,0.00,0.00
809.00,180.000,180.000,170.000,175.000,174.569,173.645,164.470,96.709,180.658,180.396,170.573,111.975,200.665,180.319,200.287,339.443,0.2134,0.0366,0.2019,0.9500,0.00,0.00,0.00,0.00
810.00,180.000,180.000,170.000,175.000,174.610,173.690,164.511,96.810,180.627,180.393,170.577,112.054,201.096,180.160,199.997,339.508,0.2459,0.0047,0.2303,0.9500,0.00,0.00,0.00,0.00
811.00,180.000,180.000,170.000,175.000,174.650,173.735,164.551,96.912,180.598,180.390,170.580,112.133,202.001,180.225,200.186,339.573,0.2765,0.0307,0.1854,0.9500,0.00,0.00,0.00,0.00
812.00,180.000,180.000,170.000,175.000,174.689,173.779,164.591,97.013,180.570,180.388,170.584,112.212,202.144,180.322,199.650,339.639,0.2360,0.0000,0.2141,0.9500,0.00,0.00,0.00,0.00
813.00,180.000,180.000,170.000,175.000,174.728,173.823,164.631,97.114,180.542,180.385,170.586,112.290,202.787,180.259,199.616,339.703,0.2665,0.0240,0.2415,0.9500,0.00,0.00,0.00,0.00
814.00,180.000,180.000,170.000,175.000,174.767,173.866,164.671,97.215,180.517,180.383,170.589,112.369,203.258,180.305,199.426,339.768,0.2243,0.0000,0.1970,0.9500,0.00,0.00,0.00,0.00
815.00,180.000,180.000,170.000,175.000,174.805,173.910,164.710,97.316,180.492,180.380,170.591,112.447,203.602,180.178,199.124,339.833,0.2549,0.0165,0.2246,0.9500,0.00,0.00,0.00,0.00
816.00,180.000,180.000,170.000,175.000,174.843,173.953,164.749,97.416,180.468,180.377,170.593,112.525,204.412,180.413,199.302,339.897,0.2838,0.0000,0.2509,0.9500,0.00,0.00,0.00,0.00
817.00,180.000,180.000,170.000,175.000,174.880,173.995,164.788,97.517,180.445,180.375,170.595,112.603,204.453,180.241,198.724,339.962,0.2416,0.0084,0.2062,0.9500,0.00,0.00,0.00,0.00
818.00,180.000,180.000,170.000,175.000,174.917,174.038,164.827,97.617,180.423,180.372,170.596,112.681,204.974,180.343,198.652,340.026,0.2707,0.0331,0.2328,0.9500,0.00,0.00,0.00,0.00
819.00,180.000,180.000,170.000,175.000,174.953,174.080,164.865,97.717,180.402,180.370,170.597,112.759,205.912,180.441,198.395,340.090,0.2261,0.0000,0.1870,0.9500,0.00,0.00,0.00,0.00
820.00,180.000,180.000,170.000,175.000,174.990,174.122,164.903,97.818,180.383,180.367,170.597,112.837,206.036,180.363,198.033,340.155,0.2554,0.0238,0.2140,0.9500,0.00,0.00,0.00,0.00
821.00,180.000,180.000,170.000,175.000,175.025,174.163,164.941,97.917,180.365,180.365,170.597,112.915,206.616,180.395,198.156,340.218,0.2831,0.0000,0.2398,0.9500,0.00,0.00,0.00,0.00
822.00,180.000,180.000,170.000,175.000,175.061,174.204,164.978,98.017,180.347,180.362,170.597,112.992,206.982,180.239,197.496,340.282,0.2381,0.0140,0.1945,0.9500,0.00,0.00,0.00,0.00
823.00,180.000,180.000,170.000,175.000,175.096,174.245,165.016,98.117,180.331,180.360,170.596,113.070,207.182,180.434,197.349,340.346,0.2662,0.0376,0.2206,0.9500,0.00,0.00,0.00,0.00
824.00,180.000,180.000,170.000,175.000,175.131,174.286,165.053,98.216,180.315,180.357,170.595,113.147,207.816,180.257,197.635,340.410,0.2927,0.0032,0.1736,0.9500,0.00,0.00,0.00,0.00
825.00,180.000,180.000,170.000,175.000,175.165,174.326,165.090,98.316,180.301,180.354,170.594,113.224,208.214,180.257,197.122,340.473,0.2466,0.0269,0.2001,0.9500,0.00,0.00,0.00,0.00
826.00,180.000,180.000,170.000,175.000,175.199,174.366,165.126,98.415,180.287,180.352,170.592,113.301,208.444,180.313,197.091,340.537,0.2736,0.0000,0.2255,0.9500,0.00,0.00,0.00,0.00
827.00,180.000,180.000,170.000,175.000,175.233,174.406,165.162,98.514,180.274,180.349,170.591,113.378,209.088,180.179,196.872,340.600,0.2991,0.0153,0.1784,0.9500,0.00,0.00,0.00,0.00
828.00,180.000,180.000,170.000,175.000,175.267,174.446,165.199,98.613,180.262,180.346,170.588,113.455,209.464,180.377,196.512,340.663,0.2520,0.0380,0.2042,0.9500,0.00,0.00,0.00,0.00
829.00,180.000,180.000,170.000,175.000,175.300,174.485,165.234,98.712,180.251,180.343,170.586,113.532,209.659,180.203,196.604,340.727,0.2781,0.0028,0.2288,0.9500,0.00,0.00,0.00,0.00
830.00,180.000,180.000,170.000,175.000,175.333,174.524,165.270,98.810,180.241,180.340,170.584,113.609,210.255,180.206,196.481,340.790,0.3028,0.0258,0.1818,0.9500,0.00,0.00,0.00,0.00
831.00,180.000,180.000,170.000,175.000,175.365,174.562,165.305,98.909,180.232,180.338,170.581,113.686,210.588,180.265,196.222,340.853,0.2550,0.0000,0.2069,0.9500,0.00,0.00,0.00,0.00
832.00,180.000,180.000,170.000,175.000,175.398,174.601,165.340,99.007,180.224,180.335,170.578,113.762,210.726,180.116,196.374,340.915,0.2804,0.0128,0.2308,0.9500,0.00,0.00,0.00,0.00
833.00,180.000,180.000,170.000,175.000,175.430,174.639,165.375,99.105,180.216,180.332,170.576,113.839,211.257,180.286,196.305,340.978,0.3044,0.0348,0.1831,0.9500,0.00,0.00,0.00,0.00
834.00,180.000,180.000,170.000,175.000,175.461,174.677,165.410,99.203,180.210,180.329,170.573,113.915,211.514,180.397,196.080,341.041,0.2559,0.0000,0.2077,0.9500,0.00,0.00,0.00,0.00
835.00,180.000,180.000,170.000,175.000,175.493,174.714,165.444,99.301,180.203,180.327,170.570,113.992,211.568,180.300,196.278,341.103,0.2807,0.0207,0.2311,0.9500,0.00,0.00,0.00,0.00
836.00,180.000,180.000,170.000,175.000,175.524,174.751,165.478,99.399,180.198,180.324,170.567,114.068,212.022,180.562,195.654,341.166,0.3041,0.0000,0.1835,0.9500,0.00,0.00,0.00,0.00
837.00,180.000,180.000,170.000,175.000,175.555,174.788,165.512,99.496,180.193,180.322,170.563,114.144,212.805,180.366,195.491,341.228,0.2542,0.0060,0.2075,0.9500,0.00,0.00,0.00,0.00
838.00,180.000,180.000,170.000,175.000,175.586,174.825,165.545,99.594,180.190,180.319,170.559,114.220,212.709,180.398,195.713,341.291,0.2785,0.0276,0.2304,0.9500,0.00,0.00,0.00,0.00
839.00,180.000,180.000,170.000,175.000,175.617,174.862,165.579,99.691,180.186,180.317,170.554,114.296,213.010,180.435,195.127,341.353,0.3014,0.0000,0.1823,0.9500,0.00,0.00,0.00,0.00
840.00,180.000,180.000,170.000,175.000,175.647,174.898,165.612,99.788,180.184,180.314,170.550,114.372,213.655,180.267,194.998,341.415,0.3231,0.0121,0.2058,0.9500,0.00,0.00,0.00,0.00
841.00,180.000,180.000,170.000,175.000,175.677,174.934,165.645,99.885,180.182,180.311,170.545,114.448,213.417,180.402,195.250,341.477,0.2742,0.0330,0.2282,0.9500,0.00,0.00,0.00,0.00
842.00,180.000,180.000,170.000,175.000,175.707,174.970,165.677,99.982,180.181,180.309,170.540,114.524,213.591,180.484,194.659,341.539,0.2968,0.0000,0.1797,0.9500,0.00,0.00,0.00,0.00
843.00,180.000,180.000,170.000,175.000,175.737,175.005,165.709,100.079,180.180,180.306,170.534,114.600,214.121,180.359,194.510,341.601,0.3182,0.0168,0.2028,0.9500,0.00,0.00,0.00,0.00
844.00,180.000,180.000,170.000,175.000,175.766,175.040,165.741,100.176,180.180,180.303,170.529,114.675,214.329,180.548,194.760,341.663,0.2681,0.0370,0.2248,0.9500,0.00,0.00,0.00,0.00
845.00,180.000,180.000,170.000,175.000,175.796,175.075,165.773,100.272,180.180,180.301,170.524,114.751,214.325,180.646,194.731,341.725,0.2905,0.0000,0.1752,0.9500,0.00,0.00,0.00,0.00
846.00,180.000,180.000,170.000,175.000,175.825,175.110,165.805,100.368,180.181,180.299,170.519,114.827,214.677,180.520,194.510,341.786,0.3117,0.0196,0.1980,0.9500,0.00,0.00,0.00,0.00
847.00,180.000,180.000,170.000,175.000,175.854,175.145,165.836,100.465,180.183,180.297,170.513,114.902,215.337,180.725,194.679,341.848,0.2597,0.0393,0.2197,0.9500,0.00,0.00,0.00,0.00
848.00,180.000,180.000,170.000,175.000,175.883,175.179,165.867,100.561,180.185,180.294,170.508,114.977,215.112,180.509,194.593,341.910,0.2820,0.0013,0.1698,0.9500,0.00,0.00,0.00,0.00
849.00,180.000,180.000,170.000,175.000,175.911,175.213,165.898,100.657,180.188,180.292,170.503,115.053,215.249,180.428,194.289,341.971,0.3031,0.0216,0.1923,0.9500,0.00,0.00,0.00,0.00
850.00,180.000,180.000,170.000,175.000,175.940,175.247,165.929,100.752,180.191,180.290,170.497,115.128,215.731,180.672,194.382,342.032,0.3230,0.0408,0.2137,0.9500,0.00,0.00,0.00,0.00
851.00,180.000,180.000,170.000,175.000,175.968,175.280,165.959,100.848,180.195,180.287,170.491,115.203,215.879,180.460,194.211,342.094,0.2716,0.0023,0.1629,0.9500,0.00,0.00,0.00,0.00
852.00,180.000,180.000,170.000,175.000,175.996,175.313,165.989,100.944,180.199,180.284,170.485,115.279,215.788,180.414,193.846,342.155,0.2927,0.0221,0.1852,0.9500,0.00,0.00,0.00,0.00
853.00,180.000,180.000,170.000,175.000,176.024,175.346,166.019,101.039,180.203,180.282,170.479,115.354,216.030,180.674,193.868,342.216,0.3126,0.0408,0.2064,0.9500,0.00,0.00,0.00,0.00
854.00,180.000,180.000,170.000,175.000,176.052,175.379,166.049,101.134,180.209,180.280,170.473,115.429,216.574,180.461,194.226,342.277,0.2595,0.0019,0.2266,0.9500,0.00,0.00,0.00,0.00
855.00,180.000,180.000,170.000,175.000,176.079,175.412,166.078,101.229,180.214,180.277,170.466,115.504,216.229,180.382,193.698,342.338,0.2807,0.0214,0.1760,0.9500,0.00,0.00,0.00,0.00
856.00,180.000,180.000,170.000,175.000,176.107,175.444,166.107,101.324,180.219,180.274,170.459,115.579,216.241,180.628,193.574,342.399,0.3007,0.0398,0.1971,0.9500,0.00,0.00,0.00,0.00
857.00,180.000,180.000,170.000,175.000,176.134,175.476,166.136,101.419,180.225,180.272,170.453,115.653,216.577,180.419,193.798,342.460,0.3197,0.0006,0.2173,0.9500,0.00,0.00,0.00,0.00
858.00,180.000,180.000,170.000,175.000,176.161,175.508,166.165,101.514,180.231,180.269,170.446,115.728,216.594,180.342,193.729,342.521,0.2665,0.0197,0.1659,0.9500,0.00,0.00,0.00,0.00
859.00,180.000,180.000,170.000,175.000,176.188,175.540,166.193,101.608,180.237,180.266,170.440,115.803,216.351,180.559,193.440,342.582,0.2868,0.0378,0.1869,0.9500,0.00,0.00,0.00,0.00
860.00,180.000,180.000,170.000,175.000,176.215,175.571,166.221,101.703,180.243,180.264,170.433,115.878,216.457,180.666,193.516,342.643,0.3059,0.0000,0.2070,0.9500,0.00,0.00,0.00,0.00
861.00,180.000,180.000,170.000,175.000,176.242,175.602,166.249,101.797,180.250,180.262,170.426,115.952,216.861,180.517,193.905,342.703,0.3240,0.0165,0.2261,0.9500,0.00,0.00,0.00,0.00
862.00,180.000,180.000,170.000,175.000,176.269,175.633,166.277,101.891,180.258,180.259,170.420,116.027,216.924,180.668,193.390,342.764,0.2709,0.0343,0.1745,0.9500,0.00,0.00,0.00,0.00
863.00,180.000,180.000,170.000,175.000,176.295,175.664,166.305,101.985,180.265,180.257,170.413,116.101,216.722,180.732,193.276,342.824,0.2904,0.0000,0.1946,0.9500,0.00,0.00,0.00,0.00
864.00,180.000,180.000,170.000,175.000,176.322,175.694,166.332,102.079,180.272,180.255,170.406,116.176,216.865,180.543,193.495,342.885,0.3088,0.0120,0.2138,0.9500,0.00,0.00,0.00,0.00
865.00,180.000,180.000,170.000,175.000,176.348,175.725,166.359,102.173,180.280,180.253,170.399,116.250,217.288,180.627,193.373,342.945,0.3262,0.0297,0.1608,0.9500,0.00,0.00,0.00,0.00
866.00,180.000,180.000,170.000,175.000,176.374,175.755,166.386,102.267,180.288,180.251,170.392,116.325,216.784,180.974,193.035,343.006,0.2732,0.0000,0.1810,0.9500,0.00,0.00,0.00,0.00
867.00,180.000,180.000,170.000,175.000,176.400,175.785,166.412,102.360,180.295,180.249,170.384,116.399,216.637,180.728,193.051,343.066,0.2920,0.0063,0.2002,0.9500,0.00,0.00,0.00,0.00
868.00,180.000,180.000,170.000,175.000,176.426,175.814,166.439,102.454,180.302,180.246,170.377,116.473,216.812,180.698,193.370,343.126,0.3098,0.0240,0.2186,0.9500,0.00,0.00,0.00,0.00
869.00,180.000,180.000,170.000,175.000,176.452,175.844,166.465,102.547,180.311,180.245,170.371,116.547,217.263,180.958,193.354,343.186,0.2546,0.0407,0.1655,0.9500,0.00,0.00,0.00,0.00
870.00,180.000,180.000,170.000,175.000,176.477,175.873,166.491,102.640,180.319,180.242,170.364,116.622,216.786,180.713,193.082,343.246,0.2739,0.0000,0.1850,0.9500,0.00,0.00,0.00,0.00
871.00,180.000,180.000,170.000,175.000,176.503,175.902,166.517,102.733,180.327,180.240,170.357,116.696,216.662,180.572,193.156,343.306,0.2921,0.0174,0.2035,0.9500,0.00,0.00,0.00,0.00
872.00,180.000,180.000,170.000,175.000,176.528,175.931,166.542,102.826,180.335,180.238,170.350,116.770,216.843,180.731,193.513,343.366,0.3093,0.0340,0.2212,0.9500,0.00,0.00,0.00,0.00
873.00,180.000,180.000,170.000,175.000,176.554,175.959,166.567,102.919,180.343,180.236,170.344,116.844,217.283,180.787,193.515,343.426,0.2536,0.0000,0.1675,0.9500,0.00,0.00,0.00,0.00
874.00,180.000,180.000,170.000,175.000,176.579,175.988,166.592,103.011,180.352,180.233,170.337,116.918,216.796,180.573,193.258,343.486,0.2724,0.0094,0.1863,0.9500,0.00,0.00,0.00,0.00
875.00,180.000,180.000,170.000,175.000,176.604,176.016,166.617,103.104,180.360,180.231,170.331,116.991,216.647,180.587,193.331,343.546,0.2901,0.0260,0.2042,0.9500,0.00,0.00,0.00,0.00
876.00,180.000,180.000,170.000,175.000,176.629,176.044,166.642,103.196,180.368,180.229,170.325,117.065,216.805,180.887,193.685,343.606,0.3069,0.0418,0.2213,0.9500,0.00,0.00,0.00,0.00
877.00,180.000,180.000,170.000,175.000,176.654,176.072,166.666,103.289,180.377,180.227,170.319,117.139,217.208,180.647,193.670,343.665,0.2508,0.0001,0.1671,0.9500,0.00,0.00,0.00,0.00
878.00,180.000,180.000,170.000,175.000,176.678,176.099,166.691,103.381,180.386,180.224,170.313,117.213,216.688,180.526,193.382,343.725,0.2691,0.0169,0.1854,0.9500,0.00,0.00,0.00,0.00
879.00,180.000,180.000,170.000,175.000,176.703,176.127,166.715,103.473,180.395,180.222,170.307,117.286,216.509,180.671,193.409,343.785,0.2865,0.0328,0.2028,0.9500,0.00,0.00,0.00,0.00
880.00,180.000,180.000,170.000,175.000,176.728,176.154,166.739,103.565,180.403,180.220,170.301,117.360,216.624,181.057,193.723,343.844,0.3029,0.0000,0.2194,0.9500,0.00,0.00,0.00,0.00
881.00,180.000,180.000,170.000,175.000,176.752,176.181,166.762,103.656,180.412,180.218,170.295,117.434,216.988,180.799,193.672,343.904,0.2464,0.0060,0.1647,0.9500,0.00,0.00,0.00,0.00
882.00,180.000,180.000,170.000,175.000,176.776,176.208,166.786,103.748,180.421,180.216,170.289,117.507,216.415,180.758,193.350,343.963,0.2645,0.0221,0.1826,0.9500,0.00,0.00,0.00,0.00
883.00,180.000,180.000,170.000,175.000,176.801,176.235,166.809,103.840,180.429,180.214,170.283,117.580,216.189,180.976,193.348,344.023,0.2815,0.0373,0.1996,0.9500,0.00,0.00,0.00,0.00
884.00,180.000,180.000,170.000,175.000,176.825,176.261,166.832,103.931,180.437,180.212,170.277,117.654,216.262,181.020,193.603,344.082,0.2977,0.0000,0.2159,0.9500,0.00,0.00,0.00,0.00
885.00,180.000,180.000,170.000,175.000,176.849,176.287,166.855,104.022,180.445,180.210,170.272,117.727,216.587,180.781,194.091,344.141,0.3129,0.0100,0.1594,0.9500,0.00,0.00,0.00,0.00
886.00,180.000,180.000,170.000,175.000,176.873,176.313,166.878,104.114,180.454,180.208,170.267,117.800,215.963,180.789,193.633,344.201,0.2579,0.0254,0.1770,0.9500,0.00,0.00,0.00,0.00
887.00,180.000,180.000,170.000,175.000,176.896,176.339,166.900,104.205,180.461,180.206,170.261,117.874,215.691,181.034,193.507,344.260,0.2747,0.0401,0.1937,0.9500,0.00,0.00,0.00,0.00
888.00,180.000,180.000,170.000,175.000,176.920,176.365,166.922,104.296,180.469,180.205,170.256,117.947,215.705,181.103,193.650,344.319,0.2907,0.0000,0.2097,0.9500,0.00,0.00,0.00,0.00
889.00,180.000,180.000,170.000,175.000,176.944,176.390,166.945,104.386,180.476,180.203,170.251,118.020,215.978,180.888,194.036,344.378,0.3057,0.0123,0.2249,0.9500,0.00,0.00,0.00,0.00
890.00,180.000,180.000,170.000,175.000,176.967,176.416,166.967,104.477,180.485,180.201,170.245,118.093,215.873,180.932,193.470,344.437,0.2497,0.0273,0.1696,0.9500,0.00,0.00,0.00,0.00
891.00,180.000,180.000,170.000,175.000,176.991,176.441,166.988,104.568,180.492,180.200,170.239,118.166,215.472,181.195,193.231,344.496,0.2664,0.0414,0.1862,0.9500,0.00,0.00,0.00,0.00
892.00,180.000,180.000,170.000,175.000,177.014,176.466,167.010,104.658,180.500,180.199,170.233,118.239,215.385,181.248,193.271,344.555,0.2823,0.0000,0.2020,0.9500,0.00,0.00,0.00,0.00
893.00,180.000,180.000,170.000,175.000,177.037,176.491,167.031,104.749,180.507,180.197,170.228,118.312,215.566,181.018,193.564,344.614,0.2972,0.0128,0.2170,0.9500,0.00,0.00,0.00,0.00
894.00,180.000,180.000,170.000,175.000,177.060,176.515,167.053,104.839,180.515,180.195,170.223,118.385,215.346,181.049,194.070,344.673,0.2402,0.0273,0.1594,0.9500,0.00,0.00,0.00,0.00
895.00,180.000,180.000,170.000,175.000,177.083,176.540,167.074,104.929,180.522,180.194,170.218,118.458,214.857,181.300,193.613,344.731,0.2569,0.0410,0.1759,0.9500,0.00,0.00,0.00,0.00
896.00,180.000,180.000,170.000,175.000,177.106,176.564,167.095,105.019,180.528,180.193,170.212,118.530,214.674,181.342,193.455,344.790,0.2727,0.0000,0.1916,0.9500,0.00,0.00,0.00,0.00
897.00,180.000,180.000,170.000,175.000,177.129,176.588,167.115,105.109,180.534,180.192,170.207,118.603,214.768,181.102,193.570,344.849,0.2876,0.0117,0.2066,0.9500,0.00,0.00,0.00,0.00
898.00,180.000,180.000,170.000,175.000,177.151,176.612,167.136,105.199,180.541,180.190,170.202,118.676,215.081,181.093,193.914,344.907,0.2297,0.0259,0.2209,0.9500,0.00,0.00,0.00,0.00
899.00,180.000,180.000,170.000,175.000,177.174,176.636,167.156,105.288,180.547,180.189,170.198,118.748,214.447,181.323,193.858,344.966,0.2464,0.0393,0.1633,0.9500,0.00,0.00,0.00,0.00
900.00,180.000,180.000,170.000,175.000,177.196,176.659,167.176,105.378,180.553,180.188,170.193,118.821,214.148,181.346,193.484,345.024,0.2621,0.0000,0.1791,0.9500,0.00,0.00,0.00,0.00
901.00,180.000,180.000,170.000,175.000,177.219,176.683,167.196,105.467,180.559,180.186,170.187,118.893,214.121,181.073,193.403,345.083,0.2770,0.0087,0.1942,0.9500,0.00,0.00,0.00,0.00
902.00,180.000,180.000,170.000,175.000,177.241,176.706,167.216,105.557,180.565,180.185,170.182,118.965,214.340,181.017,193.554,345.141,0.2911,0.0226,0.2085,0.9500,0.00,0.00,0.00,0.00
903.00,180.000,180.000,170.000,175.000,177.263,176.729,167.236,105.646,180.571,180.183,170.178,119.038,214.155,181.189,193.931,345.200,0.2342,0.0358,0.2222,0.9500,0.00,0.00,0.00,0.00
904.00,180.000,180.000,170.000,175.000,177.285,176.752,167.256,105.735,180.576,180.182,170.173,119.110,213.697,181.568,193.873,345.258,0.2500,0.0000,0.1640,0.9500,0.00,0.00,0.00,0.00
905.00,180.000,180.000,170.000,175.000,177.307,176.775,167.275,105.824,180.581,180.181,170.169,119.182,213.510,181.257,193.497,345.316,0.2650,0.0041,0.1792,0.9500,0.00,0.00,0.00,0.00
906.00,180.000,180.000,170.000,175.000,177.329,176.798,167.294,105.913,180.586,180.180,170.163,119.254,213.600,181.119,193.398,345.375,0.2792,0.0179,0.1937,0.9500,0.00,0.00,0.00,0.00
907.00,180.000,180.000,170.000,175.000,177.350,176.820,167.313,106.002,180.591,180.178,170.158,119.326,213.892,181.217,193.549,345.433,0.2205,0.0310,0.2076,0.9500,0.00,0.00,0.00,0.00
908.00,180.000,180.000,170.000,175.000,177.372,176.842,167.332,106.090,180.596,180.177,170.154,119.398,213.239,181.497,193.894,345.491,0.2366,0.0433,0.2208,0.9500,0.00,0.00,0.00,0.00
909.00,180.000,180.000,170.000,175.000,177.393,176.865,167.351,106.179,180.600,180.177,170.150,119.470,212.908,181.534,194.432,345.549,0.2517,0.0000,0.1614,0.9500,0.00,0.00,0.00,0.00
910.00,180.000,180.000,170.000,175.000,177.415,176.887,167.369,106.267,180.604,180.175,170.146,119.542,212.835,181.273,193.971,345.607,0.2660,0.0114,0.1762,0.9500,0.00,0.00,0.00,0.00
911.00,180.000,180.000,170.000,175.000,177.436,176.908,167.388,106.356,180.608,180.174,170.142,119.614,212.996,181.245,193.778,345.665,0.2795,0.0244,0.1903,0.9500,0.00,0.00,0.00,0.00
912.00,180.000,180.000,170.000,175.000,177.457,176.930,167.406,106.444,180.612,180.173,170.138,119.686,212.758,181.426,193.829,345.723,0.2211,0.0368,0.2038,0.9500,0.00,0.00,0.00,0.00
913.00,180.000,180.000,170.000,175.000,177.478,176.952,167.424,106.532,180.615,180.173,170.134,119.757,212.221,181.781,194.083,345.781,0.2365,0.0000,0.2166,0.9500,0.00,0.00,0.00,0.00
914.00,180.000,180.000,170.000,175.000,177.499,176.973,167.442,106.620,180.618,180.172,170.131,119.829,211.976,181.448,194.523,345.838,0.2511,0.0034,0.2288,0.9500,0.00,0.00,0.00,0.00
915.00,180.000,180.000,170.000,175.000,177.519,176.994,167.460,106.708,180.621,180.171,170.128,119.901,211.982,181.275,194.520,345.896,0.2648,0.0165,0.1700,0.9500,0.00,0.00,0.00,0.00
916.00,180.000,180.000,170.000,175.000,177.540,177.015,167.478,106.795,180.624,180.169,170.125,119.972,212.214,181.325,194.179,345.954,0.2778,0.0288,0.1839,0.9500,0.00,0.00,0.00,0.00
917.00,180.000,180.000,170.000,175.000,177.560,177.036,167.495,106.883,180.627,180.169,170.122,120.044,212.025,181.562,194.079,346.012,0.2198,0.0405,0.1971,0.9500,0.00,0.00,0.00,0.00
918.00,180.000,180.000,170.000,175.000,177.581,177.057,167.513,106.971,180.629,180.168,170.118,120.115,211.531,181.575,194.214,346.069,0.2346,0.0000,0.2097,0.9500,0.00,0.00,0.00,0.00
919.00,180.000,180.000,170.000,175.000,177.601,177.078,167.530,107.058,180.631,180.167,170.115,120.186,211.326,181.277,194.528,346.127,0.2487,0.0067,0.2217,0.9500,0.00,0.00,0.00,0.00
920.00,180.000,180.000,170.000,175.000,177.621,177.098,167.547,107.146,180.633,180.165,170.113,120.257,211.367,181.167,195.006,346.184,0.2619,0.0192,0.2332,0.9500,0.00,0.00,0.00,0.00
921.00,180.000,180.000,170.000,175.000,177.641,177.119,167.564,107.233,180.635,180.164,170.111,120.329,211.616,181.258,194.459,346.242,0.2745,0.0310,0.1743,0.9500,0.00,0.00,0.00,0.00
922.00,180.000,180.000,170.000,175.000,177.661,177.139,167.581,107.320,180.637,180.163,170.108,120.400,211.457,181.532,194.188,346.299,0.2160,0.0421,0.1875,0.9500,0.00,0.00,0.00,0.00
923.00,180.000,180.000,170.000,175.000,177.681,177.159,167.598,107.407,180.639,180.163,170.105,120.471,210.959,181.562,194.152,346.356,0.2305,0.0000,0.2000,0.9500,0.00,0.00,0.00,0.00
924.00,180.000,180.000,170.000,175.000,177.701,177.179,167.615,107.494,180.640,180.162,170.102,120.542,210.749,181.265,194.312,346.414,0.2442,0.0074,0.2120,0.9500,0.00,0.00,0.00,0.00
925.00,180.000,180.000,170.000,175.000,177.720,177.199,167.631,107.581,180.641,180.160,170.099,120.613,210.771,181.155,194.650,346.471,0.2571,0.0194,0.2234,0.9500,0.00,0.00,0.00,0.00
926.00,180.000,180.000,170.000,175.000,177.740,177.219,167.648,107.667,180.642,180.159,170.097,120.683,211.001,181.247,195.149,346.528,0.2693,0.0308,0.2342,0.9500,0.00,0.00,0.00,0.00
927.00,180.000,180.000,170.000,175.000,177.759,177.238,167.664,107.754,180.644,180.158,170.095,120.754,210.793,181.521,194.605,346.585,0.2097,0.0416,0.1748,0.9500,0.00,0.00,0.00,0.00
928.00,180.000,180.000,170.000,175.000,177.778,177.257,167.680,107.840,180.644,180.157,170.093,120.825,210.266,181.536,194.321,346.642,0.2239,0.0000,0.1874,0.9500,0.00,0.00,0.00,0.00
929.00,180.000,180.000,170.000,175.000,177.797,177.277,167.696,107.927,180.644,180.156,170.090,120.895,210.016,181.240,194.273,346.699,0.2373,0.0061,0.1994,0.9500,0.00,0.00,0.00,0.00
930.00,180.000,180.000,170.000,175.000,177.816,177.296,167.712,108.013,180.644,180.155,170.087,120.966,210.000,181.132,194.422,346.756,0.2500,0.0178,0.2108,0.9500,0.00,0.00,0.00,0.00
931.00,180.000,180.000,170.000,175.000,177.835,177.315,167.728,108.099,180.644,180.153,170.085,121.037,210.179,181.193,194.734,346.813,0.2620,0.0289,0.2218,0.9500,0.00,0.00,0.00,0.00
932.00,180.000,180.000,170.000,175.000,177.853,177.334,167.743,108.185,180.645,180.152,170.084,121.107,210.536,181.439,195.194,346.870,0.2013,0.0394,0.2322,0.9500,0.00,0.00,0.00,0.00
933.00,180.000,180.000,170.000,175.000,177.872,177.352,167.759,108.271,180.646,180.152,170.083,121.177,209.893,181.821,195.178,346.927,0.2153,0.0000,0.1716,0.9500,0.00,0.00,0.00,0.00
934.00,180.000,180.000,170.000,175.000,177.890,177.371,167.774,108.357,180.645,180.151,170.082,121.248,209.538,181.481,194.792,346.983,0.2286,0.0027,0.1838,0.9500,0.00,0.00,0.00,0.00
935.00,180.000,180.000,170.000,175.000,177.909,177.390,167.790,108.443,180.644,180.150,170.080,121.318,209.443,181.285,194.636,347.040,0.2412,0.0142,0.1955,0.9500,0.00,0.00,0.00,0.00
936.00,180.000,180.000,170.000,175.000,177.927,177.408,167.805,108.529,180.644,180.148,170.078,121.388,209.551,181.283,194.687,347.097,0.2530,0.0251,0.2066,0.9500,0.00,0.00,0.00,0.00
937.00,180.000,180.000,170.000,175.000,177.945,177.426,167.820,108.614,180.644,180.147,170.077,121.458,209.843,181.456,194.895,347.153,0.2642,0.0354,0.2172,0.9500,0.00,0.00,0.00,0.00
938.00,180.000,180.000,170.000,175.000,177.963,177.444,167.835,108.700,180.644,180.147,170.076,121.528,209.676,181.772,195.260,347.210,0.2045,0.0451,0.2273,0.9500,0.00,0.00,0.00,0.00
939.00,180.000,180.000,170.000,175.000,177.981,177.462,167.850,108.785,180.643,180.147,170.076,121.598,209.169,181.793,195.751,347.266,0.2178,0.0000,0.1649,0.9500,0.00,0.00,0.00,0.00
940.00,180.000,180.000,170.000,175.000,177.998,177.480,167.865,108.870,180.642,180.146,170.075,121.668,208.921,181.487,195.200,347.323,0.2303,0.0084,0.1770,0.9500,0.00,0.00,0.00,0.00
941.00,180.000,180.000,170.000,175.000,178.016,177.498,167.879,108.955,180.640,180.145,170.074,121.737,208.890,181.369,194.894,347.379,0.2421,0.0192,0.1884,0.9500,0.00,0.00,0.00,0.00
942.00,180.000,180.000,170.000,175.000,178.033,177.515,167.894,109.041,180.639,180.144,170.073,121.807,209.056,181.438,194.794,347.435,0.2533,0.0294,0.1993,0.9500,0.00,0.00,0.00,0.00
943.00,180.000,180.000,170.000,175.000,178.051,177.533,167.909,109.125,180.639,180.144,170.071,121.877,209.400,181.659,194.880,347.492,0.1918,0.0391,0.2098,0.9500,0.00,0.00,0.00,0.00
944.00,180.000,180.000,170.000,175.000,178.068,177.550,167.923,109.210,180.637,180.143,170.070,121.946,208.715,182.002,195.119,347.548,0.2052,0.0000,0.2197,0.9500,0.00,0.00,0.00,0.00
945.00,180.000,180.000,170.000,175.000,178.085,177.567,167.937,109.295,180.635,180.143,170.070,122.016,208.320,181.643,195.496,347.604,0.2178,0.0009,0.2291,0.9500,0.00,0.00,0.00,0.00
946.00,180.000,180.000,170.000,175.000,178.102,177.584,167.951,109.380,180.633,180.142,170.071,122.085,208.157,181.399,195.999,347.660,0.2297,0.0117,0.1662,0.9500,0.00,0.00,0.00,0.00
947.00,180.000,180.000,170.000,175.000,178.119,177.601,167.965,109.464,180.631,180.141,170.071,122.154,208.204,181.336,195.442,347.716,0.2409,0.0219,0.1776,0.9500,0.00,0.00,0.00,0.00
948.00,180.000,180.000,170.000,175.000,178.135,177.618,167.979,109.549,180.629,180.140,170.070,122.224,208.423,181.455,195.130,347.772,0.2515,0.0316,0.1885,0.9500,0.00,0.00,0.00,0.00
949.00,180.000,180.000,170.000,175.000,178.152,177.635,167.993,109.633,180.627,180.140,170.070,122.293,208.784,181.706,195.010,347.828,0.1895,0.0408,0.1989,0.9500,0.00,0.00,0.00,0.00
950.00,180.000,180.000,170.000,175.000,178.168,177.652,168.007,109.717,180.625,180.140,170.069,122.362,208.130,182.076,195.062,347.884,0.2024,0.0000,0.2088,0.9500,0.00,0.00,0.00,0.00
951.00,180.000,180.000,170.000,175.000,178.185,177.668,168.021,109.801,180.623,180.139,170.068,122.431,207.731,181.708,195.269,347.940,0.2145,0.0017,0.2183,0.9500,0.00,0.00,0.00,0.00
952.00,180.000,180.000,170.000,175.000,178.201,177.685,168.034,109.885,180.620,180.139,170.069,122.500,207.564,181.457,195.602,347.995,0.2259,0.0120,0.2273,0.9500,0.00,0.00,0.00,0.00
953.00,180.000,180.000,170.000,175.000,178.217,177.701,168.048,109.969,180.617,180.138,170.069,122.569,207.607,181.404,196.065,348.051,0.2367,0.0218,0.2359,0.9500,0.00,0.00,0.00,0.00
954.00,180.000,180.000,170.000,175.000,178.233,177.717,168.061,110.053,180.614,180.137,170.070,122.637,207.807,181.499,195.455,348.107,0.2469,0.0311,0.1742,0.9500,0.00,0.00,0.00,0.00
955.00,180.000,180.000,170.000,175.000,178.249,177.733,168.075,110.137,180.612,180.136,170.070,122.706,208.166,181.729,195.080,348.162,0.2566,0.0399,0.1848,0.9500,0.00,0.00,0.00,0.00
956.00,180.000,180.000,170.000,175.000,178.264,177.749,168.088,110.220,180.609,180.136,170.069,122.775,207.479,182.096,194.902,348.218,0.1962,0.0482,0.1948,0.9500,0.00,0.00,0.00,0.00
957.00,180.000,180.000,170.000,175.000,178.280,177.765,168.101,110.304,180.605,180.136,170.068,122.843,207.050,181.726,194.902,348.273,0.2081,0.0000,0.2044,0.9500,0.00,0.00,0.00,0.00
958.00,180.000,180.000,170.000,175.000,178.295,177.781,168.114,110.387,180.601,180.135,170.067,122.912,206.855,181.440,195.046,348.328,0.2192,0.0095,0.2135,0.9500,0.00,0.00,0.00,0.00
959.00,180.000,180.000,170.000,175.000,178.311,177.796,168.127,110.471,180.597,180.134,170.067,122.980,206.856,181.340,195.338,348.384,0.2298,0.0191,0.2222,0.9500,0.00,0.00,0.00,0.00
960.00,180.000,180.000,170.000,175.000,178.326,177.812,168.140,110.554,180.593,180.133,170.068,123.049,207.019,181.393,195.731,348.439,0.2397,0.0281,0.2305,0.9500,0.00,0.00,0.00,0.00
961.00,180.000,180.000,170.000,175.000,178.341,177.827,168.153,110.637,180.590,180.132,170.069,123.117,207.327,181.600,196.216,348.494,0.2491,0.0366,0.1665,0.9500,0.00,0.00,0.00,0.00
962.00,180.000,180.000,170.000,175.000,178.356,177.843,168.166,110.720,180.587,180.132,170.070,123.185,207.158,181.914,195.642,348.549,0.1869,0.0447,0.1769,0.9500,0.00,0.00,0.00,0.00
963.00,180.000,180.000,170.000,175.000,178.371,177.858,168.178,110.803,180.583,180.132,170.070,123.253,206.619,181.918,195.285,348.605,0.1986,0.0000,0.1868,0.9500,0.00,0.00,0.00,0.00
964.00,180.000,180.000,170.000,175.000,178.386,177.873,168.191,110.886,180.579,180.132,170.070,123.321,206.308,181.580,195.122,348.660,0.2096,0.0050,0.1962,0.9500,0.00,0.00,0.00,0.00
965.00,180.000,180.000,170.000,175.000,178.400,177.888,168.203,110.969,180.574,180.131,170.070,123.389,206.220,181.387,195.119,348.715,0.2201,0.0144,0.2052,0.9500,0.00,0.00,0.00,0.00
966.00,180.000,180.000,170.000,175.000,178.415,177.903,168.216,111.051,180.569,180.130,170.070,123.457,206.302,181.370,195.277,348.769,0.2299,0.0233,0.2138,0.9500,0.00,0.00,0.00,0.00
967.00,180.000,180.000,170.000,175.000,178.429,177.918,168.228,111.134,180.565,180.129,170.071,123.525,206.521,181.483,195.549,348.824,0.2392,0.0317,0.2220,0.9500,0.00,0.00,0.00,0.00
968.00,180.000,180.000,170.000,175.000,178.443,177.932,168.240,111.216,180.561,180.128,170.072,123.592,206.881,181.712,195.925,348.879,0.2480,0.0397,0.2297,0.9500,0.00,0.00,0.00,0.00
969.00,180.000,180.000,170.000,175.000,178.457,177.947,168.252,111.299,180.558,180.129,170.074,123.660,206.743,182.046,196.394,348.934,0.1860,0.0472,0.1652,0.9500,0.00,0.00,0.00,0.00
970.00,180.000,180.000,170.000,175.000,178.471,177.961,168.265,111.381,180.554,180.128,170.075,123.728,206.231,181.679,195.790,348.989,0.1971,0.0000,0.1751,0.9500,0.00,0.00,0.00,0.00
971.00,180.000,180.000,170.000,175.000,178.485,177.976,168.277,111.463,180.549,180.127,170.076,123.795,205.944,181.380,195.389,349.043,0.2076,0.0071,0.1846,0.9500,0.00,0.00,0.00,0.00
972.00,180.000,180.000,170.000,175.000,178.499,177.990,168.289,111.545,180.544,180.126,170.076,123.863,205.846,181.236,195.187,349.098,0.2175,0.0159,0.1936,0.9500,0.00,0.00,0.00,0.00
973.00,180.000,180.000,170.000,175.000,178.512,178.004,168.300,111.627,180.539,180.125,170.076,123.930,205.919,181.264,195.148,349.152,0.2269,0.0244,0.2022,0.9500,0.00,0.00,0.00,0.00
974.00,180.000,180.000,170.000,175.000,178.526,178.018,168.312,111.709,180.534,180.124,170.076,123.997,206.131,181.418,195.242,349.207,0.2357,0.0323,0.2104,0.9500,0.00,0.00,0.00,0.00
975.00,180.000,180.000,170.000,175.000,178.539,178.032,168.324,111.791,180.530,180.123,170.077,124.064,206.467,181.684,195.456,349.261,0.2440,0.0399,0.2182,0.9500,0.00,0.00,0.00,0.00
976.00,180.000,180.000,170.000,175.000,178.552,178.046,168.336,111.872,180.527,180.123,170.078,124.131,206.901,182.035,195.779,349.316,0.1799,0.0470,0.2257,0.9500,0.00,0.00,0.00,0.00
977.00,180.000,180.000,170.000,175.000,178.565,178.060,168.347,111.954,180.523,180.124,170.080,124.198,206.281,182.041,196.200,349.370,0.1907,0.0000,0.2328,0.9500,0.00,0.00,0.00,0.00
978.00,180.000,180.000,170.000,175.000,178.578,178.074,168.359,112.035,180.519,180.123,170.081,124.265,205.882,181.690,195.521,349.424,0.2009,0.0055,0.1697,0.9500,0.00,0.00,0.00,0.00
979.00,180.000,180.000,170.000,175.000,178.591,178.087,168.370,112.117,180.514,180.123,170.081,124.332,205.681,181.483,195.068,349.478,0.2105,0.0140,0.1789,0.9500,0.00,0.00,0.00,0.00
980.00,180.000,180.000,170.000,175.000,178.604,178.101,168.382,112.198,180.509,180.122,170.081,124.399,205.661,181.455,194.802,349.532,0.2196,0.0221,0.1877,0.9500,0.00,0.00,0.00,0.00
981.00,180.000,180.000,170.000,175.000,178.617,178.114,168.393,112.279,180.504,180.121,170.080,124.466,205.788,181.558,194.706,349.586,0.2282,0.0298,0.1960,0.9500,0.00,0.00,0.00,0.00
982.00,180.000,180.000,170.000,175.000,178.629,178.128,168.404,112.360,180.500,180.121,170.080,124.532,206.032,181.746,194.749,349.640,0.2363,0.0371,0.2040,0.9500,0.00,0.00,0.00,0.00
983.00,180.000,180.000,170.000,175.000,178.642,178.141,168.415,112.441,180.496,180.121,170.080,124.599,206.383,182.043,194.916,349.694,0.2440,0.0440,0.2116,0.9500,0.00,0.00,0.00,0.00
984.00,180.000,180.000,170.000,175.000,178.654,178.154,168.426,112.522,180.493,180.121,170.080,124.666,206.219,182.032,195.196,349.748,0.1801,0.0000,0.2188,0.9500,0.00,0.00,0.00,0.00
985.00,180.000,180.000,170.000,175.000,178.666,178.167,168.437,112.603,180.489,180.121,170.081,124.732,205.669,181.664,195.546,349.802,0.1902,0.0014,0.2257,0.9500,0.00,0.00,0.00,0.00
986.00,180.000,180.000,170.000,175.000,178.678,178.180,168.448,112.684,180.484,180.120,170.082,124.798,205.332,181.395,195.976,349.856,0.1998,0.0098,0.2323,0.9500,0.00,0.00,0.00,0.00
987.00,180.000,180.000,170.000,175.000,178.690,178.193,168.459,112.764,180.479,180.119,170.083,124.865,205.171,181.279,195.321,349.909,0.2088,0.0177,0.1687,0.9500,0.00,0.00,0.00,0.00
988.00,180.000,180.000,170.000,175.000,178.702,178.206,168.470,112.845,180.473,180.117,170.083,124.931,205.172,181.302,194.857,349.963,0.2173,0.0252,0.1775,0.9500,0.00,0.00,0.00,0.00
989.00,180.000,180.000,170.000,175.000,178.714,178.219,168.481,112.925,180.468,180.116,170.083,124.997,205.317,181.449,194.597,350.017,0.2254,0.0324,0.1858,0.9500,0.00,0.00,0.00,0.00
990.00,180.000,180.000,170.000,175.000,178.725,178.231,168.491,113.006,180.463,180.116,170.082,125.063,205.578,181.693,194.492,350.070,0.2330,0.0391,0.1937,0.9500,0.00,0.00,0.00,0.00
991.00,180.000,180.000,170.000,175.000,178.737,178.244,168.502,113.086,180.459,180.116,170.081,125.129,205.911,182.027,194.525,350.124,0.2402,0.0455,0.2012,0.9500,0.00,0.00,0.00,0.00
992.00,180.000,180.000,170.000,175.000,178.748,178.256,168.512,113.166,180.456,180.116,170.081,125.195,206.342,182.015,194.651,350.177,0.2470,0.0000,0.2084,0.9500,0.00,0.00,0.00,0.00
993.00,180.000,180.000,170.000,175.000,178.760,178.269,168.523,113.246,180.452,180.116,170.081,125.261,205.671,181.648,194.895,350.230,0.1839,0.0019,0.2153,0.9500,0.00,0.00,0.00,0.00
994.00,180.000,180.000,170.000,175.000,178.771,178.281,168.533,113.326,180.448,180.115,170.081,125.326,205.225,181.379,195.227,350.284,0.1932,0.0099,0.2218,0.9500,0.00,0.00,0.00,0.00
995.00,180.000,180.000,170.000,175.000,178.782,178.293,168.543,113.406,180.443,180.114,170.083,125.392,204.983,181.264,195.625,350.337,0.2020,0.0174,0.2281,0.9500,0.00,0.00,0.00,0.00
996.00,180.000,180.000,170.000,175.000,178.793,178.305,168.554,113.485,180.437,180.113,170.084,125.457,204.893,181.286,195.489,350.390,0.2102,0.0246,0.1628,0.9500,0.00,0.00,0.00,0.00
997.00,180.000,180.000,170.000,175.000,178.804,178.317,168.564,113.565,180.432,180.112,170.085,125.523,204.940,181.434,194.915,350.443,0.2180,0.0313,0.1713,0.9500,0.00,0.00,0.00,0.00
998.00,180.000,180.000,170.000,175.000,178.815,178.329,168.574,113.645,180.427,180.111,170.084,125.588,205.112,181.663,194.541,350.496,0.2254,0.0377,0.1793,0.9500,0.00,0.00,0.00,0.00
999.00,180.000,180.000,170.000,175.000,178.826,178.341,168.584,113.724,180.423,180.111,170.084,125.654,205.381,181.966,194.330,350.549,0.2324,0.0438,0.1870,0.9500,0.00,0.00,0.00,0.00
1000.00,180.000,180.000,170.000,175.000,178.836,178.353,168.594,113.804,180.419,180.111,170.083,125.719,205.738,182.335,194.253,350.602,0.2389,0.0000,0.1944,0.9500,0.00,0.00,0.00,0.00
1001.00,180.000,180.000,170.000,175.000,178.847,178.364,168.604,113.883,180.416,180.112,170.082,125.784,206.158,181.936,194.311,350.655,0.2451,0.0000,0.2014,0.9500,0.00,0.00,0.00,0.00
1002.00,180.000,180.000,170.000,175.000,178.857,178.376,168.614,113.962,180.413,180.111,170.081,125.849,206.041,181.607,194.476,350.708,0.1807,0.0067,0.2080,0.9500,0.00,0.00,0.00,0.00
1003.00,180.000,180.000,170.000,175.000,178.868,178.387,168.623,114.041,180.410,180.110,170.081,125.914,205.517,181.437,194.722,350.761,0.1895,0.0140,0.2144,0.9500,0.00,0.00,0.00,0.00
1004.00,180.000,180.000,170.000,175.000,178.878,178.399,168.633,114.120,180.406,180.109,170.081,125.979,205.188,181.393,195.058,350.813,0.1978,0.0210,0.2204,0.9500,0.00,0.00,0.00,0.00
1005.00,180.000,180.000,170.000,175.000,178.888,178.410,168.643,114.199,180.401,180.109,170.082,126.044,205.019,181.466,195.459,350.866,0.2057,0.0275,0.2262,0.9500,0.00,0.00,0.00,0.00
1006.00,180.000,180.000,170.000,175.000,178.898,178.422,168.652,114.278,180.397,180.108,170.084,126.109,204.995,181.627,195.903,350.919,0.2131,0.0337,0.1598,0.9500,0.00,0.00,0.00,0.00
1007.00,180.000,180.000,170.000,175.000,178.908,178.433,168.662,114.357,180.392,180.108,170.086,126.174,205.071,181.868,195.260,350.971,0.2201,0.0396,0.1679,0.9500,0.00,0.00,0.00,0.00
1008.00,180.000,180.000,170.000,175.000,178.918,178.444,168.671,114.435,180.388,180.108,170.086,126.239,205.268,182.182,194.807,351.024,0.2267,0.0452,0.1756,0.9500,0.00,0.00,0.00,0.00
1009.00,180.000,180.000,170.000,175.000,178.928,178.455,168.681,114.514,180.385,180.109,170.086,126.303,205.544,182.153,194.509,351.076,0.2329,0.0000,0.1829,0.9500,0.00,0.00,0.00,0.00
1010.00,180.000,180.000,170.000,175.000,178.937,178.466,168.690,114.592,180.382,180.108,170.086,126.368,205.891,181.770,194.353,351.129,0.2388,0.0001,0.1900,0.9500,0.00,0.00,0.00,0.00
1011.00,180.000,180.000,170.000,175.000,178.947,178.477,168.699,114.671,180.380,180.108,170.085,126.432,206.303,181.471,194.324,351.181,0.2444,0.0074,0.1966,0.9500,0.00,0.00,0.00,0.00
1012.00,180.000,180.000,170.000,175.000,178.956,178.488,168.708,114.749,180.378,180.107,170.085,126.497,206.162,181.312,194.411,351.233,0.1793,0.0143,0.2030,0.9500,0.00,0.00,0.00,0.00
1013.00,180.000,180.000,170.000,175.000,178.966,178.498,168.718,114.827,180.375,180.105,170.084,126.561,205.616,181.279,194.586,351.285,0.1876,0.0208,0.2091,0.9500,0.00,0.00,0.00,0.00
1014.00,180.000,180.000,170.000,175.000,178.975,178.509,168.727,114.905,180.372,180.104,170.085,126.625,205.252,181.361,194.841,351.337,0.1953,0.0270,0.2149,0.9500,0.00,0.00,0.00,0.00
1015.00,180.000,180.000,170.000,175.000,178.984,178.520,168.736,114.983,180.368,180.103,170.085,126.690,205.034,181.531,195.169,351.389,0.2027,0.0328,0.2204,0.9500,0.00,0.00,0.00,0.00
1016.00,180.000,180.000,170.000,175.000,178.994,178.530,168.745,115.061,180.364,180.103,170.087,126.754,204.951,181.763,195.546,351.442,0.2096,0.0383,0.2256,0.9500,0.00,0.00,0.00,0.00
1017.00,180.000,180.000,170.000,175.000,179.003,178.541,168.754,115.139,180.360,180.103,170.089,126.818,204.988,182.069,195.391,351.493,0.2161,0.0436,0.1594,0.9500,0.00,0.00,0.00,0.00
1018.00,180.000,180.000,170.000,175.000,179.012,178.551,168.762,115.216,180.356,180.104,170.090,126.882,205.119,182.426,194.784,351.545,0.2223,0.0000,0.1670,0.9500,0.00,0.00,0.00,0.00
1019.00,180.000,180.000,170.000,175.000,179.021,178.561,168.771,115.294,180.353,180.104,170.089,126.946,205.335,182.016,194.347,351.597,0.2281,0.0000,0.1742,0.9500,0.00,0.00,0.00,0.00
1020.00,180.000,180.000,170.000,175.000,179.029,178.572,168.780,115.372,180.350,180.104,170.089,127.009,205.627,181.660,194.081,351.649,0.2336,0.0043,0.1811,0.9500,0.00,0.00,0.00,0.00
1021.00,180.000,180.000,170.000,175.000,179.038,178.582,168.789,115.449,180.348,180.103,170.088,127.073,205.989,181.434,193.936,351.701,0.2388,0.0109,0.1877,0.9500,0.00,0.00,0.00,0.00
1022.00,180.000,180.000,170.000,175.000,179.047,178.592,168.797,115.526,180.347,180.102,170.087,127.137,206.381,181.341,193.917,351.752,0.2437,0.0172,0.1940,0.9500,0.00,0.00,0.00,0.00
1023.00,180.000,180.000,170.000,175.000,179.056,178.602,168.806,115.604,180.346,180.101,170.086,127.200,206.241,181.352,193.997,351.804,0.1781,0.0232,0.1999,0.9500,0.00,0.00,0.00,0.00
1024.00,180.000,180.000,170.000,175.000,179.064,178.612,168.814,115.681,180.344,180.100,170.085,127.264,205.662,181.457,194.166,351.856,0.1857,0.0289,0.2056,0.9500,0.00,0.00,0.00,0.00
1025.00,180.000,180.000,170.000,175.000,179.073,178.622,168.823,115.758,180.342,180.099,170.085,127.328,205.268,181.632,194.415,351.907,0.1929,0.0342,0.2110,0.9500,0.00,0.00,0.00,0.00
1026.00,180.000,180.000,170.000,175.000,179.081,178.632,168.831,115.835,180.338,180.099,170.085,127.391,205.009,181.885,194.722,351.959,0.1997,0.0393,0.2162,0.9500,0.00,0.00,0.00,0.00
1027.00,180.000,180.000,170.000,175.000,179.089,178.641,168.840,115.912,180.335,180.099,170.086,127.454,204.887,182.178,195.080,352.010,0.2062,0.0441,0.2211,0.9500,0.00,0.00,0.00,0.00
1028.00,180.000,180.000,170.000,175.000,179.098,178.651,168.848,115.988,180.331,180.100,170.087,127.518,204.873,182.539,195.485,352.061,0.2122,0.0000,0.2258,0.9500,0.00,0.00,0.00,0.00
1029.00,180.000,180.000,170.000,175.000,179.106,178.661,168.856,116.065,180.328,180.101,170.089,127.581,204.958,182.116,195.339,352.113,0.2180,0.0000,0.1598,0.9500,0.00,0.00,0.00,0.00
1030.00,180.000,180.000,170.000,175.000,179.114,178.670,168.864,116.142,180.325,180.101,170.090,127.644,205.132,181.749,194.739,352.164,0.2234,0.0036,0.1668,0.9500,0.00,0.00,0.00,0.00
1031.00,180.000,180.000,170.000,175.000,179.122,178.680,168.872,116.218,180.323,180.100,170.090,127.707,205.371,181.498,194.310,352.215,0.2285,0.0099,0.1736,0.9500,0.00,0.00,0.00,0.00
1032.00,180.000,180.000,170.000,175.000,179.130,178.689,168.880,116.295,180.321,180.099,170.090,127.770,205.668,181.365,194.033,352.266,0.2333,0.0158,0.1800,0.9500,0.00,0.00,0.00,0.00
1033.00,180.000,180.000,170.000,175.000,179.138,178.699,168.889,116.371,180.319,180.098,170.089,127.833,206.018,181.341,193.880,352.317,0.2379,0.0215,0.1861,0.9500,0.00,0.00,0.00,0.00
1034.00,180.000,180.000,170.000,175.000,179.146,178.708,168.896,116.447,180.319,180.097,170.088,127.896,206.416,181.414,193.837,352.368,0.2422,0.0268,0.1919,0.9500,0.00,0.00,0.00,0.00
1035.00,180.000,180.000,170.000,175.000,179.154,178.717,168.904,116.524,180.319,180.096,170.087,127.959,206.248,181.559,193.895,352.419,0.1751,0.0319,0.1974,0.9500,0.00,0.00,0.00,0.00
1036.00,180.000,180.000,170.000,175.000,179.161,178.726,168.912,116.600,180.317,180.096,170.086,128.021,205.613,181.770,194.029,352.470,0.1823,0.0367,0.2027,0.9500,0.00,0.00,0.00,0.00
1037.00,180.000,180.000,170.000,175.000,179.169,178.735,168.920,116.676,180.315,180.096,170.086,128.084,205.168,182.041,194.230,352.521,0.1891,0.0412,0.2077,0.9500,0.00,0.00,0.00,0.00
1038.00,180.000,180.000,170.000,175.000,179.177,178.744,168.928,116.752,180.312,180.096,170.086,128.147,204.862,182.349,194.509,352.572,0.1954,0.0455,0.2125,0.9500,0.00,0.00,0.00,0.00
1039.00,180.000,180.000,170.000,175.000,179.184,178.753,168.936,116.827,180.309,180.097,170.087,128.209,204.698,182.300,194.825,352.623,0.2015,0.0000,0.2171,0.9500,0.00,0.00,0.00,0.00
1040.00,180.000,180.000,170.000,175.000,179.192,178.762,168.943,116.903,180.306,180.097,170.088,128.272,204.647,181.898,195.177,352.674,0.2071,0.0000,0.2215,0.9500,0.00,0.00,0.00,0.00
1041.00,180.000,180.000,170.000,175.000,179.199,178.771,168.951,116.979,180.303,180.097,170.090,128.334,204.681,181.551,195.576,352.724,0.2125,0.0043,0.1536,0.9500,0.00,0.00,0.00,0.00
1042.00,180.000,180.000,170.000,175.000,179.206,178.780,168.958,117.054,180.300,180.095,170.092,128.397,204.793,181.332,194.860,352.775,0.2175,0.0102,0.1605,0.9500,0.00,0.00,0.00,0.00
1043.00,180.000,180.000,170.000,175.000,179.214,178.789,168.966,117.130,180.298,180.094,170.092,128.459,204.992,181.229,194.326,352.825,0.2223,0.0157,0.1670,0.9500,0.00,0.00,0.00,0.00
1044.00,180.000,180.000,170.000,175.000,179.221,178.797,168.973,117.205,180.296,180.093,170.092,128.521,205.237,181.216,193.939,352.876,0.2268,0.0210,0.1731,0.9500,0.00,0.00,0.00,0.00
1045.00,180.000,180.000,170.000,175.000,179.228,178.806,168.981,117.280,180.294,180.092,170.091,128.583,205.524,181.283,193.686,352.926,0.2311,0.0259,0.1790,0.9500,0.00,0.00,0.00,0.00
1046.00,180.000,180.000,170.000,175.000,179.235,178.815,168.988,117.356,180.293,180.090,170.090,128.645,205.848,181.439,193.552,352.977,0.2351,0.0307,0.1846,0.9500,0.00,0.00,0.00,0.00
1047.00,180.000,180.000,170.000,175.000,179.242,178.823,168.995,117.431,180.293,180.090,170.088,128.707,206.207,181.643,193.512,353.027,0.2389,0.0351,0.1900,0.9500,0.00,0.00,0.00,0.00
1048.00,180.000,180.000,170.000,175.000,179.249,178.831,169.003,117.506,180.294,180.090,170.087,128.769,206.597,181.892,193.572,353.077,0.2426,0.0393,0.1951,0.9500,0.00,0.00,0.00,0.00
1049.00,180.000,180.000,170.000,175.000,179.256,178.840,169.010,117.581,180.294,180.090,170.086,128.831,205.858,182.181,193.707,353.128,0.1765,0.0433,0.1999,0.9500,0.00,0.00,0.00,0.00
1050.00,180.000,180.000,170.000,175.000,179.263,178.848,169.017,117.656,180.293,180.091,170.085,128.893,205.302,182.506,193.910,353.178,0.1829,0.0471,0.2046,0.9500,0.00,0.00,0.00,0.00
1051.00,180.000,180.000,170.000,175.000,179.270,178.856,169.024,117.730,180.291,180.091,170.085,128.955,204.896,182.083,194.157,353.228,0.1890,0.0000,0.2090,0.9500,0.00,0.00,0.00,0.00
1052.00,180.000,180.000,170.000,175.000,179.277,178.865,169.031,117.805,180.288,180.091,170.085,129.016,204.626,181.700,194.446,353.278,0.1947,0.0001,0.2132,0.9500,0.00,0.00,0.00,0.00
1053.00,180.000,180.000,170.000,175.000,179.283,178.873,169.038,117.880,180.285,180.090,170.086,129.078,204.463,181.401,194.772,353.328,0.2001,0.0058,0.2172,0.9500,0.00,0.00,0.00,0.00
1054.00,180.000,180.000,170.000,175.000,179.290,178.881,169.045,117.954,180.283,180.089,170.088,129.140,204.411,181.211,195.131,353.378,0.2052,0.0112,0.2210,0.9500,0.00,0.00,0.00,0.00
1055.00,180.000,180.000,170.000,175.000,179.296,178.889,169.052,118.029,180.280,180.087,170.089,129.201,204.447,181.118,194.929,353.428,0.2100,0.0163,0.1535,0.9500,0.00,0.00,0.00,0.00
1056.00,180.000,180.000,170.000,175.000,179.303,178.897,169.059,118.103,180.277,180.085,170.090,129.263,204.559,181.128,194.262,353.478,0.2145,0.0211,0.1597,0.9500,0.00,0.00,0.00,0.00
1057.00,180.000,180.000,170.000,175.000,179.309,178.905,169.066,118.177,180.275,180.084,170.090,129.324,204.726,181.202,193.772,353.528,0.2188,0.0257,0.1657,0.9500,0.00,0.00,0.00,0.00
1058.00,180.000,180.000,170.000,175.000,179.316,178.912,169.073,118.251,180.273,180.083,170.089,129.385,204.942,181.331,193.424,353.577,0.2229,0.0300,0.1715,0.9500,0.00,0.00,0.00,0.00
1059.00,180.000,180.000,170.000,175.000,179.322,178.920,169.079,118.325,180.272,180.082,170.087,129.447,205.202,181.544,193.190,353.627,0.2267,0.0341,0.1769,0.9500,0.00,0.00,0.00,0.00
1060.00,180.000,180.000,170.000,175.000,179.329,178.928,169.086,118.399,180.271,180.081,170.085,129.508,205.503,181.801,193.058,353.677,0.2303,0.0380,0.1821,0.9500,0.00,0.00,0.00,0.00
1061.00,180.000,180.000,170.000,175.000,179.335,178.936,169.093,118.473,180.271,180.082,170.083,129.569,205.840,182.080,193.036,353.726,0.2337,0.0417,0.1870,0.9500,0.00,0.00,0.00,0.00
1062.00,180.000,180.000,170.000,175.000,179.341,178.943,169.099,118.547,180.272,180.082,170.081,129.630,206.195,182.380,193.079,353.776,0.2370,0.0451,0.1917,0.9500,0.00,0.00,0.00,0.00
1063.00,180.000,180.000,170.000,175.000,179.347,178.951,169.106,118.621,180.273,180.083,170.080,129.691,206.565,182.716,193.215,353.825,0.2400,0.0000,0.1962,0.9500,0.00,0.00,0.00,0.00
1064.00,180.000,180.000,170.000,175.000,179.353,178.958,169.112,118.695,180.275,180.084,170.078,129.752,206.372,182.271,193.403,353.875,0.1726,0.0000,0.2005,0.9500,0.00,0.00,0.00,0.00
1065.00,180.000,180.000,170.000,175.000,179.360,178.966,169.119,118.768,180.275,180.084,170.077,129.813,205.714,181.868,193.637,353.924,0.1786,0.0011,0.2045,0.9500,0.00,0.00,0.00,0.00
1066.00,180.000,180.000,170.000,175.000,179.366,178.973,169.125,118.842,180.275,180.084,170.077,129.874,205.217,181.551,193.913,353.974,0.1843,0.0063,0.2084,0.9500,0.00,0.00,0.00,0.00
1067.00,180.000,180.000,170.000,175.000,179.372,178.981,169.131,118.915,180.274,180.082,170.077,129.934,204.847,181.360,194.228,354.023,0.1896,0.0113,0.2121,0.9500,0.00,0.00,0.00,0.00
1068.00,180.000,180.000,170.000,175.000,179.378,178.988,169.138,118.988,180.272,180.081,170.078,129.995,204.609,181.251,194.577,354.072,0.1946,0.0160,0.2157,0.9500,0.00,0.00,0.00,0.00
1069.00,180.000,180.000,170.000,175.000,179.384,178.995,169.144,119.062,180.270,180.080,170.079,130.056,204.460,181.247,194.941,354.122,0.1994,0.0205,0.2190,0.9500,0.00,0.00,0.00,0.00
1070.00,180.000,180.000,170.000,175.000,179.389,179.002,169.150,119.135,180.268,180.079,170.082,130.116,204.405,181.307,195.320,354.171,0.2038,0.0247,0.1503,0.9500,0.00,0.00,0.00,0.00
1071.00,180.000,180.000,170.000,175.000,179.395,179.010,169.156,119.208,180.266,180.077,170.083,130.177,204.437,181.425,194.571,354.220,0.2080,0.0287,0.1562,0.9500,0.00,0.00,0.00,0.00
1072.00,180.000,180.000,170.000,175.000,179.401,179.017,169.163,119.281,180.265,180.077,170.084,130.237,204.531,181.595,193.989,354.269,0.2120,0.0324,0.1618,0.9500,0.00,0.00,0.00,0.00
1073.00,180.000,180.000,170.000,175.000,179.407,179.024,169.169,119.354,180.263,180.076,170.083,130.298,204.680,181.812,193.560,354.318,0.2158,0.0360,0.1672,0.9500,0.00,0.00,0.00,0.00
1074.00,180.000,180.000,170.000,175.000,179.413,179.031,169.175,119.426,180.262,180.076,170.082,130.358,204.864,182.057,193.251,354.367,0.2193,0.0394,0.1723,0.9500,0.00,0.00,0.00,0.00
1075.00,180.000,180.000,170.000,175.000,179.418,179.038,169.181,119.499,180.261,180.077,170.080,130.418,205.080,182.326,193.053,354.416,0.2227,0.0426,0.1772,0.9500,0.00,0.00,0.00,0.00
1076.00,180.000,180.000,170.000,175.000,179.424,179.045,169.187,119.572,180.261,180.078,170.079,130.479,205.341,182.633,192.937,354.465,0.2259,0.0456,0.1818,0.9500,0.00,0.00,0.00,0.00
1077.00,180.000,180.000,170.000,175.000,179.429,179.051,169.193,119.644,180.262,180.079,170.077,130.539,205.626,182.943,192.929,354.514,0.2289,0.0000,0.1862,0.9500,0.00,0.00,0.00,0.00
1078.00,180.000,180.000,170.000,175.000,179.435,179.058,169.199,119.717,180.263,180.081,170.075,130.599,205.933,182.474,192.986,354.562,0.2317,0.0000,0.1904,0.9500,0.00,0.00,0.00,0.00
1079.00,180.000,180.000,170.000,175.000,179.440,179.065,169.204,119.789,180.264,180.081,170.073,130.659,206.260,182.050,193.102,354.611,0.2344,0.0004,0.1944,0.9500,0.00,0.00,0.00,0.00
1080.00,180.000,180.000,170.000,175.000,179.446,179.072,169.210,119.862,180.267,180.081,170.072,130.719,206.588,181.714,193.271,354.660,0.2369,0.0053,0.1983,0.9500,0.00,0.00,0.00,0.00
1081.00,180.000,180.000,170.000,175.000,179.451,179.079,169.216,119.934,180.270,180.080,170.071,130.779,206.936,181.474,193.488,354.708,0.1673,0.0099,0.2019,0.9500,0.00,0.00,0.00,0.00
1082.00,180.000,180.000,170.000,175.000,179.457,179.085,169.222,120.006,180.272,180.079,170.071,130.839,206.142,181.336,193.750,354.757,0.1730,0.0143,0.2054,0.9500,0.00,0.00,0.00,0.00
1083.00,180.000,180.000,170.000,175.000,179.462,179.092,169.227,120.078,180.273,180.077,170.071,130.898,205.522,181.291,194.018,354.806,0.1783,0.0184,0.2087,0.9500,0.00,0.00,0.00,0.00
1084.00,180.000,180.000,170.000,175.000,179.468,179.098,169.233,120.150,180.273,180.076,170.072,130.958,205.040,181.313,194.326,354.854,0.1833,0.0224,0.2119,0.9500,0.00,0.00,0.00,0.00
1085.00,180.000,180.000,170.000,175.000,179.473,179.105,169.238,120.222,180.273,180.075,170.073,131.018,204.687,181.396,194.653,354.902,0.1880,0.0261,0.2149,0.9500,0.00,0.00,0.00,0.00
1086.00,180.000,180.000,170.000,175.000,179.478,179.111,169.244,120.294,180.272,180.074,170.075,131.077,204.447,181.519,194.998,354.951,0.1924,0.0296,0.2178,0.9500,0.00,0.00,0.00,0.00
1087.00,180.000,180.000,170.000,175.000,179.484,179.118,169.249,120.366,180.270,180.073,170.078,131.137,204.295,181.679,195.358,354.999,0.1966,0.0329,0.2205,0.9500,0.00,0.00,0.00,0.00
1088.00,180.000,180.000,170.000,175.000,179.489,179.124,169.255,120.437,180.269,180.073,170.080,131.197,204.223,181.886,194.576,355.048,0.2006,0.0361,0.1533,0.9500,0.00,0.00,0.00,0.00
1089.00,180.000,180.000,170.000,175.000,179.494,179.130,169.260,120.509,180.268,180.073,170.080,131.256,204.223,182.122,193.950,355.096,0.2043,0.0391,0.1586,0.9500,0.00,0.00,0.00,0.00
1090.00,180.000,180.000,170.000,175.000,179.499,179.137,169.266,120.580,180.266,180.074,170.080,131.315,204.287,182.383,193.463,355.144,0.2078,0.0419,0.1635,0.9500,0.00,0.00,0.00,0.00
1091.00,180.000,180.000,170.000,175.000,179.504,179.143,169.271,120.652,180.265,180.075,170.079,131.375,204.394,182.651,193.104,355.192,0.2111,0.0446,0.1683,0.9500,0.00,0.00,0.00,0.00
1092.00,180.000,180.000,170.000,175.000,179.509,179.149,169.277,120.723,180.264,180.076,170.077,131.434,204.541,182.941,192.858,355.240,0.2143,0.0471,0.1728,0.9500,0.00,0.00,0.00,0.00
1093.00,180.000,180.000,170.000,175.000,179.514,179.155,169.282,120.794,180.264,180.077,170.075,131.493,204.738,182.470,192.700,355.288,0.2172,0.0000,0.1771,0.9500,0.00,0.00,0.00,0.00
1094.00,180.000,180.000,170.000,175.000,179.519,179.161,169.287,120.866,180.264,180.078,170.073,131.552,204.950,182.045,192.622,355.336,0.2200,0.0000,0.1812,0.9500,0.00,0.00,0.00,0.00
1095.00,180.000,180.000,170.000,175.000,179.524,179.167,169.292,120.937,180.265,180.077,170.071,131.612,205.190,181.676,192.615,355.384,0.2227,0.0024,0.1851,0.9500,0.00,0.00,0.00,0.00
1096.00,180.000,180.000,170.000,175.000,179.529,179.173,169.298,121.008,180.266,180.076,170.069,131.671,205.457,181.405,192.673,355.432,0.2252,0.0068,0.1889,0.9500,0.00,0.00,0.00,0.00
1097.00,180.000,180.000,170.000,175.000,179.534,179.179,169.303,121.079,180.267,180.075,170.067,131.730,205.731,181.224,192.790,355.480,0.2276,0.0109,0.1924,0.9500,0.00,0.00,0.00,0.00
1098.00,180.000,180.000,170.000,175.000,179.539,179.185,169.308,121.150,180.270,180.073,170.066,131.789,206.013,181.123,192.960,355.528,0.2298,0.0148,0.1958,0.9500,0.00,0.00,0.00,0.00
1099.00,180.000,180.000,170.000,175.000,179.544,179.191,169.313,121.220,180.272,180.071,170.065,131.847,206.317,181.096,193.162,355.576,0.2319,0.0186,0.1990,0.9500,0.00,0.00,0.00,0.00
1100.00,180.000,180.000,170.000,175.000,179.549,179.197,169.318,121.291,180.276,180.070,170.064,131.906,206.625,181.134,193.393,355.624,0.2339,0.0221,0.2021,0.9500,0.00,0.00,0.00,0.00
1101.00,180.000,180.000,170.000,175.000,179.553,179.203,169.323,121.362,180.279,180.068,170.064,131.965,206.344,181.216,193.650,355.671,0.1655,0.0254,0.2050,0.9500,0.00,0.00,0.00,0.00
1102.00,180.000,180.000,170.000,175.000,179.558,179.209,169.328,121.432,180.281,180.067,170.064,132.024,205.592,181.338,193.932,355.719,0.1706,0.0286,0.2078,0.9500,0.00,0.00,0.00,0.00
1103.00,180.000,180.000,170.000,175.000,179.563,179.214,169.333,121.503,180.283,180.066,170.065,132.082,204.992,181.512,194.235,355.766,0.1753,0.0316,0.2105,0.9500,0.00,0.00,0.00,0.00
1104.00,180.000,180.000,170.000,175.000,179.568,179.220,169.338,121.573,180.283,180.065,170.067,132.141,204.530,181.702,194.559,355.814,0.1798,0.0344,0.2131,0.9500,0.00,0.00,0.00,0.00
1105.00,180.000,180.000,170.000,175.000,179.573,179.226,169.342,121.643,180.282,180.065,170.069,132.199,204.193,181.920,194.884,355.862,0.1840,0.0371,0.2155,0.9500,0.00,0.00,0.00,0.00
1106.00,180.000,180.000,170.000,175.000,179.577,179.231,169.347,121.714,180.281,180.065,170.072,132.258,203.953,182.166,195.210,355.909,0.1880,0.0396,0.2178,0.9500,0.00,0.00,0.00,0.00
1107.00,180.000,180.000,170.000,175.000,179.582,179.237,169.352,121.784,180.280,180.066,170.075,132.316,203.801,182.420,194.962,355.956,0.1918,0.0420,0.1488,0.9500,0.00,0.00,0.00,0.00
1108.00,180.000,180.000,170.000,175.000,179.587,179.242,169.357,121.854,180.279,180.067,170.076,132.375,203.712,182.698,194.222,356.004,0.1953,0.0443,0.1537,0.9500,0.00,0.00,0.00,0.00
1109.00,180.000,180.000,170.000,175.000,179.591,179.248,169.362,121.924,180.277,180.068,170.077,132.433,203.680,182.981,193.649,356.051,0.1987,0.0464,0.1584,0.9500,0.00,0.00,0.00,0.00
1110.00,180.000,180.000,170.000,175.000,179.596,179.253,169.366,121.994,180.276,180.070,170.076,132.491,203.717,182.877,193.195,356.098,0.2018,0.0000,0.1629,0.9500,0.00,0.00,0.00,0.00
1111.00,180.000,180.000,170.000,175.000,179.600,179.259,169.371,122.064,180.274,180.071,170.075,132.550,203.798,182.411,192.848,356.146,0.2048,0.0000,0.1671,0.9500,0.00,0.00,0.00,0.00
1112.00,180.000,180.000,170.000,175.000,179.605,179.264,169.376,122.133,180.274,180.071,170.073,132.608,203.921,181.988,192.599,356.193,0.2076,0.0001,0.1712,0.9500,0.00,0.00,0.00,0.00
1113.00,180.000,180.000,170.000,175.000,179.609,179.269,169.380,122.203,180.273,180.071,170.071,132.666,204.065,181.654,192.437,356.240,0.2102,0.0042,0.1750,0.9500,0.00,0.00,0.00,0.00
1114.00,180.000,180.000,170.000,175.000,179.614,179.275,169.385,122.273,180.273,180.070,170.069,132.724,204.245,181.415,192.355,356.287,0.2127,0.0081,0.1787,0.9500,0.00,0.00,0.00,0.00
1115.00,180.000,180.000,170.000,175.000,179.618,179.280,169.389,122.342,180.273,180.068,170.067,132.782,204.456,181.246,192.345,356.334,0.2151,0.0118,0.1822,0.9500,0.00,0.00,0.00,0.00
1116.00,180.000,180.000,170.000,175.000,179.622,179.285,169.394,122.412,180.273,180.067,170.065,132.840,204.680,181.141,192.401,356.381,0.2173,0.0153,0.1855,0.9500,0.00,0.00,0.00,0.00
1117.00,180.000,180.000,170.000,175.000,179.627,179.290,169.398,122.481,180.274,180.065,170.063,132.898,204.917,181.109,192.483,356.428,0.2194,0.0186,0.1887,0.9500,0.00,0.00,0.00,0.00
1118.00,180.000,180.000,170.000,175.000,179.631,179.296,169.403,122.550,180.276,180.063,170.061,132.956,205.163,181.144,192.622,356.475,0.2214,0.0217,0.1917,0.9500,0.00,0.00,0.00,0.00
1119.00,180.000,180.000,170.000,175.000,179.635,179.301,169.407,122.620,180.278,180.062,170.060,133.013,205.420,181.207,192.780,356.522,0.2233,0.0247,0.1946,0.9500,0.00,0.00,0.00,0.00
1120.00,180.000,180.000,170.000,175.000,179.640,179.306,169.412,122.689,180.281,180.060,170.058,133.071,205.685,181.327,192.987,356.569,0.2251,0.0275,0.1973,0.9500,0.00,0.00,0.00,0.00
1121.00,180.000,180.000,170.000,175.000,179.644,179.311,169.416,122.758,180.284,180.059,170.058,133.129,205.958,181.468,193.206,356.616,0.2268,0.0301,0.1999,0.9500,0.00,0.00,0.00,0.00
1122.00,180.000,180.000,170.000,175.000,179.648,179.316,169.420,122.827,180.287,180.058,170.058,133.186,206.222,181.643,193.453,356.662,0.2284,0.0326,0.2024,0.9500,0.00,0.00,0.00,0.00
1123.00,180.000,180.000,170.000,175.000,179.652,179.321,169.424,122.896,180.291,180.058,170.058,133.244,205.901,181.833,193.709,356.709,0.1596,0.0350,0.2048,0.9500,0.00,0.00,0.00,0.00
1124.00,180.000,180.000,170.000,175.000,179.657,179.325,169.429,122.965,180.294,180.058,170.059,133.301,205.113,182.053,193.989,356.756,0.1643,0.0372,0.2071,0.9500,0.00,0.00,0.00,0.00
1125.00,180.000,180.000,170.000,175.000,179.661,179.330,169.433,123.033,180.295,180.058,170.060,133.359,204.480,182.283,194.275,356.802,0.1687,0.0394,0.2093,0.9500,0.00,0.00,0.00,0.00
1126.00,180.000,180.000,170.000,175.000,179.665,179.335,169.437,123.102,180.295,180.059,170.062,133.416,203.973,182.524,194.567,356.849,0.1728,0.0414,0.2114,0.9500,0.00,0.00,0.00,0.00
1127.00,180.000,180.000,170.000,175.000,179.669,179.340,169.441,123.171,180.294,180.060,170.065,133.473,203.578,182.774,194.863,356.895,0.1767,0.0433,0.2133,0.9500,0.00,0.00,0.00,0.00
1128.00,180.000,180.000,170.000,175.000,179.673,179.345,169.445,123.239,180.293,180.062,170.068,133.531,203.286,183.031,195.164,356.942,0.1804,0.0451,0.2152,0.9500,0.00,0.00,0.00,0.00
1129.00,180.000,180.000,170.000,175.000,179.677,179.350,169.449,123.308,180.291,180.064,170.071,133.588,203.087,183.297,195.469,356.988,0.1839,0.0468,0.2170,0.9500,0.00,0.00,0.00,0.00
1130.00,180.000,180.000,170.000,175.000,179.682,179.354,169.454,123.376,180.290,180.066,170.074,133.645,202.955,182.788,194.621,357.035,0.1872,0.0000,0.1489,0.9500,0.00,0.00,0.00,0.00
1131.00,180.000,180.000,170.000,175.000,179.686,179.359,169.458,123.445,180.288,180.066,170.076,133.702,202.885,182.327,193.918,357.081,0.1902,0.0000,0.1533,0.9500,0.00,0.00,0.00,0.00
1132.00,180.000,180.000,170.000,175.000,179.690,179.364,169.462,123.513,180.286,180.066,170.076,133.759,202.870,181.910,193.347,357.128,0.1931,0.0000,0.1575,0.9500,0.00,0.00,0.00,0.00
1133.00,180.000,180.000,170.000,175.000,179.694,179.368,169.466,123.581,180.284,180.065,170.075,133.816,202.905,181.549,192.894,357.174,0.1959,0.0036,0.1614,0.9500,0.00,0.00,0.00,0.00
1134.00,180.000,180.000,170.000,175.000,179.697,179.373,169.470,123.649,180.282,180.064,170.074,133.873,202.986,181.286,192.548,357.220,0.1985,0.0071,0.1652,0.9500,0.00,0.00,0.00,0.00
1135.00,180.000,180.000,170.000,175.000,179.701,179.378,169.474,123.717,180.281,180.062,170.072,133.930,203.091,181.111,192.300,357.266,0.2009,0.0105,0.1688,0.9500,0.00,0.00,0.00,0.00
1136.00,180.000,180.000,170.000,175.000,179.705,179.382,169.478,123.785,180.280,180.060,170.070,133.987,203.236,181.016,192.139,357.312,0.2032,0.0137,0.1722,0.9500,0.00,0.00,0.00,0.00
1137.00,180.000,180.000,170.000,175.000,179.709,179.387,169.482,123.853,180.279,180.058,170.068,134.044,203.400,180.962,192.058,357.358,0.2054,0.0167,0.1755,0.9500,0.00,0.00,0.00,0.00
1138.00,180.000,180.000,170.000,175.000,179.713,179.391,169.486,123.921,180.279,180.056,170.065,134.100,203.581,180.976,192.017,357.404,0.2074,0.0195,0.1786,0.9500,0.00,0.00,0.00,0.00
1139.00,180.000,180.000,170.000,175.000,179.717,179.396,169.490,123.989,180.278,180.054,170.063,134.157,203.778,181.021,192.044,357.450,0.2093,0.0222,0.1816,0.9500,0.00,0.00,0.00,0.00
1140.00,180.000,180.000,170.000,175.000,179.720,179.400,169.493,124.056,180.279,180.053,170.061,134.214,203.989,181.108,192.100,357.496,0.2112,0.0247,0.1844,0.9500,0.00,0.00,0.00,0.00
1141.00,180.000,180.000,170.000,175.000,179.724,179.404,169.497,124.124,180.280,180.051,170.059,134.270,204.213,181.219,192.216,357.542,0.2129,0.0271,0.1871,0.9500,0.00,0.00,0.00,0.00
1142.00,180.000,180.000,170.000,175.000,179.728,179.409,169.501,124.191,180.281,180.050,170.057,134.327,204.432,181.367,192.352,357.588,0.2145,0.0294,0.1896,0.9500,0.00,0.00,0.00,0.00
1143.00,180.000,180.000,170.000,175.000,179.731,179.413,169.505,124.259,180.283,180.048,170.055,134.383,204.664,181.533,192.508,357.634,0.2160,0.0315,0.1921,0.9500,0.00,0.00,0.00,0.00
1144.00,180.000,180.000,170.000,175.000,179.735,179.417,169.508,124.326,180.285,180.048,170.054,134.440,204.906,181.715,192.697,357.680,0.2175,0.0336,0.1944,0.9500,0.00,0.00,0.00,0.00
1145.00,180.000,180.000,170.000,175.000,179.739,179.421,169.512,124.393,180.288,180.047,170.053,134.496,205.143,181.911,192.900,357.726,0.2189,0.0355,0.1966,0.9500,0.00,0.00,0.00,0.00
1146.00,180.000,180.000,170.000,175.000,179.742,179.425,169.515,124.461,180.291,180.047,170.053,134.552,205.374,182.120,193.116,357.771,0.2202,0.0373,0.1987,0.9500,0.00,0.00,0.00,0.00
1147.00,180.000,180.000,170.000,175.000,179.746,179.430,169.519,124.528,180.295,180.048,170.053,134.609,205.617,182.341,193.344,357.817,0.2214,0.0391,0.2008,0.9500,0.00,0.00,0.00,0.00
1148.00,180.000,180.000,170.000,175.000,179.750,179.434,169.523,124.595,180.299,180.049,170.054,134.665,205.854,182.557,193.582,357.863,0.2226,0.0407,0.2027,0.9500,0.00,0.00,0.00,0.00
1149.00,180.000,180.000,170.000,175.000,179.753,179.438,169.526,124.662,180.302,180.050,170.055,134.721,204.944,182.784,193.830,357.908,0.1542,0.0423,0.2045,0.9500,0.00,0.00,0.00,0.00
1150.00,180.000,180.000,170.000,175.000,179.757,179.442,169.530,124.729,180.304,180.052,170.056,134.777,204.187,183.021,194.088,357.954,0.1585,0.0437,0.2063,0.9500,0.00,0.00,0.00,0.00
1151.00,180.000,180.000,170.000,175.000,179.761,179.446,169.533,124.796,180.304,180.054,170.058,134.833,203.566,183.253,194.353,357.999,0.1625,0.0451,0.2080,0.9500,0.00,0.00,0.00,0.00
1152.00,180.000,180.000,170.000,175.000,179.764,179.450,169.537,124.862,180.304,180.056,170.061,134.889,203.070,183.478,194.626,358.045,0.1662,0.0464,0.2096,0.9500,0.00,0.00,0.00,0.00
1153.00,180.000,180.000,170.000,175.000,179.768,179.454,169.540,124.929,180.303,180.058,170.064,134.945,202.685,182.948,194.889,358.090,0.1698,0.0000,0.2111,0.9500,0.00,0.00,0.00,0.00
1154.00,180.000,180.000,170.000,175.000,179.771,179.458,169.544,124.996,180.301,180.059,170.067,135.001,202.386,182.470,195.144,358.136,0.1731,0.0000,0.2125,0.9500,0.00,0.00,0.00,0.00
1155.00,180.000,180.000,170.000,175.000,179.775,179.462,169.547,125.062,180.299,180.059,170.071,135.057,202.164,182.036,195.407,358.181,0.1762,0.0000,0.2139,0.9500,0.00,0.00,0.00,0.00
1156.00,180.000,180.000,170.000,175.000,179.778,179.466,169.551,125.129,180.297,180.059,170.076,135.112,202.011,181.660,195.678,358.226,0.1792,0.0018,0.1433,0.9500,0.00,0.00,0.00,0.00
1157.00,180.000,180.000,170.000,175.000,179.782,179.470,169.554,125.195,180.294,180.057,170.079,135.168,201.922,181.351,194.784,358.271,0.1820,0.0051,0.1474,0.9500,0.00,0.00,0.00,0.00
1158.00,180.000,180.000,170.000,175.000,179.785,179.474,169.558,125.262,180.292,180.056,170.081,135.224,201.890,181.136,194.039,358.317,0.1846,0.0081,0.1513,0.9500,0.00,0.00,0.00,0.00
1159.00,180.000,180.000,170.000,175.000,179.789,179.478,169.561,125.328,180.289,180.054,170.082,135.279,201.910,180.987,193.430,358.362,0.1870,0.0110,0.1551,0.9500,0.00,0.00,0.00,0.00
1160.00,180.000,180.000,170.000,175.000,179.792,179.481,169.564,125.394,180.287,180.051,170.082,135.335,201.960,180.901,192.943,358.407,0.1894,0.0138,0.1586,0.9500,0.00,0.00,0.00,0.00
1161.00,180.000,180.000,170.000,175.000,179.795,179.485,169.568,125.460,180.284,180.049,170.081,135.390,202.039,180.855,192.567,358.452,0.1916,0.0164,0.1620,0.9500,0.00,0.00,0.00,0.00
1162.00,180.000,180.000,170.000,175.000,179.798,179.489,169.571,125.526,180.282,180.047,170.080,135.446,202.142,180.860,192.274,358.497,0.1936,0.0188,0.1652,0.9500,0.00,0.00,0.00,0.00
1163.00,180.000,180.000,170.000,175.000,179.802,179.493,169.575,125.592,180.281,180.045,170.078,135.501,202.269,180.912,192.058,358.542,0.1956,0.0211,0.1682,0.9500,0.00,0.00,0.00,0.00
1164.00,180.000,180.000,170.000,175.000,179.805,179.496,169.578,125.658,180.279,180.042,170.076,135.557,202.416,180.991,191.910,358.587,0.1974,0.0233,0.1712,0.9500,0.00,0.00,0.00,0.00
1165.00,180.000,180.000,170.000,175.000,179.808,179.500,169.581,125.724,180.278,180.041,170.074,135.612,202.582,181.094,191.824,358.632,0.1991,0.0254,0.1739,0.9500,0.00,0.00,0.00,0.00
1166.00,180.000,180.000,170.000,175.000,179.811,179.504,169.585,125.790,180.277,180.039,170.071,135.667,202.765,181.219,191.795,358.677,0.2008,0.0274,0.1766,0.9500,0.00,0.00,0.00,0.00
1167.00,180.000,180.000,170.000,175.000,179.814,179.507,169.588,125.856,180.277,180.037,170.069,135.722,202.947,181.364,191.817,358.721,0.2023,0.0293,0.1791,0.9500,0.00,0.00,0.00,0.00
1168.00,180.000,180.000,170.000,175.000,179.817,179.511,169.591,125.921,180.277,180.036,170.067,135.777,203.145,181.527,191.868,358.766,0.2037,0.0310,0.1815,0.9500,0.00,0.00,0.00,0.00
1169.00,180.000,180.000,170.000,175.000,179.820,179.514,169.594,125.987,180.277,180.035,170.065,135.832,203.341,181.689,191.947,358.811,0.2051,0.0327,0.1838,0.9500,0.00,0.00,0.00,0.00
1170.00,180.000,180.000,170.000,175.000,179.823,179.518,169.597,126.052,180.278,180.035,170.063,135.888,203.534,181.868,192.051,358.856,0.2064,0.0343,0.1859,0.9500,0.00,0.00,0.00,0.00
1171.00,180.000,180.000,170.000,175.000,179.826,179.521,169.600,126.118,180.280,180.035,170.061,135.942,203.743,182.061,192.193,358.900,0.2076,0.0358,0.1880,0.9500,0.00,0.00,0.00,0.00
1172.00,180.000,180.000,170.000,175.000,179.829,179.524,169.603,126.183,180.281,180.035,170.060,135.997,203.949,182.253,192.353,358.945,0.2088,0.0372,0.1900,0.9500,0.00,0.00,0.00,0.00
1173.00,180.000,180.000,170.000,175.000,179.832,179.528,169.606,126.248,180.284,180.036,170.059,136.052,204.152,182.441,192.530,358.990,0.2099,0.0385,0.1919,0.9500,0.00,0.00,0.00,0.00
1174.00,180.000,180.000,170.000,175.000,179.835,179.531,169.610,126.314,180.286,180.037,170.058,136.107,204.353,182.644,192.723,359.034,0.2109,0.0398,0.1937,0.9500,0.00,0.00,0.00,0.00
1175.00,180.000,180.000,170.000,175.000,179.838,179.535,169.612,126.379,180.289,180.038,170.058,136.162,204.551,182.844,192.914,359.079,0.2119,0.0410,0.1954,0.9500,0.00,0.00,0.00,0.00
1176.00,180.000,180.000,170.000,175.000,179.841,179.538,169.615,126.444,180.292,180.040,170.058,136.217,204.748,183.040,193.119,359.123,0.2128,0.0421,0.1970,0.9500,0.00,0.00,0.00,0.00
1177.00,180.000,180.000,170.000,175.000,179.844,179.541,169.618,126.509,180.296,180.042,170.059,136.271,204.944,183.250,193.321,359.167,0.2137,0.0432,0.1986,0.9500,0.00,0.00,0.00,0.00
1178.00,180.000,180.000,170.000,175.000,179.847,179.545,169.621,126.574,180.300,180.044,170.060,136.326,205.138,183.439,193.536,359.212,0.2145,0.0442,0.2000,0.9500,0.00,0.00,0.00,0.00
1179.00,180.000,180.000,170.000,175.000,179.850,179.548,169.624,126.639,180.305,180.047,170.061,136.380,205.330,183.643,193.763,359.256,0.1433,0.0452,0.2015,0.9500,0.00,0.00,0.00,0.00
1180.00,180.000,180.000,170.000,175.000,179.853,179.551,169.627,126.704,180.308,180.050,170.063,136.435,204.366,183.452,193.985,359.300,0.1474,0.0000,0.2028,0.9500,0.00,0.00,0.00,0.00
1181.00,180.000,180.000,170.000,175.000,179.856,179.555,169.630,126.768,180.310,180.051,170.065,136.489,203.558,182.922,194.202,359.345,0.1512,0.0000,0.2041,0.9500,0.00,0.00,0.00,0.00
1182.00,180.000,180.000,170.000,175.000,179.859,179.558,169.633,126.833,180.311,180.052,170.068,136.544,202.892,182.442,194.431,359.389,0.1548,0.0000,0.2053,0.9500,0.00,0.00,0.00,0.00
1183.00,180.000,180.000,170.000,175.000,179.862,179.561,169.636,126.898,180.311,180.052,170.071,136.598,202.354,182.008,194.655,359.433,0.1582,0.0000,0.2065,0.9500,0.00,0.00,0.00,0.00
1184.00,180.000,180.000,170.000,175.000,179.865,179.564,169.639,126.962,180.309,180.052,170.074,136.652,201.932,181.615,194.874,359.477,0.1614,0.0013,0.2077,0.9500,0.00,0.00,0.00,0.00
1185.00,180.000,180.000,170.000,175.000,179.868,179.568,169.642,127.027,180.308,180.050,170.078,136.707,201.583,181.308,195.089,359.521,0.1644,0.0041,0.2087,0.9500,0.00,0.00,0.00,0.00
1186.00,180.000,180.000,170.000,175.000,179.871,179.571,169.645,127.091,180.305,180.048,170.083,136.761,201.332,181.076,195.300,359.565,0.1673,0.0068,0.2098,0.9500,0.00,0.00,0.00,0.00
1187.00,180.000,180.000,170.000,175.000,179.874,179.574,169.647,127.155,180.302,180.046,170.087,136.815,201.137,180.915,195.508,359.609,0.1699,0.0094,0.2108,0.9500,0.00,0.00,0.00,0.00
1188.00,180.000,180.000,170.000,175.000,179.877,179.577,169.650,127.220,180.300,180.044,170.092,136.869,201.009,180.801,195.712,359.653,0.1724,0.0118,0.1397,0.9500,0.00,0.00,0.00,0.00
1189.00,180.000,180.000,170.000,175.000,179.880,179.580,169.653,127.284,180.297,180.041,170.097,136.923,200.926,180.729,194.774,359.697,0.1748,0.0141,0.1435,0.9500,0.00,0.00,0.00,0.00
1190.00,180.000,180.000,170.000,175.000,179.883,179.583,169.656,127.348,180.293,180.038,170.099,136.977,200.900,180.710,193.973,359.741,0.1770,0.0163,0.1470,0.9500,0.00,0.00,0.00,0.00
1191.00,180.000,180.000,170.000,175.000,179.885,179.586,169.659,127.412,180.290,180.036,170.100,137.031,200.908,180.725,193.314,359.785,0.1791,0.0184,0.1504,0.9500,0.00,0.00,0.00,0.00
1192.00,180.000,180.000,170.000,175.000,179.888,179.589,169.662,127.476,180.287,180.033,170.100,137.085,200.948,180.771,192.781,359.829,0.1811,0.0203,0.1536,0.9500,0.00,0.00,0.00,0.00
1193.00,180.000,180.000,170.000,175.000,179.891,179.592,169.665,127.540,180.285,180.031,170.100,137.139,201.018,180.843,192.332,359.872,0.1829,0.0222,0.1567,0.9500,0.00,0.00,0.00,0.00
1194.00,180.000,180.000,170.000,175.000,179.893,179.595,169.668,127.604,180.282,180.029,170.098,137.192,201.096,180.940,191.989,359.916,0.1846,0.0239,0.1596,0.9500,0.00,0.00,0.00,0.00
1195.00,180.000,180.000,170.000,175.000,179.896,179.598,169.671,127.668,180.280,180.027,170.096,137.246,201.200,181.044,191.711,359.960,0.1863,0.0256,0.1624,0.9500,0.00,0.00,0.00,0.00
1196.00,180.000,180.000,170.000,175.000,179.898,179.601,169.674,127.731,180.277,180.025,170.094,137.300,201.327,181.170,191.507,360.003,0.1878,0.0271,0.1650,0.9500,0.00,0.00,0.00,0.00
1197.00,180.000,180.000,170.000,175.000,179.901,179.604,169.676,127.795,180.276,180.023,170.091,137.354,201.458,181.299,191.371,360.047,0.1893,0.0286,0.1676,0.9500,0.00,0.00,0.00,0.00
1198.00,180.000,180.000,170.000,175.000,179.903,179.606,169.679,127.859,180.274,180.022,170.088,137.407,201.610,181.447,191.280,360.090,0.1906,0.0300,0.1699,0.9500,0.00,0.00,0.00,0.00
1199.00,180.000,180.000,170.000,175.000,179.906,179.609,169.682,127.922,180.273,180.021,170.086,137.461,201.763,181.613,191.245,360.134,0.1919,0.0314,0.1722,0.9500,0.00,0.00,0.00,0.00
1200.00,180.000,180.000,170.000,175.000,179.908,179.612,169.685,127.986,180.272,180.020,170.083,137.514,201.935,181.780,191.246,360.177,0.1931,0.0326,0.1744,0.9500,0.00,0.00,0.00,0.00
1201.00,180.000,180.000,170.000,175.000,179.911,179.615,169.687,128.049,180.272,180.020,170.080,137.568,202.091,181.946,191.278,360.221,0.1943,0.0338,0.1765,0.9500,0.00,0.00,0.00,0.00
1202.00,180.000,180.000,170.000,175.000,179.913,179.617,169.690,128.112,180.272,180.020,170.077,137.621,202.265,182.112,191.340,360.264,0.1953,0.0349,0.1784,0.9500,0.00,0.00,0.00,0.00
1203.00,180.000,180.000,170.000,175.000,179.916,179.620,169.692,128.176,180.272,180.020,170.075,137.674,202.423,182.278,191.427,360.308,0.1964,0.0360,0.1803,0.9500,0.00,0.00,0.00,0.00
1204.00,180.000,180.000,170.000,175.000,179.918,179.623,169.695,128.239,180.272,180.021,170.072,137.728,202.599,182.460,191.539,360.351,0.1973,0.0370,0.1821,0.9500,0.00,0.00,0.00,0.00
1205.00,180.000,180.000,170.000,175.000,179.920,179.625,169.697,128.302,180.273,180.021,170.070,137.781,202.759,182.625,191.672,360.394,0.1982,0.0380,0.1838,0.9500,0.00,0.00,0.00,0.00
1206.00,180.000,180.000,170.000,175.000,179.923,179.628,169.700,128.365,180.275,180.023,170.068,137.834,202.937,182.790,191.809,360.437,0.1991,0.0389,0.1854,0.9500,0.00,0.00,0.00,0.00
1207.00,180.000,180.000,170.000,175.000,179.925,179.631,169.702,128.428,180.276,180.024,170.067,137.887,203.099,182.955,191.965,360.481,0.1999,0.0397,0.1869,0.9500,0.00,0.00,0.00,0.00
1208.00,180.000,180.000,170.000,175.000,179.927,179.633,169.705,128.491,180.278,180.026,170.066,137.940,203.262,183.121,192.121,360.524,0.2006,0.0405,0.1884,0.9500,0.00,0.00,0.00,0.00
1209.00,180.000,180.000,170.000,175.000,179.930,179.636,169.707,128.554,180.280,180.028,170.065,137.993,203.427,183.287,192.296,360.567,0.2013,0.0413,0.1898,0.9500,0.00,0.00,0.00,0.00
1210.00,180.000,180.000,170.000,175.000,179.932,179.638,169.710,128.617,180.283,180.030,170.064,138.046,203.577,183.437,192.470,360.610,0.2020,0.0420,0.1912,0.9500,0.00,0.00,0.00,0.00
1211.00,180.000,180.000,170.000,175.000,179.934,179.641,169.712,128.680,180.286,180.033,170.064,138.099,203.746,183.605,192.643,360.653,0.2026,0.0427,0.1924,0.9500,0.00,0.00,0.00,0.00
1212.00,180.000,180.000,170.000,175.000,179.937,179.644,169.714,128.742,180.289,180.036,170.064,138.152,203.899,183.757,192.833,360.696,0.2032,0.0434,0.1937,0.9500,0.00,0.00,0.00,0.00
1213.00,180.000,180.000,170.000,175.000,179.939,179.646,169.717,128.805,180.293,180.039,170.065,138.205,204.039,183.895,193.021,360.739,0.2038,0.0440,0.1948,0.9500,0.00,0.00,0.00,0.00
1214.00,180.000,180.000,170.000,175.000,179.941,179.649,169.719,128.867,180.297,180.043,170.066,138.257,204.184,184.036,193.207,360.782,0.2043,0.0446,0.1959,0.9500,0.00,0.00,0.00,0.00
1215.00,180.000,180.000,170.000,175.000,179.944,179.652,169.721,128.930,180.301,180.046,170.067,138.310,204.331,183.804,193.407,360.825,0.2048,0.0000,0.1970,0.9500,0.00,0.00,0.00,0.00
1216.00,180.000,180.000,170.000,175.000,179.946,179.654,169.723,128.992,180.306,180.049,170.069,138.363,204.465,183.237,193.589,360.868,0.2053,0.0000,0.1980,0.9500,0.00,0.00,0.00,0.00
1217.00,180.000,180.000,170.000,175.000,179.948,179.657,169.726,129.055,180.310,180.050,170.071,138.415,204.588,182.724,193.786,360.910,0.2058,0.0000,0.1989,0.9500,0.00,0.00,0.00,0.00
1218.00,180.000,180.000,170.000,175.000,179.951,179.659,169.728,129.117,180.315,180.050,170.073,138.468,204.108,182.260,193.965,360.953,0.1351,0.0000,0.1999,0.9500,0.00,0.00,0.00,0.00
1219.00,180.000,180.000,170.000,175.000,179.953,179.662,169.730,129.179,180.318,180.050,170.076,138.521,203.160,181.840,194.144,360.996,0.1388,0.0000,0.2008,0.9500,0.00,0.00,0.00,0.00
1220.00,180.000,180.000,170.000,175.000,179.956,179.665,169.733,129.241,180.319,180.049,170.079,138.573,202.366,181.475,194.322,361.038,0.1422,0.0021,0.2016,0.9500,0.00,0.00,0.00,0.00
1221.00,180.000,180.000,170.000,175.000,179.958,179.667,169.735,129.303,180.319,180.047,170.082,138.625,201.713,181.193,194.499,361.081,0.1455,0.0045,0.2024,0.9500,0.00,0.00,0.00,0.00
1222.00,180.000,180.000,170.000,175.000,179.961,179.670,169.737,129.365,180.318,180.045,170.086,138.678,201.155,180.969,194.677,361.124,0.1486,0.0068,0.2032,0.9500,0.00,0.00,0.00,0.00
1223.00,180.000,180.000,170.000,175.000,179.963,179.672,169.740,129.427,180.316,180.042,170.090,138.730,200.715,180.798,194.837,361.166,0.1515,0.0090,0.2039,0.9500,0.00,0.00,0.00,0.00
1224.00,180.000,180.000,170.000,175.000,179.965,179.675,169.742,129.489,180.314,180.040,170.094,138.782,200.349,180.691,195.000,361.209,0.1542,0.0111,0.2046,0.9500,0.00,0.00,0.00,0.00
1225.00,180.000,180.000,170.000,175.000,179.968,179.677,169.744,129.551,180.311,180.037,170.099,138.835,200.066,180.626,195.163,361.251,0.1567,0.0130,0.2053,0.9500,0.00,0.00,0.00,0.00
1226.00,180.000,180.000,170.000,175.000,179.970,179.679,169.747,129.613,180.307,180.034,170.104,138.887,199.858,180.582,195.311,361.294,0.1591,0.0149,0.2059,0.9500,0.00,0.00,0.00,0.00
1227.00,180.000,180.000,170.000,175.000,179.972,179.682,169.749,129.675,180.303,180.031,170.109,138.939,199.703,180.574,195.463,361.336,0.1614,0.0166,0.2065,0.9500,0.00,0.00,0.00,0.00
1228.00,180.000,180.000,170.000,175.000,179.974,179.684,169.751,129.736,180.299,180.028,170.114,138.991,199.595,180.598,195.024,361.378,0.1635,0.0183,0.1366,0.9500,0.00,0.00,0.00,0.00
1229.00,180.000,180.000,170.000,175.000,179.976,179.686,169.754,129.798,180.295,180.025,170.118,139.043,199.530,180.651,194.112,361.421,0.1655,0.0198,0.1399,0.9500,0.00,0.00,0.00,0.00
1230.00,180.000,180.000,170.000,175.000,179.979,179.689,169.756,129.859,180.291,180.022,170.120,139.095,199.503,180.715,193.335,361.463,0.1673,0.0213,0.1431,0.9500,0.00,0.00,0.00,0.00
1231.00,180.000,180.000,170.000,175.000,179.981,179.691,169.759,129.921,180.287,180.020,170.120,139.147,199.511,180.805,192.680,361.505,0.1691,0.0227,0.1461,0.9500,0.00,0.00,0.00,0.00
1232.00,180.000,180.000,170.000,175.000,179.983,179.693,169.761,129.982,180.283,180.018,170.120,139.199,199.551,180.901,192.136,361.548,0.1707,0.0240,0.1490,0.9500,0.00,0.00,0.00,0.00
1233.00,180.000,180.000,170.000,175.000,179.985,179.695,169.763,130.043,180.279,180.015,170.118,139.251,199.603,181.020,191.692,361.590,0.1723,0.0253,0.1517,0.9500,0.00,0.00,0.00,0.00
1234.00,180.000,180.000,170.000,175.000,179.987,179.697,169.766,130.105,180.276,180.013,170.116,139.303,199.683,181.127,191.322,361.632,0.1737,0.0265,0.1543,0.9500,0.00,0.00,0.00,0.00
1235.00,180.000,180.000,170.000,175.000,179.989,179.699,169.768,130.166,180.272,180.012,170.114,139.355,199.772,181.256,191.036,361.674,0.1751,0.0276,0.1568,0.9500,0.00,0.00,0.00,0.00
1236.00,180.000,180.000,170.000,175.000,179.990,179.701,169.770,130.227,180.269,180.010,170.111,139.406,199.868,181.388,190.824,361.716,0.1764,0.0286,0.1591,0.9500,0.00,0.00,0.00,0.00
1237.00,180.000,180.000,170.000,175.000,179.992,179.703,169.773,130.288,180.266,180.009,170.107,139.458,199.988,181.524,190.665,361.758,0.1776,0.0297,0.1613,0.9500,0.00,0.00,0.00,0.00
1238.00,180.000,180.000,170.000,175.000,179.994,179.705,169.775,130.349,180.264,180.008,170.104,139.510,200.113,181.662,190.553,361.800,0.1787,0.0306,0.1635,0.9500,0.00,0.00,0.00,0.00
1239.00,180.000,180.000,170.000,175.000,179.996,179.707,169.777,130.410,180.261,180.007,170.100,139.561,200.243,181.803,190.484,361.842,0.1798,0.0315,0.1655,0.9500,0.00,0.00,0.00,0.00
1240.00,180.000,180.000,170.000,175.000,179.998,179.709,169.779,130.471,180.259,180.007,170.096,139.613,200.377,181.930,190.453,361.884,0.1808,0.0324,0.1674,0.9500,0.00,0.00,0.00,0.00
1241.00,180.000,180.000,170.000,175.000,179.999,179.711,169.781,130.532,180.257,180.007,170.092,139.664,200.514,182.077,190.456,361.926,0.1817,0.0332,0.1692,0.9500,0.00,0.00,0.00,0.00
1242.00,180.000,180.000,170.000,175.000,180.001,179.713,169.783,130.593,180.256,180.007,170.089,139.716,200.656,182.210,190.492,361.968,0.1826,0.0339,0.1710,0.9500,0.00,0.00,0.00,0.00
1243.00,180.000,180.000,170.000,175.000,180.003,179.715,169.785,130.653,180.255,180.007,170.085,139.767,200.800,182.346,190.540,362.009,0.1834,0.0347,0.1726,0.9500,0.00,0.00,0.00,0.00
1244.00,180.000,180.000,170.000,175.000,180.004,179.717,169.787,130.714,180.254,180.008,170.081,139.818,200.931,182.485,190.615,362.051,0.1842,0.0353,0.1742,0.9500,0.00,0.00,0.00,0.00
1245.00,180.000,180.000,170.000,175.000,180.006,179.719,169.789,130.775,180.253,180.008,170.078,139.870,201.082,182.611,190.714,362.093,0.1849,0.0360,0.1757,0.9500,0.00,0.00,0.00,0.00
1246.00,180.000,180.000,170.000,175.000,180.008,179.721,169.791,130.835,180.253,180.010,170.075,139.921,201.220,182.756,190.821,362.135,0.1856,0.0366,0.1771,0.9500,0.00,0.00,0.00,0.00
1247.00,180.000,180.000,170.000,175.000,180.009,179.723,169.793,130.896,180.253,180.011,170.072,139.972,201.345,182.888,190.933,362.176,0.1863,0.0372,0.1785,0.9500,0.00,0.00,0.00,0.00
1248.00,180.000,180.000,170.000,175.000,180.011,179.725,169.795,130.956,180.253,180.012,170.070,140.023,201.491,183.007,191.067,362.218,0.1869,0.0377,0.1798,0.9500,0.00,0.00,0.00,0.00
1249.00,180.000,180.000,170.000,175.000,180.013,179.727,169.797,131.016,180.254,180.014,170.067,140.074,201.624,183.132,191.204,362.259,0.1874,0.0383,0.1810,0.9500,0.00,0.00,0.00,0.00
1250.00,180.000,180.000,170.000,175.000,180.014,179.729,169.799,131.077,180.255,180.016,170.065,140.125,201.745,183.260,191.344,362.301,0.1880,0.0388,0.1822,0.9500,0.00,0.00,0.00,0.00
1251.00,180.000,180.000,170.000,175.000,180.016,179.731,169.800,131.137,180.256,180.018,170.064,140.176,201.888,183.376,191.502,362.342,0.1885,0.0392,0.1833,0.9500,0.00,0.00,0.00,0.00
1252.00,180.000,180.000,170.000,175.000,180.017,179.733,169.802,131.197,180.257,180.021,170.062,140.227,202.017,183.481,191.646,362.384,0.1889,0.0397,0.1844,0.9500,0.00,0.00,0.00,0.00
1253.00,180.000,180.000,170.000,175.000,180.019,179.735,169.804,131.257,180.259,180.023,170.061,140.278,202.135,183.576,191.808,362.425,0.1894,0.0401,0.1854,0.9500,0.00,0.00,0.00,0.00
1254.00,180.000,180.000,170.000,175.000,180.021,179.737,169.806,131.317,180.261,180.026,170.060,140.329,202.243,183.694,191.955,362.467,0.1898,0.0405,0.1864,0.9500,0.00,0.00,0.00,0.00
1255.00,180.000,180.000,170.000,175.000,180.022,179.738,169.807,131.377,180.263,180.029,170.060,140.379,202.358,183.801,192.120,362.508,0.1902,0.0409,0.1873,0.9500,0.00,0.00,0.00,0.00
1256.00,180.000,180.000,170.000,175.000,180.024,179.740,169.809,131.437,180.266,180.032,170.060,140.430,202.479,183.899,192.270,362.549,0.1905,0.0412,0.1882,0.9500,0.00,0.00,0.00,0.00
1257.00,180.000,180.000,170.000,175.000,180.025,179.742,169.811,131.497,180.269,180.036,170.060,140.481,202.589,183.987,192.437,362.590,0.1909,0.0415,0.1890,0.9500,0.00,0.00,0.00,0.00
1258.00,180.000,180.000,170.000,175.000,180.027,179.744,169.812,131.556,180.271,180.039,170.060,140.531,202.689,184.067,192.589,362.632,0.1912,0.0419,0.1898,0.9500,0.00,0.00,0.00,0.00
1259.00,180.000,180.000,170.000,175.000,180.029,179.746,169.814,131.616,180.275,180.043,170.061,140.582,202.781,184.156,192.743,362.673,0.1915,0.0422,0.1906,0.9500,0.00,0.00,0.00,0.00
1260.00,180.000,180.000,170.000,175.000,180.030,179.748,169.816,131.676,180.278,180.047,170.062,140.632,202.865,184.252,192.899,362.714,0.1918,0.0424,0.1913,0.9500,0.00,0.00,0.00,0.00
1261.00,180.000,180.000,170.000,175.000,180.032,179.750,169.817,131.735,180.281,180.051,170.063,140.683,202.942,184.339,193.040,362.755,0.1921,0.0000,0.1920,0.9500,0.00,0.00,0.00,0.00
1262.00,180.000,180.000,170.000,175.000,180.034,179.752,169.819,131.795,180.285,180.054,170.065,140.733,203.045,183.717,193.200,362.796,0.1923,0.0000,0.1927,0.9500,0.00,0.00,0.00,0.00
1263.00,180.000,180.000,170.000,175.000,180.035,179.754,169.820,131.854,180.289,180.056,170.067,140.784,203.139,183.155,193.345,362.837,0.1926,0.0000,0.1933,0.9500,0.00,0.00,0.00,0.00
1264.00,180.000,180.000,170.000,175.000,180.037,179.756,169.822,131.914,180.293,180.057,170.069,140.834,203.225,182.646,193.476,362.878,0.1928,0.0000,0.1939,0.9500,0.00,0.00,0.00,0.00
1265.00,180.000,180.000,170.000,175.000,180.039,179.758,169.824,131.973,180.298,180.057,170.071,140.884,203.304,182.185,193.612,362.919,0.1930,0.0000,0.1945,0.9500,0.00,0.00,0.00,0.00
1266.00,180.000,180.000,170.000,175.000,180.040,179.760,169.825,132.033,180.302,180.056,170.074,140.935,203.376,181.768,193.751,362.960,0.1932,0.0000,0.1951,0.9500,0.00,0.00,0.00,0.00
1267.00,180.000,180.000,170.000,175.000,180.042,179.762,169.827,132.092,180.307,180.055,170.077,140.985,203.443,181.391,193.878,363.001,0.1934,0.0000,0.1956,0.9500,0.00,0.00,0.00,0.00
1268.00,180.000,180.000,170.000,175.000,180.044,179.764,169.829,132.151,180.312,180.053,170.080,141.035,203.505,181.065,193.992,363.042,0.1936,0.0019,0.1961,0.9500,0.00,0.00,0.00,0.00
1269.00,180.000,180.000,170.000,175.000,180.046,179.766,169.830,132.210,180.317,180.050,170.083,141.085,203.561,180.802,194.129,363.083,0.1937,0.0039,0.1966,0.9500,0.00,0.00,0.00,0.00
1270.00,180.000,180.000,170.000,175.000,180.048,179.768,169.832,132.269,180.322,180.048,170.087,141.135,203.614,180.596,194.253,363.123,0.1939,0.0059,0.1971,0.9500,0.00,0.00,0.00,0.00
1271.00,180.000,180.000,170.000,175.000,180.049,179.770,169.834,132.328,180.327,180.044,170.091,141.185,203.662,180.441,194.365,363.164,0.1940,0.0077,0.1975,0.9500,0.00,0.00,0.00,0.00
1272.00,180.000,180.000,170.000,175.000,180.051,179.772,169.836,132.387,180.332,180.041,170.095,141.235,203.147,180.331,194.468,363.205,0.1238,0.0094,0.1979,0.9500,0.00,0.00,0.00,0.00
1273.00,180.000,180.000,170.000,175.000,180.053,179.773,169.837,132.446,180.335,180.037,170.099,141.285,202.151,180.264,194.577,363.245,0.1272,0.0111,0.1983,0.9500,0.00,0.00,0.00,0.00
1274.00,180.000,180.000,170.000,175.000,180.055,179.775,169.839,132.505,180.336,180.033,170.104,141.335,201.299,180.218,194.693,363.286,0.1304,0.0126,0.1987,0.9500,0.00,0.00,0.00,0.00
1275.00,180.000,180.000,170.000,175.000,180.057,179.777,169.841,132.563,180.336,180.030,170.109,141.385,200.593,180.208,194.798,363.327,0.1334,0.0141,0.1991,0.9500,0.00,0.00,0.00,0.00
1276.00,180.000,180.000,170.000,175.000,180.059,179.778,169.843,132.622,180.335,180.026,170.114,141.435,199.986,180.231,194.893,363.367,0.1361,0.0155,0.1995,0.9500,0.00,0.00,0.00,0.00
1277.00,180.000,180.000,170.000,175.000,180.061,179.780,169.844,132.681,180.333,180.022,170.119,141.485,199.486,180.267,194.980,363.408,0.1388,0.0168,0.1998,0.9500,0.00,0.00,0.00,0.00
1278.00,180.000,180.000,170.000,175.000,180.062,179.782,169.846,132.739,180.330,180.019,170.124,141.535,199.081,180.315,195.076,363.448,0.1412,0.0180,0.2001,0.9500,0.00,0.00,0.00,0.00
1279.00,180.000,180.000,170.000,175.000,180.064,179.783,169.848,132.798,180.327,180.015,170.129,141.584,198.748,180.390,195.179,363.489,0.1435,0.0192,0.2005,0.9500,0.00,0.00,0.00,0.00
1280.00,180.000,180.000,170.000,175.000,180.066,179.785,169.850,132.856,180.323,180.012,170.135,141.634,198.479,180.457,195.273,363.529,0.1457,0.0203,0.2008,0.9500,0.00,0.00,0.00,0.00
1281.00,180.000,180.000,170.000,175.000,180.068,179.786,169.852,132.915,180.318,180.009,170.139,141.684,198.267,180.550,194.203,363.570,0.1477,0.0214,0.1312,0.9500,0.00,0.00,0.00,0.00
1282.00,180.000,180.000,170.000,175.000,180.069,179.788,169.854,132.973,180.314,180.006,170.142,141.733,198.108,180.633,193.284,363.610,0.1496,0.0224,0.1342,0.9500,0.00,0.00,0.00,0.00
1283.00,180.000,180.000,170.000,175.000,180.071,179.789,169.856,133.031,180.309,180.003,170.143,141.783,197.997,180.740,192.500,363.650,0.1514,0.0233,0.1371,0.9500,0.00,0.00,0.00,0.00
1284.00,180.000,180.000,170.000,175.000,180.072,179.791,169.858,133.090,180.304,180.000,170.143,141.832,197.928,180.836,191.840,363.691,0.1531,0.0242,0.1398,0.9500,0.00,0.00,0.00,0.00
1285.00,180.000,180.000,170.000,175.000,180.074,179.792,169.859,133.148,180.299,179.998,170.141,141.882,197.882,180.955,191.289,363.731,0.1546,0.0251,0.1424,0.9500,0.00,0.00,0.00,0.00
1286.00,180.000,180.000,170.000,175.000,180.075,179.793,169.861,133.206,180.294,179.996,170.139,141.931,197.872,181.062,190.824,363.771,0.1561,0.0259,0.1449,0.9500,0.00,0.00,0.00,0.00
1287.00,180.000,180.000,170.000,175.000,180.077,179.795,169.863,133.264,180.289,179.994,170.136,141.981,197.895,181.176,190.451,363.811,0.1575,0.0266,0.1472,0.9500,0.00,0.00,0.00,0.00
1288.00,180.000,180.000,170.000,175.000,180.078,179.796,169.865,133.322,180.284,179.992,170.132,142.030,197.933,181.293,190.145,363.851,0.1588,0.0274,0.1494,0.9500,0.00,0.00,0.00,0.00
1289.00,180.000,180.000,170.000,175.000,180.080,179.797,169.867,133.380,180.280,179.991,170.128,142.079,197.983,181.399,189.900,363.891,0.1600,0.0280,0.1515,0.9500,0.00,0.00,0.00,0.00
1290.00,180.000,180.000,170.000,175.000,180.081,179.799,169.868,133.438,180.275,179.989,170.124,142.129,198.061,181.527,189.710,363.931,0.1611,0.0287,0.1535,0.9500,0.00,0.00,0.00,0.00
1291.00,180.000,180.000,170.000,175.000,180.082,179.800,169.870,133.496,180.271,179.988,170.119,142.178,198.132,181.643,189.570,363.972,0.1622,0.0293,0.1554,0.9500,0.00,0.00,0.00,0.00
1292.00,180.000,180.000,170.000,175.000,180.083,179.801,169.872,133.553,180.267,179.987,170.114,142.227,198.228,181.747,189.476,364.012,0.1632,0.0299,0.1573,0.9500,0.00,0.00,0.00,0.00
1293.00,180.000,180.000,170.000,175.000,180.085,179.802,169.873,133.611,180.263,179.987,170.109,142.276,198.315,181.858,189.422,364.052,0.1641,0.0304,0.1590,0.9500,0.00,0.00,0.00,0.00
1294.00,180.000,180.000,170.000,175.000,180.086,179.804,169.875,133.669,180.259,179.986,170.104,142.325,198.427,181.973,189.388,364.091,0.1650,0.0309,0.1606,0.9500,0.00,0.00,0.00,0.00
1295.00,180.000,180.000,170.000,175.000,180.087,179.805,169.876,133.726,180.256,179.986,170.099,142.374,198.528,182.077,189.390,364.131,0.1658,0.0314,0.1622,0.9500,0.00,0.00,0.00,0.00
1296.00,180.000,180.000,170.000,175.000,180.088,179.806,169.878,133.784,180.253,179.986,170.094,142.423,198.636,182.172,189.423,364.171,0.1665,0.0319,0.1637,0.9500,0.00,0.00,0.00,0.00
1297.00,180.000,180.000,170.000,175.000,180.089,179.807,169.879,133.841,180.250,179.986,170.089,142.472,198.750,182.273,189.469,364.211,0.1672,0.0323,0.1651,0.9500,0.00,0.00,0.00,0.00
1298.00,180.000,180.000,170.000,175.000,180.090,179.808,169.881,133.899,180.247,179.986,170.084,142.521,198.854,182.381,189.526,364.251,0.1679,0.0327,0.1664,0.9500,0.00,0.00,0.00,0.00
1299.00,180.000,180.000,170.000,175.000,180.091,179.810,169.882,133.956,180.245,179.987,170.080,142.570,198.964,182.478,189.610,364.291,0.1685,0.0331,0.1677,0.9500,0.00,0.00,0.00,0.00
1300.00,180.000,180.000,170.000,175.000,180.092,179.811,169.883,134.014,180.242,179.988,170.076,142.618,199.081,182.566,189.701,364.330,0.1691,0.0335,0.1689,0.9500,0.00,0.00,0.00,0.00
1301.00,180.000,180.000,170.000,175.000,180.093,179.812,169.885,134.071,180.240,179.988,170.071,142.667,199.186,182.645,189.800,364.370,0.1697,0.0338,0.1701,0.9500,0.00,0.00,0.00,0.00
1302.00,180.000,180.000,170.000,175.000,180.094,179.813,169.886,134.128,180.239,179.989,170.067,142.716,199.282,182.733,189.921,364.410,0.1702,0.0342,0.1712,0.9500,0.00,0.00,0.00,0.00
1303.00,180.000,180.000,170.000,175.000,180.095,179.814,169.887,134.185,180.237,179.991,170.064,142.764,199.402,182.829,190.030,364.449,0.1706,0.0345,0.1722,0.9500,0.00,0.00,0.00,0.00
1304.00,180.000,180.000,170.000,175.000,180.096,179.816,169.888,134.242,180.236,179.992,170.060,142.813,199.510,182.915,190.161,364.489,0.1711,0.0348,0.1732,0.9500,0.00,0.00,0.00,0.00
1305.00,180.000,180.000,170.000,175.000,180.097,179.817,169.889,134.299,180.235,179.993,170.057,142.861,199.609,182.993,190.280,364.528,0.1715,0.0351,0.1741,0.9500,0.00,0.00,0.00,0.00
1306.00,180.000,180.000,170.000,175.000,180.098,179.818,169.891,134.356,180.234,179.995,170.054,142.910,199.699,183.064,190.419,364.568,0.1719,0.0353,0.1750,0.9500,0.00,0.00,0.00,0.00
1307.00,180.000,180.000,170.000,175.000,180.099,179.819,169.892,134.413,180.234,179.997,170.051,142.958,199.798,183.128,190.544,364.607,0.1722,0.0356,0.1759,0.9500,0.00,0.00,0.00,0.00
1308.00,180.000,180.000,170.000,175.000,180.100,179.820,169.893,134.470,180.234,179.998,170.049,143.007,199.903,183.186,190.674,364.647,0.1726,0.0358,0.1767,0.9500,0.00,0.00,0.00,0.00
1309.00,180.000,180.000,170.000,175.000,180.101,179.821,169.894,134.527,180.234,180.000,170.047,143.055,199.999,183.238,190.808,364.686,0.1729,0.0361,0.1775,0.9500,0.00,0.00,0.00,0.00
1310.00,180.000,180.000,170.000,175.000,180.102,179.823,169.895,134.584,180.234,180.002,170.045,143.103,200.087,183.318,190.929,364.726,0.1732,0.0363,0.1782,0.9500,0.00,0.00,0.00,0.00
1311.00,180.000,180.000,170.000,175.000,180.102,179.824,169.896,134.640,180.234,180.005,170.043,143.151,200.167,183.390,191.070,364.765,0.1734,0.0365,0.1789,0.9500,0.00,0.00,0.00,0.00
1312.00,180.000,180.000,170.000,175.000,180.103,179.825,169.897,134.697,180.234,180.007,170.042,143.200,200.240,183.455,191.198,364.804,0.1737,0.0367,0.1796,0.9500,0.00,0.00,0.00,0.00
1313.00,180.000,180.000,170.000,175.000,180.104,179.826,169.898,134.753,180.235,180.009,170.041,143.248,200.307,183.515,191.314,364.843,0.1739,0.0369,0.1802,0.9500,0.00,0.00,0.00,0.00
1314.00,180.000,180.000,170.000,175.000,180.105,179.827,169.899,134.810,180.236,180.012,170.040,143.296,200.384,183.568,191.451,364.883,0.1741,0.0370,0.1808,0.9500,0.00,0.00,0.00,0.00
1315.00,180.000,180.000,170.000,175.000,180.106,179.829,169.900,134.866,180.237,180.014,170.039,143.344,200.471,183.617,191.575,364.922,0.1743,0.0372,0.1814,0.9500,0.00,0.00,0.00,0.00
1316.00,180.000,180.000,170.000,175.000,180.107,179.830,169.900,134.923,180.238,180.017,170.039,143.392,200.550,183.661,191.687,364.961,0.1745,0.0373,0.1820,0.9500,0.00,0.00,0.00,0.00
1317.00,180.000,180.000,170.000,175.000,180.108,179.831,169.901,134.979,180.240,180.020,170.038,143.440,200.622,183.701,191.821,365.000,0.1746,0.0375,0.1825,0.9500,0.00,0.00,0.00,0.00
1318.00,180.000,180.000,170.000,175.000,180.109,179.832,169.902,135.035,180.241,180.023,170.038,143.488,200.688,183.738,191.942,365.039,0.1748,0.0376,0.1830,0.9500,0.00,0.00,0.00,0.00
1319.00,180.000,180.000,170.000,175.000,180.109,179.834,169.903,135.092,180.243,180.025,170.039,143.536,200.749,183.771,192.052,365.078,0.1749,0.0378,0.1835,0.9500,0.00,0.00,0.00,0.00
1320.00,180.000,180.000,170.000,175.000,180.110,179.835,169.904,135.148,180.245,180.028,170.039,143.583,200.805,183.801,192.152,365.117,0.1751,0.0379,0.1839,0.9500,0.00,0.00,0.00,0.00
1321.00,180.000,180.000,170.000,175.000,180.111,179.836,169.905,135.204,180.247,180.031,170.040,143.631,200.856,183.829,192.259,365.156,0.1752,0.0380,0.1844,0.9500,0.00,0.00,0.00,0.00
1322.00,180.000,180.000,170.000,175.000,180.112,179.838,169.906,135.260,180.249,180.034,170.041,143.679,200.903,183.886,192.372,365.195,0.1753,0.0381,0.1848,0.9500,0.00,0.00,0.00,0.00
1323.00,180.000,180.000,170.000,175.000,180.113,179.839,169.907,135.316,180.251,180.037,170.042,143.727,200.946,183.937,192.474,365.234,0.1754,0.0382,0.1852,0.9500,0.00,0.00,0.00,0.00
1324.00,180.000,180.000,170.000,175.000,180.114,179.840,169.908,135.372,180.253,180.041,170.043,143.774,200.987,183.984,192.567,365.273,0.1755,0.0383,0.1855,0.9500,0.00,0.00,0.00,0.00
1325.00,180.000,180.000,170.000,175.000,180.115,179.842,169.909,135.428,180.256,180.044,170.045,143.822,201.024,184.027,192.651,365.312,0.1756,0.0384,0.1859,0.9500,0.00,0.00,0.00,0.00
1326.00,180.000,180.000,170.000,175.000,180.116,179.843,169.910,135.484,180.258,180.047,170.047,143.869,201.058,184.066,192.744,365.350,0.1756,0.0385,0.1862,0.9500,0.00,0.00,0.00,0.00
1327.00,180.000,180.000,170.000,175.000,180.117,179.844,169.910,135.540,180.261,180.051,170.049,143.917,201.091,184.101,192.844,365.389,0.1757,0.0386,0.1866,0.9500,0.00,0.00,0.00,0.00
1328.00,180.000,180.000,170.000,175.000,180.118,179.846,169.911,135.595,180.263,180.054,170.051,143.964,201.120,184.133,192.935,365.428,0.1758,0.0387,0.1869,0.9500,0.00,0.00,0.00,0.00
1329.00,180.000,180.000,170.000,175.000,180.119,179.847,169.912,135.651,180.266,180.058,170.053,144.012,201.148,184.163,193.018,365.467,0.1758,0.0387,0.1872,0.9500,0.00,0.00,0.00,0.00
1330.00,180.000,180.000,170.000,175.000,180.120,179.848,169.913,135.707,180.269,180.061,170.055,144.059,201.175,184.190,193.093,365.505,0.1758,0.0388,0.1875,0.9500,0.00,0.00,0.00,0.00
1331.00,180.000,180.000,170.000,175.000,180.121,179.850,169.914,135.762,180.272,180.065,170.058,144.107,201.199,184.214,193.162,365.544,0.1759,0.0389,0.1877,0.9500,0.00,0.00,0.00,0.00
1332.00,180.000,180.000,170.000,175.000,180.122,179.851,169.915,135.818,180.275,180.068,170.060,144.154,201.222,183.599,193.224,365.582,0.1759,0.0000,0.1880,0.9500,0.00,0.00,0.00,0.00
1333.00,180.000,180.000,170.000,175.000,180.123,179.853,169.916,135.873,180.278,180.069,170.063,144.201,201.244,183.043,193.313,365.621,0.1759,0.0000,0.1883,0.9500,0.00,0.00,0.00,0.00
1334.00,180.000,180.000,170.000,175.000,180.124,179.854,169.917,135.929,180.281,180.070,170.066,144.249,201.265,182.539,193.394,365.659,0.1760,0.0000,0.1885,0.9500,0.00,0.00,0.00,0.00
1335.00,180.000,180.000,170.000,175.000,180.125,179.856,169.918,135.984,180.284,180.070,170.069,144.296,201.284,182.084,193.467,365.698,0.1760,0.0000,0.1887,0.9500,0.00,0.00,0.00,0.00
1336.00,180.000,180.000,170.000,175.000,180.126,179.857,169.919,136.039,180.288,180.069,170.073,144.343,201.303,181.671,193.535,365.736,0.1760,0.0000,0.1889,0.9500,0.00,0.00,0.00,0.00
1337.00,180.000,180.000,170.000,175.000,180.127,179.858,169.920,136.095,180.291,180.067,170.076,144.390,201.353,181.298,193.596,365.775,0.1760,0.0000,0.1892,0.9500,0.00,0.00,0.00,0.00
1338.00,180.000,180.000,170.000,175.000,180.128,179.860,169.921,136.150,180.295,180.064,170.079,144.437,201.399,180.960,193.651,365.813,0.1760,0.0000,0.1894,0.9500,0.00,0.00,0.00,0.00
1339.00,180.000,180.000,170.000,175.000,180.129,179.861,169.922,136.205,180.298,180.061,170.083,144.484,201.441,180.653,193.702,365.851,0.1760,0.0000,0.1895,0.9500,0.00,0.00,0.00,0.00
1340.00,180.000,180.000,170.000,175.000,180.130,179.862,169.923,136.260,180.302,180.058,170.087,144.531,201.481,180.376,193.749,365.890,0.1760,0.0002,0.1897,0.9500,0.00,0.00,0.00,0.00
1341.00,180.000,180.000,170.000,175.000,180.131,179.864,169.924,136.315,180.306,180.054,170.090,144.578,201.517,180.156,193.791,365.928,0.1760,0.0019,0.1899,0.9500,0.00,0.00,0.00,0.00
1342.00,180.000,180.000,170.000,175.000,180.133,179.865,169.925,136.370,180.310,180.050,170.094,144.625,201.552,179.973,193.847,365.966,0.1760,0.0036,0.1901,0.9500,0.00,0.00,0.00,0.00
1343.00,180.000,180.000,170.000,175.000,180.134,179.866,169.927,136.425,180.314,180.045,170.098,144.672,201.583,179.839,193.913,366.005,0.1760,0.0051,0.1902,0.9500,0.00,0.00,0.00,0.00
1344.00,180.000,180.000,170.000,175.000,180.135,179.867,169.928,136.480,180.318,180.040,170.102,144.719,201.581,179.732,193.974,366.043,0.1760,0.0066,0.1904,0.9500,0.00,0.00,0.00,0.00
1345.00,180.000,180.000,170.000,175.000,180.136,179.869,169.929,136.535,180.322,180.035,170.107,144.766,201.580,179.667,194.029,366.081,0.1760,0.0080,0.1905,0.9500,0.00,0.00,0.00,0.00
1346.00,180.000,180.000,170.000,175.000,180.137,179.870,169.930,136.589,180.326,180.030,170.111,144.813,201.580,179.640,194.079,366.119,0.1760,0.0093,0.1907,0.9500,0.00,0.00,0.00,0.00
1347.00,180.000,180.000,170.000,175.000,180.139,179.871,169.931,136.644,180.330,180.025,170.116,144.859,201.580,179.615,194.126,366.157,0.1759,0.0106,0.1908,0.9500,0.00,0.00,0.00,0.00
1348.00,180.000,180.000,170.000,175.000,180.140,179.872,169.933,136.699,180.334,180.020,170.120,144.906,201.582,179.623,194.168,366.195,0.1759,0.0118,0.1910,0.9500,0.00,0.00,0.00,0.00
1349.00,180.000,180.000,170.000,175.000,180.141,179.873,169.934,136.753,180.338,180.015,170.125,144.953,201.585,179.647,194.207,366.233,0.1759,0.0129,0.1911,0.9500,0.00,0.00,0.00,0.00
1350.00,180.000,180.000,170.000,175.000,180.143,179.874,169.935,136.808,180.343,180.011,170.129,144.999,201.588,179.683,194.243,366.271,0.1759,0.0139,0.1912,0.9500,0.00,0.00,0.00,0.00
1351.00,180.000,180.000,170.000,175.000,180.144,179.875,169.936,136.863,180.347,180.006,170.134,145.046,201.592,179.731,194.275,366.309,0.1758,0.0149,0.1913,0.9500,0.00,0.00,0.00,0.00
1352.00,180.000,180.000,170.000,175.000,180.145,179.875,169.938,136.917,180.351,180.001,170.139,145.093,201.596,179.791,194.306,366.347,0.1758,0.0159,0.1915,0.9500,0.00,0.00,0.00,0.00
1353.00,180.000,180.000,170.000,175.000,180.147,179.876,169.939,136.971,180.355,179.996,170.144,145.139,201.601,179.860,194.334,366.385,0.1758,0.0168,0.1916,0.9500,0.00,0.00,0.00,0.00
1354.00,180.000,180.000,170.000,175.000,180.148,179.877,169.940,137.026,180.360,179.992,170.149,145.186,201.606,179.938,194.359,366.423,0.1757,0.0176,0.1917,0.9500,0.00,0.00,0.00,0.00
1355.00,180.000,180.000,170.000,175.000,180.150,179.878,169.942,137.080,180.364,179.988,170.154,145.232,201.612,180.024,194.383,366.461,0.1757,0.0184,0.1918,0.9500,0.00,0.00,0.00,0.00
1356.00,180.000,180.000,170.000,175.000,180.151,179.879,169.943,137.134,180.368,179.984,170.159,145.279,201.027,180.117,194.405,366.499,0.1054,0.0192,0.1919,0.9500,0.00,0.00,0.00,0.00
1357.00,180.000,180.000,170.000,175.000,180.152,179.879,169.945,137.188,180.370,179.980,170.164,145.325,199.984,180.201,194.426,366.536,0.1086,0.0199,0.1920,0.9500,0.00,0.00,0.00,0.00
1358.00,180.000,180.000,170.000,175.000,180.154,179.880,169.946,137.243,180.370,179.976,170.169,145.371,199.105,180.293,194.462,366.574,0.1116,0.0206,0.1921,0.9500,0.00,0.00,0.00,0.00
1359.00,180.000,180.000,170.000,175.000,180.155,179.881,169.948,137.297,180.369,179.973,170.174,145.418,198.343,180.391,194.510,366.612,0.1144,0.0212,0.1922,0.9500,0.00,0.00,0.00,0.00
1360.00,180.000,180.000,170.000,175.000,180.157,179.881,169.949,137.351,180.367,179.969,170.179,145.464,197.700,180.480,194.555,366.650,0.1171,0.0219,0.1923,0.9500,0.00,0.00,0.00,0.00
1361.00,180.000,180.000,170.000,175.000,180.158,179.882,169.951,137.405,180.364,179.966,170.184,145.510,197.168,180.576,193.987,366.687,0.1196,0.0224,0.1211,0.9500,0.00,0.00,0.00,0.00
1362.00,180.000,180.000,170.000,175.000,180.159,179.882,169.952,137.459,180.359,179.963,170.187,145.557,196.718,180.679,192.944,366.725,0.1219,0.0230,0.1240,0.9500,0.00,0.00,0.00,0.00
1363.00,180.000,180.000,170.000,175.000,180.161,179.883,169.954,137.513,180.354,179.960,170.188,145.603,196.359,180.771,192.048,366.763,0.1241,0.0235,0.1267,0.9500,0.00,0.00,0.00,0.00
1364.00,180.000,180.000,170.000,175.000,180.162,179.883,169.955,137.566,180.349,179.958,170.188,145.649,196.066,180.854,191.285,366.800,0.1261,0.0240,0.1293,0.9500,0.00,0.00,0.00,0.00
1365.00,180.000,180.000,170.000,175.000,180.163,179.884,169.957,137.620,180.343,179.955,170.186,145.695,195.833,180.961,190.628,366.838,0.1280,0.0245,0.1318,0.9500,0.00,0.00,0.00,0.00
1366.00,180.000,180.000,170.000,175.000,180.164,179.884,169.958,137.674,180.337,179.953,170.184,145.741,195.654,181.057,190.064,366.875,0.1298,0.0249,0.1341,0.9500,0.00,0.00,0.00,0.00
1367.00,180.000,180.000,170.000,175.000,180.166,179.885,169.960,137.728,180.330,179.951,170.180,145.787,195.509,181.144,189.602,366.913,0.1315,0.0253,0.1364,0.9500,0.00,0.00,0.00,0.00
1368.00,180.000,180.000,170.000,175.000,180.167,179.885,169.961,137.781,180.324,179.949,170.176,145.833,195.410,181.223,189.215,366.950,0.1330,0.0257,0.1385,0.9500,0.00,0.00,0.00,0.00
1369.00,180.000,180.000,170.000,175.000,180.168,179.886,169.963,137.835,180.317,179.947,170.171,145.879,195.335,181.294,188.897,366.988,0.1345,0.0261,0.1405,0.9500,0.00,0.00,0.00,0.00
1370.00,180.000,180.000,170.000,175.000,180.169,179.886,169.964,137.888,180.310,179.945,170.165,145.925,195.300,181.389,188.641,367.025,0.1358,0.0264,0.1424,0.9500,0.00,0.00,0.00,0.00
1371.00,180.000,180.000,170.000,175.000,180.170,179.886,169.965,137.942,180.304,179.944,170.159,145.971,195.284,181.476,188.441,367.062,0.1371,0.0268,0.1442,0.9500,0.00,0.00,0.00,0.00
1372.00,180.000,180.000,170.000,175.000,180.171,179.887,169.967,137.995,180.297,179.943,170.153,146.017,195.286,181.554,188.292,367.100,0.1383,0.0271,0.1459,0.9500,0.00,0.00,0.00,0.00
1373.00,180.000,180.000,170.000,175.000,180.171,179.887,169.968,138.049,180.290,179.941,170.147,146.063,195.319,181.624,188.188,367.137,0.1394,0.0274,0.1476,0.9500,0.00,0.00,0.00,0.00
1374.00,180.000,180.000,170.000,175.000,180.172,179.887,169.969,138.102,180.284,179.940,170.140,146.108,195.366,181.688,188.110,367.174,0.1405,0.0277,0.1491,0.9500,0.00,0.00,0.00,0.00
1375.00,180.000,180.000,170.000,175.000,180.173,179.888,169.970,138.155,180.277,179.939,170.134,146.154,195.424,181.745,188.055,367.212,0.1414,0.0279,0.1506,0.9500,0.00,0.00,0.00,0.00
1376.00,180.000,180.000,170.000,175.000,180.174,179.888,169.971,138.208,180.271,179.939,170.127,146.200,195.476,181.813,188.037,367.249,0.1424,0.0282,0.1520,0.9500,0.00,0.00,0.00,0.00
1377.00,180.000,180.000,170.000,175.000,180.174,179.889,169.972,138.262,180.265,179.938,170.121,146.245,195.555,181.890,188.052,367.286,0.1432,0.0284,0.1533,0.9500,0.00,0.00,0.00,0.00
1378.00,180.000,180.000,170.000,175.000,180.175,179.889,169.973,138.315,180.259,179.937,170.114,146.291,195.627,181.959,188.081,367.323,0.1440,0.0287,0.1546,0.9500,0.00,0.00,0.00,0.00
1379.00,180.000,180.000,170.000,175.000,180.175,179.889,169.974,138.368,180.254,179.937,170.108,146.336,195.725,182.022,188.123,367.360,0.1447,0.0289,0.1558,0.9500,0.00,0.00,0.00,0.00
1380.00,180.000,180.000,170.000,175.000,180.176,179.889,169.975,138.421,180.248,179.937,170.102,146.382,195.813,182.079,188.177,367.397,0.1454,0.0291,0.1570,0.9500,0.00,0.00,0.00,0.00
1381.00,180.000,180.000,170.000,175.000,180.176,179.890,169.976,138.474,180.243,179.937,170.095,146.427,195.893,182.130,188.241,367.434,0.1460,0.0293,0.1580,0.9500,0.00,0.00,0.00,0.00
1382.00,180.000,180.000,170.000,175.000,180.177,179.890,169.977,138.527,180.238,179.936,170.089,146.473,195.997,182.176,188.331,367.471,0.1466,0.0295,0.1591,0.9500,0.00,0.00,0.00,0.00
1383.00,180.000,180.000,170.000,175.000,180.177,179.890,169.978,138.580,180.233,179.936,170.084,146.518,196.092,182.218,188.412,367.508,0.1472,0.0296,0.1600,0.9500,0.00,0.00,0.00,0.00
1384.00,180.000,180.000,170.000,175.000,180.178,179.891,169.978,138.632,180.229,179.936,170.078,146.563,196.178,182.255,188.516,367.545,0.1477,0.0298,0.1610,0.9500,0.00,0.00,0.00,0.00
1385.00,180.000,180.000,170.000,175.000,180.178,179.891,169.979,138.685,180.224,179.937,170.073,146.608,196.256,182.289,188.611,367.582,0.1482,0.0299,0.1619,0.9500,0.00,0.00,0.00,0.00
1386.00,180.000,180.000,170.000,175.000,180.178,179.891,169.979,138.738,180.220,179.937,170.068,146.654,196.358,182.336,188.712,367.619,0.1486,0.0301,0.1627,0.9500,0.00,0.00,0.00,0.00
1387.00,180.000,180.000,170.000,175.000,180.178,179.892,169.980,138.791,180.216,179.937,170.063,146.699,196.452,182.394,188.820,367.656,0.1490,0.0302,0.1635,0.9500,0.00,0.00,0.00,0.00
1388.00,180.000,180.000,170.000,175.000,180.179,179.892,169.981,138.843,180.213,179.937,170.058,146.744,196.536,182.447,188.917,367.693,0.1494,0.0304,0.1642,0.9500,0.00,0.00,0.00,0.00
1389.00,180.000,180.000,170.000,175.000,180.179,179.892,169.981,138.896,180.209,179.938,170.053,146.789,196.613,182.494,189.036,367.730,0.1497,0.0305,0.1650,0.9500,0.00,0.00,0.00,0.00
1390.00,180.000,180.000,170.000,175.000,180.179,179.893,169.982,138.948,180.206,179.938,170.049,146.834,196.683,182.537,189.144,367.766,0.1500,0.0306,0.1656,0.9500,0.00,0.00,0.00,0.00
1391.00,180.000,180.000,170.000,175.000,180.179,179.893,169.982,139.001,180.203,179.939,170.045,146.879,196.779,182.575,189.258,367.803,0.1503,0.0307,0.1663,0.9500,0.00,0.00,0.00,0.00
1392.00,180.000,180.000,170.000,175.000,180.179,179.893,169.982,139.053,180.200,179.940,170.041,146.924,196.866,182.610,189.376,367.840,0.1506,0.0308,0.1669,0.9500,0.00,0.00,0.00,0.00
1393.00,180.000,180.000,170.000,175.000,180.180,179.893,169.983,139.105,180.197,179.940,170.038,146.968,196.945,182.642,189.483,367.876,0.1508,0.0309,0.1675,0.9500,0.00,0.00,0.00,0.00
1394.00,180.000,180.000,170.000,175.000,180.180,179.894,169.983,139.158,180.194,179.941,170.034,147.013,197.016,182.671,189.580,367.913,0.1510,0.0310,0.1680,0.9500,0.00,0.00,0.00,0.00
1395.00,180.000,180.000,170.000,175.000,180.180,179.894,169.984,139.210,180.192,179.942,170.031,147.058,197.082,182.696,189.699,367.950,0.1512,0.0311,0.1686,0.9500,0.00,0.00,0.00,0.00
1396.00,180.000,180.000,170.000,175.000,180.180,179.894,169.984,139.262,180.190,179.943,170.028,147.103,197.141,182.720,189.807,367.986,0.1514,0.0312,0.1691,0.9500,0.00,0.00,0.00,0.00
1397.00,180.000,180.000,170.000,175.000,180.180,179.895,169.984,139.314,180.188,179.944,170.026,147.147,197.195,182.741,189.904,368.023,0.1516,0.0313,0.1695,0.9500,0.00,0.00,0.00,0.00
1398.00,180.000,180.000,170.000,175.000,180.180,179.895,169.984,139.367,180.186,179.945,170.023,147.192,197.245,182.760,189.993,368.059,0.1517,0.0313,0.1700,0.9500,0.00,0.00,0.00,0.00
1399.00,180.000,180.000,170.000,175.000,180.180,179.895,169.985,139.419,180.184,179.946,170.021,147.237,197.290,182.777,190.104,368.096,0.1519,0.0314,0.1704,0.9500,0.00,0.00,0.00,0.00
1400.00,180.000,180.000,170.000,175.000,180.180,179.896,169.985,139.471,180.182,179.947,170.019,147.281,197.332,182.793,190.206,368.132,0.1520,0.0315,0.1708,0.9500,0.00,0.00,0.00,0.00
1401.00,180.000,180.000,170.000,175.000,180.180,179.896,169.985,139.523,180.180,179.948,170.017,147.326,197.402,182.807,190.297,368.168,0.1521,0.0315,0.1712,0.9500,0.00,0.00,0.00,0.00
1402.00,180.000,180.000,170.000,175.000,180.180,179.896,169.985,139.575,180.179,179.949,170.015,147.370,197.465,182.820,190.380,368.205,0.1522,0.0316,0.1716,0.9500,0.00,0.00,0.00,0.00
1403.00,180.000,180.000,170.000,175.000,180.180,179.897,169.986,139.626,180.178,179.950,170.013,147.414,197.524,182.831,190.455,368.241,0.1523,0.0317,0.1719,0.9500,0.00,0.00,0.00,0.00
1404.00,180.000,180.000,170.000,175.000,180.180,179.897,169.986,139.678,180.177,179.951,170.012,147.459,197.577,182.842,190.539,368.277,0.1524,0.0317,0.1723,0.9500,0.00,0.00,0.00,0.00
1405.00,180.000,180.000,170.000,175.000,180.180,179.897,169.986,139.730,180.176,179.952,170.011,147.503,197.625,182.851,190.631,368.313,0.1524,0.0318,0.1726,0.9500,0.00,0.00,0.00,0.00
1406.00,180.000,180.000,170.000,175.000,180.180,179.898,169.986,139.782,180.175,179.953,170.010,147.547,197.670,182.860,190.714,368.350,0.1525,0.0318,0.1729,0.9500,0.00,0.00,0.00,0.00
1407.00,180.000,180.000,170.000,175.000,180.180,179.898,169.986,139.833,180.174,179.955,170.009,147.592,197.711,182.868,190.790,368.386,0.1525,0.0319,0.1732,0.9500,0.00,0.00,0.00,0.00
1408.00,180.000,180.000,170.000,175.000,180.180,179.899,169.986,139.885,180.173,179.956,170.008,147.636,197.748,182.875,190.858,368.422,0.1525,0.0319,0.1734,0.9500,0.00,0.00,0.00,0.00
1409.00,180.000,180.000,170.000,175.000,180.180,179.899,169.986,139.937,180.173,179.957,170.007,147.680,197.783,182.881,190.920,368.458,0.1526,0.0319,0.1737,0.9500,0.00,0.00,0.00,0.00
1410.00,180.000,180.000,170.000,175.000,180.180,179.899,169.987,139.988,180.172,179.958,170.007,147.724,197.814,182.887,190.976,368.494,0.1526,0.0320,0.1739,0.9500,0.00,0.00,0.00,0.00
1411.00,180.000,180.000,170.000,175.000,180.180,179.900,169.987,140.040,180.172,179.959,170.006,147.768,197.843,182.908,191.043,368.530,0.1526,0.0320,0.1742,0.9500,0.00,0.00,0.00,0.00
1412.00,180.000,180.000,170.000,175.000,180.180,179.900,169.987,140.091,180.171,179.961,170.006,147.812,197.870,182.943,191.120,368.566,0.1526,0.0321,0.1744,0.9500,0.00,0.00,0.00,0.00
1413.00,180.000,180.000,170.000,175.000,180.180,179.901,169.987,140.142,180.171,179.962,170.006,147.856,197.896,182.975,191.189,368.602,0.1526,0.0321,0.1746,0.9500,0.00,0.00,0.00,0.00
1414.00,180.000,180.000,170.000,175.000,180.180,179.901,169.987,140.194,180.171,179.963,170.006,147.900,197.919,183.004,191.252,368.638,0.1526,0.0321,0.1748,0.9500,0.00,0.00,0.00,0.00
1415.00,180.000,180.000,170.000,175.000,180.179,179.901,169.987,140.245,180.171,179.965,170.006,147.944,197.940,183.030,191.309,368.674,0.1525,0.0322,0.1750,0.9500,0.00,0.00,0.00,0.00
1416.00,180.000,180.000,170.000,175.000,180.179,179.902,169.987,140.296,180.171,179.966,170.007,147.988,197.960,183.054,191.361,368.710,0.1525,0.0322,0.1752,0.9500,0.00,0.00,0.00,0.00
1417.00,180.000,180.000,170.000,175.000,180.179,179.902,169.988,140.347,180.171,179.968,170.007,148.032,197.979,183.075,191.409,368.746,0.1525,0.0322,0.1753,0.9500,0.00,0.00,0.00,0.00
1418.00,180.000,180.000,170.000,175.000,180.179,179.903,169.988,140.399,180.171,179.969,170.007,148.075,197.997,183.094,191.451,368.781,0.1525,0.0322,0.1755,0.9500,0.00,0.00,0.00,0.00
1419.00,180.000,180.000,170.000,175.000,180.179,179.903,169.988,140.450,180.171,179.971,170.008,148.119,198.013,183.112,191.490,368.817,0.1524,0.0323,0.1756,0.9500,0.00,0.00,0.00,0.00
1420.00,180.000,180.000,170.000,175.000,180.179,179.904,169.988,140.501,180.172,179.972,170.009,148.163,198.029,183.128,191.526,368.853,0.1524,0.0323,0.1758,0.9500,0.00,0.00,0.00,0.00
1421.00,180.000,180.000,170.000,175.000,180.179,179.904,169.988,140.552,180.172,179.974,170.009,148.206,198.044,183.143,191.558,368.889,0.1523,0.0323,0.1759,0.9500,0.00,0.00,0.00,0.00
1422.00,180.000,180.000,170.000,175.000,180.179,179.904,169.988,140.603,180.172,179.975,170.010,148.250,198.058,183.156,191.588,368.924,0.1523,0.0323,0.1761,0.9500,0.00,0.00,0.00,0.00
1423.00,180.000,180.000,170.000,175.000,180.179,179.905,169.988,140.653,180.173,179.977,170.011,148.294,198.071,183.168,191.647,368.960,0.1522,0.0323,0.1762,0.9500,0.00,0.00,0.00,0.00
1424.00,180.000,180.000,170.000,175.000,180.179,179.905,169.988,140.704,180.173,179.979,170.012,148.337,198.084,183.179,191.700,368.996,0.1522,0.0324,0.1763,0.9500,0.00,0.00,0.00,0.00
1425.00,180.000,180.000,170.000,175.000,180.179,179.906,169.989,140.755,180.174,179.980,170.013,148.381,198.096,183.189,191.749,369.031,0.1521,0.0324,0.1764,0.9500,0.00,0.00,0.00,0.00
1426.00,180.000,180.000,170.000,175.000,180.179,179.906,169.989,140.806,180.175,179.982,170.014,148.424,198.107,183.198,191.793,369.067,0.1521,0.0324,0.1765,0.9500,0.00,0.00,0.00,0.00
1427.00,180.000,180.000,170.000,175.000,180.179,179.907,169.989,140.857,180.175,179.984,170.015,148.468,198.118,183.206,191.833,369.102,0.1520,0.0324,0.1766,0.9500,0.00,0.00,0.00,0.00
1428.00,180.000,180.000,170.000,175.000,180.179,179.907,169.989,140.907,180.176,179.985,170.017,148.511,198.097,183.213,191.870,369.138,0.1519,0.0324,0.1767,0.9500,0.00,0.00,0.00,0.00
1429.00,180.000,180.000,170.000,175.000,180.179,179.908,169.989,140.958,180.177,179.987,170.018,148.555,198.078,183.220,191.904,369.173,0.1519,0.0324,0.1768,0.9500,0.00,0.00,0.00,0.00
1430.00,180.000,180.000,170.000,175.000,180.179,179.909,169.990,141.008,180.177,179.989,170.020,148.598,198.062,183.226,191.934,369.209,0.1518,0.0324,0.1769,0.9500,0.00,0.00,0.00,0.00
1431.00,180.000,180.000,170.000,175.000,180.179,179.909,169.990,141.059,180.178,179.991,170.021,148.641,198.048,183.232,191.962,369.244,0.1517,0.0325,0.1770,0.9500,0.00,0.00,0.00,0.00
1432.00,180.000,180.000,170.000,175.000,180.179,179.910,169.990,141.109,180.179,179.992,170.023,148.684,198.036,183.238,191.988,369.279,0.1516,0.0325,0.1770,0.9500,0.00,0.00,0.00,0.00
1433.00,180.000,180.000,170.000,175.000,180.179,179.910,169.990,141.160,180.179,179.994,170.025,148.728,198.025,183.242,192.011,369.315,0.1516,0.0325,0.1771,0.9500,0.00,0.00,0.00,0.00
1434.00,180.000,180.000,170.000,175.000,180.179,179.911,169.990,141.210,180.180,179.996,170.026,148.771,198.016,183.247,192.033,369.350,0.1515,0.0325,0.1772,0.9500,0.00,0.00,0.00,0.00
1435.00,180.000,180.000,170.000,175.000,180.179,179.911,169.991,141.260,180.181,179.997,170.028,148.814,198.009,183.251,192.053,369.385,0.1514,0.0325,0.1773,0.9500,0.00,0.00,0.00,0.00
1436.00,180.000,180.000,170.000,175.000,180.179,179.912,169.991,141.311,180.182,179.999,170.030,148.857,198.003,183.255,192.071,369.421,0.1513,0.0325,0.1773,0.9500,0.00,0.00,0.00,0.00
1437.00,180.000,180.000,170.000,175.000,180.179,179.912,169.991,141.361,180.182,180.001,170.032,148.900,197.999,183.258,192.088,369.456,0.1512,0.0325,0.1774,0.9500,0.00,0.00,0.00,0.00
1438.00,180.000,180.000,170.000,175.000,180.179,179.913,169.991,141.411,180.183,180.003,170.034,148.943,197.995,183.261,192.103,369.491,0.1512,0.0325,0.1774,0.9500,0.00,0.00,0.00,0.00
1439.00,180.000,180.000,170.000,175.000,180.179,179.914,169.992,141.461,180.184,180.004,170.036,148.986,197.992,183.264,192.117,369.526,0.1511,0.0325,0.1775,0.9500,0.00,0.00,0.00,0.00
1440.00,180.000,180.000,170.000,175.000,180.179,179.914,169.992,141.511,180.185,180.006,170.038,149.029,197.991,183.267,192.130,369.561,0.1510,0.0325,0.1775,0.9500,0.00,0.00,0.00,0.00
1441.00,180.000,180.000,170.000,175.000,180.179,179.915,169.992,141.561,180.186,180.008,170.040,149.072,197.990,183.270,192.143,369.596,0.1509,0.0326,0.1776,0.9500,0.00,0.00,0.00,0.00
1442.00,180.000,180.000,170.000,175.000,180.179,179.915,169.993,141.611,180.187,180.010,170.042,149.115,197.990,183.272,192.154,369.631,0.1508,0.0326,0.1776,0.9500,0.00,0.00,0.00,0.00
1443.00,180.000,180.000,170.000,175.000,180.179,179.916,169.993,141.661,180.188,180.011,170.044,149.158,197.990,183.274,192.165,369.666,0.1507,0.0326,0.1777,0.9500,0.00,0.00,0.00,0.00
1444.00,180.000,180.000,170.000,175.000,180.179,179.917,169.993,141.711,180.189,180.013,170.046,149.201,197.991,183.276,192.175,369.701,0.1506,0.0326,0.1777,0.9500,0.00,0.00,0.00,0.00
1445.00,180.000,180.000,170.000,175.000,180.179,179.917,169.994,141.761,180.190,180.015,170.048,149.244,197.993,183.278,192.184,369.736,0.1505,0.0326,0.1778,0.9500,0.00,0.00,0.00,0.00
1446.00,180.000,180.000,170.000,175.000,180.179,179.918,169.994,141.811,180.191,180.017,170.050,149.287,197.995,183.280,192.193,369.771,0.1504,0.0326,0.1778,0.9500,0.00,0.00,0.00,0.00
1447.00,180.000,180.000,170.000,175.000,180.179,179.919,169.994,141.860,180.192,180.018,170.052,149.329,197.997,183.282,192.201,369.806,0.1503,0.0326,0.1778,0.9500,0.00,0.00,0.00,0.00
1448.00,180.000,180.000,170.000,175.000,180.179,179.919,169.995,141.910,180.193,180.020,170.054,149.372,198.000,183.284,192.209,369.841,0.1502,0.0326,0.1779,0.9500,0.00,0.00,0.00,0.00
1449.00,180.000,180.000,170.000,175.000,180.180,179.920,169.995,141.960,180.194,180.022,170.056,149.415,198.004,183.285,192.216,369.876,0.1501,0.0326,0.1779,0.9500,0.00,0.00,0.00,0.00
1450.00,180.000,180.000,170.000,175.000,180.180,179.921,169.996,142.009,180.195,180.023,170.059,149.457,198.008,183.287,192.223,369.911,0.1501,0.0326,0.1779,0.9500,0.00,0.00,0.00,0.00
1451.00,180.000,180.000,170.000,175.000,180.180,179.921,169.996,142.059,180.197,180.025,170.061,149.500,197.995,183.288,192.230,369.946,0.1500,0.0326,0.1780,0.9500,0.00,0.00,0.00,0.00
1452.00,180.000,180.000,170.000,175.000,180.180,179.922,169.996,142.108,180.198,180.027,170.063,149.543,197.969,183.289,192.236,369.981,0.1499,0.0326,0.1780,0.9500,0.00,0.00,0.00,0.00
1453.00,180.000,180.000,170.000,175.000,180.180,179.923,169.997,142.158,180.199,180.028,170.065,149.585,197.946,183.291,192.274,370.015,0.1498,0.0326,0.1780,0.9500,0.00,0.00,0.00,0.00
1454.00,180.000,180.000,170.000,175.000,180.180,179.923,169.997,142.207,180.200,180.030,170.068,149.628,197.926,183.292,192.309,370.050,0.1497,0.0326,0.1781,0.9500,0.00,0.00,0.00,0.00
1455.00,180.000,180.000,170.000,175.000,180.180,179.924,169.998,142.257,180.201,180.032,170.070,149.670,197.908,183.293,192.341,370.085,0.1496,0.0326,0.1781,0.9500,0.00,0.00,0.00,0.00
1456.00,180.000,180.000,170.000,175.000,180.180,179.925,169.998,142.306,180.203,180.034,170.073,149.713,197.893,183.294,192.370,370.119,0.1495,0.0326,0.1781,0.9500,0.00,0.00,0.00,0.00
1457.00,180.000,180.000,170.000,175.000,180.181,179.926,169.999,142.355,180.204,180.035,170.075,149.755,197.880,183.295,192.397,370.154,0.1494,0.0326,0.1781,0.9500,0.00,0.00,0.00,0.00
1458.00,180.000,180.000,170.000,175.000,180.181,179.926,169.999,142.405,180.205,180.037,170.078,149.797,197.869,183.297,192.421,370.189,0.1493,0.0326,0.1781,0.9500,0.00,0.00,0.00,0.00
1459.00,180.000,180.000,170.000,175.000,180.181,179.927,170.000,142.454,180.206,180.039,170.081,149.840,197.859,183.298,192.444,370.223,0.1492,0.0326,0.1782,0.9500,0.00,0.00,0.00,0.00
1460.00,180.000,180.000,170.000,175.000,180.181,179.928,170.000,142.503,180.207,180.040,170.083,149.882,197.851,183.299,192.465,370.258,0.1491,0.0326,0.1782,0.9500,0.00,0.00,0.00,0.00
1461.00,180.000,180.000,170.000,175.000,180.181,179.929,170.001,142.552,180.209,180.042,170.086,149.924,197.845,183.300,192.484,370.292,0.1490,0.0326,0.1782,0.9500,0.00,0.00,0.00,0.00
1462.00,180.000,180.000,170.000,175.000,180.181,179.929,170.002,142.601,180.210,180.044,170.089,149.966,197.839,183.301,192.502,370.327,0.1489,0.0326,0.1782,0.9500,0.00,0.00,0.00,0.00
1463.00,180.000,180.000,170.000,175.000,180.182,179.930,170.002,142.650,180.211,180.045,170.092,150.009,197.835,183.302,192.518,370.361,0.1488,0.0326,0.1782,0.9500,0.00,0.00,0.00,0.00
1464.00,180.000,180.000,170.000,175.000,180.182,179.931,170.003,142.699,180.213,180.047,170.095,150.051,197.832,183.303,192.533,370.396,0.1487,0.0326,0.1782,0.9500,0.00,0.00,0.00,0.00
1465.00,180.000,180.000,170.000,175.000,180.182,179.932,170.003,142.748,180.214,180.048,170.098,150.093,197.830,183.303,192.547,370.430,0.1486,0.0326,0.1783,0.9500,0.00,0.00,0.00,0.00
1466.00,180.000,180.000,170.000,175.000,180.182,179.932,170.004,142.797,180.215,180.050,170.101,150.135,197.829,183.304,192.561,370.465,0.1485,0.0326,0.1783,0.9500,0.00,0.00,0.00,0.00
1467.00,180.000,180.000,170.000,175.000,180.182,179.933,170.005,142.846,180.217,180.052,170.104,150.177,197.829,183.305,192.573,370.499,0.1484,0.0327,0.1783,0.9500,0.00,0.00,0.00,0.00
1468.00,180.000,180.000,170.000,175.000,180.183,179.934,170.005,142.894,180.218,180.053,170.107,150.219,197.829,183.306,192.584,370.533,0.1482,0.0327,0.1783,0.9500,0.00,0.00,0.00,0.00
1469.00,180.000,180.000,170.000,175.000,180.183,179.935,170.006,142.943,180.220,180.055,170.110,150.261,197.830,183.307,192.595,370.568,0.1481,0.0327,0.1783,0.9500,0.00,0.00,0.00,0.00
1470.00,180.000,180.000,170.000,175.000,180.183,179.936,170.007,142.992,180.221,180.057,170.113,150.303,197.831,183.308,192.605,370.602,0.1480,0.0327,0.1783,0.9500,0.00,0.00,0.00,0.00
1471.00,180.000,180.000,170.000,175.000,180.183,179.936,170.007,143.040,180.223,180.058,170.116,150.345,197.817,183.309,192.615,370.636,0.1479,0.0327,0.1783,0.9500,0.00,0.00,0.00,0.00
1472.00,180.000,180.000,170.000,175.000,180.184,179.937,170.008,143.089,180.224,180.060,170.119,150.387,197.789,183.310,192.624,370.671,0.1478,0.0327,0.1783,0.9500,0.00,0.00,0.00,0.00
1473.00,180.000,180.000,170.000,175.000,180.184,179.938,170.009,143.138,180.226,180.061,170.122,150.429,197.764,183.310,192.633,370.705,0.1477,0.0327,0.1783,0.9500,0.00,0.00,0.00,0.00
1474.00,180.000,180.000,170.000,175.000,180.184,179.939,170.010,143.186,180.227,180.063,170.125,150.471,197.743,183.311,192.641,370.739,0.1476,0.0327,0.1784,0.9500,0.00,0.00,0.00,0.00
1475.00,180.000,180.000,170.000,175.000,180.185,179.940,170.010,143.235,180.228,180.065,170.128,150.513,197.724,183.312,192.648,370.773,0.1475,0.0327,0.1784,0.9500,0.00,0.00,0.00,0.00
1476.00,180.000,180.000,170.000,175.000,180.185,179.941,170.011,143.283,180.230,180.066,170.131,150.554,197.708,183.313,192.656,370.807,0.1474,0.0327,0.1784,0.9500,0.00,0.00,0.00,0.00
1477.00,180.000,180.000,170.000,175.000,180.185,179.941,170.012,143.331,180.231,180.068,170.135,150.596,197.693,183.314,192.663,370.841,0.1473,0.0327,0.1784,0.9500,0.00,0.00,0.00,0.00
1478.00,180.000,180.000,170.000,175.000,180.185,179.942,170.013,143.380,180.233,180.069,170.138,150.638,197.681,183.315,192.670,370.875,0.1472,0.0327,0.1784,0.9500,0.00,0.00,0.00,0.00
1479.00,180.000,180.000,170.000,175.000,180.186,179.943,170.014,143.428,180.234,180.071,170.141,150.680,197.671,183.315,192.676,370.909,0.1471,0.0327,0.1784,0.9500,0.00,0.00,0.00,0.00
1480.00,180.000,180.000,170.000,175.000,180.186,179.944,170.014,143.476,180.236,180.073,170.144,150.721,197.662,183.316,192.683,370.943,0.1470,0.0327,0.1784,0.9500,0.00,0.00,0.00,0.00
1481.00,180.000,180.000,170.000,175.000,180.186,179.945,170.015,143.525,180.237,180.074,170.148,150.763,197.655,183.317,192.689,370.977,0.1469,0.0327,0.1784,0.9500,0.00,0.00,0.00,0.00
1482.00,180.000,180.000,170.000,175.000,180.187,179.946,170.016,143.573,180.239,180.076,170.151,150.804,197.649,183.318,192.695,371.011,0.1468,0.0327,0.1784,0.9500,0.00,0.00,0.00,0.00
1483.00,180.000,180.000,170.000,175.000,180.187,179.946,170.017,143.621,180.240,180.077,170.154,150.846,197.644,183.319,192.700,371.045,0.1467,0.0327,0.1784,0.9500,0.00,0.00,0.00,0.00
1484.00,180.000,180.000,170.000,175.000,180.187,179.947,170.018,143.669,180.242,180.079,170.157,150.888,197.641,183.319,192.706,371.079,0.1466,0.0327,0.1784,0.9500,0.00,0.00,0.00,0.00
1485.00,180.000,180.000,170.000,175.000,180.188,179.948,170.019,143.717,180.244,180.080,170.161,150.929,197.638,183.320,192.712,371.113,0.1465,0.0327,0.1784,0.9500,0.00,0.00,0.00,0.00
1486.00,180.000,180.000,170.000,175.000,180.188,179.949,170.020,143.765,180.245,180.082,170.164,150.970,197.637,183.321,192.717,371.147,0.1464,0.0327,0.1784,0.9500,0.00,0.00,0.00,0.00
1487.00,180.000,180.000,170.000,175.000,180.189,179.950,170.021,143.813,180.247,180.084,170.167,151.012,197.636,183.322,192.722,371.181,0.1463,0.0000,0.1784,0.9500,0.00,0.00,0.00,0.00
1488.00,180.000,180.000,170.000,175.000,180.189,179.951,170.022,143.861,180.248,180.084,170.171,151.053,197.636,182.781,192.727,371.215,0.1462,0.0000,0.1784,0.9500,0.00,0.00,0.00,0.00
1489.00,180.000,180.000,170.000,175.000,180.189,179.952,170.023,143.909,180.250,180.084,170.174,151.095,197.637,182.292,192.732,371.249,0.1461,0.0000,0.1784,0.9500,0.00,0.00,0.00,0.00
1490.00,180.000,180.000,170.000,175.000,180.190,179.953,170.024,143.956,180.252,180.083,170.177,151.136,197.621,181.848,192.737,371.282,0.1460,0.0000,0.1785,0.9500,0.00,0.00,0.00,0.00
1491.00,180.000,180.000,170.000,175.000,180.190,179.954,170.025,144.004,180.254,180.081,170.181,151.177,197.593,181.447,192.742,371.316,0.1458,0.0000,0.1785,0.9500,0.00,0.00,0.00,0.00
1492.00,180.000,180.000,170.000,175.000,180.191,179.954,170.026,144.052,180.255,180.079,170.184,151.219,197.567,181.084,192.747,371.350,0.1457,0.0000,0.1785,0.9500,0.00,0.00,0.00,0.00
1493.00,180.000,180.000,170.000,175.000,180.191,179.955,170.027,144.100,180.257,180.076,170.188,151.260,197.545,180.755,192.752,371.383,0.1456,0.0000,0.1785,0.9500,0.00,0.00,0.00,0.00
1494.00,180.000,180.000,170.000,175.000,180.191,179.956,170.028,144.147,180.258,180.072,170.191,151.301,197.526,180.457,192.757,371.417,0.1455,0.0000,0.1785,0.9500,0.00,0.00,0.00,0.00
1495.00,180.000,180.000,170.000,175.000,180.192,179.957,170.029,144.195,180.260,180.068,170.195,151.342,197.509,180.187,192.761,371.451,0.1454,0.0000,0.1785,0.9500,0.00,0.00,0.00,0.00
1496.00,180.000,180.000,170.000,175.000,180.192,179.957,170.030,144.242,180.262,180.063,170.198,151.383,197.494,179.942,192.766,371.484,0.1453,0.0000,0.1785,0.9500,0.00,0.00,0.00,0.00
1497.00,180.000,180.000,170.000,175.000,180.193,179.958,170.031,144.290,180.263,180.058,170.202,151.424,197.481,179.720,192.770,371.518,0.1452,0.0000,0.1785,0.9500,0.00,0.00,0.00,0.00
1498.00,180.000,180.000,170.000,175.000,180.193,179.959,170.033,144.337,180.265,180.053,170.205,151.465,197.471,179.518,192.775,371.551,0.1451,0.0000,0.1785,0.9500,0.00,0.00,0.00,0.00
1499.00,180.000,180.000,170.000,175.000,180.194,179.959,170.034,144.385,180.267,180.047,170.208,151.507,197.462,179.335,192.779,371.585,0.1450,0.0000,0.1785,0.9500,0.00,0.00,0.00,0.00
1500.00,180.000,180.000,170.000,175.000,180.194,179.960,170.035,144.432,180.268,180.041,170.212,151.548,197.454,179.169,192.784,371.618,0.1449,0.0001,0.1785,0.9500,0.00,0.00,0.00,0.00
1501.00,180.000,180.000,170.000,175.000,180.195,179.961,170.036,144.480,180.270,180.034,170.216,151.589,197.448,179.050,192.788,371.652,0.1448,0.0015,0.1785,0.9500,0.00,0.00,0.00,0.00
1502.00,180.000,180.000,170.000,175.000,180.195,179.961,170.037,144.527,180.272,180.028,170.219,151.629,197.443,178.958,192.792,371.685,0.1447,0.0028,0.1785,0.9500,0.00,0.00,0.00,0.00
1503.00,180.000,180.000,170.000,175.000,180.196,179.961,170.038,144.574,180.273,180.021,170.223,151.670,197.439,178.890,192.797,371.719,0.1446,0.0040,0.1785,0.9500,0.00,0.00,0.00,0.00
1504.00,180.000,180.000,170.000,175.000,180.196,179.962,170.040,144.621,180.275,180.014,170.226,151.711,197.436,178.843,192.801,371.752,0.1445,0.0051,0.1785,0.9500,0.00,0.00,0.00,0.00
1505.00,180.000,180.000,170.000,175.000,180.197,179.962,170.041,144.669,180.277,180.007,170.230,151.752,197.434,178.817,192.805,371.786,0.1444,0.0062,0.1785,0.9500,0.00,0.00,0.00,0.00
1506.00,180.000,180.000,170.000,175.000,180.197,179.962,170.042,144.716,180.279,180.001,170.233,151.793,197.433,178.823,192.810,371.819,0.1443,0.0072,0.1785,0.9500,0.00,0.00,0.00,0.00
1507.00,180.000,180.000,170.000,175.000,180.198,179.963,170.043,144.763,180.281,179.994,170.237,151.834,197.433,178.829,192.814,371.852,0.1442,0.0082,0.1785,0.9500,0.00,0.00,0.00,0.00
1508.00,180.000,180.000,170.000,175.000,180.198,179.963,170.045,144.810,180.282,179.987,170.240,151.875,197.433,178.865,192.818,371.886,0.1441,0.0091,0.1785,0.9500,0.00,0.00,0.00,0.00
1509.00,180.000,180.000,170.000,175.000,180.199,179.963,170.046,144.857,180.284,179.980,170.244,151.915,197.418,178.897,192.822,371.919,0.1439,0.0099,0.1785,0.9500,0.00,0.00,0.00,0.00
1510.00,180.000,180.000,170.000,175.000,180.200,179.963,170.047,144.904,180.286,179.974,170.248,151.956,197.389,178.942,192.826,371.952,0.1438,0.0108,0.1785,0.9500,0.00,0.00,0.00,0.00
1511.00,180.000,180.000,170.000,175.000,180.200,179.963,170.049,144.951,180.288,179.967,170.251,151.997,197.363,178.997,192.831,371.985,0.1437,0.0115,0.1785,0.9500,0.00,0.00,0.00,0.00
1512.00,180.000,180.000,170.000,175.000,180.201,179.963,170.050,144.998,180.290,179.961,170.255,152.037,197.340,179.047,192.835,372.018,0.1436,0.0123,0.1065,0.9500,0.00,0.00,0.00,0.00
1513.00,180.000,180.000,170.000,175.000,180.201,179.963,170.051,145.044,180.292,179.955,170.257,152.078,197.321,179.123,191.701,372.052,0.1435,0.0130,0.1094,0.9500,0.00,0.00,0.00,0.00
1514.00,180.000,180.000,170.000,175.000,180.202,179.963,170.053,145.091,180.293,179.949,170.257,152.118,197.304,179.192,190.707,372.085,0.1434,0.0136,0.1121,0.9500,0.00,0.00,0.00,0.00
1515.00,180.000,180.000,170.000,175.000,180.203,179.963,170.054,145.138,180.295,179.943,170.256,152.159,197.289,179.253,189.856,372.118,0.1433,0.0143,0.1146,0.9500,0.00,0.00,0.00,0.00
1516.00,180.000,180.000,170.000,175.000,180.203,179.963,170.055,145.185,180.297,179.937,170.253,152.199,197.276,179.340,189.117,372.151,0.1432,0.0148,0.1171,0.9500,0.00,0.00,0.00,0.00
1517.00,180.000,180.000,170.000,175.000,180.204,179.963,170.057,145.231,180.299,179.931,170.249,152.240,197.265,179.418,188.497,372.184,0.1431,0.0154,0.1194,0.9500,0.00,0.00,0.00,0.00
1518.00,180.000,180.000,170.000,175.000,180.204,179.962,170.058,145.278,180.300,179.926,170.244,152.280,197.255,179.488,187.967,372.217,0.1430,0.0159,0.1215,0.9500,0.00,0.00,0.00,0.00
1519.00,180.000,180.000,170.000,175.000,180.205,179.962,170.059,145.325,180.302,179.921,170.238,152.321,197.248,179.567,187.519,372.250,0.1429,0.0164,0.1236,0.9500,0.00,0.00,0.00,0.00
1520.00,180.000,180.000,170.000,175.000,180.206,179.962,170.060,145.371,180.304,179.916,170.231,152.361,197.241,179.653,187.146,372.283,0.1428,0.0169,0.1256,0.9500,0.00,0.00,0.00,0.00
1521.00,180.000,180.000,170.000,175.000,180.206,179.962,170.062,145.418,180.306,179.911,170.224,152.402,197.236,179.731,186.839,372.316,0.1427,0.0174,0.1275,0.9500,0.00,0.00,0.00,0.00
1522.00,180.000,180.000,170.000,175.000,180.207,179.961,170.063,145.464,180.308,179.906,170.216,152.442,197.232,179.801,186.593,372.349,0.1426,0.0178,0.1292,0.9500,0.00,0.00,0.00,0.00
1523.00,180.000,180.000,170.000,175.000,180.208,179.961,170.064,145.511,180.310,179.901,170.208,152.482,197.229,179.864,186.402,372.382,0.1425,0.0182,0.1309,0.9500,0.00,0.00,0.00,0.00
1524.00,180.000,180.000,170.000,175.000,180.208,179.961,170.065,145.557,180.311,179.897,170.200,152.522,197.227,179.953,186.244,372.415,0.1424,0.0186,0.1325,0.9500,0.00,0.00,0.00,0.00
1525.00,180.000,180.000,170.000,175.000,180.209,179.960,170.065,145.603,180.313,179.892,170.191,152.563,197.225,180.032,186.132,372.448,0.1423,0.0189,0.1340,0.9500,0.00,0.00,0.00,0.00
1526.00,180.000,180.000,170.000,175.000,180.210,179.960,170.066,145.650,180.315,179.888,170.182,152.603,197.225,180.104,186.062,372.481,0.1421,0.0193,0.1355,0.9500,0.00,0.00,0.00,0.00
1527.00,180.000,180.000,170.000,175.000,180.211,179.959,170.067,145.696,180.317,179.884,170.173,152.643,197.225,180.168,186.015,372.513,0.1420,0.0196,0.1368,0.9500,0.00,0.00,0.00,0.00
1528.00,180.000,180.000,170.000,175.000,180.211,179.959,170.068,145.742,180.319,179.880,170.164,152.683,197.209,180.226,185.987,372.546,0.1419,0.0199,0.1381,0.9500,0.00,0.00,0.00,0.00
1529.00,180.000,180.000,170.000,175.000,180.212,179.958,170.068,145.788,180.321,179.876,170.156,152.723,197.180,180.294,185.993,372.579,0.1418,0.0202,0.1393,0.9500,0.00,0.00,0.00,0.00
1530.00,180.000,180.000,170.000,175.000,180.213,179.958,170.069,145.834,180.323,179.872,170.147,152.763,197.155,180.371,186.014,372.612,0.1417,0.0204,0.1405,0.9500,0.00,0.00,0.00,0.00
1531.00,180.000,180.000,170.000,175.000,180.213,179.957,170.069,145.881,180.325,179.869,170.138,152.803,197.132,180.440,186.048,372.644,0.1416,0.0207,0.1416,0.9500,0.00,0.00,0.00,0.00
1532.00,180.000,180.000,170.000,175.000,180.214,179.956,170.070,145.927,180.327,179.865,170.130,152.843,197.112,180.503,186.095,372.677,0.1415,0.0209,0.1427,0.9500,0.00,0.00,0.00,0.00
1533.00,180.000,180.000,170.000,175.000,180.215,179.956,170.070,145.973,180.329,179.862,170.121,152.883,197.095,180.559,186.152,372.710,0.1414,0.0212,0.1436,0.9500,0.00,0.00,0.00,0.00
1534.00,180.000,180.000,170.000,175.000,180.216,179.955,170.071,146.019,180.331,179.859,170.113,152.923,197.080,180.609,186.220,372.742,0.1413,0.0214,0.1446,0.9500,0.00,0.00,0.00,0.00
1535.00,180.000,180.000,170.000,175.000,180.216,179.955,170.071,146.065,180.333,179.856,170.105,152.963,197.067,180.654,186.296,372.775,0.1412,0.0216,0.1455,0.9500,0.00,0.00,0.00,0.00
1536.00,180.000,180.000,170.000,175.000,180.217,179.954,170.071,146.111,180.334,179.853,170.097,153.003,197.056,180.695,186.364,372.808,0.1411,0.0218,0.1463,0.9500,0.00,0.00,0.00,0.00
1537.00,180.000,180.000,170.000,175.000,180.218,179.953,170.071,146.156,180.336,179.850,170.089,153.043,197.046,180.731,186.457,372.840,0.1410,0.0220,0.1471,0.9500,0.00,0.00,0.00,0.00
1538.00,180.000,180.000,170.000,175.000,180.219,179.952,170.071,146.202,180.338,179.847,170.081,153.083,197.038,180.780,186.541,372.873,0.1409,0.0222,0.1479,0.9500,0.00,0.00,0.00,0.00
1539.00,180.000,180.000,170.000,175.000,180.220,179.952,170.071,146.248,180.340,179.844,170.074,153.123,197.032,180.840,186.633,372.905,0.1408,0.0223,0.1486,0.9500,0.00,0.00,0.00,0.00
1540.00,180.000,180.000,170.000,175.000,180.220,179.951,170.071,146.294,180.342,179.842,170.066,153.162,197.026,180.893,186.731,372.938,0.1407,0.0225,0.1493,0.9500,0.00,0.00,0.00,0.00
1541.00,180.000,180.000,170.000,175.000,180.221,179.950,170.071,146.339,180.344,179.839,170.059,153.202,197.022,180.942,186.819,372.970,0.1406,0.0226,0.1499,0.9500,0.00,0.00,0.00,0.00
1542.00,180.000,180.000,170.000,175.000,180.222,179.950,170.071,146.385,180.346,179.837,170.052,153.242,197.019,181.459,186.915,373.003,0.1405,0.0801,0.1505,0.9500,0.00,0.00,0.00,0.00
1543.00,180.000,180.000,170.000,175.000,180.223,179.949,170.071,146.431,180.348,179.837,170.046,153.282,197.017,182.363,187.016,373.035,0.1403,0.0776,0.1511,0.9500,0.00,0.00,0.00,0.00
1544.00,180.000,180.000,170.000,175.000,180.224,179.948,170.071,146.476,180.350,179.838,170.039,153.321,197.016,183.132,187.108,373.068,0.1402,0.0752,0.1516,0.9500,0.00,0.00,0.00,0.00
1545.00,180.000,180.000,170.000,175.000,180.225,179.947,170.071,146.522,180.352,179.840,170.033,153.361,197.015,183.781,187.190,373.100,0.1401,0.0729,0.1522,0.9500,0.00,0.00,0.00,0.00
1546.00,180.000,180.000,170.000,175.000,180.225,179.947,170.070,146.567,180.354,179.844,170.027,153.400,197.015,184.336,187.297,373.132,0.1400,0.0708,0.1527,0.9500,0.00,0.00,0.00,0.00
1547.00,180.000,180.000,170.000,175.000,180.226,179.946,170.070,146.613,180.356,179.849,170.021,153.440,197.000,184.806,187.392,373.165,0.1399,0.0687,0.1531,0.9500,0.00,0.00,0.00,0.00
1548.00,180.000,180.000,170.000,175.000,180.227,179.945,170.070,146.658,180.358,179.854,170.015,153.479,196.970,185.201,187.479,373.197,0.1398,0.0668,0.1536,0.9500,0.00,0.00,0.00,0.00
1549.00,180.000,180.000,170.000,175.000,180.228,179.945,170.069,146.704,180.360,179.860,170.010,153.519,196.945,185.526,187.556,373.229,0.1397,0.0650,0.1540,0.9500,0.00,0.00,0.00,0.00
1550.00,180.000,180.000,170.000,175.000,180.229,179.944,170.069,146.749,180.362,179.866,170.005,153.558,196.922,185.805,187.658,373.261,0.1396,0.0633,0.1544,0.9500,0.00,0.00,0.00,0.00
1551.00,180.000,180.000,170.000,175.000,180.230,179.944,170.069,146.794,180.364,179.873,169.999,153.598,196.902,186.027,187.750,373.294,0.1395,0.0616,0.1547,0.9500,0.00,0.00,0.00,0.00
1552.00,180.000,180.000,170.000,175.000,180.231,179.943,170.068,146.840,180.366,179.880,169.995,153.637,196.885,186.196,187.833,373.326,0.1394,0.0601,0.1551,0.9500,0.00,0.00,0.00,0.00
1553.00,180.000,180.000,170.000,175.000,180.232,179.943,170.068,146.885,180.368,179.888,169.990,153.677,196.870,186.333,187.908,373.358,0.1393,0.0586,0.1554,0.9500,0.00,0.00,0.00,0.00
1554.00,180.000,180.000,170.000,175.000,180.232,179.942,170.067,146.930,180.370,179.896,169.985,153.716,196.857,186.426,187.976,373.390,0.1392,0.0572,0.1557,0.9500,0.00,0.00,0.00,0.00
1555.00,180.000,180.000,170.000,175.000,180.233,179.942,170.067,146.975,180.372,179.903,169.981,153.755,196.846,186.495,188.036,373.422,0.1391,0.0559,0.1560,0.9500,0.00,0.00,0.00,0.00
1556.00,180.000,180.000,170.000,175.000,180.234,179.942,170.066,147.020,180.374,179.911,169.976,153.795,196.837,186.526,188.123,373.454,0.1390,0.0547,0.1563,0.9500,0.00,0.00,0.00,0.00
1557.00,180.000,180.000,170.000,175.000,180.235,179.942,170.065,147.065,180.376,179.919,169.972,153.834,196.829,186.555,188.201,373.487,0.1389,0.0535,0.1566,0.9500,0.00,0.00,0.00,0.00
1558.00,180.000,180.000,170.000,175.000,180.236,179.942,170.065,147.110,180.377,179.927,169.968,153.873,196.822,186.549,188.272,373.519,0.1388,0.0524,0.1568,0.9500,0.00,0.00,0.00,0.00
1559.00,180.000,180.000,170.000,175.000,180.237,179.942,170.064,147.155,180.379,179.935,169.964,153.912,196.817,186.529,188.336,373.551,0.1387,0.0513,0.1570,0.9500,0.00,0.00,0.00,0.00
1560.00,180.000,180.000,170.000,175.000,180.238,179.941,170.063,147.200,180.381,179.943,169.961,153.952,196.813,186.496,188.393,373.583,0.1385,0.0503,0.1573,0.9500,0.00,0.00,0.00,0.00
1561.00,180.000,180.000,170.000,175.000,180.239,179.942,170.063,147.245,180.383,179.950,169.957,153.991,196.810,186.450,188.445,373.615,0.1384,0.0494,0.1575,0.9500,0.00,0.00,0.00,0.00
1562.00,180.000,180.000,170.000,175.000,180.240,179.942,170.062,147.290,180.385,179.958,169.953,154.030,196.808,186.393,188.492,373.647,0.1383,0.0485,0.1577,0.9500,0.00,0.00,0.00,0.00
1563.00,180.000,180.000,170.000,175.000,180.241,179.942,170.061,147.335,180.387,179.965,169.950,154.069,196.807,186.342,188.534,373.679,0.1382,0.0476,0.1579,0.9500,0.00,0.00,0.00,0.00
1564.00,180.000,180.000,170.000,175.000,180.242,179.942,170.061,147.380,180.390,179.973,169.947,154.108,196.807,186.265,188.572,373.710,0.1381,0.0468,0.1580,0.9500,0.00,0.00,0.00,0.00
1565.00,180.000,180.000,170.000,175.000,180.243,179.942,170.060,147.425,180.392,179.980,169.943,154.147,196.807,186.196,188.638,373.742,0.1380,0.0461,0.1582,0.9500,0.00,0.00,0.00,0.00
1566.00,180.000,180.000,170.000,175.000,180.244,179.942,170.059,147.469,180.394,179.987,169.940,154.186,196.792,186.118,188.698,373.774,0.1379,0.0454,0.1583,0.9500,0.00,0.00,0.00,0.00
1567.00,180.000,180.000,170.000,175.000,180.245,179.943,170.058,147.514,180.396,179.994,169.937,154.225,196.763,186.032,188.752,373.806,0.1378,0.0447,0.1585,0.9500,0.00,0.00,0.00,0.00
1568.00,180.000,180.000,170.000,175.000,180.246,179.943,170.057,147.559,180.398,180.000,169.935,154.264,196.737,185.954,188.801,373.838,0.1377,0.0441,0.1586,0.9500,0.00,0.00,0.00,0.00
1569.00,180.000,180.000,170.000,175.000,180.247,179.943,170.057,147.603,180.400,180.007,169.932,154.303,196.715,185.868,188.845,373.870,0.1376,0.0434,0.1587,0.9500,0.00,0.00,0.00,0.00
1570.00,180.000,180.000,170.000,175.000,180.248,179.944,170.056,147.648,180.402,180.013,169.929,154.342,196.695,185.776,188.885,373.901,0.1375,0.0429,0.1589,0.9500,0.00,0.00,0.00,0.00
1571.00,180.000,180.000,170.000,175.000,180.249,179.944,170.055,147.692,180.404,180.019,169.927,154.380,196.678,185.692,188.921,373.933,0.1374,0.0423,0.1590,0.9500,0.00,0.00,0.00,0.00
1572.00,180.000,180.000,170.000,175.000,180.250,179.945,170.054,147.737,180.406,180.025,169.924,154.419,196.663,185.617,188.953,373.965,0.1373,0.0418,0.1591,0.9500,0.00,0.00,0.00,0.00
1573.00,180.000,180.000,170.000,175.000,180.251,179.945,170.053,147.781,180.406,180.031,169.922,154.458,195.515,185.518,188.982,373.997,0.0677,0.0413,0.1592,0.9500,0.00,0.00,0.00,0.00
1574.00,180.000,180.000,170.000,175.000,180.252,179.946,170.052,147.826,180.405,180.037,169.919,154.497,194.509,185.428,189.009,374.028,0.0708,0.0409,0.1593,0.9500,0.00,0.00,0.00,0.00
1575.00,180.000,180.000,170.000,175.000,180.253,179.947,170.051,147.870,180.402,180.042,169.917,154.536,193.662,185.347,189.033,374.060,0.0737,0.0404,0.1593,0.9500,0.00,0.00,0.00,0.00
1576.00,180.000,180.000,170.000,175.000,180.254,179.947,170.051,147.915,180.397,180.047,169.915,154.574,192.928,185.275,189.054,374.092,0.0764,0.0400,0.1594,0.9500,0.00,0.00,0.00,0.00
1577.00,180.000,180.000,170.000,175.000,180.255,179.948,170.050,147.959,180.391,180.053,169.913,154.613,192.311,185.177,189.667,374.123,0.0789,0.0396,0.2307,0.9500,0.00,0.00,0.00,0.00
1578.00,180.000,180.000,170.000,175.000,180.256,179.949,170.049,148.003,180.385,180.057,169.913,154.652,191.801,185.090,190.769,374.155,0.0813,0.0392,0.2280,0.9500,0.00,0.00,0.00,0.00
1579.00,180.000,180.000,170.000,175.000,180.257,179.949,170.048,148.047,180.377,180.062,169.915,154.690,191.371,185.011,191.718,374.186,0.0835,0.0389,0.2254,0.9500,0.00,0.00,0.00,0.00
1580.00,180.000,180.000,170.000,175.000,180.258,179.950,170.047,148.092,180.369,180.067,169.919,154.729,191.014,184.939,192.529,374.218,0.0856,0.0000,0.2229,0.9500,0.00,0.00,0.00,0.00
1581.00,180.000,180.000,170.000,175.000,180.258,179.951,170.046,148.136,180.360,180.070,169.924,154.767,190.723,184.238,193.232,374.249,0.0875,0.0000,0.2206,0.9500,0.00,0.00,0.00,0.00
1582.00,180.000,180.000,170.000,175.000,180.259,179.952,170.045,148.180,180.351,180.073,169.931,154.806,190.491,183.603,193.836,374.281,0.0893,0.0000,0.2184,0.9500,0.00,0.00,0.00,0.00
1583.00,180.000,180.000,170.000,175.000,180.260,179.952,170.045,148.224,180.342,180.074,169.938,154.844,190.313,183.029,194.351,374.312,0.0910,0.0000,0.2162,0.9500,0.00,0.00,0.00,0.00
1584.00,180.000,180.000,170.000,175.000,180.260,179.953,170.044,148.268,180.332,180.074,169.946,154.883,190.167,182.510,194.786,374.344,0.0926,0.0000,0.2142,0.9500,0.00,0.00,0.00,0.00
1585.00,180.000,180.000,170.000,175.000,180.261,179.954,170.043,148.312,180.322,180.074,169.955,154.921,190.066,182.039,195.148,374.375,0.0941,0.0000,0.2123,0.9500,0.00,0.00,0.00,0.00
1586.00,180.000,180.000,170.000,175.000,180.261,179.955,170.043,148.356,180.312,180.072,169.965,154.959,190.007,181.613,195.444,374.407,0.0955,0.0000,0.2105,0.9500,0.00,0.00,0.00,0.00
1587.00,180.000,180.000,170.000,175.000,180.261,179.956,170.042,148.400,180.302,180.070,169.975,154.998,189.969,181.228,195.682,374.438,0.0968,0.0000,0.2088,0.9500,0.00,0.00,0.00,0.00
1588.00,180.000,180.000,170.000,175.000,180.261,179.956,170.042,148.444,180.292,180.067,169.985,155.036,189.950,180.879,195.865,374.469,0.0979,0.0000,0.2072,0.9500,0.00,0.00,0.00,0.00
1589.00,180.000,180.000,170.000,175.000,180.262,179.957,170.041,148.488,180.283,180.063,169.996,155.074,189.964,180.562,196.016,374.501,0.0991,0.0000,0.2056,0.9500,0.00,0.00,0.00,0.00
1590.00,180.000,180.000,170.000,175.000,180.262,179.958,170.041,148.532,180.273,180.059,170.007,155.113,189.977,180.275,196.122,374.532,0.1001,0.0000,0.2041,0.9500,0.00,0.00,0.00,0.00
1591.00,180.000,180.000,170.000,175.000,180.262,179.958,170.041,148.575,180.263,180.055,170.018,155.151,190.020,180.015,196.187,374.563,0.1011,0.0004,0.2027,0.9500,0.00,0.00,0.00,0.00
1592.00,180.000,180.000,170.000,175.000,180.262,179.959,170.041,148.619,180.253,180.050,170.029,155.189,190.058,179.811,196.230,374.594,0.1020,0.0018,0.2014,0.9500,0.00,0.00,0.00,0.00
1593.00,180.000,180.000,170.000,175.000,180.262,179.960,170.041,148.663,180.244,180.044,170.040,155.227,190.125,179.643,196.255,374.626,0.1028,0.0030,0.2001,0.9500,0.00,0.00,0.00,0.00
1594.00,180.000,180.000,170.000,175.000,180.262,179.960,170.041,148.706,180.235,180.039,170.051,155.265,190.185,179.505,196.261,374.657,0.1036,0.0042,0.1989,0.9500,0.00,0.00,0.00,0.00
1595.00,180.000,180.000,170.000,175.000,180.261,179.961,170.041,148.750,180.225,180.033,170.063,155.303,190.239,179.411,196.253,374.688,0.1043,0.0053,0.1978,0.9500,0.00,0.00,0.00,0.00
1596.00,180.000,180.000,170.000,175.000,180.261,179.961,170.041,148.794,180.217,180.027,170.074,155.341,190.319,179.326,196.214,374.719,0.1049,0.0064,0.1967,0.9500,0.00,0.00,0.00,0.00
1597.00,180.000,180.000,170.000,175.000,180.261,179.962,170.041,148.837,180.208,180.021,170.085,155.379,190.392,179.280,196.180,374.750,0.1056,0.0074,0.1957,0.9500,0.00,0.00,0.00,0.00
1598.00,180.000,180.000,170.000,175.000,180.261,179.962,170.042,148.881,180.199,180.015,170.095,155.417,190.457,179.238,196.118,374.781,0.1061,0.0084,0.1947,0.9500,0.00,0.00,0.00,0.00
1599.00,180.000,180.000,170.000,175.000,180.260,179.962,170.042,148.924,180.191,180.009,170.106,155.455,190.548,179.232,196.063,374.812,0.1066,0.0093,0.1938,0.9500,0.00,0.00,0.00,0.00
1600.00,180.000,180.000,170.000,175.000,180.260,179.963,170.042,148.968,180.183,180.003,170.117,155.492,190.630,179.225,195.983,374.843,0.1071,0.0101,0.1929,0.9500,0.00,0.00,0.00,0.00
1601.00,180.000,180.000,170.000,175.000,180.259,179.963,170.043,149.011,180.175,179.997,170.127,155.530,190.704,179.250,195.910,374.874,0.1076,0.0109,0.1921,0.9500,0.00,0.00,0.00,0.00
1602.00,180.000,180.000,170.000,175.000,180.259,179.963,170.043,149.055,180.167,179.991,170.138,155.568,190.771,179.272,195.814,374.905,0.1080,0.0117,0.1913,0.9500,0.00,0.00,0.00,0.00
1603.00,180.000,180.000,170.000,175.000,180.258,179.963,170.044,149.098,180.159,179.985,170.148,155.605,190.848,179.308,195.728,374.936,0.1083,0.0124,0.1905,0.9500,0.00,0.00,0.00,0.00
1604.00,180.000,180.000,170.000,175.000,180.257,179.963,170.045,149.141,180.152,179.979,170.158,155.643,190.933,179.355,195.650,374.967,0.1087,0.0131,0.1898,0.9500,0.00,0.00,0.00,0.00
1605.00,180.000,180.000,170.000,175.000,180.257,179.964,170.046,149.184,180.144,179.973,170.168,155.681,191.009,179.397,195.549,374.998,0.1090,0.0138,0.1891,0.9500,0.00,0.00,0.00,0.00
1606.00,180.000,180.000,170.000,175.000,180.256,179.964,170.046,149.228,180.137,179.968,170.177,155.718,191.079,179.451,195.459,375.029,0.1093,0.0144,0.1885,0.9500,0.00,0.00,0.00,0.00
1607.00,180.000,180.000,170.000,175.000,180.255,179.964,170.047,149.271,180.130,179.962,170.187,155.756,191.141,179.515,195.378,375.060,0.1095,0.0150,0.1879,0.9500,0.00,0.00,0.00,0.00
1608.00,180.000,180.000,170.000,175.000,180.254,179.964,170.048,149.314,180.124,179.957,170.196,155.793,191.198,179.572,195.273,375.090,0.1098,0.0155,0.1873,0.9500,0.00,0.00,0.00,0.00
1609.00,180.000,180.000,170.000,175.000,180.253,179.964,170.049,149.357,180.117,179.952,170.205,155.830,191.249,179.623,195.180,375.121,0.1100,0.0160,0.1867,0.9500,0.00,0.00,0.00,0.00
1610.00,180.000,180.000,170.000,175.000,180.252,179.963,170.050,149.400,180.110,179.946,170.214,155.868,191.311,179.701,195.096,375.152,0.1101,0.0165,0.1142,0.9500,0.00,0.00,0.00,0.00
1611.00,180.000,180.000,170.000,175.000,180.251,179.963,170.051,149.443,180.104,179.941,170.221,155.905,191.383,179.771,193.866,375.182,0.1103,0.0170,0.1166,0.9500,0.00,0.00,0.00,0.00
1612.00,180.000,180.000,170.000,175.000,180.250,179.963,170.052,149.486,180.098,179.937,170.226,155.942,191.449,179.834,192.785,375.213,0.1105,0.0174,0.1188,0.9500,0.00,0.00,0.00,0.00
1613.00,180.000,180.000,170.000,175.000,180.249,179.963,170.054,149.529,180.092,179.932,170.230,155.980,192.099,179.890,191.840,375.244,0.1809,0.0179,0.1209,0.9500,0.00,0.00,0.00,0.00
1614.00,180.000,180.000,170.000,175.000,180.248,179.963,170.055,149.572,180.089,179.927,170.231,156.017,193.202,179.957,191.033,375.274,0.1777,0.0183,0.1229,0.9500,0.00,0.00,0.00,0.00
1615.00,180.000,180.000,170.000,175.000,180.247,179.963,170.056,149.615,180.088,179.923,170.232,156.054,194.137,180.032,190.319,375.305,0.1748,0.0186,0.1248,0.9500,0.00,0.00,0.00,0.00
1616.00,180.000,180.000,170.000,175.000,180.246,179.962,170.057,149.658,180.088,179.918,170.231,156.091,194.950,180.100,189.705,375.335,0.1720,0.0190,0.1266,0.9500,0.00,0.00,0.00,0.00
1617.00,180.000,180.000,170.000,175.000,180.245,179.962,170.058,149.701,180.089,179.914,170.229,156.128,195.640,180.161,189.181,375.366,0.1694,0.0193,0.1283,0.9500,0.00,0.00,0.00,0.00
1618.00,180.000,180.000,170.000,175.000,180.244,179.962,170.059,149.743,180.092,179.910,170.226,156.165,196.216,180.216,188.739,375.396,0.1669,0.0196,0.1299,0.9500,0.00,0.00,0.00,0.00
1619.00,180.000,180.000,170.000,175.000,180.243,179.961,170.061,149.786,180.095,179.906,170.223,156.202,196.705,180.265,188.370,375.427,0.1646,0.0199,0.1315,0.9500,0.00,0.00,0.00,0.00
1620.00,180.000,180.000,170.000,175.000,180.242,179.961,170.062,149.829,180.100,179.902,170.219,156.239,197.117,180.325,188.053,375.457,0.1624,0.0202,0.1329,0.9500,0.00,0.00,0.00,0.00
1621.00,180.000,180.000,170.000,175.000,180.241,179.961,170.063,149.872,180.105,179.898,170.214,156.276,197.459,180.395,187.782,375.488,0.1603,0.0205,0.1343,0.9500,0.00,0.00,0.00,0.00
1622.00,180.000,180.000,170.000,175.000,180.240,179.960,170.064,149.914,180.111,179.895,170.209,156.313,197.737,180.458,187.567,375.518,0.1584,0.0208,0.1356,0.9500,0.00,0.00,0.00,0.00
1623.00,180.000,180.000,170.000,175.000,180.239,179.960,170.065,149.957,180.117,179.891,170.204,156.350,197.958,180.514,187.389,375.548,0.1565,0.0210,0.1369,0.9500,0.00,0.00,0.00,0.00
1624.00,180.000,180.000,170.000,175.000,180.239,179.959,170.066,149.999,180.124,179.888,170.198,156.387,198.127,180.565,187.244,375.579,0.1548,0.0212,0.1380,0.9500,0.00,0.00,0.00,0.00
1625.00,180.000,180.000,170.000,175.000,180.238,179.959,170.066,150.042,180.131,179.884,170.193,156.423,198.248,180.610,187.143,375.609,0.1532,0.0214,0.1392,0.9500,0.00,0.00,0.00,0.00
1626.00,180.000,180.000,170.000,175.000,180.237,179.958,170.067,150.084,180.138,179.881,170.187,156.460,198.344,180.651,187.052,375.639,0.1516,0.0216,0.1402,0.9500,0.00,0.00,0.00,0.00
1627.00,180.000,180.000,170.000,175.000,180.237,179.958,170.068,150.127,180.145,179.878,170.181,156.497,198.399,180.688,187.001,375.669,0.1502,0.0218,0.1412,0.9500,0.00,0.00,0.00,0.00
1628.00,180.000,180.000,170.000,175.000,180.236,179.957,170.069,150.169,180.152,179.875,170.174,156.534,198.434,180.721,186.954,375.699,0.1488,0.0220,0.1422,0.9500,0.00,0.00,0.00,0.00
1629.00,180.000,180.000,170.000,175.000,180.235,179.957,170.069,150.211,180.160,179.872,170.168,156.570,198.451,180.782,186.944,375.730,0.1475,0.0222,0.1431,0.9500,0.00,0.00,0.00,0.00
1630.00,180.000,180.000,170.000,175.000,180.235,179.956,170.070,150.254,180.167,179.869,170.162,156.607,198.436,180.837,186.934,375.760,0.1463,0.0224,0.1439,0.9500,0.00,0.00,0.00,0.00
1631.00,180.000,180.000,170.000,175.000,180.234,179.956,170.071,150.296,180.175,179.866,170.156,156.644,198.407,180.887,186.956,375.790,0.1451,0.0225,0.1448,0.9500,0.00,0.00,0.00,0.00
1632.00,180.000,180.000,170.000,175.000,180.234,179.955,170.071,150.338,180.182,179.864,170.150,156.680,198.366,180.932,186.976,375.820,0.1441,0.0227,0.1455,0.9500,0.00,0.00,0.00,0.00
1633.00,180.000,180.000,170.000,175.000,180.234,179.954,170.072,150.380,180.189,179.861,170.144,156.717,198.298,180.972,186.993,375.850,0.1430,0.0228,0.1463,0.9500,0.00,0.00,0.00,0.00
1634.00,180.000,180.000,170.000,175.000,180.233,179.954,170.072,150.423,180.196,179.858,170.138,156.753,198.237,181.008,187.041,375.880,0.1421,0.0229,0.1469,0.9500,0.00,0.00,0.00,0.00
1635.00,180.000,180.000,170.000,175.000,180.233,179.953,170.073,150.465,180.203,179.856,170.132,156.790,198.152,181.040,187.083,375.910,0.1411,0.0231,0.1476,0.9500,0.00,0.00,0.00,0.00
1636.00,180.000,180.000,170.000,175.000,180.233,179.952,170.073,150.507,180.210,179.854,170.127,156.826,198.075,181.069,187.121,375.940,0.1403,0.0232,0.1482,0.9500,0.00,0.00,0.00,0.00
1637.00,180.000,180.000,170.000,175.000,180.233,179.952,170.073,150.549,180.217,179.851,170.121,156.863,197.990,181.095,187.187,375.970,0.1394,0.0233,0.1488,0.9500,0.00,0.00,0.00,0.00
1638.00,180.000,180.000,170.000,175.000,180.233,179.951,170.074,150.591,180.223,179.849,170.116,156.899,197.899,181.118,187.246,376.000,0.1386,0.0234,0.1494,0.9500,0.00,0.00,0.00,0.00
1639.00,180.000,180.000,170.000,175.000,180.233,179.950,170.074,150.633,180.230,179.847,170.111,156.936,197.818,181.139,187.300,376.030,0.1379,0.0235,0.1499,0.9500,0.00,0.00,0.00,0.00
1640.00,180.000,180.000,170.000,175.000,180.233,179.950,170.074,150.675,180.236,179.845,170.105,156.972,197.713,181.649,187.364,376.060,0.1372,0.0816,0.1504,0.9500,0.00,0.00,0.00,0.00
1641.00,180.000,180.000,170.000,175.000,180.233,179.949,170.074,150.717,180.242,179.845,170.100,157.009,197.619,182.544,187.437,376.090,0.1365,0.0790,0.1509,0.9500,0.00,0.00,0.00,0.00
1642.00,180.000,180.000,170.000,175.000,180.233,179.948,170.075,150.759,180.248,179.846,170.095,157.045,197.536,183.306,187.503,376.119,0.1359,0.0765,0.1513,0.9500,0.00,0.00,0.00,0.00
1643.00,180.000,180.000,170.000,175.000,180.233,179.948,170.075,150.800,180.254,179.849,170.091,157.081,197.429,183.964,187.563,376.149,0.1353,0.0742,0.1517,0.9500,0.00,0.00,0.00,0.00
1644.00,180.000,180.000,170.000,175.000,180.233,179.947,170.075,150.842,180.259,179.853,170.086,157.118,197.333,184.528,187.616,376.179,0.1347,0.0720,0.1521,0.9500,0.00,0.00,0.00,0.00
1645.00,180.000,180.000,170.000,175.000,180.233,179.946,170.075,150.884,180.265,179.857,170.082,157.154,197.247,184.991,187.696,376.209,0.1342,0.0699,0.1525,0.9500,0.00,0.00,0.00,0.00
1646.00,180.000,180.000,170.000,175.000,180.234,179.946,170.075,150.926,180.270,179.863,170.077,157.190,197.154,185.378,187.769,376.239,0.1337,0.0679,0.1528,0.9500,0.00,0.00,0.00,0.00
1647.00,180.000,180.000,170.000,175.000,180.234,179.945,170.075,150.967,180.275,179.869,170.073,157.227,197.055,185.697,187.834,376.268,0.1332,0.0660,0.1532,0.9500,0.00,0.00,0.00,0.00
1648.00,180.000,180.000,170.000,175.000,180.234,179.945,170.075,151.009,180.280,179.876,170.069,157.263,196.966,185.955,187.892,376.298,0.1327,0.0642,0.1535,0.9500,0.00,0.00,0.00,0.00
1649.00,180.000,180.000,170.000,175.000,180.234,179.944,170.075,151.051,180.285,179.883,170.065,157.299,196.887,186.172,187.945,376.328,0.1323,0.0625,0.1538,0.9500,0.00,0.00,0.00,0.00
1650.00,180.000,180.000,170.000,175.000,180.235,179.944,170.075,151.092,180.290,179.890,170.061,157.336,196.816,186.337,187.993,376.357,0.1318,0.0609,0.1541,0.9500,0.00,0.00,0.00,0.00
1651.00,180.000,180.000,170.000,175.000,180.235,179.944,170.075,151.134,180.294,179.898,170.057,157.372,196.721,186.471,188.067,376.387,0.1314,0.0594,0.1544,0.9500,0.00,0.00,0.00,0.00
1652.00,180.000,180.000,170.000,175.000,180.235,179.943,170.075,151.175,180.299,179.905,170.054,157.408,196.635,186.561,188.135,376.417,0.1310,0.0580,0.1546,0.9500,0.00,0.00,0.00,0.00
1653.00,180.000,180.000,170.000,175.000,180.236,179.943,170.074,151.217,180.303,179.913,170.051,157.444,196.559,186.612,188.196,376.446,0.1307,0.0566,0.1548,0.9500,0.00,0.00,0.00,0.00
1654.00,180.000,180.000,170.000,175.000,180.236,179.943,170.074,151.258,180.307,179.921,170.047,157.480,196.490,186.642,188.251,376.476,0.1303,0.0554,0.1551,0.9500,0.00,0.00,0.00,0.00
1655.00,180.000,180.000,170.000,175.000,180.237,179.943,170.074,151.300,180.311,179.929,170.044,157.517,196.429,186.654,188.300,376.506,0.1300,0.0542,0.1553,0.9500,0.00,0.00,0.00,0.00
1656.00,180.000,180.000,170.000,175.000,180.237,179.943,170.074,151.341,180.315,179.937,170.041,157.553,196.343,186.649,188.345,376.535,0.1296,0.0530,0.1555,0.9500,0.00,0.00,0.00,0.00
1657.00,180.000,180.000,170.000,175.000,180.238,179.943,170.074,151.382,180.319,179.945,170.038,157.589,196.265,186.630,188.385,376.565,0.1293,0.0519,0.1557,0.9500,0.00,0.00,0.00,0.00
1658.00,180.000,180.000,170.000,175.000,180.238,179.943,170.073,151.424,180.323,179.953,170.035,157.625,196.196,186.582,188.421,376.594,0.1290,0.0509,0.1558,0.9500,0.00,0.00,0.00,0.00
1659.00,180.000,180.000,170.000,175.000,180.239,179.943,170.073,151.465,180.327,179.961,170.032,157.661,196.134,186.538,188.454,376.624,0.1287,0.0499,0.1560,0.9500,0.00,0.00,0.00,0.00
1660.00,180.000,180.000,170.000,175.000,180.240,179.943,170.073,151.506,180.330,179.968,170.029,157.697,196.079,186.468,188.516,376.653,0.1285,0.0490,0.1562,0.9500,0.00,0.00,0.00,0.00
1661.00,180.000,180.000,170.000,175.000,180.240,179.943,170.073,151.547,180.334,179.976,170.027,157.733,196.029,186.405,188.571,376.683,0.1282,0.0481,0.1563,0.9500,0.00,0.00,0.00,0.00
1662.00,180.000,180.000,170.000,175.000,180.241,179.943,170.072,151.588,180.337,179.983,170.024,157.769,195.985,186.332,188.621,376.712,0.1279,0.0473,0.1564,0.9500,0.00,0.00,0.00,0.00
1663.00,180.000,180.000,170.000,175.000,180.241,179.944,170.072,151.630,180.340,179.990,170.022,157.805,195.914,186.251,188.667,376.742,0.1277,0.0465,0.1566,0.9500,0.00,0.00,0.00,0.00
1664.00,180.000,180.000,170.000,175.000,180.242,179.944,170.072,151.671,180.344,179.997,170.020,157.841,195.851,186.178,188.708,376.771,0.1275,0.0458,0.1567,0.9500,0.00,0.00,0.00,0.00
1665.00,180.000,180.000,170.000,175.000,180.243,179.944,170.071,151.712,180.347,180.004,170.017,157.877,195.794,186.081,188.745,376.801,0.1272,0.0451,0.1568,0.9500,0.00,0.00,0.00,0.00
1666.00,180.000,180.000,170.000,175.000,180.243,179.945,170.071,151.753,180.350,180.010,170.015,157.913,195.743,185.993,188.778,376.830,0.1270,0.0444,0.1569,0.9500,0.00,0.00,0.00,0.00
1667.00,180.000,180.000,170.000,175.000,180.244,179.945,170.071,151.794,180.353,180.017,170.013,157.949,195.698,185.915,188.808,376.859,0.1268,0.0438,0.1570,0.9500,0.00,0.00,0.00,0.00
1668.00,180.000,180.000,170.000,175.000,180.245,179.946,170.070,151.835,180.356,180.023,170.011,157.985,195.658,185.812,188.835,376.889,0.1266,0.0432,0.1571,0.9500,0.00,0.00,0.00,0.00
1669.00,180.000,180.000,170.000,175.000,180.246,179.946,170.070,151.876,180.358,180.029,170.009,158.021,195.623,185.720,188.860,376.918,0.1264,0.0426,0.1572,0.9500,0.00,0.00,0.00,0.00
1670.00,180.000,180.000,170.000,175.000,180.246,179.947,170.069,151.916,180.361,180.035,170.007,158.057,195.591,185.637,188.882,376.947,0.1262,0.0421,0.1573,0.9500,0.00,0.00,0.00,0.00
1671.00,180.000,180.000,170.000,175.000,180.247,179.947,170.069,151.957,180.364,180.041,170.005,158.093,195.563,185.546,188.902,376.977,0.1260,0.0416,0.1573,0.9500,0.00,0.00,0.00,0.00
1672.00,180.000,180.000,170.000,175.000,180.248,179.948,170.069,151.998,180.367,180.046,170.003,158.128,195.507,185.448,188.920,377.006,0.1258,0.0411,0.1574,0.9500,0.00,0.00,0.00,0.00
1673.00,180.000,180.000,170.000,175.000,180.249,179.949,170.068,152.039,180.369,180.051,170.002,158.164,195.456,185.360,188.936,377.035,0.1256,0.0407,0.1575,0.9500,0.00,0.00,0.00,0.00
1674.00,180.000,180.000,170.000,175.000,180.250,179.949,170.068,152.080,180.372,180.057,170.000,158.200,195.411,185.281,188.951,377.065,0.1254,0.0402,0.1575,0.9500,0.00,0.00,0.00,0.00
1675.00,180.000,180.000,170.000,175.000,180.250,179.950,170.067,152.120,180.374,180.062,169.998,158.236,194.781,185.210,188.964,377.094,0.0541,0.0398,0.1576,0.9500,0.00,0.00,0.00,0.00
1676.00,180.000,180.000,170.000,175.000,180.251,179.951,170.067,152.161,180.374,180.066,169.997,158.272,193.682,184.476,188.976,377.123,0.0572,0.0000,0.1576,0.9500,0.00,0.00,0.00,0.00
1677.00,180.000,180.000,170.000,175.000,180.252,179.951,170.066,152.202,180.372,180.068,169.995,158.307,192.737,183.813,188.987,377.152,0.0602,0.0000,0.1577,0.9500,0.00,0.00,0.00,0.00
1678.00,180.000,180.000,170.000,175.000,180.253,179.952,170.066,152.242,180.369,180.070,169.993,158.343,191.929,183.213,188.997,377.181,0.0629,0.0000,0.1577,0.9500,0.00,0.00,0.00,0.00
1679.00,180.000,180.000,170.000,175.000,180.254,179.953,170.065,152.283,180.364,180.070,169.992,158.379,191.246,182.670,189.006,377.211,0.0655,0.0000,0.1577,0.9500,0.00,0.00,0.00,0.00
1680.00,180.000,180.000,170.000,175.000,180.254,179.954,170.065,152.324,180.358,180.070,169.990,158.414,190.660,182.178,189.014,377.240,0.0679,0.0000,0.1578,0.9500,0.00,0.00,0.00,0.00
1681.00,180.000,180.000,170.000,175.000,180.255,179.955,170.064,152.364,180.351,180.068,169.989,158.450,190.161,181.733,189.021,377.269,0.0701,0.0000,0.1578,0.9500,0.00,0.00,0.00,0.00
1682.00,180.000,180.000,170.000,175.000,180.256,179.955,170.064,152.405,180.344,180.066,169.987,158.485,189.757,181.330,189.027,377.298,0.0722,0.0000,0.1578,0.9500,0.00,0.00,0.00,0.00
1683.00,180.000,180.000,170.000,175.000,180.256,179.956,170.063,152.445,180.335,180.063,169.986,158.521,189.423,180.965,189.033,377.327,0.0742,0.0000,0.1578,0.9500,0.00,0.00,0.00,0.00
1684.00,180.000,180.000,170.000,175.000,180.257,179.957,170.063,152.486,180.327,180.060,169.984,158.557,189.153,180.634,189.038,377.356,0.0760,0.0000,0.1579,0.9500,0.00,0.00,0.00,0.00
1685.00,180.000,180.000,170.000,175.000,180.257,179.957,170.062,152.526,180.318,180.056,169.983,158.592,188.940,180.334,189.043,377.385,0.0778,0.0000,0.1579,0.9500,0.00,0.00,0.00,0.00
1686.00,180.000,180.000,170.000,175.000,180.258,179.958,170.062,152.566,180.308,180.051,169.981,158.628,188.763,180.079,189.047,377.414,0.0794,0.0008,0.1579,0.9500,0.00,0.00,0.00,0.00
1687.00,180.000,180.000,170.000,175.000,180.258,179.959,170.061,152.607,180.299,180.046,169.980,158.663,188.634,179.863,189.051,377.443,0.0809,0.0021,0.1579,0.9500,0.00,0.00,0.00,0.00
1688.00,180.000,180.000,170.000,175.000,180.258,179.959,170.061,152.647,180.289,180.041,169.979,158.698,188.533,179.699,189.055,377.472,0.0823,0.0033,0.1579,0.9500,0.00,0.00,0.00,0.00
1689.00,180.000,180.000,170.000,175.000,180.258,179.960,170.060,152.687,180.279,180.035,169.977,158.734,188.473,179.550,189.058,377.501,0.0836,0.0045,0.1579,0.9500,0.00,0.00,0.00,0.00
1690.00,180.000,180.000,170.000,175.000,180.258,179.960,170.060,152.727,180.269,180.029,169.976,158.769,188.435,179.446,189.061,377.530,0.0848,0.0056,0.1579,0.9500,0.00,0.00,0.00,0.00
1691.00,180.000,180.000,170.000,175.000,180.258,179.961,170.059,152.768,180.259,180.023,169.975,158.804,188.415,179.367,189.063,377.559,0.0859,0.0066,0.1579,0.9500,0.00,0.00,0.00,0.00
1692.00,180.000,180.000,170.000,175.000,180.258,179.961,170.058,152.808,180.249,180.017,169.973,158.840,188.413,179.312,189.065,377.588,0.0870,0.0076,0.1579,0.9500,0.00,0.00,0.00,0.00
1693.00,180.000,180.000,170.000,175.000,180.258,179.962,170.058,152.848,180.240,180.011,169.972,158.875,188.427,179.277,189.067,377.617,0.0879,0.0086,0.1579,0.9500,0.00,0.00,0.00,0.00
1694.00,180.000,180.000,170.000,175.000,180.258,179.962,170.057,152.888,180.230,180.005,169.971,158.910,188.455,179.260,189.069,377.646,0.0888,0.0095,0.1579,0.9500,0.00,0.00,0.00,0.00
1695.00,180.000,180.000,170.000,175.000,180.258,179.962,170.057,152.928,180.220,179.999,169.969,158.945,188.496,179.244,189.071,377.675,0.0897,0.0103,0.1579,0.9500,0.00,0.00,0.00,0.00
1696.00,180.000,180.000,170.000,175.000,180.258,179.962,170.056,152.968,180.211,179.993,169.968,158.980,188.549,179.261,189.072,377.703,0.0905,0.0111,0.1579,0.9500,0.00,0.00,0.00,0.00
1697.00,180.000,180.000,170.000,175.000,180.257,179.963,170.056,153.008,180.201,179.987,169.967,159.015,188.612,179.276,189.073,377.732,0.0912,0.0119,0.1579,0.9500,0.00,0.00,0.00,0.00
1698.00,180.000,180.000,170.000,175.000,180.257,179.963,170.055,153.048,180.192,179.981,169.966,159.051,188.668,179.305,189.074,377.761,0.0919,0.0126,0.1579,0.9500,0.00,0.00,0.00,0.00
1699.00,180.000,180.000,170.000,175.000,180.257,179.963,170.054,153.088,180.183,179.975,169.964,159.086,188.736,179.346,189.075,377.790,0.0925,0.0133,0.1579,0.9500,0.00,0.00,0.00,0.00
1700.00,180.000,180.000,170.000,175.000,180.256,179.963,170.054,153.128,180.175,179.969,169.963,159.121,188.812,179.383,189.076,377.818,0.0931,0.0139,0.1579,0.9500,0.00,0.00,0.00,0.00
1701.00,180.000,180.000,170.000,175.000,180.256,179.963,170.053,153.168,180.166,179.963,169.962,159.155,188.880,179.431,189.077,377.847,0.0936,0.0145,0.1579,0.9500,0.00,0.00,0.00,0.00
1702.00,180.000,180.000,170.000,175.000,180.255,179.963,170.053,153.208,180.157,179.957,169.961,159.190,188.942,179.490,189.078,377.876,0.0941,0.0151,0.1579,0.9500,0.00,0.00,0.00,0.00
1703.00,180.000,180.000,170.000,175.000,180.254,179.963,170.052,153.247,180.149,179.952,169.960,159.225,189.030,179.543,189.078,377.904,0.0945,0.0156,0.1579,0.9500,0.00,0.00,0.00,0.00
1704.00,180.000,180.000,170.000,175.000,180.254,179.963,170.051,153.287,180.141,179.946,169.959,159.260,189.109,179.591,189.079,377.933,0.0949,0.0162,0.1578,0.9500,0.00,0.00,0.00,0.00
1705.00,180.000,180.000,170.000,175.000,180.253,179.963,170.051,153.327,180.133,179.941,169.957,159.295,189.180,179.665,189.079,377.962,0.0953,0.0166,0.1578,0.9500,0.00,0.00,0.00,0.00
1706.00,180.000,180.000,170.000,175.000,180.252,179.962,170.050,153.367,180.125,179.936,169.956,159.329,189.244,179.731,189.080,377.990,0.0957,0.0171,0.1578,0.9500,0.00,0.00,0.00,0.00
1707.00,180.000,180.000,170.000,175.000,180.251,179.962,170.049,153.406,180.118,179.931,169.957,159.364,189.302,179.791,190.253,378.019,0.0960,0.0175,0.2276,0.9500,0.00,0.00,0.00,0.00
1708.00,180.000,180.000,170.000,175.000,180.250,179.962,170.049,153.446,180.110,179.926,169.959,159.399,189.386,179.844,191.250,378.047,0.0963,0.0180,0.2249,0.9500,0.00,0.00,0.00,0.00
1709.00,180.000,180.000,170.000,175.000,180.249,179.962,170.048,153.486,180.104,179.921,169.963,159.433,190.053,179.908,192.121,378.076,0.1668,0.0183,0.2223,0.9500,0.00,0.00,0.00,0.00
1710.00,180.000,180.000,170.000,175.000,180.248,179.962,170.048,153.525,180.099,179.916,169.969,159.468,191.171,179.981,192.862,378.104,0.1638,0.0187,0.2198,0.9500,0.00,0.00,0.00,0.00
1711.00,180.000,180.000,170.000,175.000,180.247,179.961,170.047,153.565,180.097,179.912,169.975,159.502,192.135,180.047,193.500,378.133,0.1610,0.0191,0.2174,0.9500,0.00,0.00,0.00,0.00
1712.00,180.000,180.000,170.000,175.000,180.246,179.961,170.047,153.604,180.096,179.907,169.983,159.537,192.959,180.106,194.047,378.161,0.1583,0.0194,0.2152,0.9500,0.00,0.00,0.00,0.00
1713.00,180.000,180.000,170.000,175.000,180.245,179.961,170.046,153.644,180.096,179.903,169.992,159.571,193.672,180.159,194.493,378.189,0.1558,0.0197,0.2131,0.9500,0.00,0.00,0.00,0.00
1714.00,180.000,180.000,170.000,175.000,180.244,179.960,170.046,153.683,180.098,179.899,170.001,159.606,194.271,180.206,194.866,378.218,0.1534,0.0200,0.2110,0.9500,0.00,0.00,0.00,0.00
1715.00,180.000,180.000,170.000,175.000,180.243,179.960,170.046,153.723,180.100,179.895,170.011,159.640,194.782,180.281,195.172,378.246,0.1512,0.0203,0.2091,0.9500,0.00,0.00,0.00,0.00
1716.00,180.000,180.000,170.000,175.000,180.242,179.959,170.045,153.762,180.104,179.891,170.022,159.675,195.196,180.348,195.435,378.274,0.1491,0.0206,0.2073,0.9500,0.00,0.00,0.00,0.00
1717.00,180.000,180.000,170.000,175.000,180.242,179.959,170.045,153.801,180.108,179.887,170.033,159.709,195.540,180.408,195.641,378.303,0.1471,0.0208,0.2056,0.9500,0.00,0.00,0.00,0.00
1718.00,180.000,180.000,170.000,175.000,180.241,179.958,170.045,153.841,180.113,179.883,170.044,159.743,195.836,180.462,195.796,378.331,0.1452,0.0211,0.2039,0.9500,0.00,0.00,0.00,0.00
1719.00,180.000,180.000,170.000,175.000,180.240,179.958,170.045,153.880,180.118,179.880,170.056,159.777,196.073,180.511,195.906,378.359,0.1435,0.0213,0.2024,0.9500,0.00,0.00,0.00,0.00
1720.00,180.000,180.000,170.000,175.000,180.239,179.957,170.045,153.919,180.124,179.876,170.067,159.812,196.256,180.555,195.990,378.387,0.1418,0.0215,0.2009,0.9500,0.00,0.00,0.00,0.00
1721.00,180.000,180.000,170.000,175.000,180.238,179.957,170.046,153.958,180.130,179.873,170.079,159.846,196.391,180.594,196.051,378.415,0.1402,0.0217,0.1995,0.9500,0.00,0.00,0.00,0.00
1722.00,180.000,180.000,170.000,175.000,180.238,179.956,170.046,153.998,180.136,179.869,170.091,159.880,196.497,180.629,196.076,378.443,0.1388,0.0219,0.1982,0.9500,0.00,0.00,0.00,0.00
1723.00,180.000,180.000,170.000,175.000,180.237,179.956,170.046,154.037,180.143,179.866,170.103,159.914,196.562,180.660,196.082,378.472,0.1374,0.0221,0.1969,0.9500,0.00,0.00,0.00,0.00
1724.00,180.000,180.000,170.000,175.000,180.236,179.955,170.047,154.076,180.149,179.863,170.115,159.948,196.607,180.721,196.074,378.500,0.1360,0.0222,0.1957,0.9500,0.00,0.00,0.00,0.00
1725.00,180.000,180.000,170.000,175.000,180.236,179.954,170.047,154.115,180.156,179.860,170.126,159.982,196.616,180.775,196.035,378.528,0.1348,0.0224,0.1945,0.9500,0.00,0.00,0.00,0.00
1726.00,180.000,180.000,170.000,175.000,180.235,179.954,170.048,154.154,180.162,179.857,170.138,160.016,196.625,180.823,195.984,378.556,0.1336,0.0226,0.1934,0.9500,0.00,0.00,0.00,0.00
1727.00,180.000,180.000,170.000,175.000,180.235,179.953,170.048,154.193,180.169,179.854,170.150,160.050,196.603,180.867,195.924,378.584,0.1325,0.0227,0.1924,0.9500,0.00,0.00,0.00,0.00
1728.00,180.000,180.000,170.000,175.000,180.234,179.952,170.049,154.232,180.175,179.851,170.161,160.084,196.567,180.907,195.854,378.612,0.1315,0.0228,0.1914,0.9500,0.00,0.00,0.00,0.00
1729.00,180.000,180.000,170.000,175.000,180.234,179.952,170.050,154.271,180.182,179.848,170.172,160.118,196.520,180.942,195.776,378.640,0.1305,0.0230,0.1905,0.9500,0.00,0.00,0.00,0.00
1730.00,180.000,180.000,170.000,175.000,180.234,179.951,170.050,154.310,180.188,179.846,170.183,160.152,196.462,180.974,195.115,378.668,0.1295,0.0231,0.1191,0.9500,0.00,0.00,0.00,0.00
1731.00,180.000,180.000,170.000,175.000,180.233,179.950,170.051,154.349,180.195,179.843,170.191,160.186,196.395,181.002,193.971,378.695,0.1286,0.0232,0.1210,0.9500,0.00,0.00,0.00,0.00
1732.00,180.000,180.000,170.000,175.000,180.233,179.950,170.052,154.387,180.201,179.841,170.198,160.220,196.335,181.519,192.968,378.723,0.1278,0.0814,0.1228,0.9500,0.00,0.00,0.00,0.00
1733.00,180.000,180.000,170.000,175.000,180.233,179.949,170.053,154.426,180.207,179.840,170.203,160.254,196.250,182.404,192.076,378.751,0.1270,0.0788,0.1246,0.9500,0.00,0.00,0.00,0.00
1734.00,180.000,180.000,170.000,175.000,180.233,179.948,170.054,154.465,180.213,179.841,170.206,160.288,196.174,183.174,191.302,378.779,0.1262,0.0763,0.1262,0.9500,0.00,0.00,0.00,0.00
1735.00,180.000,180.000,170.000,175.000,180.233,179.948,170.055,154.504,180.218,179.844,170.208,160.322,196.090,183.838,190.634,378.807,0.1255,0.0740,0.1278,0.9500,0.00,0.00,0.00,0.00
1736.00,180.000,180.000,170.000,175.000,180.232,179.947,170.056,154.543,180.224,179.847,170.209,160.355,195.999,184.392,190.046,378.835,0.1248,0.0718,0.1293,0.9500,0.00,0.00,0.00,0.00
1737.00,180.000,180.000,170.000,175.000,180.232,179.946,170.057,154.581,180.230,179.852,170.208,160.389,195.918,184.862,189.546,378.863,0.1242,0.0697,0.1307,0.9500,0.00,0.00,0.00,0.00
1738.00,180.000,180.000,170.000,175.000,180.232,179.946,170.058,154.620,180.235,179.857,170.207,160.423,195.828,185.256,189.109,378.890,0.1236,0.0677,0.1320,0.9500,0.00,0.00,0.00,0.00
1739.00,180.000,180.000,170.000,175.000,180.232,179.945,170.059,154.658,180.240,179.863,170.206,160.457,195.733,185.581,188.746,378.918,0.1230,0.0658,0.1333,0.9500,0.00,0.00,0.00,0.00
1740.00,180.000,180.000,170.000,175.000,180.232,179.944,170.060,154.697,180.245,179.869,170.203,160.491,195.647,185.843,188.417,378.946,0.1225,0.0640,0.1345,0.9500,0.00,0.00,0.00,0.00
1741.00,180.000,180.000,170.000,175.000,180.233,179.944,170.061,154.736,180.250,179.876,170.200,160.524,195.571,186.049,188.151,378.973,0.1219,0.0624,0.1356,0.9500,0.00,0.00,0.00,0.00
1742.00,180.000,180.000,170.000,175.000,180.233,179.944,170.062,154.774,180.255,179.883,170.197,160.558,195.470,186.220,187.926,379.001,0.1214,0.0608,0.1367,0.9500,0.00,0.00,0.00,0.00
1743.00,180.000,180.000,170.000,175.000,180.233,179.943,170.063,154.813,180.259,179.890,170.193,160.592,195.380,186.343,187.738,379.029,0.1210,0.0593,0.1377,0.9500,0.00,0.00,0.00,0.00
1744.00,180.000,180.000,170.000,175.000,180.233,179.943,170.064,154.851,180.264,179.897,170.189,160.626,195.300,186.440,187.585,379.056,0.1205,0.0579,0.1387,0.9500,0.00,0.00,0.00,0.00
1745.00,180.000,180.000,170.000,175.000,180.233,179.943,170.065,154.889,180.268,179.905,170.185,160.659,195.227,186.496,187.461,379.084,0.1201,0.0565,0.1396,0.9500,0.00,0.00,0.00,0.00
1746.00,180.000,180.000,170.000,175.000,180.233,179.942,170.065,154.928,180.272,179.913,170.181,160.693,195.146,186.531,187.365,379.112,0.1197,0.0552,0.1404,0.9500,0.00,0.00,0.00,0.00
1747.00,180.000,180.000,170.000,175.000,180.234,179.942,170.066,154.966,180.276,179.920,170.176,160.727,195.058,186.547,187.294,379.139,0.1193,0.0540,0.1413,0.9500,0.00,0.00,0.00,0.00
1748.00,180.000,180.000,170.000,175.000,180.234,179.942,170.067,155.005,180.280,179.928,170.172,160.760,194.979,186.531,187.228,379.167,0.1189,0.0529,0.1420,0.9500,0.00,0.00,0.00,0.00
1749.00,180.000,180.000,170.000,175.000,180.234,179.942,170.068,155.043,180.284,179.935,170.167,160.794,194.909,186.518,187.201,379.194,0.1185,0.0518,0.1428,0.9500,0.00,0.00,0.00,0.00
1750.00,180.000,180.000,170.000,175.000,180.235,179.942,170.068,155.081,180.288,179.943,170.162,160.827,194.846,186.474,187.176,379.222,0.1182,0.0508,0.1435,0.9500,0.00,0.00,0.00,0.00
1751.00,180.000,180.000,170.000,175.000,180.235,179.942,170.069,155.119,180.291,179.950,170.157,160.861,194.773,186.435,187.154,379.250,0.1179,0.0498,0.1442,0.9500,0.00,0.00,0.00,0.00
1752.00,180.000,180.000,170.000,175.000,180.235,179.942,170.069,155.158,180.295,179.958,170.153,160.895,194.692,186.368,187.165,379.277,0.1175,0.0489,0.1448,0.9500,0.00,0.00,0.00,0.00
1753.00,180.000,180.000,170.000,175.000,180.236,179.942,170.070,155.196,180.298,179.965,170.148,160.928,194.619,186.308,187.174,379.305,0.1172,0.0480,0.1454,0.9500,0.00,0.00,0.00,0.00
1754.00,180.000,180.000,170.000,175.000,180.236,179.942,170.071,155.234,180.301,179.972,170.143,160.962,194.555,186.238,187.183,379.332,0.1169,0.0472,0.1459,0.9500,0.00,0.00,0.00,0.00
1755.00,180.000,180.000,170.000,175.000,180.237,179.942,170.071,155.272,180.304,179.979,170.139,160.995,194.497,186.160,187.206,379.360,0.1167,0.0464,0.1465,0.9500,0.00,0.00,0.00,0.00
1756.00,180.000,180.000,170.000,175.000,180.237,179.943,170.071,155.310,180.307,179.985,170.134,161.029,194.445,186.090,187.243,379.387,0.1164,0.0457,0.1470,0.9500,0.00,0.00,0.00,0.00
1757.00,180.000,180.000,170.000,175.000,180.238,179.943,170.072,155.348,180.310,179.992,170.130,161.062,194.399,185.995,187.276,379.414,0.1161,0.0450,0.1475,0.9500,0.00,0.00,0.00,0.00
1758.00,180.000,180.000,170.000,175.000,180.238,179.943,170.072,155.386,180.313,179.998,170.125,161.096,194.341,185.910,187.305,379.442,0.1159,0.0443,0.1479,0.9500,0.00,0.00,0.00,0.00
1759.00,180.000,180.000,170.000,175.000,180.239,179.944,170.073,155.424,180.316,180.004,170.121,161.129,194.274,185.833,187.348,379.469,0.1156,0.0437,0.1483,0.9500,0.00,0.00,0.00,0.00
1760.00,180.000,180.000,170.000,175.000,180.239,179.944,170.073,155.462,180.319,180.010,170.117,161.163,194.214,185.732,187.402,379.497,0.1154,0.0431,0.1487,0.9500,0.00,0.00,0.00,0.00
1761.00,180.000,180.000,170.000,175.000,180.240,179.945,170.073,155.500,180.321,180.016,170.113,161.196,194.161,185.641,187.451,379.524,0.1152,0.0426,0.1491,0.9500,0.00,0.00,0.00,0.00
1762.00,180.000,180.000,170.000,175.000,180.240,179.945,170.073,155.538,180.324,180.022,170.109,161.229,194.113,185.560,187.495,379.551,0.1150,0.0420,0.1495,0.9500,0.00,0.00,0.00,0.00
1763.00,180.000,180.000,170.000,175.000,180.241,179.946,170.074,155.576,180.326,180.027,170.105,161.263,194.070,185.470,187.534,379.579,0.1147,0.0415,0.1498,0.9500,0.00,0.00,0.00,0.00
1764.00,180.000,180.000,170.000,175.000,180.241,179.946,170.074,155.614,180.329,180.032,170.101,161.296,194.032,185.373,187.586,379.606,0.1145,0.0411,0.1502,0.9500,0.00,0.00,0.00,0.00
1765.00,180.000,180.000,170.000,175.000,180.242,179.947,170.074,155.651,180.331,180.038,170.097,161.329,193.998,185.286,187.648,379.633,0.1143,0.0406,0.1505,0.9500,0.00,0.00,0.00,0.00
1766.00,180.000,180.000,170.000,175.000,180.243,179.947,170.074,155.689,180.333,180.042,170.094,161.363,193.968,185.208,187.704,379.661,0.1141,0.0402,0.1508,0.9500,0.00,0.00,0.00,0.00
1767.00,180.000,180.000,170.000,175.000,180.243,179.948,170.074,155.727,180.336,180.047,170.090,161.396,193.942,185.121,187.755,379.688,0.1140,0.0398,0.1510,0.9500,0.00,0.00,0.00,0.00
1768.00,180.000,180.000,170.000,175.000,180.244,179.949,170.074,155.765,180.338,180.052,170.087,161.429,193.886,185.027,187.800,379.715,0.1138,0.0394,0.1513,0.9500,0.00,0.00,0.00,0.00
1769.00,180.000,180.000,170.000,175.000,180.244,179.949,170.075,155.802,180.340,180.056,170.084,161.463,193.837,184.943,187.841,379.742,0.1136,0.0391,0.1515,0.9500,0.00,0.00,0.00,0.00
1770.00,180.000,180.000,170.000,175.000,180.245,179.950,170.075,155.840,180.342,180.060,170.081,161.496,193.793,184.867,187.878,379.770,0.1134,0.0387,0.1517,0.9500,0.00,0.00,0.00,0.00
1771.00,180.000,180.000,170.000,175.000,180.246,179.951,170.075,155.878,180.344,180.064,170.078,161.529,193.753,184.161,187.912,379.797,0.1133,0.0000,0.1520,0.9500,0.00,0.00,0.00,0.00
1772.00,180.000,180.000,170.000,175.000,180.246,179.951,170.075,155.915,180.346,180.066,170.075,161.562,193.718,183.522,187.958,379.824,0.1131,0.0000,0.1522,0.9500,0.00,0.00,0.00,0.00
1773.00,180.000,180.000,170.000,175.000,180.247,179.952,170.075,155.953,180.348,180.067,170.072,161.595,193.687,182.944,188.015,379.851,0.1129,0.0000,0.1524,0.9500,0.00,0.00,0.00,0.00
1774.00,180.000,180.000,170.000,175.000,180.248,179.953,170.075,155.990,180.350,180.066,170.069,161.629,193.660,182.421,188.067,379.878,0.1128,0.0000,0.1525,0.9500,0.00,0.00,0.00,0.00
1775.00,180.000,180.000,170.000,175.000,180.248,179.954,170.075,156.028,180.352,180.065,170.066,161.662,193.635,181.948,188.114,379.905,0.1126,0.0000,0.1527,0.9500,0.00,0.00,0.00,0.00
1776.00,180.000,180.000,170.000,175.000,180.249,179.954,170.075,156.065,180.354,180.063,170.064,161.695,193.614,181.519,188.156,379.933,0.1125,0.0000,0.1529,0.9500,0.00,0.00,0.00,0.00
1777.00,180.000,180.000,170.000,175.000,180.250,179.955,170.074,156.103,180.355,180.061,170.061,161.728,193.595,181.131,188.194,379.960,0.1123,0.0000,0.1530,0.9500,0.00,0.00,0.00,0.00
1778.00,180.000,180.000,170.000,175.000,180.250,179.956,170.074,156.140,180.357,180.057,170.059,161.761,192.988,180.779,188.228,379.987,0.0419,0.0000,0.1531,0.9500,0.00,0.00,0.00,0.00
1779.00,180.000,180.000,170.000,175.000,180.251,179.957,170.074,156.178,180.356,180.054,170.056,161.794,191.896,180.461,188.259,380.014,0.0450,0.0000,0.1533,0.9500,0.00,0.00,0.00,0.00
1780.00,180.000,180.000,170.000,175.000,180.252,179.957,170.074,156.215,180.354,180.049,170.054,161.827,190.971,180.172,188.287,380.041,0.0479,0.0000,0.1534,0.9500,0.00,0.00,0.00,0.00
1781.00,180.000,180.000,170.000,175.000,180.252,179.958,170.074,156.252,180.349,180.044,170.052,161.860,190.166,179.910,188.312,380.068,0.0506,0.0001,0.1535,0.9500,0.00,0.00,0.00,0.00
1782.00,180.000,180.000,170.000,175.000,180.253,179.958,170.074,156.290,180.344,180.039,170.050,161.893,189.486,179.705,188.334,380.095,0.0531,0.0015,0.1536,0.9500,0.00,0.00,0.00,0.00
1783.00,180.000,180.000,170.000,175.000,180.254,179.959,170.074,156.327,180.338,180.033,170.048,161.926,188.918,179.535,188.355,380.122,0.0555,0.0028,0.1537,0.9500,0.00,0.00,0.00,0.00
1784.00,180.000,180.000,170.000,175.000,180.254,179.959,170.073,156.364,180.330,180.027,170.046,161.959,188.435,179.396,188.373,380.149,0.0577,0.0040,0.1538,0.9500,0.00,0.00,0.00,0.00
1785.00,180.000,180.000,170.000,175.000,180.255,179.960,170.073,156.402,180.322,180.021,170.044,161.992,188.030,179.285,188.389,380.176,0.0598,0.0051,0.1539,0.9500,0.00,0.00,0.00,0.00
1786.00,180.000,180.000,170.000,175.000,180.255,179.960,170.073,156.439,180.313,180.015,170.042,162.025,187.696,179.200,188.404,380.203,0.0618,0.0062,0.1540,0.9500,0.00,0.00,0.00,0.00
1787.00,180.000,180.000,170.000,175.000,180.256,179.961,170.073,156.476,180.304,180.008,170.040,162.058,187.424,179.155,188.434,380.230,0.0636,0.0072,0.1541,0.9500,0.00,0.00,0.00,0.00
1788.00,180.000,180.000,170.000,175.000,180.256,179.961,170.073,156.513,180.294,180.002,170.038,162.090,187.210,179.113,188.476,380.257,0.0653,0.0082,0.1541,0.9500,0.00,0.00,0.00,0.00
1789.00,180.000,180.000,170.000,175.000,180.256,179.961,170.072,156.550,180.284,179.995,170.036,162.123,187.048,179.106,188.514,380.284,0.0669,0.0091,0.1542,0.9500,0.00,0.00,0.00,0.00
1790.00,180.000,180.000,170.000,175.000,180.256,179.961,170.072,156.587,180.274,179.989,170.034,162.156,186.916,179.100,188.549,380.310,0.0684,0.0099,0.1542,0.9500,0.00,0.00,0.00,0.00
1791.00,180.000,180.000,170.000,175.000,180.256,179.962,170.072,156.624,180.264,179.982,170.033,162.189,186.828,179.109,188.580,380.337,0.0697,0.0108,0.1543,0.9500,0.00,0.00,0.00,0.00
1792.00,180.000,180.000,170.000,175.000,180.256,179.962,170.072,156.661,180.253,179.976,170.031,162.221,186.764,179.133,188.608,380.364,0.0710,0.0115,0.1543,0.9500,0.00,0.00,0.00,0.00
1793.00,180.000,180.000,170.000,175.000,180.256,179.962,170.071,156.698,180.243,179.969,170.030,162.254,186.722,179.153,188.634,380.391,0.0722,0.0123,0.1544,0.9500,0.00,0.00,0.00,0.00
1794.00,180.000,180.000,170.000,175.000,180.256,179.962,170.071,156.735,180.233,179.963,170.028,162.287,186.715,179.203,188.657,380.418,0.0734,0.0130,0.1544,0.9500,0.00,0.00,0.00,0.00
1795.00,180.000,180.000,170.000,175.000,180.256,179.962,170.071,156.772,180.222,179.957,170.027,162.319,186.708,179.248,188.677,380.445,0.0744,0.0136,0.1545,0.9500,0.00,0.00,0.00,0.00
1796.00,180.000,180.000,170.000,175.000,180.256,179.962,170.071,156.809,180.212,179.951,170.025,162.352,186.733,179.287,188.696,380.471,0.0754,0.0143,0.1545,0.9500,0.00,0.00,0.00,0.00
1797.00,180.000,180.000,170.000,175.000,180.256,179.962,170.070,156.846,180.202,179.945,170.024,162.384,186.755,179.354,188.713,380.498,0.0763,0.0148,0.1545,0.9500,0.00,0.00,0.00,0.00
1798.00,180.000,180.000,170.000,175.000,180.255,179.962,170.070,156.883,180.191,179.939,170.023,162.417,186.807,179.414,188.728,380.525,0.0771,0.0154,0.1546,0.9500,0.00,0.00,0.00,0.00
1799.00,180.000,180.000,170.000,175.000,180.255,179.961,170.070,156.920,180.182,179.933,170.022,162.449,186.853,179.468,188.742,380.551,0.0779,0.0159,0.1546,0.9500,0.00,0.00,0.00,0.00
1800.00,180.000,180.000,170.000,175.000,180.254,179.961,170.069,156.957,180.172,179.928,170.020,162.482,186.910,179.533,188.754,380.578,0.0786,0.0164,0.1546,0.9500,0.00,0.00,0.00,0.00
1801.00,180.000,180.000,170.000,175.000,180.254,179.961,170.069,156.993,180.162,179.922,170.019,162.514,186.978,179.606,188.765,380.605,0.0793,0.0169,0.1546,0.9500,0.00,0.00,0.00,0.00
1802.00,180.000,180.000,170.000,175.000,180.253,179.961,170.069,157.030,180.152,179.917,170.018,162.547,187.038,179.672,188.775,380.631,0.0799,0.0173,0.1546,0.9500,0.00,0.00,0.00,0.00
1803.00,180.000,180.000,170.000,175.000,180.252,179.960,170.068,157.067,180.143,179.912,170.017,162.579,187.109,179.731,188.784,380.658,0.0804,0.0178,0.1547,0.9500,0.00,0.00,0.00,0.00
1804.00,180.000,180.000,170.000,175.000,180.252,179.960,170.068,157.103,180.134,179.907,170.016,162.611,187.188,179.784,188.792,380.685,0.0810,0.0182,0.1547,0.9500,0.00,0.00,0.00,0.00
1805.00,180.000,180.000,170.000,175.000,180.251,179.960,170.068,157.140,180.125,179.902,170.015,162.643,187.259,179.863,188.800,380.711,0.0815,0.0186,0.1547,0.9500,0.00,0.00,0.00,0.00
1806.00,180.000,180.000,170.000,175.000,180.250,179.959,170.067,157.177,180.116,179.897,170.014,162.676,187.323,179.934,188.806,380.738,0.1539,0.0189,0.1547,0.9500,0.00,0.00,0.00,0.00
1807.00,180.000,180.000,170.000,175.000,180.249,179.959,170.067,157.213,180.109,179.892,170.013,162.708,188.534,179.998,188.812,380.764,0.1510,0.0193,0.1547,0.9500,0.00,0.00,0.00,0.00
1808.00,180.000,180.000,170.000,175.000,180.248,179.958,170.067,157.250,180.104,179.888,170.012,162.740,189.580,180.055,188.818,380.791,0.1482,0.0196,0.1547,0.9500,0.00,0.00,0.00,0.00
1809.00,180.000,180.000,170.000,175.000,180.247,179.958,170.066,157.286,180.101,179.883,170.011,162.772,190.480,180.106,188.823,380.817,0.1456,0.0199,0.1547,0.9500,0.00,0.00,0.00,0.00
1810.00,180.000,180.000,170.000,175.000,180.246,179.957,170.066,157.323,180.099,179.879,170.010,162.804,191.262,180.169,188.827,380.844,0.1431,0.0202,0.1547,0.9500,0.00,0.00,0.00,0.00
1811.00,180.000,180.000,170.000,175.000,180.245,179.957,170.065,157.359,180.099,179.875,170.009,162.836,191.922,180.240,188.831,380.870,0.1408,0.0204,0.1547,0.9500,0.00,0.00,0.00,0.00
1812.00,180.000,180.000,170.000,175.000,180.244,179.956,170.065,157.396,180.099,179.871,170.008,162.868,192.487,180.304,188.834,380.896,0.1386,0.0207,0.1547,0.9500,0.00,0.00,0.00,0.00
1813.00,180.000,180.000,170.000,175.000,180.243,179.956,170.065,157.432,180.101,179.867,170.007,162.900,192.967,180.362,188.838,380.923,0.1366,0.0209,0.1547,0.9500,0.00,0.00,0.00,0.00
1814.00,180.000,180.000,170.000,175.000,180.242,179.955,170.064,157.469,180.104,179.863,170.006,162.932,193.370,180.414,188.840,380.949,0.1346,0.0212,0.1547,0.9500,0.00,0.00,0.00,0.00
1815.00,180.000,180.000,170.000,175.000,180.241,179.955,170.064,157.505,180.107,179.859,170.005,162.964,193.704,180.461,188.843,380.975,0.1328,0.0214,0.1547,0.9500,0.00,0.00,0.00,0.00
1816.00,180.000,180.000,170.000,175.000,180.241,179.954,170.063,157.541,180.111,179.855,170.004,162.996,193.974,180.502,188.845,381.002,0.1311,0.0216,0.1546,0.9500,0.00,0.00,0.00,0.00
1817.00,180.000,180.000,170.000,175.000,180.240,179.953,170.063,157.578,180.115,179.852,170.003,163.027,194.204,180.540,188.847,381.028,0.1294,0.0218,0.1546,0.9500,0.00,0.00,0.00,0.00
1818.00,180.000,180.000,170.000,175.000,180.239,179.953,170.063,157.614,180.120,179.848,170.002,163.059,194.380,180.573,188.849,381.054,0.1279,0.0220,0.1546,0.9500,0.00,0.00,0.00,0.00
1819.00,180.000,180.000,170.000,175.000,180.238,179.952,170.062,157.650,180.125,179.845,170.002,163.091,194.509,180.620,188.851,381.080,0.1265,0.0222,0.1546,0.9500,0.00,0.00,0.00,0.00
1820.00,180.000,180.000,170.000,175.000,180.237,179.951,170.062,157.686,180.130,179.842,170.001,163.123,194.610,180.677,188.852,381.106,0.1251,0.0223,0.1546,0.9500,0.00,0.00,0.00,0.00
1821.00,180.000,180.000,170.000,175.000,180.237,179.950,170.061,157.722,180.135,179.838,170.000,163.154,194.687,180.728,188.854,381.133,0.1238,0.0225,0.1546,0.9500,0.00,0.00,0.00,0.00
1822.00,180.000,180.000,170.000,175.000,180.236,179.950,170.061,157.759,180.141,179.836,169.999,163.186,194.725,181.249,188.855,381.159,0.1226,0.0807,0.1546,0.9500,0.00,0.00,0.00,0.00
1823.00,180.000,180.000,170.000,175.000,180.235,179.949,170.061,157.795,180.146,179.835,169.998,163.218,194.744,182.154,188.856,381.185,0.1214,0.0781,0.1545,0.9500,0.00,0.00,0.00,0.00
1824.00,180.000,180.000,170.000,175.000,180.235,179.948,170.060,157.831,180.152,179.835,169.998,163.249,194.747,182.942,188.857,381.211,0.1203,0.0757,0.1545,0.9500,0.00,0.00,0.00,0.00
1825.00,180.000,180.000,170.000,175.000,180.234,179.947,170.060,157.867,180.157,179.837,169.997,163.281,194.733,183.607,188.858,381.237,0.1193,0.0734,0.1545,0.9500,0.00,0.00,0.00,0.00
1826.00,180.000,180.000,170.000,175.000,180.234,179.947,170.059,157.903,180.163,179.840,169.996,163.313,194.707,184.177,188.859,381.263,0.1183,0.0712,0.1545,0.9500,0.00,0.00,0.00,0.00
1827.00,180.000,180.000,170.000,175.000,180.233,179.946,170.059,157.939,180.168,179.844,169.995,163.344,194.667,184.662,188.859,381.289,0.1174,0.0691,0.1545,0.9500,0.00,0.00,0.00,0.00
1828.00,180.000,180.000,170.000,175.000,180.233,179.945,170.059,157.975,180.173,179.849,169.995,163.376,194.616,185.068,188.860,381.315,0.1166,0.0672,0.1544,0.9500,0.00,0.00,0.00,0.00
1829.00,180.000,180.000,170.000,175.000,180.232,179.945,170.058,158.011,180.179,179.854,169.994,163.407,194.571,185.405,188.861,381.341,0.1157,0.0654,0.1544,0.9500,0.00,0.00,0.00,0.00
1830.00,180.000,180.000,170.000,175.000,180.232,179.944,170.058,158.047,180.184,179.860,169.993,163.439,194.500,185.678,188.861,381.367,0.1150,0.0636,0.1544,0.9500,0.00,0.00,0.00,0.00
1831.00,180.000,180.000,170.000,175.000,180.232,179.944,170.057,158.083,180.189,179.867,169.992,163.470,194.436,185.894,188.862,381.393,0.1142,0.0620,0.1544,0.9500,0.00,0.00,0.00,0.00
1832.00,180.000,180.000,170.000,175.000,180.232,179.943,170.057,158.118,180.194,179.873,169.992,163.502,194.362,186.057,188.862,381.419,0.1135,0.0604,0.1543,0.9500,0.00,0.00,0.00,0.00
1833.00,180.000,180.000,170.000,175.000,180.231,179.943,170.056,158.154,180.199,179.880,169.991,163.533,194.281,186.190,188.863,381.445,0.1128,0.0589,0.1543,0.9500,0.00,0.00,0.00,0.00
1834.00,180.000,180.000,170.000,175.000,180.231,179.942,170.056,158.190,180.203,179.888,169.990,163.565,194.208,186.295,188.863,381.471,0.1122,0.0575,0.1543,0.9500,0.00,0.00,0.00,0.00
1835.00,180.000,180.000,170.000,175.000,180.231,179.942,170.056,158.226,180.208,179.895,169.990,163.596,194.126,186.358,188.863,381.497,0.1116,0.0562,0.1543,0.9500,0.00,0.00,0.00,0.00
1836.00,180.000,180.000,170.000,175.000,180.231,179.942,170.055,158.262,180.212,179.902,169.989,163.627,194.038,186.400,188.864,381.522,0.1110,0.0549,0.1542,0.9500,0.00,0.00,0.00,0.00
1837.00,180.000,180.000,170.000,175.000,180.231,179.941,170.055,158.297,180.217,179.910,169.988,163.659,193.959,186.423,188.864,381.548,0.1105,0.0537,0.1542,0.9500,0.00,0.00,0.00,0.00
1838.00,180.000,180.000,170.000,175.000,180.231,179.941,170.054,158.333,180.221,179.917,169.988,163.690,193.888,186.412,188.865,381.574,0.1100,0.0526,0.1542,0.9500,0.00,0.00,0.00,0.00
1839.00,180.000,180.000,170.000,175.000,180.230,179.941,170.054,158.369,180.225,179.924,169.987,163.721,193.792,186.403,188.865,381.600,0.1095,0.0515,0.1542,0.9500,0.00,0.00,0.00,0.00
1840.00,180.000,180.000,170.000,175.000,180.230,179.941,170.053,158.404,180.229,179.931,169.986,163.753,193.707,186.364,188.865,381.626,0.1090,0.0505,0.1541,0.9500,0.00,0.00,0.00,0.00
1841.00,180.000,180.000,170.000,175.000,180.230,179.941,170.053,158.440,180.232,179.939,169.986,163.784,193.630,186.329,188.866,381.651,0.1086,0.0496,0.1541,0.9500,0.00,0.00,0.00,0.00
1842.00,180.000,180.000,170.000,175.000,180.230,179.941,170.052,158.475,180.236,179.946,169.985,163.815,193.561,186.266,188.866,381.677,0.1082,0.0487,0.1541,0.9500,0.00,0.00,0.00,0.00
1843.00,180.000,180.000,170.000,175.000,180.230,179.941,170.052,158.511,180.239,179.953,169.985,163.847,193.483,186.209,188.867,381.703,0.1078,0.0478,0.1540,0.9500,0.00,0.00,0.00,0.00
1844.00,180.000,180.000,170.000,175.000,180.231,179.941,170.052,158.546,180.243,179.959,169.984,163.878,193.398,186.127,188.867,381.728,0.1074,0.0470,0.1540,0.9500,0.00,0.00,0.00,0.00
1845.00,180.000,180.000,170.000,175.000,180.231,179.941,170.051,158.582,180.246,179.966,169.983,163.909,193.321,186.052,188.851,381.754,0.1070,0.0462,0.1540,0.9500,0.00,0.00,0.00,0.00
1846.00,180.000,180.000,170.000,175.000,180.231,179.941,170.051,158.617,180.249,179.972,169.983,163.941,193.253,185.970,188.821,381.780,0.1066,0.0455,0.1540,0.9500,0.00,0.00,0.00,0.00
1847.00,180.000,180.000,170.000,175.000,180.231,179.941,170.050,158.653,180.252,179.979,169.982,163.972,193.191,185.879,188.794,381.805,0.1063,0.0448,0.1539,0.9500,0.00,0.00,0.00,0.00
1848.00,180.000,180.000,170.000,175.000,180.231,179.942,170.050,158.688,180.255,179.985,169.982,164.003,193.136,185.798,189.362,381.831,0.1060,0.0442,0.2244,0.9500,0.00,0.00,0.00,0.00
1849.00,180.000,180.000,170.000,175.000,180.231,179.942,170.049,158.723,180.258,179.991,169.984,164.034,193.055,185.709,190.424,381.857,0.1057,0.0436,0.2216,0.9500,0.00,0.00,0.00,0.00
1850.00,180.000,180.000,170.000,175.000,180.231,179.942,170.049,158.759,180.260,179.996,169.987,164.065,192.982,185.613,191.320,381.882,0.1054,0.0430,0.2190,0.9500,0.00,0.00,0.00,0.00
1851.00,180.000,180.000,170.000,175.000,180.232,179.943,170.048,158.794,180.263,180.002,169.992,164.097,192.917,185.527,192.100,381.908,0.1051,0.0424,0.2165,0.9500,0.00,0.00,0.00,0.00
1852.00,180.000,180.000,170.000,175.000,180.232,179.943,170.048,158.829,180.265,180.007,169.998,164.128,192.859,185.450,192.774,381.934,0.1048,0.0419,0.2141,0.9500,0.00,0.00,0.00,0.00
1853.00,180.000,180.000,170.000,175.000,180.232,179.944,170.048,158.865,180.268,180.013,170.006,164.159,192.807,185.348,193.337,381.959,0.1045,0.0414,0.2118,0.9500,0.00,0.00,0.00,0.00
1854.00,180.000,180.000,170.000,175.000,180.232,179.944,170.048,158.900,180.270,180.018,170.014,164.190,192.760,185.256,193.815,381.985,0.1043,0.0410,0.2096,0.9500,0.00,0.00,0.00,0.00
1855.00,180.000,180.000,170.000,175.000,180.232,179.945,170.047,158.935,180.272,180.022,170.023,164.221,192.718,185.174,194.217,382.010,0.1040,0.0405,0.2076,0.9500,0.00,0.00,0.00,0.00
1856.00,180.000,180.000,170.000,175.000,180.233,179.945,170.047,158.970,180.274,180.027,170.033,164.252,192.665,185.099,194.548,382.036,0.1038,0.0401,0.2056,0.9500,0.00,0.00,0.00,0.00
1857.00,180.000,180.000,170.000,175.000,180.233,179.946,170.047,159.005,180.276,180.032,170.043,164.283,192.601,185.016,194.817,382.061,0.1036,0.0397,0.2038,0.9500,0.00,0.00,0.00,0.00
1858.00,180.000,180.000,170.000,175.000,180.233,179.946,170.047,159.041,180.278,180.036,170.054,164.314,192.545,184.926,195.030,382.087,0.1033,0.0393,0.2020,0.9500,0.00,0.00,0.00,0.00
1859.00,180.000,180.000,170.000,175.000,180.234,179.947,170.047,159.076,180.280,180.040,170.065,164.345,192.494,184.844,195.191,382.112,0.1031,0.0390,0.2003,0.9500,0.00,0.00,0.00,0.00
1860.00,180.000,180.000,170.000,175.000,180.234,179.947,170.047,159.111,180.282,180.044,170.077,164.376,192.448,184.771,195.321,382.138,0.1029,0.0386,0.1988,0.9500,0.00,0.00,0.00,0.00
1861.00,180.000,180.000,170.000,175.000,180.234,179.948,170.048,159.146,180.284,180.048,170.088,164.407,192.408,184.704,195.408,382.163,0.1027,0.0383,0.1972,0.9500,0.00,0.00,0.00,0.00
1862.00,180.000,180.000,170.000,175.000,180.235,179.949,170.048,159.181,180.286,180.052,170.100,164.438,192.371,184.645,195.472,382.188,0.1025,0.0380,0.1958,0.9500,0.00,0.00,0.00,0.00
1863.00,180.000,180.000,170.000,175.000,180.235,179.949,170.048,159.216,180.287,180.056,170.111,164.469,192.339,184.575,195.499,382.214,0.1023,0.0377,0.1945,0.9500,0.00,0.00,0.00,0.00
1864.00,180.000,180.000,170.000,175.000,180.235,179.950,170.049,159.251,180.289,180.059,170.123,164.500,192.310,184.496,195.508,382.239,0.1021,0.0000,0.1932,0.9500,0.00,0.00,0.00,0.00
1865.00,180.000,180.000,170.000,175.000,180.236,179.951,170.049,159.286,180.291,180.062,170.135,164.531,192.285,183.820,195.501,382.265,0.1020,0.0000,0.1919,0.9500,0.00,0.00,0.00,0.00
1866.00,180.000,180.000,170.000,175.000,180.236,179.952,170.050,159.321,180.292,180.063,170.146,164.562,192.231,183.208,195.465,382.290,0.1018,0.0000,0.1908,0.9500,0.00,0.00,0.00,0.00
1867.00,180.000,180.000,170.000,175.000,180.236,179.952,170.050,159.355,180.294,180.063,170.158,164.593,192.182,182.655,194.840,382.315,0.1016,0.0000,0.1191,0.9500,0.00,0.00,0.00,0.00
1868.00,180.000,180.000,170.000,175.000,180.237,179.953,170.051,159.390,180.295,180.062,170.166,164.624,192.138,182.154,193.730,382.341,0.1014,0.0000,0.1208,0.9500,0.00,0.00,0.00,0.00
1869.00,180.000,180.000,170.000,175.000,180.237,179.954,170.052,159.425,180.296,180.061,170.174,164.655,192.099,181.700,192.741,382.366,0.1013,0.0000,0.1225,0.9500,0.00,0.00,0.00,0.00
1870.00,180.000,180.000,170.000,175.000,180.238,179.955,170.053,159.460,180.298,180.058,170.179,164.686,192.065,181.290,191.879,382.391,0.1011,0.0000,0.1240,0.9500,0.00,0.00,0.00,0.00
1871.00,180.000,180.000,170.000,175.000,180.238,179.955,170.054,159.495,180.299,180.055,170.183,164.716,192.034,180.918,191.132,382.417,0.1010,0.0000,0.1255,0.9500,0.00,0.00,0.00,0.00
1872.00,180.000,180.000,170.000,175.000,180.238,179.956,170.054,159.529,180.300,180.051,170.185,164.747,192.006,180.581,190.472,382.442,0.1008,0.0000,0.1269,0.9500,0.00,0.00,0.00,0.00
1873.00,180.000,180.000,170.000,175.000,180.239,179.956,170.055,159.564,180.301,180.047,170.187,164.778,191.982,180.276,189.891,382.467,0.1006,0.0000,0.1282,0.9500,0.00,0.00,0.00,0.00
1874.00,180.000,180.000,170.000,175.000,180.239,179.957,170.056,159.599,180.303,180.042,170.187,164.809,191.960,179.999,189.397,382.492,0.1005,0.0000,0.1294,0.9500,0.00,0.00,0.00,0.00
1875.00,180.000,180.000,170.000,175.000,180.240,179.958,170.057,159.633,180.304,180.037,170.187,164.839,191.941,179.748,188.967,382.518,0.1004,0.0000,0.1306,0.9500,0.00,0.00,0.00,0.00
1876.00,180.000,180.000,170.000,175.000,180.240,179.958,170.058,159.668,180.305,180.031,170.186,164.870,191.924,179.537,188.593,382.543,0.1002,0.0012,0.1318,0.9500,0.00,0.00,0.00,0.00
1877.00,180.000,180.000,170.000,175.000,180.240,179.959,170.059,159.703,180.306,180.025,170.184,164.901,191.909,179.361,188.271,382.568,0.1001,0.0025,0.1328,0.9500,0.00,0.00,0.00,0.00
1878.00,180.000,180.000,170.000,175.000,180.241,179.959,170.060,159.737,180.307,180.019,170.182,164.931,191.880,179.233,187.995,382.593,0.0999,0.0037,0.1338,0.9500,0.00,0.00,0.00,0.00
1879.00,180.000,180.000,170.000,175.000,180.241,179.959,170.060,159.772,180.308,180.012,170.179,164.962,191.838,179.132,187.762,382.618,0.0998,0.0049,0.1348,0.9500,0.00,0.00,0.00,0.00
1880.00,180.000,180.000,170.000,175.000,180.242,179.960,170.061,159.806,180.309,180.005,170.176,164.993,191.801,179.057,187.566,382.644,0.0997,0.0059,0.1357,0.9500,0.00,0.00,0.00,0.00
1881.00,180.000,180.000,170.000,175.000,180.242,179.960,170.062,159.841,180.310,179.999,170.173,165.023,191.768,179.004,187.405,382.669,0.0995,0.0070,0.1366,0.9500,0.00,0.00,0.00,0.00
1882.00,180.000,180.000,170.000,175.000,180.243,179.960,170.063,159.875,180.311,179.992,170.169,165.054,191.738,178.971,187.274,382.694,0.0994,0.0080,0.1374,0.9500,0.00,0.00,0.00,0.00
1883.00,180.000,180.000,170.000,175.000,180.243,179.961,170.063,159.910,180.312,179.985,170.165,165.085,191.711,178.956,187.156,382.719,0.0993,0.0089,0.1381,0.9500,0.00,0.00,0.00,0.00
1884.00,180.000,180.000,170.000,175.000,180.244,179.961,170.064,159.944,180.313,179.978,170.161,165.115,191.688,178.958,187.081,382.744,0.0991,0.0098,0.1389,0.9500,0.00,0.00,0.00,0.00
1885.00,180.000,180.000,170.000,175.000,180.244,179.961,170.065,159.979,180.314,179.971,170.157,165.146,191.667,178.976,187.012,382.769,0.0990,0.0106,0.1396,0.9500,0.00,0.00,0.00,0.00
1886.00,180.000,180.000,170.000,175.000,180.245,179.961,170.065,160.013,180.315,179.964,170.153,165.176,191.649,179.007,186.950,382.794,0.0989,0.0114,0.1402,0.9500,0.00,0.00,0.00,0.00
1887.00,180.000,180.000,170.000,175.000,180.245,179.961,170.066,160.047,180.316,179.958,170.149,165.207,191.632,179.034,186.925,382.819,0.0987,0.0121,0.1409,0.9500,0.00,0.00,0.00,0.00
1888.00,180.000,180.000,170.000,175.000,180.246,179.961,170.066,160.082,180.316,179.951,170.145,165.237,191.618,179.090,186.902,382.844,0.0986,0.0128,0.1414,0.9500,0.00,0.00,0.00,0.00
1889.00,180.000,180.000,170.000,175.000,180.246,179.961,170.067,160.116,180.317,179.945,170.140,165.268,191.606,179.140,186.881,382.869,0.0985,0.0135,0.1420,0.9500,0.00,0.00,0.00,0.00
1890.00,180.000,180.000,170.000,175.000,180.246,179.961,170.067,160.150,180.318,179.938,170.136,165.298,191.595,179.184,186.894,382.894,0.0984,0.0141,0.1425,0.9500,0.00,0.00,0.00,0.00
1891.00,180.000,180.000,170.000,175.000,180.247,179.960,170.068,160.185,180.319,179.932,170.132,165.328,191.585,179.256,186.905,382.919,0.0983,0.0147,0.1430,0.9500,0.00,0.00,0.00,0.00
1892.00,180.000,180.000,170.000,175.000,180.247,179.960,170.068,160.219,180.320,179.926,170.128,165.359,191.577,179.320,186.915,382.944,0.0981,0.0153,0.1435,0.9500,0.00,0.00,0.00,0.00
1893.00,180.000,180.000,170.000,175.000,180.248,179.960,170.069,160.253,180.321,179.920,170.123,165.389,191.570,179.377,186.924,382.969,0.0980,0.0158,0.1439,0.9500,0.00,0.00,0.00,0.00
1894.00,180.000,180.000,170.000,175.000,180.248,179.960,170.069,160.287,180.321,179.914,170.119,165.420,191.548,179.445,186.948,382.994,0.0979,0.0163,0.1444,0.9500,0.00,0.00,0.00,0.00
1895.00,180.000,180.000,170.000,175.000,180.249,179.959,170.069,160.321,180.322,179.908,170.115,165.450,191.513,179.522,186.984,383.019,0.0978,0.0168,0.1448,0.9500,0.00,0.00,0.00,0.00
1896.00,180.000,180.000,170.000,175.000,180.249,179.959,170.070,160.356,180.323,179.903,170.111,165.480,191.481,179.590,187.018,383.044,0.0977,0.0173,0.1452,0.9500,0.00,0.00,0.00,0.00
1897.00,180.000,180.000,170.000,175.000,180.250,179.959,170.070,160.390,180.324,179.897,170.107,165.510,191.453,179.652,187.047,383.069,0.0976,0.0177,0.1455,0.9500,0.00,0.00,0.00,0.00
1898.00,180.000,180.000,170.000,175.000,180.250,179.958,170.070,160.424,180.324,179.892,170.103,165.541,190.839,179.707,187.074,383.093,0.0271,0.0181,0.1458,0.9500,0.00,0.00,0.00,0.00
1899.00,180.000,180.000,170.000,175.000,180.251,179.958,170.070,160.458,180.322,179.887,170.100,165.571,189.771,179.788,187.114,383.118,0.0303,0.0185,0.1462,0.9500,0.00,0.00,0.00,0.00
1900.00,180.000,180.000,170.000,175.000,180.251,179.957,170.071,160.492,180.318,179.882,170.096,165.601,188.852,179.861,187.165,383.143,0.0332,0.0188,0.1465,0.9500,0.00,0.00,0.00,0.00
1901.00,180.000,180.000,170.000,175.000,180.252,179.957,170.071,160.526,180.313,179.877,170.092,165.631,188.069,179.927,187.212,383.168,0.0359,0.0192,0.1468,0.9500,0.00,0.00,0.00,0.00
1902.00,180.000,180.000,170.000,175.000,180.252,179.956,170.071,160.560,180.307,179.872,170.089,165.662,187.392,179.986,187.253,383.193,0.0385,0.0195,0.1470,0.9500,0.00,0.00,0.00,0.00
1903.00,180.000,180.000,170.000,175.000,180.252,179.956,170.071,160.594,180.299,179.868,170.086,165.692,186.827,180.039,187.291,383.217,0.0409,0.0198,0.1473,0.9500,0.00,0.00,0.00,0.00
1904.00,180.000,180.000,170.000,175.000,180.253,179.955,170.071,160.628,180.291,179.863,170.082,165.722,186.363,180.086,187.325,383.242,0.0432,0.0201,0.1475,0.9500,0.00,0.00,0.00,0.00
1905.00,180.000,180.000,170.000,175.000,180.253,179.955,170.071,160.662,180.282,179.859,170.079,165.752,185.975,180.160,187.355,383.267,0.0453,0.0204,0.1477,0.9500,0.00,0.00,0.00,0.00
1906.00,180.000,180.000,170.000,175.000,180.253,179.954,170.071,160.695,180.272,179.855,170.076,165.782,185.655,180.227,187.382,383.292,0.0472,0.0206,0.1480,0.9500,0.00,0.00,0.00,0.00
1907.00,180.000,180.000,170.000,175.000,180.253,179.953,170.071,160.729,180.262,179.850,170.073,165.812,185.397,180.287,187.423,383.316,0.0491,0.0209,0.1482,0.9500,0.00,0.00,0.00,0.00
1908.00,180.000,180.000,170.000,175.000,180.253,179.953,170.071,160.763,180.251,179.846,170.070,165.842,185.178,180.341,187.475,383.341,0.0508,0.0211,0.1483,0.9500,0.00,0.00,0.00,0.00
1909.00,180.000,180.000,170.000,175.000,180.253,179.952,170.071,160.797,180.240,179.843,170.067,165.872,185.011,180.390,187.522,383.366,0.0524,0.0214,0.1485,0.9500,0.00,0.00,0.00,0.00
1910.00,180.000,180.000,170.000,175.000,180.253,179.951,170.071,160.831,180.229,179.839,170.064,165.902,184.892,180.433,187.564,383.390,0.0539,0.0216,0.1487,0.9500,0.00,0.00,0.00,0.00
1911.00,180.000,180.000,170.000,175.000,180.253,179.950,170.071,160.864,180.218,179.835,170.061,165.932,184.800,180.472,187.603,383.415,0.0553,0.0218,0.1488,0.9500,0.00,0.00,0.00,0.00
1912.00,180.000,180.000,170.000,175.000,180.253,179.950,170.071,160.898,180.207,179.832,170.059,165.962,184.731,180.998,187.637,383.440,0.0566,0.0793,0.1490,0.9500,0.00,0.00,0.00,0.00
1913.00,180.000,180.000,170.000,175.000,180.252,179.949,170.071,160.932,180.195,179.830,170.056,165.992,184.700,181.891,187.668,383.464,0.0578,0.0768,0.1491,0.9500,0.00,0.00,0.00,0.00
1914.00,180.000,180.000,170.000,175.000,180.252,179.948,170.071,160.965,180.184,179.830,170.054,166.022,184.688,182.668,187.696,383.489,0.0589,0.0744,0.1492,0.9500,0.00,0.00,0.00,0.00
1915.00,180.000,180.000,170.000,175.000,180.252,179.947,170.071,160.999,180.173,179.832,170.051,166.052,184.692,183.339,187.721,383.513,0.0600,0.0722,0.1494,0.9500,0.00,0.00,0.00,0.00
1916.00,180.000,180.000,170.000,175.000,180.251,179.946,170.071,161.033,180.161,179.834,170.049,166.081,184.727,183.914,187.743,383.538,0.0610,0.0701,0.1495,0.9500,0.00,0.00,0.00,0.00
1917.00,180.000,180.000,170.000,175.000,180.250,179.946,170.070,161.066,180.150,179.838,170.046,166.111,184.757,184.403,187.763,383.562,0.0619,0.0681,0.1496,0.9500,0.00,0.00,0.00,0.00
1918.00,180.000,180.000,170.000,175.000,180.250,179.945,170.070,161.100,180.140,179.842,170.044,166.141,185.391,184.814,187.781,383.587,0.1339,0.0662,0.1497,0.9500,0.00,0.00,0.00,0.00
1919.00,180.000,180.000,170.000,175.000,180.249,179.944,170.070,161.133,180.131,179.847,170.042,166.171,186.510,185.154,187.797,383.611,0.1314,0.0644,0.1498,0.9500,0.00,0.00,0.00,0.00
1920.00,180.000,180.000,170.000,175.000,180.248,179.944,170.070,161.167,180.125,179.852,170.040,166.200,187.473,185.430,187.812,383.636,0.1290,0.0627,0.1499,0.9500,0.00,0.00,0.00,0.00
1921.00,180.000,180.000,170.000,175.000,180.247,179.943,170.070,161.200,180.120,179.858,170.037,166.230,188.312,185.648,187.825,383.660,0.1268,0.0611,0.1499,0.9500,0.00,0.00,0.00,0.00
1922.00,180.000,180.000,170.000,175.000,180.247,179.943,170.070,161.234,180.117,179.864,170.035,166.259,189.040,185.831,187.837,383.685,0.1247,0.0596,0.1500,0.9500,0.00,0.00,0.00,0.00
1923.00,180.000,180.000,170.000,175.000,180.246,179.942,170.069,161.267,180.115,179.871,170.033,166.289,189.667,185.965,187.879,383.709,0.1227,0.0582,0.1501,0.9500,0.00,0.00,0.00,0.00
1924.00,180.000,180.000,170.000,175.000,180.245,179.942,170.069,161.301,180.114,179.877,170.031,166.319,190.202,186.070,187.918,383.734,0.1208,0.0568,0.1501,0.9500,0.00,0.00,0.00,0.00
1925.00,180.000,180.000,170.000,175.000,180.244,179.941,170.069,161.334,180.114,179.884,170.029,166.348,190.655,186.150,187.952,383.758,0.1190,0.0555,0.1502,0.9500,0.00,0.00,0.00,0.00
1926.00,180.000,180.000,170.000,175.000,180.243,179.941,170.069,161.368,180.115,179.891,170.027,166.377,191.049,186.191,187.983,383.782,0.1174,0.0543,0.1503,0.9500,0.00,0.00,0.00,0.00
1927.00,180.000,180.000,170.000,175.000,180.242,179.940,170.068,161.401,180.116,179.898,170.026,166.407,191.375,186.213,188.012,383.806,0.1158,0.0531,0.1503,0.9500,0.00,0.00,0.00,0.00
1928.00,180.000,180.000,170.000,175.000,180.241,179.940,170.068,161.434,180.118,179.905,170.024,166.436,191.638,186.217,188.037,383.831,0.1143,0.0520,0.1503,0.9500,0.00,0.00,0.00,0.00
1929.00,180.000,180.000,170.000,175.000,180.241,179.940,170.068,161.467,180.120,179.912,170.022,166.466,191.860,186.206,188.060,383.855,0.1129,0.0510,0.1504,0.9500,0.00,0.00,0.00,0.00
1930.00,180.000,180.000,170.000,175.000,180.240,179.940,170.067,161.501,180.123,179.919,170.021,166.495,192.047,186.180,188.081,383.879,0.1116,0.0500,0.1504,0.9500,0.00,0.00,0.00,0.00
1931.00,180.000,180.000,170.000,175.000,180.239,179.940,170.067,161.534,180.126,179.926,170.019,166.524,192.184,186.125,188.099,383.903,0.1104,0.0491,0.1505,0.9500,0.00,0.00,0.00,0.00
1932.00,180.000,180.000,170.000,175.000,180.238,179.940,170.067,161.567,180.130,179.932,170.017,166.554,192.292,186.077,188.116,383.928,0.1092,0.0482,0.1505,0.9500,0.00,0.00,0.00,0.00
1933.00,180.000,180.000,170.000,175.000,180.238,179.940,170.066,161.600,180.133,179.939,170.016,166.583,192.376,186.017,188.131,383.952,0.1081,0.0474,0.1505,0.9500,0.00,0.00,0.00,0.00
1934.00,180.000,180.000,170.000,175.000,180.237,179.940,170.066,161.634,180.137,179.945,170.014,166.612,192.435,185.947,188.145,383.976,0.1070,0.0466,0.1505,0.9500,0.00,0.00,0.00,0.00
1935.00,180.000,180.000,170.000,175.000,180.236,179.940,170.066,161.667,180.141,179.952,170.013,166.641,192.474,185.885,188.157,384.000,0.1060,0.0459,0.1506,0.9500,0.00,0.00,0.00,0.00
1936.00,180.000,180.000,170.000,175.000,180.236,179.940,170.065,161.700,180.145,179.958,170.012,166.670,192.479,185.797,188.168,384.024,0.1051,0.0451,0.1506,0.9500,0.00,0.00,0.00,0.00
1937.00,180.000,180.000,170.000,175.000,180.235,179.940,170.065,161.733,180.148,179.964,170.010,166.700,192.483,185.718,188.178,384.048,0.1042,0.0445,0.1506,0.9500,0.00,0.00,0.00,0.00
1938.00,180.000,180.000,170.000,175.000,180.234,179.940,170.065,161.766,180.152,179.970,170.009,166.729,192.472,185.647,188.188,384.072,0.1034,0.0439,0.1506,0.9500,0.00,0.00,0.00,0.00
1939.00,180.000,180.000,170.000,175.000,180.234,179.940,170.064,161.799,180.156,179.975,170.007,166.758,192.446,185.551,188.196,384.096,0.1026,0.0433,0.1506,0.9500,0.00,0.00,0.00,0.00
1940.00,180.000,180.000,170.000,175.000,180.233,179.940,170.064,161.832,180.160,179.981,170.006,166.787,192.424,185.465,188.203,384.120,0.1018,0.0427,0.1506,0.9500,0.00,0.00,0.00,0.00
1941.00,180.000,180.000,170.000,175.000,180.233,179.941,170.064,161.865,180.164,179.986,170.005,166.816,192.373,185.388,188.210,384.144,0.1011,0.0422,0.1506,0.9500,0.00,0.00,0.00,0.00
1942.00,180.000,180.000,170.000,175.000,180.232,179.941,170.063,161.898,180.167,179.991,170.004,166.845,192.327,185.302,188.216,384.168,0.1004,0.0416,0.1506,0.9500,0.00,0.00,0.00,0.00
1943.00,180.000,180.000,170.000,175.000,180.232,179.941,170.063,161.931,180.171,179.996,170.002,166.874,192.286,185.208,188.221,384.192,0.0998,0.0412,0.1506,0.9500,0.00,0.00,0.00,0.00
1944.00,180.000,180.000,170.000,175.000,180.232,179.942,170.062,161.964,180.174,180.001,170.001,166.903,192.218,185.124,188.226,384.216,0.0992,0.0407,0.1506,0.9500,0.00,0.00,0.00,0.00
1945.00,180.000,180.000,170.000,175.000,180.231,179.942,170.062,161.996,180.178,180.005,170.000,166.932,192.157,185.049,188.230,384.240,0.0986,0.0403,0.1506,0.9500,0.00,0.00,0.00,0.00
1946.00,180.000,180.000,170.000,175.000,180.231,179.943,170.061,162.029,180.181,180.010,169.999,166.961,192.103,184.981,188.234,384.264,0.0980,0.0399,0.1506,0.9500,0.00,0.00,0.00,0.00
1947.00,180.000,180.000,170.000,175.000,180.231,179.943,170.061,162.062,180.184,180.014,169.997,166.990,192.038,184.888,188.237,384.288,0.0975,0.0395,0.1506,0.9500,0.00,0.00,0.00,0.00
1948.00,180.000,180.000,170.000,175.000,180.230,179.944,170.061,162.095,180.187,180.018,169.996,167.019,191.964,184.804,188.241,384.312,0.0970,0.0391,0.1506,0.9500,0.00,0.00,0.00,0.00
1949.00,180.000,180.000,170.000,175.000,180.230,179.944,170.060,162.128,180.190,180.022,169.995,167.048,191.898,184.728,188.243,384.336,0.0965,0.0388,0.1506,0.9500,0.00,0.00,0.00,0.00
1950.00,180.000,180.000,170.000,175.000,180.230,179.945,170.060,162.160,180.193,180.026,169.994,167.077,191.839,184.659,188.246,384.360,0.0961,0.0385,0.1506,0.9500,0.00,0.00,0.00,0.00
1951.00,180.000,180.000,170.000,175.000,180.229,179.945,170.059,162.193,180.196,180.030,169.993,167.106,191.770,184.598,188.248,384.383,0.0957,0.0381,0.1506,0.9500,0.00,0.00,0.00,0.00
1952.00,180.000,180.000,170.000,175.000,180.229,179.946,170.059,162.226,180.198,180.034,169.992,167.135,191.692,184.526,188.250,384.407,0.0952,0.0379,0.1506,0.9500,0.00,0.00,0.00,0.00
1953.00,180.000,180.000,170.000,175.000,180.229,179.946,170.058,162.259,180.201,180.037,169.991,167.163,191.622,184.446,188.252,384.431,0.0948,0.0376,0.1506,0.9500,0.00,0.00,0.00,0.00
1954.00,180.000,180.000,170.000,175.000,180.229,179.947,170.058,162.291,180.203,180.040,169.989,167.192,191.560,184.374,188.254,384.455,0.0945,0.0373,0.1505,0.9500,0.00,0.00,0.00,0.00
1955.00,180.000,180.000,170.000,175.000,180.229,179.947,170.058,162.324,180.205,180.043,169.988,167.221,191.504,184.308,188.255,384.479,0.0941,0.0371,0.1505,0.9500,0.00,0.00,0.00,0.00
1956.00,180.000,180.000,170.000,175.000,180.229,179.948,170.057,162.356,180.208,180.046,169.987,167.250,191.438,184.249,188.257,384.502,0.0938,0.0368,0.1505,0.9500,0.00,0.00,0.00,0.00
1957.00,180.000,180.000,170.000,175.000,180.228,179.949,170.057,162.389,180.210,180.049,169.986,167.279,191.363,184.196,188.258,384.526,0.0934,0.0366,0.1505,0.9500,0.00,0.00,0.00,0.00
1958.00,180.000,180.000,170.000,175.000,180.228,179.949,170.056,162.421,180.212,180.052,169.985,167.308,191.295,184.148,188.259,384.550,0.0931,0.0364,0.1505,0.9500,0.00,0.00,0.00,0.00
1959.00,180.000,180.000,170.000,175.000,180.228,179.950,170.056,162.454,180.214,180.055,169.984,167.336,191.235,184.105,188.260,384.573,0.0928,0.0000,0.1505,0.9500,0.00,0.00,0.00,0.00
1960.00,180.000,180.000,170.000,175.000,180.228,179.951,170.055,162.486,180.215,180.057,169.983,167.365,191.180,183.461,188.261,384.597,0.0925,0.0000,0.1504,0.9500,0.00,0.00,0.00,0.00
1961.00,180.000,180.000,170.000,175.000,180.228,179.952,170.055,162.519,180.217,180.057,169.982,167.394,191.132,182.878,188.261,384.621,0.0922,0.0000,0.1504,0.9500,0.00,0.00,0.00,0.00
1962.00,180.000,180.000,170.000,175.000,180.228,179.952,170.054,162.551,180.219,180.057,169.981,167.423,191.089,182.350,188.262,384.644,0.0920,0.0000,0.1504,0.9500,0.00,0.00,0.00,0.00
1963.00,180.000,180.000,170.000,175.000,180.228,179.953,170.054,162.584,180.220,180.056,169.980,167.451,191.018,181.873,188.263,384.668,0.0917,0.0000,0.1504,0.9500,0.00,0.00,0.00,0.00
1964.00,180.000,180.000,170.000,175.000,180.228,179.954,170.053,162.616,180.222,180.053,169.979,167.480,190.954,181.440,188.263,384.692,0.0915,0.0000,0.1504,0.9500,0.00,0.00,0.00,0.00
1965.00,180.000,180.000,170.000,175.000,180.228,179.954,170.053,162.649,180.223,180.051,169.978,167.509,190.897,181.049,188.264,384.715,0.0912,0.0000,0.1503,0.9500,0.00,0.00,0.00,0.00
1966.00,180.000,180.000,170.000,175.000,180.228,179.955,170.052,162.681,180.224,180.047,169.977,167.537,190.846,180.694,188.264,384.739,0.0910,0.0000,0.1503,0.9500,0.00,0.00,0.00,0.00
1967.00,180.000,180.000,170.000,175.000,180.228,179.956,170.052,162.713,180.226,180.043,169.976,167.566,190.801,180.373,188.264,384.762,0.0908,0.0000,0.1503,0.9500,0.00,0.00,0.00,0.00
1968.00,180.000,180.000,170.000,175.000,180.228,179.956,170.051,162.745,180.227,180.038,169.975,167.595,190.760,180.081,188.265,384.786,0.0905,0.0000,0.1503,0.9500,0.00,0.00,0.00,0.00
1969.00,180.000,180.000,170.000,175.000,180.228,179.957,170.051,162.778,180.228,180.033,169.974,167.623,190.723,179.817,188.265,384.810,0.0903,0.0000,0.1502,0.9500,0.00,0.00,0.00,0.00
1970.00,180.000,180.000,170.000,175.000,180.228,179.957,170.050,162.810,180.229,180.027,169.973,167.652,190.690,179.578,188.265,384.833,0.0901,0.0000,0.1502,0.9500,0.00,0.00,0.00,0.00
1971.00,180.000,180.000,170.000,175.000,180.228,179.958,170.050,162.842,180.230,180.021,169.973,167.681,190.661,179.360,188.842,384.857,0.0899,0.0006,0.2207,0.9500,0.00,0.00,0.00,0.00
1972.00,180.000,180.000,170.000,175.000,180.228,179.958,170.049,162.874,180.231,180.015,169.974,167.709,190.603,179.195,189.895,384.880,0.0897,0.0019,0.2179,0.9500,0.00,0.00,0.00,0.00
1973.00,180.000,180.000,170.000,175.000,180.228,179.958,170.049,162.907,180.232,180.008,169.977,167.738,190.551,179.061,190.801,384.904,0.0895,0.0031,0.2153,0.9500,0.00,0.00,0.00,0.00
1974.00,180.000,180.000,170.000,175.000,180.228,179.959,170.048,162.939,180.233,180.001,169.982,167.766,190.505,178.954,191.572,384.927,0.0894,0.0043,0.2128,0.9500,0.00,0.00,0.00,0.00
1975.00,180.000,180.000,170.000,175.000,180.228,179.959,170.048,162.971,180.233,179.994,169.988,167.795,190.463,178.889,192.238,384.951,0.0892,0.0054,0.2104,0.9500,0.00,0.00,0.00,0.00
1976.00,180.000,180.000,170.000,175.000,180.228,179.959,170.047,163.003,180.234,179.987,169.995,167.823,190.426,178.830,192.810,384.974,0.0890,0.0065,0.2081,0.9500,0.00,0.00,0.00,0.00
1977.00,180.000,180.000,170.000,175.000,180.228,179.959,170.047,163.035,180.235,179.980,170.003,167.852,190.392,178.807,193.280,384.997,0.0888,0.0075,0.2059,0.9500,0.00,0.00,0.00,0.00
1978.00,180.000,180.000,170.000,175.000,180.228,179.959,170.047,163.067,180.235,179.973,170.012,167.880,190.362,178.786,193.674,385.021,0.0887,0.0084,0.2039,0.9500,0.00,0.00,0.00,0.00
1979.00,180.000,180.000,170.000,175.000,180.228,179.960,170.047,163.099,180.236,179.965,170.022,167.909,190.336,178.797,193.999,385.044,0.0885,0.0093,0.2019,0.9500,0.00,0.00,0.00,0.00
1980.00,180.000,180.000,170.000,175.000,180.228,179.960,170.046,163.131,180.237,179.958,170.032,167.937,190.312,178.808,194.262,385.068,0.0883,0.0102,0.2001,0.9500,0.00,0.00,0.00,0.00
1981.00,180.000,180.000,170.000,175.000,180.228,179.960,170.046,163.163,180.237,179.951,170.042,167.966,190.291,178.848,194.469,385.091,0.0882,0.0110,0.1983,0.9500,0.00,0.00,0.00,0.00
1982.00,180.000,180.000,170.000,175.000,180.228,179.959,170.046,163.195,180.238,179.944,170.053,167.994,190.272,178.884,194.641,385.114,0.0880,0.0118,0.1967,0.9500,0.00,0.00,0.00,0.00
1983.00,180.000,180.000,170.000,175.000,180.228,179.959,170.046,163.227,180.238,179.937,170.064,168.022,190.239,178.932,194.765,385.138,0.0879,0.0125,0.1951,0.9500,0.00,0.00,0.00,0.00
1984.00,180.000,180.000,170.000,175.000,180.228,179.959,170.047,163.259,180.239,179.931,170.075,168.051,190.194,178.991,194.863,385.161,0.0877,0.0132,0.1936,0.9500,0.00,0.00,0.00,0.00
1985.00,180.000,180.000,170.000,175.000,180.228,179.959,170.047,163.291,180.239,179.924,170.087,168.079,190.154,179.043,194.920,385.184,0.0876,0.0138,0.1921,0.9500,0.00,0.00,0.00,0.00
1986.00,180.000,180.000,170.000,175.000,180.228,179.959,170.047,163.323,180.239,179.917,170.098,168.107,190.117,179.106,194.956,385.208,0.0875,0.0144,0.1908,0.9500,0.00,0.00,0.00,0.00
1987.00,180.000,180.000,170.000,175.000,180.229,179.958,170.047,163.354,180.240,179.911,170.110,168.136,190.085,179.178,194.975,385.231,0.0873,0.0150,0.1895,0.9500,0.00,0.00,0.00,0.00
1988.00,180.000,180.000,170.000,175.000,180.229,179.958,170.048,163.386,180.240,179.905,170.121,168.164,190.056,179.243,194.960,385.254,0.0872,0.0156,0.1883,0.9500,0.00,0.00,0.00,0.00
1989.00,180.000,180.000,170.000,175.000,180.229,179.958,170.048,163.418,180.240,179.899,170.132,168.192,190.030,179.301,194.932,385.278,0.0870,0.0161,0.1871,0.9500,0.00,0.00,0.00,0.00
1990.00,180.000,180.000,170.000,175.000,180.229,179.957,170.049,163.450,180.240,179.893,170.144,168.221,190.007,179.385,194.891,385.301,0.0869,0.0166,0.1860,0.9500,0.00,0.00,0.00,0.00
1991.00,180.000,180.000,170.000,175.000,180.229,179.957,170.050,163.482,180.240,179.887,170.155,168.249,189.987,179.460,194.823,385.324,0.0868,0.0170,0.1850,0.9500,0.00,0.00,0.00,0.00
1992.00,180.000,180.000,170.000,175.000,180.229,179.956,170.050,163.513,180.241,179.881,170.165,168.277,189.968,179.528,194.155,385.347,0.0866,0.0175,0.1127,0.9500,0.00,0.00,0.00,0.00
1993.00,180.000,180.000,170.000,175.000,180.229,179.956,170.051,163.545,180.241,179.876,170.174,168.305,189.952,179.588,193.004,385.371,0.0865,0.0179,0.1146,0.9500,0.00,0.00,0.00,0.00
1994.00,180.000,180.000,170.000,175.000,180.229,179.955,170.052,163.577,180.241,179.870,170.180,168.333,189.938,179.659,191.996,385.394,0.0864,0.0183,0.1163,0.9500,0.00,0.00,0.00,0.00
1995.00,180.000,180.000,170.000,175.000,180.229,179.955,170.053,163.608,180.241,179.865,170.185,168.362,189.925,179.738,191.116,385.417,0.0863,0.0187,0.1180,0.9500,0.00,0.00,0.00,0.00
1996.00,180.000,180.000,170.000,175.000,180.229,179.954,170.054,163.640,180.241,179.860,170.188,168.390,189.914,179.809,190.352,385.440,0.0861,0.0190,0.1196,0.9500,0.00,0.00,0.00,0.00
1997.00,180.000,180.000,170.000,175.000,180.229,179.954,170.055,163.672,180.241,179.855,170.190,168.418,189.904,179.873,189.677,385.463,0.0860,0.0194,0.1211,0.9500,0.00,0.00,0.00,0.00
1998.00,180.000,180.000,170.000,175.000,180.229,179.953,170.055,163.703,180.241,179.850,170.190,168.446,189.864,179.931,189.082,385.486,0.0859,0.0197,0.1225,0.9500,0.00,0.00,0.00,0.00
1999.00,180.000,180.000,170.000,175.000,180.229,179.952,170.056,163.735,180.242,179.845,170.190,168.474,189.828,179.982,188.576,385.509,0.0858,0.0200,0.1239,0.9500,0.00,0.00,0.00,0.00
2000.00,180.000,180.000,170.000,175.000,180.230,179.952,170.057,163.766,180.242,179.841,170.189,168.502,189.795,180.045,188.134,385.533,0.0856,0.0203,0.1251,0.9500,0.00,0.00,0.00,0.00
2001.00,180.000,180.000,170.000,175.000,180.230,179.951,170.058,163.798,180.242,179.836,170.187,168.530,189.766,180.117,187.750,385.556,0.0855,0.0205,0.1264,0.9500,0.00,0.00,0.00,0.00
2002.00,180.000,180.000,170.000,175.000,180.230,179.950,170.059,163.829,180.242,179.832,170.184,168.558,189.740,180.181,187.434,385.579,0.0854,0.0208,0.1275,0.9500,0.00,0.00,0.00,0.00
2003.00,180.000,180.000,170.000,175.000,180.230,179.949,170.060,163.861,180.241,179.829,170.181,168.586,189.717,181.180,187.164,385.602,0.0853,0.0777,0.1286,0.9500,0.00,0.00,0.00,0.00
2004.00,180.000,180.000,170.000,175.000,180.230,179.948,170.061,163.892,180.241,179.827,170.178,168.614,189.696,182.037,186.935,385.625,0.0852,0.0753,0.1297,0.9500,0.00,0.00,0.00,0.00
2005.00,180.000,180.000,170.000,175.000,180.230,179.948,170.061,163.924,180.241,179.828,170.174,168.642,189.678,182.780,186.744,385.648,0.0850,0.0730,0.1306,0.9500,0.00,0.00,0.00,0.00
2006.00,180.000,180.000,170.000,175.000,180.230,179.947,170.062,163.955,180.241,179.829,170.170,168.670,189.662,183.404,186.587,385.671,0.0849,0.0708,0.1316,0.9500,0.00,0.00,0.00,0.00
2007.00,180.000,180.000,170.000,175.000,180.230,179.946,170.063,163.986,180.241,179.832,170.165,168.698,189.647,183.937,186.460,385.694,0.0848,0.0688,0.1325,0.9500,0.00,0.00,0.00,0.00
2008.00,180.000,180.000,170.000,175.000,180.230,179.945,170.063,164.018,180.241,179.835,170.161,168.726,189.634,184.387,186.361,385.717,0.0847,0.0669,0.1333,0.9500,0.00,0.00,0.00,0.00
2009.00,180.000,180.000,170.000,175.000,180.230,179.945,170.064,164.049,180.241,179.839,170.156,168.754,189.623,184.763,186.271,385.740,0.0846,0.0650,0.1341,0.9500,0.00,0.00,0.00,0.00
2010.00,180.000,180.000,170.000,175.000,180.230,179.944,170.065,164.080,180.241,179.844,170.151,168.782,189.613,185.089,186.221,385.763,0.0845,0.0633,0.1348,0.9500,0.00,0.00,0.00,0.00
2011.00,180.000,180.000,170.000,175.000,180.230,179.943,170.065,164.112,180.241,179.849,170.146,168.810,189.605,185.351,186.175,385.786,0.0844,0.0617,0.1355,0.9500,0.00,0.00,0.00,0.00
2012.00,180.000,180.000,170.000,175.000,180.230,179.943,170.066,164.143,180.240,179.855,170.141,168.838,189.597,185.558,186.134,385.809,0.0842,0.0601,0.1362,0.9500,0.00,0.00,0.00,0.00
2013.00,180.000,180.000,170.000,175.000,180.231,179.942,170.066,164.174,180.240,179.861,170.136,168.865,189.591,185.728,186.128,385.831,0.0841,0.0587,0.1369,0.9500,0.00,0.00,0.00,0.00
2014.00,180.000,180.000,170.000,175.000,180.231,179.941,170.067,164.205,180.240,179.867,170.131,168.893,189.585,185.852,186.122,385.854,0.0840,0.0573,0.1375,0.9500,0.00,0.00,0.00,0.00
2015.00,180.000,180.000,170.000,175.000,180.231,179.941,170.067,164.237,180.240,179.873,170.126,168.921,189.564,185.948,186.116,385.877,0.0839,0.0560,0.1380,0.9500,0.00,0.00,0.00,0.00
2016.00,180.000,180.000,170.000,175.000,180.231,179.941,170.068,164.268,180.240,179.880,170.121,168.949,189.530,186.004,186.142,385.900,0.0838,0.0547,0.1386,0.9500,0.00,0.00,0.00,0.00
2017.00,180.000,180.000,170.000,175.000,180.231,179.940,170.068,164.299,180.240,179.886,170.116,168.976,189.499,186.055,186.166,385.923,0.0837,0.0535,0.1391,0.9500,0.00,0.00,0.00,0.00
2018.00,180.000,180.000,170.000,175.000,180.231,179.940,170.068,164.330,180.240,179.893,170.112,169.004,189.472,186.070,186.187,385.946,0.0836,0.0524,0.1396,0.9500,0.00,0.00,0.00,0.00
2019.00,180.000,180.000,170.000,175.000,180.231,179.940,170.069,164.361,180.239,179.900,170.107,169.032,189.447,186.068,186.205,385.969,0.0835,0.0514,0.1400,0.9500,0.00,0.00,0.00,0.00
2020.00,180.000,180.000,170.000,175.000,180.231,179.939,170.069,164.392,180.239,179.906,170.102,169.060,189.425,186.051,186.254,385.991,0.0833,0.0504,0.1405,0.9500,0.00,0.00,0.00,0.00
2021.00,180.000,180.000,170.000,175.000,180.231,179.939,170.069,164.423,180.239,179.913,170.098,169.087,189.406,186.019,186.297,386.014,0.0832,0.0494,0.1409,0.9500,0.00,0.00,0.00,0.00
2022.00,180.000,180.000,170.000,175.000,180.231,179.939,170.069,164.454,180.239,179.919,170.093,169.115,189.389,185.976,186.336,386.037,0.0831,0.0485,0.1413,0.9500,0.00,0.00,0.00,0.00
2023.00,180.000,180.000,170.000,175.000,180.231,179.939,170.069,164.485,180.238,179.925,170.089,169.142,189.373,185.937,186.371,386.060,0.0830,0.0477,0.1417,0.9500,0.00,0.00,0.00,0.00
2024.00,180.000,180.000,170.000,175.000,180.231,179.939,170.069,164.516,180.238,179.932,170.084,169.170,189.360,185.871,186.403,386.082,0.0829,0.0469,0.1420,0.9500,0.00,0.00,0.00,0.00
2025.00,180.000,180.000,170.000,175.000,180.231,179.939,170.070,164.547,180.238,179.938,170.080,169.198,189.348,185.811,186.463,386.105,0.0828,0.0461,0.1423,0.9500,0.00,0.00,0.00,0.00
2026.00,180.000,180.000,170.000,175.000,180.231,179.939,170.070,164.578,180.237,179.944,170.076,169.225,189.337,185.742,186.517,386.128,0.0827,0.0454,0.1426,0.9500,0.00,0.00,0.00,0.00
2027.00,180.000,180.000,170.000,175.000,180.231,179.939,170.070,164.609,180.237,179.950,170.072,169.253,189.328,185.663,186.566,386.150,0.0826,0.0447,0.1429,0.9500,0.00,0.00,0.00,0.00
2028.00,180.000,180.000,170.000,175.000,180.231,179.939,170.070,164.640,180.237,179.955,170.068,169.280,189.320,185.593,186.609,386.173,0.0825,0.0441,0.1432,0.9500,0.00,0.00,0.00,0.00
2029.00,180.000,180.000,170.000,175.000,180.231,179.939,170.070,164.671,180.236,179.961,170.064,169.308,189.313,185.513,186.649,386.196,0.0824,0.0435,0.1435,0.9500,0.00,0.00,0.00,0.00
2030.00,180.000,180.000,170.000,175.000,180.231,179.939,170.070,164.702,180.236,179.966,170.060,169.335,189.307,185.426,186.684,386.218,0.0823,0.0429,0.1437,0.9500,0.00,0.00,0.00,0.00
2031.00,180.000,180.000,170.000,175.000,180.231,179.939,170.070,164.733,180.236,179.971,170.057,169.363,189.302,185.348,186.716,386.241,0.0821,0.0423,0.1439,0.9500,0.00,0.00,0.00,0.00
2032.00,180.000,180.000,170.000,175.000,180.231,179.939,170.069,164.763,180.236,179.976,170.053,169.390,189.298,185.277,186.760,386.264,0.0820,0.0418,0.1442,0.9500,0.00,0.00,0.00,0.00
2033.00,180.000,180.000,170.000,175.000,180.231,179.940,170.069,164.794,180.235,179.981,170.049,169.418,189.278,185.182,186.816,386.286,0.0819,0.0413,0.1444,0.9500,0.00,0.00,0.00,0.00
2034.00,180.000,180.000,170.000,175.000,180.231,179.940,170.069,164.825,180.235,179.986,170.046,169.445,189.245,185.096,186.867,386.309,0.0818,0.0409,0.1446,0.9500,0.00,0.00,0.00,0.00
2035.00,180.000,180.000,170.000,175.000,180.232,179.940,170.069,164.856,180.235,179.990,170.043,169.472,189.215,185.018,186.912,386.331,0.0817,0.0404,0.1447,0.9500,0.00,0.00,0.00,0.00
2036.00,180.000,180.000,170.000,175.000,180.232,179.941,170.069,164.886,180.234,179.995,170.039,169.500,189.189,184.948,186.953,386.354,0.0816,0.0400,0.1449,0.9500,0.00,0.00,0.00,0.00
2037.00,180.000,180.000,170.000,175.000,180.232,179.941,170.069,164.917,180.234,179.999,170.036,169.527,189.165,184.869,186.990,386.377,0.0815,0.0396,0.1451,0.9500,0.00,0.00,0.00,0.00
2038.00,180.000,180.000,170.000,175.000,180.232,179.941,170.068,164.948,180.233,180.003,170.033,169.555,189.144,184.782,187.023,386.399,0.0814,0.0393,0.1452,0.9500,0.00,0.00,0.00,0.00
2039.00,180.000,180.000,170.000,175.000,180.232,179.942,170.068,164.978,180.233,180.007,170.030,169.582,189.125,184.704,187.053,386.422,0.0813,0.0389,0.1454,0.9500,0.00,0.00,0.00,0.00
2040.00,180.000,180.000,170.000,175.000,180.232,179.942,170.068,165.009,180.232,180.011,170.027,169.609,189.108,184.633,187.079,386.444,0.0812,0.0386,0.1455,0.9500,0.00,0.00,0.00,0.00
2041.00,180.000,180.000,170.000,175.000,180.232,179.943,170.068,165.040,180.232,180.014,170.025,169.636,189.093,184.570,187.103,386.466,0.0811,0.0383,0.1456,0.9500,0.00,0.00,0.00,0.00
2042.00,180.000,180.000,170.000,175.000,180.232,179.943,170.067,165.070,180.231,180.018,170.022,169.664,189.080,184.512,187.125,386.489,0.0810,0.0380,0.1457,0.9500,0.00,0.00,0.00,0.00
2043.00,180.000,180.000,170.000,175.000,180.232,179.944,170.067,165.101,180.231,180.021,170.019,169.691,189.068,184.429,187.144,386.511,0.0809,0.0377,0.1459,0.9500,0.00,0.00,0.00,0.00
2044.00,180.000,180.000,170.000,175.000,180.232,179.944,170.067,165.131,180.231,180.025,170.016,169.718,189.058,184.353,187.161,386.534,0.0808,0.0374,0.1460,0.9500,0.00,0.00,0.00,0.00
2045.00,180.000,180.000,170.000,175.000,180.232,179.945,170.066,165.162,180.230,180.028,170.014,169.745,189.049,184.285,187.193,386.556,0.0806,0.0372,0.1460,0.9500,0.00,0.00,0.00,0.00
2046.00,180.000,180.000,170.000,175.000,180.232,179.945,170.066,165.192,180.230,180.031,170.011,169.773,189.042,184.224,187.238,386.579,0.0805,0.0369,0.1461,0.9500,0.00,0.00,0.00,0.00
2047.00,180.000,180.000,170.000,175.000,180.232,179.946,170.066,165.223,180.229,180.033,170.008,169.800,189.035,184.169,187.278,386.601,0.0804,0.0367,0.1462,0.9500,0.00,0.00,0.00,0.00
2048.00,180.000,180.000,170.000,175.000,180.232,179.946,170.065,165.253,180.229,180.036,170.006,169.827,189.029,184.119,187.314,386.623,0.0803,0.0365,0.1463,0.9500,0.00,0.00,0.00,0.00
2049.00,180.000,180.000,170.000,175.000,180.232,179.947,170.065,165.284,180.228,180.039,170.004,169.854,189.024,184.074,187.346,386.646,0.0802,0.0363,0.1464,0.9500,0.00,0.00,0.00,0.00
2050.00,180.000,180.000,170.000,175.000,180.231,179.948,170.064,165.314,180.228,180.041,170.001,169.881,189.020,184.033,187.376,386.668,0.0801,0.0361,0.1464,0.9500,0.00,0.00,0.00,0.00
2051.00,180.000,180.000,170.000,175.000,180.231,179.948,170.064,165.345,180.227,180.044,169.999,169.908,189.017,183.980,187.402,386.690,0.0800,0.0359,0.1465,0.9500,0.00,0.00,0.00,0.00
2052.00,180.000,180.000,170.000,175.000,180.231,179.949,170.064,165.375,180.227,180.046,169.997,169.935,188.982,183.917,187.426,386.713,0.0799,0.0357,0.1465,0.9500,0.00,0.00,0.00,0.00
2053.00,180.000,180.000,170.000,175.000,180.231,179.950,170.063,165.405,180.226,180.048,169.995,169.962,188.951,183.860,187.447,386.735,0.0798,0.0356,0.1466,0.9500,0.00,0.00,0.00,0.00
2054.00,180.000,180.000,170.000,175.000,180.231,179.950,170.063,165.436,180.226,180.050,169.993,169.989,188.923,183.514,187.466,386.757,0.0797,0.0000,0.1466,0.9500,0.00,0.00,0.00,0.00
2055.00,180.000,180.000,170.000,175.000,180.231,179.951,170.062,165.466,180.225,180.051,169.991,170.016,188.898,182.922,187.484,386.779,0.0796,0.0000,0.1467,0.9500,0.00,0.00,0.00,0.00
2056.00,180.000,180.000,170.000,175.000,180.231,179.952,170.062,165.496,180.225,180.051,169.989,170.043,188.876,182.386,187.499,386.802,0.0795,0.0000,0.1467,0.9500,0.00,0.00,0.00,0.00
2057.00,180.000,180.000,170.000,175.000,180.231,179.952,170.061,165.526,180.224,180.050,169.987,170.070,188.856,181.901,187.513,386.824,0.0794,0.0000,0.1468,0.9500,0.00,0.00,0.00,0.00
2058.00,180.000,180.000,170.000,175.000,180.231,179.953,170.061,165.557,180.224,180.047,169.985,170.097,188.838,181.462,187.526,386.846,0.0793,0.0000,0.1468,0.9500,0.00,0.00,0.00,0.00
2059.00,180.000,180.000,170.000,175.000,180.231,179.954,170.060,165.587,180.223,180.045,169.983,170.124,188.823,181.064,187.537,386.868,0.0792,0.0000,0.1468,0.9500,0.00,0.00,0.00,0.00
2060.00,180.000,180.000,170.000,175.000,180.231,179.954,170.060,165.617,180.222,180.041,169.981,170.151,188.809,180.704,187.547,386.890,0.0790,0.0000,0.1468,0.9500,0.00,0.00,0.00,0.00
2061.00,180.000,180.000,170.000,175.000,180.231,179.955,170.059,165.647,180.222,180.037,169.979,170.178,188.796,180.377,187.556,386.913,0.0789,0.0000,0.1469,0.9500,0.00,0.00,0.00,0.00
2062.00,180.000,180.000,170.000,175.000,180.231,179.955,170.059,165.677,180.221,180.032,169.978,170.205,188.785,180.082,187.564,386.935,0.0788,0.0000,0.1469,0.9500,0.00,0.00,0.00,0.00
2063.00,180.000,180.000,170.000,175.000,180.231,179.956,170.058,165.708,180.221,180.027,169.976,170.232,188.776,179.813,187.571,386.957,0.0787,0.0000,0.1469,0.9500,0.00,0.00,0.00,0.00
2064.00,180.000,180.000,170.000,175.000,180.231,179.956,170.058,165.738,180.220,180.021,169.974,170.258,188.768,179.570,187.578,386.979,0.0786,0.0000,0.1469,0.9500,0.00,0.00,0.00,0.00
2065.00,180.000,180.000,170.000,175.000,180.231,179.957,170.057,165.768,180.219,180.015,169.972,170.285,188.760,179.349,187.584,387.001,0.0785,0.0000,0.1469,0.9500,0.00,0.00,0.00,0.00
2066.00,180.000,180.000,170.000,175.000,180.231,179.957,170.056,165.798,180.219,180.008,169.971,170.312,188.754,179.149,187.589,387.023,0.0784,0.0005,0.1469,0.9500,0.00,0.00,0.00,0.00
2067.00,180.000,180.000,170.000,175.000,180.231,179.957,170.056,165.828,180.218,180.002,169.969,170.339,188.749,178.999,187.593,387.045,0.0783,0.0018,0.1469,0.9500,0.00,0.00,0.00,0.00
2068.00,180.000,180.000,170.000,175.000,180.231,179.958,170.055,165.858,180.218,179.995,169.967,170.366,188.744,178.878,187.597,387.067,0.0782,0.0031,0.1469,0.9500,0.00,0.00,0.00,0.00
2069.00,180.000,180.000,170.000,175.000,180.230,179.958,170.055,165.888,180.217,179.987,169.965,170.392,188.740,178.784,187.601,387.089,0.0781,0.0043,0.1469,0.9500,0.00,0.00,0.00,0.00
2070.00,180.000,180.000,170.000,175.000,180.230,179.958,170.054,165.918,180.216,179.980,169.964,170.419,188.737,178.730,187.604,387.111,0.0780,0.0054,0.1469,0.9500,0.00,0.00,0.00,0.00
2071.00,180.000,180.000,170.000,175.000,180.230,179.958,170.054,165.948,180.216,179.973,169.962,170.446,188.702,178.681,187.606,387.133,0.0779,0.0065,0.1469,0.9500,0.00,0.00,0.00,0.00
2072.00,180.000,180.000,170.000,175.000,180.230,179.958,170.053,165.978,180.215,179.965,169.961,170.472,188.671,178.667,187.609,387.155,0.0778,0.0075,0.1469,0.9500,0.00,0.00,0.00,0.00
2073.00,180.000,180.000,170.000,175.000,180.230,179.958,170.052,166.008,180.215,179.958,169.959,170.499,188.643,178.654,187.611,387.177,0.0777,0.0084,0.1469,0.9500,0.00,0.00,0.00,0.00
2074.00,180.000,180.000,170.000,175.000,180.230,179.958,170.052,166.038,180.214,179.950,169.957,170.526,188.618,178.673,187.612,387.199,0.0776,0.0093,0.1469,0.9500,0.00,0.00,0.00,0.00
2075.00,180.000,180.000,170.000,175.000,180.230,179.958,170.051,166.067,180.213,179.943,169.956,170.552,188.596,178.690,187.614,387.221,0.0775,0.0102,0.1469,0.9500,0.00,0.00,0.00,0.00
2076.00,180.000,180.000,170.000,175.000,180.230,179.958,170.050,166.097,180.213,179.936,169.954,170.579,188.576,178.736,187.615,387.243,0.0773,0.0110,0.1469,0.9500,0.00,0.00,0.00,0.00
2077.00,180.000,180.000,170.000,175.000,180.230,179.958,170.050,166.127,180.212,179.929,169.953,170.605,188.558,178.778,188.209,387.265,0.0772,0.0117,0.2182,0.9500,0.00,0.00,0.00,0.00
2078.00,180.000,180.000,170.000,175.000,180.230,179.958,170.049,166.157,180.211,179.922,169.954,170.632,188.542,178.831,189.278,387.287,0.0771,0.0125,0.2153,0.9500,0.00,0.00,0.00,0.00
2079.00,180.000,180.000,170.000,175.000,180.229,179.957,170.049,166.187,180.210,179.915,169.957,170.659,188.528,178.893,190.197,387.309,0.0770,0.0132,0.2127,0.9500,0.00,0.00,0.00,0.00
2080.00,180.000,180.000,170.000,175.000,180.229,179.957,170.048,166.216,180.210,179.908,169.961,170.685,188.516,178.950,190.996,387.331,0.0769,0.0138,0.2101,0.9500,0.00,0.00,0.00,0.00
2081.00,180.000,180.000,170.000,175.000,180.229,179.957,170.047,166.246,180.209,179.901,169.966,170.712,188.504,179.016,191.672,387.353,0.0768,0.0144,0.2077,0.9500,0.00,0.00,0.00,0.00
2082.00,180.000,180.000,170.000,175.000,180.229,179.956,170.047,166.276,180.208,179.895,169.973,170.738,188.495,179.091,192.253,387.375,0.0767,0.0150,0.2054,0.9500,0.00,0.00,0.00,0.00
2083.00,180.000,180.000,170.000,175.000,180.229,179.956,170.046,166.306,180.208,179.888,169.981,170.765,188.486,179.159,192.747,387.396,0.0766,0.0155,0.2033,0.9500,0.00,0.00,0.00,0.00
2084.00,180.000,180.000,170.000,175.000,180.229,179.956,170.046,166.335,180.207,179.882,169.989,170.791,188.479,179.219,193.162,387.418,0.0765,0.0161,0.2012,0.9500,0.00,0.00,0.00,0.00
2085.00,180.000,180.000,170.000,175.000,180.229,179.955,170.046,166.365,180.206,179.876,169.999,170.817,188.472,179.305,193.506,387.440,0.0764,0.0166,0.1992,0.9500,0.00,0.00,0.00,0.00
2086.00,180.000,180.000,170.000,175.000,180.228,179.955,170.045,166.394,180.205,179.870,170.008,170.844,188.466,179.382,193.787,387.462,0.0763,0.0170,0.1974,0.9500,0.00,0.00,0.00,0.00
2087.00,180.000,180.000,170.000,175.000,180.228,179.954,170.045,166.424,180.205,179.864,170.019,170.870,188.461,179.452,194.009,387.484,0.0762,0.0175,0.1956,0.9500,0.00,0.00,0.00,0.00
2088.00,180.000,180.000,170.000,175.000,180.228,179.953,170.045,166.454,180.204,179.858,170.029,170.897,188.457,179.514,194.180,387.505,0.0761,0.0179,0.1939,0.9500,0.00,0.00,0.00,0.00
2089.00,180.000,180.000,170.000,175.000,180.228,179.953,170.045,166.483,180.203,179.853,170.040,170.923,188.454,179.586,194.302,387.527,0.0760,0.0183,0.1923,0.9500,0.00,0.00,0.00,0.00
2090.00,180.000,180.000,170.000,175.000,180.228,179.952,170.045,166.513,180.203,179.848,170.051,170.949,188.419,179.666,194.398,387.549,0.0759,0.0187,0.1908,0.9500,0.00,0.00,0.00,0.00
2091.00,180.000,180.000,170.000,175.000,180.228,179.951,170.045,166.542,180.202,179.842,170.062,170.976,188.387,179.739,194.454,387.570,0.0758,0.0190,0.1894,0.9500,0.00,0.00,0.00,0.00
2092.00,180.000,180.000,170.000,175.000,180.227,179.951,170.045,166.572,180.201,179.837,170.073,171.002,188.359,179.804,194.489,387.592,0.0756,0.0193,0.1880,0.9500,0.00,0.00,0.00,0.00
2093.00,180.000,180.000,170.000,175.000,180.227,179.950,170.045,166.601,180.200,179.832,170.084,171.028,188.334,179.862,194.490,387.614,0.0755,0.0784,0.1867,0.9500,0.00,0.00,0.00,0.00
2094.00,180.000,180.000,170.000,175.000,180.227,179.949,170.045,166.631,180.200,179.829,170.095,171.054,188.311,180.855,194.476,387.635,0.0754,0.0760,0.1855,0.9500,0.00,0.00,0.00,0.00
2095.00,180.000,180.000,170.000,175.000,180.227,179.948,170.046,166.660,180.199,179.827,170.106,171.081,188.291,181.706,194.448,387.657,0.0753,0.0736,0.1843,0.9500,0.00,0.00,0.00,0.00
2096.00,180.000,180.000,170.000,175.000,180.227,179.947,170.046,166.690,180.198,179.826,170.117,171.107,188.273,182.445,194.407,387.679,0.0752,0.0714,0.1832,0.9500,0.00,0.00,0.00,0.00
2097.00,180.000,180.000,170.000,175.000,180.227,179.947,170.047,166.719,180.197,179.827,170.128,171.133,188.257,183.081,194.355,387.700,0.0751,0.0694,0.1821,0.9500,0.00,0.00,0.00,0.00
2098.00,180.000,180.000,170.000,175.000,180.226,179.946,170.047,166.748,180.196,179.829,170.139,171.159,188.243,183.624,194.293,387.722,0.0750,0.0674,0.1811,0.9500,0.00,0.00,0.00,0.00
2099.00,180.000,180.000,170.000,175.000,180.226,179.945,170.048,166.778,180.195,179.832,170.149,171.186,188.230,184.085,194.222,387.744,0.0749,0.0656,0.1802,0.9500,0.00,0.00,0.00,0.00
2100.00,180.000,180.000,170.000,175.000,180.226,179.944,170.049,166.807,180.194,179.835,170.160,171.212,188.219,184.470,194.143,387.765,0.0748,0.0638,0.1793,0.9500,0.00,0.00,0.00,0.00
2101.00,180.000,180.000,170.000,175.000,180.226,179.944,170.049,166.836,180.194,179.839,170.170,171.238,188.209,184.787,194.056,387.787,0.0747,0.0621,0.1784,0.9500,0.00,0.00,0.00,0.00
2102.00,180.000,180.000,170.000,175.000,180.225,179.943,170.050,166.866,180.193,179.844,170.180,171.264,188.200,185.057,193.962,387.808,0.0746,0.0606,0.1056,0.9500,0.00,0.00,0.00,0.00
2103.00,180.000,180.000,170.000,175.000,180.225,179.942,170.051,166.895,180.192,179.849,170.189,171.290,188.192,185.271,192.724,387.830,0.0745,0.0591,0.1077,0.9500,0.00,0.00,0.00,0.00
2104.00,180.000,180.000,170.000,175.000,180.225,179.942,170.052,166.924,180.191,179.855,170.195,171.316,188.186,185.449,191.637,387.851,0.0744,0.0577,0.1096,0.9500,0.00,0.00,0.00,0.00
2105.00,180.000,180.000,170.000,175.000,180.225,179.941,170.053,166.953,180.190,179.860,170.199,171.342,188.180,185.579,190.685,387.873,0.0743,0.0563,0.1115,0.9500,0.00,0.00,0.00,0.00
2106.00,180.000,180.000,170.000,175.000,180.225,179.941,170.054,166.983,180.189,179.866,170.202,171.368,188.175,185.680,189.857,387.894,0.0742,0.0551,0.1133,0.9500,0.00,0.00,0.00,0.00
2107.00,180.000,180.000,170.000,175.000,180.224,179.940,170.055,167.012,180.189,179.872,170.203,171.394,188.171,185.757,189.139,387.916,0.0741,0.0539,0.1149,0.9500,0.00,0.00,0.00,0.00
2108.00,180.000,180.000,170.000,175.000,180.224,179.940,170.056,167.041,180.188,179.878,170.204,171.420,188.167,185.795,188.505,387.937,0.0740,0.0527,0.1165,0.9500,0.00,0.00,0.00,0.00
2109.00,180.000,180.000,170.000,175.000,180.224,179.939,170.057,167.070,180.187,179.885,170.203,171.446,188.132,185.831,187.964,387.959,0.0738,0.0517,0.1180,0.9500,0.00,0.00,0.00,0.00
2110.00,180.000,180.000,170.000,175.000,180.224,179.939,170.058,167.099,180.186,179.891,170.201,171.472,188.101,185.831,187.506,387.980,0.0737,0.0506,0.1194,0.9500,0.00,0.00,0.00,0.00
2111.00,180.000,180.000,170.000,175.000,180.223,179.939,170.059,167.128,180.185,179.897,170.198,171.498,188.073,185.832,187.107,388.001,0.0736,0.0497,0.1208,0.9500,0.00,0.00,0.00,0.00
2112.00,180.000,180.000,170.000,175.000,180.223,179.938,170.060,167.157,180.184,179.903,170.195,171.524,188.047,185.801,186.762,388.023,0.0735,0.0488,0.1221,0.9500,0.00,0.00,0.00,0.00
2113.00,180.000,180.000,170.000,175.000,180.223,179.938,170.061,167.186,180.183,179.909,170.191,171.550,188.025,185.774,186.482,388.044,0.0734,0.0479,0.1233,0.9500,0.00,0.00,0.00,0.00
2114.00,180.000,180.000,170.000,175.000,180.223,179.938,170.061,167.215,180.182,179.915,170.187,171.576,188.005,185.718,186.227,388.066,0.0733,0.0471,0.1245,0.9500,0.00,0.00,0.00,0.00
2115.00,180.000,180.000,170.000,175.000,180.222,179.938,170.062,167.244,180.181,179.921,170.182,171.602,187.987,185.668,186.029,388.087,0.0732,0.0463,0.1256,0.9500,0.00,0.00,0.00,0.00
2116.00,180.000,180.000,170.000,175.000,180.222,179.938,170.063,167.273,180.180,179.926,170.177,171.628,187.971,185.607,185.866,388.108,0.0731,0.0456,0.1266,0.9500,0.00,0.00,0.00,0.00
2117.00,180.000,180.000,170.000,175.000,180.222,179.938,170.064,167.302,180.179,179.932,170.172,171.653,187.956,185.536,185.733,388.130,0.0730,0.0449,0.1276,0.9500,0.00,0.00,0.00,0.00
2118.00,180.000,180.000,170.000,175.000,180.222,179.938,170.065,167.331,180.178,179.938,170.167,171.679,187.944,185.473,185.629,388.151,0.0729,0.0443,0.1285,0.9500,0.00,0.00,0.00,0.00
2119.00,180.000,180.000,170.000,175.000,180.221,179.938,170.065,167.360,180.177,179.943,170.161,171.705,187.933,185.399,185.550,388.172,0.0728,0.0436,0.1294,0.9500,0.00,0.00,0.00,0.00
2120.00,180.000,180.000,170.000,175.000,180.221,179.938,170.066,167.389,180.176,179.948,170.155,171.731,187.923,185.318,185.478,388.193,0.0727,0.0431,0.1302,0.9500,0.00,0.00,0.00,0.00
2121.00,180.000,180.000,170.000,175.000,180.221,179.938,170.066,167.418,180.175,179.953,170.150,171.757,187.914,185.245,185.444,388.215,0.0726,0.0425,0.1310,0.9500,0.00,0.00,0.00,0.00
2122.00,180.000,180.000,170.000,175.000,180.220,179.938,170.067,167.447,180.174,179.958,170.144,171.782,187.906,185.179,185.413,388.236,0.0725,0.0420,0.1318,0.9500,0.00,0.00,0.00,0.00
2123.00,180.000,180.000,170.000,175.000,180.220,179.938,170.067,167.476,180.173,179.962,170.138,171.808,187.900,185.087,185.401,388.257,0.0724,0.0415,0.1325,0.9500,0.00,0.00,0.00,0.00
2124.00,180.000,180.000,170.000,175.000,180.220,179.938,170.068,167.505,180.172,179.967,170.132,171.834,187.894,185.005,185.405,388.278,0.0723,0.0410,0.1332,0.9500,0.00,0.00,0.00,0.00
2125.00,180.000,180.000,170.000,175.000,180.219,179.938,170.068,167.533,180.172,179.971,170.126,171.859,187.889,184.931,185.409,388.300,0.0722,0.0406,0.1338,0.9500,0.00,0.00,0.00,0.00
2126.00,180.000,180.000,170.000,175.000,180.219,179.939,170.069,167.562,180.171,179.976,170.121,171.885,187.885,184.864,185.428,388.321,0.0720,0.0401,0.1344,0.9500,0.00,0.00,0.00,0.00
2127.00,180.000,180.000,170.000,175.000,180.219,179.939,170.069,167.591,180.170,179.980,170.115,171.911,187.865,184.788,185.460,388.342,0.0719,0.0397,0.1350,0.9500,0.00,0.00,0.00,0.00
2128.00,180.000,180.000,170.000,175.000,180.218,179.939,170.069,167.620,180.169,179.984,170.109,171.936,187.832,184.704,185.489,388.363,0.0718,0.0394,0.1355,0.9500,0.00,0.00,0.00,0.00
2129.00,180.000,180.000,170.000,175.000,180.218,179.939,170.070,167.649,180.168,179.987,170.104,171.962,187.802,184.627,185.515,388.384,0.0717,0.0390,0.1361,0.9500,0.00,0.00,0.00,0.00
2130.00,180.000,180.000,170.000,175.000,180.218,179.940,170.070,167.677,180.167,179.991,170.098,171.988,187.775,184.559,185.570,388.405,0.0716,0.0387,0.1365,0.9500,0.00,0.00,0.00,0.00
2131.00,180.000,180.000,170.000,175.000,180.217,179.940,170.070,167.706,180.165,179.994,170.093,172.013,187.751,184.497,185.619,388.426,0.0715,0.0383,0.1370,0.9500,0.00,0.00,0.00,0.00
2132.00,180.000,180.000,170.000,175.000,180.217,179.940,170.070,167.735,180.164,179.998,170.088,172.039,187.729,184.441,185.663,388.448,0.0714,0.0380,0.1374,0.9500,0.00,0.00,0.00,0.00
2133.00,180.000,180.000,170.000,175.000,180.217,179.941,170.070,167.763,180.163,180.001,170.083,172.064,187.710,184.375,185.702,388.469,0.0713,0.0378,0.1378,0.9500,0.00,0.00,0.00,0.00
2134.00,180.000,180.000,170.000,175.000,180.216,179.941,170.070,167.792,180.162,180.004,170.077,172.090,187.693,184.299,185.754,388.490,0.0712,0.0375,0.1382,0.9500,0.00,0.00,0.00,0.00
2135.00,180.000,180.000,170.000,175.000,180.216,179.942,170.070,167.820,180.161,180.007,170.073,172.115,187.677,184.231,185.816,388.511,0.0711,0.0372,0.1386,0.9500,0.00,0.00,0.00,0.00
2136.00,180.000,180.000,170.000,175.000,180.216,179.942,170.070,167.849,180.160,180.010,170.068,172.141,187.664,184.170,185.872,388.532,0.0710,0.0370,0.1390,0.9500,0.00,0.00,0.00,0.00
2137.00,180.000,180.000,170.000,175.000,180.215,179.943,170.070,167.878,180.159,180.013,170.063,172.166,187.652,184.114,185.922,388.553,0.0709,0.0368,0.1393,0.9500,0.00,0.00,0.00,0.00
2138.00,180.000,180.000,170.000,175.000,180.215,179.943,170.070,167.906,180.157,180.016,170.058,172.192,187.641,184.064,185.967,388.574,0.0708,0.0365,0.1396,0.9500,0.00,0.00,0.00,0.00
2139.00,180.000,180.000,170.000,175.000,180.214,179.944,170.070,167.935,180.156,180.018,170.054,172.217,187.632,184.019,186.008,388.595,0.0707,0.0363,0.1399,0.9500,0.00,0.00,0.00,0.00
2140.00,180.000,180.000,170.000,175.000,180.214,179.944,170.070,167.963,180.155,180.021,170.050,172.243,187.623,183.978,186.060,388.616,0.0706,0.0361,0.1402,0.9500,0.00,0.00,0.00,0.00
2141.00,180.000,180.000,170.000,175.000,180.214,179.945,170.070,167.992,180.154,180.023,170.045,172.268,187.616,183.942,186.123,388.637,0.0705,0.0360,0.1404,0.9500,0.00,0.00,0.00,0.00
2142.00,180.000,180.000,170.000,175.000,180.213,179.945,170.070,168.020,180.153,180.025,170.041,172.293,187.610,183.877,186.180,388.658,0.0703,0.0358,0.1407,0.9500,0.00,0.00,0.00,0.00
2143.00,180.000,180.000,170.000,175.000,180.213,179.946,170.070,168.048,180.152,180.027,170.037,172.319,187.604,183.818,186.231,388.679,0.0702,0.0356,0.1409,0.9500,0.00,0.00,0.00,0.00
2144.00,180.000,180.000,170.000,175.000,180.213,179.946,170.069,168.077,180.151,180.029,170.033,172.344,187.599,183.765,186.277,388.700,0.0701,0.0355,0.1411,0.9500,0.00,0.00,0.00,0.00
2145.00,180.000,180.000,170.000,175.000,180.212,179.947,170.069,168.105,180.150,180.031,170.029,172.369,187.595,183.717,186.318,388.721,0.0700,0.0353,0.1413,0.9500,0.00,0.00,0.00,0.00
2146.00,180.000,180.000,170.000,175.000,180.212,179.947,170.069,168.134,180.149,180.033,170.025,172.395,187.575,183.674,186.355,388.741,0.0699,0.0352,0.1415,0.9500,0.00,0.00,0.00,0.00
2147.00,180.000,180.000,170.000,175.000,180.211,179.948,170.069,168.162,180.147,180.035,170.022,172.420,187.542,183.635,186.388,388.762,0.0698,0.0350,0.1417,0.9500,0.00,0.00,0.00,0.00
2148.00,180.000,180.000,170.000,175.000,180.211,179.948,170.068,168.190,180.146,180.037,170.018,172.445,187.512,183.600,186.418,388.783,0.0697,0.0349,0.1419,0.9500,0.00,0.00,0.00,0.00
2149.00,180.000,180.000,170.000,175.000,180.210,179.949,170.068,168.219,180.145,180.039,170.015,172.470,187.486,183.568,186.445,388.804,0.0696,0.0348,0.1420,0.9500,0.00,0.00,0.00,0.00
2150.00,180.000,180.000,170.000,175.000,180.210,179.950,170.068,168.247,180.144,180.040,170.011,172.496,187.462,183.540,186.501,388.825,0.0695,0.0347,0.1422,0.9500,0.00,0.00,0.00,0.00
2151.00,180.000,180.000,170.000,175.000,180.210,179.950,170.067,168.275,180.143,180.041,170.008,172.521,187.440,183.220,186.551,388.846,0.0694,0.0000,0.1423,0.9500,0.00,0.00,0.00,0.00
2152.00,180.000,180.000,170.000,175.000,180.209,179.951,170.067,168.303,180.141,180.042,170.004,172.546,187.421,182.651,186.597,388.866,0.0693,0.0000,0.1425,0.9500,0.00,0.00,0.00,0.00
2153.00,180.000,180.000,170.000,175.000,180.209,179.951,170.066,168.332,180.140,180.041,170.001,172.571,187.404,182.136,186.637,388.887,0.0692,0.0000,0.1426,0.9500,0.00,0.00,0.00,0.00
2154.00,180.000,180.000,170.000,175.000,180.208,179.952,170.066,168.360,180.139,180.039,169.998,172.596,187.388,181.670,186.674,388.908,0.0691,0.0000,0.1427,0.9500,0.00,0.00,0.00,0.00
2155.00,180.000,180.000,170.000,175.000,180.208,179.953,170.065,168.388,180.138,180.037,169.995,172.622,187.375,181.247,186.707,388.929,0.0690,0.0000,0.1428,0.9500,0.00,0.00,0.00,0.00
2156.00,180.000,180.000,170.000,175.000,180.207,179.953,170.065,168.416,180.136,180.033,169.992,172.647,187.363,180.865,186.737,388.950,0.0689,0.0000,0.1429,0.9500,0.00,0.00,0.00,0.00
2157.00,180.000,180.000,170.000,175.000,180.207,179.954,170.064,168.444,180.135,180.029,169.989,172.672,187.352,180.519,186.764,388.970,0.0688,0.0000,0.1430,0.9500,0.00,0.00,0.00,0.00
2158.00,180.000,180.000,170.000,175.000,180.206,179.954,170.064,168.473,180.134,180.025,169.986,172.697,187.342,180.205,186.788,388.991,0.0687,0.0000,0.1431,0.9500,0.00,0.00,0.00,0.00
2159.00,180.000,180.000,170.000,175.000,180.206,179.955,170.063,168.501,180.132,180.020,169.984,172.722,187.334,179.920,186.809,389.012,0.0685,0.0000,0.1432,0.9500,0.00,0.00,0.00,0.00
2160.00,180.000,180.000,170.000,175.000,180.205,179.955,170.063,168.529,180.131,180.014,169.981,172.747,187.326,179.662,186.828,389.032,0.0684,0.0000,0.1433,0.9500,0.00,0.00,0.00,0.00
2161.00,180.000,180.000,170.000,175.000,180.205,179.955,170.062,168.557,180.130,180.008,169.978,172.772,187.320,179.428,186.846,389.053,0.0683,0.0000,0.1433,0.9500,0.00,0.00,0.00,0.00
2162.00,180.000,180.000,170.000,175.000,180.204,179.956,170.062,168.585,180.129,180.002,169.976,172.797,187.314,179.216,186.861,389.074,0.0682,0.0000,0.1434,0.9500,0.00,0.00,0.00,0.00
2163.00,180.000,180.000,170.000,175.000,180.204,179.956,170.061,168.613,180.127,179.995,169.973,172.822,187.309,179.023,186.875,389.094,0.0681,0.0001,0.1435,0.9500,0.00,0.00,0.00,0.00
2164.00,180.000,180.000,170.000,175.000,180.203,179.956,170.061,168.641,180.126,179.988,169.970,172.847,187.305,178.879,186.887,389.115,0.0680,0.0014,0.1435,0.9500,0.00,0.00,0.00,0.00
2165.00,180.000,180.000,170.000,175.000,180.203,179.957,170.060,168.669,180.125,179.981,169.968,172.872,187.285,178.765,186.898,389.136,0.0679,0.0027,0.1436,0.9500,0.00,0.00,0.00,0.00
2166.00,180.000,180.000,170.000,175.000,180.202,179.957,170.059,168.697,180.124,179.973,169.965,172.897,187.251,178.677,186.908,389.156,0.0678,0.0039,0.1436,0.9500,0.00,0.00,0.00,0.00
2167.00,180.000,180.000,170.000,175.000,180.202,179.957,170.059,168.725,180.122,179.966,169.963,172.922,187.221,178.612,186.916,389.177,0.0677,0.0050,0.1436,0.9500,0.00,0.00,0.00,0.00
2168.00,180.000,180.000,170.000,175.000,180.201,179.957,170.058,168.753,180.121,179.958,169.960,172.947,187.194,178.568,186.924,389.197,0.0676,0.0061,0.1437,0.9500,0.00,0.00,0.00,0.00
2169.00,180.000,180.000,170.000,175.000,180.201,179.957,170.057,168.781,180.120,179.951,169.958,172.972,187.170,178.560,186.931,389.218,0.0675,0.0071,0.1437,0.9500,0.00,0.00,0.00,0.00
2170.00,180.000,180.000,170.000,175.000,180.200,179.957,170.057,168.809,180.118,179.943,169.955,172.997,187.148,178.552,186.937,389.239,0.0674,0.0081,0.1438,0.9500,0.00,0.00,0.00,0.00
2171.00,180.000,180.000,170.000,175.000,180.200,179.957,170.056,168.836,180.117,179.935,169.953,173.021,187.129,178.576,186.942,389.259,0.0673,0.0090,0.1438,0.9500,0.00,0.00,0.00,0.00
2172.00,180.000,180.000,170.000,175.000,180.199,179.956,170.055,168.864,180.116,179.928,169.951,173.046,187.111,178.596,186.946,389.280,0.0672,0.0099,0.1438,0.9500,0.00,0.00,0.00,0.00
2173.00,180.000,180.000,170.000,175.000,180.198,179.956,170.055,168.892,180.114,179.920,169.948,173.071,187.095,178.631,186.950,389.300,0.0671,0.0107,0.1438,0.9500,0.00,0.00,0.00,0.00
2174.00,180.000,180.000,170.000,175.000,180.198,179.956,170.054,168.920,180.113,179.913,169.946,173.096,187.081,178.676,186.954,389.321,0.0670,0.0115,0.1438,0.9500,0.00,0.00,0.00,0.00
2175.00,180.000,180.000,170.000,175.000,180.197,179.956,170.053,168.948,180.111,179.906,169.944,173.121,187.069,178.717,186.957,389.341,0.0669,0.0122,0.1439,0.9500,0.00,0.00,0.00,0.00
2176.00,180.000,180.000,170.000,175.000,180.197,179.955,170.053,168.975,180.110,179.899,169.941,173.145,187.058,178.785,186.959,389.362,0.0667,0.0129,0.1439,0.9500,0.00,0.00,0.00,0.00
2177.00,180.000,180.000,170.000,175.000,180.196,179.955,170.052,169.003,180.109,179.892,169.939,173.170,187.048,178.846,186.961,389.382,0.0666,0.0136,0.1439,0.9500,0.00,0.00,0.00,0.00
2178.00,180.000,180.000,170.000,175.000,180.196,179.955,170.051,169.031,180.107,179.885,169.937,173.195,187.039,178.901,186.963,389.402,0.0665,0.0142,0.1439,0.9500,0.00,0.00,0.00,0.00
2179.00,180.000,180.000,170.000,175.000,180.195,179.954,170.050,169.059,180.106,179.878,169.934,173.220,187.031,178.981,186.964,389.423,0.0664,0.0148,0.1439,0.9500,0.00,0.00,0.00,0.00
2180.00,180.000,180.000,170.000,175.000,180.194,179.954,170.050,169.086,180.105,179.871,169.933,173.244,187.025,179.053,187.558,389.443,0.0663,0.0154,0.2144,0.9500,0.00,0.00,0.00,0.00
2181.00,180.000,180.000,170.000,175.000,180.194,179.953,170.049,169.114,180.103,179.865,169.933,173.269,187.019,179.118,188.642,389.464,0.0662,0.0159,0.2117,0.9500,0.00,0.00,0.00,0.00
2182.00,180.000,180.000,170.000,175.000,180.193,179.952,170.048,169.142,180.102,179.859,169.935,173.294,187.013,179.193,189.576,389.484,0.0661,0.0164,0.2091,0.9500,0.00,0.00,0.00,0.00
2183.00,180.000,180.000,170.000,175.000,180.193,179.952,170.047,169.169,180.100,179.853,169.938,173.318,187.009,179.275,190.372,389.504,0.0660,0.0169,0.2066,0.9500,0.00,0.00,0.00,0.00
2184.00,180.000,180.000,170.000,175.000,180.192,179.951,170.047,169.197,180.099,179.847,169.943,173.343,186.973,179.349,191.061,389.525,0.0659,0.0173,0.2042,0.9500,0.00,0.00,0.00,0.00
2185.00,180.000,180.000,170.000,175.000,180.191,179.950,170.046,169.224,180.098,179.841,169.950,173.368,186.940,179.415,191.637,389.545,0.0658,0.0178,0.2019,0.9500,0.00,0.00,0.00,0.00
2186.00,180.000,180.000,170.000,175.000,180.191,179.950,170.045,169.252,180.096,179.835,169.957,173.392,186.911,179.965,192.127,389.565,0.0657,0.0762,0.1998,0.9500,0.00,0.00,0.00,0.00
2187.00,180.000,180.000,170.000,175.000,180.190,179.949,170.045,169.280,180.095,179.832,169.964,173.417,186.885,180.912,192.539,389.586,0.0656,0.0739,0.1978,0.9500,0.00,0.00,0.00,0.00
2188.00,180.000,180.000,170.000,175.000,180.190,179.948,170.044,169.307,180.093,179.830,169.973,173.441,186.862,181.722,192.880,389.606,0.0655,0.0717,0.1959,0.9500,0.00,0.00,0.00,0.00
2189.00,180.000,180.000,170.000,175.000,180.189,179.947,170.044,169.335,180.092,179.830,169.982,173.466,186.840,182.423,193.158,389.626,0.0654,0.0696,0.1940,0.9500,0.00,0.00,0.00,0.00
2190.00,180.000,180.000,170.000,175.000,180.188,179.947,170.043,169.362,180.090,179.830,169.992,173.490,186.822,183.025,193.378,389.646,0.0653,0.0676,0.1923,0.9500,0.00,0.00,0.00,0.00
2191.00,180.000,180.000,170.000,175.000,180.188,179.946,170.043,169.390,180.089,179.832,170.002,173.515,186.805,183.538,193.561,389.667,0.0652,0.0657,0.1906,0.9500,0.00,0.00,0.00,0.00
2192.00,180.000,180.000,170.000,175.000,180.187,179.945,170.043,169.417,180.087,179.834,170.012,173.539,186.789,183.970,193.696,389.687,0.0650,0.0640,0.1891,0.9500,0.00,0.00,0.00,0.00
2193.00,180.000,180.000,170.000,175.000,180.186,179.944,170.043,169.444,180.086,179.838,170.022,173.564,186.776,184.330,193.803,389.707,0.0649,0.0623,0.1876,0.9500,0.00,0.00,0.00,0.00
2194.00,180.000,180.000,170.000,175.000,180.186,179.944,170.042,169.472,180.084,179.842,170.033,173.588,186.764,184.640,193.869,389.727,0.0648,0.0607,0.1862,0.9500,0.00,0.00,0.00,0.00
2195.00,180.000,180.000,170.000,175.000,180.185,179.943,170.042,169.499,180.083,179.846,170.043,173.613,186.753,184.888,193.913,389.748,0.0647,0.0592,0.1848,0.9500,0.00,0.00,0.00,0.00
2196.00,180.000,180.000,170.000,175.000,180.184,179.942,170.042,169.527,180.081,179.851,170.054,173.637,186.743,185.098,193.938,389.768,0.0646,0.0578,0.1835,0.9500,0.00,0.00,0.00,0.00
2197.00,180.000,180.000,170.000,175.000,180.184,179.942,170.042,169.554,180.079,179.856,170.064,173.661,186.735,185.256,193.929,389.788,0.0645,0.0565,0.1823,0.9500,0.00,0.00,0.00,0.00
2198.00,180.000,180.000,170.000,175.000,180.183,179.941,170.043,169.581,180.078,179.861,170.075,173.686,186.727,185.383,193.906,389.808,0.0644,0.0552,0.1812,0.9500,0.00,0.00,0.00,0.00
2199.00,180.000,180.000,170.000,175.000,180.182,179.941,170.043,169.609,180.076,179.866,170.085,173.710,186.721,185.484,193.871,389.828,0.0643,0.0540,0.1801,0.9500,0.00,0.00,0.00,0.00
2200.00,180.000,180.000,170.000,175.000,180.181,179.940,170.043,169.636,180.075,179.872,170.096,173.735,186.715,185.543,193.807,389.848,0.0642,0.0528,0.1791,0.9500,0.00,0.00,0.00,0.00
2201.00,180.000,180.000,170.000,175.000,180.181,179.940,170.044,169.663,180.073,179.878,170.106,173.759,186.710,185.597,193.751,389.868,0.0641,0.0518,0.1781,0.9500,0.00,0.00,0.00,0.00
2202.00,180.000,180.000,170.000,175.000,180.180,179.939,170.044,169.690,180.072,179.884,170.116,173.783,186.705,185.614,193.669,389.889,0.0640,0.0507,0.1771,0.9500,0.00,0.00,0.00,0.00
2203.00,180.000,180.000,170.000,175.000,180.179,179.939,170.044,169.718,180.070,179.889,170.126,173.808,186.670,185.631,193.595,389.909,0.0639,0.0498,0.1762,0.9500,0.00,0.00,0.00,0.00
2204.00,180.000,180.000,170.000,175.000,180.179,179.939,170.045,169.745,180.069,179.895,170.136,173.832,186.638,185.614,193.513,389.929,0.0638,0.0489,0.1754,0.9500,0.00,0.00,0.00,0.00
2205.00,180.000,180.000,170.000,175.000,180.178,179.938,170.046,169.772,180.067,179.901,170.145,173.856,186.609,185.600,193.424,389.949,0.0637,0.0480,0.1746,0.9500,0.00,0.00,0.00,0.00
2206.00,180.000,180.000,170.000,175.000,180.177,179.938,170.046,169.799,180.066,179.906,170.155,173.880,186.583,185.555,193.344,389.969,0.0636,0.0472,0.1738,0.9500,0.00,0.00,0.00,0.00
2207.00,180.000,180.000,170.000,175.000,180.176,179.938,170.047,169.826,180.064,179.912,170.164,173.905,186.559,185.515,193.241,389.989,0.0635,0.0464,0.1731,0.9500,0.00,0.00,0.00,0.00
2208.00,180.000,180.000,170.000,175.000,180.176,179.938,170.048,169.854,180.062,179.917,170.173,173.929,186.538,185.480,193.148,390.009,0.0634,0.0457,0.1724,0.9500,0.00,0.00,0.00,0.00
2209.00,180.000,180.000,170.000,175.000,180.175,179.938,170.049,169.881,180.061,179.923,170.182,173.953,186.520,185.416,193.065,390.029,0.0632,0.0450,0.1718,0.9500,0.00,0.00,0.00,0.00
2210.00,180.000,180.000,170.000,175.000,180.174,179.938,170.050,169.908,180.059,179.928,170.191,173.977,186.503,185.359,192.958,390.049,0.0631,0.0443,0.1712,0.9500,0.00,0.00,0.00,0.00
2211.00,180.000,180.000,170.000,175.000,180.173,179.937,170.051,169.935,180.057,179.933,170.199,174.001,186.488,185.291,192.271,390.069,0.0630,0.0437,0.1000,0.9500,0.00,0.00,0.00,0.00
2212.00,180.000,180.000,170.000,175.000,180.173,179.937,170.052,169.962,180.056,179.938,170.204,174.025,186.474,185.215,191.120,390.089,0.0629,0.0431,0.1022,0.9500,0.00,0.00,0.00,0.00
2213.00,180.000,180.000,170.000,175.000,180.172,179.937,170.053,169.989,180.054,179.943,170.208,174.049,186.462,185.146,190.110,390.109,0.0628,0.0426,0.1043,0.9500,0.00,0.00,0.00,0.00
2214.00,180.000,180.000,170.000,175.000,180.171,179.937,170.054,170.016,180.052,179.947,170.210,174.074,186.452,185.085,189.229,390.129,0.0627,0.0420,0.1063,0.9500,0.00,0.00,0.00,0.00
2215.00,180.000,180.000,170.000,175.000,180.170,179.938,170.055,170.043,180.051,179.952,170.211,174.098,186.442,185.013,188.464,390.149,0.0626,0.0415,0.1082,0.9500,0.00,0.00,0.00,0.00
2216.00,180.000,180.000,170.000,175.000,180.169,179.938,170.056,170.070,180.049,179.956,170.210,174.122,186.434,184.933,187.803,390.168,0.0625,0.0411,0.1100,0.9500,0.00,0.00,0.00,0.00
2217.00,180.000,180.000,170.000,175.000,180.169,179.938,170.057,170.097,180.047,179.960,170.209,174.146,186.426,184.860,187.237,390.188,0.0624,0.0406,0.1117,0.9500,0.00,0.00,0.00,0.00
2218.00,180.000,180.000,170.000,175.000,180.168,179.938,170.058,170.124,180.046,179.964,170.206,174.170,186.420,184.795,186.741,390.208,0.0623,0.0402,0.1133,0.9500,0.00,0.00,0.00,0.00
2219.00,180.000,180.000,170.000,175.000,180.167,179.938,170.059,170.151,180.044,179.968,170.202,174.194,186.414,184.721,186.324,390.228,0.0622,0.0398,0.1148,0.9500,0.00,0.00,0.00,0.00
2220.00,180.000,180.000,170.000,175.000,180.166,179.938,170.060,170.178,180.042,179.972,170.198,174.218,186.409,184.638,185.962,390.248,0.0621,0.0394,0.1163,0.9500,0.00,0.00,0.00,0.00
2221.00,180.000,180.000,170.000,175.000,180.165,179.939,170.061,170.205,180.041,179.976,170.193,174.242,186.405,184.563,185.666,390.268,0.0620,0.0390,0.1177,0.9500,0.00,0.00,0.00,0.00
2222.00,180.000,180.000,170.000,175.000,180.164,179.939,170.061,170.231,180.039,179.979,170.188,174.266,186.369,184.495,185.415,390.288,0.0619,0.0387,0.1190,0.9500,0.00,0.00,0.00,0.00
2223.00,180.000,180.000,170.000,175.000,180.164,179.939,170.062,170.258,180.037,179.982,170.182,174.290,186.337,184.434,185.202,390.307,0.0618,0.0384,0.1202,0.9500,0.00,0.00,0.00,0.00
2224.00,180.000,180.000,170.000,175.000,180.163,179.939,170.063,170.285,180.035,179.986,170.176,174.314,186.308,184.380,185.041,390.327,0.0617,0.0381,0.1214,0.9500,0.00,0.00,0.00,0.00
2225.00,180.000,180.000,170.000,175.000,180.162,179.940,170.064,170.312,180.034,179.989,170.170,174.338,186.282,184.314,184.894,390.347,0.0616,0.0378,0.1225,0.9500,0.00,0.00,0.00,0.00
2226.00,180.000,180.000,170.000,175.000,180.161,179.940,170.064,170.339,180.032,179.992,170.163,174.361,186.259,184.239,184.794,390.367,0.0614,0.0375,0.1235,0.9500,0.00,0.00,0.00,0.00
2227.00,180.000,180.000,170.000,175.000,180.160,179.940,170.065,170.366,180.030,179.995,170.156,174.385,186.238,184.172,184.718,390.386,0.0613,0.0373,0.1245,0.9500,0.00,0.00,0.00,0.00
2228.00,180.000,180.000,170.000,175.000,180.159,179.941,170.066,170.392,180.028,179.997,170.150,174.409,186.219,184.111,184.665,390.406,0.0612,0.0370,0.1255,0.9500,0.00,0.00,0.00,0.00
2229.00,180.000,180.000,170.000,175.000,180.158,179.941,170.066,170.419,180.026,180.000,170.143,174.433,186.202,184.056,184.616,390.426,0.0611,0.0368,0.1264,0.9500,0.00,0.00,0.00,0.00
2230.00,180.000,180.000,170.000,175.000,180.158,179.942,170.067,170.446,180.025,180.002,170.136,174.457,186.187,184.006,184.604,390.446,0.0610,0.0366,0.1272,0.9500,0.00,0.00,0.00,0.00
2231.00,180.000,180.000,170.000,175.000,180.157,179.942,170.067,170.472,180.023,180.005,170.129,174.481,186.173,183.962,184.592,390.465,0.0609,0.0364,0.1280,0.9500,0.00,0.00,0.00,0.00
2232.00,180.000,180.000,170.000,175.000,180.156,179.942,170.068,170.499,180.021,180.007,170.122,174.504,186.161,183.921,184.612,390.485,0.0608,0.0362,0.1288,0.9500,0.00,0.00,0.00,0.00
2233.00,180.000,180.000,170.000,175.000,180.155,179.943,170.068,170.526,180.019,180.009,170.116,174.528,186.151,183.885,184.631,390.505,0.0607,0.0360,0.1295,0.9500,0.00,0.00,0.00,0.00
2234.00,180.000,180.000,170.000,175.000,180.154,179.943,170.068,170.552,180.017,180.012,170.109,174.552,186.141,183.820,184.646,390.438,0.0606,0.0358,0.1302,0.9436,0.00,0.00,0.00,0.00
2235.00,180.000,180.000,170.000,175.000,180.153,179.944,170.069,170.579,180.015,180.014,170.102,174.576,186.133,183.762,184.692,390.468,0.0605,0.0356,0.1309,0.9500,0.00,0.00,0.00,0.00
2236.00,180.000,180.000,170.000,175.000,180.152,179.944,170.069,170.606,180.014,180.016,170.096,174.599,186.125,183.709,184.733,390.496,0.0604,0.0355,0.1315,0.9500,0.00,0.00,0.00,0.00
2237.00,180.000,180.000,170.000,175.000,180.151,179.945,170.069,170.632,180.012,180.017,170.089,174.623,186.118,183.662,184.770,390.524,0.0603,0.0353,0.1321,0.9500,0.00,0.00,0.00,0.00
2238.00,180.000,180.000,170.000,175.000,180.150,179.945,170.069,170.659,180.010,180.019,170.083,174.646,186.113,183.619,184.834,390.177,0.0602,0.0352,0.1326,0.9250,0.00,0.00,0.00,0.00
2239.00,180.000,180.000,170.000,175.000,180.149,179.946,170.069,170.685,180.009,180.021,170.077,174.670,186.681,183.580,184.892,390.193,0.1304,0.0350,0.1331,0.9500,0.00,0.00,0.00,0.00
2240.00,180.000,180.000,170.000,175.000,180.148,179.946,170.069,170.712,180.009,180.022,170.071,174.693,187.725,183.545,184.944,390.263,0.1270,0.0349,0.1336,0.9500,0.00,0.00,0.00,0.00
2241.00,180.000,180.000,170.000,175.000,180.148,179.947,170.069,170.738,180.012,180.024,170.065,174.716,188.607,183.513,184.990,390.327,0.1239,0.0348,0.1341,0.9500,0.00,0.00,0.00,0.00
2242.00,180.000,180.000,170.000,175.000,180.147,179.947,170.069,170.765,180.016,180.025,170.059,174.739,189.357,183.485,185.064,388.866,0.1209,0.0347,0.1345,0.9071,0.00,0.00,0.00,0.00
2243.00,180.000,180.000,170.000,175.000,180.146,179.948,170.069,170.791,180.021,180.027,170.053,174.760,189.989,183.459,185.130,388.774,0.1181,0.0346,0.1350,0.9487,0.00,0.00,0.00,0.00
2244.00,180.000,180.000,170.000,175.000,180.145,179.948,170.069,170.818,180.027,180.028,170.047,174.781,190.513,183.436,185.190,389.020,0.1155,0.0345,0.1354,0.9500,0.00,0.00,0.00,0.00
2245.00,180.000,180.000,170.000,175.000,180.144,179.949,170.069,170.844,180.034,180.030,170.042,174.803,190.957,183.415,185.243,389.240,0.1130,0.0344,0.1357,0.9500,0.00,0.00,0.00,0.00
2246.00,180.000,180.000,170.000,175.000,180.143,179.949,170.069,170.870,180.042,180.031,170.037,174.824,191.311,183.396,185.291,387.443,0.1107,0.0343,0.1361,0.8901,0.00,0.00,0.00,0.00
2247.00,180.000,180.000,170.000,175.000,180.143,179.950,170.068,170.897,180.051,180.032,170.031,174.843,191.600,183.378,185.366,387.026,0.1085,0.0342,0.1364,0.9310,0.00,0.00,0.00,0.00
2248.00,180.000,180.000,170.000,175.000,180.142,179.950,170.068,170.923,180.060,180.033,170.026,174.863,191.831,183.069,185.433,387.486,0.1064,0.0000,0.1367,0.9500,0.00,0.00,0.00,0.00
2249.00,180.000,180.000,170.000,175.000,180.142,179.951,170.068,170.949,180.069,180.033,170.021,174.883,192.009,182.510,185.494,387.894,0.1045,0.0000,0.1370,0.9500,0.00,0.00,0.00,0.00
2250.00,180.000,180.000,170.000,175.000,180.141,179.951,170.068,170.975,180.078,180.032,170.017,174.903,192.140,182.003,185.548,385.738,0.1027,0.0000,0.1373,0.8718,0.00,0.00,0.00,0.00
2251.00,180.000,180.000,170.000,175.000,180.141,179.952,170.067,171.001,180.088,180.030,170.012,174.920,192.227,181.545,185.597,385.029,0.1010,0.0000,0.1376,0.9122,0.00,0.00,0.00,0.00
2252.00,180.000,180.000,170.000,175.000,180.141,179.952,170.067,171.027,180.098,180.027,170.007,174.937,192.291,181.129,185.641,385.489,0.0994,0.0000,0.1378,0.9500,0.00,0.00,0.00,0.00
2253.00,180.000,180.000,170.000,175.000,180.140,179.953,170.066,171.053,180.108,180.024,170.003,174.955,192.319,180.753,185.681,384.137,0.0978,0.0000,0.1381,0.8130,0.00,0.00,0.00,0.00
2254.00,180.000,180.000,170.000,175.000,180.140,179.953,170.066,171.079,180.118,180.019,169.998,174.971,192.313,180.413,185.748,381.958,0.0964,0.0000,0.1383,0.8546,0.00,0.00,0.00,0.00
2255.00,180.000,180.000,170.000,175.000,180.140,179.954,170.066,171.105,180.128,180.015,169.994,174.984,192.292,180.104,185.809,381.201,0.0951,0.0000,0.1385,0.8945,0.00,0.00,0.00,0.00
2256.00,180.000,180.000,170.000,175.000,180.140,179.954,170.065,171.131,180.138,180.009,169.990,174.997,192.259,179.824,185.863,381.616,0.0938,0.0000,0.1387,0.9327,0.00,0.00,0.00,0.00
2257.00,180.000,180.000,170.000,175.000,180.140,179.955,170.065,171.157,180.148,180.004,169.986,175.012,192.198,179.570,185.912,380.498,0.0926,0.0000,0.1389,0.7974,0.00,0.00,0.00,0.00
2258.00,180.000,180.000,170.000,175.000,180.140,179.955,170.064,171.182,180.157,179.997,169.982,175.023,192.128,179.340,185.956,378.309,0.0915,0.0000,0.1391,0.8386,0.00,0.00,0.00,0.00
2259.00,180.000,180.000,170.000,175.000,180.140,179.955,170.063,171.208,180.167,179.991,169.978,175.033,192.050,179.131,185.996,377.485,0.0904,0.0000,0.1392,0.8779,0.00,0.00,0.00,0.00
2260.00,180.000,180.000,170.000,175.000,180.140,179.955,170.063,171.233,180.176,179.984,169.974,175.043,191.964,178.942,186.031,377.869,0.0894,0.0002,0.1394,0.9156,0.00,0.00,0.00,0.00
2261.00,180.000,180.000,170.000,175.000,180.140,179.956,170.062,171.259,180.185,179.977,169.970,175.054,191.872,178.801,186.063,376.723,0.0885,0.0015,0.1395,0.7799,0.00,0.00,0.00,0.00
2262.00,180.000,180.000,170.000,175.000,180.141,179.956,170.062,171.284,180.194,179.969,169.967,175.062,191.773,178.690,186.092,374.483,0.0876,0.0028,0.1397,0.8205,0.00,0.00,0.00,0.00
2263.00,180.000,180.000,170.000,175.000,180.141,179.956,170.061,171.309,180.203,179.962,169.963,175.069,191.669,178.604,186.117,373.612,0.0868,0.0040,0.1398,0.8594,0.00,0.00,0.00,0.00
2264.00,180.000,180.000,170.000,175.000,180.142,179.956,170.060,171.334,180.212,179.954,169.960,175.075,191.576,178.557,186.140,373.898,0.0860,0.0051,0.1399,0.8967,0.00,0.00,0.00,0.00
2265.00,180.000,180.000,170.000,175.000,180.142,179.956,170.060,171.359,180.220,179.946,169.956,175.083,191.460,178.514,186.160,372.666,0.0852,0.0062,0.1400,0.7606,0.00,0.00,0.00,0.00
2266.00,180.000,180.000,170.000,175.000,180.143,179.956,170.059,171.384,180.228,179.938,169.953,175.088,191.357,178.506,186.211,370.351,0.0845,0.0072,0.1401,0.8008,0.00,0.00,0.00,0.00
2267.00,180.000,180.000,170.000,175.000,180.143,179.956,170.058,171.408,180.236,179.931,169.949,175.091,191.264,178.498,186.256,369.412,0.0839,0.0082,0.1402,0.8393,0.00,0.00,0.00,0.00
2268.00,180.000,180.000,170.000,175.000,180.144,179.955,170.058,171.433,180.244,179.923,169.946,175.095,191.150,178.523,186.297,369.606,0.0832,0.0091,0.1403,0.8762,0.00,0.00,0.00,0.00
2269.00,180.000,180.000,170.000,175.000,180.144,179.955,170.057,171.457,180.252,179.915,169.943,175.099,191.047,178.544,186.333,368.324,0.0826,0.0100,0.1404,0.7397,0.00,0.00,0.00,0.00
2270.00,180.000,180.000,170.000,175.000,180.145,179.955,170.056,171.481,180.259,179.908,169.940,175.101,190.954,178.579,186.366,365.910,0.0821,0.0108,0.1405,0.7795,0.00,0.00,0.00,0.00
2271.00,180.000,180.000,170.000,175.000,180.146,179.955,170.055,171.505,180.266,179.900,169.937,175.101,190.855,178.625,186.395,364.882,0.0816,0.0116,0.1405,0.8177,0.00,0.00,0.00,0.00
2272.00,180.000,180.000,170.000,175.000,180.147,179.954,170.054,171.529,180.274,179.893,169.934,175.100,190.751,178.666,186.422,364.995,0.0811,0.0123,0.1406,0.8542,0.00,0.00,0.00,0.00
2273.00,180.000,180.000,170.000,175.000,180.148,179.954,170.054,171.553,180.280,179.886,169.931,175.101,190.657,178.735,186.446,363.559,0.0806,0.0130,0.1407,0.7158,0.00,0.00,0.00,0.00
2274.00,180.000,180.000,170.000,175.000,180.149,179.953,170.053,171.577,180.287,179.878,169.928,175.099,190.574,178.796,186.467,361.039,0.0801,0.0137,0.1407,0.7555,0.00,0.00,0.00,0.00
2275.00,180.000,180.000,170.000,175.000,180.149,179.953,170.052,171.600,180.294,179.871,169.926,175.096,190.482,178.851,186.486,359.885,0.0797,0.0143,0.1408,0.7934,0.00,0.00,0.00,0.00
2276.00,180.000,180.000,170.000,175.000,180.150,179.952,170.051,171.623,180.300,179.865,169.923,175.092,189.796,178.932,186.503,359.914,0.0082,0.0149,0.1408,0.8297,0.00,0.00,0.00,0.00
2277.00,180.000,180.000,170.000,175.000,180.151,179.952,170.050,171.646,180.303,179.858,169.920,175.090,188.648,179.004,186.518,360.936,0.0111,0.0154,0.1409,0.8644,0.00,0.00,0.00,0.00
2278.00,180.000,180.000,170.000,175.000,180.152,179.951,170.049,171.669,180.305,179.851,169.918,175.087,187.657,179.070,187.124,357.949,0.0138,0.0159,0.2114,0.7290,0.00,0.00,0.00,0.00
2279.00,180.000,180.000,170.000,175.000,180.153,179.950,170.049,171.692,180.305,179.845,169.918,175.083,186.793,179.144,188.188,356.409,0.0164,0.0164,0.2087,0.7668,0.00,0.00,0.00,0.00
2280.00,180.000,180.000,170.000,175.000,180.154,179.950,170.048,171.714,180.304,179.839,169.920,175.077,186.058,179.717,189.118,356.065,0.0188,0.0750,0.2061,0.8030,0.00,0.00,0.00,0.00
2281.00,180.000,180.000,170.000,175.000,180.155,179.949,170.047,171.737,180.301,179.835,169.923,175.073,185.426,180.654,189.912,356.756,0.0210,0.0727,0.2036,0.8376,0.00,0.00,0.00,0.00
2282.00,180.000,180.000,170.000,175.000,180.156,179.948,170.046,171.759,180.298,179.833,169.927,175.070,184.901,181.469,190.599,355.806,0.0232,0.0706,0.2013,0.6989,0.00,0.00,0.00,0.00
2283.00,180.000,180.000,170.000,175.000,180.157,179.947,170.045,171.781,180.293,179.832,169.933,175.065,184.458,182.175,191.172,353.658,0.0251,0.0685,0.1991,0.7367,0.00,0.00,0.00,0.00
2284.00,180.000,180.000,170.000,175.000,180.158,179.947,170.045,171.803,180.288,179.832,169.940,175.059,184.089,182.781,191.660,352.803,0.0270,0.0666,0.1970,0.7729,0.00,0.00,0.00,0.00
2285.00,180.000,180.000,170.000,175.000,180.159,179.946,170.044,171.824,180.282,179.833,169.947,175.053,183.770,183.299,192.069,353.040,0.0287,0.0648,0.1950,0.8075,0.00,0.00,0.00,0.00
2286.00,180.000,180.000,170.000,175.000,180.160,179.945,170.043,171.846,180.276,179.835,169.955,175.049,183.513,183.735,192.408,354.189,0.0303,0.0631,0.1931,0.8406,0.00,0.00,0.00,0.00
2287.00,180.000,180.000,170.000,175.000,180.161,179.944,170.043,171.867,180.270,179.838,169.964,175.044,183.312,184.114,192.684,351.320,0.0318,0.0615,0.1913,0.7036,0.00,0.00,0.00,0.00
2288.00,180.000,180.000,170.000,175.000,180.161,179.944,170.042,171.888,180.263,179.841,169.973,175.038,183.146,184.426,192.918,349.797,0.0333,0.0599,0.1895,0.7400,0.00,0.00,0.00,0.00
2289.00,180.000,180.000,170.000,175.000,180.162,179.943,170.042,171.909,180.256,179.845,169.982,175.031,183.011,184.676,193.099,349.441,0.0346,0.0585,0.1879,0.7747,0.00,0.00,0.00,0.00
2290.00,180.000,180.000,170.000,175.000,180.163,179.942,170.041,171.930,180.248,179.850,169.992,175.024,182.920,184.886,193.232,350.063,0.0358,0.0571,0.1864,0.8079,0.00,0.00,0.00,0.00
2291.00,180.000,180.000,170.000,175.000,180.163,179.942,170.041,171.950,180.241,179.854,170.002,175.020,182.854,185.062,193.336,349.026,0.0370,0.0558,0.1849,0.6664,0.00,0.00,0.00,0.00
2292.00,180.000,180.000,170.000,175.000,180.164,179.941,170.041,171.971,180.233,179.859,170.012,175.013,182.809,185.189,193.416,346.721,0.0380,0.0545,0.1835,0.7030,0.00,0.00,0.00,0.00
2293.00,180.000,180.000,170.000,175.000,180.164,179.941,170.041,171.991,180.226,179.864,170.022,175.004,182.800,185.288,193.457,345.670,0.0391,0.0534,0.1822,0.7380,0.00,0.00,0.00,0.00
2294.00,180.000,180.000,170.000,175.000,180.165,179.940,170.041,172.011,180.219,179.869,170.032,174.996,182.791,185.363,193.478,345.702,0.0400,0.0523,0.1809,0.7716,0.00,0.00,0.00,0.00
2295.00,180.000,180.000,170.000,175.000,180.165,179.940,170.040,172.031,180.211,179.875,170.043,174.989,182.815,185.415,193.483,346.667,0.0409,0.0512,0.1797,0.8036,0.00,0.00,0.00,0.00
2296.00,180.000,180.000,170.000,175.000,180.165,179.939,170.040,172.050,180.204,179.880,170.053,174.983,182.836,185.446,193.456,345.880,0.0417,0.0502,0.1786,0.6610,0.00,0.00,0.00,0.00
2297.00,180.000,180.000,170.000,175.000,180.165,179.939,170.041,172.070,180.197,179.886,170.063,174.976,182.871,185.459,193.416,343.769,0.0424,0.0493,0.1775,0.6965,0.00,0.00,0.00,0.00
2298.00,180.000,180.000,170.000,175.000,180.166,179.939,170.041,172.089,180.189,179.891,170.073,174.968,182.918,185.456,193.365,342.860,0.0432,0.0484,0.1765,0.7305,0.00,0.00,0.00,0.00
2299.00,180.000,180.000,170.000,175.000,180.166,179.938,170.041,172.108,180.182,179.896,170.083,174.959,182.960,185.437,193.304,342.991,0.0438,0.0476,0.1755,0.7631,0.00,0.00,0.00,0.00
2300.00,180.000,180.000,170.000,175.000,180.166,179.938,170.041,172.127,180.176,179.902,170.092,174.952,183.014,185.404,193.233,343.988,0.0444,0.0468,0.1746,0.7942,0.00,0.00,0.00,0.00
2301.00,180.000,180.000,170.000,175.000,180.166,179.938,170.042,172.146,180.169,179.907,170.102,174.948,183.078,185.376,193.171,345.725,0.0450,0.0460,0.1737,0.8240,0.00,0.00,0.00,0.00
2302.00,180.000,180.000,170.000,175.000,180.166,179.938,170.042,172.165,180.162,179.912,170.111,174.944,183.135,185.318,193.082,343.299,0.0455,0.0453,0.1729,0.6839,0.00,0.00,0.00,0.00
2303.00,180.000,180.000,170.000,175.000,180.166,179.937,170.043,172.183,180.156,179.917,170.121,174.938,183.187,185.267,193.004,342.084,0.0460,0.0446,0.1721,0.7171,0.00,0.00,0.00,0.00
2304.00,180.000,180.000,170.000,175.000,180.166,179.937,170.043,172.201,180.149,179.922,170.130,174.931,183.266,185.220,192.916,341.915,0.0465,0.0440,0.1713,0.7489,0.00,0.00,0.00,0.00
2305.00,180.000,180.000,170.000,175.000,180.166,179.937,170.044,172.219,180.143,179.927,170.139,174.926,183.336,185.147,192.823,342.646,0.0469,0.0434,0.1706,0.7794,0.00,0.00,0.00,0.00
2306.00,180.000,180.000,170.000,175.000,180.166,179.937,170.044,172.237,180.137,179.931,170.147,174.922,183.400,185.081,192.739,344.093,0.0473,0.0428,0.1699,0.8085,0.00,0.00,0.00,0.00
2307.00,180.000,180.000,170.000,175.000,180.165,179.937,170.045,172.255,180.131,179.936,170.156,174.921,183.457,185.022,192.632,343.704,0.0476,0.0423,0.1693,0.6646,0.00,0.00,0.00,0.00
2308.00,180.000,180.000,170.000,175.000,180.165,179.937,170.046,172.273,180.126,179.940,170.164,174.918,183.509,184.952,192.535,341.891,0.0480,0.0418,0.1687,0.6974,0.00,0.00,0.00,0.00
2309.00,180.000,180.000,170.000,175.000,180.165,179.937,170.047,172.290,180.120,179.944,170.172,174.914,183.572,184.874,192.449,341.192,0.0483,0.0413,0.1681,0.7288,0.00,0.00,0.00,0.00
2310.00,180.000,180.000,170.000,175.000,180.165,179.937,170.047,172.308,180.115,179.949,170.180,174.910,183.644,184.803,192.355,341.424,0.0485,0.0408,0.1675,0.7588,0.00,0.00,0.00,0.00
2311.00,180.000,180.000,170.000,175.000,180.164,179.937,170.048,172.325,180.109,179.953,170.188,174.907,183.709,184.740,192.255,342.457,0.0488,0.0404,0.1670,0.7876,0.00,0.00,0.00,0.00
2312.00,180.000,180.000,170.000,175.000,180.164,179.937,170.049,172.342,180.104,179.956,170.196,174.906,183.768,184.683,192.165,344.144,0.0490,0.0400,0.1665,0.8151,0.00,0.00,0.00,0.00
2313.00,180.000,180.000,170.000,175.000,180.163,179.937,170.050,172.359,180.099,179.960,170.203,174.906,183.821,184.600,192.085,341.537,0.0493,0.0396,0.0941,0.6712,0.00,0.00,0.00,0.00
2314.00,180.000,180.000,170.000,175.000,180.163,179.938,170.051,172.376,180.094,179.964,170.209,174.904,183.869,184.525,190.859,340.108,0.0494,0.0392,0.0964,0.7024,0.00,0.00,0.00,0.00
2315.00,180.000,180.000,170.000,175.000,180.163,179.938,170.052,172.393,180.089,179.967,170.212,174.900,183.912,184.457,189.782,339.721,0.0496,0.0389,0.0987,0.7323,0.00,0.00,0.00,0.00
2316.00,180.000,180.000,170.000,175.000,180.162,179.938,170.053,172.410,180.085,179.970,170.214,174.897,183.951,184.396,188.840,340.175,0.0498,0.0385,0.1009,0.7608,0.00,0.00,0.00,0.00
2317.00,180.000,180.000,170.000,175.000,180.162,179.938,170.054,172.426,180.080,179.974,170.214,174.895,183.986,184.341,188.036,341.349,0.0499,0.0382,0.1029,0.7882,0.00,0.00,0.00,0.00
2318.00,180.000,180.000,170.000,175.000,180.161,179.938,170.056,172.443,180.075,179.977,170.213,174.896,184.017,184.292,187.324,343.162,0.0500,0.0379,0.1049,0.8144,0.00,0.00,0.00,0.00
2319.00,180.000,180.000,170.000,175.000,180.160,179.939,170.057,172.459,180.071,179.980,170.211,174.897,184.078,184.216,186.711,340.667,0.0502,0.0376,0.1067,0.6692,0.00,0.00,0.00,0.00
2320.00,180.000,180.000,170.000,175.000,180.160,179.939,170.058,172.475,180.067,179.982,170.208,174.896,184.132,184.147,186.189,339.280,0.0503,0.0374,0.1084,0.6992,0.00,0.00,0.00,0.00
2321.00,180.000,180.000,170.000,175.000,180.159,179.939,170.059,172.491,180.063,179.985,170.203,174.893,184.181,184.085,185.748,338.877,0.0503,0.0371,0.1101,0.7280,0.00,0.00,0.00,0.00
2322.00,180.000,180.000,170.000,175.000,180.159,179.940,170.060,172.507,180.059,179.988,170.198,174.892,184.226,184.028,185.380,339.317,0.0504,0.0369,0.1117,0.7554,0.00,0.00,0.00,0.00
2323.00,180.000,180.000,170.000,175.000,180.158,179.940,170.060,172.523,180.055,179.990,170.193,174.891,184.266,183.978,185.063,340.423,0.0505,0.0367,0.1132,0.7817,0.00,0.00,0.00,0.00
2324.00,180.000,180.000,170.000,175.000,180.157,179.940,170.061,172.539,180.051,179.992,170.187,174.893,184.302,183.932,184.792,342.119,0.0505,0.0364,0.1146,0.8069,0.00,0.00,0.00,0.00
2325.00,180.000,180.000,170.000,175.000,180.156,179.941,170.062,172.554,180.047,179.995,170.180,174.897,184.334,183.891,184.577,341.843,0.0506,0.0362,0.1159,0.6592,0.00,0.00,0.00,0.00
2326.00,180.000,180.000,170.000,175.000,180.156,179.941,170.063,172.570,180.043,179.997,170.173,174.899,184.364,183.854,184.399,340.019,0.0506,0.0361,0.1172,0.6884,0.00,0.00,0.00,0.00
2327.00,180.000,180.000,170.000,175.000,180.155,179.941,170.064,172.585,180.040,179.999,170.166,174.899,184.391,183.804,184.253,339.227,0.0507,0.0359,0.1184,0.7163,0.00,0.00,0.00,0.00
2328.00,180.000,180.000,170.000,175.000,180.154,179.942,170.064,172.601,180.036,180.001,170.159,174.900,184.415,183.744,184.152,339.268,0.0507,0.0357,0.1195,0.7430,0.00,0.00,0.00,0.00
2329.00,180.000,180.000,170.000,175.000,180.153,179.942,170.065,172.616,180.033,180.003,170.152,174.901,184.436,183.689,184.077,340.020,0.0507,0.0355,0.1206,0.7686,0.00,0.00,0.00,0.00
2330.00,180.000,180.000,170.000,175.000,180.153,179.943,170.065,172.631,180.029,180.005,170.144,174.903,184.456,183.640,184.024,341.404,0.0507,0.0354,0.1216,0.7930,0.00,0.00,0.00,0.00
2331.00,180.000,180.000,170.000,175.000,180.152,179.943,170.066,172.646,180.026,180.007,170.136,174.908,184.473,183.595,183.991,343.292,0.0507,0.0352,0.1226,0.8165,0.00,0.00,0.00,0.00
2332.00,180.000,180.000,170.000,175.000,180.151,179.943,170.066,172.661,180.022,180.008,170.129,174.913,184.489,183.555,183.977,340.808,0.0507,0.0351,0.1235,0.6702,0.00,0.00,0.00,0.00
2333.00,180.000,180.000,170.000,175.000,180.150,179.944,170.067,172.676,180.019,180.010,170.121,174.916,184.504,183.519,183.980,339.378,0.0507,0.0350,0.1244,0.6976,0.00,0.00,0.00,0.00
2334.00,180.000,180.000,170.000,175.000,180.149,179.944,170.067,172.691,180.017,180.011,170.114,174.918,185.651,183.486,183.997,338.881,0.1201,0.0349,0.1252,0.7238,0.00,0.00,0.00,0.00
2335.00,180.000,180.000,170.000,175.000,180.148,179.945,170.067,172.706,180.018,180.013,170.106,174.919,186.642,183.456,184.012,339.128,0.1169,0.0347,0.1260,0.7489,0.00,0.00,0.00,0.00
2336.00,180.000,180.000,170.000,175.000,180.147,179.945,170.068,172.721,180.020,180.014,170.099,174.922,187.491,183.430,184.057,340.063,0.1138,0.0346,0.1268,0.7730,0.00,0.00,0.00,0.00
2337.00,180.000,180.000,170.000,175.000,180.147,179.946,170.068,172.735,180.023,180.016,170.091,174.926,188.212,183.405,184.098,341.525,0.1110,0.0345,0.1275,0.7960,0.00,0.00,0.00,0.00
2338.00,180.000,180.000,170.000,175.000,180.146,179.946,170.068,172.750,180.027,180.017,170.084,174.933,188.817,183.384,184.133,343.456,0.1083,0.0344,0.1281,0.8180,0.00,0.00,0.00,0.00
2339.00,180.000,180.000,170.000,175.000,180.145,179.947,170.068,172.765,180.033,180.018,170.077,174.939,189.332,183.364,184.197,340.982,0.1058,0.0343,0.1288,0.6703,0.00,0.00,0.00,0.00
2340.00,180.000,180.000,170.000,175.000,180.144,179.947,170.068,172.779,180.039,180.019,170.070,174.944,189.752,183.346,184.254,339.534,0.1034,0.0342,0.1294,0.6965,0.00,0.00,0.00,0.00
2341.00,180.000,180.000,170.000,175.000,180.144,179.948,170.068,172.793,180.047,180.021,170.063,174.947,190.101,183.330,184.306,338.966,0.1012,0.0342,0.1299,0.7215,0.00,0.00,0.00,0.00
2342.00,180.000,180.000,170.000,175.000,180.143,179.948,170.068,172.808,180.054,180.022,170.056,174.950,190.386,183.316,184.368,339.150,0.0991,0.0341,0.1305,0.7454,0.00,0.00,0.00,0.00
2343.00,180.000,180.000,170.000,175.000,180.142,179.949,170.068,172.822,180.062,180.023,170.050,174.954,190.596,183.303,184.439,339.947,0.0971,0.0340,0.1310,0.7683,0.00,0.00,0.00,0.00
2344.00,180.000,180.000,170.000,175.000,180.142,179.949,170.068,172.836,180.071,180.024,170.043,174.959,190.771,183.274,184.503,341.287,0.0953,0.0339,0.1315,0.7903,0.00,0.00,0.00,0.00
2345.00,180.000,180.000,170.000,175.000,180.141,179.950,170.068,172.850,180.080,180.025,170.037,174.966,190.899,183.234,184.561,340.560,0.0935,0.0339,0.1319,0.6379,0.00,0.00,0.00,0.00
2346.00,180.000,180.000,170.000,175.000,180.141,179.950,170.068,172.864,180.089,180.026,170.031,174.970,190.984,183.197,184.628,338.256,0.0919,0.0000,0.1324,0.6642,0.00,0.00,0.00,0.00
2347.00,180.000,180.000,170.000,175.000,180.141,179.951,170.067,172.878,180.098,180.026,170.025,174.972,191.029,182.621,184.705,336.930,0.0903,0.0000,0.1328,0.6893,0.00,0.00,0.00,0.00
2348.00,180.000,180.000,170.000,175.000,180.140,179.951,170.067,172.892,180.107,180.025,170.019,174.973,191.055,182.101,184.774,336.415,0.0889,0.0000,0.1332,0.7134,0.00,0.00,0.00,0.00
2349.00,180.000,180.000,170.000,175.000,180.140,179.952,170.067,172.906,180.116,180.023,170.013,174.974,191.064,181.630,184.836,336.618,0.0875,0.0000,0.1335,0.7364,0.00,0.00,0.00,0.00
2350.00,180.000,180.000,170.000,175.000,180.140,179.952,170.066,172.920,180.125,180.021,170.007,174.976,191.041,181.203,184.891,337.431,0.0862,0.0000,0.1339,0.7584,0.00,0.00,0.00,0.00
2351.00,180.000,180.000,170.000,175.000,180.140,179.952,170.066,172.933,180.134,180.017,170.002,174.980,191.005,180.817,184.957,338.757,0.0850,0.0000,0.1342,0.7795,0.00,0.00,0.00,0.00
2352.00,180.000,180.000,170.000,175.000,180.140,179.953,170.065,172.947,180.143,180.013,169.997,174.985,190.958,180.467,185.032,340.484,0.0838,0.0000,0.1345,0.7996,0.00,0.00,0.00,0.00
2353.00,180.000,180.000,170.000,175.000,180.140,179.953,170.065,172.961,180.152,180.009,169.991,174.991,190.884,180.149,185.100,337.808,0.0827,0.0000,0.1348,0.6502,0.00,0.00,0.00,0.00
2354.00,180.000,180.000,170.000,175.000,180.140,179.954,170.065,172.974,180.160,180.004,169.986,174.994,190.819,179.862,185.160,336.151,0.0817,0.0000,0.1351,0.6747,0.00,0.00,0.00,0.00
2355.00,180.000,180.000,170.000,175.000,180.140,179.954,170.064,172.987,180.169,179.998,169.981,174.995,190.728,179.601,185.215,335.342,0.0808,0.0000,0.1353,0.6981,0.00,0.00,0.00,0.00
2356.00,180.000,180.000,170.000,175.000,180.140,179.954,170.063,173.001,180.177,179.992,169.976,174.996,190.647,179.365,185.264,335.256,0.0799,0.0000,0.1356,0.7205,0.00,0.00,0.00,0.00
2357.00,180.000,180.000,170.000,175.000,180.141,179.954,170.063,173.014,180.185,179.985,169.972,174.998,190.542,179.150,185.308,335.786,0.0790,0.0000,0.1358,0.7419,0.00,0.00,0.00,0.00
2358.00,180.000,180.000,170.000,175.000,180.141,179.955,170.062,173.027,180.193,179.978,169.967,175.001,190.449,178.955,185.347,336.806,0.0782,0.0000,0.1360,0.7624,0.00,0.00,0.00,0.00
2359.00,180.000,180.000,170.000,175.000,180.141,179.955,170.062,173.040,180.201,179.971,169.962,175.005,190.349,178.795,185.414,338.288,0.0774,0.0007,0.1362,0.7820,0.00,0.00,0.00,0.00
2360.00,180.000,180.000,170.000,175.000,180.142,179.955,170.061,173.053,180.209,179.964,169.958,175.012,190.243,178.664,185.475,337.662,0.0767,0.0020,0.1364,0.6290,0.00,0.00,0.00,0.00
2361.00,180.000,180.000,170.000,175.000,180.142,179.955,170.060,173.066,180.216,179.956,169.954,175.016,190.149,178.577,185.529,335.420,0.0760,0.0033,0.1366,0.6531,0.00,0.00,0.00,0.00
2362.00,180.000,180.000,170.000,175.000,180.143,179.955,170.060,173.079,180.224,179.948,169.949,175.018,190.047,178.498,185.578,334.093,0.0754,0.0044,0.1368,0.6761,0.00,0.00,0.00,0.00
2363.00,180.000,180.000,170.000,175.000,180.143,179.955,170.059,173.092,180.231,179.941,169.945,175.018,189.941,178.457,185.622,333.521,0.0748,0.0055,0.1369,0.6982,0.00,0.00,0.00,0.00
2364.00,180.000,180.000,170.000,175.000,180.144,179.955,170.058,173.105,180.238,179.933,169.941,175.019,189.845,178.436,185.662,333.620,0.0742,0.0066,0.1371,0.7192,0.00,0.00,0.00,0.00
2365.00,180.000,180.000,170.000,175.000,180.145,179.955,170.057,173.118,180.244,179.925,169.937,175.020,189.743,178.431,185.697,334.283,0.0737,0.0076,0.1372,0.7394,0.00,0.00,0.00,0.00
2366.00,180.000,180.000,170.000,175.000,180.145,179.954,170.056,173.130,180.251,179.917,169.933,175.023,189.636,178.443,185.729,335.422,0.0732,0.0085,0.1373,0.7587,0.00,0.00,0.00,0.00
2367.00,180.000,180.000,170.000,175.000,180.146,179.954,170.056,173.143,180.257,179.909,169.930,175.028,189.540,178.468,185.757,336.927,0.0727,0.0094,0.1375,0.7772,0.00,0.00,0.00,0.00
2368.00,180.000,180.000,170.000,175.000,180.147,179.954,170.055,173.156,180.263,179.901,169.926,175.034,189.453,178.490,185.782,336.320,0.0722,0.0103,0.1376,0.6232,0.00,0.00,0.00,0.00
2369.00,180.000,180.000,170.000,175.000,180.147,179.953,170.054,173.168,180.269,179.894,169.922,175.038,189.376,178.542,185.805,334.070,0.0718,0.0111,0.1377,0.6462,0.00,0.00,0.00,0.00
2370.00,180.000,180.000,170.000,175.000,180.148,179.953,170.053,173.181,180.275,179.886,169.919,175.040,189.274,178.587,185.825,332.680,0.0714,0.0118,0.1378,0.6683,0.00,0.00,0.00,0.00
2371.00,180.000,180.000,170.000,175.000,180.149,179.953,170.052,173.193,180.281,179.879,169.915,175.041,189.183,178.644,185.843,332.052,0.0710,0.0126,0.1379,0.6894,0.00,0.00,0.00,0.00
2372.00,180.000,180.000,170.000,175.000,180.150,179.952,170.051,173.205,180.286,179.872,169.911,175.041,189.101,178.711,185.859,332.071,0.0706,0.0132,0.1380,0.7095,0.00,0.00,0.00,0.00
2373.00,180.000,180.000,170.000,175.000,180.151,179.952,170.050,173.217,180.290,179.865,169.908,175.042,187.879,178.770,185.890,332.639,0.0011,0.0139,0.1380,0.7288,0.00,0.00,0.00,0.00
2374.00,180.000,180.000,170.000,175.000,180.152,179.951,170.049,173.229,180.292,179.858,169.905,175.045,186.822,178.840,186.509,333.637,0.0039,0.0145,0.2087,0.7473,0.00,0.00,0.00,0.00
2375.00,180.000,180.000,170.000,175.000,180.153,179.950,170.048,173.242,180.292,179.851,169.904,175.049,185.897,178.918,187.600,335.044,0.0066,0.0151,0.2060,0.7650,0.00,0.00,0.00,0.00
2376.00,180.000,180.000,170.000,175.000,180.154,179.950,170.047,173.254,180.290,179.844,169.905,175.055,185.108,179.478,188.540,334.270,0.0091,0.0730,0.2034,0.6101,0.00,0.00,0.00,0.00
2377.00,180.000,180.000,170.000,175.000,180.155,179.949,170.046,173.266,180.287,179.840,169.907,175.058,184.442,180.403,189.342,331.873,0.0115,0.0708,0.2010,0.6325,0.00,0.00,0.00,0.00
2378.00,180.000,180.000,170.000,175.000,180.155,179.948,170.046,173.277,180.283,179.837,169.911,175.058,183.871,181.208,190.036,330.351,0.0137,0.0688,0.1986,0.6538,0.00,0.00,0.00,0.00
2379.00,180.000,180.000,170.000,175.000,180.156,179.947,170.045,173.289,180.278,179.836,169.916,175.058,183.385,181.904,190.633,329.578,0.0158,0.0668,0.1965,0.6742,0.00,0.00,0.00,0.00
2380.00,180.000,180.000,170.000,175.000,180.157,179.947,170.044,173.301,180.272,179.835,169.922,175.057,182.978,182.501,191.141,329.442,0.0177,0.0650,0.1944,0.6937,0.00,0.00,0.00,0.00
2381.00,180.000,180.000,170.000,175.000,180.158,179.946,170.043,173.313,180.266,179.836,169.929,175.057,182.640,183.027,191.569,329.842,0.0195,0.0633,0.1924,0.7124,0.00,0.00,0.00,0.00
2382.00,180.000,180.000,170.000,175.000,180.159,179.945,170.042,173.324,180.259,179.838,169.937,175.057,182.366,183.471,191.925,330.692,0.0212,0.0617,0.1905,0.7303,0.00,0.00,0.00,0.00
2383.00,180.000,180.000,170.000,175.000,180.159,179.945,170.042,173.336,180.252,179.840,169.945,175.059,182.149,183.840,192.216,331.940,0.0228,0.0601,0.1887,0.7474,0.00,0.00,0.00,0.00
2384.00,180.000,180.000,170.000,175.000,180.160,179.944,170.041,173.347,180.244,179.843,169.954,175.064,181.968,184.159,192.447,333.487,0.0243,0.0586,0.1870,0.7638,0.00,0.00,0.00,0.00
2385.00,180.000,180.000,170.000,175.000,180.160,179.943,170.040,173.359,180.236,179.846,169.963,175.068,181.836,184.415,192.642,330.579,0.0257,0.0573,0.1854,0.6108,0.00,0.00,0.00,0.00
2386.00,180.000,180.000,170.000,175.000,180.161,179.943,170.040,173.370,180.228,179.850,169.972,175.068,181.731,184.632,192.787,328.576,0.0270,0.0559,0.1839,0.6318,0.00,0.00,0.00,0.00
2387.00,180.000,180.000,170.000,175.000,180.161,179.942,170.039,173.381,180.220,179.854,169.982,175.067,181.652,184.797,192.887,327.403,0.0282,0.0547,0.1824,0.6518,0.00,0.00,0.00,0.00
2388.00,180.000,180.000,170.000,175.000,180.162,179.941,170.039,173.393,180.212,179.859,169.991,175.065,181.611,184.946,192.962,326.883,0.0293,0.0535,0.1811,0.6710,0.00,0.00,0.00,0.00
2389.00,180.000,180.000,170.000,175.000,180.162,179.941,170.039,173.404,180.203,179.863,170.001,175.063,181.574,185.050,193.015,326.945,0.0304,0.0524,0.1797,0.6893,0.00,0.00,0.00,0.00
2390.00,180.000,180.000,170.000,175.000,180.162,179.940,170.039,173.415,180.195,179.868,170.011,175.062,181.571,185.128,193.032,327.494,0.0314,0.0513,0.1785,0.7069,0.00,0.00,0.00,0.00
2391.00,180.000,180.000,170.000,175.000,180.162,179.940,170.038,173.426,180.187,179.873,170.020,175.062,181.569,185.183,193.032,328.446,0.0323,0.0504,0.1773,0.7237,0.00,0.00,0.00,0.00
2392.00,180.000,180.000,170.000,175.000,180.163,179.939,170.038,173.436,180.179,179.878,170.030,175.064,181.597,185.217,193.017,329.731,0.0332,0.0494,0.1762,0.7398,0.00,0.00,0.00,0.00
2393.00,180.000,180.000,170.000,175.000,180.163,179.939,170.038,173.447,180.170,179.883,170.040,175.068,181.623,185.233,192.987,331.309,0.0340,0.0485,0.1751,0.7552,0.00,0.00,0.00,0.00
2394.00,180.000,180.000,170.000,175.000,180.163,179.939,170.038,173.458,180.162,179.888,170.049,175.071,181.661,185.248,192.946,328.349,0.0347,0.0477,0.1741,0.5997,0.00,0.00,0.00,0.00
2395.00,180.000,180.000,170.000,175.000,180.163,179.938,170.038,173.469,180.154,179.893,170.059,175.071,181.711,185.230,192.893,326.300,0.0354,0.0469,0.1732,0.6198,0.00,0.00,0.00,0.00
2396.00,180.000,180.000,170.000,175.000,180.163,179.938,170.039,173.479,180.147,179.898,170.068,175.070,181.756,185.214,192.831,325.003,0.0361,0.0461,0.1722,0.6391,0.00,0.00,0.00,0.00
2397.00,180.000,180.000,170.000,175.000,180.163,179.938,170.039,173.490,180.139,179.903,170.077,175.067,181.828,185.184,192.758,324.402,0.0367,0.0454,0.1714,0.6575,0.00,0.00,0.00,0.00
2398.00,180.000,180.000,170.000,175.000,180.162,179.938,170.039,173.500,180.131,179.908,170.087,175.064,181.892,185.141,192.678,324.361,0.0372,0.0447,0.1705,0.6751,0.00,0.00,0.00,0.00
2399.00,180.000,180.000,170.000,175.000,180.162,179.937,170.039,173.511,180.124,179.912,170.095,175.062,181.950,185.103,192.606,324.791,0.0377,0.0441,0.1698,0.6920,0.00,0.00,0.00,0.00
2400.00,180.000,180.000,170.000,175.000,180.162,179.937,170.040,173.521,180.117,179.917,170.104,175.061,182.002,185.052,192.510,325.611,0.0382,0.0435,0.1690,0.7081,0.00,0.00,0.00,0.00
2401.00,180.000,180.000,170.000,175.000,180.162,179.937,170.040,173.531,180.110,179.922,170.113,175.061,182.080,184.991,192.424,326.778,0.0386,0.0429,0.1683,0.7235,0.00,0.00,0.00,0.00
2402.00,180.000,180.000,170.000,175.000,180.161,179.937,170.041,173.542,180.103,179.926,170.121,175.063,182.151,184.937,192.330,328.252,0.0391,0.0423,0.1676,0.7383,0.00,0.00,0.00,0.00
2403.00,180.000,180.000,170.000,175.000,180.161,179.937,170.041,173.552,180.096,179.930,170.129,175.067,182.214,184.888,192.230,327.459,0.0394,0.0418,0.1670,0.5791,0.00,0.00,0.00,0.00
2404.00,180.000,180.000,170.000,175.000,180.160,179.937,170.042,173.562,180.089,179.934,170.137,175.068,182.271,184.812,192.140,324.936,0.0398,0.0413,0.1664,0.5988,0.00,0.00,0.00,0.00
2405.00,180.000,180.000,170.000,175.000,180.160,179.937,170.042,173.572,180.083,179.939,170.145,175.067,182.322,184.743,192.060,323.247,0.0401,0.0409,0.1658,0.6177,0.00,0.00,0.00,0.00
2406.00,180.000,180.000,170.000,175.000,180.159,179.937,170.043,173.582,180.076,179.942,170.153,175.064,182.399,184.681,191.956,322.243,0.0404,0.0404,0.1653,0.6357,0.00,0.00,0.00,0.00
2407.00,180.000,180.000,170.000,175.000,180.159,179.937,170.044,173.592,180.070,179.946,170.160,175.060,182.469,184.626,191.862,321.816,0.0407,0.0400,0.1648,0.6529,0.00,0.00,0.00,0.00
2408.00,180.000,180.000,170.000,175.000,180.158,179.937,170.045,173.601,180.064,179.950,170.167,175.057,182.532,184.560,191.778,321.931,0.0409,0.0396,0.1643,0.6694,0.00,0.00,0.00,0.00
2409.00,180.000,180.000,170.000,175.000,180.158,179.937,170.046,173.611,180.058,179.953,170.174,175.054,182.589,184.485,191.686,322.472,0.0412,0.0393,0.1638,0.6852,0.00,0.00,0.00,0.00
2410.00,180.000,180.000,170.000,175.000,180.157,179.937,170.046,173.621,180.052,179.957,170.181,175.052,182.639,184.417,191.588,323.390,0.0414,0.0389,0.1634,0.7003,0.00,0.00,0.00,0.00
2411.00,180.000,180.000,170.000,175.000,180.156,179.937,170.047,173.630,180.047,179.960,170.188,175.053,182.685,184.356,191.500,324.588,0.0416,0.0386,0.1629,0.7147,0.00,0.00,0.00,0.00
2412.00,180.000,180.000,170.000,175.000,180.155,179.937,170.048,173.639,180.041,179.963,170.195,175.055,182.726,184.301,191.421,326.035,0.0417,0.0383,0.1625,0.7286,0.00,0.00,0.00,0.00
2413.00,180.000,180.000,170.000,175.000,180.155,179.938,170.049,173.649,180.035,179.966,170.201,175.059,182.763,184.251,191.350,327.703,0.0419,0.0380,0.1622,0.7418,0.00,0.00,0.00,0.00
2414.00,180.000,180.000,170.000,175.000,180.154,179.938,170.050,173.658,180.030,179.969,170.207,175.062,182.796,184.175,191.270,324.797,0.0420,0.0377,0.0898,0.5858,0.00,0.00,0.00,0.00
2415.00,180.000,180.000,170.000,175.000,180.153,179.938,170.051,173.668,180.025,179.972,170.212,175.063,182.857,184.106,190.045,322.741,0.0421,0.0374,0.0923,0.6039,0.00,0.00,0.00,0.00
2416.00,180.000,180.000,170.000,175.000,180.152,179.938,170.052,173.677,180.019,179.974,170.214,175.062,182.912,184.044,188.985,321.382,0.0422,0.0372,0.0947,0.6212,0.00,0.00,0.00,0.00
2417.00,180.000,180.000,170.000,175.000,180.151,179.939,170.053,173.686,180.014,179.977,170.215,175.059,182.962,183.987,188.058,320.670,0.0423,0.0369,0.0969,0.6377,0.00,0.00,0.00,0.00
2418.00,180.000,180.000,170.000,175.000,180.150,179.939,170.055,173.695,180.009,179.979,170.214,175.056,183.007,183.937,187.267,320.476,0.0424,0.0367,0.0991,0.6535,0.00,0.00,0.00,0.00
2419.00,180.000,180.000,170.000,175.000,180.149,179.939,170.056,173.704,180.005,179.982,170.212,175.053,183.637,183.891,186.583,320.743,0.1128,0.0365,0.1011,0.6686,0.00,0.00,0.00,0.00
2420.00,180.000,180.000,170.000,175.000,180.148,179.939,170.057,173.713,180.003,179.984,170.209,175.052,184.719,183.850,185.996,321.363,0.1096,0.0363,0.1030,0.6831,0.00,0.00,0.00,0.00
2421.00,180.000,180.000,170.000,175.000,180.148,179.940,170.058,173.722,180.002,179.986,170.204,175.051,185.634,183.813,185.497,322.297,0.1066,0.0361,0.1048,0.6970,0.00,0.00,0.00,0.00
2422.00,180.000,180.000,170.000,175.000,180.147,179.940,170.059,173.731,180.003,179.988,170.199,175.052,186.431,183.763,185.060,323.509,0.1038,0.0359,0.1066,0.7102,0.00,0.00,0.00,0.00
2423.00,180.000,180.000,170.000,175.000,180.146,179.940,170.060,173.740,180.006,179.990,170.193,175.055,187.105,183.703,184.696,324.941,0.1011,0.0357,0.1082,0.7229,0.00,0.00,0.00,0.00
2424.00,180.000,180.000,170.000,175.000,180.145,179.941,170.060,173.748,180.009,179.992,170.187,175.060,187.666,183.648,184.398,326.540,0.0986,0.0356,0.1098,0.7351,0.00,0.00,0.00,0.00
2425.00,180.000,180.000,170.000,175.000,180.144,179.941,170.061,173.757,180.014,179.994,170.180,175.065,188.143,183.599,184.145,323.576,0.0963,0.0354,0.1112,0.5780,0.00,0.00,0.00,0.00
2426.00,180.000,180.000,170.000,175.000,180.143,179.941,170.062,173.766,180.019,179.995,170.173,175.066,188.543,183.555,183.947,321.412,0.0941,0.0353,0.1126,0.5951,0.00,0.00,0.00,0.00
2427.00,180.000,180.000,170.000,175.000,180.142,179.942,170.063,173.774,180.025,179.997,170.165,175.065,188.858,183.514,183.782,319.986,0.0920,0.0351,0.1140,0.6114,0.00,0.00,0.00,0.00
2428.00,180.000,180.000,170.000,175.000,180.141,179.942,170.063,173.783,180.032,179.999,170.157,175.062,189.112,183.478,183.665,319.159,0.0901,0.0350,0.1152,0.6270,0.00,0.00,0.00,0.00
2429.00,180.000,180.000,170.000,175.000,180.141,179.942,170.064,173.792,180.039,180.000,170.149,175.059,189.311,183.446,183.558,318.808,0.0882,0.0349,0.1164,0.6420,0.00,0.00,0.00,0.00
2430.00,180.000,180.000,170.000,175.000,180.140,179.943,170.065,173.800,180.046,180.001,170.141,175.057,189.475,183.416,183.493,318.907,0.0865,0.0348,0.1176,0.6563,0.00,0.00,0.00,0.00
2431.00,180.000,180.000,170.000,175.000,180.139,179.943,170.065,173.808,180.053,180.003,170.133,175.055,189.592,183.389,183.449,319.378,0.0849,0.0346,0.1186,0.6699,0.00,0.00,0.00,0.00
2432.00,180.000,180.000,170.000,175.000,180.139,179.944,170.065,173.817,180.061,180.004,170.124,175.054,189.683,183.365,183.425,320.180,0.0833,0.0345,0.1197,0.6830,0.00,0.00,0.00,0.00
2433.00,180.000,180.000,170.000,175.000,180.138,179.944,170.066,173.825,180.068,180.005,170.116,175.054,189.735,183.344,183.419,321.220,0.0819,0.0344,0.1206,0.6955,0.00,0.00,0.00,0.00
2434.00,180.000,180.000,170.000,175.000,180.138,179.944,170.066,173.833,180.076,180.007,170.108,175.056,189.750,183.324,183.428,322.472,0.0805,0.0343,0.1215,0.7075,0.00,0.00,0.00,0.00
2435.00,180.000,180.000,170.000,175.000,180.137,179.945,170.066,173.841,180.084,180.008,170.100,175.060,189.749,183.306,183.452,323.912,0.0793,0.0343,0.1224,0.7190,0.00,0.00,0.00,0.00
2436.00,180.000,180.000,170.000,175.000,180.137,179.945,170.067,173.849,180.092,180.009,170.092,175.066,189.733,183.291,183.488,325.518,0.0780,0.0342,0.1232,0.7300,0.00,0.00,0.00,0.00
2437.00,180.000,180.000,170.000,175.000,180.137,179.946,170.067,173.857,180.099,180.010,170.084,175.071,189.702,183.276,183.521,322.507,0.0769,0.0341,0.1240,0.5718,0.00,0.00,0.00,0.00
2438.00,180.000,180.000,170.000,175.000,180.137,179.946,170.067,173.865,180.107,180.011,170.076,175.073,189.660,183.263,183.581,320.302,0.0758,0.0340,0.1247,0.5878,0.00,0.00,0.00,0.00
2439.00,180.000,180.000,170.000,175.000,180.136,179.947,170.067,173.873,180.114,180.012,170.068,175.073,189.591,183.235,183.636,318.784,0.0748,0.0339,0.1254,0.6032,0.00,0.00,0.00,0.00
2440.00,180.000,180.000,170.000,175.000,180.136,179.947,170.067,173.881,180.122,180.013,170.060,175.071,189.529,183.194,183.684,317.820,0.0739,0.0339,0.1261,0.6178,0.00,0.00,0.00,0.00
2441.00,180.000,180.000,170.000,175.000,180.136,179.947,170.067,173.889,180.129,180.014,170.053,175.068,189.442,183.158,183.760,317.375,0.0730,0.0338,0.1267,0.6318,0.00,0.00,0.00,0.00
2442.00,180.000,180.000,170.000,175.000,180.136,179.948,170.067,173.897,180.136,180.015,170.045,175.066,189.364,183.124,183.827,317.363,0.0721,0.0338,0.1273,0.6452,0.00,0.00,0.00,0.00
2443.00,180.000,180.000,170.000,175.000,180.136,179.948,170.067,173.905,180.143,180.016,170.038,175.064,189.278,183.094,183.888,317.682,0.0713,0.0337,0.1279,0.6580,0.00,0.00,0.00,0.00
2444.00,180.000,180.000,170.000,175.000,180.136,179.949,170.066,173.913,180.150,180.016,170.031,175.062,189.185,183.067,183.958,318.347,0.0706,0.0336,0.1284,0.6702,0.00,0.00,0.00,0.00
2445.00,180.000,180.000,170.000,175.000,180.136,179.949,170.066,173.920,180.156,180.017,170.024,175.062,189.101,183.042,184.037,319.267,0.0699,0.0336,0.1289,0.6820,0.00,0.00,0.00,0.00
2446.00,180.000,180.000,170.000,175.000,180.136,179.950,170.066,173.928,180.162,180.018,170.017,175.064,188.994,183.020,184.108,320.357,0.0692,0.0335,0.1294,0.6932,0.00,0.00,0.00,0.00
2447.00,180.000,180.000,170.000,175.000,180.137,179.950,170.066,173.935,180.169,180.018,170.010,175.067,188.898,182.722,184.171,321.652,0.0686,0.0000,0.1299,0.7039,0.00,0.00,0.00,0.00
2448.00,180.000,180.000,170.000,175.000,180.137,179.951,170.065,173.943,180.175,180.017,170.004,175.072,188.812,182.188,184.245,323.076,0.0680,0.0000,0.1303,0.7142,0.00,0.00,0.00,0.00
2449.00,180.000,180.000,170.000,175.000,180.137,179.951,170.065,173.950,180.180,180.016,169.998,175.079,188.703,181.705,184.326,322.133,0.0674,0.0000,0.1307,0.5507,0.00,0.00,0.00,0.00
2450.00,180.000,180.000,170.000,175.000,180.137,179.951,170.064,173.958,180.186,180.013,169.991,175.082,188.605,181.268,184.400,319.371,0.0669,0.0000,0.1311,0.5663,0.00,0.00,0.00,0.00
2451.00,180.000,180.000,170.000,175.000,180.138,179.952,170.064,173.965,180.191,180.010,169.985,175.082,188.516,180.872,184.465,317.359,0.0664,0.0000,0.1314,0.5812,0.00,0.00,0.00,0.00
2452.00,180.000,180.000,170.000,175.000,180.138,179.952,170.063,173.973,180.197,180.006,169.979,175.080,188.437,180.514,184.524,315.956,0.0659,0.0000,0.1318,0.5955,0.00,0.00,0.00,0.00
2453.00,180.000,180.000,170.000,175.000,180.139,179.953,170.063,173.980,180.202,180.002,169.974,175.077,188.333,180.188,184.577,315.095,0.0654,0.0000,0.1321,0.6091,0.00,0.00,0.00,0.00
2454.00,180.000,180.000,170.000,175.000,180.139,179.953,170.062,173.987,180.207,179.996,169.968,175.074,188.240,179.894,184.657,314.686,0.0650,0.0000,0.1324,0.6222,0.00,0.00,0.00,0.00
2455.00,180.000,180.000,170.000,175.000,180.139,179.953,170.061,173.995,180.212,179.991,169.962,175.070,188.157,179.627,184.728,314.706,0.0646,0.0000,0.1327,0.6346,0.00,0.00,0.00,0.00
2456.00,180.000,180.000,170.000,175.000,180.140,179.953,170.061,174.002,180.216,179.985,169.957,175.067,188.081,179.385,184.793,315.051,0.0642,0.0000,0.1330,0.6465,0.00,0.00,0.00,0.00
2457.00,180.000,180.000,170.000,175.000,180.140,179.954,170.060,174.009,180.221,179.978,169.952,175.065,188.014,179.165,184.850,315.686,0.0639,0.0000,0.1332,0.6579,0.00,0.00,0.00,0.00
2458.00,180.000,180.000,170.000,175.000,180.141,179.954,170.059,174.016,180.225,179.971,169.947,175.064,187.921,178.965,184.902,316.523,0.0635,0.0000,0.1335,0.6688,0.00,0.00,0.00,0.00
2459.00,180.000,180.000,170.000,175.000,180.142,179.954,170.059,174.023,180.229,179.964,169.942,175.064,187.838,178.784,184.949,317.567,0.0632,0.0000,0.1337,0.6793,0.00,0.00,0.00,0.00
2460.00,180.000,180.000,170.000,175.000,180.142,179.954,170.058,174.030,180.233,179.957,169.937,175.067,187.763,178.636,184.990,318.766,0.0629,0.0009,0.1339,0.6893,0.00,0.00,0.00,0.00
2461.00,180.000,180.000,170.000,175.000,180.143,179.954,170.057,174.037,180.237,179.949,169.932,175.071,187.695,178.516,185.044,320.105,0.0626,0.0022,0.1341,0.6988,0.00,0.00,0.00,0.00
2462.00,180.000,180.000,170.000,175.000,180.143,179.954,170.056,174.044,180.241,179.941,169.927,175.076,187.634,178.439,185.108,321.567,0.0623,0.0034,0.1343,0.7080,0.00,0.00,0.00,0.00
2463.00,180.000,180.000,170.000,175.000,180.144,179.954,170.055,174.050,180.245,179.933,169.922,175.083,187.580,178.385,185.165,320.603,0.0620,0.0046,0.1345,0.5434,0.00,0.00,0.00,0.00
2464.00,180.000,180.000,170.000,175.000,180.145,179.954,170.054,174.057,180.248,179.925,169.918,175.087,187.514,178.351,185.217,317.797,0.0618,0.0057,0.1346,0.5580,0.00,0.00,0.00,0.00
2465.00,180.000,180.000,170.000,175.000,180.145,179.953,170.054,174.064,180.252,179.917,169.914,175.088,187.440,178.336,185.263,315.691,0.0616,0.0067,0.1348,0.5719,0.00,0.00,0.00,0.00
2466.00,180.000,180.000,170.000,175.000,180.146,179.953,170.053,174.071,180.255,179.909,169.909,175.086,187.373,178.337,185.305,314.205,0.0613,0.0077,0.1349,0.5852,0.00,0.00,0.00,0.00
2467.00,180.000,180.000,170.000,175.000,180.147,179.953,170.052,174.078,180.258,179.901,169.905,175.083,187.313,178.353,185.342,313.242,0.0611,0.0087,0.1351,0.5979,0.00,0.00,0.00,0.00
2468.00,180.000,180.000,170.000,175.000,180.148,179.953,170.051,174.084,180.261,179.893,169.901,175.080,187.258,178.383,185.376,312.715,0.0609,0.0096,0.1352,0.6101,0.00,0.00,0.00,0.00
2469.00,180.000,180.000,170.000,175.000,180.148,179.952,170.050,174.091,180.264,179.886,169.897,175.076,187.210,178.409,185.998,312.575,0.0607,0.0104,0.2066,0.6217,0.00,0.00,0.00,0.00
2470.00,180.000,180.000,170.000,175.000,180.149,179.952,170.049,174.097,180.267,179.878,169.896,175.072,187.166,178.464,187.108,312.779,0.0605,0.0112,0.2039,0.6328,0.00,0.00,0.00,0.00
2471.00,180.000,180.000,170.000,175.000,180.150,179.951,170.048,174.104,180.270,179.870,169.896,175.070,187.126,178.513,188.064,313.260,0.0603,0.0120,0.2013,0.6435,0.00,0.00,0.00,0.00
2472.00,180.000,180.000,170.000,175.000,180.151,179.951,170.047,174.110,180.271,179.863,169.898,175.068,186.103,178.573,188.881,313.960,0.0000,0.0127,0.1989,0.6537,0.00,0.00,0.00,0.00
2473.00,180.000,180.000,170.000,175.000,180.151,179.950,170.046,174.117,180.271,179.855,169.902,175.068,185.176,178.642,189.589,314.855,0.0000,0.0133,0.1966,0.6634,0.00,0.00,0.00,0.00
2474.00,180.000,180.000,170.000,175.000,180.152,179.949,170.045,174.123,180.269,179.849,169.906,175.069,184.338,179.644,190.197,315.923,0.0000,0.0706,0.1944,0.6727,0.00,0.00,0.00,0.00
2475.00,180.000,180.000,170.000,175.000,180.153,179.949,170.044,174.129,180.265,179.845,169.912,175.071,183.579,180.519,190.716,317.118,0.0006,0.0686,0.1923,0.6816,0.00,0.00,0.00,0.00
2476.00,180.000,180.000,170.000,175.000,180.154,179.948,170.043,174.136,180.261,179.843,169.918,175.076,182.924,181.279,191.154,318.425,0.0031,0.0667,0.1904,0.6902,0.00,0.00,0.00,0.00
2477.00,180.000,180.000,170.000,175.000,180.154,179.947,170.042,174.142,180.255,179.841,169.926,175.082,182.379,181.934,191.519,319.803,0.0054,0.0649,0.1885,0.6984,0.00,0.00,0.00,0.00
2478.00,180.000,180.000,170.000,175.000,180.155,179.947,170.041,174.148,180.248,179.841,169.933,175.090,181.917,182.495,191.818,321.245,0.0076,0.0632,0.1867,0.7062,0.00,0.00,0.00,0.00
2479.00,180.000,180.000,170.000,175.000,180.156,179.946,170.041,174.154,180.241,179.841,169.942,175.097,181.530,182.987,192.057,317.986,0.0097,0.0615,0.1850,0.5435,0.00,0.00,0.00,0.00
2480.00,180.000,180.000,170.000,175.000,180.156,179.945,170.040,174.161,180.233,179.843,169.950,175.100,181.211,183.400,192.258,315.450,0.0116,0.0600,0.1834,0.5567,0.00,0.00,0.00,0.00
2481.00,180.000,180.000,170.000,175.000,180.157,179.945,170.039,174.167,180.224,179.845,169.959,175.100,180.953,183.742,192.409,313.583,0.0134,0.0585,0.1819,0.5693,0.00,0.00,0.00,0.00
2482.00,180.000,180.000,170.000,175.000,180.157,179.944,170.039,174.173,180.215,179.848,169.968,175.098,180.752,184.036,192.514,312.255,0.0150,0.0571,0.1804,0.5814,0.00,0.00,0.00,0.00
2483.00,180.000,180.000,170.000,175.000,180.158,179.943,170.038,174.179,180.206,179.851,169.977,175.095,180.584,184.286,192.594,311.404,0.0166,0.0558,0.1791,0.5929,0.00,0.00,0.00,0.00
2484.00,180.000,180.000,170.000,175.000,180.158,179.943,170.038,174.185,180.197,179.854,169.987,175.092,180.463,184.481,192.651,310.948,0.0181,0.0546,0.1778,0.6039,0.00,0.00,0.00,0.00
2485.00,180.000,180.000,170.000,175.000,180.158,179.942,170.038,174.191,180.187,179.858,169.996,175.088,180.385,184.642,192.672,310.845,0.0195,0.0534,0.1765,0.6144,0.00,0.00,0.00,0.00
2486.00,180.000,180.000,170.000,175.000,180.158,179.942,170.037,174.197,180.178,179.863,170.006,175.085,180.329,184.772,192.675,311.027,0.0208,0.0523,0.1753,0.6245,0.00,0.00,0.00,0.00
2487.00,180.000,180.000,170.000,175.000,180.158,179.941,170.037,174.203,180.168,179.867,170.015,175.082,180.294,184.873,192.663,311.462,0.0220,0.0513,0.1742,0.6341,0.00,0.00,0.00,0.00
2488.00,180.000,180.000,170.000,175.000,180.158,179.941,170.037,174.209,180.158,179.871,170.025,175.080,180.278,184.950,192.636,312.093,0.0231,0.0503,0.1732,0.6433,0.00,0.00,0.00,0.00
2489.00,180.000,180.000,170.000,175.000,180.158,179.940,170.037,174.215,180.148,179.876,170.034,175.080,180.278,185.003,192.597,312.926,0.0241,0.0493,0.1721,0.6522,0.00,0.00,0.00,0.00
2490.00,180.000,180.000,170.000,175.000,180.158,179.940,170.037,174.221,180.139,179.881,170.043,175.081,180.309,185.037,192.547,313.885,0.0251,0.0484,0.1712,0.6606,0.00,0.00,0.00,0.00
2491.00,180.000,180.000,170.000,175.000,180.158,179.939,170.037,174.226,180.129,179.885,170.052,175.083,180.336,185.051,192.486,314.955,0.0260,0.0476,0.1703,0.6687,0.00,0.00,0.00,0.00
2492.00,180.000,180.000,170.000,175.000,180.158,179.939,170.037,174.232,180.120,179.890,170.061,175.087,180.392,185.049,192.415,316.123,0.0269,0.0468,0.1694,0.6764,0.00,0.00,0.00,0.00
2493.00,180.000,180.000,170.000,175.000,180.158,179.939,170.037,174.238,180.110,179.895,170.070,175.092,180.441,185.047,192.337,317.379,0.0277,0.0460,0.1686,0.6838,0.00,0.00,0.00,0.00
2494.00,180.000,180.000,170.000,175.000,180.157,179.938,170.038,174.243,180.101,179.899,170.078,175.099,180.502,185.029,192.266,318.684,0.0284,0.0453,0.1678,0.6909,0.00,0.00,0.00,0.00
2495.00,180.000,180.000,170.000,175.000,180.157,179.938,170.038,174.249,180.092,179.904,170.087,175.108,180.572,184.998,192.171,320.036,0.0291,0.0447,0.1671,0.6977,0.00,0.00,0.00,0.00
2496.00,180.000,180.000,170.000,175.000,180.157,179.938,170.038,174.255,180.083,179.908,170.095,175.115,180.634,184.971,192.086,316.725,0.0297,0.0440,0.1664,0.5355,0.00,0.00,0.00,0.00
2497.00,180.000,180.000,170.000,175.000,180.156,179.938,170.039,174.260,180.075,179.913,170.103,175.118,180.706,184.930,191.993,314.116,0.0303,0.0434,0.1657,0.5477,0.00,0.00,0.00,0.00
2498.00,180.000,180.000,170.000,175.000,180.156,179.937,170.039,174.266,180.066,179.917,170.111,175.119,180.786,184.877,191.894,312.129,0.0309,0.0428,0.1651,0.5593,0.00,0.00,0.00,0.00
2499.00,180.000,180.000,170.000,175.000,180.155,179.937,170.040,174.272,180.058,179.921,170.119,175.117,180.858,184.831,191.805,310.695,0.0314,0.0423,0.1645,0.5704,0.00,0.00,0.00,0.00
2500.00,180.000,180.000,170.000,175.000,180.154,179.937,170.040,174.277,180.049,179.925,170.126,175.114,180.922,184.788,191.725,309.694,0.0318,0.0418,0.1639,0.5811,0.00,0.00,0.00,0.00
2501.00,180.000,180.000,170.000,175.000,180.154,179.937,170.041,174.283,180.041,179.929,170.134,175.110,180.996,184.719,191.622,309.106,0.0323,0.0413,0.1633,0.5912,0.00,0.00,0.00,0.00
2502.00,180.000,180.000,170.000,175.000,180.153,179.937,170.041,174.288,180.033,179.933,170.141,175.106,181.078,184.656,191.529,308.857,0.0327,0.0408,0.1628,0.6009,0.00,0.00,0.00,0.00
2503.00,180.000,180.000,170.000,175.000,180.152,179.937,170.042,174.294,180.026,179.937,170.148,175.102,181.152,184.599,191.445,308.883,0.0331,0.0404,0.1623,0.6102,0.00,0.00,0.00,0.00
2504.00,180.000,180.000,170.000,175.000,180.151,179.937,170.043,174.299,180.018,179.941,170.155,175.098,181.218,184.549,191.370,309.150,0.0334,0.0400,0.1619,0.6191,0.00,0.00,0.00,0.00
2505.00,180.000,180.000,170.000,175.000,180.150,179.937,170.043,174.305,180.010,179.944,170.161,175.095,181.277,184.471,191.271,309.606,0.0337,0.0396,0.1614,0.6275,0.00,0.00,0.00,0.00
2506.00,180.000,180.000,170.000,175.000,180.149,179.937,170.044,174.310,180.004,179.948,170.168,175.093,181.919,184.401,191.181,310.284,0.1043,0.0392,0.1610,0.6357,0.00,0.00,0.00,0.00
2507.00,180.000,180.000,170.000,175.000,180.148,179.937,170.045,174.315,179.999,179.951,170.174,175.093,183.044,184.338,191.101,311.105,0.1013,0.0389,0.1606,0.6434,0.00,0.00,0.00,0.00
2508.00,180.000,180.000,170.000,175.000,180.147,179.937,170.046,174.320,179.996,179.954,170.180,175.093,183.998,184.281,191.029,311.997,0.0985,0.0385,0.1602,0.6509,0.00,0.00,0.00,0.00
2509.00,180.000,180.000,170.000,175.000,180.146,179.937,170.047,174.325,179.995,179.957,170.186,175.095,184.829,184.230,190.964,313.007,0.0959,0.0382,0.1599,0.6580,0.00,0.00,0.00,0.00
2510.00,180.000,180.000,170.000,175.000,180.145,179.938,170.048,174.330,179.995,179.960,170.192,175.098,185.534,184.184,190.874,314.095,0.0934,0.0379,0.1595,0.6648,0.00,0.00,0.00,0.00
2511.00,180.000,180.000,170.000,175.000,180.144,179.938,170.049,174.336,179.997,179.963,170.198,175.103,186.140,184.111,190.793,315.253,0.0911,0.0377,0.1592,0.6713,0.00,0.00,0.00,0.00
2512.00,180.000,180.000,170.000,175.000,180.143,179.938,170.050,174.341,179.999,179.965,170.203,175.110,186.640,184.045,190.720,316.445,0.0889,0.0374,0.1589,0.6775,0.00,0.00,0.00,0.00
2513.00,180.000,180.000,170.000,175.000,180.142,179.938,170.051,174.346,180.002,179.968,170.207,175.117,187.061,183.985,189.502,317.667,0.0868,0.0371,0.0888,0.6835,0.00,0.00,0.00,0.00
2514.00,180.000,180.000,170.000,175.000,180.141,179.938,170.052,174.351,180.006,179.970,170.209,175.126,187.410,183.931,188.448,316.440,0.0849,0.0369,0.0912,0.5159,0.00,0.00,0.00,0.00
2515.00,180.000,180.000,170.000,175.000,180.141,179.939,170.053,174.356,180.011,179.973,170.209,175.131,187.695,183.883,187.526,313.321,0.0831,0.0367,0.0935,0.5276,0.00,0.00,0.00,0.00
2516.00,180.000,180.000,170.000,175.000,180.140,179.939,170.054,174.361,180.016,179.975,170.207,175.132,187.938,183.839,186.724,310.882,0.0813,0.0365,0.0958,0.5387,0.00,0.00,0.00,0.00
2517.00,180.000,180.000,170.000,175.000,180.139,179.939,170.055,174.366,180.021,179.977,170.205,175.130,188.126,183.800,186.029,308.990,0.0797,0.0363,0.0978,0.5493,0.00,0.00,0.00,0.00
2518.00,180.000,180.000,170.000,175.000,180.138,179.939,170.056,174.371,180.027,179.979,170.201,175.126,188.265,183.765,185.433,307.611,0.0782,0.0361,0.0998,0.5595,0.00,0.00,0.00,0.00
2519.00,180.000,180.000,170.000,175.000,180.137,179.940,170.057,174.376,180.033,179.981,170.195,175.122,188.375,183.716,184.925,306.659,0.0768,0.0359,0.1017,0.5692,0.00,0.00,0.00,0.00
2520.00,180.000,180.000,170.000,175.000,180.137,179.940,170.058,174.381,180.039,179.983,170.190,175.116,188.460,183.657,184.496,306.061,0.0754,0.0357,0.1035,0.5785,0.00,0.00,0.00,0.00
2521.00,180.000,180.000,170.000,175.000,180.136,179.940,170.059,174.386,180.045,179.985,170.183,175.110,188.505,183.604,184.140,305.774,0.0741,0.0356,0.1052,0.5873,0.00,0.00,0.00,0.00
2522.00,180.000,180.000,170.000,175.000,180.135,179.940,170.059,174.391,180.051,179.987,170.176,175.105,188.530,183.556,183.849,305.766,0.0729,0.0354,0.1068,0.5958,0.00,0.00,0.00,0.00
2523.00,180.000,180.000,170.000,175.000,180.135,179.941,170.060,174.396,180.057,179.988,170.168,175.100,188.538,183.512,183.601,306.003,0.0718,0.0353,0.1084,0.6039,0.00,0.00,0.00,0.00
2524.00,180.000,180.000,170.000,175.000,180.134,179.941,170.061,174.400,180.063,179.990,170.160,175.095,188.514,183.473,183.408,306.432,0.0707,0.0351,0.1098,0.6116,0.00,0.00,0.00,0.00
2525.00,180.000,180.000,170.000,175.000,180.134,179.941,170.062,174.405,180.070,179.991,170.152,175.092,188.492,183.438,183.248,306.976,0.0697,0.0350,0.1112,0.6190,0.00,0.00,0.00,0.00
2526.00,180.000,180.000,170.000,175.000,180.134,179.942,170.062,174.410,180.076,179.993,170.144,175.089,188.442,183.406,183.119,307.677,0.0688,0.0349,0.1125,0.6261,0.00,0.00,0.00,0.00
2527.00,180.000,180.000,170.000,175.000,180.133,179.942,170.063,174.414,180.082,179.994,170.135,175.088,188.397,183.377,183.033,308.490,0.0679,0.0347,0.1137,0.6329,0.00,0.00,0.00,0.00
2528.00,180.000,180.000,170.000,175.000,180.133,179.942,170.063,174.419,180.087,179.995,170.126,175.088,188.325,183.351,182.971,309.404,0.0671,0.0346,0.1149,0.6394,0.00,0.00,0.00,0.00
2529.00,180.000,180.000,170.000,175.000,180.133,179.943,170.064,174.423,180.093,179.997,170.117,175.089,188.260,183.328,182.930,310.379,0.0663,0.0345,0.1160,0.6456,0.00,0.00,0.00,0.00
2530.00,180.000,180.000,170.000,175.000,180.132,179.943,170.064,174.427,180.099,179.998,170.108,175.092,188.186,183.307,182.924,311.409,0.0655,0.0344,0.1171,0.6515,0.00,0.00,0.00,0.00
2531.00,180.000,180.000,170.000,175.000,180.132,179.943,170.064,174.432,180.104,179.999,170.099,175.096,188.103,183.288,182.918,312.487,0.0648,0.0343,0.1181,0.6572,0.00,0.00,0.00,0.00
2532.00,180.000,180.000,170.000,175.000,180.132,179.944,170.064,174.436,180.109,180.000,170.091,175.102,188.029,183.271,182.944,313.579,0.0641,0.0342,0.1190,0.6626,0.00,0.00,0.00,0.00
2533.00,180.000,180.000,170.000,175.000,180.132,179.944,170.065,174.441,180.114,180.001,170.082,175.109,187.947,183.255,182.966,314.714,0.0635,0.0342,0.1199,0.6679,0.00,0.00,0.00,0.00
2534.00,180.000,180.000,170.000,175.000,180.132,179.945,170.065,174.445,180.119,180.002,170.073,175.117,187.857,183.241,183.002,315.859,0.0629,0.0341,0.1208,0.6729,0.00,0.00,0.00,0.00
2535.00,180.000,180.000,170.000,175.000,180.132,179.945,170.065,174.450,180.124,180.003,170.065,175.127,187.776,183.228,183.050,317.011,0.0624,0.0340,0.1216,0.6777,0.00,0.00,0.00,0.00
2536.00,180.000,180.000,170.000,175.000,180.132,179.945,170.065,174.454,180.129,180.004,170.056,175.135,187.703,183.201,183.108,313.448,0.0618,0.0339,0.1223,0.5135,0.00,0.00,0.00,0.00
2537.00,180.000,180.000,170.000,175.000,180.132,179.946,170.065,174.459,180.133,180.005,170.048,175.139,187.606,183.160,183.176,310.587,0.0613,0.0339,0.1231,0.5239,0.00,0.00,0.00,0.00
2538.00,180.000,180.000,170.000,175.000,180.132,179.946,170.064,174.463,180.138,180.006,170.040,175.139,187.518,183.124,183.237,308.321,0.0609,0.0338,0.1237,0.5337,0.00,0.00,0.00,0.00
2539.00,180.000,180.000,170.000,175.000,180.132,179.947,170.064,174.468,180.142,180.007,170.032,175.137,187.440,183.091,183.308,306.583,0.0604,0.0337,0.1244,0.5432,0.00,0.00,0.00,0.00
2540.00,180.000,180.000,170.000,175.000,180.132,179.947,170.064,174.472,180.146,180.008,170.024,175.133,187.369,183.061,183.387,305.286,0.0600,0.0337,0.1250,0.5522,0.00,0.00,0.00,0.00
2541.00,180.000,180.000,170.000,175.000,180.132,179.947,170.064,174.477,180.149,180.009,170.016,175.128,187.273,183.033,183.458,304.380,0.0596,0.0336,0.1256,0.5608,0.00,0.00,0.00,0.00
2542.00,180.000,180.000,170.000,175.000,180.132,179.948,170.063,174.481,180.153,180.009,170.008,175.122,187.187,183.009,183.521,303.793,0.0592,0.0336,0.1261,0.5690,0.00,0.00,0.00,0.00
2543.00,180.000,180.000,170.000,175.000,180.132,179.948,170.063,174.485,180.157,180.010,170.001,175.116,187.109,182.987,183.610,303.490,0.0588,0.0335,0.1267,0.5768,0.00,0.00,0.00,0.00
2544.00,180.000,180.000,170.000,175.000,180.132,179.949,170.063,174.489,180.160,180.010,169.994,175.110,187.039,182.967,183.690,303.440,0.0585,0.0335,0.1272,0.5843,0.00,0.00,0.00,0.00
2545.00,180.000,180.000,170.000,175.000,180.132,179.949,170.062,174.493,180.163,180.011,169.987,175.105,186.976,182.949,183.762,303.612,0.0582,0.0334,0.1276,0.5915,0.00,0.00,0.00,0.00
2546.00,180.000,180.000,170.000,175.000,180.133,179.949,170.062,174.497,180.166,180.011,169.980,175.100,186.919,182.932,183.826,303.929,0.0579,0.0334,0.1281,0.5983,0.00,0.00,0.00,0.00
2547.00,180.000,180.000,170.000,175.000,180.133,179.950,170.061,174.501,180.169,180.012,169.973,175.096,186.837,182.917,183.915,304.400,0.0576,0.0334,0.1285,0.6049,0.00,0.00,0.00,0.00
2548.00,180.000,180.000,170.000,175.000,180.133,179.950,170.061,174.505,180.172,180.012,169.966,175.093,186.762,182.626,183.996,304.982,0.0573,0.0000,0.1289,0.6111,0.00,0.00,0.00,0.00
2549.00,180.000,180.000,170.000,175.000,180.133,179.951,170.060,174.509,180.175,180.011,169.960,175.091,186.695,182.099,184.068,305.691,0.0570,0.0000,0.1293,0.6171,0.00,0.00,0.00,0.00
2550.00,180.000,180.000,170.000,175.000,180.134,179.951,170.059,174.513,180.178,180.009,169.954,175.091,186.634,181.621,184.133,306.455,0.0568,0.0000,0.1296,0.6229,0.00,0.00,0.00,0.00
2551.00,180.000,180.000,170.000,175.000,180.134,179.951,170.059,174.517,180.180,180.007,169.948,175.091,186.580,181.189,184.192,307.297,0.0565,0.0000,0.1300,0.6283,0.00,0.00,0.00,0.00
2552.00,180.000,180.000,170.000,175.000,180.134,179.952,170.058,174.521,180.183,180.003,169.942,175.093,186.530,180.798,184.260,308.209,0.0563,0.0000,0.1303,0.6336,0.00,0.00,0.00,0.00
2553.00,180.000,180.000,170.000,175.000,180.135,179.952,170.057,174.525,180.185,179.999,169.936,175.096,186.486,180.443,184.338,309.128,0.0561,0.0000,0.1306,0.6386,0.00,0.00,0.00,0.00
2554.00,180.000,180.000,170.000,175.000,180.135,179.952,170.056,174.528,180.187,179.995,169.930,175.100,186.430,180.121,184.407,310.108,0.0559,0.0000,0.1309,0.6434,0.00,0.00,0.00,0.00
2555.00,180.000,180.000,170.000,175.000,180.135,179.953,170.055,174.532,180.189,179.990,169.924,175.105,186.364,179.830,184.470,311.087,0.0557,0.0000,0.1311,0.6480,0.00,0.00,0.00,0.00
2556.00,180.000,180.000,170.000,175.000,180.136,179.953,170.054,174.536,180.191,179.984,169.919,175.112,186.304,179.566,184.526,312.066,0.0555,0.0000,0.1314,0.6525,0.00,0.00,0.00,0.00
2557.00,180.000,180.000,170.000,175.000,180.136,179.953,170.054,174.540,180.193,179.978,169.913,175.120,186.250,179.326,184.576,313.044,0.0553,0.0000,0.1316,0.6567,0.00,0.00,0.00,0.00
2558.00,180.000,180.000,170.000,175.000,180.136,179.953,170.053,174.544,180.195,179.971,169.908,175.129,186.202,179.109,184.621,314.078,0.0551,0.0000,0.1318,0.6607,0.00,0.00,0.00,0.00
2559.00,180.000,180.000,170.000,175.000,180.137,179.953,170.052,174.548,180.197,179.964,169.903,175.139,186.158,178.912,184.661,315.076,0.0550,0.0000,0.1320,0.6646,0.00,0.00,0.00,0.00
2560.00,180.000,180.000,170.000,175.000,180.137,179.953,170.051,174.552,180.198,179.957,169.898,175.149,186.119,178.732,184.730,313.629,0.0548,0.0000,0.1322,0.4965,0.00,0.00,0.00,0.00
2561.00,180.000,180.000,170.000,175.000,180.138,179.954,170.050,174.556,180.200,179.950,169.894,175.155,186.083,178.586,185.383,310.260,0.0547,0.0011,0.2037,0.5062,0.00,0.00,0.00,0.00
2562.00,180.000,180.000,170.000,175.000,180.138,179.953,170.049,174.560,180.201,179.942,169.891,175.158,186.051,178.468,186.506,307.544,0.0545,0.0024,0.2010,0.5154,0.00,0.00,0.00,0.00
2563.00,180.000,180.000,170.000,175.000,180.138,179.953,170.048,174.564,180.203,179.934,169.891,175.157,186.023,178.392,187.473,305.380,0.0544,0.0037,0.1985,0.5242,0.00,0.00,0.00,0.00
2564.00,180.000,180.000,170.000,175.000,180.139,179.953,170.046,174.568,180.204,179.926,169.892,175.154,185.997,178.340,188.315,303.704,0.0542,0.0048,0.1962,0.5326,0.00,0.00,0.00,0.00
2565.00,180.000,180.000,170.000,175.000,180.139,179.953,170.045,174.571,180.206,179.918,169.895,175.149,185.973,178.307,189.031,302.434,0.0541,0.0059,0.1939,0.5406,0.00,0.00,0.00,0.00
2566.00,180.000,180.000,170.000,175.000,180.140,179.953,170.044,174.575,180.207,179.910,169.898,175.143,185.952,178.292,189.646,301.524,0.0540,0.0069,0.1918,0.5483,0.00,0.00,0.00,0.00
2567.00,180.000,180.000,170.000,175.000,180.140,179.952,170.044,174.579,180.208,179.902,169.903,175.136,185.902,178.294,190.171,300.934,0.0539,0.0079,0.1898,0.5556,0.00,0.00,0.00,0.00
2568.00,180.000,180.000,170.000,175.000,180.141,179.952,170.043,174.583,180.210,179.894,169.909,175.129,185.856,178.312,190.615,300.573,0.0537,0.0089,0.1878,0.5626,0.00,0.00,0.00,0.00
2569.00,180.000,180.000,170.000,175.000,180.141,179.952,170.042,174.586,180.211,179.886,169.916,175.122,185.814,178.342,190.985,300.442,0.0536,0.0097,0.1860,0.5692,0.00,0.00,0.00,0.00
2570.00,180.000,180.000,170.000,175.000,180.142,179.951,170.041,174.590,180.212,179.878,169.923,175.116,185.777,178.386,191.288,300.517,0.0535,0.0106,0.1843,0.5756,0.00,0.00,0.00,0.00
2571.00,180.000,180.000,170.000,175.000,180.142,179.951,170.040,174.593,180.213,179.870,169.930,175.110,185.743,178.440,191.546,300.747,0.0534,0.0113,0.1826,0.5817,0.00,0.00,0.00,0.00
2572.00,180.000,180.000,170.000,175.000,180.142,179.950,170.039,174.597,180.214,179.863,169.938,175.105,185.713,178.488,191.749,301.115,0.0533,0.0121,0.1810,0.5875,0.00,0.00,0.00,0.00
2573.00,180.000,180.000,170.000,175.000,180.143,179.950,170.039,174.600,180.215,179.856,169.946,175.100,185.686,179.037,191.917,301.576,0.0532,0.0701,0.1795,0.5931,0.00,0.00,0.00,0.00
2574.00,180.000,180.000,170.000,175.000,180.143,179.949,170.038,174.603,180.215,179.850,169.955,175.097,185.661,179.968,192.038,302.149,0.0531,0.0681,0.1781,0.5984,0.00,0.00,0.00,0.00
2575.00,180.000,180.000,170.000,175.000,180.144,179.948,170.038,174.607,180.216,179.847,169.964,175.094,185.638,180.778,192.117,302.795,0.0530,0.0662,0.1768,0.6035,0.00,0.00,0.00,0.00
2576.00,180.000,180.000,170.000,175.000,180.144,179.948,170.037,174.610,180.217,179.844,169.973,175.093,185.618,181.478,192.188,303.504,0.0529,0.0645,0.1755,0.6083,0.00,0.00,0.00,0.00
2577.00,180.000,180.000,170.000,175.000,180.145,179.947,170.037,174.613,180.218,179.843,169.981,175.093,185.600,182.080,192.222,304.271,0.0528,0.0628,0.1743,0.6130,0.00,0.00,0.00,0.00
2578.00,180.000,180.000,170.000,175.000,180.145,179.946,170.036,174.616,180.218,179.843,169.990,175.094,185.584,182.593,192.236,305.087,0.0527,0.0611,0.1731,0.6174,0.00,0.00,0.00,0.00
2579.00,180.000,180.000,170.000,175.000,180.146,179.946,170.036,174.620,180.219,179.844,169.999,175.096,185.569,183.042,192.234,305.921,0.0527,0.0596,0.1720,0.6217,0.00,0.00,0.00,0.00
2580.00,180.000,180.000,170.000,175.000,180.146,179.945,170.036,174.623,180.220,179.845,170.008,175.099,185.556,183.416,192.202,306.771,0.0526,0.0582,0.1710,0.6258,0.00,0.00,0.00,0.00
2581.00,180.000,180.000,170.000,175.000,180.147,179.944,170.036,174.626,180.220,179.848,170.017,175.103,185.544,183.739,192.173,307.635,0.0525,0.0568,0.1700,0.6297,0.00,0.00,0.00,0.00
2582.00,180.000,180.000,170.000,175.000,180.147,179.944,170.036,174.629,180.221,179.850,170.026,175.109,185.533,184.015,192.115,308.511,0.0524,0.0555,0.1691,0.6334,0.00,0.00,0.00,0.00
2583.00,180.000,180.000,170.000,175.000,180.148,179.943,170.035,174.632,180.222,179.853,170.034,175.115,185.523,184.234,192.064,309.399,0.0523,0.0543,0.1682,0.6370,0.00,0.00,0.00,0.00
2584.00,180.000,180.000,170.000,175.000,180.148,179.942,170.036,174.635,180.222,179.857,170.043,175.123,185.515,184.415,192.002,310.268,0.0523,0.0532,0.1673,0.6404,0.00,0.00,0.00,0.00
2585.00,180.000,180.000,170.000,175.000,180.149,179.942,170.036,174.639,180.223,179.861,170.051,175.131,185.507,184.565,191.931,311.123,0.0522,0.0521,0.1665,0.6437,0.00,0.00,0.00,0.00
2586.00,180.000,180.000,170.000,175.000,180.149,179.941,170.036,174.642,180.223,179.865,170.059,175.140,185.500,184.684,191.868,311.992,0.0521,0.0510,0.1658,0.6469,0.00,0.00,0.00,0.00
2587.00,180.000,180.000,170.000,175.000,180.150,179.941,170.036,174.645,180.224,179.869,170.067,175.151,185.494,184.776,191.779,312.819,0.0520,0.0500,0.1651,0.6499,0.00,0.00,0.00,0.00
2588.00,180.000,180.000,170.000,175.000,180.150,179.940,170.036,174.649,180.224,179.873,170.075,175.162,185.047,184.844,191.699,313.662,0.0000,0.0491,0.1644,0.6528,0.00,0.00,0.00,0.00
2589.00,180.000,180.000,170.000,175.000,180.151,179.940,170.036,174.652,180.222,179.878,170.083,175.171,184.223,184.891,191.611,310.013,0.0000,0.0482,0.1637,0.4853,0.00,0.00,0.00,0.00
2590.00,180.000,180.000,170.000,175.000,180.151,179.940,170.037,174.656,180.220,179.882,170.090,175.176,183.478,184.917,191.517,306.730,0.0000,0.0474,0.1631,0.4940,0.00,0.00,0.00,0.00
2591.00,180.000,180.000,170.000,175.000,180.152,179.939,170.037,174.659,180.215,179.887,170.098,175.176,182.803,184.925,191.432,304.089,0.0000,0.0466,0.1625,0.5023,0.00,0.00,0.00,0.00
2592.00,180.000,180.000,170.000,175.000,180.152,179.939,170.037,174.662,180.210,179.891,170.105,175.174,182.191,184.933,191.356,301.963,0.0000,0.0459,0.1619,0.5102,0.00,0.00,0.00,0.00
2593.00,180.000,180.000,170.000,175.000,180.152,179.939,170.038,174.666,180.204,179.895,170.112,175.169,181.638,184.909,191.255,300.265,0.0000,0.0452,0.1614,0.5177,0.00,0.00,0.00,0.00
2594.00,180.000,180.000,170.000,175.000,180.153,179.938,170.038,174.669,180.196,179.900,170.118,175.162,181.136,184.887,191.165,298.949,0.0003,0.0445,0.1609,0.5249,0.00,0.00,0.00,0.00
2595.00,180.000,180.000,170.000,175.000,180.153,179.938,170.039,174.672,180.188,179.904,170.125,175.155,180.713,184.868,191.084,297.997,0.0024,0.0439,0.1604,0.5318,0.00,0.00,0.00,0.00
2596.00,180.000,180.000,170.000,175.000,180.153,179.938,170.040,174.676,180.179,179.908,170.132,175.146,180.362,184.819,191.012,297.315,0.0045,0.0433,0.1600,0.5383,0.00,0.00,0.00,0.00
2597.00,180.000,180.000,170.000,175.000,180.153,179.938,170.040,174.679,180.170,179.913,170.138,175.138,180.075,184.775,190.914,296.899,0.0063,0.0427,0.1595,0.5445,0.00,0.00,0.00,0.00
2598.00,180.000,180.000,170.000,175.000,180.154,179.937,170.041,174.682,180.160,179.917,170.144,175.129,179.846,184.736,190.827,296.692,0.0081,0.0422,0.1591,0.5505,0.00,0.00,0.00,0.00
2599.00,180.000,180.000,170.000,175.000,180.154,179.937,170.042,174.685,180.150,179.921,170.150,175.121,179.670,184.684,190.748,296.671,0.0098,0.0417,0.1587,0.5562,0.00,0.00,0.00,0.00
2600.00,180.000,180.000,170.000,175.000,180.154,179.937,170.042,174.688,180.140,179.924,170.156,175.113,179.527,184.622,190.677,296.789,0.0113,0.0412,0.1584,0.5616,0.00,0.00,0.00,0.00
2601.00,180.000,180.000,170.000,175.000,180.153,179.937,170.043,174.690,180.129,179.928,170.161,175.106,179.428,184.567,190.614,297.028,0.0127,0.0407,0.1580,0.5668,0.00,0.00,0.00,0.00
2602.00,180.000,180.000,170.000,175.000,180.153,179.937,170.044,174.693,180.118,179.932,170.167,175.099,179.352,184.517,190.525,297.404,0.0141,0.0403,0.1577,0.5718,0.00,0.00,0.00,0.00
2603.00,180.000,180.000,170.000,175.000,180.153,179.937,170.045,174.696,180.107,179.935,170.172,175.094,179.315,184.472,190.445,297.846,0.0154,0.0399,0.1574,0.5765,0.00,0.00,0.00,0.00
2604.00,180.000,180.000,170.000,175.000,180.153,179.937,170.045,174.699,180.097,179.939,170.178,175.089,179.281,184.399,190.373,298.375,0.0165,0.0395,0.1571,0.5811,0.00,0.00,0.00,0.00
2605.00,180.000,180.000,170.000,175.000,180.152,179.937,170.046,174.701,180.086,179.942,170.183,175.085,179.281,184.334,190.308,298.981,0.0176,0.0391,0.1568,0.5854,0.00,0.00,0.00,0.00
2606.00,180.000,180.000,170.000,175.000,180.152,179.937,170.047,174.704,180.075,179.945,170.188,175.083,179.296,184.275,190.250,299.627,0.0187,0.0388,0.1565,0.5895,0.00,0.00,0.00,0.00
2607.00,180.000,180.000,170.000,175.000,180.151,179.937,170.048,174.706,180.064,179.948,170.193,175.081,179.325,184.222,190.198,300.310,0.0196,0.0385,0.1562,0.5935,0.00,0.00,0.00,0.00
2608.00,180.000,180.000,170.000,175.000,180.151,179.937,170.049,174.709,180.054,179.951,170.197,175.080,179.366,184.175,190.151,301.025,0.0205,0.0382,0.1560,0.5973,0.00,0.00,0.00,0.00
2609.00,180.000,180.000,170.000,175.000,180.150,179.937,170.050,174.711,180.043,179.954,170.202,175.081,179.418,184.132,190.077,301.769,0.0214,0.0379,0.0838,0.6009,0.00,0.00,0.00,0.00
2610.00,180.000,180.000,170.000,175.000,180.149,179.937,170.051,174.714,180.034,179.957,170.205,175.082,180.629,184.062,188.874,302.485,0.0916,0.0376,0.0864,0.6044,0.00,0.00,0.00,0.00
2611.00,180.000,180.000,170.000,175.000,180.149,179.938,170.052,174.716,180.028,179.960,170.206,175.085,181.677,183.998,187.833,303.229,0.0891,0.0373,0.0889,0.6077,0.00,0.00,0.00,0.00
2612.00,180.000,180.000,170.000,175.000,180.148,179.938,170.053,174.719,180.023,179.962,170.205,175.088,182.576,183.941,186.940,304.000,0.0868,0.0371,0.0912,0.6108,0.00,0.00,0.00,0.00
2613.00,180.000,180.000,170.000,175.000,180.147,179.938,170.054,174.721,180.019,179.965,170.203,175.092,183.357,183.889,186.163,304.738,0.0846,0.0368,0.0935,0.6139,0.00,0.00,0.00,0.00
2614.00,180.000,180.000,170.000,175.000,180.146,179.938,170.055,174.723,180.017,179.967,170.199,175.097,184.033,183.842,185.492,305.504,0.0826,0.0366,0.0956,0.6168,0.00,0.00,0.00,0.00
2615.00,180.000,180.000,170.000,175.000,180.145,179.938,170.056,174.726,180.016,179.969,170.195,175.103,184.611,183.801,184.916,306.238,0.0806,0.0364,0.0976,0.6196,0.00,0.00,0.00,0.00
2616.00,180.000,180.000,170.000,175.000,180.144,179.938,170.057,174.728,180.016,179.971,170.189,175.110,185.103,183.763,184.427,306.972,0.0788,0.0362,0.0995,0.6222,0.00,0.00,0.00,0.00
2617.00,180.000,180.000,170.000,175.000,180.143,179.939,170.058,174.731,180.017,179.973,170.182,175.118,185.517,183.729,184.015,307.707,0.0771,0.0360,0.1014,0.6248,0.00,0.00,0.00,0.00
2618.00,180.000,180.000,170.000,175.000,180.143,179.939,170.059,174.734,180.019,179.975,170.175,175.126,185.875,183.682,183.674,308.414,0.0755,0.0358,0.1031,0.6272,0.00,0.00,0.00,0.00
2619.00,180.000,180.000,170.000,175.000,180.142,179.939,170.060,174.736,180.021,179.977,170.167,175.135,186.168,183.624,183.380,309.097,0.0739,0.0357,0.1047,0.6296,0.00,0.00,0.00,0.00
2620.00,180.000,180.000,170.000,175.000,180.141,179.939,170.060,174.739,180.023,179.979,170.159,175.145,186.402,183.571,183.146,309.785,0.0725,0.0355,0.1063,0.6318,0.00,0.00,0.00,0.00
2621.00,180.000,180.000,170.000,175.000,180.140,179.940,170.061,174.742,180.026,179.981,170.151,175.155,186.597,183.524,182.965,310.452,0.0712,0.0354,0.1077,0.6340,0.00,0.00,0.00,0.00
2622.00,180.000,180.000,170.000,175.000,180.139,179.940,170.061,174.744,180.030,179.982,170.142,175.166,186.758,183.481,182.817,311.099,0.0699,0.0352,0.1091,0.6361,0.00,0.00,0.00,0.00
2623.00,180.000,180.000,170.000,175.000,180.139,179.940,170.062,174.747,180.033,179.984,170.133,175.178,186.873,183.443,182.698,311.728,0.0687,0.0351,0.1104,0.6381,0.00,0.00,0.00,0.00
2624.00,180.000,180.000,170.000,175.000,180.138,179.941,170.062,174.750,180.037,179.985,170.124,175.189,186.977,183.408,182.621,310.376,0.0676,0.0350,0.1117,0.4666,0.00,0.00,0.00,0.00
2625.00,180.000,180.000,170.000,175.000,180.137,179.941,170.063,174.753,180.041,179.987,170.115,175.197,187.039,183.377,182.568,306.568,0.0665,0.0348,0.1129,0.4746,0.00,0.00,0.00,0.00
2626.00,180.000,180.000,170.000,175.000,180.137,179.941,170.063,174.756,180.045,179.988,170.105,175.199,187.080,183.348,182.534,303.406,0.0655,0.0347,0.1140,0.4822,0.00,0.00,0.00,0.00
2627.00,180.000,180.000,170.000,175.000,180.136,179.941,170.063,174.759,180.049,179.989,170.096,175.198,187.102,183.323,182.535,300.790,0.0646,0.0346,0.1151,0.4895,0.00,0.00,0.00,0.00
2628.00,180.000,180.000,170.000,175.000,180.136,179.942,170.064,174.762,180.053,179.991,170.087,175.193,187.122,183.300,182.534,298.658,0.0637,0.0345,0.1161,0.4964,0.00,0.00,0.00,0.00
2629.00,180.000,180.000,170.000,175.000,180.135,179.942,170.064,174.765,180.057,179.992,170.078,175.187,187.108,183.279,182.566,296.955,0.0628,0.0344,0.1171,0.5030,0.00,0.00,0.00,0.00
2630.00,180.000,180.000,170.000,175.000,180.135,179.942,170.064,174.767,180.061,179.993,170.068,175.179,187.097,183.260,182.593,295.605,0.0620,0.0343,0.1180,0.5093,0.00,0.00,0.00,0.00
2631.00,180.000,180.000,170.000,175.000,180.134,179.943,170.064,174.770,180.065,179.994,170.059,175.170,187.070,183.243,182.649,294.568,0.0613,0.0342,0.1188,0.5153,0.00,0.00,0.00,0.00
2632.00,180.000,180.000,170.000,175.000,180.134,179.943,170.064,174.773,180.069,179.995,170.050,175.159,187.031,183.228,182.699,293.811,0.0606,0.0341,0.1197,0.5211,0.00,0.00,0.00,0.00
2633.00,180.000,180.000,170.000,175.000,180.133,179.943,170.064,174.775,180.073,179.997,170.042,175.149,186.996,183.214,182.759,293.300,0.0599,0.0341,0.1204,0.5265,0.00,0.00,0.00,0.00
2634.00,180.000,180.000,170.000,175.000,180.133,179.944,170.064,174.778,180.077,179.998,170.033,175.139,186.933,183.202,182.829,292.983,0.0593,0.0340,0.1212,0.5317,0.00,0.00,0.00,0.00
2635.00,180.000,180.000,170.000,175.000,180.132,179.944,170.063,174.780,180.080,179.999,170.024,175.128,186.876,183.159,182.892,292.835,0.0587,0.0339,0.1219,0.5367,0.00,0.00,0.00,0.00
2636.00,180.000,180.000,170.000,175.000,180.132,179.945,170.063,174.783,180.084,180.000,170.016,175.118,186.825,183.120,182.964,292.867,0.0581,0.0339,0.1225,0.5415,0.00,0.00,0.00,0.00
2637.00,180.000,180.000,170.000,175.000,180.132,179.945,170.063,174.785,180.087,180.000,170.008,175.109,186.763,183.085,183.044,293.003,0.0576,0.0338,0.1231,0.5460,0.00,0.00,0.00,0.00
2638.00,180.000,180.000,170.000,175.000,180.131,179.945,170.062,174.787,180.090,180.001,170.000,175.100,186.691,183.053,183.117,293.232,0.0571,0.0337,0.1237,0.5503,0.00,0.00,0.00,0.00
2639.00,180.000,180.000,170.000,175.000,180.131,179.946,170.062,174.789,180.093,180.002,169.992,175.092,186.627,183.024,183.197,293.544,0.0566,0.0337,0.1243,0.5544,0.00,0.00,0.00,0.00
2640.00,180.000,180.000,170.000,175.000,180.131,179.946,170.061,174.791,180.097,180.003,169.984,175.085,186.569,182.998,183.286,293.929,0.0562,0.0336,0.1248,0.5584,0.00,0.00,0.00,0.00
2641.00,180.000,180.000,170.000,175.000,180.131,179.946,170.061,174.793,180.099,180.003,169.977,175.079,186.500,182.975,183.365,294.380,0.0558,0.0336,0.1253,0.5622,0.00,0.00,0.00,0.00
2642.00,180.000,180.000,170.000,175.000,180.131,179.947,170.060,174.795,180.102,180.004,169.969,175.074,186.423,182.953,183.436,294.889,0.0554,0.0335,0.1258,0.5657,0.00,0.00,0.00,0.00
2643.00,180.000,180.000,170.000,175.000,180.130,179.947,170.060,174.797,180.105,180.004,169.962,175.069,186.353,182.934,183.516,295.449,0.0550,0.0335,0.1263,0.5692,0.00,0.00,0.00,0.00
2644.00,180.000,180.000,170.000,175.000,180.130,179.948,170.059,174.798,180.107,180.005,169.955,175.066,186.291,182.917,183.604,296.028,0.0546,0.0334,0.1267,0.5725,0.00,0.00,0.00,0.00
2645.00,180.000,180.000,170.000,175.000,180.130,179.948,170.058,174.800,180.110,180.006,169.948,175.063,186.234,182.901,183.682,296.623,0.0543,0.0334,0.1271,0.5756,0.00,0.00,0.00,0.00
2646.00,180.000,180.000,170.000,175.000,180.130,179.948,170.058,174.802,180.112,180.006,169.942,175.062,186.183,182.887,183.753,297.233,0.0540,0.0334,0.1275,0.5786,0.00,0.00,0.00,0.00
2647.00,180.000,180.000,170.000,175.000,180.130,179.949,170.057,174.804,180.114,180.006,169.935,175.061,186.105,182.874,183.816,297.858,0.0537,0.0333,0.1278,0.5814,0.00,0.00,0.00,0.00
2648.00,180.000,180.000,170.000,175.000,180.130,179.949,170.056,174.805,180.116,180.007,169.929,175.061,186.035,182.862,183.890,298.493,0.0534,0.0333,0.1282,0.5842,0.00,0.00,0.00,0.00
2649.00,180.000,180.000,170.000,175.000,180.130,179.949,170.055,174.807,180.118,180.007,169.922,175.063,185.972,182.851,183.971,299.140,0.0531,0.0333,0.1285,0.5868,0.00,0.00,0.00,0.00
2650.00,180.000,180.000,170.000,175.000,180.130,179.950,170.054,174.809,180.120,180.008,169.916,175.065,185.915,182.842,184.044,299.769,0.0528,0.0332,0.1288,0.5893,0.00,0.00,0.00,0.00
2651.00,180.000,180.000,170.000,175.000,180.129,179.950,170.053,174.810,180.122,180.008,169.910,175.067,185.863,182.555,184.110,300.409,0.0526,0.0000,0.1291,0.5917,0.00,0.00,0.00,0.00
2652.00,180.000,180.000,170.000,175.000,180.129,179.951,170.052,174.812,180.123,180.007,169.904,175.071,185.817,182.032,184.169,301.032,0.0523,0.0000,0.1293,0.5940,0.00,0.00,0.00,0.00
2653.00,180.000,180.000,170.000,175.000,180.129,179.951,170.051,174.814,180.125,180.005,169.899,175.075,185.775,181.559,184.222,301.640,0.0521,0.0000,0.1296,0.5962,0.00,0.00,0.00,0.00
2654.00,180.000,180.000,170.000,175.000,180.129,179.951,170.050,174.816,180.126,180.002,169.893,175.081,185.721,181.130,184.269,302.234,0.0519,0.0000,0.1298,0.5983,0.00,0.00,0.00,0.00
2655.00,180.000,180.000,170.000,175.000,180.129,179.952,170.049,174.817,180.127,179.999,169.888,175.086,185.657,180.741,184.904,302.817,0.0517,0.0000,0.2006,0.6003,0.00,0.00,0.00,0.00
2656.00,180.000,180.000,170.000,175.000,180.129,179.952,170.048,174.819,180.129,179.995,169.885,175.093,185.599,180.389,186.025,303.390,0.0515,0.0000,0.1980,0.6022,0.00,0.00,0.00,0.00
2657.00,180.000,180.000,170.000,175.000,180.129,179.952,170.047,174.821,180.130,179.990,169.884,175.100,185.546,180.071,186.991,303.954,0.0513,0.0000,0.1956,0.6040,0.00,0.00,0.00,0.00
2658.00,180.000,180.000,170.000,175.000,180.129,179.953,170.046,174.823,180.131,179.985,169.885,175.107,185.499,179.782,187.834,304.509,0.0511,0.0000,0.1933,0.6058,0.00,0.00,0.00,0.00
2659.00,180.000,180.000,170.000,175.000,180.129,179.953,170.045,174.825,180.132,179.979,169.887,175.115,185.456,179.520,188.547,305.058,0.0509,0.0000,0.1911,0.6075,0.00,0.00,0.00,0.00
2660.00,180.000,180.000,170.000,175.000,180.129,179.953,170.044,174.827,180.133,179.973,169.890,175.124,185.418,179.282,189.162,305.574,0.0508,0.0000,0.1890,0.6091,0.00,0.00,0.00,0.00
2661.00,180.000,180.000,170.000,175.000,180.129,179.953,170.043,174.829,180.133,179.967,169.894,175.133,185.383,179.066,189.685,306.087,0.0506,0.0000,0.1871,0.6106,0.00,0.00,0.00,0.00
2662.00,180.000,180.000,170.000,175.000,180.129,179.953,170.042,174.831,180.134,179.960,169.899,175.142,185.351,178.871,190.128,306.570,0.0505,0.0000,0.1852,0.6121,0.00,0.00,0.00,0.00
2663.00,180.000,180.000,170.000,175.000,180.129,179.953,170.041,174.833,180.135,179.953,169.905,175.152,185.323,178.693,190.513,307.054,0.0503,0.0000,0.1834,0.6136,0.00,0.00,0.00,0.00
2664.00,180.000,180.000,170.000,175.000,180.129,179.953,170.040,174.835,180.136,179.945,169.912,175.162,185.297,178.547,190.830,307.513,0.0502,0.0011,0.1817,0.6149,0.00,0.00,0.00,0.00
2665.00,180.000,180.000,170.000,175.000,180.130,179.953,170.039,174.837,180.136,179.937,169.919,175.173,185.274,178.431,191.086,307.975,0.0500,0.0024,0.1801,0.6163,0.00,0.00,0.00,0.00
2666.00,180.000,180.000,170.000,175.000,180.130,179.953,170.039,174.839,180.137,179.929,169.926,175.184,185.237,178.357,191.285,308.413,0.0499,0.0036,0.1786,0.6175,0.00,0.00,0.00,0.00
2667.00,180.000,180.000,170.000,175.000,180.130,179.953,170.038,174.842,180.137,179.921,169.934,175.195,185.188,178.305,191.450,308.831,0.0498,0.0048,0.1771,0.6187,0.00,0.00,0.00,0.00
2668.00,180.000,180.000,170.000,175.000,180.130,179.953,170.037,174.844,180.138,179.913,169.942,175.206,185.143,178.273,191.585,309.230,0.0497,0.0059,0.1758,0.6199,0.00,0.00,0.00,0.00
2669.00,180.000,180.000,170.000,175.000,180.130,179.952,170.036,174.847,180.138,179.905,169.950,175.218,185.103,178.260,191.675,309.639,0.0495,0.0069,0.1745,0.6210,0.00,0.00,0.00,0.00
2670.00,180.000,180.000,170.000,175.000,180.130,179.952,170.036,174.849,180.138,179.897,169.958,175.230,185.067,178.262,191.741,310.004,0.0494,0.0079,0.1732,0.6221,0.00,0.00,0.00,0.00
2671.00,180.000,180.000,170.000,175.000,180.130,179.952,170.035,174.852,180.138,179.889,169.966,175.240,185.034,178.281,191.785,306.332,0.0493,0.0088,0.1720,0.4529,0.00,0.00,0.00,0.00
2672.00,180.000,180.000,170.000,175.000,180.130,179.951,170.035,174.854,180.139,179.881,169.975,175.244,185.004,178.312,191.794,302.607,0.0492,0.0097,0.1709,0.4599,0.00,0.00,0.00,0.00
2673.00,180.000,180.000,170.000,175.000,180.130,179.951,170.035,174.857,180.139,179.873,169.983,175.244,184.977,178.356,191.803,299.465,0.0491,0.0105,0.1699,0.4666,0.00,0.00,0.00,0.00
2674.00,180.000,180.000,170.000,175.000,180.130,179.950,170.034,174.859,180.139,179.866,169.992,175.240,184.953,178.410,191.780,296.864,0.0490,0.0113,0.1689,0.4730,0.00,0.00,0.00,0.00
2675.00,180.000,180.000,170.000,175.000,180.130,179.950,170.034,174.862,180.139,179.859,170.000,175.234,184.931,179.400,191.760,294.717,0.0489,0.0687,0.1679,0.4790,0.00,0.00,0.00,0.00
2676.00,180.000,180.000,170.000,175.000,180.130,179.949,170.034,174.864,180.139,179.855,170.008,175.225,184.911,180.263,191.710,292.973,0.0488,0.0668,0.1670,0.4848,0.00,0.00,0.00,0.00
2677.00,180.000,180.000,170.000,175.000,180.130,179.948,170.034,174.867,180.139,179.852,170.016,175.215,184.893,181.011,191.666,291.587,0.0487,0.0650,0.1661,0.4903,0.00,0.00,0.00,0.00
2678.00,180.000,180.000,170.000,175.000,180.130,179.948,170.034,174.869,180.139,179.850,170.024,175.203,184.876,181.673,191.610,290.491,0.0486,0.0632,0.1653,0.4955,0.00,0.00,0.00,0.00
2679.00,180.000,180.000,170.000,175.000,180.130,179.947,170.033,174.871,180.138,179.849,170.032,175.191,184.861,182.240,191.545,289.652,0.0485,0.0616,0.1645,0.5005,0.00,0.00,0.00,0.00
2680.00,180.000,180.000,170.000,175.000,180.130,179.946,170.033,174.873,180.138,179.849,170.040,175.178,184.848,182.720,191.486,289.042,0.0485,0.0601,0.1638,0.5053,0.00,0.00,0.00,0.00
2681.00,180.000,180.000,170.000,175.000,180.130,179.946,170.034,174.875,180.138,179.850,170.048,175.165,184.836,183.139,191.402,288.634,0.0484,0.0586,0.1631,0.5098,0.00,0.00,0.00,0.00
2682.00,180.000,180.000,170.000,175.000,180.130,179.945,170.034,174.877,180.138,179.852,170.055,175.153,184.825,183.487,191.326,288.380,0.0483,0.0572,0.1624,0.5142,0.00,0.00,0.00,0.00
2683.00,180.000,180.000,170.000,175.000,180.131,179.944,170.034,174.879,180.138,179.854,170.062,175.140,184.815,183.786,191.258,288.261,0.0482,0.0559,0.1618,0.5183,0.00,0.00,0.00,0.00
2684.00,180.000,180.000,170.000,175.000,180.131,179.944,170.034,174.881,180.138,179.857,170.069,175.129,184.806,184.024,191.165,288.264,0.0481,0.0547,0.1612,0.5222,0.00,0.00,0.00,0.00
2685.00,180.000,180.000,170.000,175.000,180.131,179.943,170.034,174.882,180.137,179.860,170.076,175.117,184.798,184.241,191.082,288.374,0.0481,0.0535,0.1606,0.5260,0.00,0.00,0.00,0.00
2686.00,180.000,180.000,170.000,175.000,180.131,179.943,170.035,174.884,180.137,179.864,170.083,175.107,184.790,184.405,191.007,288.580,0.0480,0.0524,0.1600,0.5295,0.00,0.00,0.00,0.00
2687.00,180.000,180.000,170.000,175.000,180.131,179.942,170.035,174.885,180.137,179.868,170.090,175.097,184.751,184.538,190.924,288.871,0.0479,0.0513,0.1595,0.5329,0.00,0.00,0.00,0.00
2688.00,180.000,180.000,170.000,175.000,180.131,179.942,170.035,174.887,180.137,179.871,170.096,175.088,184.717,184.643,190.833,289.183,0.0478,0.0503,0.1590,0.5362,0.00,0.00,0.00,0.00
2689.00,180.000,180.000,170.000,175.000,180.131,179.941,170.036,174.888,180.136,179.876,170.103,175.080,184.685,184.722,190.751,289.568,0.0478,0.0494,0.1586,0.5393,0.00,0.00,0.00,0.00
2690.00,180.000,180.000,170.000,175.000,180.131,179.941,170.036,174.889,180.136,179.880,170.109,175.072,184.656,184.778,190.678,289.990,0.0477,0.0485,0.1581,0.5422,0.00,0.00,0.00,0.00
2691.00,180.000,180.000,170.000,175.000,180.131,179.940,170.037,174.891,180.135,179.884,170.115,175.066,184.630,184.829,190.596,290.447,0.0476,0.0476,0.1577,0.5451,0.00,0.00,0.00,0.00
2692.00,180.000,180.000,170.000,175.000,180.131,179.940,170.037,174.892,180.135,179.889,170.121,175.060,184.607,184.844,190.507,290.907,0.0476,0.0468,0.1573,0.5477,0.00,0.00,0.00,0.00
2693.00,180.000,180.000,170.000,175.000,180.131,179.940,170.038,174.893,180.134,179.893,170.126,175.055,184.585,184.858,190.426,291.396,0.0475,0.0461,0.1569,0.5503,0.00,0.00,0.00,0.00
2694.00,180.000,180.000,170.000,175.000,180.131,179.939,170.038,174.894,180.134,179.897,170.132,175.052,184.566,184.855,190.354,291.913,0.0474,0.0454,0.1566,0.5528,0.00,0.00,0.00,0.00
2695.00,180.000,180.000,170.000,175.000,180.131,179.939,170.039,174.895,180.133,179.902,170.137,175.049,184.548,184.837,190.289,292.426,0.0474,0.0447,0.1562,0.5551,0.00,0.00,0.00,0.00
2696.00,180.000,180.000,170.000,175.000,180.131,179.939,170.040,174.896,180.132,179.906,170.143,175.046,184.533,184.821,190.231,292.936,0.0473,0.0440,0.1559,0.5573,0.00,0.00,0.00,0.00
2697.00,180.000,180.000,170.000,175.000,180.131,179.939,170.040,174.897,180.132,179.910,170.148,175.045,184.518,184.790,190.146,293.443,0.0472,0.0434,0.1556,0.5595,0.00,0.00,0.00,0.00
2698.00,180.000,180.000,170.000,175.000,180.131,179.939,170.041,174.898,180.131,179.914,170.153,175.044,184.505,184.747,190.070,293.975,0.0472,0.0429,0.1553,0.5615,0.00,0.00,0.00,0.00
2699.00,180.000,180.000,170.000,175.000,180.131,179.938,170.042,174.899,180.130,179.918,170.158,175.044,184.493,184.709,190.002,294.501,0.0471,0.0423,0.1550,0.5634,0.00,0.00,0.00,0.00
2700.00,180.000,180.000,170.000,175.000,180.131,179.938,170.043,174.900,180.129,179.922,170.162,175.045,184.482,184.675,189.941,294.997,0.0470,0.0418,0.1548,0.5653,0.00,0.00,0.00,0.00
2701.00,180.000,180.000,170.000,175.000,180.131,179.938,170.043,174.901,180.129,179.926,170.167,175.047,184.472,184.612,189.886,295.491,0.0470,0.0413,0.1545,0.5670,0.00,0.00,0.00,0.00
2702.00,180.000,180.000,170.000,175.000,180.131,179.938,170.044,174.902,180.128,179.930,170.171,175.049,184.463,184.556,189.836,295.986,0.0469,0.0409,0.1543,0.5687,0.00,0.00,0.00,0.00
2703.00,180.000,180.000,170.000,175.000,180.131,179.938,170.045,174.903,180.127,179.934,170.176,175.051,184.455,184.505,189.792,296.479,0.0469,0.0404,0.1540,0.5703,0.00,0.00,0.00,0.00
2704.00,180.000,180.000,170.000,175.000,180.131,179.938,170.046,174.904,180.126,179.937,170.180,175.055,184.448,184.460,189.736,296.944,0.0468,0.0400,0.1538,0.5719,0.00,0.00,0.00,0.00
2705.00,180.000,180.000,170.000,175.000,180.131,179.938,170.047,174.905,180.126,179.941,170.184,175.059,184.441,184.387,189.670,297.412,0.0467,0.0396,0.1536,0.5734,0.00,0.00,0.00,0.00
2706.00,180.000,180.000,170.000,175.000,180.131,179.938,170.048,174.906,180.125,179.944,170.188,175.063,184.435,184.322,189.610,297.856,0.0467,0.0392,0.1534,0.5748,0.00,0.00,0.00,0.00
2707.00,180.000,180.000,170.000,175.000,180.131,179.938,170.049,174.907,180.124,179.947,170.192,175.068,184.429,184.263,189.557,298.277,0.0466,0.0389,0.1532,0.5761,0.00,0.00,0.00,0.00
2708.00,180.000,180.000,170.000,175.000,180.131,179.938,170.050,174.908,180.123,179.950,170.196,175.073,184.424,184.210,189.509,298.706,0.0466,0.0386,0.1531,0.5774,0.00,0.00,0.00,0.00
2709.00,180.000,180.000,170.000,175.000,180.131,179.938,170.051,174.909,180.122,179.953,170.199,175.079,184.420,184.162,188.875,299.115,0.0465,0.0382,0.0824,0.5786,0.00,0.00,0.00,0.00
2710.00,180.000,180.000,170.000,175.000,180.131,179.938,170.052,174.910,180.121,179.956,170.201,175.085,184.415,184.119,187.771,299.506,0.0464,0.0379,0.0850,0.5798,0.00,0.00,0.00,0.00
2711.00,180.000,180.000,170.000,175.000,180.131,179.938,170.053,174.911,180.121,179.959,170.200,175.091,184.411,184.049,186.821,299.907,0.0464,0.0377,0.0875,0.5809,0.00,0.00,0.00,0.00
2712.00,180.000,180.000,170.000,175.000,180.130,179.939,170.054,174.913,180.120,179.962,170.198,175.098,184.408,183.985,185.993,300.265,0.0463,0.0374,0.0898,0.5820,0.00,0.00,0.00,0.00
2713.00,180.000,180.000,170.000,175.000,180.130,179.939,170.055,174.914,180.119,179.964,170.194,175.105,184.404,183.928,185.276,300.637,0.0463,0.0371,0.0920,0.5830,0.00,0.00,0.00,0.00
2714.00,180.000,180.000,170.000,175.000,180.130,179.939,170.055,174.915,180.118,179.967,170.189,175.112,184.401,183.876,184.673,300.969,0.0462,0.0369,0.0941,0.5840,0.00,0.00,0.00,0.00
2715.00,180.000,180.000,170.000,175.000,180.130,179.939,170.056,174.916,180.117,179.969,170.183,175.120,184.398,183.830,184.160,301.318,0.0462,0.0367,0.0962,0.5850,0.00,0.00,0.00,0.00
2716.00,180.000,180.000,170.000,175.000,180.130,179.939,170.057,174.918,180.116,179.971,170.176,175.128,184.396,183.788,183.727,301.630,0.0461,0.0365,0.0981,0.5859,0.00,0.00,0.00,0.00
2717.00,180.000,180.000,170.000,175.000,180.130,179.940,170.058,174.919,180.116,179.973,170.169,175.136,184.393,183.750,183.366,301.961,0.0460,0.0363,0.0999,0.5868,0.00,0.00,0.00,0.00
2718.00,180.000,180.000,170.000,175.000,180.130,179.940,170.059,174.921,180.115,179.976,170.161,175.144,184.391,183.716,183.056,302.256,0.0460,0.0361,0.1016,0.5876,0.00,0.00,0.00,0.00
2719.00,180.000,180.000,170.000,175.000,180.130,179.940,170.059,174.922,180.114,179.978,170.152,175.152,184.357,183.669,182.806,302.547,0.0459,0.0359,0.1032,0.5884,0.00,0.00,0.00,0.00
2720.00,180.000,180.000,170.000,175.000,180.130,179.940,170.060,174.924,180.113,179.980,170.144,175.161,184.326,183.611,182.611,302.833,0.0459,0.0357,0.1048,0.5892,0.00,0.00,0.00,0.00
2721.00,180.000,180.000,170.000,175.000,180.130,179.941,170.060,174.925,180.112,179.981,170.134,175.170,184.299,183.559,182.450,303.087,0.0458,0.0356,0.1062,0.5899,0.00,0.00,0.00,0.00
2722.00,180.000,180.000,170.000,175.000,180.130,179.941,170.061,174.927,180.111,179.983,170.125,175.178,184.273,183.512,182.335,303.368,0.0458,0.0354,0.1076,0.5906,0.00,0.00,0.00,0.00
2723.00,180.000,180.000,170.000,175.000,180.129,179.941,170.061,174.929,180.110,179.985,170.115,175.187,184.250,183.469,182.246,303.619,0.0457,0.0353,0.1089,0.5913,0.00,0.00,0.00,0.00
2724.00,180.000,180.000,170.000,175.000,180.129,179.941,170.062,174.930,180.109,179.986,170.106,175.197,184.229,183.431,182.181,303.842,0.0457,0.0351,0.1102,0.5919,0.00,0.00,0.00,0.00
2725.00,180.000,180.000,170.000,175.000,180.129,179.942,170.062,174.932,180.107,179.988,170.096,175.206,184.210,183.396,182.153,304.096,0.0456,0.0350,0.1114,0.5925,0.00,0.00,0.00,0.00
2726.00,180.000,180.000,170.000,175.000,180.129,179.942,170.062,174.934,180.106,179.989,170.086,175.215,184.193,183.365,182.127,304.322,0.0455,0.0349,0.1125,0.5931,0.00,0.00,0.00,0.00
2727.00,180.000,180.000,170.000,175.000,180.129,179.942,170.062,174.936,180.105,179.991,170.076,175.224,184.177,183.337,182.135,304.524,0.0455,0.0348,0.1136,0.5937,0.00,0.00,0.00,0.00
2728.00,180.000,180.000,170.000,175.000,180.129,179.943,170.062,174.938,180.104,179.992,170.067,175.234,184.163,183.311,182.157,304.732,0.0454,0.0346,0.1146,0.5943,0.00,0.00,0.00,0.00
2729.00,180.000,180.000,170.000,175.000,180.129,179.943,170.062,174.940,180.103,179.993,170.057,175.243,184.150,183.288,182.192,304.944,0.0454,0.0345,0.1155,0.5948,0.00,0.00,0.00,0.00
2730.00,180.000,180.000,170.000,175.000,180.128,179.943,170.062,174.942,180.101,179.995,170.048,175.253,184.138,183.267,182.239,305.133,0.0453,0.0344,0.1164,0.5953,0.00,0.00,0.00,0.00
2731.00,180.000,180.000,170.000,175.000,180.128,179.944,170.062,174.944,180.100,179.996,170.038,175.262,184.127,183.249,182.297,305.302,0.0453,0.0343,0.1173,0.5958,0.00,0.00,0.00,0.00
2732.00,180.000,180.000,170.000,175.000,180.128,179.944,170.062,174.946,180.099,179.997,170.029,175.272,184.118,183.232,182.348,305.481,0.0452,0.0343,0.1181,0.5963,0.00,0.00,0.00,0.00
2733.00,180.000,180.000,170.000,175.000,180.128,179.944,170.062,174.948,180.097,179.998,170.020,175.281,184.109,183.217,182.426,305.667,0.0452,0.0342,0.1189,0.5967,0.00,0.00,0.00,0.00
2734.00,180.000,180.000,170.000,175.000,180.128,179.945,170.062,174.950,180.096,179.999,170.011,175.290,184.100,183.203,182.496,304.459,0.0451,0.0341,0.1196,0.4238,0.00,0.00,0.00,0.00
2735.00,180.000,180.000,170.000,175.000,180.127,179.945,170.061,174.953,180.095,180.000,170.002,175.295,184.093,183.191,182.574,300.142,0.0451,0.0340,0.1203,0.4304,0.00,0.00,0.00,0.00
2736.00,180.000,180.000,170.000,175.000,180.127,179.945,170.061,174.955,180.094,180.001,169.994,175.295,184.086,183.163,182.660,296.473,0.0450,0.0339,0.1210,0.4367,0.00,0.00,0.00,0.00
2737.00,180.000,180.000,170.000,175.000,180.127,179.946,170.060,174.957,180.092,180.002,169.985,175.290,184.080,183.123,182.737,293.377,0.0449,0.0339,0.1216,0.4426,0.00,0.00,0.00,0.00
2738.00,180.000,180.000,170.000,175.000,180.127,179.946,170.060,174.959,180.091,180.003,169.977,175.282,184.074,183.086,182.807,290.790,0.0449,0.0338,0.1222,0.4483,0.00,0.00,0.00,0.00
2739.00,180.000,180.000,170.000,175.000,180.126,179.947,170.059,174.961,180.089,180.004,169.969,175.271,184.068,183.053,182.900,288.654,0.0448,0.0338,0.1227,0.4537,0.00,0.00,0.00,0.00
2740.00,180.000,180.000,170.000,175.000,180.126,179.947,170.059,174.964,180.088,180.005,169.961,175.258,184.063,183.023,182.985,286.891,0.0448,0.0337,0.1233,0.4589,0.00,0.00,0.00,0.00
2741.00,180.000,180.000,170.000,175.000,180.126,179.947,170.058,174.965,180.087,180.006,169.953,175.244,184.059,182.996,183.060,285.486,0.0447,0.0336,0.1238,0.4638,0.00,0.00,0.00,0.00
2742.00,180.000,180.000,170.000,175.000,180.126,179.948,170.057,174.967,180.085,180.006,169.945,175.228,184.055,182.972,183.145,284.344,0.0447,0.0336,0.1242,0.4684,0.00,0.00,0.00,0.00
2743.00,180.000,180.000,170.000,175.000,180.125,179.948,170.057,174.969,180.084,180.007,169.938,175.212,184.051,182.950,183.236,283.437,0.0446,0.0335,0.1247,0.4729,0.00,0.00,0.00,0.00
2744.00,180.000,180.000,170.000,175.000,180.125,179.949,170.056,174.971,180.083,180.008,169.931,175.196,184.047,182.930,183.318,282.739,0.0446,0.0335,0.1251,0.4771,0.00,0.00,0.00,0.00
2745.00,180.000,180.000,170.000,175.000,180.125,179.949,170.055,174.972,180.081,180.008,169.924,175.179,184.044,182.912,183.391,282.279,0.0445,0.0335,0.1255,0.4811,0.00,0.00,0.00,0.00
2746.00,180.000,180.000,170.000,175.000,180.125,179.949,170.054,174.973,180.080,180.009,169.917,175.163,184.041,182.895,183.458,281.950,0.0445,0.0334,0.1259,0.4849,0.00,0.00,0.00,0.00
2747.00,180.000,180.000,170.000,175.000,180.124,179.950,170.053,174.975,180.079,180.009,169.910,175.147,184.038,182.881,183.533,281.738,0.0444,0.0334,0.1262,0.4886,0.00,0.00,0.00,0.00
2748.00,180.000,180.000,170.000,175.000,180.124,179.950,170.052,174.976,180.077,180.010,169.903,175.131,184.035,182.590,183.617,281.657,0.0444,0.0000,0.1266,0.4920,0.00,0.00,0.00,0.00
2749.00,180.000,180.000,170.000,175.000,180.124,179.951,170.051,174.977,180.076,180.009,169.897,175.116,184.032,182.062,183.692,281.692,0.0443,0.0000,0.1269,0.4954,0.00,0.00,0.00,0.00
2750.00,180.000,180.000,170.000,175.000,180.123,179.951,170.050,174.978,180.074,180.007,169.890,175.101,184.030,181.585,183.759,281.803,0.0442,0.0000,0.1272,0.4985,0.00,0.00,0.00,0.00
2751.00,180.000,180.000,170.000,175.000,180.123,179.951,170.049,174.978,180.073,180.005,169.886,175.088,184.028,181.152,184.975,281.983,0.0442,0.0000,0.1973,0.5015,0.00,0.00,0.00,0.00
2752.00,180.000,180.000,170.000,175.000,180.123,179.952,170.048,174.979,180.072,180.001,169.883,175.075,184.026,180.761,186.026,282.222,0.0441,0.0000,0.1948,0.5043,0.00,0.00,0.00,0.00
2753.00,180.000,180.000,170.000,175.000,180.122,179.952,170.047,174.980,180.070,179.997,169.882,175.063,184.023,180.406,186.945,282.516,0.0441,0.0000,0.1925,0.5071,0.00,0.00,0.00,0.00
2754.00,180.000,180.000,170.000,175.000,180.122,179.952,170.046,174.980,180.069,179.993,169.883,175.052,184.022,180.085,187.745,282.830,0.0440,0.0000,0.1903,0.5096,0.00,0.00,0.00,0.00
2755.00,180.000,180.000,170.000,175.000,180.122,179.952,170.045,174.981,180.068,179.988,169.885,175.041,184.020,179.793,188.437,283.189,0.0440,0.0000,0.1882,0.5121,0.00,0.00,0.00,0.00
2756.00,180.000,180.000,170.000,175.000,180.121,179.953,170.044,174.981,180.066,179.982,169.888,175.032,183.986,179.529,189.015,283.562,0.0439,0.0000,0.1862,0.5144,0.00,0.00,0.00,0.00
2757.00,180.000,180.000,170.000,175.000,180.121,179.953,170.043,174.981,180.065,179.976,169.892,175.023,183.955,179.290,189.507,283.975,0.0439,0.0000,0.1843,0.5167,0.00,0.00,0.00,0.00
2758.00,180.000,180.000,170.000,175.000,180.121,179.953,170.042,174.982,180.063,179.970,169.897,175.015,183.928,179.072,189.936,284.395,0.0438,0.0000,0.1825,0.5188,0.00,0.00,0.00,0.00
2759.00,180.000,180.000,170.000,175.000,180.120,179.953,170.041,174.982,180.062,179.963,169.903,175.008,183.902,178.875,190.292,284.822,0.0438,0.0000,0.1807,0.5208,0.00,0.00,0.00,0.00
2760.00,180.000,180.000,170.000,175.000,180.120,179.953,170.040,174.982,180.060,179.956,169.909,175.002,183.879,178.696,190.583,285.256,0.0437,0.0000,0.1791,0.5227,0.00,0.00,0.00,0.00
2761.00,180.000,180.000,170.000,175.000,180.119,179.953,170.039,174.982,180.059,179.948,169.916,174.997,183.858,178.549,190.832,285.695,0.0437,0.0008,0.1776,0.5245,0.00,0.00,0.00,0.00
2762.00,180.000,180.000,170.000,175.000,180.119,179.953,170.038,174.982,180.057,179.940,169.923,174.992,183.839,178.431,191.025,286.111,0.0436,0.0021,0.1761,0.5263,0.00,0.00,0.00,0.00
2763.00,180.000,180.000,170.000,175.000,180.119,179.953,170.037,174.982,180.055,179.933,169.931,174.989,183.822,178.356,191.168,286.535,0.0436,0.0034,0.1747,0.5279,0.00,0.00,0.00,0.00
2764.00,180.000,180.000,170.000,175.000,180.118,179.953,170.037,174.982,180.054,179.925,169.938,174.985,183.806,178.287,191.282,286.965,0.0435,0.0045,0.1734,0.5295,0.00,0.00,0.00,0.00
2765.00,180.000,180.000,170.000,175.000,180.118,179.953,170.036,174.982,180.052,179.917,169.946,174.983,183.791,178.256,191.371,287.376,0.0434,0.0056,0.1721,0.5310,0.00,0.00,0.00,0.00
2766.00,180.000,180.000,170.000,175.000,180.117,179.952,170.035,174.982,180.050,179.909,169.954,174.981,183.778,178.243,191.435,287.795,0.0434,0.0067,0.1709,0.5325,0.00,0.00,0.00,0.00
2767.00,180.000,180.000,170.000,175.000,180.117,179.952,170.035,174.982,180.048,179.901,169.962,174.980,183.766,178.246,191.478,288.193,0.0433,0.0077,0.1698,0.5338,0.00,0.00,0.00,0.00
2768.00,180.000,180.000,170.000,175.000,180.116,179.952,170.034,174.982,180.047,179.893,169.970,174.979,183.755,178.265,191.486,288.601,0.0433,0.0086,0.1687,0.5351,0.00,0.00,0.00,0.00
2769.00,180.000,180.000,170.000,175.000,180.116,179.951,170.034,174.982,180.045,179.885,169.979,174.979,183.745,178.297,191.493,288.992,0.0432,0.0095,0.1677,0.5363,0.00,0.00,0.00,0.00
2770.00,180.000,180.000,170.000,175.000,180.115,179.951,170.034,174.982,180.043,179.877,169.987,174.979,183.735,178.325,191.469,289.365,0.0432,0.0104,0.1667,0.5375,0.00,0.00,0.00,0.00
2771.00,180.000,180.000,170.000,175.000,180.115,179.950,170.033,174.982,180.041,179.869,169.995,174.980,183.726,178.381,191.447,289.725,0.0431,0.0112,0.1658,0.5386,0.00,0.00,0.00,0.00
2772.00,180.000,180.000,170.000,175.000,180.114,179.950,170.033,174.982,180.040,179.862,170.002,174.981,183.718,178.432,191.396,290.072,0.0431,0.0706,0.1649,0.5397,0.00,0.00,0.00,0.00
2773.00,180.000,180.000,170.000,175.000,180.114,179.949,170.033,174.982,180.038,179.855,170.010,174.983,183.711,179.417,191.351,290.407,0.0430,0.0686,0.1641,0.5407,0.00,0.00,0.00,0.00
2774.00,180.000,180.000,170.000,175.000,180.113,179.949,170.033,174.982,180.036,179.851,170.018,174.985,183.704,180.277,191.294,290.732,0.0430,0.0667,0.1633,0.5417,0.00,0.00,0.00,0.00
2775.00,180.000,180.000,170.000,175.000,180.113,179.948,170.033,174.982,180.034,179.848,170.025,174.987,183.698,181.022,191.228,291.049,0.0429,0.0649,0.1625,0.5426,0.00,0.00,0.00,0.00
2776.00,180.000,180.000,170.000,175.000,180.112,179.947,170.033,174.982,180.032,179.846,170.033,174.990,183.692,181.665,191.169,291.357,0.0429,0.0632,0.1618,0.5435,0.00,0.00,0.00,0.00
2777.00,180.000,180.000,170.000,175.000,180.112,179.947,170.033,174.982,180.030,179.845,170.040,174.993,183.686,182.231,191.083,291.659,0.0428,0.0615,0.1611,0.5443,0.00,0.00,0.00,0.00
2778.00,180.000,180.000,170.000,175.000,180.111,179.946,170.033,174.983,180.029,179.846,170.047,174.997,183.681,182.711,191.007,291.954,0.0428,0.0600,0.1605,0.5451,0.00,0.00,0.00,0.00
2779.00,180.000,180.000,170.000,175.000,180.111,179.945,170.033,174.983,180.027,179.847,170.054,175.000,183.676,183.113,190.938,292.217,0.0427,0.0585,0.1599,0.5458,0.00,0.00,0.00,0.00
2780.00,180.000,180.000,170.000,175.000,180.110,179.945,170.033,174.983,180.025,179.849,170.061,175.004,183.672,183.461,190.845,292.505,0.0427,0.0571,0.1593,0.5466,0.00,0.00,0.00,0.00
2781.00,180.000,180.000,170.000,175.000,180.110,179.944,170.033,174.983,180.023,179.851,170.068,175.008,183.668,183.761,190.761,292.761,0.0426,0.0558,0.1587,0.5472,0.00,0.00,0.00,0.00
2782.00,180.000,180.000,170.000,175.000,180.109,179.943,170.033,174.983,180.021,179.854,170.074,175.012,183.664,184.001,190.685,292.989,0.0425,0.0546,0.1582,0.5479,0.00,0.00,0.00,0.00
2783.00,180.000,180.000,170.000,175.000,180.108,179.943,170.034,174.983,180.019,179.857,170.081,175.017,183.660,184.201,190.601,293.246,0.0425,0.0534,0.1577,0.5485,0.00,0.00,0.00,0.00
2784.00,180.000,180.000,170.000,175.000,180.108,179.942,170.034,174.983,180.018,179.860,170.087,175.022,183.656,184.368,190.510,293.475,0.0424,0.0523,0.1572,0.5491,0.00,0.00,0.00,0.00
2785.00,180.000,180.000,170.000,175.000,180.107,179.942,170.034,174.984,180.016,179.864,170.093,175.026,183.653,184.502,190.428,293.679,0.0424,0.0513,0.1568,0.5497,0.00,0.00,0.00,0.00
2786.00,180.000,180.000,170.000,175.000,180.107,179.941,170.035,174.984,180.014,179.868,170.098,175.031,183.650,184.609,190.354,293.889,0.0423,0.0503,0.1564,0.5502,0.00,0.00,0.00,0.00
2787.00,180.000,180.000,170.000,175.000,180.106,179.941,170.035,174.984,180.012,179.872,170.104,175.037,183.647,184.689,190.288,294.102,0.0423,0.0493,0.1560,0.5507,0.00,0.00,0.00,0.00
2788.00,180.000,180.000,170.000,175.000,180.105,179.940,170.036,174.985,180.010,179.877,170.110,175.042,183.644,184.747,190.196,294.292,0.0422,0.0484,0.1556,0.5512,0.00,0.00,0.00,0.00
2789.00,180.000,180.000,170.000,175.000,180.105,179.940,170.036,174.985,180.008,179.881,170.115,175.047,183.641,184.783,190.114,294.461,0.0422,0.0476,0.1552,0.5517,0.00,0.00,0.00,0.00
2790.00,180.000,180.000,170.000,175.000,180.104,179.939,170.037,174.986,180.007,179.885,170.120,175.052,183.639,184.800,190.040,294.612,0.0421,0.0468,0.1549,0.5521,0.00,0.00,0.00,0.00
2791.00,180.000,180.000,170.000,175.000,180.103,179.939,170.037,174.986,180.005,179.890,170.125,175.058,183.636,184.817,189.974,294.801,0.0421,0.0460,0.1545,0.5525,0.00,0.00,0.00,0.00
2792.00,180.000,180.000,170.000,175.000,180.103,179.939,170.038,174.986,180.003,179.894,170.130,175.063,183.634,184.816,189.914,294.969,0.0420,0.0453,0.1542,0.5529,0.00,0.00,0.00,0.00
2793.00,180.000,180.000,170.000,175.000,180.102,179.939,170.038,174.987,180.001,179.898,170.135,175.069,183.615,184.799,189.860,295.120,0.0420,0.0447,0.1539,0.5533,0.00,0.00,0.00,0.00
2794.00,180.000,180.000,170.000,175.000,180.101,179.938,170.039,174.988,179.999,179.903,170.140,175.075,183.583,184.785,189.780,295.253,0.0419,0.0440,0.1536,0.5536,0.00,0.00,0.00,0.00
2795.00,180.000,180.000,170.000,175.000,180.101,179.938,170.040,174.988,179.997,179.907,170.144,175.080,183.553,184.756,189.708,295.373,0.0419,0.0434,0.1534,0.5540,0.00,0.00,0.00,0.00
2796.00,180.000,180.000,170.000,175.000,180.100,179.938,170.041,174.989,179.995,179.911,170.149,175.086,183.526,184.715,189.643,295.534,0.0418,0.0428,0.1531,0.5543,0.00,0.00,0.00,0.00
2797.00,180.000,180.000,170.000,175.000,180.099,179.938,170.041,174.989,179.993,179.915,170.153,175.092,183.502,184.678,189.585,295.678,0.0417,0.0423,0.1529,0.5546,0.00,0.00,0.00,0.00
2798.00,180.000,180.000,170.000,175.000,180.099,179.938,170.042,174.990,179.991,179.919,170.157,175.098,183.479,184.645,189.532,295.806,0.0417,0.0418,0.1526,0.5549,0.00,0.00,0.00,0.00
2799.00,180.000,180.000,170.000,175.000,180.098,179.937,170.043,174.991,179.989,179.923,170.161,175.104,183.459,184.583,189.485,295.921,0.0416,0.0413,0.1524,0.5552,0.00,0.00,0.00,0.00
2800.00,180.000,180.000,170.000,175.000,180.097,179.937,170.044,174.992,179.987,179.927,170.165,175.109,183.440,184.528,189.443,296.023,0.0416,0.0408,0.1522,0.5555,0.00,0.00,0.00,0.00
2801.00,180.000,180.000,170.000,175.000,180.096,179.937,170.044,174.992,179.985,179.931,170.169,175.115,183.423,184.478,189.405,296.115,0.0415,0.0404,0.1520,0.5557,0.00,0.00,0.00,0.00
2802.00,180.000,180.000,170.000,175.000,180.096,179.937,170.045,174.993,179.983,179.934,170.173,175.121,183.408,184.433,189.354,296.197,0.0415,0.0400,0.1518,0.5560,0.00,0.00,0.00,0.00
2803.00,180.000,180.000,170.000,175.000,180.095,179.937,170.046,174.994,179.980,179.938,170.177,175.127,183.394,184.361,189.294,296.325,0.0414,0.0396,0.1517,0.5562,0.00,0.00,0.00,0.00
2804.00,180.000,180.000,170.000,175.000,180.094,179.937,170.047,174.995,179.978,179.941,170.181,175.133,183.380,184.297,189.239,296.439,0.0414,0.0392,0.1515,0.5564,0.00,0.00,0.00,0.00
2805.00,180.000,180.000,170.000,175.000,180.093,179.937,170.048,174.996,179.976,179.944,170.184,175.138,183.369,184.238,189.190,296.541,0.0413,0.0389,0.1513,0.5566,0.00,0.00,0.00,0.00
2806.00,180.000,180.000,170.000,175.000,180.093,179.937,170.049,174.997,179.974,179.948,170.188,175.144,183.358,184.185,189.145,296.632,0.0413,0.0385,0.1512,0.5568,0.00,0.00,0.00,0.00
2807.00,180.000,180.000,170.000,175.000,180.092,179.937,170.050,174.998,179.972,179.951,170.191,175.150,183.347,184.138,189.105,296.714,0.0412,0.0382,0.1510,0.5570,0.00,0.00,0.00,0.00
2808.00,180.000,180.000,170.000,175.000,180.091,179.937,170.051,174.999,179.969,179.954,170.194,175.156,183.338,184.096,188.479,296.787,0.0412,0.0379,0.0804,0.5572,0.00,0.00,0.00,0.00
2809.00,180.000,180.000,170.000,175.000,180.090,179.938,170.052,175.000,179.967,179.956,170.194,175.162,183.330,184.025,187.382,296.852,0.0411,0.0377,0.0830,0.5574,0.00,0.00,0.00,0.00
2810.00,180.000,180.000,170.000,175.000,180.089,179.938,170.053,175.001,179.965,179.959,170.193,175.167,183.322,183.962,186.438,296.911,0.0411,0.0374,0.0855,0.5575,0.00,0.00,0.00,0.00
2811.00,180.000,180.000,170.000,175.000,180.089,179.938,170.053,175.002,179.962,179.962,170.190,175.173,183.314,183.905,185.616,296.964,0.0410,0.0371,0.0879,0.5577,0.00,0.00,0.00,0.00
2812.00,180.000,180.000,170.000,175.000,180.088,179.938,170.054,175.003,179.960,179.964,170.186,175.179,183.307,183.854,184.903,297.012,0.0410,0.0369,0.0901,0.5578,0.00,0.00,0.00,0.00
2813.00,180.000,180.000,170.000,175.000,180.087,179.938,170.055,175.004,179.958,179.966,170.181,175.184,183.301,183.808,184.306,297.055,0.0409,0.0367,0.0923,0.5580,0.00,0.00,0.00,0.00
2814.00,180.000,180.000,170.000,175.000,180.086,179.938,170.056,175.006,179.956,179.969,170.175,175.190,183.295,183.766,183.796,297.148,0.0408,0.0365,0.0943,0.5581,0.00,0.00,0.00,0.00
2815.00,180.000,180.000,170.000,175.000,180.085,179.939,170.057,175.007,179.953,179.971,170.168,175.195,183.290,183.728,183.366,297.231,0.0408,0.0363,0.0962,0.5582,0.00,0.00,0.00,0.00
2816.00,180.000,180.000,170.000,175.000,180.084,179.939,170.058,175.008,179.951,179.973,170.160,175.201,183.285,183.694,183.009,297.306,0.0407,0.0361,0.0980,0.5584,0.00,0.00,0.00,0.00
2817.00,180.000,180.000,170.000,175.000,180.083,179.939,170.058,175.009,179.949,179.975,170.151,175.207,183.280,183.648,182.717,297.373,0.0407,0.0359,0.0998,0.5585,0.00,0.00,0.00,0.00
2818.00,180.000,180.000,170.000,175.000,180.083,179.939,170.059,175.011,179.946,179.977,170.142,175.212,183.275,183.590,182.468,297.433,0.0406,0.0357,0.1014,0.5586,0.00,0.00,0.00,0.00
2819.00,180.000,180.000,170.000,175.000,180.082,179.940,170.059,175.012,179.944,179.979,170.133,175.218,183.271,183.538,182.274,297.487,0.0406,0.0356,0.1030,0.5587,0.00,0.00,0.00,0.00
2820.00,180.000,180.000,170.000,175.000,180.081,179.940,170.060,175.013,179.942,179.981,170.124,175.223,183.267,183.491,182.113,297.536,0.0405,0.0354,0.1045,0.5588,0.00,0.00,0.00,0.00
2821.00,180.000,180.000,170.000,175.000,180.080,179.940,170.060,175.015,179.939,179.983,170.114,175.229,183.263,183.448,181.999,297.579,0.0405,0.0353,0.1059,0.5589,0.00,0.00,0.00,0.00
2822.00,180.000,180.000,170.000,175.000,180.079,179.940,170.061,175.016,179.937,179.984,170.104,175.234,183.260,183.410,181.911,297.619,0.0404,0.0351,0.1072,0.5590,0.00,0.00,0.00,0.00
2823.00,180.000,180.000,170.000,175.000,180.078,179.941,170.061,175.018,179.935,179.986,170.094,175.239,183.256,183.375,181.846,297.654,0.0404,0.0350,0.1085,0.5591,0.00,0.00,0.00,0.00
2824.00,180.000,180.000,170.000,175.000,180.077,179.941,170.061,175.019,179.932,179.987,170.084,175.245,183.253,183.344,181.819,297.687,0.0403,0.0349,0.1097,0.5591,0.00,0.00,0.00,0.00
2825.00,180.000,180.000,170.000,175.000,180.076,179.941,170.061,175.021,179.930,179.989,170.074,175.250,183.250,183.316,181.810,297.716,0.0403,0.0347,0.1108,0.5592,0.00,0.00,0.00,0.00
2826.00,180.000,180.000,170.000,175.000,180.075,179.942,170.061,175.022,179.928,179.990,170.064,175.255,183.247,183.290,181.816,297.742,0.0402,0.0346,0.1119,0.5593,0.00,0.00,0.00,0.00
2827.00,180.000,180.000,170.000,175.000,180.074,179.942,170.061,175.024,179.926,179.991,170.054,175.260,183.244,183.267,181.837,297.767,0.0402,0.0345,0.1129,0.5594,0.00,0.00,0.00,0.00
2828.00,180.000,180.000,170.000,175.000,180.073,179.942,170.061,175.025,179.923,179.993,170.044,175.266,183.241,183.247,181.871,297.789,0.0401,0.0344,0.1139,0.5594,0.00,0.00,0.00,0.00
2829.00,180.000,180.000,170.000,175.000,180.072,179.943,170.061,175.027,179.921,179.994,170.034,175.271,183.239,183.228,181.917,297.809,0.0401,0.0343,0.1148,0.5595,0.00,0.00,0.00,0.00
2830.00,180.000,180.000,170.000,175.000,180.071,179.943,170.061,175.029,179.919,179.995,170.024,175.276,183.236,183.211,181.974,297.827,0.0400,0.0342,0.1157,0.5596,0.00,0.00,0.00,0.00
2831.00,180.000,180.000,170.000,175.000,180.070,179.943,170.061,175.030,179.916,179.996,170.015,175.281,183.202,183.196,182.041,297.844,0.0399,0.0342,0.1165,0.5596,0.00,0.00,0.00,0.00
2832.00,180.000,180.000,170.000,175.000,180.069,179.944,170.060,175.032,179.914,179.997,170.005,175.286,183.170,183.182,182.116,297.860,0.0399,0.0341,0.1173,0.5597,0.00,0.00,0.00,0.00
2833.00,180.000,180.000,170.000,175.000,180.068,179.944,170.060,175.034,179.912,179.999,169.996,175.291,183.142,183.170,182.184,297.875,0.0398,0.0340,0.1180,0.5597,0.00,0.00,0.00,0.00
2834.00,180.000,180.000,170.000,175.000,180.067,179.944,170.059,175.035,179.909,180.000,169.987,175.295,183.116,183.142,182.276,297.888,0.0398,0.0339,0.1187,0.5598,0.00,0.00,0.00,0.00
2835.00,180.000,180.000,170.000,175.000,180.066,179.945,170.059,175.037,179.907,180.001,169.978,175.300,183.092,183.102,182.359,297.901,0.0397,0.0339,0.1194,0.5598,0.00,0.00,0.00,0.00
2836.00,180.000,180.000,170.000,175.000,180.065,179.945,170.058,175.039,179.904,180.002,169.969,175.305,183.071,183.065,182.433,297.912,0.0397,0.0338,0.1200,0.5599,0.00,0.00,0.00,0.00
2837.00,180.000,180.000,170.000,175.000,180.064,179.945,170.058,175.041,179.902,180.003,169.961,175.310,183.051,183.032,182.531,297.923,0.0396,0.0337,0.1206,0.5599,0.00,0.00,0.00,0.00
2838.00,180.000,180.000,170.000,175.000,180.063,179.946,170.057,175.042,179.899,180.003,169.952,175.314,183.033,183.002,182.619,297.933,0.0396,0.0337,0.1212,0.5600,0.00,0.00,0.00,0.00
2839.00,180.000,180.000,170.000,175.000,180.062,179.946,170.056,175.044,179.896,180.004,169.944,175.319,183.016,182.975,182.698,297.943,0.0395,0.0336,0.1217,0.5600,0.00,0.00,0.00,0.00
2840.00,180.000,180.000,170.000,175.000,180.060,179.947,170.056,175.046,179.894,180.005,169.936,175.324,183.001,182.951,182.770,298.007,0.0395,0.0336,0.1222,0.5600,0.00,0.00,0.00,0.00
2841.00,180.000,180.000,170.000,175.000,180.059,179.947,170.055,175.048,179.891,180.006,169.928,175.328,182.987,182.929,182.865,298.064,0.0394,0.0335,0.1227,0.5601,0.00,0.00,0.00,0.00
2842.00,180.000,180.000,170.000,175.000,180.058,179.947,170.054,175.050,179.888,180.006,169.920,175.333,182.975,182.909,182.951,298.115,0.0394,0.0335,0.1231,0.5601,0.00,0.00,0.00,0.00
2843.00,180.000,180.000,170.000,175.000,180.057,179.948,170.053,175.052,179.886,180.007,169.913,175.335,182.963,182.891,183.028,293.468,0.0393,0.0334,0.1235,0.3914,0.00,0.00,0.00,0.00
2844.00,180.000,180.000,170.000,175.000,180.056,179.948,170.052,175.054,179.883,180.007,169.905,175.330,182.952,182.874,183.097,289.503,0.0393,0.0334,0.1240,0.3974,0.00,0.00,0.00,0.00
2845.00,180.000,180.000,170.000,175.000,180.055,179.949,170.051,175.055,179.880,180.008,169.898,175.322,182.942,182.859,183.176,286.143,0.0392,0.0334,0.1243,0.4030,0.00,0.00,0.00,0.00
2846.00,180.000,180.000,170.000,175.000,180.054,179.949,170.050,175.057,179.878,180.008,169.891,175.310,182.933,182.846,183.262,283.319,0.0392,0.0333,0.1247,0.4084,0.00,0.00,0.00,0.00
2847.00,180.000,180.000,170.000,175.000,180.052,179.949,170.049,175.059,179.875,180.009,169.886,175.294,182.924,182.833,184.478,280.945,0.0391,0.0333,0.1949,0.4135,0.00,0.00,0.00,0.00
2848.00,180.000,180.000,170.000,175.000,180.051,179.950,170.048,175.060,179.872,180.009,169.882,175.277,182.917,182.822,185.546,278.967,0.0390,0.0333,0.1925,0.4184,0.00,0.00,0.00,0.00
2849.00,180.000,180.000,170.000,175.000,180.050,179.950,170.047,175.062,179.869,180.010,169.881,175.258,182.909,182.535,186.480,277.317,0.0390,0.0000,0.1902,0.4230,0.00,0.00,0.00,0.00
2850.00,180.000,180.000,170.000,175.000,180.049,179.951,170.046,175.063,179.868,180.009,169.881,175.238,184.036,182.010,187.278,275.983,0.1084,0.0000,0.1880,0.4274,0.00,0.00,0.00,0.00
2851.00,180.000,180.000,170.000,175.000,180.048,179.951,170.045,175.064,179.869,180.007,169.882,175.217,185.024,181.536,187.967,274.931,0.1052,0.0000,0.1859,0.4316,0.00,0.00,0.00,0.00
2852.00,180.000,180.000,170.000,175.000,180.046,179.951,170.044,175.065,179.871,180.005,169.885,175.196,185.855,181.106,188.560,274.102,0.1021,0.0000,0.1840,0.4356,0.00,0.00,0.00,0.00
2853.00,180.000,180.000,170.000,175.000,180.045,179.952,170.043,175.066,179.875,180.001,169.889,175.174,186.559,180.717,189.064,273.471,0.0992,0.0000,0.1821,0.4394,0.00,0.00,0.00,0.00
2854.00,180.000,180.000,170.000,175.000,180.044,179.952,170.042,175.067,179.880,179.997,169.893,175.153,187.148,180.364,189.488,273.016,0.0965,0.0000,0.1804,0.4430,0.00,0.00,0.00,0.00
2855.00,180.000,180.000,170.000,175.000,180.043,179.952,170.041,175.067,179.886,179.993,169.898,175.132,187.649,180.044,189.856,272.664,0.0940,0.0000,0.1787,0.4464,0.00,0.00,0.00,0.00
2856.00,180.000,180.000,170.000,175.000,180.042,179.953,170.040,175.068,179.893,179.988,169.904,175.111,188.056,179.755,190.158,272.458,0.0916,0.0000,0.1771,0.4497,0.00,0.00,0.00,0.00
2857.00,180.000,180.000,170.000,175.000,180.041,179.953,170.039,175.068,179.900,179.982,169.910,175.091,188.393,179.492,190.416,272.353,0.0894,0.0000,0.1756,0.4527,0.00,0.00,0.00,0.00
2858.00,180.000,180.000,170.000,175.000,180.040,179.953,170.038,175.068,179.908,179.976,169.917,175.071,188.667,179.254,190.617,272.340,0.0873,0.0000,0.1741,0.4557,0.00,0.00,0.00,0.00
2859.00,180.000,180.000,170.000,175.000,180.039,179.953,170.037,175.068,179.916,179.969,169.924,175.052,188.883,179.038,190.784,272.408,0.0853,0.0000,0.1728,0.4585,0.00,0.00,0.00,0.00
2860.00,180.000,180.000,170.000,175.000,180.039,179.953,170.036,175.068,179.925,179.962,169.931,175.034,189.048,178.842,190.904,272.548,0.0835,0.0000,0.1715,0.4611,0.00,0.00,0.00,0.00
2861.00,180.000,180.000,170.000,175.000,180.038,179.953,170.036,175.068,179.934,179.955,169.939,175.017,189.166,178.664,190.997,272.725,0.0817,0.0000,0.1702,0.4636,0.00,0.00,0.00,0.00
2862.00,180.000,180.000,170.000,175.000,180.037,179.953,170.035,175.067,179.943,179.948,169.946,175.001,189.241,178.519,191.065,272.962,0.0801,0.0008,0.1691,0.4660,0.00,0.00,0.00,0.00
2863.00,180.000,180.000,170.000,175.000,180.036,179.953,170.034,175.067,179.952,179.940,169.954,174.986,189.294,178.402,191.112,273.225,0.0786,0.0021,0.1680,0.4683,0.00,0.00,0.00,0.00
2864.00,180.000,180.000,170.000,175.000,180.036,179.953,170.034,175.066,179.961,179.932,169.961,174.971,189.311,178.327,191.123,273.512,0.0771,0.0033,0.1669,0.4704,0.00,0.00,0.00,0.00
2865.00,180.000,180.000,170.000,175.000,180.035,179.953,170.033,175.066,179.971,179.924,169.969,174.958,189.311,178.259,191.134,273.821,0.0758,0.0045,0.1659,0.4725,0.00,0.00,0.00,0.00
2866.00,180.000,180.000,170.000,175.000,180.035,179.953,170.033,175.065,179.980,179.916,169.977,174.945,189.280,178.229,191.112,274.148,0.0745,0.0056,0.1649,0.4744,0.00,0.00,0.00,0.00
2867.00,180.000,180.000,170.000,175.000,180.035,179.952,170.033,175.064,179.989,179.908,169.984,174.933,189.236,178.217,191.093,274.492,0.0733,0.0067,0.1640,0.4762,0.00,0.00,0.00,0.00
2868.00,180.000,180.000,170.000,175.000,180.034,179.952,170.032,175.063,179.998,179.900,169.992,174.922,189.182,178.221,191.045,274.851,0.0722,0.0076,0.1632,0.4780,0.00,0.00,0.00,0.00
2869.00,180.000,180.000,170.000,175.000,180.034,179.952,170.032,175.062,180.006,179.892,169.999,174.912,189.118,178.240,191.002,275.223,0.0711,0.0086,0.1624,0.4796,0.00,0.00,0.00,0.00
2870.00,180.000,180.000,170.000,175.000,180.034,179.951,170.032,175.061,180.015,179.884,170.006,174.902,189.044,178.273,190.947,275.608,0.0701,0.0095,0.1616,0.4812,0.00,0.00,0.00,0.00
2871.00,180.000,180.000,170.000,175.000,180.034,179.951,170.032,175.060,180.024,179.877,170.013,174.894,188.962,178.301,190.882,275.976,0.0692,0.0103,0.1609,0.4827,0.00,0.00,0.00,0.00
2872.00,180.000,180.000,170.000,175.000,180.034,179.950,170.032,175.059,180.032,179.869,170.020,174.886,188.873,178.359,190.824,276.330,0.0683,0.0111,0.1602,0.4841,0.00,0.00,0.00,0.00
2873.00,180.000,180.000,170.000,175.000,180.034,179.950,170.032,175.058,180.040,179.861,170.027,174.879,188.777,178.410,190.755,276.698,0.0675,0.0706,0.1595,0.4854,0.00,0.00,0.00,0.00
2874.00,180.000,180.000,170.000,175.000,180.034,179.949,170.032,175.057,180.048,179.855,170.034,174.872,188.675,179.396,190.679,277.052,0.0667,0.0686,0.1589,0.4867,0.00,0.00,0.00,0.00
2875.00,180.000,180.000,170.000,175.000,180.034,179.949,170.032,175.055,180.056,179.851,170.041,174.866,188.583,180.256,190.610,277.393,0.0660,0.0667,0.1583,0.4879,0.00,0.00,0.00,0.00
2876.00,180.000,180.000,170.000,175.000,180.034,179.948,170.032,175.054,180.063,179.848,170.047,174.861,188.469,181.002,190.531,277.750,0.0653,0.0649,0.1577,0.4891,0.00,0.00,0.00,0.00
2877.00,180.000,180.000,170.000,175.000,180.034,179.947,170.032,175.053,180.071,179.846,170.054,174.856,188.366,181.645,190.445,278.067,0.0647,0.0631,0.1572,0.4901,0.00,0.00,0.00,0.00
2878.00,180.000,180.000,170.000,175.000,180.035,179.947,170.032,175.051,180.078,179.845,170.060,174.852,188.274,182.211,190.368,278.402,0.0641,0.0615,0.1566,0.4912,0.00,0.00,0.00,0.00
2879.00,180.000,180.000,170.000,175.000,180.035,179.946,170.032,175.050,180.085,179.845,170.066,174.849,188.174,182.692,190.299,278.700,0.0635,0.0600,0.1562,0.4921,0.00,0.00,0.00,0.00
2880.00,180.000,180.000,170.000,175.000,180.035,179.945,170.032,175.049,180.091,179.847,170.072,174.849,188.069,183.095,190.220,283.688,0.0630,0.0585,0.1557,0.6618,0.00,0.00,0.00,0.00
2881.00,180.000,180.000,170.000,175.000,180.036,179.945,170.033,175.047,180.098,179.848,170.077,174.855,187.975,183.444,190.134,287.983,0.0625,0.0571,0.1553,0.6567,0.00,0.00,0.00,0.00
2882.00,180.000,180.000,170.000,175.000,180.036,179.944,170.033,175.046,180.104,179.851,170.083,174.865,187.890,183.744,190.056,291.663,0.0620,0.0558,0.1548,0.6519,0.00,0.00,0.00,0.00
2883.00,180.000,180.000,170.000,175.000,180.037,179.943,170.033,175.045,180.110,179.853,170.088,174.880,187.797,183.984,189.986,294.823,0.0616,0.0546,0.1544,0.6473,0.00,0.00,0.00,0.00
2884.00,180.000,180.000,170.000,175.000,180.037,179.943,170.034,175.044,180.116,179.857,170.093,174.899,187.698,184.185,189.924,297.466,0.0612,0.0534,0.1541,0.6429,0.00,0.00,0.00,0.00
2885.00,180.000,180.000,170.000,175.000,180.038,179.942,170.034,175.043,180.122,179.860,170.099,174.919,187.609,184.352,189.851,299.705,0.0608,0.0523,0.1537,0.6388,0.00,0.00,0.00,0.00
2886.00,180.000,180.000,170.000,175.000,180.038,179.942,170.035,175.042,180.128,179.864,170.103,174.942,187.529,184.487,189.770,301.584,0.0604,0.0513,0.1534,0.6348,0.00,0.00,0.00,0.00
2887.00,180.000,180.000,170.000,175.000,180.039,179.941,170.035,175.042,180.133,179.868,170.108,174.966,187.457,184.594,189.697,303.145,0.0601,0.0503,0.1530,0.6310,0.00,0.00,0.00,0.00
2888.00,180.000,180.000,170.000,175.000,180.039,179.941,170.035,175.041,180.139,179.872,170.113,174.992,187.376,184.674,189.632,304.452,0.0598,0.0493,0.1527,0.6274,0.00,0.00,0.00,0.00
2889.00,180.000,180.000,170.000,175.000,180.040,179.940,170.036,175.041,180.144,179.876,170.118,175.018,187.287,184.733,189.573,305.531,0.0595,0.0484,0.1524,0.6240,0.00,0.00,0.00,0.00
2890.00,180.000,180.000,170.000,175.000,180.041,179.940,170.037,175.041,180.149,179.881,170.122,175.044,187.207,184.769,189.520,306.381,0.0592,0.0476,0.1522,0.6208,0.00,0.00,0.00,0.00
2891.00,180.000,180.000,170.000,175.000,180.041,179.939,170.037,175.041,180.154,179.885,170.126,175.071,187.136,184.787,189.472,307.057,0.0589,0.0468,0.1519,0.6177,0.00,0.00,0.00,0.00
2892.00,180.000,180.000,170.000,175.000,180.042,179.939,170.038,175.041,180.159,179.890,170.131,175.097,187.071,184.804,189.398,307.576,0.0587,0.0460,0.1517,0.6147,0.00,0.00,0.00,0.00
2893.00,180.000,180.000,170.000,175.000,180.043,179.939,170.038,175.041,180.163,179.894,170.135,175.123,187.013,184.803,189.330,307.959,0.0584,0.0453,0.1514,0.6119,0.00,0.00,0.00,0.00
2894.00,180.000,180.000,170.000,175.000,180.044,179.938,170.039,175.042,180.168,179.898,170.139,175.149,186.961,184.787,189.270,308.217,0.0582,0.0446,0.1512,0.6093,0.00,0.00,0.00,0.00
2895.00,180.000,180.000,170.000,175.000,180.045,179.938,170.040,175.043,180.172,179.903,170.143,175.174,186.914,184.774,189.216,308.395,0.0580,0.0440,0.1510,0.6067,0.00,0.00,0.00,0.00
2896.00,180.000,180.000,170.000,175.000,180.045,179.938,170.040,175.044,180.176,179.907,170.146,175.199,186.840,184.730,189.167,308.473,0.0578,0.0434,0.1508,0.6043,0.00,0.00,0.00,0.00
2897.00,180.000,180.000,170.000,175.000,180.046,179.938,170.041,175.045,180.180,179.911,170.150,175.223,186.773,184.690,189.123,308.491,0.0576,0.0428,0.1506,0.6020,0.00,0.00,0.00,0.00
2898.00,180.000,180.000,170.000,175.000,180.047,179.938,170.042,175.046,180.184,179.915,170.154,175.246,186.713,184.655,189.083,308.454,0.0574,0.0423,0.1504,0.5998,0.00,0.00,0.00,0.00
2899.00,180.000,180.000,170.000,175.000,180.048,179.937,170.043,175.047,180.188,179.919,170.157,175.268,186.659,184.623,189.048,308.368,0.0573,0.0418,0.1502,0.5977,0.00,0.00,0.00,0.00
2900.00,180.000,180.000,170.000,175.000,180.049,179.937,170.043,175.049,180.192,179.923,170.161,175.290,186.611,184.563,189.016,308.241,0.0571,0.0413,0.1501,0.5957,0.00,0.00,0.00,0.00
2901.00,180.000,180.000,170.000,175.000,180.050,179.937,170.044,175.050,180.196,179.927,170.164,175.310,186.567,184.510,188.972,305.639,0.0000,0.0408,0.1499,0.4220,0.00,0.00,0.00,0.00
2902.00,180.000,180.000,170.000,175.000,180.051,179.937,170.045,175.052,180.198,179.931,170.167,175.324,185.603,184.461,188.916,301.121,0.0000,0.0404,0.1498,0.4263,0.00,0.00,0.00,0.00
2903.00,180.000,180.000,170.000,175.000,180.052,179.937,170.046,175.054,180.199,179.934,170.170,175.332,184.731,184.418,188.865,297.220,0.0000,0.0400,0.1496,0.4304,0.00,0.00,0.00,0.00
2904.00,180.000,180.000,170.000,175.000,180.053,179.937,170.047,175.056,180.198,179.938,170.173,175.335,183.942,184.347,188.820,293.866,0.0000,0.0396,0.1495,0.4343,0.00,0.00,0.00,0.00
2905.00,180.000,180.000,170.000,175.000,180.054,179.937,170.047,175.058,180.196,179.941,170.176,175.335,183.228,184.283,188.779,290.995,0.0000,0.0392,0.1494,0.4379,0.00,0.00,0.00,0.00
2906.00,180.000,180.000,170.000,175.000,180.055,179.937,170.048,175.060,180.192,179.945,170.179,175.331,182.581,184.226,188.743,288.554,0.0007,0.0389,0.1492,0.4414,0.00,0.00,0.00,0.00
2907.00,180.000,180.000,170.000,175.000,180.056,179.937,170.049,175.061,180.188,179.948,170.182,175.324,182.027,184.174,188.710,286.466,0.0030,0.0385,0.1491,0.4447,0.00,0.00,0.00,0.00
2908.00,180.000,180.000,170.000,175.000,180.057,179.937,170.050,175.063,180.182,179.951,170.185,175.315,181.574,184.127,188.681,284.692,0.0052,0.0382,0.0770,0.4479,0.00,0.00,0.00,0.00
2909.00,180.000,180.000,170.000,175.000,180.058,179.937,170.051,175.065,180.176,179.954,170.186,175.305,181.195,184.086,187.518,283.224,0.0073,0.0379,0.0798,0.4509,0.00,0.00,0.00,0.00
2910.00,180.000,180.000,170.000,175.000,180.058,179.938,170.052,175.066,180.169,179.957,170.186,175.293,180.883,184.016,186.498,281.972,0.0092,0.0376,0.0824,0.4537,0.00,0.00,0.00,0.00
2911.00,180.000,180.000,170.000,175.000,180.059,179.938,170.053,175.068,180.162,179.959,170.183,175.280,180.632,183.954,185.622,280.939,0.0110,0.0374,0.0848,0.4564,0.00,0.00,0.00,0.00
2912.00,180.000,180.000,170.000,175.000,180.060,179.938,170.054,175.069,180.154,179.962,170.179,175.267,180.420,183.897,184.878,280.103,0.0127,0.0371,0.0872,0.4590,0.00,0.00,0.00,0.00
2913.00,180.000,180.000,170.000,175.000,180.060,179.938,170.054,175.071,180.146,179.964,170.174,175.253,180.259,183.847,184.236,279.412,0.0143,0.0369,0.0894,0.4615,0.00,0.00,0.00,0.00
2914.00,180.000,180.000,170.000,175.000,180.061,179.938,170.055,175.072,180.138,179.967,170.168,175.239,180.144,183.801,183.686,278.851,0.0158,0.0367,0.0915,0.4638,0.00,0.00,0.00,0.00
2915.00,180.000,180.000,170.000,175.000,180.061,179.938,170.056,175.073,180.129,179.969,170.161,175.226,180.056,183.760,183.221,278.432,0.0172,0.0365,0.0935,0.4660,0.00,0.00,0.00,0.00
2916.00,180.000,180.000,170.000,175.000,180.062,179.939,170.057,175.074,180.121,179.972,170.153,175.212,179.991,183.723,182.830,278.113,0.0185,0.0363,0.0954,0.4681,0.00,0.00,0.00,0.00
2917.00,180.000,180.000,170.000,175.000,180.062,179.939,170.057,175.075,180.112,179.974,170.144,175.198,179.964,183.689,182.508,277.882,0.0197,0.0361,0.0972,0.4700,0.00,0.00,0.00,0.00
2918.00,180.000,180.000,170.000,175.000,180.062,179.939,170.058,175.076,180.104,179.976,170.135,175.185,179.954,183.643,182.248,277.730,0.0209,0.0359,0.0989,0.4719,0.00,0.00,0.00,0.00
2919.00,180.000,180.000,170.000,175.000,180.063,179.939,170.058,175.076,180.095,179.978,170.126,175.172,179.960,183.585,182.028,277.648,0.0220,0.0357,0.1005,0.4737,0.00,0.00,0.00,0.00
2920.00,180.000,180.000,170.000,175.000,180.063,179.940,170.059,175.077,180.087,179.980,170.116,175.160,179.981,183.534,181.859,277.628,0.0230,0.0355,0.1021,0.4754,0.00,0.00,0.00,0.00
2921.00,180.000,180.000,170.000,175.000,180.063,179.940,170.059,175.077,180.078,179.982,170.106,175.148,180.015,183.487,181.738,277.637,0.0239,0.0354,0.1035,0.4770,0.00,0.00,0.00,0.00
2922.00,180.000,180.000,170.000,175.000,180.063,179.940,170.059,175.078,180.070,179.983,170.096,175.136,180.062,183.445,181.644,277.699,0.0248,0.0352,0.1049,0.4785,0.00,0.00,0.00,0.00
2923.00,180.000,180.000,170.000,175.000,180.063,179.940,170.060,175.078,180.062,179.985,170.085,175.125,180.118,183.407,181.573,277.779,0.0256,0.0351,0.1062,0.4800,0.00,0.00,0.00,0.00
2924.00,180.000,180.000,170.000,175.000,180.063,179.941,170.060,175.078,180.054,179.987,170.075,175.115,180.185,183.372,181.540,277.903,0.0264,0.0350,0.1075,0.4813,0.00,0.00,0.00,0.00
2925.00,180.000,180.000,170.000,175.000,180.063,179.941,170.060,175.079,180.046,179.988,170.065,175.105,180.261,183.341,181.526,278.041,0.0271,0.0349,0.1086,0.4826,0.00,0.00,0.00,0.00
2926.00,180.000,180.000,170.000,175.000,180.063,179.941,170.060,175.079,180.038,179.990,170.054,175.096,180.328,183.313,181.528,278.189,0.0278,0.0347,0.1097,0.4839,0.00,0.00,0.00,0.00
2927.00,180.000,180.000,170.000,175.000,180.063,179.942,170.060,175.079,180.030,179.991,170.044,175.087,180.405,183.288,181.545,278.374,0.0285,0.0346,0.1108,0.4850,0.00,0.00,0.00,0.00
2928.00,180.000,180.000,170.000,175.000,180.063,179.942,170.060,175.079,180.023,179.993,170.034,175.079,180.489,183.265,181.576,278.538,0.0290,0.0345,0.1118,0.4861,0.00,0.00,0.00,0.00
2929.00,180.000,180.000,170.000,175.000,180.062,179.942,170.059,175.079,180.015,179.994,170.024,175.072,180.565,183.245,181.619,278.737,0.0296,0.0344,0.1128,0.4872,0.00,0.00,0.00,0.00
2930.00,180.000,180.000,170.000,175.000,180.062,179.943,170.059,175.079,180.008,179.995,170.013,175.064,180.633,183.226,181.672,278.913,0.0301,0.0343,0.1137,0.4882,0.00,0.00,0.00,0.00
2931.00,180.000,180.000,170.000,175.000,180.062,179.943,170.059,175.079,180.001,179.997,170.004,175.058,180.726,183.210,181.736,279.124,0.0306,0.0342,0.1145,0.4891,0.00,0.00,0.00,0.00
2932.00,180.000,180.000,170.000,175.000,180.061,179.943,170.059,175.079,179.994,179.998,169.994,175.052,180.809,183.195,181.809,279.311,0.0310,0.0342,0.1153,0.4900,0.00,0.00,0.00,0.00
2933.00,180.000,180.000,170.000,175.000,180.061,179.944,170.058,175.078,179.988,179.999,169.984,175.046,180.884,183.181,181.874,279.530,0.0315,0.0341,0.1161,0.4908,0.00,0.00,0.00,0.00
2934.00,180.000,180.000,170.000,175.000,180.060,179.944,170.058,175.078,179.981,180.000,169.975,175.041,180.951,183.169,181.964,279.725,0.0319,0.0340,0.1168,0.4916,0.00,0.00,0.00,0.00
2935.00,180.000,180.000,170.000,175.000,180.060,179.944,170.057,175.078,179.975,180.002,169.966,175.037,181.028,183.141,182.045,279.926,0.0322,0.0339,0.1175,0.4924,0.00,0.00,0.00,0.00
2936.00,180.000,180.000,170.000,175.000,180.059,179.945,170.056,175.078,179.969,180.003,169.956,175.032,181.112,183.101,182.117,280.130,0.0326,0.0339,0.1182,0.4931,0.00,0.00,0.00,0.00
2937.00,180.000,180.000,170.000,175.000,180.059,179.945,170.056,175.077,179.963,180.004,169.948,175.028,181.188,183.065,182.214,280.311,0.0329,0.0338,0.1188,0.4937,0.00,0.00,0.00,0.00
2938.00,180.000,180.000,170.000,175.000,180.058,179.946,170.055,175.077,179.957,180.005,169.939,175.025,181.256,183.032,182.301,280.500,0.0332,0.0337,0.1194,0.4944,0.00,0.00,0.00,0.00
2939.00,180.000,180.000,170.000,175.000,180.057,179.946,170.054,175.077,179.951,180.006,169.930,175.022,181.317,183.002,182.379,280.694,0.0334,0.0337,0.1199,0.4950,0.00,0.00,0.00,0.00
2940.00,180.000,180.000,170.000,175.000,180.056,179.946,170.053,175.076,179.945,180.006,169.922,175.019,181.372,182.975,182.465,280.866,0.0337,0.0336,0.1205,0.4955,0.00,0.00,0.00,0.00
2941.00,180.000,180.000,170.000,175.000,180.056,179.947,170.052,175.076,179.940,180.007,169.914,175.017,181.422,182.951,182.558,281.018,0.0339,0.0336,0.1210,0.4960,0.00,0.00,0.00,0.00
2942.00,180.000,180.000,170.000,175.000,180.055,179.947,170.052,175.076,179.934,180.008,169.906,175.014,181.482,182.928,182.641,281.208,0.0341,0.0335,0.1214,0.4965,0.00,0.00,0.00,0.00
2943.00,180.000,180.000,170.000,175.000,180.054,179.948,170.051,175.075,179.929,180.009,169.898,175.013,181.552,182.908,182.716,281.377,0.0343,0.0335,0.1219,0.4970,0.00,0.00,0.00,0.00
2944.00,180.000,180.000,170.000,175.000,180.053,179.948,170.050,175.075,179.924,180.010,169.891,175.011,181.615,182.890,183.391,281.526,0.0345,0.0334,0.1936,0.4974,0.00,0.00,0.00,0.00
2945.00,180.000,180.000,170.000,175.000,180.052,179.948,170.048,175.074,179.919,180.010,169.886,175.010,181.671,182.874,184.549,281.659,0.0347,0.0334,0.1912,0.4979,0.00,0.00,0.00,0.00
2946.00,180.000,180.000,170.000,175.000,180.052,179.949,170.047,175.074,179.914,180.011,169.883,175.008,181.722,182.859,185.547,281.805,0.0348,0.0334,0.1889,0.4982,0.00,0.00,0.00,0.00
2947.00,180.000,180.000,170.000,175.000,180.051,179.949,170.046,175.073,179.909,180.011,169.881,175.008,181.767,182.846,186.418,281.961,0.0350,0.0333,0.1867,0.4986,0.00,0.00,0.00,0.00
2948.00,180.000,180.000,170.000,175.000,180.050,179.950,170.045,175.073,179.905,180.012,169.881,175.007,182.397,182.834,187.174,282.100,0.1063,0.0333,0.1846,0.4989,0.00,0.00,0.00,0.00
2949.00,180.000,180.000,170.000,175.000,180.049,179.950,170.044,175.073,179.903,180.012,169.883,175.006,183.511,182.545,187.827,282.223,0.1031,0.0000,0.1827,0.4993,0.00,0.00,0.00,0.00
2950.00,180.000,180.000,170.000,175.000,180.048,179.951,170.043,175.072,179.903,180.012,169.885,175.006,184.456,182.020,188.385,282.333,0.1001,0.0000,0.1808,0.4996,0.00,0.00,0.00,0.00
2951.00,180.000,180.000,170.000,175.000,180.047,179.951,170.042,175.072,179.904,180.010,169.889,175.006,185.263,181.544,188.859,282.430,0.0973,0.0000,0.1791,0.4998,0.00,0.00,0.00,0.00
2952.00,180.000,180.000,170.000,175.000,180.046,179.951,170.041,175.071,179.907,180.008,169.893,175.006,185.945,181.114,189.272,282.545,0.0947,0.0000,0.1774,0.5001,0.00,0.00,0.00,0.00
2953.00,180.000,180.000,170.000,175.000,180.045,179.952,170.040,175.071,179.911,180.005,169.898,175.006,186.530,180.724,189.614,282.673,0.0922,0.0000,0.1758,0.5003,0.00,0.00,0.00,0.00
2954.00,180.000,180.000,170.000,175.000,180.044,179.952,170.039,175.070,179.916,180.001,169.903,175.006,187.029,180.371,189.892,282.787,0.0898,0.0000,0.1743,0.5005,0.00,0.00,0.00,0.00
2955.00,180.000,180.000,170.000,175.000,180.043,179.952,170.038,175.070,179.921,179.996,169.909,175.006,187.433,180.051,190.128,282.888,0.0877,0.0000,0.1728,0.5008,0.00,0.00,0.00,0.00
2956.00,180.000,180.000,170.000,175.000,180.042,179.953,170.037,175.070,179.928,179.991,169.916,175.007,187.767,179.761,190.327,282.978,0.0856,0.0000,0.1715,0.5009,0.00,0.00,0.00,0.00
2957.00,180.000,180.000,170.000,175.000,180.042,179.953,170.037,175.069,179.934,179.986,169.922,175.007,188.038,179.498,190.474,283.059,0.0837,0.0000,0.1702,0.5011,0.00,0.00,0.00,0.00
2958.00,180.000,180.000,170.000,175.000,180.041,179.953,170.036,175.069,179.942,179.980,169.929,175.008,188.252,179.260,190.593,283.130,0.0819,0.0000,0.1690,0.5013,0.00,0.00,0.00,0.00
2959.00,180.000,180.000,170.000,175.000,180.040,179.953,170.035,175.068,179.949,179.973,169.936,175.009,188.414,179.043,190.684,283.194,0.0802,0.0000,0.1678,0.5014,0.00,0.00,0.00,0.00
2960.00,180.000,180.000,170.000,175.000,180.040,179.953,170.034,175.068,179.957,179.967,169.943,175.010,188.546,178.847,190.736,283.250,0.0786,0.0000,0.1667,0.5016,0.00,0.00,0.00,0.00
2961.00,180.000,180.000,170.000,175.000,180.039,179.953,170.034,175.068,179.965,179.960,169.951,175.010,188.633,178.669,190.783,283.301,0.0771,0.0000,0.1656,0.5017,0.00,0.00,0.00,0.00
2962.00,180.000,180.000,170.000,175.000,180.039,179.953,170.033,175.067,179.973,179.952,169.958,175.011,188.697,178.523,190.795,283.346,0.0757,0.0008,0.1646,0.5018,0.00,0.00,0.00,0.00
2963.00,180.000,180.000,170.000,175.000,180.038,179.953,170.033,175.067,179.981,179.945,169.965,175.012,188.724,178.406,190.806,283.386,0.0743,0.0021,0.1637,0.5019,0.00,0.00,0.00,0.00
2964.00,180.000,180.000,170.000,175.000,180.038,179.953,170.032,175.066,179.990,179.937,169.972,175.013,188.733,178.332,190.784,283.421,0.0731,0.0033,0.1628,0.5020,0.00,0.00,0.00,0.00
2965.00,180.000,180.000,170.000,175.000,180.038,179.953,170.032,175.066,179.998,179.929,169.979,175.014,188.726,178.263,190.766,283.508,0.0719,0.0045,0.1619,0.5021,0.00,0.00,0.00,0.00
2966.00,180.000,180.000,170.000,175.000,180.037,179.953,170.032,175.066,180.006,179.921,169.987,175.015,188.689,178.233,190.717,283.585,0.0708,0.0056,0.1611,0.5021,0.00,0.00,0.00,0.00
2967.00,180.000,180.000,170.000,175.000,180.037,179.953,170.031,175.065,180.014,179.913,169.994,175.016,188.656,178.221,190.674,283.653,0.0698,0.0067,0.1603,0.5022,0.00,0.00,0.00,0.00
2968.00,180.000,180.000,170.000,175.000,180.037,179.953,170.031,175.065,180.022,179.905,170.000,175.018,188.594,178.225,190.619,283.714,0.0688,0.0077,0.1596,0.5022,0.00,0.00,0.00,0.00
2969.00,180.000,180.000,170.000,175.000,180.037,179.952,170.031,175.065,180.030,179.898,170.007,175.019,188.540,178.244,190.554,283.769,0.0679,0.0086,0.1589,0.5023,0.00,0.00,0.00,0.00
2970.00,180.000,180.000,170.000,175.000,180.037,179.952,170.031,175.064,180.037,179.890,170.014,175.020,188.459,178.277,190.496,283.817,0.0670,0.0095,0.1582,0.5023,0.00,0.00,0.00,0.00
2971.00,180.000,180.000,170.000,175.000,180.037,179.951,170.031,175.064,180.045,179.882,170.020,175.022,188.386,178.305,190.428,283.861,0.0662,0.0103,0.1576,0.5024,0.00,0.00,0.00,0.00
2972.00,180.000,180.000,170.000,175.000,180.037,179.951,170.031,175.064,180.052,179.875,170.027,175.023,188.305,178.362,190.351,283.899,0.0655,0.0111,0.1570,0.5024,0.00,0.00,0.00,0.00
2973.00,180.000,180.000,170.000,175.000,180.037,179.950,170.031,175.064,180.059,179.867,170.033,175.025,188.216,178.413,190.281,283.934,0.0648,0.0119,0.1564,0.5024,0.00,0.00,0.00,0.00
2974.00,180.000,180.000,170.000,175.000,180.037,179.950,170.031,175.063,180.066,179.860,170.039,175.026,188.137,178.475,190.219,283.965,0.0641,0.0713,0.1559,0.5024,0.00,0.00,0.00,0.00
2975.00,180.000,180.000,170.000,175.000,180.037,179.949,170.031,175.063,180.073,179.854,170.045,175.028,188.049,179.471,190.132,283.992,0.0635,0.0693,0.1554,0.5024,0.00,0.00,0.00,0.00
2976.00,180.000,180.000,170.000,175.000,180.038,179.949,170.031,175.063,180.080,179.850,170.051,175.029,187.955,180.340,190.053,284.017,0.0629,0.0673,0.1549,0.5024,0.00,0.00,0.00,0.00
2977.00,180.000,180.000,170.000,175.000,180.038,179.948,170.031,175.063,180.086,179.847,170.057,175.031,187.870,181.095,189.982,284.040,0.0623,0.0655,0.1544,0.5024,0.00,0.00,0.00,0.00
2978.00,180.000,180.000,170.000,175.000,180.038,179.947,170.031,175.062,180.092,179.845,170.062,175.032,187.793,181.745,189.918,284.060,0.0618,0.0637,0.1540,0.5024,0.00,0.00,0.00,0.00
2979.00,180.000,180.000,170.000,175.000,180.039,179.947,170.031,175.062,180.098,179.845,170.067,175.034,187.693,182.302,189.829,284.078,0.0613,0.0621,0.1536,0.5024,0.00,0.00,0.00,0.00
2980.00,180.000,180.000,170.000,175.000,180.039,179.946,170.032,175.062,180.104,179.846,170.073,175.036,187.602,182.789,189.749,284.094,0.0609,0.0605,0.1532,0.5023,0.00,0.00,0.00,0.00
2981.00,180.000,180.000,170.000,175.000,180.040,179.945,170.032,175.062,180.110,179.847,170.078,175.037,187.521,183.198,189.677,284.108,0.0604,0.0590,0.1528,0.5023,0.00,0.00,0.00,0.00
2982.00,180.000,180.000,170.000,175.000,180.040,179.945,170.032,175.062,180.116,179.849,170.083,175.039,187.448,183.553,189.612,284.122,0.0600,0.0576,0.1524,0.5023,0.00,0.00,0.00,0.00
2983.00,180.000,180.000,170.000,175.000,180.041,179.944,170.033,175.062,180.121,179.852,170.087,175.041,187.366,183.843,189.554,284.134,0.0597,0.0563,0.1521,0.5022,0.00,0.00,0.00,0.00
2984.00,180.000,180.000,170.000,175.000,180.041,179.943,170.033,175.061,180.126,179.855,170.092,175.042,187.276,184.089,189.485,284.144,0.0593,0.0550,0.1518,0.5022,0.00,0.00,0.00,0.00
2985.00,180.000,180.000,170.000,175.000,180.042,179.943,170.033,175.061,180.132,179.858,170.096,175.044,187.196,184.297,189.407,284.154,0.0590,0.0538,0.1515,0.5021,0.00,0.00,0.00,0.00
2986.00,180.000,180.000,170.000,175.000,180.042,179.942,170.034,175.061,180.137,179.862,170.101,175.045,187.123,184.453,189.338,284.163,0.0587,0.0527,0.1512,0.5021,0.00,0.00,0.00,0.00
2987.00,180.000,180.000,170.000,175.000,180.043,179.942,170.034,175.061,180.141,179.866,170.105,175.047,187.058,184.594,189.275,284.171,0.0584,0.0516,0.1509,0.5021,0.00,0.00,0.00,0.00
2988.00,180.000,180.000,170.000,175.000,180.044,179.941,170.035,175.061,180.146,179.871,170.109,175.049,187.000,184.691,189.219,284.179,0.0581,0.0506,0.1506,0.5020,0.00,0.00,0.00,0.00
2989.00,180.000,180.000,170.000,175.000,180.044,179.941,170.035,175.061,180.151,179.875,170.113,175.050,186.931,184.779,189.168,284.131,0.0578,0.0496,0.1504,0.5019,0.00,0.00,0.00,0.00
2990.00,180.000,180.000,170.000,175.000,180.045,179.940,170.036,175.061,180.155,179.880,170.117,175.052,186.853,184.828,189.122,284.089,0.0576,0.0487,0.1502,0.5019,0.00,0.00,0.00,0.00
2991.00,180.000,180.000,170.000,175.000,180.046,179.940,170.036,175.061,180.159,179.885,170.121,175.053,186.783,184.872,189.082,284.052,0.0573,0.0479,0.1499,0.5018,0.00,0.00,0.00,0.00
2992.00,180.000,180.000,170.000,175.000,180.046,179.940,170.037,175.061,180.164,179.889,170.125,175.055,186.720,184.880,189.013,284.020,0.0571,0.0471,0.1497,0.5017,0.00,0.00,0.00,0.00
2993.00,180.000,180.000,170.000,175.000,180.047,179.939,170.037,175.061,180.168,179.894,170.128,175.056,186.664,184.888,188.951,283.991,0.0569,0.0463,0.1495,0.5017,0.00,0.00,0.00,0.00
2994.00,180.000,180.000,170.000,175.000,180.048,179.939,170.038,175.061,180.172,179.899,170.132,175.058,186.613,184.880,188.895,283.965,0.0567,0.0456,0.1493,0.5016,0.00,0.00,0.00,0.00
2995.00,180.000,180.000,170.000,175.000,180.049,179.939,170.039,175.061,180.176,179.903,170.135,175.059,186.567,184.857,188.845,283.943,0.0566,0.0449,0.1491,0.5015,0.00,0.00,0.00,0.00
2996.00,180.000,180.000,170.000,175.000,180.050,179.939,170.039,175.061,180.179,179.908,170.139,175.060,186.526,184.837,188.800,283.923,0.0564,0.0442,0.1490,0.5015,0.00,0.00,0.00,0.00
2997.00,180.000,180.000,170.000,175.000,180.051,179.938,170.040,175.061,180.183,179.912,170.142,175.062,186.015,184.802,188.760,283.906,0.0000,0.0436,0.1488,0.5014,0.00,0.00,0.00,0.00
2998.00,180.000,180.000,170.000,175.000,180.051,179.938,170.041,175.061,180.184,179.917,170.145,175.063,185.103,184.756,188.724,283.890,0.0000,0.0430,0.1487,0.5013,0.00,0.00,0.00,0.00
2999.00,180.000,180.000,170.000,175.000,180.052,179.938,170.041,175.061,180.184,179.921,170.148,175.064,184.277,184.715,188.691,283.877,0.0000,0.0425,0.1485,0.5012,0.00,0.00,0.00,0.00
3000.00,180.000,180.000,170.000,175.000,180.053,179.938,170.042,175.061,180.182,179.925,170.151,175.066,183.529,184.678,188.662,283.865,0.0000,0.0419,0.1484,0.5011,0.00,0.00,0.00,0.00
3001.00,180.000,180.000,170.000,175.000,180.054,179.938,170.043,175.061,180.180,179.929,170.154,175.067,182.853,184.613,188.635,283.855,0.0000,0.0415,0.1482,0.5011,0.00,0.00,0.00,0.00
3002.00,180.000,180.000,170.000,175.000,180.055,179.938,170.044,175.061,180.176,179.934,170.157,175.068,182.240,184.555,188.612,283.846,0.0012,0.0410,0.1481,0.5010,0.00,0.00,0.00,0.00
3003.00,180.000,180.000,170.000,175.000,180.056,179.938,170.044,175.061,180.171,179.937,170.160,175.070,181.734,184.502,188.591,283.839,0.0034,0.0405,0.1480,0.5009,0.00,0.00,0.00,0.00
3004.00,180.000,180.000,170.000,175.000,180.056,179.938,170.045,175.061,180.165,179.941,170.163,175.071,181.306,184.455,188.540,283.832,0.0055,0.0401,0.1479,0.5008,0.00,0.00,0.00,0.00
3005.00,180.000,180.000,170.000,175.000,180.057,179.938,170.046,175.061,180.158,179.945,170.165,175.072,180.951,184.397,188.495,283.826,0.0075,0.0397,0.1478,0.5007,0.00,0.00,0.00,0.00
3006.00,180.000,180.000,170.000,175.000,180.058,179.938,170.047,175.061,180.151,179.949,170.168,175.074,180.661,184.328,188.453,283.822,0.0094,0.0393,0.1477,0.5006,0.00,0.00,0.00,0.00
3007.00,180.000,180.000,170.000,175.000,180.058,179.938,170.047,175.061,180.144,179.952,170.171,175.075,180.429,184.267,188.416,283.817,0.0111,0.0390,0.1476,0.5005,0.00,0.00,0.00,0.00
3008.00,180.000,180.000,170.000,175.000,180.059,179.938,170.048,175.061,180.136,179.955,170.173,175.076,180.235,184.212,188.383,283.814,0.0128,0.0387,0.1475,0.5004,0.00,0.00,0.00,0.00
3009.00,180.000,180.000,170.000,175.000,180.059,179.938,170.049,175.061,180.127,179.959,170.175,175.078,180.090,184.162,188.353,283.811,0.0143,0.0383,0.1474,0.5003,0.00,0.00,0.00,0.00
3010.00,180.000,180.000,170.000,175.000,180.060,179.938,170.050,175.061,180.119,179.962,170.178,175.079,179.989,184.117,188.326,283.809,0.0157,0.0380,0.1473,0.5002,0.00,0.00,0.00,0.00
3011.00,180.000,180.000,170.000,175.000,180.060,179.938,170.051,175.062,180.111,179.965,170.179,175.080,179.914,184.061,187.166,283.807,0.0171,0.0377,0.0774,0.5001,0.00,0.00,0.00,0.00
3012.00,180.000,180.000,170.000,175.000,180.061,179.939,170.052,175.062,180.102,179.968,170.177,175.082,179.861,183.994,186.148,283.805,0.0183,0.0375,0.0800,0.5000,0.00,0.00,0.00,0.00
3013.00,180.000,180.000,170.000,175.000,180.061,179.939,170.052,175.062,180.093,179.971,170.175,175.083,179.844,183.934,185.275,283.776,0.0195,0.0372,0.0826,0.4999,0.00,0.00,0.00,0.00
3014.00,180.000,180.000,170.000,175.000,180.061,179.939,170.053,175.062,180.085,179.973,170.170,175.084,179.844,183.880,184.516,283.724,0.0206,0.0370,0.0849,0.4998,0.00,0.00,0.00,0.00
3015.00,180.000,180.000,170.000,175.000,180.061,179.939,170.054,175.062,180.076,179.976,170.165,175.085,179.859,183.832,183.877,283.678,0.0217,0.0367,0.0872,0.4997,0.00,0.00,0.00,0.00
3016.00,180.000,180.000,170.000,175.000,180.061,179.940,170.055,175.062,180.068,179.978,170.158,175.086,179.888,183.788,183.330,283.637,0.0226,0.0365,0.0894,0.4996,0.00,0.00,0.00,0.00
3017.00,180.000,180.000,170.000,175.000,180.061,179.940,170.055,175.062,180.059,179.981,170.150,175.088,179.929,183.748,182.866,283.601,0.0235,0.0363,0.0914,0.4995,0.00,0.00,0.00,0.00
3018.00,180.000,180.000,170.000,175.000,180.061,179.940,170.056,175.063,180.051,179.983,170.142,175.089,179.966,183.713,182.478,283.569,0.0244,0.0361,0.0933,0.4994,0.00,0.00,0.00,0.00
3019.00,180.000,180.000,170.000,175.000,180.061,179.940,170.057,175.063,180.043,179.986,170.133,175.090,180.030,183.681,182.158,283.541,0.0252,0.0359,0.0952,0.4993,0.00,0.00,0.00,0.00
3020.00,180.000,180.000,170.000,175.000,180.061,179.941,170.057,175.063,180.034,179.988,170.124,175.091,180.087,183.620,181.900,283.516,0.0259,0.0358,0.0969,0.4992,0.00,0.00,0.00,0.00
3021.00,180.000,180.000,170.000,175.000,180.061,179.941,170.058,175.063,180.026,179.990,170.114,175.092,180.155,183.566,181.681,283.494,0.0266,0.0356,0.0986,0.4991,0.00,0.00,0.00,0.00
3022.00,180.000,180.000,170.000,175.000,180.061,179.941,170.058,175.063,180.019,179.992,170.104,175.093,180.231,183.516,181.514,283.475,0.0273,0.0354,0.1002,0.4990,0.00,0.00,0.00,0.00
3023.00,180.000,180.000,170.000,175.000,180.060,179.942,170.058,175.064,180.011,179.994,170.093,175.094,180.299,183.472,181.393,283.458,0.0279,0.0353,0.1017,0.4989,0.00,0.00,0.00,0.00
3024.00,180.000,180.000,170.000,175.000,180.060,179.942,170.058,175.064,180.003,179.996,170.083,175.095,180.376,183.431,181.300,283.443,0.0285,0.0352,0.1031,0.4988,0.00,0.00,0.00,0.00
3025.00,180.000,180.000,170.000,175.000,180.060,179.942,170.059,175.064,179.996,179.997,170.072,175.095,180.461,183.395,181.230,283.430,0.0290,0.0350,0.1044,0.4987,0.00,0.00,0.00,0.00
3026.00,180.000,180.000,170.000,175.000,180.059,179.943,170.059,175.064,179.989,179.999,170.061,175.096,180.537,183.362,181.198,283.418,0.0295,0.0349,0.1057,0.4986,0.00,0.00,0.00,0.00
3027.00,180.000,180.000,170.000,175.000,180.059,179.943,170.059,175.064,179.982,180.001,170.050,175.097,180.605,183.333,181.185,283.408,0.0299,0.0348,0.1069,0.4985,0.00,0.00,0.00,0.00
3028.00,180.000,180.000,170.000,175.000,180.058,179.943,170.059,175.065,179.975,180.002,170.040,175.098,180.683,183.306,181.187,283.399,0.0304,0.0347,0.1080,0.4984,0.00,0.00,0.00,0.00
3029.00,180.000,180.000,170.000,175.000,180.058,179.944,170.058,175.065,179.968,180.004,170.029,175.099,180.768,183.282,181.221,283.392,0.0308,0.0346,0.1091,0.4983,0.00,0.00,0.00,0.00
3030.00,180.000,180.000,170.000,175.000,180.057,179.944,170.058,175.065,179.962,180.005,170.018,175.100,180.845,183.260,181.250,283.385,0.0311,0.0345,0.1101,0.4981,0.00,0.00,0.00,0.00
3031.00,180.000,180.000,170.000,175.000,180.056,179.945,170.058,175.065,179.955,180.007,170.008,175.101,180.913,183.241,181.308,283.380,0.0315,0.0344,0.1111,0.4980,0.00,0.00,0.00,0.00
3032.00,180.000,180.000,170.000,175.000,180.056,179.945,170.058,175.066,179.949,180.008,169.997,175.102,180.975,183.223,181.359,283.347,0.0318,0.0343,0.1120,0.4979,0.00,0.00,0.00,0.00
3033.00,180.000,180.000,170.000,175.000,180.055,179.946,170.057,175.066,179.943,180.010,169.987,175.103,181.030,183.207,181.436,283.291,0.0321,0.0342,0.1129,0.4978,0.00,0.00,0.00,0.00
3034.00,180.000,180.000,170.000,175.000,180.054,179.946,170.057,175.066,179.937,180.011,169.977,175.103,181.112,183.193,181.506,283.242,0.0324,0.0341,0.1137,0.4977,0.00,0.00,0.00,0.00
3035.00,180.000,180.000,170.000,175.000,180.053,179.946,170.056,175.066,179.931,180.012,169.967,175.104,181.185,183.180,181.584,283.199,0.0327,0.0340,0.1145,0.4976,0.00,0.00,0.00,0.00
3036.00,180.000,180.000,170.000,175.000,180.053,179.947,170.056,175.067,179.925,180.014,169.957,175.105,181.251,183.152,181.669,283.160,0.0329,0.0340,0.1153,0.4975,0.00,0.00,0.00,0.00
3037.00,180.000,180.000,170.000,175.000,180.052,179.947,170.055,175.067,179.920,180.015,169.948,175.105,181.310,183.111,181.746,283.126,0.0331,0.0339,0.1160,0.4974,0.00,0.00,0.00,0.00
3038.00,180.000,180.000,170.000,175.000,180.051,179.948,170.054,175.067,179.914,180.016,169.938,175.106,181.363,183.074,181.847,283.096,0.0333,0.0338,0.1167,0.4972,0.00,0.00,0.00,0.00
3039.00,180.000,180.000,170.000,175.000,180.050,179.948,170.053,175.067,179.909,180.017,169.929,175.107,181.410,183.041,181.937,283.069,0.1055,0.0338,0.1173,0.4971,0.00,0.00,0.00,0.00
3040.00,180.000,180.000,170.000,175.000,180.049,179.949,170.052,175.068,179.905,180.018,169.920,175.107,182.587,183.011,182.018,283.046,0.1023,0.0337,0.1179,0.4970,0.00,0.00,0.00,0.00
3041.00,180.000,180.000,170.000,175.000,180.048,179.949,170.052,175.068,179.904,180.019,169.911,175.108,183.619,182.983,182.107,283.025,0.0994,0.0337,0.1185,0.4969,0.00,0.00,0.00,0.00
3042.00,180.000,180.000,170.000,175.000,180.047,179.950,170.051,175.068,179.904,180.020,169.903,175.108,184.489,182.959,182.202,283.007,0.0966,0.0336,0.1190,0.4968,0.00,0.00,0.00,0.00
3043.00,180.000,180.000,170.000,175.000,180.046,179.950,170.050,175.068,179.905,180.021,169.895,175.109,185.244,182.936,182.879,282.990,0.0939,0.0000,0.1908,0.4967,0.00,0.00,0.00,0.00
3044.00,180.000,180.000,170.000,175.000,180.045,179.951,170.049,175.069,179.908,180.021,169.889,175.109,185.881,182.374,184.038,282.976,0.0914,0.0000,0.1884,0.4966,0.00,0.00,0.00,0.00
3045.00,180.000,180.000,170.000,175.000,180.044,179.951,170.048,175.069,179.912,180.020,169.885,175.110,186.425,181.866,185.055,282.964,0.0891,0.0000,0.1862,0.4965,0.00,0.00,0.00,0.00
3046.00,180.000,180.000,170.000,175.000,180.043,179.951,170.046,175.069,179.917,180.018,169.883,175.111,186.869,181.405,185.942,282.953,0.0869,0.0000,0.1841,0.4963,0.00,0.00,0.00,0.00
3047.00,180.000,180.000,170.000,175.000,180.043,179.952,170.045,175.069,179.922,180.016,169.883,175.111,187.240,180.989,186.697,282.943,0.0849,0.0000,0.1821,0.4962,0.00,0.00,0.00,0.00
3048.00,180.000,180.000,170.000,175.000,180.042,179.952,170.044,175.070,179.928,180.013,169.883,175.112,187.544,180.611,187.348,282.935,0.0830,0.0000,0.1803,0.4961,0.00,0.00,0.00,0.00
3049.00,180.000,180.000,170.000,175.000,180.041,179.953,170.043,175.070,179.935,180.009,169.885,175.112,187.788,180.269,187.921,282.927,0.0811,0.0000,0.1785,0.4960,0.00,0.00,0.00,0.00
3050.00,180.000,180.000,170.000,175.000,180.040,179.953,170.042,175.070,179.941,180.004,169.888,175.113,187.994,179.959,188.408,282.866,0.0794,0.0000,0.1768,0.4959,0.00,0.00,0.00,0.00
3051.00,180.000,180.000,170.000,175.000,180.040,179.953,170.041,175.071,179.949,179.999,169.892,175.113,188.149,179.678,188.817,282.813,0.0778,0.0000,0.1751,0.4958,0.00,0.00,0.00,0.00
3052.00,180.000,180.000,170.000,175.000,180.039,179.954,170.040,175.071,179.956,179.993,169.896,175.114,188.258,179.424,189.171,282.765,0.0763,0.0000,0.1736,0.4956,0.00,0.00,0.00,0.00
3053.00,180.000,180.000,170.000,175.000,180.039,179.954,170.039,175.071,179.964,179.988,169.901,175.114,188.340,179.193,189.461,282.723,0.0749,0.0000,0.1721,0.4955,0.00,0.00,0.00,0.00
3054.00,180.000,180.000,170.000,175.000,180.038,179.954,170.038,175.071,179.971,179.981,169.906,175.115,188.400,178.983,189.706,282.685,0.0736,0.0000,0.1708,0.4954,0.00,0.00,0.00,0.00
3055.00,180.000,180.000,170.000,175.000,180.038,179.954,170.037,175.072,179.979,179.974,169.912,175.115,188.424,178.793,189.897,282.652,0.0724,0.0000,0.1694,0.4953,0.00,0.00,0.00,0.00
3056.00,180.000,180.000,170.000,175.000,180.037,179.954,170.037,175.072,179.987,179.967,169.918,175.115,188.429,178.620,190.055,282.623,0.0712,0.0006,0.1682,0.4952,0.00,0.00,0.00,0.00
3057.00,180.000,180.000,170.000,175.000,180.037,179.955,170.036,175.072,179.995,179.960,169.924,175.116,188.419,178.495,190.181,282.597,0.0701,0.0019,0.1670,0.4951,0.00,0.00,0.00,0.00
3058.00,180.000,180.000,170.000,175.000,180.037,179.955,170.035,175.073,180.002,179.953,169.931,175.116,188.394,178.398,190.281,282.574,0.0691,0.0031,0.1659,0.4950,0.00,0.00,0.00,0.00
3059.00,180.000,180.000,170.000,175.000,180.036,179.955,170.034,175.073,180.010,179.945,169.937,175.117,188.356,178.324,190.339,282.553,0.0681,0.0043,0.1648,0.4948,0.00,0.00,0.00,0.00
3060.00,180.000,180.000,170.000,175.000,180.036,179.954,170.034,175.073,180.018,179.937,169.944,175.117,188.307,178.289,190.393,282.535,0.0672,0.0054,0.1638,0.4947,0.00,0.00,0.00,0.00
3061.00,180.000,180.000,170.000,175.000,180.036,179.954,170.033,175.073,180.025,179.929,169.951,175.118,188.247,178.256,190.410,282.520,0.0663,0.0065,0.1628,0.4946,0.00,0.00,0.00,0.00
3062.00,180.000,180.000,170.000,175.000,180.036,179.954,170.033,175.074,180.032,179.922,169.958,175.118,188.177,178.258,190.426,282.506,0.0655,0.0075,0.1619,0.4945,0.00,0.00,0.00,0.00
3063.00,180.000,180.000,170.000,175.000,180.036,179.954,170.032,175.074,180.039,179.914,169.964,175.118,188.099,178.259,190.409,282.493,0.0648,0.0085,0.1610,0.4944,0.00,0.00,0.00,0.00
3064.00,180.000,180.000,170.000,175.000,180.036,179.954,170.032,175.074,180.046,179.906,169.971,175.119,188.029,178.291,190.394,282.483,0.0641,0.0094,0.1602,0.4943,0.00,0.00,0.00,0.00
3065.00,180.000,180.000,170.000,175.000,180.036,179.953,170.031,175.075,180.053,179.899,169.978,175.120,187.950,178.319,190.365,282.473,0.0634,0.0102,0.1594,0.4941,0.00,0.00,0.00,0.00
3066.00,180.000,180.000,170.000,175.000,180.036,179.953,170.031,175.075,180.060,179.891,169.984,175.120,187.863,178.376,190.324,282.465,0.0628,0.0110,0.1587,0.4940,0.00,0.00,0.00,0.00
3067.00,180.000,180.000,170.000,175.000,180.037,179.953,170.031,175.075,180.066,179.884,169.991,175.121,187.786,178.427,190.287,282.403,0.0622,0.0118,0.1580,0.4939,0.00,0.00,0.00,0.00
3068.00,180.000,180.000,170.000,175.000,180.037,179.952,170.030,175.076,180.072,179.877,169.997,175.121,187.699,178.489,190.222,282.349,0.0616,0.0125,0.1573,0.4938,0.00,0.00,0.00,0.00
3069.00,180.000,180.000,170.000,175.000,180.037,179.952,170.030,175.076,180.079,179.870,170.003,175.122,187.606,178.559,190.163,282.300,0.0611,0.0132,0.1567,0.4937,0.00,0.00,0.00,0.00
3070.00,180.000,180.000,170.000,175.000,180.037,179.951,170.030,175.076,180.085,179.863,170.010,175.122,187.522,178.623,190.111,282.257,0.0606,0.0138,0.1560,0.4936,0.00,0.00,0.00,0.00
3071.00,180.000,180.000,170.000,175.000,180.038,179.950,170.030,175.076,180.090,179.856,170.016,175.123,187.447,178.696,190.032,282.219,0.0602,0.0144,0.1555,0.4934,0.00,0.00,0.00,0.00
3072.00,180.000,180.000,170.000,175.000,180.038,179.950,170.030,175.077,180.096,179.850,170.021,175.123,187.363,179.268,189.962,282.186,0.0597,0.0731,0.1549,0.4933,0.00,0.00,0.00,0.00
3073.00,180.000,180.000,170.000,175.000,180.038,179.949,170.030,175.077,180.101,179.845,170.027,175.123,187.272,180.203,189.898,282.156,0.0593,0.0709,0.1544,0.4932,0.00,0.00,0.00,0.00
3074.00,180.000,180.000,170.000,175.000,180.039,179.948,170.030,175.077,180.107,179.842,170.033,175.124,187.190,181.017,189.841,282.130,0.0590,0.0689,0.1539,0.4931,0.00,0.00,0.00,0.00
3075.00,180.000,180.000,170.000,175.000,180.039,179.948,170.030,175.078,180.112,179.841,170.038,175.124,187.116,181.722,189.758,282.106,0.0586,0.0669,0.1534,0.4930,0.00,0.00,0.00,0.00
3076.00,180.000,180.000,170.000,175.000,180.040,179.947,170.030,175.078,180.117,179.841,170.044,175.125,187.049,182.328,189.683,282.086,0.0583,0.0651,0.1530,0.4929,0.00,0.00,0.00,0.00
3077.00,180.000,180.000,170.000,175.000,180.040,179.946,170.030,175.078,180.122,179.842,170.049,175.125,186.990,182.860,189.616,282.067,0.0580,0.0634,0.1526,0.4927,0.00,0.00,0.00,0.00
3078.00,180.000,180.000,170.000,175.000,180.041,179.946,170.030,175.079,180.126,179.843,170.054,175.126,186.904,183.310,189.555,282.051,0.0577,0.0617,0.1522,0.4926,0.00,0.00,0.00,0.00
3079.00,180.000,180.000,170.000,175.000,180.041,179.945,170.030,175.079,180.131,179.846,170.059,175.127,186.827,183.686,189.485,282.037,0.0574,0.0602,0.1518,0.4925,0.00,0.00,0.00,0.00
3080.00,180.000,180.000,170.000,175.000,180.042,179.944,170.031,175.079,180.136,179.849,170.063,175.127,186.758,184.010,189.405,282.025,0.0571,0.0587,0.1514,0.4924,0.00,0.00,0.00,0.00
3081.00,180.000,180.000,170.000,175.000,180.043,179.944,170.031,175.080,180.140,179.852,170.068,175.128,186.695,184.272,189.334,282.014,0.0569,0.0573,0.1511,0.4923,0.00,0.00,0.00,0.00
3082.00,180.000,180.000,170.000,175.000,180.043,179.943,170.031,175.080,180.144,179.857,170.073,175.128,186.639,184.493,189.270,282.004,0.0566,0.0560,0.1507,0.4922,0.00,0.00,0.00,0.00
3083.00,180.000,180.000,170.000,175.000,180.044,179.942,170.031,175.080,180.148,179.861,170.077,175.129,186.589,184.662,189.213,281.996,0.0564,0.0547,0.1504,0.4920,0.00,0.00,0.00,0.00
3084.00,180.000,180.000,170.000,175.000,180.045,179.942,170.032,175.081,180.152,179.866,170.081,175.130,186.543,184.815,189.161,281.960,0.0562,0.0536,0.1501,0.4919,0.00,0.00,0.00,0.00
3085.00,180.000,180.000,170.000,175.000,180.045,179.941,170.032,175.081,180.156,179.870,170.085,175.130,186.503,184.923,189.098,281.903,0.0560,0.0524,0.1499,0.4918,0.00,0.00,0.00,0.00
3086.00,180.000,180.000,170.000,175.000,180.046,179.941,170.032,175.081,180.160,179.875,170.089,175.131,186.450,185.004,189.026,281.852,0.0559,0.0514,0.1496,0.4917,0.00,0.00,0.00,0.00
3087.00,180.000,180.000,170.000,175.000,180.047,179.941,170.033,175.082,180.164,179.881,170.093,175.132,186.387,185.063,188.961,281.806,0.0557,0.0504,0.1493,0.4916,0.00,0.00,0.00,0.00
3088.00,180.000,180.000,170.000,175.000,180.048,179.940,170.033,175.082,180.167,179.886,170.097,175.132,186.330,185.100,188.902,281.766,0.0555,0.0494,0.1491,0.4914,0.00,0.00,0.00,0.00
3089.00,180.000,180.000,170.000,175.000,180.048,179.940,170.034,175.082,180.171,179.891,170.101,175.133,186.279,185.118,188.850,281.731,0.0554,0.0485,0.1489,0.4913,0.00,0.00,0.00,0.00
3090.00,180.000,180.000,170.000,175.000,180.049,179.939,170.034,175.083,180.174,179.896,170.104,175.133,186.233,185.135,188.803,281.699,0.0552,0.0477,0.1487,0.4912,0.00,0.00,0.00,0.00
3091.00,180.000,180.000,170.000,175.000,180.050,179.939,170.034,175.083,180.177,179.901,170.108,175.134,186.191,185.120,188.760,281.671,0.0000,0.0469,0.1484,0.4911,0.00,0.00,0.00,0.00
3092.00,180.000,180.000,170.000,175.000,180.051,179.939,170.035,175.083,180.179,179.907,170.111,175.134,185.262,185.106,188.722,281.647,0.0000,0.0461,0.1483,0.4910,0.00,0.00,0.00,0.00
3093.00,180.000,180.000,170.000,175.000,180.052,179.939,170.035,175.084,180.180,179.912,170.115,175.135,184.420,185.078,188.688,281.625,0.0000,0.0454,0.1481,0.4909,0.00,0.00,0.00,0.00
3094.00,180.000,180.000,170.000,175.000,180.053,179.939,170.036,175.084,180.178,179.917,170.118,175.136,183.659,185.037,188.641,281.606,0.0000,0.0447,0.1479,0.4907,0.00,0.00,0.00,0.00
3095.00,180.000,180.000,170.000,175.000,180.053,179.938,170.037,175.084,180.176,179.922,170.121,175.136,182.970,185.000,188.583,281.589,0.0000,0.0441,0.1477,0.4906,0.00,0.00,0.00,0.00
3096.00,180.000,180.000,170.000,175.000,180.054,179.938,170.037,175.085,180.172,179.927,170.124,175.137,182.346,184.952,188.531,281.574,0.0000,0.0435,0.1476,0.4905,0.00,0.00,0.00,0.00
3097.00,180.000,180.000,170.000,175.000,180.055,179.938,170.038,175.085,180.168,179.932,170.127,175.138,181.797,184.892,188.484,281.560,0.0014,0.0429,0.1474,0.4904,0.00,0.00,0.00,0.00
3098.00,180.000,180.000,170.000,175.000,180.056,179.938,170.038,175.085,180.162,179.936,170.130,175.138,181.332,184.839,188.442,281.549,0.0036,0.0424,0.1473,0.4903,0.00,0.00,0.00,0.00
3099.00,180.000,180.000,170.000,175.000,180.057,179.938,170.039,175.086,180.156,179.941,170.133,175.139,180.942,184.792,188.404,281.539,0.0057,0.0418,0.1471,0.4902,0.00,0.00,0.00,0.00
3100.00,180.000,180.000,170.000,175.000,180.057,179.938,170.040,175.086,180.149,179.945,170.135,175.140,180.621,184.717,188.369,281.530,0.0076,0.0414,0.1470,0.4900,0.00,0.00,0.00,0.00
3101.00,180.000,180.000,170.000,175.000,180.058,179.938,170.040,175.086,180.141,179.950,170.138,175.140,180.361,184.650,188.339,281.494,0.0094,0.0409,0.1469,0.4899,0.00,0.00,0.00,0.00
3102.00,180.000,180.000,170.000,175.000,180.058,179.938,170.041,175.087,180.133,179.954,170.140,175.141,180.157,184.589,188.311,281.436,0.0111,0.0404,0.1468,0.4898,0.00,0.00,0.00,0.00
3103.00,180.000,180.000,170.000,175.000,180.059,179.938,170.041,175.087,180.125,179.958,170.143,175.142,179.988,184.535,188.287,281.384,0.0127,0.0400,0.1467,0.4897,0.00,0.00,0.00,0.00
3104.00,180.000,180.000,170.000,175.000,180.059,179.939,170.042,175.087,180.117,179.962,170.146,175.142,179.865,184.470,188.265,281.339,0.0142,0.0396,0.1465,0.4896,0.00,0.00,0.00,0.00
3105.00,180.000,180.000,170.000,175.000,180.060,179.939,170.043,175.088,180.108,179.966,170.148,175.143,179.786,184.396,188.245,281.298,0.0156,0.0393,0.1464,0.4894,0.00,0.00,0.00,0.00
3106.00,180.000,180.000,170.000,175.000,180.060,179.939,170.044,175.088,180.099,179.969,170.150,175.143,179.729,184.329,188.227,281.263,0.0169,0.0389,0.1464,0.4893,0.00,0.00,0.00,0.00
3107.00,180.000,180.000,170.000,175.000,180.060,179.939,170.044,175.089,180.090,179.973,170.153,175.144,179.693,184.269,188.211,281.231,0.0182,0.0386,0.1463,0.4892,0.00,0.00,0.00,0.00
3108.00,180.000,180.000,170.000,175.000,180.060,179.939,170.045,175.089,180.082,179.976,170.155,175.145,179.691,184.215,188.197,281.203,0.0193,0.0383,0.1462,0.4891,0.00,0.00,0.00,0.00
3109.00,180.000,180.000,170.000,175.000,180.060,179.940,170.046,175.089,180.073,179.979,170.157,175.145,179.688,184.166,188.185,281.178,0.0204,0.0380,0.1461,0.4890,0.00,0.00,0.00,0.00
3110.00,180.000,180.000,170.000,175.000,180.061,179.940,170.046,175.090,180.064,179.983,170.160,175.146,179.717,184.091,188.174,281.156,0.0214,0.0377,0.1460,0.4889,0.00,0.00,0.00,0.00
3111.00,180.000,180.000,170.000,175.000,180.061,179.940,170.047,175.090,180.056,179.986,170.162,175.146,179.742,184.022,188.147,281.137,0.0224,0.0374,0.1459,0.4887,0.00,0.00,0.00,0.00
3112.00,180.000,180.000,170.000,175.000,180.060,179.941,170.048,175.090,180.047,179.989,170.164,175.147,179.797,183.961,188.108,281.120,0.0233,0.0372,0.1459,0.4886,0.00,0.00,0.00,0.00
3113.00,180.000,180.000,170.000,175.000,180.060,179.941,170.049,175.091,180.039,179.992,170.166,175.147,179.845,183.906,188.073,281.104,0.0241,0.0369,0.1458,0.4885,0.00,0.00,0.00,0.00
3114.00,180.000,180.000,170.000,175.000,180.060,179.941,170.050,175.091,180.030,179.994,170.168,175.148,179.919,183.856,188.041,281.091,0.0249,0.0367,0.1457,0.4884,0.00,0.00,0.00,0.00
3115.00,180.000,180.000,170.000,175.000,180.060,179.942,170.050,175.092,180.022,179.997,170.170,175.148,179.986,183.811,187.422,281.079,0.0256,0.0365,0.0744,0.4883,0.00,0.00,0.00,0.00
3116.00,180.000,180.000,170.000,175.000,180.060,179.942,170.051,175.092,180.014,179.999,170.169,175.149,180.046,183.770,186.332,281.069,0.0263,0.0363,0.0772,0.4881,0.00,0.00,0.00,0.00
3117.00,180.000,180.000,170.000,175.000,180.059,179.942,170.052,175.092,180.006,180.002,170.167,175.150,180.132,183.734,185.394,281.060,0.0269,0.0361,0.0798,0.4880,0.00,0.00,0.00,0.00
3118.00,180.000,180.000,170.000,175.000,180.059,179.943,170.053,175.093,179.999,180.004,170.163,175.150,180.208,183.685,184.577,281.024,0.0275,0.0359,0.0823,0.4879,0.00,0.00,0.00,0.00
3119.00,180.000,180.000,170.000,175.000,180.059,179.943,170.053,175.093,179.991,180.007,170.157,175.151,180.277,183.625,183.884,280.966,0.0281,0.0357,0.0846,0.4878,0.00,0.00,0.00,0.00
3120.00,180.000,180.000,170.000,175.000,180.058,179.944,170.054,175.093,179.984,180.009,170.151,175.151,180.371,183.571,183.289,280.914,0.0286,0.0356,0.0868,0.4877,0.00,0.00,0.00,0.00
3121.00,180.000,180.000,170.000,175.000,180.058,179.944,170.055,175.094,179.977,180.011,170.143,175.152,180.455,183.522,182.798,280.869,0.0291,0.0354,0.0890,0.4876,0.00,0.00,0.00,0.00
3122.00,180.000,180.000,170.000,175.000,180.057,179.944,170.055,175.094,179.970,180.013,170.135,175.152,180.530,183.479,182.385,280.828,0.0295,0.0353,0.0910,0.4874,0.00,0.00,0.00,0.00
3123.00,180.000,180.000,170.000,175.000,180.057,179.945,170.056,175.095,179.963,180.015,170.126,175.152,180.598,183.439,182.043,280.792,0.0299,0.0351,0.0929,0.4873,0.00,0.00,0.00,0.00
3124.00,180.000,180.000,170.000,175.000,180.056,179.945,170.056,175.095,179.956,180.017,170.117,175.153,180.675,183.403,181.748,280.760,0.0303,0.0350,0.0947,0.4872,0.00,0.00,0.00,0.00
3125.00,180.000,180.000,170.000,175.000,180.055,179.946,170.057,175.095,179.950,180.019,170.107,175.153,180.759,183.371,181.512,280.732,0.0307,0.0349,0.0964,0.4871,0.00,0.00,0.00,0.00
3126.00,180.000,180.000,170.000,175.000,180.055,179.946,170.057,175.096,179.943,180.020,170.096,175.153,180.835,183.342,181.329,280.707,0.0310,0.0348,0.0980,0.4870,0.00,0.00,0.00,0.00
3127.00,180.000,180.000,170.000,175.000,180.054,179.947,170.057,175.096,179.937,180.022,170.086,175.154,180.904,183.316,181.195,280.685,0.0313,0.0346,0.0995,0.4869,0.00,0.00,0.00,0.00
3128.00,180.000,180.000,170.000,175.000,180.053,179.947,170.057,175.097,179.931,180.024,170.075,175.154,180.965,183.292,181.090,280.666,0.0316,0.0345,0.1010,0.4867,0.00,0.00,0.00,0.00
3129.00,180.000,180.000,170.000,175.000,180.052,179.948,170.057,175.097,179.925,180.025,170.064,175.154,181.020,183.271,181.009,280.648,0.0319,0.0344,0.1024,0.4866,0.00,0.00,0.00,0.00
3130.00,180.000,180.000,170.000,175.000,180.051,179.948,170.058,175.097,179.919,180.027,170.053,175.154,181.086,183.252,180.966,280.633,0.0322,0.0343,0.1037,0.4865,0.00,0.00,0.00,0.00
3131.00,180.000,180.000,170.000,175.000,180.050,179.949,170.057,175.098,179.913,180.028,170.042,175.155,181.160,183.234,180.944,280.620,0.0324,0.0343,0.1050,0.4864,0.00,0.00,0.00,0.00
3132.00,180.000,180.000,170.000,175.000,180.050,179.949,170.057,175.098,179.908,180.030,170.031,175.155,181.817,183.219,180.938,280.608,0.1029,0.0342,0.1061,0.4863,0.00,0.00,0.00,0.00
3133.00,180.000,180.000,170.000,175.000,180.049,179.950,170.057,175.098,179.906,180.031,170.020,175.155,182.922,183.205,180.963,280.597,0.0999,0.0341,0.1073,0.4861,0.00,0.00,0.00,0.00
3134.00,180.000,180.000,170.000,175.000,180.048,179.950,170.057,175.099,179.904,180.032,170.009,175.156,183.875,182.619,180.986,280.588,0.0970,0.0000,0.1083,0.4860,0.00,0.00,0.00,0.00
3135.00,180.000,180.000,170.000,175.000,180.047,179.951,170.057,175.099,179.905,180.032,169.999,175.156,184.690,182.088,181.037,280.526,0.0943,0.0000,0.1093,0.4859,0.00,0.00,0.00,0.00
3136.00,180.000,180.000,170.000,175.000,180.046,179.952,170.056,175.100,179.907,180.030,169.988,175.156,185.394,181.608,181.082,280.470,0.0918,0.0000,0.1103,0.4858,0.00,0.00,0.00,0.00
3137.00,180.000,180.000,170.000,175.000,180.045,179.952,170.056,175.100,179.910,180.028,169.977,175.157,185.985,181.173,181.155,280.421,0.0894,0.0000,0.1112,0.4857,0.00,0.00,0.00,0.00
3138.00,180.000,180.000,170.000,175.000,180.044,179.953,170.055,175.100,179.914,180.025,169.967,175.157,186.488,180.779,181.219,280.378,0.0872,0.0000,0.1121,0.4856,0.00,0.00,0.00,0.00
3139.00,180.000,180.000,170.000,175.000,180.043,179.953,170.055,175.101,179.919,180.022,169.957,175.157,186.911,180.423,181.309,280.339,0.0851,0.0000,0.1129,0.4854,0.00,0.00,0.00,0.00
3140.00,180.000,180.000,170.000,175.000,180.042,179.953,170.054,175.101,179.925,180.017,169.947,175.157,187.247,180.100,181.389,280.305,0.0831,0.0000,0.1137,0.4853,0.00,0.00,0.00,0.00
3141.00,180.000,180.000,170.000,175.000,180.041,179.954,170.053,175.101,179.931,180.013,169.937,175.157,187.535,179.807,181.477,280.274,0.0813,0.0000,0.1144,0.4852,0.00,0.00,0.00,0.00
3142.00,180.000,180.000,170.000,175.000,180.041,179.954,170.052,175.102,179.938,180.007,169.927,175.157,187.765,179.541,181.571,280.247,0.0795,0.0000,0.1151,0.4851,0.00,0.00,0.00,0.00
3143.00,180.000,180.000,170.000,175.000,180.040,179.955,170.052,175.102,179.945,180.002,169.918,175.157,187.941,179.300,181.656,280.224,0.0779,0.0000,0.1157,0.4850,0.00,0.00,0.00,0.00
3144.00,180.000,180.000,170.000,175.000,180.039,179.955,170.051,175.103,179.952,179.996,169.909,175.157,188.070,179.082,181.748,280.203,0.0764,0.0000,0.1164,0.4848,0.00,0.00,0.00,0.00
3145.00,180.000,180.000,170.000,175.000,180.039,179.955,170.050,175.103,179.959,179.989,169.900,175.158,188.170,178.884,182.438,280.184,0.0749,0.0000,0.1882,0.4847,0.00,0.00,0.00,0.00
3146.00,180.000,180.000,170.000,175.000,180.038,179.955,170.049,175.103,179.967,179.982,169.893,175.158,188.247,178.704,183.593,280.167,0.0736,0.0005,0.1860,0.4846,0.00,0.00,0.00,0.00
3147.00,180.000,180.000,170.000,175.000,180.038,179.956,170.048,175.104,179.974,179.975,169.889,175.158,188.284,178.572,184.605,280.153,0.0723,0.0018,0.1838,0.4845,0.00,0.00,0.00,0.00
3148.00,180.000,180.000,170.000,175.000,180.038,179.956,170.047,175.104,179.982,179.968,169.886,175.158,188.303,178.468,185.489,280.140,0.0711,0.0031,0.1818,0.4844,0.00,0.00,0.00,0.00
3149.00,180.000,180.000,170.000,175.000,180.037,179.956,170.046,175.104,179.990,179.960,169.885,175.158,188.304,178.389,186.256,280.128,0.0700,0.0043,0.1799,0.4843,0.00,0.00,0.00,0.00
3150.00,180.000,180.000,170.000,175.000,180.037,179.956,170.044,175.105,179.997,179.953,169.885,175.159,188.275,178.349,186.919,280.118,0.0689,0.0054,0.1780,0.4841,0.00,0.00,0.00,0.00
3151.00,180.000,180.000,170.000,175.000,180.037,179.956,170.043,175.105,180.005,179.945,169.886,175.159,188.248,178.312,187.486,280.110,0.0679,0.0064,0.1763,0.4840,0.00,0.00,0.00,0.00
3152.00,180.000,180.000,170.000,175.000,180.036,179.956,170.042,175.105,180.012,179.938,169.889,175.159,188.194,178.310,187.983,280.048,0.0670,0.0075,0.1747,0.4839,0.00,0.00,0.00,0.00
3153.00,180.000,180.000,170.000,175.000,180.036,179.956,170.041,175.106,180.020,179.930,169.892,175.159,188.144,178.307,188.401,279.992,0.0661,0.0084,0.1731,0.4838,0.00,0.00,0.00,0.00
3154.00,180.000,180.000,170.000,175.000,180.036,179.955,170.040,175.106,180.027,179.923,169.895,175.159,188.084,178.335,188.764,279.944,0.0653,0.0093,0.1716,0.4837,0.00,0.00,0.00,0.00
3155.00,180.000,180.000,170.000,175.000,180.036,179.955,170.039,175.106,180.034,179.915,169.900,175.160,188.015,178.361,189.061,279.900,0.0645,0.0102,0.1702,0.4835,0.00,0.00,0.00,0.00
3156.00,180.000,180.000,170.000,175.000,180.036,179.955,170.038,175.107,180.041,179.908,169.905,175.160,187.953,178.415,189.313,279.862,0.0638,0.0110,0.1689,0.4834,0.00,0.00,0.00,0.00
3157.00,180.000,180.000,170.000,175.000,180.036,179.955,170.038,175.107,180.048,179.901,169.910,175.160,187.865,178.463,189.526,279.828,0.0631,0.0117,0.1676,0.4833,0.00,0.00,0.00,0.00
3158.00,180.000,180.000,170.000,175.000,180.036,179.954,170.037,175.108,180.055,179.894,169.915,175.160,187.786,178.523,189.688,279.797,0.0625,0.0125,0.1664,0.4832,0.00,0.00,0.00,0.00
3159.00,180.000,180.000,170.000,175.000,180.036,179.954,170.036,175.108,180.061,179.887,169.921,175.160,187.716,178.591,189.818,279.771,0.0619,0.0131,0.1652,0.4831,0.00,0.00,0.00,0.00
3160.00,180.000,180.000,170.000,175.000,180.037,179.953,170.035,175.108,180.067,179.880,169.927,175.160,187.620,178.653,189.920,279.747,0.0613,0.0138,0.1641,0.4830,0.00,0.00,0.00,0.00
3161.00,180.000,180.000,170.000,175.000,180.037,179.953,170.034,175.109,180.074,179.873,169.933,175.161,187.535,178.724,189.997,279.726,0.0608,0.0144,0.1631,0.4828,0.00,0.00,0.00,0.00
3162.00,180.000,180.000,170.000,175.000,180.037,179.952,170.034,175.109,180.080,179.867,169.940,175.161,187.458,178.804,190.052,279.707,0.0603,0.0150,0.1621,0.4827,0.00,0.00,0.00,0.00
3163.00,180.000,180.000,170.000,175.000,180.037,179.952,170.033,175.109,180.085,179.860,169.946,175.161,187.388,178.876,190.085,279.691,0.0598,0.0155,0.1612,0.4826,0.00,0.00,0.00,0.00
3164.00,180.000,180.000,170.000,175.000,180.038,179.951,170.033,175.110,180.091,179.854,169.952,175.161,187.294,178.940,190.101,279.676,0.0594,0.0161,0.1603,0.4825,0.00,0.00,0.00,0.00
3165.00,180.000,180.000,170.000,175.000,180.038,179.950,170.032,175.110,180.097,179.848,169.959,175.162,187.210,179.029,190.099,279.663,0.0590,0.0166,0.1594,0.4824,0.00,0.00,0.00,0.00
3166.00,180.000,180.000,170.000,175.000,180.038,179.950,170.032,175.110,180.102,179.843,169.965,175.162,187.133,179.600,190.082,279.652,0.0586,0.0751,0.1586,0.4823,0.00,0.00,0.00,0.00
3167.00,180.000,180.000,170.000,175.000,180.039,179.949,170.031,175.111,180.107,179.839,169.971,175.162,187.065,180.535,190.067,279.642,0.0582,0.0728,0.1579,0.4821,0.00,0.00,0.00,0.00
3168.00,180.000,180.000,170.000,175.000,180.039,179.948,170.031,175.111,180.112,179.837,169.978,175.163,187.003,181.349,190.022,279.633,0.0579,0.0706,0.1572,0.4820,0.00,0.00,0.00,0.00
3169.00,180.000,180.000,170.000,175.000,180.040,179.948,170.030,175.111,180.117,179.836,169.984,175.163,186.916,182.053,189.982,279.571,0.0576,0.0686,0.1565,0.4819,0.00,0.00,0.00,0.00
3170.00,180.000,180.000,170.000,175.000,180.040,179.947,170.030,175.112,180.122,179.837,169.990,175.164,186.837,182.659,189.946,279.516,0.0573,0.0667,0.1558,0.4818,0.00,0.00,0.00,0.00
3171.00,180.000,180.000,170.000,175.000,180.041,179.946,170.030,175.112,180.126,179.838,169.996,175.164,186.767,183.175,189.882,279.467,0.0570,0.0649,0.1552,0.4817,0.00,0.00,0.00,0.00
3172.00,180.000,180.000,170.000,175.000,180.041,179.945,170.030,175.112,180.131,179.841,170.002,175.164,186.703,183.610,189.825,279.424,0.0567,0.0632,0.1546,0.4815,0.00,0.00,0.00,0.00
3173.00,180.000,180.000,170.000,175.000,180.042,179.945,170.030,175.113,180.135,179.844,170.007,175.164,186.646,183.989,189.773,279.386,0.0565,0.0615,0.1541,0.4814,0.00,0.00,0.00,0.00
3174.00,180.000,180.000,170.000,175.000,180.043,179.944,170.029,175.113,180.140,179.848,170.013,175.165,186.594,184.300,189.711,279.352,0.0562,0.0600,0.1535,0.4813,0.00,0.00,0.00,0.00
3175.00,180.000,180.000,170.000,175.000,180.043,179.943,170.029,175.113,180.144,179.852,170.018,175.165,186.548,184.550,189.639,279.321,0.0560,0.0585,0.1530,0.4812,0.00,0.00,0.00,0.00
3176.00,180.000,180.000,170.000,175.000,180.044,179.943,170.029,175.114,180.148,179.857,170.024,175.165,186.490,184.760,189.575,279.295,0.0558,0.0571,0.1525,0.4811,0.00,0.00,0.00,0.00
3177.00,180.000,180.000,170.000,175.000,180.045,179.942,170.029,175.114,180.152,179.862,170.029,175.166,186.423,184.935,189.517,279.271,0.0556,0.0558,0.1521,0.4810,0.00,0.00,0.00,0.00
3178.00,180.000,180.000,170.000,175.000,180.045,179.942,170.029,175.114,180.156,179.867,170.034,175.166,186.362,185.063,189.449,279.250,0.0554,0.0546,0.1517,0.4808,0.00,0.00,0.00,0.00
3179.00,180.000,180.000,170.000,175.000,180.046,179.941,170.029,175.115,180.159,179.872,170.039,175.166,186.307,185.162,189.372,279.231,0.0553,0.0534,0.1513,0.4807,0.00,0.00,0.00,0.00
3180.00,180.000,180.000,170.000,175.000,180.047,179.941,170.029,175.115,180.163,179.878,170.044,175.167,186.258,185.237,189.303,279.215,0.0551,0.0523,0.1509,0.4806,0.00,0.00,0.00,0.00
3181.00,180.000,180.000,170.000,175.000,180.048,179.940,170.029,175.115,180.166,179.884,170.048,175.167,186.214,185.289,189.241,279.200,0.0549,0.0513,0.1505,0.4805,0.00,0.00,0.00,0.00
3182.00,180.000,180.000,170.000,175.000,180.048,179.940,170.030,175.116,180.170,179.889,170.053,175.168,186.174,185.320,189.185,279.188,0.0548,0.0503,0.1501,0.4804,0.00,0.00,0.00,0.00
3183.00,180.000,180.000,170.000,175.000,180.049,179.940,170.030,175.116,180.173,179.895,170.057,175.168,186.138,185.334,189.119,279.176,0.0547,0.0493,0.1498,0.4802,0.00,0.00,0.00,0.00
3184.00,180.000,180.000,170.000,175.000,180.050,179.939,170.030,175.116,180.176,179.901,170.062,175.169,186.106,185.330,189.043,279.166,0.0000,0.0484,0.1495,0.4801,0.00,0.00,0.00,0.00
3185.00,180.000,180.000,170.000,175.000,180.051,179.939,170.030,175.117,180.178,179.906,170.066,175.169,185.185,185.312,188.975,279.158,0.0000,0.0476,0.1492,0.4800,0.00,0.00,0.00,0.00
3186.00,180.000,180.000,170.000,175.000,180.052,179.939,170.030,175.117,180.179,179.912,170.070,175.170,184.351,185.280,188.914,279.096,0.0000,0.0468,0.1489,0.4799,0.00,0.00,0.00,0.00
3187.00,180.000,180.000,170.000,175.000,180.053,179.939,170.031,175.118,180.178,179.918,170.074,175.170,183.597,185.252,188.859,279.041,0.0000,0.0460,0.1486,0.4798,0.00,0.00,0.00,0.00
3188.00,180.000,180.000,170.000,175.000,180.053,179.939,170.031,175.118,180.175,179.923,170.077,175.170,182.914,185.210,188.810,278.992,0.0000,0.0453,0.1484,0.4797,0.00,0.00,0.00,0.00
3189.00,180.000,180.000,170.000,175.000,180.054,179.938,170.031,175.118,180.172,179.929,170.081,175.171,182.295,185.157,188.765,278.949,0.0000,0.0447,0.1481,0.4795,0.00,0.00,0.00,0.00
3190.00,180.000,180.000,170.000,175.000,180.055,179.938,170.032,175.119,180.167,179.934,170.085,175.171,181.736,185.110,188.709,278.910,0.0009,0.0440,0.1479,0.4794,0.00,0.00,0.00,0.00
3191.00,180.000,180.000,170.000,175.000,180.056,179.938,170.032,175.119,180.162,179.939,170.088,175.172,181.277,185.052,188.643,278.876,0.0031,0.0434,0.1477,0.4793,0.00,0.00,0.00,0.00
3192.00,180.000,180.000,170.000,175.000,180.056,179.938,170.032,175.119,180.155,179.944,170.092,175.172,180.893,184.984,188.584,278.846,0.0052,0.0428,0.1475,0.4792,0.00,0.00,0.00,0.00
3193.00,180.000,180.000,170.000,175.000,180.057,179.938,170.033,175.120,180.148,179.949,170.095,175.172,180.576,184.923,188.530,278.819,0.0071,0.0423,0.1473,0.4791,0.00,0.00,0.00,0.00
3194.00,180.000,180.000,170.000,175.000,180.058,179.939,170.033,175.120,180.141,179.954,170.098,175.173,180.321,184.868,188.482,278.796,0.0090,0.0418,0.1471,0.4789,0.00,0.00,0.00,0.00
3195.00,180.000,180.000,170.000,175.000,180.058,179.939,170.034,175.120,180.133,179.958,170.101,175.173,180.105,184.787,188.438,278.775,0.0107,0.0413,0.1469,0.4788,0.00,0.00,0.00,0.00
3196.00,180.000,180.000,170.000,175.000,180.059,179.939,170.034,175.121,180.125,179.963,170.104,175.174,179.941,184.714,188.399,278.756,0.0123,0.0408,0.1467,0.4787,0.00,0.00,0.00,0.00
3197.00,180.000,180.000,170.000,175.000,180.059,179.939,170.034,175.121,180.116,179.967,170.107,175.174,179.823,184.648,188.364,278.740,0.0138,0.0404,0.1466,0.4786,0.00,0.00,0.00,0.00
3198.00,180.000,180.000,170.000,175.000,180.060,179.939,170.035,175.121,180.108,179.972,170.110,175.175,179.733,184.589,188.333,278.725,0.0152,0.0400,0.1464,0.4785,0.00,0.00,0.00,0.00
3199.00,180.000,180.000,170.000,175.000,180.060,179.939,170.035,175.122,180.099,179.976,170.113,175.175,179.665,184.504,188.305,278.713,0.0165,0.0396,0.1463,0.4784,0.00,0.00,0.00,0.00
3200.00,180.000,180.000,170.000,175.000,180.060,179.940,170.036,175.122,180.091,179.980,170.116,175.175,179.635,184.428,188.280,278.701,0.0177,0.0392,0.1461,0.4782,0.00,0.00,0.00,0.00
3201.00,180.000,180.000,170.000,175.000,180.060,179.940,170.037,175.122,180.082,179.983,170.118,175.176,179.624,184.359,188.257,278.691,0.0189,0.0389,0.1460,0.4781,0.00,0.00,0.00,0.00
3202.00,180.000,180.000,170.000,175.000,180.060,179.940,170.037,175.123,180.073,179.987,170.121,175.176,179.628,184.297,188.205,278.683,0.0200,0.0385,0.1459,0.4780,0.00,0.00,0.00,0.00
3203.00,180.000,180.000,170.000,175.000,180.060,179.941,170.038,175.123,180.064,179.991,170.123,175.177,179.648,184.241,188.158,278.621,0.0210,0.0382,0.1458,0.4779,0.00,0.00,0.00,0.00
3204.00,180.000,180.000,170.000,175.000,180.060,179.941,170.038,175.124,180.056,179.994,170.126,175.177,179.680,184.191,188.115,278.566,0.0219,0.0379,0.1456,0.4778,0.00,0.00,0.00,0.00
3205.00,180.000,180.000,170.000,175.000,180.060,179.941,170.039,175.124,180.047,179.997,170.128,175.178,179.725,184.113,188.077,278.517,0.0228,0.0377,0.1455,0.4776,0.00,0.00,0.00,0.00
3206.00,180.000,180.000,170.000,175.000,180.060,179.942,170.039,175.124,180.039,180.001,170.130,175.178,179.780,184.044,188.043,278.474,0.0236,0.0374,0.1454,0.4775,0.00,0.00,0.00,0.00
3207.00,180.000,180.000,170.000,175.000,180.060,179.942,170.040,175.125,180.031,180.004,170.133,175.178,179.846,183.981,188.012,278.435,0.0244,0.0371,0.1453,0.4774,0.00,0.00,0.00,0.00
3208.00,180.000,180.000,170.000,175.000,180.060,179.942,170.041,175.125,180.023,180.007,170.135,175.179,179.921,183.925,187.984,278.401,0.0251,0.0369,0.1452,0.4773,0.00,0.00,0.00,0.00
3209.00,180.000,180.000,170.000,175.000,180.060,179.943,170.041,175.125,180.015,180.010,170.137,175.179,179.987,183.874,187.959,278.371,0.0258,0.0367,0.1452,0.4772,0.00,0.00,0.00,0.00
3210.00,180.000,180.000,170.000,175.000,180.059,179.943,170.042,175.126,180.007,180.012,170.139,175.179,180.063,183.828,187.937,278.345,0.0265,0.0365,0.1451,0.4771,0.00,0.00,0.00,0.00
3211.00,180.000,180.000,170.000,175.000,180.059,179.944,170.043,175.126,179.999,180.015,170.141,175.179,180.147,183.787,187.917,278.321,0.0271,0.0363,0.1450,0.4769,0.00,0.00,0.00,0.00
3212.00,180.000,180.000,170.000,175.000,180.059,179.944,170.043,175.126,179.992,180.018,170.143,175.180,180.222,183.750,187.899,278.300,0.0276,0.0361,0.1449,0.4768,0.00,0.00,0.00,0.00
3213.00,180.000,180.000,170.000,175.000,180.058,179.945,170.044,175.127,179.984,180.020,170.145,175.180,180.289,183.701,187.883,278.281,0.0281,0.0359,0.1448,0.4767,0.00,0.00,0.00,0.00
3214.00,180.000,180.000,170.000,175.000,180.058,179.945,170.045,175.127,179.977,180.023,170.147,175.180,180.381,183.640,187.869,278.265,0.0286,0.0357,0.1448,0.4766,0.00,0.00,0.00,0.00
3215.00,180.000,180.000,170.000,175.000,180.057,179.946,170.045,175.127,179.970,180.025,170.149,175.180,180.464,183.586,187.856,278.250,0.0291,0.0356,0.1447,0.4765,0.00,0.00,0.00,0.00
3216.00,180.000,180.000,170.000,175.000,180.057,179.946,170.046,175.128,179.963,180.027,170.151,175.181,180.539,183.537,187.844,278.238,0.0295,0.0354,0.1447,0.4763,0.00,0.00,0.00,0.00
3217.00,180.000,180.000,170.000,175.000,180.056,179.947,170.047,175.128,179.957,180.029,170.153,175.181,180.606,183.493,187.834,278.226,0.0299,0.0353,0.1446,0.4762,0.00,0.00,0.00,0.00
3218.00,180.000,180.000,170.000,175.000,180.055,179.947,170.047,175.129,179.950,180.031,170.155,175.181,180.682,183.453,187.825,278.216,0.0302,0.0351,0.1445,0.4761,0.00,0.00,0.00,0.00
3219.00,180.000,180.000,170.000,175.000,180.055,179.948,170.048,175.129,179.944,180.033,170.156,175.181,180.766,183.417,187.817,278.208,0.0306,0.0350,0.1445,0.4760,0.00,0.00,0.00,0.00
3220.00,180.000,180.000,170.000,175.000,180.054,179.948,170.049,175.129,179.938,180.035,170.158,175.182,180.841,183.384,187.810,278.146,0.0309,0.0349,0.1444,0.4759,0.00,0.00,0.00,0.00
3221.00,180.000,180.000,170.000,175.000,180.053,179.949,170.050,175.130,179.932,180.037,170.160,175.182,180.909,183.355,187.804,278.091,0.0312,0.0347,0.1444,0.4758,0.00,0.00,0.00,0.00
3222.00,180.000,180.000,170.000,175.000,180.052,179.950,170.050,175.130,179.926,180.039,170.161,175.182,180.970,183.329,187.192,278.042,0.0315,0.0346,0.0731,0.4756,0.00,0.00,0.00,0.00
3223.00,180.000,180.000,170.000,175.000,180.051,179.950,170.051,175.130,179.920,180.040,170.160,175.182,181.025,183.011,186.108,277.998,0.0317,0.0000,0.0759,0.4755,0.00,0.00,0.00,0.00
3224.00,180.000,180.000,170.000,175.000,180.050,179.951,170.052,175.131,179.914,180.040,170.158,175.182,181.074,182.445,185.160,277.960,0.0320,0.0000,0.0785,0.4754,0.00,0.00,0.00,0.00
3225.00,180.000,180.000,170.000,175.000,180.050,179.951,170.052,175.131,179.909,180.040,170.154,175.182,181.723,181.931,184.349,277.926,0.1033,0.0000,0.0810,0.4753,0.00,0.00,0.00,0.00
3226.00,180.000,180.000,170.000,175.000,180.049,179.952,170.053,175.131,179.906,180.038,170.148,175.182,182.839,181.467,183.663,277.895,0.1002,0.0000,0.0833,0.4752,0.00,0.00,0.00,0.00
3227.00,180.000,180.000,170.000,175.000,180.048,179.953,170.054,175.132,179.905,180.036,170.141,175.182,183.816,181.047,183.074,277.869,0.0973,0.0000,0.0856,0.4751,0.00,0.00,0.00,0.00
3228.00,180.000,180.000,170.000,175.000,180.047,179.953,170.054,175.132,179.906,180.033,170.134,175.182,184.636,180.666,182.572,277.845,0.0946,0.0000,0.0877,0.4749,0.00,0.00,0.00,0.00
3229.00,180.000,180.000,170.000,175.000,180.046,179.954,170.055,175.132,179.908,180.029,170.125,175.182,185.346,180.321,182.149,277.824,0.0920,0.0000,0.0897,0.4748,0.00,0.00,0.00,0.00
3230.00,180.000,180.000,170.000,175.000,180.045,179.954,170.055,175.133,179.911,180.025,170.116,175.182,185.942,180.008,181.797,277.805,0.0896,0.0000,0.0916,0.4747,0.00,0.00,0.00,0.00
3231.00,180.000,180.000,170.000,175.000,180.044,179.955,170.056,175.133,179.915,180.020,170.106,175.182,186.450,179.725,181.510,277.789,0.0873,0.0000,0.0934,0.4746,0.00,0.00,0.00,0.00
3232.00,180.000,180.000,170.000,175.000,180.043,179.955,170.056,175.133,179.920,180.015,170.096,175.182,186.877,179.468,181.282,277.774,0.0852,0.0000,0.0952,0.4745,0.00,0.00,0.00,0.00
3233.00,180.000,180.000,170.000,175.000,180.042,179.955,170.056,175.134,179.926,180.009,170.085,175.182,187.233,179.235,181.106,277.761,0.0832,0.0000,0.0968,0.4743,0.00,0.00,0.00,0.00
3234.00,180.000,180.000,170.000,175.000,180.042,179.956,170.056,175.134,179.932,180.003,170.075,175.182,187.523,179.024,180.961,277.749,0.0813,0.0000,0.0983,0.4742,0.00,0.00,0.00,0.00
3235.00,180.000,180.000,170.000,175.000,180.041,179.956,170.056,175.134,179.939,179.996,170.064,175.182,187.755,178.832,180.862,277.739,0.0795,0.0000,0.0998,0.4741,0.00,0.00,0.00,0.00
3236.00,180.000,180.000,170.000,175.000,180.040,179.956,170.057,175.135,179.946,179.990,170.053,175.183,187.933,178.690,180.787,277.730,0.0779,0.0014,0.1012,0.4740,0.00,0.00,0.00,0.00
3237.00,180.000,180.000,170.000,175.000,180.040,179.957,170.056,175.135,179.954,179.983,170.041,175.183,188.063,178.577,180.734,277.668,0.0763,0.0027,0.1025,0.4739,0.00,0.00,0.00,0.00
3238.00,180.000,180.000,170.000,175.000,180.039,179.957,170.056,175.135,179.961,179.975,170.030,175.183,188.165,178.489,180.717,277.613,0.0749,0.0039,0.1038,0.4738,0.00,0.00,0.00,0.00
3239.00,180.000,180.000,170.000,175.000,180.039,179.957,170.056,175.136,179.969,179.968,170.019,175.183,188.242,178.425,180.717,277.564,0.0735,0.0050,0.1050,0.4736,0.00,0.00,0.00,0.00
3240.00,180.000,180.000,170.000,175.000,180.038,179.957,170.056,175.136,179.977,179.961,170.008,175.183,188.281,178.383,180.731,277.521,0.0722,0.0061,0.1061,0.4735,0.00,0.00,0.00,0.00
3241.00,180.000,180.000,170.000,175.000,180.038,179.957,170.056,175.136,179.985,179.953,169.997,175.183,188.300,178.375,180.776,277.482,0.0710,0.0071,0.1072,0.4734,0.00,0.00,0.00,0.00
3242.00,180.000,180.000,170.000,175.000,180.037,179.957,170.055,175.136,179.992,179.946,169.986,175.182,188.303,178.368,180.815,277.448,0.0698,0.0081,0.1082,0.4733,0.00,0.00,0.00,0.00
3243.00,180.000,180.000,170.000,175.000,180.037,179.957,170.055,175.137,180.000,179.939,169.975,175.182,188.274,178.392,180.881,277.417,0.0688,0.0090,0.1092,0.4732,0.00,0.00,0.00,0.00
3244.00,180.000,180.000,170.000,175.000,180.037,179.957,170.054,175.137,180.008,179.932,169.964,175.182,188.248,178.414,180.940,277.390,0.0678,0.0099,0.1101,0.4730,0.00,0.00,0.00,0.00
3245.00,180.000,180.000,170.000,175.000,180.037,179.956,170.053,175.137,180.016,179.924,169.954,175.182,188.194,178.449,181.025,277.367,0.0668,0.0107,0.1109,0.4729,0.00,0.00,0.00,0.00
3246.00,180.000,180.000,170.000,175.000,180.037,179.956,170.053,175.138,180.023,179.917,169.943,175.182,188.146,178.496,181.101,277.345,0.0659,0.0115,0.1118,0.4728,0.00,0.00,0.00,0.00
3247.00,180.000,180.000,170.000,175.000,180.036,179.956,170.052,175.138,180.030,179.910,169.933,175.182,188.071,178.537,181.185,277.327,0.0651,0.0122,0.1125,0.4727,0.00,0.00,0.00,0.00
3248.00,180.000,180.000,170.000,175.000,180.036,179.956,170.051,175.138,180.038,179.903,169.923,175.182,188.003,178.606,181.275,277.310,0.0643,0.0129,0.1133,0.4726,0.00,0.00,0.00,0.00
3249.00,180.000,180.000,170.000,175.000,180.036,179.955,170.050,175.139,180.045,179.897,169.913,175.182,187.927,178.668,181.357,277.295,0.0636,0.0136,0.1140,0.4725,0.00,0.00,0.00,0.00
3250.00,180.000,180.000,170.000,175.000,180.037,179.955,170.049,175.139,180.052,179.890,169.904,175.182,187.842,178.723,182.037,277.282,0.0629,0.0142,0.1852,0.4723,0.00,0.00,0.00,0.00
3251.00,180.000,180.000,170.000,175.000,180.037,179.954,170.048,175.139,180.058,179.884,169.897,175.182,187.766,178.804,183.183,277.271,0.0622,0.0148,0.1830,0.4722,0.00,0.00,0.00,0.00
3252.00,180.000,180.000,170.000,175.000,180.037,179.954,170.047,175.139,180.065,179.877,169.892,175.183,187.682,178.877,184.186,277.260,0.0616,0.0154,0.1810,0.4721,0.00,0.00,0.00,0.00
3253.00,180.000,180.000,170.000,175.000,180.037,179.953,170.046,175.140,180.071,179.871,169.889,175.183,187.591,178.943,185.062,277.251,0.0610,0.0159,0.1791,0.4720,0.00,0.00,0.00,0.00
3254.00,180.000,180.000,170.000,175.000,180.037,179.953,170.045,175.140,180.078,179.865,169.887,175.183,187.509,179.018,185.823,277.189,0.0605,0.0164,0.1772,0.4719,0.00,0.00,0.00,0.00
3255.00,180.000,180.000,170.000,175.000,180.037,179.952,170.044,175.140,180.084,179.859,169.886,175.183,187.435,179.101,186.495,277.134,0.0600,0.0169,0.1755,0.4717,0.00,0.00,0.00,0.00
3256.00,180.000,180.000,170.000,175.000,180.038,179.952,170.043,175.141,180.090,179.854,169.887,175.183,187.337,179.175,187.071,277.085,0.0595,0.0173,0.1738,0.4716,0.00,0.00,0.00,0.00
3257.00,180.000,180.000,170.000,175.000,180.038,179.951,170.042,175.141,180.095,179.848,169.889,175.183,187.248,179.242,187.561,277.041,0.0591,0.0177,0.1722,0.4715,0.00,0.00,0.00,0.00
3258.00,180.000,180.000,170.000,175.000,180.039,179.950,170.041,175.141,180.101,179.843,169.891,175.183,187.169,179.302,187.987,277.003,0.0587,0.0181,0.1708,0.4714,0.00,0.00,0.00,0.00
3259.00,180.000,180.000,170.000,175.000,180.039,179.950,170.040,175.141,180.106,179.838,169.894,175.183,187.097,179.862,188.342,276.968,0.0583,0.0759,0.1693,0.4713,0.00,0.00,0.00,0.00
3260.00,180.000,180.000,170.000,175.000,180.039,179.949,170.039,175.142,180.112,179.835,169.898,175.183,187.033,180.788,188.647,276.938,0.0579,0.0736,0.1680,0.4712,0.00,0.00,0.00,0.00
3261.00,180.000,180.000,170.000,175.000,180.040,179.948,170.038,175.142,180.117,179.833,169.902,175.183,186.943,181.594,188.892,276.911,0.0575,0.0714,0.1667,0.4710,0.00,0.00,0.00,0.00
3262.00,180.000,180.000,170.000,175.000,180.040,179.947,170.037,175.142,180.122,179.833,169.907,175.184,186.862,182.291,189.097,276.887,0.0572,0.0693,0.1655,0.4709,0.00,0.00,0.00,0.00
3263.00,180.000,180.000,170.000,175.000,180.041,179.947,170.037,175.142,180.127,179.834,169.912,175.184,186.790,182.889,189.267,276.866,0.0569,0.0674,0.1643,0.4708,0.00,0.00,0.00,0.00
3264.00,180.000,180.000,170.000,175.000,180.042,179.946,170.036,175.143,180.131,179.836,169.917,175.184,186.724,183.400,189.406,276.847,0.0566,0.0655,0.1632,0.4707,0.00,0.00,0.00,0.00
3265.00,180.000,180.000,170.000,175.000,180.042,179.945,170.035,175.143,180.136,179.839,169.923,175.184,186.666,183.830,189.516,276.830,0.0564,0.0637,0.1622,0.4706,0.00,0.00,0.00,0.00
3266.00,180.000,180.000,170.000,175.000,180.043,179.944,170.034,175.143,180.140,179.843,169.928,175.184,186.613,184.187,189.600,276.816,0.0561,0.0621,0.1612,0.4704,0.00,0.00,0.00,0.00
3267.00,180.000,180.000,170.000,175.000,180.043,179.944,170.034,175.144,180.145,179.847,169.934,175.184,186.549,184.495,189.660,276.803,0.0559,0.0605,0.1603,0.4703,0.00,0.00,0.00,0.00
3268.00,180.000,180.000,170.000,175.000,180.044,179.943,170.033,175.144,180.149,179.852,169.940,175.185,186.476,184.742,189.699,276.791,0.0556,0.0590,0.1594,0.4702,0.00,0.00,0.00,0.00
3269.00,180.000,180.000,170.000,175.000,180.045,179.943,170.032,175.144,180.153,179.857,169.946,175.185,186.410,184.950,189.719,276.781,0.0554,0.0576,0.1585,0.4701,0.00,0.00,0.00,0.00
3270.00,180.000,180.000,170.000,175.000,180.046,179.942,170.032,175.144,180.157,179.862,169.951,175.185,186.351,185.107,189.738,276.772,0.0552,0.0563,0.1577,0.4700,0.00,0.00,0.00,0.00
