# QiTech extruder V2 heat-up, recorded 2026-02-24, resampled to the log's native ~1 Hz.
# Source: Aufwaermen-truder-graphs_export_2026-02-24T16-51-59.xlsx
# t_s is seconds since heating was enabled (the log's first 368 s of idle are dropped).
# duty_* is the PID duty cycle 0..1, recovered from the logged power column by dividing
# by the wattage the FIRMWARE had configured at the time (900 W barrel / 150 W nozzle),
# which did not match the real hardware (700 W barrel / 200 W nozzle). Storing duty rather
# than watts keeps this file independent of that mistake.
# Setpoints during this run: front 180, middle 180, back 170, nozzle 175 degC. kp=0.16 ki=0 kd=0.008.
t_s,T_front,T_middle,T_back,T_nozzle,duty_front,duty_middle,duty_back,duty_nozzle
0.00,22.3,22.0,22.0,22.3,1.0000,1.0000,1.0000,0.9500
1.01,22.3,22.0,22.0,22.3,1.0000,1.0000,1.0000,0.9500
2.02,22.3,22.0,22.0,22.3,1.0000,1.0000,1.0000,0.9500
3.03,22.3,22.0,22.0,22.3,1.0000,1.0000,1.0000,0.9500
4.04,22.3,22.0,22.0,22.3,1.0000,1.0000,1.0000,0.9500
5.04,22.3,22.0,22.0,22.3,1.0000,1.0000,1.0000,0.9500
6.05,22.3,22.0,22.0,22.3,1.0000,1.0000,1.0000,0.9500
7.06,22.3,22.0,22.0,22.3,1.0000,1.0000,1.0000,0.9500
8.07,22.3,22.0,22.0,22.3,1.0000,1.0000,1.0000,0.9500
9.08,22.3,22.0,22.0,22.3,1.0000,1.0000,1.0000,0.9500
10.09,22.3,22.0,22.0,22.3,1.0000,1.0000,1.0000,0.9500
11.10,22.3,22.0,22.0,22.3,1.0000,1.0000,1.0000,0.9500
12.11,22.3,22.0,22.0,22.3,1.0000,1.0000,1.0000,0.9500
13.12,22.3,22.0,22.0,22.3,1.0000,1.0000,1.0000,0.9500
14.13,22.3,22.0,22.0,22.3,1.0000,1.0000,1.0000,0.9500
15.14,22.3,22.0,22.0,22.3,1.0000,1.0000,1.0000,0.9500
16.15,22.3,22.0,22.0,22.3,1.0000,1.0000,1.0000,0.9500
17.15,22.3,22.0,22.0,22.3,1.0000,1.0000,1.0000,0.9500
18.16,22.3,22.0,22.0,22.3,1.0000,1.0000,1.0000,0.9500
19.17,22.3,22.0,22.0,22.3,1.0000,1.0000,1.0000,0.9500
20.18,22.3,22.0,22.0,22.3,1.0000,1.0000,1.0000,0.9500
21.19,22.3,22.0,22.0,22.3,1.0000,1.0000,1.0000,0.9500
22.20,22.3,22.0,22.0,22.3,1.0000,1.0000,1.0000,0.9500
23.21,22.3,22.0,22.0,22.3,1.0000,1.0000,1.0000,0.9500
24.22,22.4,22.1,22.0,22.3,1.0000,1.0000,1.0000,0.9500
25.23,22.4,22.1,22.1,22.3,1.0000,1.0000,1.0000,0.9500
26.24,22.4,22.1,22.1,22.3,1.0000,1.0000,1.0000,0.9500
27.25,22.4,22.1,22.1,22.4,1.0000,1.0000,1.0000,0.9500
28.26,22.4,22.1,22.1,22.4,1.0000,1.0000,1.0000,0.9500
29.26,22.4,22.1,22.1,22.4,1.0000,1.0000,1.0000,0.9500
30.27,22.4,22.1,22.1,22.4,1.0000,1.0000,1.0000,0.9500
31.28,22.5,22.2,22.1,22.4,1.0000,1.0000,1.0000,0.9500
32.29,22.5,22.2,22.2,22.4,1.0000,1.0000,1.0000,0.9500
33.30,22.5,22.2,22.2,22.4,1.0000,1.0000,1.0000,0.9500
34.31,22.5,22.2,22.2,22.5,1.0000,1.0000,1.0000,0.9500
35.32,22.5,22.3,22.2,22.5,1.0000,1.0000,1.0000,0.9500
36.33,22.6,22.3,22.2,22.5,1.0000,1.0000,1.0000,0.9500
37.34,22.6,22.3,22.3,22.5,1.0000,1.0000,1.0000,0.9500
38.35,22.6,22.3,22.3,22.5,1.0000,1.0000,1.0000,0.9500
39.36,22.7,22.4,22.3,22.5,1.0000,1.0000,1.0000,0.9500
40.36,22.7,22.4,22.4,22.6,1.0000,1.0000,1.0000,0.9500
41.37,22.8,22.4,22.4,22.6,1.0000,1.0000,1.0000,0.9500
42.38,22.8,22.5,22.4,22.6,1.0000,1.0000,1.0000,0.9500
43.39,22.8,22.5,22.5,22.6,1.0000,1.0000,1.0000,0.9500
44.40,22.9,22.5,22.5,22.7,1.0000,1.0000,1.0000,0.9500
45.41,22.9,22.6,22.6,22.7,1.0000,1.0000,1.0000,0.9500
46.42,23.0,22.6,22.6,22.7,1.0000,1.0000,1.0000,0.9500
47.43,23.0,22.7,22.7,22.7,1.0000,1.0000,1.0000,0.9500
48.44,23.1,22.7,22.7,22.8,1.0000,1.0000,1.0000,0.9500
49.45,23.1,22.8,22.8,22.8,1.0000,1.0000,1.0000,0.9500
50.46,23.2,22.8,22.8,22.8,1.0000,1.0000,1.0000,0.9500
51.47,23.2,22.9,22.9,22.9,1.0000,1.0000,1.0000,0.9500
52.48,23.3,23.0,22.9,22.9,1.0000,1.0000,1.0000,0.9500
53.49,23.4,23.0,23.0,22.9,1.0000,1.0000,1.0000,0.9500
54.49,23.4,23.1,23.1,23.0,1.0000,1.0000,1.0000,0.9500
55.50,23.5,23.2,23.1,23.0,1.0000,1.0000,1.0000,0.9500
56.51,23.6,23.2,23.2,23.0,1.0000,1.0000,1.0000,0.9500
57.52,23.6,23.3,23.2,23.1,1.0000,1.0000,1.0000,0.9500
58.53,23.7,23.4,23.3,23.1,1.0000,1.0000,1.0000,0.9500
59.54,23.8,23.4,23.4,23.2,1.0000,1.0000,1.0000,0.9500
60.55,23.9,23.5,23.5,23.2,1.0000,1.0000,1.0000,0.9500
61.56,23.9,23.6,23.5,23.2,1.0000,1.0000,1.0000,0.9500
62.57,24.0,23.6,23.6,23.3,1.0000,1.0000,1.0000,0.9500
63.58,24.1,23.7,23.7,23.3,1.0000,1.0000,1.0000,0.9500
64.59,24.2,23.8,23.7,23.4,1.0000,1.0000,1.0000,0.9500
65.60,24.2,23.8,23.8,23.4,1.0000,1.0000,1.0000,0.9500
66.61,24.3,23.9,23.9,23.4,1.0000,1.0000,1.0000,0.9500
67.61,24.4,24.0,24.0,23.5,1.0000,1.0000,1.0000,0.9500
68.62,24.5,24.1,24.1,23.5,1.0000,1.0000,1.0000,0.9500
69.63,24.6,24.2,24.2,23.6,1.0000,1.0000,1.0000,0.9500
70.64,24.7,24.3,24.3,23.6,1.0000,1.0000,1.0000,0.9500
71.65,24.8,24.4,24.3,23.7,1.0000,1.0000,1.0000,0.9500
72.66,24.9,24.5,24.4,23.7,1.0000,1.0000,1.0000,0.9500
73.67,25.0,24.5,24.5,23.8,1.0000,1.0000,1.0000,0.9500
74.68,25.1,24.6,24.6,23.8,1.0000,1.0000,1.0000,0.9500
75.69,25.2,24.8,24.7,23.9,1.0000,1.0000,1.0000,0.9500
76.69,25.3,24.9,24.8,23.9,1.0000,1.0000,1.0000,0.9500
77.70,25.4,24.9,24.9,24.0,1.0000,1.0000,1.0000,0.9500
78.71,25.5,25.0,25.0,24.0,1.0000,1.0000,1.0000,0.9500
79.72,25.6,25.1,25.1,24.1,1.0000,1.0000,1.0000,0.9500
80.73,25.7,25.3,25.2,24.1,1.0000,1.0000,1.0000,0.9500
81.74,25.8,25.4,25.4,24.2,1.0000,1.0000,1.0000,0.9500
82.75,25.9,25.5,25.5,24.2,1.0000,1.0000,1.0000,0.9500
83.76,26.1,25.6,25.6,24.3,1.0000,1.0000,1.0000,0.9500
84.77,26.2,25.7,25.7,24.3,1.0000,1.0000,1.0000,0.9500
85.78,26.3,25.8,25.8,24.4,1.0000,1.0000,1.0000,0.9500
86.79,26.4,25.9,25.9,24.4,1.0000,1.0000,1.0000,0.9500
87.80,26.5,26.0,26.0,24.5,1.0000,1.0000,1.0000,0.9500
88.81,26.7,26.1,26.2,24.5,1.0000,1.0000,1.0000,0.9500
89.82,26.8,26.3,26.3,24.6,1.0000,1.0000,1.0000,0.9500
90.82,26.9,26.4,26.4,24.7,1.0000,1.0000,1.0000,0.9500
91.83,27.1,26.5,26.5,24.7,1.0000,1.0000,1.0000,0.9500
92.84,27.2,26.6,26.6,24.8,1.0000,1.0000,1.0000,0.9500
93.85,27.3,26.7,26.8,24.8,1.0000,1.0000,1.0000,0.9500
94.86,27.4,26.9,26.9,24.9,1.0000,1.0000,1.0000,0.9500
95.87,27.6,27.0,27.0,25.0,1.0000,1.0000,1.0000,0.9500
96.88,27.7,27.1,27.1,25.0,1.0000,1.0000,1.0000,0.9500
97.89,27.8,27.2,27.3,25.1,1.0000,1.0000,1.0000,0.9500
98.90,28.0,27.4,27.4,25.1,1.0000,1.0000,1.0000,0.9500
99.91,28.1,27.5,27.5,25.2,1.0000,1.0000,1.0000,0.9500
100.92,28.2,27.6,27.7,25.3,1.0000,1.0000,1.0000,0.9500
101.93,28.4,27.8,27.8,25.3,1.0000,1.0000,1.0000,0.9500
102.94,28.5,27.9,27.9,25.4,1.0000,1.0000,1.0000,0.9500
103.94,28.7,28.1,28.1,25.5,1.0000,1.0000,1.0000,0.9500
104.95,28.8,28.2,28.2,25.5,1.0000,1.0000,1.0000,0.9500
105.96,29.0,28.3,28.3,25.6,1.0000,1.0000,1.0000,0.9500
106.97,29.1,28.4,28.5,25.6,1.0000,1.0000,1.0000,0.9500
107.98,29.3,28.6,28.7,25.7,1.0000,1.0000,1.0000,0.9500
108.99,29.4,28.7,28.8,25.8,1.0000,1.0000,1.0000,0.9500
110.00,29.6,28.9,29.0,25.9,1.0000,1.0000,1.0000,0.9500
111.01,29.7,29.0,29.1,25.9,1.0000,1.0000,1.0000,0.9500
112.02,29.9,29.2,29.2,26.0,1.0000,1.0000,1.0000,0.9500
113.03,30.0,29.3,29.4,26.0,1.0000,1.0000,1.0000,0.9500
114.03,30.2,29.5,29.5,26.1,1.0000,1.0000,1.0000,0.9500
115.04,30.3,29.6,29.7,26.2,1.0000,1.0000,1.0000,0.9500
116.05,30.5,29.8,29.8,26.2,1.0000,1.0000,1.0000,0.9500
117.06,30.7,29.9,30.0,26.3,1.0000,1.0000,1.0000,0.9500
118.07,30.8,30.1,30.2,26.4,1.0000,1.0000,1.0000,0.9500
119.08,31.0,30.2,30.3,26.5,1.0000,1.0000,1.0000,0.9500
120.09,31.2,30.4,30.5,26.5,1.0000,1.0000,1.0000,0.9500
121.10,31.3,30.6,30.6,26.6,1.0000,1.0000,1.0000,0.9500
122.11,31.5,30.7,30.8,26.7,1.0000,1.0000,1.0000,0.9500
123.12,31.6,30.8,31.0,26.7,1.0000,1.0000,1.0000,0.9500
124.13,31.8,31.0,31.1,26.8,1.0000,1.0000,1.0000,0.9500
125.14,32.0,31.2,31.3,26.9,1.0000,1.0000,1.0000,0.9500
126.15,32.2,31.3,31.5,27.0,1.0000,1.0000,1.0000,0.9500
127.15,32.3,31.5,31.6,27.0,1.0000,1.0000,1.0000,0.9500
128.16,32.5,31.7,31.8,27.1,1.0000,1.0000,1.0000,0.9500
129.17,32.7,31.8,31.9,27.2,1.0000,1.0000,1.0000,0.9500
130.18,32.8,32.0,32.1,27.2,1.0000,1.0000,1.0000,0.9500
131.19,33.0,32.1,32.3,27.3,1.0000,1.0000,1.0000,0.9500
132.20,33.2,32.3,32.5,27.4,1.0000,1.0000,1.0000,0.9500
133.21,33.3,32.5,32.7,27.5,1.0000,1.0000,1.0000,0.9500
134.22,33.5,32.7,32.8,27.5,1.0000,1.0000,1.0000,0.9500
135.23,33.7,32.8,33.0,27.6,1.0000,1.0000,1.0000,0.9500
136.24,33.9,33.0,33.1,27.7,1.0000,1.0000,1.0000,0.9500
137.25,34.0,33.2,33.3,27.8,1.0000,1.0000,1.0000,0.9500
138.26,34.2,33.3,33.5,27.8,1.0000,1.0000,1.0000,0.9500
139.26,34.4,33.5,33.7,27.9,1.0000,1.0000,1.0000,0.9500
140.27,34.6,33.7,33.9,28.0,1.0000,1.0000,1.0000,0.9500
141.28,34.8,33.9,34.1,28.1,1.0000,1.0000,1.0000,0.9500
142.29,35.0,34.1,34.2,28.1,1.0000,1.0000,1.0000,0.9500
143.30,35.2,34.2,34.4,28.2,1.0000,1.0000,1.0000,0.9500
144.31,35.3,34.4,34.6,28.3,1.0000,1.0000,1.0000,0.9500
145.32,35.5,34.6,34.8,28.4,1.0000,1.0000,1.0000,0.9500
146.33,35.7,34.7,35.0,28.5,1.0000,1.0000,1.0000,0.9500
147.34,35.9,34.9,35.2,28.5,1.0000,1.0000,1.0000,0.9500
148.35,36.1,35.1,35.4,28.6,1.0000,1.0000,1.0000,0.9500
149.36,36.3,35.3,35.5,28.7,1.0000,1.0000,1.0000,0.9500
150.37,36.5,35.5,35.7,28.8,1.0000,1.0000,1.0000,0.9500
151.37,36.6,35.7,35.9,28.8,1.0000,1.0000,1.0000,0.9500
152.38,36.8,35.8,36.1,28.9,1.0000,1.0000,1.0000,0.9500
153.39,37.0,36.0,36.3,29.0,1.0000,1.0000,1.0000,0.9500
154.40,37.2,36.2,36.5,29.1,1.0000,1.0000,1.0000,0.9500
155.41,37.4,36.4,36.7,29.2,1.0000,1.0000,1.0000,0.9500
156.42,37.6,36.6,36.9,29.2,1.0000,1.0000,1.0000,0.9500
157.43,37.8,36.8,37.0,29.3,1.0000,1.0000,1.0000,0.9500
158.44,38.0,37.0,37.2,29.4,1.0000,1.0000,1.0000,0.9500
159.45,38.2,37.2,37.4,29.5,1.0000,1.0000,1.0000,0.9500
160.46,38.4,37.4,37.6,29.6,1.0000,1.0000,1.0000,0.9500
161.47,38.6,37.5,37.8,29.6,1.0000,1.0000,1.0000,0.9500
162.48,38.8,37.7,38.0,29.7,1.0000,1.0000,1.0000,0.9500
163.49,39.0,37.9,38.2,29.8,1.0000,1.0000,1.0000,0.9500
164.49,39.2,38.1,38.4,29.9,1.0000,1.0000,1.0000,0.9500
165.50,39.4,38.3,38.6,29.9,1.0000,1.0000,1.0000,0.9500
166.51,39.6,38.5,38.8,30.0,1.0000,1.0000,1.0000,0.9500
167.52,39.8,38.7,39.0,30.1,1.0000,1.0000,1.0000,0.9500
168.53,40.0,38.9,39.2,30.2,1.0000,1.0000,1.0000,0.9500
169.54,40.2,39.1,39.4,30.3,1.0000,1.0000,1.0000,0.9500
170.55,40.4,39.3,39.6,30.4,1.0000,1.0000,1.0000,0.9500
171.56,40.6,39.5,39.8,30.4,1.0000,1.0000,1.0000,0.9500
172.57,40.8,39.7,40.0,30.5,1.0000,1.0000,1.0000,0.9500
173.58,41.0,39.9,40.2,30.6,1.0000,1.0000,1.0000,0.9500
174.59,41.2,40.1,40.4,30.6,1.0000,1.0000,1.0000,0.9500
175.60,41.4,40.3,40.6,30.7,1.0000,1.0000,1.0000,0.9500
176.61,41.7,40.5,40.8,30.8,1.0000,1.0000,1.0000,0.9500
177.61,41.9,40.7,41.1,30.8,1.0000,1.0000,1.0000,0.9500
178.62,42.1,40.9,41.3,30.9,1.0000,1.0000,1.0000,0.9500
179.63,42.3,41.1,41.4,30.9,1.0000,1.0000,1.0000,0.9500
180.64,42.5,41.3,41.7,31.0,1.0000,1.0000,1.0000,0.9500
181.65,42.7,41.5,41.9,31.1,1.0000,1.0000,1.0000,0.9500
182.66,42.9,41.7,42.1,31.1,1.0000,1.0000,1.0000,0.9500
183.67,43.1,41.9,42.3,31.2,1.0000,1.0000,1.0000,0.9500
184.68,43.3,42.1,42.5,31.3,1.0000,1.0000,1.0000,0.9500
185.69,43.5,42.3,42.7,31.3,1.0000,1.0000,1.0000,0.9500
186.70,43.8,42.6,42.9,31.4,1.0000,1.0000,1.0000,0.9500
187.71,44.0,42.7,43.1,31.5,1.0000,1.0000,1.0000,0.9500
188.71,44.2,43.0,43.4,31.6,1.0000,1.0000,1.0000,0.9500
189.72,44.4,43.2,43.6,31.6,1.0000,1.0000,1.0000,0.9500
190.73,44.6,43.4,43.8,31.7,1.0000,1.0000,1.0000,0.9500
191.74,44.8,43.6,44.0,31.8,1.0000,1.0000,1.0000,0.9500
192.75,45.0,43.8,44.2,31.8,1.0000,1.0000,1.0000,0.9500
193.76,45.3,44.0,44.4,31.9,1.0000,1.0000,1.0000,0.9500
194.77,45.5,44.2,44.6,32.0,1.0000,1.0000,1.0000,0.9500
195.78,45.7,44.4,44.8,32.0,1.0000,1.0000,1.0000,0.9500
196.79,45.9,44.6,45.1,32.1,1.0000,1.0000,1.0000,0.9500
197.80,46.1,44.8,45.3,32.2,1.0000,1.0000,1.0000,0.9500
198.81,46.3,45.1,45.5,32.3,1.0000,1.0000,1.0000,0.9500
199.82,46.5,45.3,45.7,32.3,1.0000,1.0000,1.0000,0.9500
200.83,46.8,45.5,45.9,32.4,1.0000,1.0000,1.0000,0.9500
201.84,47.0,45.7,46.1,32.5,1.0000,1.0000,1.0000,0.9500
202.84,47.2,45.9,46.4,32.6,1.0000,1.0000,1.0000,0.9500
203.85,47.4,46.1,46.6,32.6,1.0000,1.0000,1.0000,0.9500
204.86,47.6,46.4,46.8,32.7,1.0000,1.0000,1.0000,0.9500
205.87,47.8,46.6,47.0,32.8,1.0000,1.0000,1.0000,0.9500
206.88,48.1,46.8,47.3,32.9,1.0000,1.0000,1.0000,0.9500
207.89,48.3,47.0,47.5,33.0,1.0000,1.0000,1.0000,0.9500
208.90,48.5,47.3,47.7,33.0,1.0000,1.0000,1.0000,0.9500
209.91,48.7,47.4,47.9,33.1,1.0000,1.0000,1.0000,0.9500
210.92,48.9,47.7,48.1,33.2,1.0000,1.0000,1.0000,0.9500
211.93,49.2,47.9,48.4,33.3,1.0000,1.0000,1.0000,0.9500
212.94,49.4,48.1,48.6,33.4,1.0000,1.0000,1.0000,0.9500
213.95,49.6,48.3,48.8,33.4,1.0000,1.0000,1.0000,0.9500
214.96,49.9,48.6,49.0,33.5,1.0000,1.0000,1.0000,0.9500
215.96,50.1,48.8,49.2,33.6,1.0000,1.0000,1.0000,0.9500
216.97,50.3,49.0,49.5,33.7,1.0000,1.0000,1.0000,0.9500
217.98,50.5,49.2,49.7,33.8,1.0000,1.0000,1.0000,0.9500
218.99,50.7,49.4,49.9,33.8,1.0000,1.0000,1.0000,0.9500
220.00,51.0,49.7,50.2,33.9,1.0000,1.0000,1.0000,0.9500
221.01,51.2,49.9,50.4,34.0,1.0000,1.0000,1.0000,0.9500
222.02,51.4,50.1,50.6,34.1,1.0000,1.0000,1.0000,0.9500
223.03,51.7,50.4,50.8,34.2,1.0000,1.0000,1.0000,0.9500
224.04,51.9,50.5,51.0,34.3,1.0000,1.0000,1.0000,0.9500
225.05,52.1,50.8,51.3,34.4,1.0000,1.0000,1.0000,0.9500
226.06,52.3,51.0,51.5,34.4,1.0000,1.0000,1.0000,0.9500
227.07,52.5,51.2,51.7,34.5,1.0000,1.0000,1.0000,0.9500
228.07,52.8,51.5,52.0,34.6,1.0000,1.0000,1.0000,0.9500
229.08,53.0,51.7,52.2,34.7,1.0000,1.0000,1.0000,0.9500
230.09,53.3,51.9,52.4,34.8,1.0000,1.0000,1.0000,0.9500
231.10,53.5,52.1,52.6,34.8,1.0000,1.0000,1.0000,0.9500
232.11,53.7,52.3,52.9,34.9,1.0000,1.0000,1.0000,0.9500
233.12,53.9,52.6,53.1,35.0,1.0000,1.0000,1.0000,0.9500
234.13,54.1,52.8,53.3,35.1,1.0000,1.0000,1.0000,0.9500
235.14,54.4,53.0,53.6,35.2,1.0000,1.0000,1.0000,0.9500
236.15,54.6,53.3,53.8,35.3,1.0000,1.0000,1.0000,0.9500
237.16,54.8,53.5,54.0,35.4,1.0000,1.0000,1.0000,0.9500
238.17,55.1,53.7,54.2,35.5,1.0000,1.0000,1.0000,0.9500
239.18,55.3,53.9,54.5,35.6,1.0000,1.0000,1.0000,0.9500
240.18,55.5,54.2,54.7,35.7,1.0000,1.0000,1.0000,0.9500
241.19,55.8,54.4,54.9,35.7,1.0000,1.0000,1.0000,0.9500
242.20,56.0,54.6,55.2,35.8,1.0000,1.0000,1.0000,0.9500
243.21,56.2,54.9,55.4,35.9,1.0000,1.0000,1.0000,0.9500
244.22,56.5,55.1,55.7,36.0,1.0000,1.0000,1.0000,0.9500
245.23,56.7,55.4,55.9,36.1,1.0000,1.0000,1.0000,0.9500
246.24,56.9,55.6,56.1,36.2,1.0000,1.0000,1.0000,0.9500
247.25,57.1,55.8,56.3,36.3,1.0000,1.0000,1.0000,0.9500
248.26,57.4,56.0,56.6,36.3,1.0000,1.0000,1.0000,0.9500
249.27,57.6,56.3,56.8,36.4,1.0000,1.0000,1.0000,0.9500
250.28,57.8,56.5,57.1,36.5,1.0000,1.0000,1.0000,0.9500
251.29,58.1,56.8,57.3,36.6,1.0000,1.0000,1.0000,0.9500
252.29,58.3,57.0,57.5,36.7,1.0000,1.0000,1.0000,0.9500
253.30,58.5,57.2,57.7,36.8,1.0000,1.0000,1.0000,0.9500
254.31,58.7,57.4,58.0,36.9,1.0000,1.0000,1.0000,0.9500
255.32,59.0,57.7,58.2,37.0,1.0000,1.0000,1.0000,0.9500
256.33,59.2,57.9,58.5,37.0,1.0000,1.0000,1.0000,0.9500
257.34,59.5,58.2,58.7,37.2,1.0000,1.0000,1.0000,0.9500
258.35,59.7,58.4,58.9,37.3,1.0000,1.0000,1.0000,0.9500
259.36,60.0,58.6,59.2,37.3,1.0000,1.0000,1.0000,0.9500
260.37,60.2,58.9,59.4,37.4,1.0000,1.0000,1.0000,0.9500
261.38,60.4,59.1,59.6,37.5,1.0000,1.0000,1.0000,0.9500
262.39,60.6,59.3,59.9,37.6,1.0000,1.0000,1.0000,0.9500
263.40,60.9,59.6,60.1,37.7,1.0000,1.0000,1.0000,0.9500
264.41,61.1,59.8,60.3,37.8,1.0000,1.0000,1.0000,0.9500
265.41,61.4,60.0,60.6,37.9,1.0000,1.0000,1.0000,0.9500
266.42,61.6,60.3,60.8,38.0,1.0000,1.0000,1.0000,0.9500
267.43,61.8,60.5,61.0,38.0,1.0000,1.0000,1.0000,0.9500
268.44,62.1,60.7,61.3,38.1,1.0000,1.0000,1.0000,0.9500
269.45,62.3,61.0,61.5,38.2,1.0000,1.0000,1.0000,0.9500
270.46,62.5,61.2,61.8,38.3,1.0000,1.0000,1.0000,0.9500
271.47,62.8,61.5,62.0,38.4,1.0000,1.0000,1.0000,0.9500
272.48,63.0,61.7,62.2,38.5,1.0000,1.0000,1.0000,0.9500
273.49,63.2,62.0,62.5,38.6,1.0000,1.0000,1.0000,0.9500
274.50,63.5,62.2,62.7,38.7,1.0000,1.0000,1.0000,0.9500
275.51,63.7,62.4,62.9,38.8,1.0000,1.0000,1.0000,0.9500
276.52,63.9,62.7,63.2,38.9,1.0000,1.0000,1.0000,0.9500
277.52,64.2,62.9,63.4,38.9,1.0000,1.0000,1.0000,0.9500
278.53,64.4,63.2,63.7,39.0,1.0000,1.0000,1.0000,0.9500
279.54,64.7,63.4,63.9,39.1,1.0000,1.0000,1.0000,0.9500
280.55,64.9,63.7,64.2,39.2,1.0000,1.0000,1.0000,0.9500
281.56,65.2,63.9,64.4,39.3,1.0000,1.0000,1.0000,0.9500
282.57,65.4,64.1,64.6,39.4,1.0000,1.0000,1.0000,0.9500
283.58,65.6,64.4,64.9,39.5,1.0000,1.0000,1.0000,0.9500
284.59,65.8,64.6,65.1,39.6,1.0000,1.0000,1.0000,0.9500
285.60,66.1,64.8,65.4,39.7,1.0000,1.0000,1.0000,0.9500
286.61,66.3,65.1,65.6,39.7,1.0000,1.0000,1.0000,0.9500
287.62,66.6,65.3,65.8,39.8,1.0000,1.0000,1.0000,0.9500
288.63,66.8,65.6,66.1,39.9,1.0000,1.0000,1.0000,0.9500
289.63,67.1,65.8,66.3,40.0,1.0000,1.0000,1.0000,0.9500
290.64,67.3,66.0,66.5,40.1,1.0000,1.0000,1.0000,0.9500
291.65,67.5,66.3,66.8,40.2,1.0000,1.0000,1.0000,0.9500
292.66,67.7,66.5,67.0,40.3,1.0000,1.0000,1.0000,0.9500
293.67,68.0,66.8,67.3,40.4,1.0000,1.0000,1.0000,0.9500
294.68,68.2,67.0,67.5,40.5,1.0000,1.0000,1.0000,0.9500
295.69,68.5,67.3,67.8,40.6,1.0000,1.0000,1.0000,0.9500
296.70,68.7,67.6,68.0,40.6,1.0000,1.0000,1.0000,0.9500
297.71,69.0,67.8,68.2,40.7,1.0000,1.0000,1.0000,0.9500
298.72,69.2,68.0,68.5,40.8,1.0000,1.0000,1.0000,0.9500
299.73,69.4,68.3,68.7,40.9,1.0000,1.0000,1.0000,0.9500
300.74,69.7,68.5,69.0,41.0,1.0000,1.0000,1.0000,0.9500
301.75,69.9,68.8,69.2,41.1,1.0000,1.0000,1.0000,0.9500
302.75,70.2,69.0,69.5,41.2,1.0000,1.0000,1.0000,0.9500
303.76,70.4,69.3,69.7,41.3,1.0000,1.0000,1.0000,0.9500
304.77,70.6,69.5,69.9,41.4,1.0000,1.0000,1.0000,0.9500
305.78,70.8,69.7,70.2,41.5,1.0000,1.0000,1.0000,0.9500
306.79,71.1,70.0,70.4,41.6,1.0000,1.0000,1.0000,0.9500
307.80,71.3,70.2,70.7,41.7,1.0000,1.0000,1.0000,0.9500
308.81,71.6,70.5,70.9,41.8,1.0000,1.0000,1.0000,0.9500
309.82,71.8,70.7,71.2,41.8,1.0000,1.0000,1.0000,0.9500
310.83,72.1,71.0,71.4,41.9,1.0000,1.0000,1.0000,0.9500
311.84,72.3,71.2,71.6,42.0,1.0000,1.0000,1.0000,0.9500
312.85,72.5,71.5,71.9,42.1,1.0000,1.0000,1.0000,0.9500
313.86,72.8,71.7,72.1,42.2,1.0000,1.0000,1.0000,0.9500
314.86,73.0,72.0,72.4,42.3,1.0000,1.0000,1.0000,0.9500
315.87,73.3,72.2,72.6,42.4,1.0000,1.0000,1.0000,0.9500
316.88,73.5,72.5,72.9,42.5,1.0000,1.0000,1.0000,0.9500
317.89,73.8,72.7,73.1,42.6,1.0000,1.0000,1.0000,0.9500
318.90,74.0,73.0,73.3,42.7,1.0000,1.0000,1.0000,0.9500
319.91,74.3,73.2,73.6,42.8,1.0000,1.0000,1.0000,0.9500
320.92,74.5,73.5,73.8,42.9,1.0000,1.0000,1.0000,0.9500
321.93,74.7,73.7,74.1,42.9,1.0000,1.0000,1.0000,0.9500
322.94,75.0,74.0,74.3,43.0,1.0000,1.0000,1.0000,0.9500
323.95,75.2,74.2,74.6,43.2,1.0000,1.0000,1.0000,0.9500
324.96,75.5,74.5,74.8,43.2,1.0000,1.0000,1.0000,0.9500
325.97,75.7,74.7,75.0,43.3,1.0000,1.0000,1.0000,0.9500
326.97,76.0,74.9,75.3,43.4,1.0000,1.0000,1.0000,0.9500
327.98,76.2,75.2,75.5,43.5,1.0000,1.0000,1.0000,0.9500
328.99,76.4,75.5,75.8,43.6,1.0000,1.0000,1.0000,0.9500
330.00,76.7,75.7,76.0,43.7,1.0000,1.0000,1.0000,0.9500
331.01,76.9,76.0,76.3,43.8,1.0000,1.0000,1.0000,0.9500
332.02,77.2,76.2,76.5,43.9,1.0000,1.0000,1.0000,0.9500
333.03,77.4,76.5,76.8,44.0,1.0000,1.0000,1.0000,0.9500
334.04,77.6,76.7,77.0,44.1,1.0000,1.0000,1.0000,0.9500
335.05,77.9,77.0,77.3,44.2,1.0000,1.0000,1.0000,0.9500
336.06,78.1,77.2,77.5,44.2,1.0000,1.0000,1.0000,0.9500
337.07,78.4,77.5,77.8,44.4,1.0000,1.0000,1.0000,0.9500
338.08,78.6,77.7,78.0,44.4,1.0000,1.0000,1.0000,0.9500
339.08,78.9,78.0,78.3,44.5,1.0000,1.0000,1.0000,0.9500
340.09,79.1,78.3,78.5,44.6,1.0000,1.0000,1.0000,0.9500
341.10,79.3,78.5,78.7,44.7,1.0000,1.0000,1.0000,0.9500
342.11,79.5,78.7,79.0,44.8,1.0000,1.0000,1.0000,0.9500
343.12,79.8,79.0,79.2,44.9,1.0000,1.0000,1.0000,0.9500
344.13,80.0,79.3,79.5,45.0,1.0000,1.0000,1.0000,0.9500
345.14,80.3,79.5,79.7,45.1,1.0000,1.0000,1.0000,0.9500
346.15,80.5,79.8,80.0,45.2,1.0000,1.0000,1.0000,0.9500
347.16,80.8,80.0,80.2,45.3,1.0000,1.0000,1.0000,0.9500
348.17,81.0,80.3,80.5,45.4,1.0000,1.0000,1.0000,0.9500
349.18,81.3,80.5,80.7,45.5,1.0000,1.0000,1.0000,0.9500
350.19,81.5,80.8,81.0,45.6,1.0000,1.0000,1.0000,0.9500
351.19,81.8,81.0,81.2,45.7,1.0000,1.0000,1.0000,0.9500
352.20,82.0,81.3,81.4,45.7,1.0000,1.0000,1.0000,0.9500
353.21,82.2,81.6,81.7,45.8,1.0000,1.0000,1.0000,0.9500
354.22,82.5,81.8,82.0,45.9,1.0000,1.0000,1.0000,0.9500
355.23,82.7,82.1,82.2,46.0,1.0000,1.0000,1.0000,0.9500
356.24,83.0,82.3,82.4,46.1,1.0000,1.0000,1.0000,0.9500
357.25,83.2,82.6,82.7,46.2,1.0000,1.0000,1.0000,0.9500
358.26,83.5,82.8,82.9,46.3,1.0000,1.0000,1.0000,0.9500
359.27,83.7,83.1,83.2,46.4,1.0000,1.0000,1.0000,0.9500
360.28,83.9,83.3,83.4,46.5,1.0000,1.0000,1.0000,0.9500
361.29,84.2,83.6,83.7,46.6,1.0000,1.0000,1.0000,0.9500
362.30,84.5,83.9,83.9,46.7,1.0000,1.0000,1.0000,0.9500
363.30,84.7,84.1,84.2,46.8,1.0000,1.0000,1.0000,0.9500
364.31,84.9,84.3,84.4,46.9,1.0000,1.0000,1.0000,0.9500
365.32,85.2,84.6,84.7,47.0,1.0000,1.0000,1.0000,0.9500
366.33,85.4,84.9,84.9,47.0,1.0000,1.0000,1.0000,0.9500
367.34,85.7,85.1,85.2,47.1,1.0000,1.0000,1.0000,0.9500
368.35,85.9,85.4,85.4,47.2,1.0000,1.0000,1.0000,0.9500
369.36,86.2,85.7,85.7,47.3,1.0000,1.0000,1.0000,0.9500
370.37,86.4,85.9,85.9,47.4,1.0000,1.0000,1.0000,0.9500
371.38,86.6,86.1,86.1,47.5,1.0000,1.0000,1.0000,0.9500
372.39,86.8,86.4,86.4,47.6,1.0000,1.0000,1.0000,0.9500
373.40,87.1,86.7,86.6,47.7,1.0000,1.0000,1.0000,0.9500
374.41,87.4,86.9,86.9,47.8,1.0000,1.0000,1.0000,0.9500
375.42,87.6,87.2,87.1,47.9,1.0000,1.0000,1.0000,0.9500
376.42,87.8,87.4,87.4,48.0,1.0000,1.0000,1.0000,0.9500
377.43,88.1,87.7,87.6,48.1,1.0000,1.0000,1.0000,0.9500
378.44,88.3,87.9,87.9,48.2,1.0000,1.0000,1.0000,0.9500
379.45,88.6,88.2,88.1,48.2,1.0000,1.0000,1.0000,0.9500
380.46,88.8,88.5,88.4,48.3,1.0000,1.0000,1.0000,0.9500
381.47,89.1,88.7,88.6,48.4,1.0000,1.0000,1.0000,0.9500
382.48,89.3,89.0,88.9,48.5,1.0000,1.0000,1.0000,0.9500
383.49,89.6,89.2,89.1,48.6,1.0000,1.0000,1.0000,0.9500
384.50,89.8,89.5,89.3,48.7,1.0000,1.0000,1.0000,0.9500
385.51,90.0,89.7,89.6,48.8,1.0000,1.0000,1.0000,0.9500
386.52,90.3,90.0,89.8,48.9,1.0000,1.0000,1.0000,0.9500
387.53,90.5,90.3,90.1,49.0,1.0000,1.0000,1.0000,0.9500
388.53,90.8,90.5,90.3,49.1,1.0000,1.0000,1.0000,0.9500
389.54,91.0,90.8,90.6,49.2,1.0000,1.0000,1.0000,0.9500
390.55,91.3,91.1,90.9,49.3,1.0000,1.0000,1.0000,0.9500
391.56,91.5,91.3,91.1,49.3,1.0000,1.0000,1.0000,0.9500
392.57,91.7,91.5,91.3,49.4,1.0000,1.0000,1.0000,0.9500
393.58,92.0,91.8,91.6,49.5,1.0000,1.0000,1.0000,0.9500
394.59,92.2,92.1,91.8,49.6,1.0000,1.0000,1.0000,0.9500
395.60,92.5,92.3,92.1,49.7,1.0000,1.0000,1.0000,0.9500
396.61,92.7,92.6,92.3,49.8,1.0000,1.0000,1.0000,0.9500
397.62,93.0,92.9,92.6,49.9,1.0000,1.0000,1.0000,0.9500
398.63,93.2,93.1,92.8,50.0,1.0000,1.0000,1.0000,0.9500
399.64,93.5,93.3,93.0,50.1,1.0000,1.0000,1.0000,0.9500
400.64,93.7,93.6,93.3,50.2,1.0000,1.0000,1.0000,0.9500
401.65,93.9,93.9,93.5,50.3,1.0000,1.0000,1.0000,0.9500
402.66,94.1,94.2,93.8,50.4,1.0000,1.0000,1.0000,0.9500
403.67,94.4,94.4,94.1,50.5,1.0000,1.0000,1.0000,0.9500
404.68,94.7,94.7,94.3,50.6,1.0000,1.0000,1.0000,0.9500
405.69,94.9,94.9,94.6,50.7,1.0000,1.0000,1.0000,0.9500
406.70,95.2,95.2,94.8,50.7,1.0000,1.0000,1.0000,0.9500
407.71,95.4,95.4,95.0,50.9,1.0000,1.0000,1.0000,0.9500
408.72,95.6,95.7,95.3,50.9,1.0000,1.0000,1.0000,0.9500
409.73,95.9,96.0,95.5,51.0,1.0000,1.0000,1.0000,0.9500
410.73,96.1,96.2,95.8,51.1,1.0000,1.0000,1.0000,0.9500
411.74,96.4,96.5,96.0,51.2,1.0000,1.0000,1.0000,0.9500
412.75,96.6,96.8,96.3,51.3,1.0000,1.0000,1.0000,0.9500
413.76,96.9,97.0,96.5,51.4,1.0000,1.0000,1.0000,0.9500
414.77,97.1,97.3,96.8,51.5,1.0000,1.0000,1.0000,0.9500
415.78,97.3,97.5,97.0,51.6,1.0000,1.0000,1.0000,0.9500
416.79,97.6,97.8,97.3,51.7,1.0000,1.0000,1.0000,0.9500
417.80,97.8,98.0,97.5,51.8,1.0000,1.0000,1.0000,0.9500
418.81,98.0,98.3,97.8,51.9,1.0000,1.0000,1.0000,0.9500
419.82,98.3,98.6,98.0,52.0,1.0000,1.0000,1.0000,0.9500
420.83,98.6,98.8,98.2,52.1,1.0000,1.0000,1.0000,0.9500
421.83,98.8,99.1,98.5,52.2,1.0000,1.0000,1.0000,0.9500
422.84,99.0,99.3,98.7,52.3,1.0000,1.0000,1.0000,0.9500
423.85,99.2,99.6,99.0,52.4,1.0000,1.0000,1.0000,0.9500
424.86,99.5,99.9,99.2,52.5,1.0000,1.0000,1.0000,0.9500
425.87,99.8,100.1,99.5,52.5,1.0000,1.0000,1.0000,0.9500
426.88,100.0,100.4,99.7,52.6,1.0000,1.0000,1.0000,0.9500
427.89,100.2,100.7,100.0,52.7,1.0000,1.0000,1.0000,0.9500
428.90,100.5,100.9,100.2,52.8,1.0000,1.0000,1.0000,0.9500
429.91,100.7,101.2,100.5,52.9,1.0000,1.0000,1.0000,0.9500
430.92,100.9,101.4,100.7,53.0,1.0000,1.0000,1.0000,0.9500
431.92,101.2,101.7,101.0,53.1,1.0000,1.0000,1.0000,0.9500
432.93,101.4,102.0,101.2,53.2,1.0000,1.0000,1.0000,0.9500
433.94,101.7,102.2,101.5,53.3,1.0000,1.0000,1.0000,0.9500
434.95,101.9,102.5,101.7,53.4,1.0000,1.0000,1.0000,0.9500
435.96,102.2,102.7,101.9,53.5,1.0000,1.0000,1.0000,0.9500
436.97,102.4,103.0,102.2,53.6,1.0000,1.0000,1.0000,0.9500
437.98,102.6,103.2,102.4,53.7,1.0000,1.0000,1.0000,0.9500
438.99,102.9,103.5,102.7,53.8,1.0000,1.0000,1.0000,0.9500
440.00,103.1,103.8,102.9,53.9,1.0000,1.0000,1.0000,0.9500
441.01,103.4,104.0,103.2,54.0,1.0000,1.0000,1.0000,0.9500
442.01,103.6,104.3,103.5,54.1,1.0000,1.0000,1.0000,0.9500
443.02,103.9,104.6,103.7,54.2,1.0000,1.0000,1.0000,0.9500
444.03,104.1,104.8,103.9,54.3,1.0000,1.0000,1.0000,0.9500
445.04,104.3,105.1,104.2,54.4,1.0000,1.0000,1.0000,0.9500
446.05,104.6,105.3,104.4,54.5,1.0000,1.0000,1.0000,0.9500
447.06,104.8,105.6,104.7,54.6,1.0000,1.0000,1.0000,0.9500
448.07,105.1,105.9,104.9,54.7,1.0000,1.0000,1.0000,0.9500
449.08,105.3,106.1,105.2,54.8,1.0000,1.0000,1.0000,0.9500
450.09,105.6,106.4,105.4,54.9,1.0000,1.0000,1.0000,0.9500
451.09,105.8,106.6,105.6,55.0,1.0000,1.0000,1.0000,0.9500
452.10,106.0,106.9,105.9,55.1,1.0000,1.0000,1.0000,0.9500
453.11,106.3,107.2,106.1,55.2,1.0000,1.0000,1.0000,0.9500
454.12,106.5,107.5,106.4,55.3,1.0000,1.0000,1.0000,0.9500
455.13,106.8,107.7,106.6,55.4,1.0000,1.0000,1.0000,0.9500
456.14,107.0,108.0,106.9,55.5,1.0000,1.0000,1.0000,0.9500
457.15,107.3,108.2,107.1,55.6,1.0000,1.0000,1.0000,0.9500
458.16,107.5,108.5,107.3,55.7,1.0000,1.0000,1.0000,0.9500
459.17,107.7,108.7,107.6,55.8,1.0000,1.0000,1.0000,0.9500
460.18,107.9,109.0,107.8,55.9,1.0000,1.0000,1.0000,0.9500
461.18,108.2,109.3,108.1,56.0,1.0000,1.0000,1.0000,0.9500
462.19,108.4,109.5,108.3,56.1,1.0000,1.0000,1.0000,0.9500
463.20,108.7,109.8,108.6,56.1,1.0000,1.0000,1.0000,0.9500
464.21,108.9,110.1,108.8,56.2,1.0000,1.0000,1.0000,0.9500
465.22,109.2,110.3,109.1,56.3,1.0000,1.0000,1.0000,0.9500
466.23,109.4,110.6,109.3,56.4,1.0000,1.0000,1.0000,0.9500
467.24,109.6,110.8,109.6,56.5,1.0000,1.0000,1.0000,0.9500
468.25,109.9,111.1,109.8,56.6,1.0000,1.0000,1.0000,0.9500
469.26,110.1,111.4,110.1,56.7,1.0000,1.0000,1.0000,0.9500
470.27,110.4,111.6,110.3,56.8,1.0000,1.0000,1.0000,0.9500
471.27,110.6,111.9,110.6,56.9,1.0000,1.0000,1.0000,0.9500
472.28,110.9,112.1,110.8,57.0,1.0000,1.0000,1.0000,0.9500
473.29,111.1,112.4,111.0,57.1,1.0000,1.0000,1.0000,0.9500
474.30,111.3,112.7,111.3,57.2,1.0000,1.0000,1.0000,0.9500
475.31,111.6,112.9,111.5,57.3,1.0000,1.0000,1.0000,0.9500
476.32,111.8,113.2,111.8,57.4,1.0000,1.0000,1.0000,0.9500
477.33,112.0,113.5,112.0,57.5,1.0000,1.0000,1.0000,0.9500
478.34,112.3,113.7,112.3,57.6,1.0000,1.0000,1.0000,0.9500
479.35,112.5,114.0,112.5,57.7,1.0000,1.0000,1.0000,0.9500
480.35,112.8,114.2,112.7,57.8,1.0000,1.0000,1.0000,0.9500
481.36,113.0,114.5,113.0,57.9,1.0000,1.0000,1.0000,0.9500
482.37,113.2,114.8,113.2,58.0,1.0000,1.0000,1.0000,0.9500
483.38,113.5,115.0,113.5,58.1,1.0000,1.0000,1.0000,0.9500
484.39,113.7,115.3,113.7,58.2,1.0000,1.0000,1.0000,0.9500
485.40,114.0,115.6,114.0,58.3,1.0000,1.0000,1.0000,0.9500
486.41,114.2,115.8,114.2,58.4,1.0000,1.0000,1.0000,0.9500
487.42,114.5,116.1,114.4,58.5,1.0000,1.0000,1.0000,0.9500
488.43,114.7,116.3,114.7,58.6,1.0000,1.0000,1.0000,0.9500
489.43,114.9,116.6,114.9,58.7,1.0000,1.0000,1.0000,0.9500
490.44,115.2,116.9,115.2,58.8,1.0000,1.0000,1.0000,0.9500
491.45,115.4,117.1,115.4,58.9,1.0000,1.0000,1.0000,0.9500
492.46,115.7,117.4,115.7,59.0,1.0000,1.0000,1.0000,0.9500
493.47,115.9,117.7,115.9,59.1,1.0000,1.0000,1.0000,0.9500
494.48,116.1,117.9,116.1,59.2,1.0000,1.0000,1.0000,0.9500
495.49,116.4,118.2,116.4,59.3,1.0000,1.0000,1.0000,0.9500
496.50,116.6,118.4,116.6,59.4,1.0000,1.0000,1.0000,0.9500
497.51,116.8,118.7,116.9,59.5,1.0000,1.0000,1.0000,0.9500
498.52,117.1,119.0,117.1,59.6,1.0000,1.0000,1.0000,0.9500
499.53,117.3,119.3,117.4,59.6,1.0000,1.0000,1.0000,0.9500
500.53,117.6,119.5,117.6,59.7,1.0000,1.0000,1.0000,0.9500
501.54,117.8,119.7,117.9,59.8,1.0000,1.0000,1.0000,0.9500
502.55,118.0,120.0,118.1,59.9,1.0000,1.0000,1.0000,0.9500
503.56,118.3,120.3,118.3,60.0,1.0000,1.0000,1.0000,0.9500
504.57,118.5,120.5,118.6,60.2,1.0000,1.0000,1.0000,0.9500
505.58,118.8,120.8,118.8,60.2,1.0000,1.0000,1.0000,0.9500
506.59,119.0,121.1,119.1,60.3,1.0000,1.0000,1.0000,0.9500
507.60,119.2,121.3,119.3,60.4,1.0000,1.0000,1.0000,0.9500
508.61,119.5,121.6,119.5,60.5,1.0000,1.0000,1.0000,0.9500
509.62,119.7,121.9,119.8,60.6,1.0000,1.0000,1.0000,0.9500
510.62,119.9,122.1,120.0,60.7,1.0000,1.0000,1.0000,0.9500
511.63,120.2,122.4,120.3,60.8,1.0000,1.0000,1.0000,0.9500
512.64,120.4,122.7,120.5,60.9,1.0000,1.0000,1.0000,0.9500
513.65,120.7,122.9,120.8,61.0,1.0000,1.0000,1.0000,0.9500
514.66,120.9,123.2,121.0,61.1,1.0000,1.0000,1.0000,0.9500
515.67,121.2,123.4,121.2,61.2,1.0000,1.0000,1.0000,0.9500
516.68,121.4,123.7,121.5,61.3,1.0000,1.0000,1.0000,0.9500
517.69,121.6,124.0,121.7,61.4,1.0000,1.0000,1.0000,0.9500
518.70,121.8,124.2,122.0,61.5,1.0000,1.0000,1.0000,0.9500
519.71,122.1,124.5,122.2,61.6,1.0000,1.0000,1.0000,0.9500
520.71,122.3,124.8,122.5,61.7,1.0000,1.0000,1.0000,0.9500
521.72,122.6,125.0,122.7,61.8,1.0000,1.0000,1.0000,0.9500
522.73,122.8,125.3,122.9,61.9,1.0000,1.0000,1.0000,0.9500
523.74,123.1,125.5,123.2,62.0,1.0000,1.0000,1.0000,0.9500
524.75,123.3,125.8,123.4,62.1,1.0000,1.0000,1.0000,0.9500
525.76,123.5,126.1,123.7,62.2,1.0000,1.0000,1.0000,0.9500
526.77,123.8,126.3,123.9,62.3,1.0000,1.0000,1.0000,0.9500
527.78,124.0,126.6,124.2,62.4,1.0000,1.0000,1.0000,0.9500
528.79,124.2,126.9,124.4,62.5,1.0000,1.0000,1.0000,0.9500
529.80,124.5,127.1,124.6,62.6,1.0000,1.0000,1.0000,0.9500
530.81,124.7,127.4,124.9,62.7,1.0000,1.0000,1.0000,0.9500
531.81,124.9,127.6,125.1,62.7,1.0000,1.0000,1.0000,0.9500
532.82,125.2,127.9,125.4,62.8,1.0000,1.0000,1.0000,0.9500
533.83,125.4,128.2,125.6,63.0,1.0000,1.0000,1.0000,0.9500
534.84,125.7,128.4,125.9,63.1,1.0000,1.0000,1.0000,0.9500
535.85,125.9,128.7,126.1,63.1,1.0000,1.0000,1.0000,0.9500
536.86,126.1,129.0,126.3,63.2,1.0000,1.0000,1.0000,0.9500
537.87,126.4,129.2,126.6,63.3,1.0000,1.0000,1.0000,0.9500
538.88,126.6,129.5,126.8,63.4,1.0000,1.0000,1.0000,0.9500
539.89,126.8,129.8,127.0,63.5,1.0000,1.0000,1.0000,0.9500
540.90,127.1,130.0,127.3,63.6,1.0000,1.0000,1.0000,0.9500
541.91,127.3,130.3,127.5,63.7,1.0000,1.0000,1.0000,0.9500
542.91,127.6,130.6,127.8,63.8,1.0000,1.0000,1.0000,0.9500
543.92,127.8,130.8,128.0,63.9,1.0000,1.0000,1.0000,0.9500
544.93,128.0,131.1,128.2,64.0,1.0000,1.0000,1.0000,0.9500
545.94,128.3,131.3,128.5,64.1,1.0000,1.0000,1.0000,0.9500
546.95,128.5,131.6,128.7,64.2,1.0000,1.0000,1.0000,0.9500
547.96,128.7,131.9,129.0,64.3,1.0000,1.0000,1.0000,0.9500
548.97,129.0,132.1,129.2,64.4,1.0000,1.0000,1.0000,0.9500
549.98,129.2,132.4,129.5,64.5,1.0000,1.0000,1.0000,0.9500
550.99,129.5,132.7,129.7,64.6,1.0000,1.0000,1.0000,0.9500
552.00,129.7,132.9,129.9,64.7,1.0000,1.0000,1.0000,0.9500
553.01,129.9,133.2,130.1,64.8,1.0000,1.0000,1.0000,0.9500
554.02,130.1,133.4,130.4,64.9,1.0000,1.0000,1.0000,0.9500
555.03,130.4,133.7,130.6,65.0,1.0000,1.0000,1.0000,0.9500
556.03,130.6,134.0,130.9,65.1,1.0000,1.0000,1.0000,0.9500
557.04,130.9,134.2,131.1,65.2,1.0000,1.0000,1.0000,0.9500
558.05,131.1,134.5,131.4,65.3,1.0000,1.0000,1.0000,0.9500
559.06,131.4,134.8,131.6,65.4,1.0000,1.0000,1.0000,0.9500
560.07,131.6,135.0,131.8,65.5,1.0000,1.0000,1.0000,0.9500
561.08,131.8,135.3,132.1,65.6,1.0000,1.0000,1.0000,0.9500
562.09,132.0,135.5,132.3,65.7,1.0000,1.0000,1.0000,0.9500
563.10,132.3,135.8,132.5,65.8,1.0000,1.0000,1.0000,0.9500
564.11,132.5,136.1,132.8,65.9,1.0000,1.0000,1.0000,0.9500
565.12,132.8,136.4,133.0,66.0,1.0000,1.0000,1.0000,0.9500
566.13,133.0,136.6,133.2,66.1,1.0000,1.0000,1.0000,0.9500
567.14,133.3,136.8,133.5,66.2,1.0000,1.0000,1.0000,0.9500
568.14,133.5,137.1,133.7,66.3,1.0000,1.0000,1.0000,0.9500
569.15,133.7,137.4,134.0,66.4,1.0000,1.0000,1.0000,0.9500
570.16,133.9,137.6,134.2,66.5,1.0000,1.0000,1.0000,0.9500
571.17,134.2,137.9,134.5,66.6,1.0000,1.0000,1.0000,0.9500
572.18,134.4,138.2,134.7,66.7,1.0000,1.0000,1.0000,0.9500
573.19,134.7,138.4,134.9,66.7,1.0000,1.0000,1.0000,0.9500
574.20,134.9,138.7,135.1,66.8,1.0000,1.0000,1.0000,0.9500
575.21,135.1,138.9,135.4,66.9,1.0000,1.0000,1.0000,0.9500
576.22,135.3,139.2,135.6,67.0,1.0000,1.0000,1.0000,0.9500
577.23,135.6,139.5,135.9,67.1,1.0000,1.0000,1.0000,0.9500
578.24,135.8,139.7,136.1,67.2,1.0000,1.0000,1.0000,0.9500
579.24,136.1,140.0,136.4,67.3,1.0000,1.0000,1.0000,0.9500
580.25,136.3,140.3,136.6,67.4,1.0000,1.0000,1.0000,0.9500
581.26,136.5,140.6,136.8,67.5,1.0000,1.0000,1.0000,0.9500
582.27,136.8,140.8,137.0,67.6,1.0000,1.0000,1.0000,0.9500
583.28,137.0,141.0,137.3,67.7,1.0000,1.0000,1.0000,0.9500
584.29,137.2,141.3,137.5,67.8,1.0000,1.0000,1.0000,0.9500
585.30,137.5,141.6,137.8,67.9,1.0000,1.0000,1.0000,0.9500
586.31,137.7,141.9,138.0,68.0,1.0000,1.0000,1.0000,0.9500
587.32,137.9,142.1,138.3,68.1,1.0000,1.0000,1.0000,0.9500
588.33,138.2,142.4,138.5,68.2,1.0000,1.0000,1.0000,0.9500
589.34,138.4,142.6,138.7,68.3,1.0000,1.0000,1.0000,0.9500
590.35,138.6,142.9,138.9,68.4,1.0000,1.0000,1.0000,0.9500
591.36,138.9,143.1,139.2,68.5,1.0000,1.0000,1.0000,0.9500
592.36,139.1,143.4,139.4,68.6,1.0000,1.0000,1.0000,0.9500
593.37,139.3,143.7,139.7,68.7,1.0000,1.0000,1.0000,0.9500
594.38,139.6,143.9,139.9,68.8,1.0000,1.0000,1.0000,0.9500
595.39,139.8,144.2,140.1,68.9,1.0000,1.0000,1.0000,0.9500
596.40,140.1,144.4,140.4,69.0,1.0000,1.0000,1.0000,0.9500
597.41,140.2,144.7,140.6,69.1,1.0000,1.0000,1.0000,0.9500
598.42,140.5,145.0,140.8,69.2,1.0000,1.0000,1.0000,0.9500
599.43,140.7,145.2,141.1,69.3,1.0000,1.0000,1.0000,0.9500
600.44,141.0,145.5,141.3,69.4,1.0000,1.0000,1.0000,0.9500
601.45,141.2,145.8,141.6,69.5,1.0000,1.0000,1.0000,0.9500
602.46,141.5,146.0,141.8,69.6,1.0000,1.0000,1.0000,0.9500
603.47,141.7,146.3,142.0,69.7,1.0000,1.0000,1.0000,0.9500
604.47,141.9,146.5,142.2,69.8,1.0000,1.0000,1.0000,0.9500
605.48,142.1,146.8,142.5,69.9,1.0000,1.0000,1.0000,0.9500
606.49,142.4,147.0,142.7,70.0,1.0000,1.0000,1.0000,0.9500
607.50,142.6,147.3,143.0,70.1,1.0000,1.0000,1.0000,0.9500
608.51,142.8,147.6,143.2,70.2,1.0000,1.0000,1.0000,0.9500
609.52,143.1,147.9,143.4,70.3,1.0000,1.0000,1.0000,0.9500
610.53,143.3,148.1,143.6,70.4,1.0000,1.0000,1.0000,0.9500
611.54,143.6,148.4,143.9,70.5,1.0000,1.0000,1.0000,0.9500
612.55,143.7,148.6,144.1,70.7,1.0000,1.0000,1.0000,0.9500
613.56,144.0,148.9,144.4,70.7,1.0000,1.0000,1.0000,0.9500
614.57,144.2,149.2,144.6,70.8,1.0000,1.0000,1.0000,0.9500
615.58,144.5,149.4,144.8,71.0,1.0000,1.0000,1.0000,0.9500
616.58,144.7,149.7,145.1,71.1,1.0000,1.0000,1.0000,0.9500
617.59,145.0,149.9,145.3,71.1,1.0000,1.0000,1.0000,0.9500
618.60,145.2,150.2,145.5,71.3,1.0000,1.0000,1.0000,0.9500
619.61,145.4,150.5,145.8,71.3,1.0000,1.0000,1.0000,0.9500
620.62,145.6,150.7,146.0,71.5,1.0000,1.0000,1.0000,0.9500
621.63,145.9,151.0,146.2,71.6,1.0000,1.0000,1.0000,0.9500
622.64,146.1,151.2,146.5,71.7,1.0000,1.0000,1.0000,0.9500
623.65,146.3,151.5,146.7,71.8,1.0000,1.0000,1.0000,0.9500
624.66,146.6,151.8,146.9,71.9,1.0000,1.0000,1.0000,0.9500
625.67,146.8,152.0,147.2,72.0,1.0000,1.0000,1.0000,0.9500
626.68,147.0,152.3,147.4,72.1,1.0000,1.0000,1.0000,0.9500
627.69,147.2,152.5,147.6,72.2,1.0000,1.0000,1.0000,0.9500
628.69,147.5,152.8,147.9,72.3,1.0000,1.0000,1.0000,0.9500
629.70,147.7,153.1,148.1,72.4,1.0000,1.0000,1.0000,0.9500
630.71,147.9,153.3,148.3,72.5,1.0000,1.0000,1.0000,0.9500
631.72,148.2,153.6,148.6,72.6,1.0000,1.0000,1.0000,0.9500
632.73,148.4,153.9,148.8,72.7,1.0000,1.0000,1.0000,0.9500
633.74,148.7,154.1,149.0,72.8,1.0000,1.0000,1.0000,0.9500
634.75,148.8,154.3,149.2,72.9,1.0000,1.0000,1.0000,0.9500
635.76,149.1,154.6,149.5,73.0,1.0000,1.0000,1.0000,0.9500
636.77,149.3,154.9,149.7,73.1,1.0000,1.0000,1.0000,0.9500
637.78,149.5,155.1,150.0,73.2,1.0000,1.0000,1.0000,0.9500
638.79,149.8,155.4,150.2,73.3,1.0000,1.0000,1.0000,0.9500
639.80,150.0,155.7,150.4,73.4,1.0000,1.0000,1.0000,0.9500
640.80,150.2,155.9,150.6,73.5,1.0000,1.0000,1.0000,0.9500
641.81,150.5,156.2,150.9,73.6,1.0000,1.0000,1.0000,0.9500
642.82,150.7,156.4,151.1,73.7,1.0000,1.0000,1.0000,0.9500
643.83,150.9,156.7,151.3,73.8,1.0000,1.0000,1.0000,0.9500
644.84,151.1,157.0,151.6,73.9,1.0000,1.0000,1.0000,0.9500
645.85,151.4,157.2,151.8,74.0,1.0000,1.0000,1.0000,0.9500
646.86,151.6,157.5,152.0,74.1,1.0000,1.0000,1.0000,0.9500
647.87,151.8,157.7,152.3,74.2,1.0000,1.0000,1.0000,0.9500
648.88,152.0,158.0,152.5,74.3,1.0000,1.0000,1.0000,0.9500
649.89,152.3,158.3,152.7,74.4,1.0000,1.0000,1.0000,0.9500
650.90,152.5,158.5,153.0,74.5,1.0000,1.0000,1.0000,0.9500
651.91,152.8,158.8,153.2,74.6,1.0000,1.0000,1.0000,0.9500
652.91,153.0,159.0,153.4,74.7,1.0000,1.0000,1.0000,0.9500
653.92,153.2,159.3,153.6,74.8,1.0000,1.0000,1.0000,0.9500
654.93,153.4,159.5,153.9,74.9,1.0000,1.0000,1.0000,0.9500
655.94,153.6,159.8,154.1,75.0,1.0000,1.0000,1.0000,0.9500
656.95,153.9,160.1,154.3,75.1,1.0000,1.0000,1.0000,0.9500
657.96,154.1,160.3,154.6,75.2,1.0000,1.0000,1.0000,0.9500
658.97,154.3,160.6,154.8,75.3,1.0000,1.0000,1.0000,0.9500
659.98,154.6,160.9,155.1,75.5,1.0000,1.0000,1.0000,0.9500
660.99,154.8,161.1,155.3,75.5,1.0000,1.0000,1.0000,0.9500
662.00,155.1,161.4,155.5,75.6,1.0000,1.0000,1.0000,0.9500
663.01,155.2,161.6,155.7,75.7,1.0000,1.0000,1.0000,0.9500
664.01,155.5,161.9,155.9,75.8,1.0000,1.0000,1.0000,0.9500
665.03,155.7,162.2,156.2,76.0,1.0000,1.0000,1.0000,0.9500
666.03,155.9,162.4,156.4,76.1,1.0000,1.0000,1.0000,0.9500
667.04,156.2,162.7,156.6,76.2,1.0000,1.0000,1.0000,0.9500
668.05,156.4,163.0,156.9,76.2,1.0000,1.0000,1.0000,0.9500
669.06,156.6,163.2,157.1,76.4,1.0000,1.0000,1.0000,0.9500
670.07,156.9,163.4,157.3,76.5,1.0000,1.0000,1.0000,0.9500
671.08,157.1,163.7,157.5,76.6,1.0000,1.0000,1.0000,0.9500
672.09,157.3,164.0,157.8,76.7,1.0000,1.0000,1.0000,0.9500
673.10,157.5,164.2,158.0,76.8,1.0000,1.0000,1.0000,0.9500
674.11,157.8,164.5,158.2,76.9,1.0000,1.0000,1.0000,0.9500
675.12,158.0,164.8,158.5,77.0,1.0000,1.0000,1.0000,0.9500
676.13,158.2,165.0,158.7,77.1,1.0000,1.0000,1.0000,0.9500
677.14,158.5,165.2,158.9,77.2,1.0000,1.0000,1.0000,0.9500
678.14,158.7,165.5,159.1,77.3,1.0000,1.0000,1.0000,0.9500
679.15,158.9,165.8,159.4,77.4,1.0000,1.0000,1.0000,0.9500
680.16,159.1,166.0,159.6,77.5,1.0000,1.0000,1.0000,0.9500
681.17,159.3,166.3,159.8,77.6,1.0000,1.0000,1.0000,0.9500
682.18,159.6,166.6,160.1,77.7,1.0000,1.0000,1.0000,0.9500
683.19,159.8,166.8,160.3,77.8,1.0000,1.0000,1.0000,0.9500
684.20,160.0,167.1,160.5,77.9,1.0000,1.0000,1.0000,0.9500
685.21,160.2,167.3,160.7,78.0,1.0000,1.0000,1.0000,0.9500
686.22,160.5,167.6,161.0,78.1,1.0000,1.0000,1.0000,0.9500
687.23,160.7,167.8,161.2,78.2,1.0000,1.0000,1.0000,0.9500
688.24,160.9,168.1,161.4,78.3,1.0000,1.0000,1.0000,0.9500
689.25,161.2,168.4,161.6,78.4,1.0000,1.0000,1.0000,0.9500
690.25,161.4,168.6,161.8,78.5,1.0000,1.0000,1.0000,0.9500
691.26,161.6,168.9,162.1,78.6,1.0000,1.0000,1.0000,0.9500
692.27,161.8,169.1,162.3,78.7,1.0000,1.0000,1.0000,0.9500
693.28,162.1,169.4,162.5,78.8,1.0000,1.0000,1.0000,0.9500
694.29,162.3,169.7,162.8,78.9,1.0000,1.0000,1.0000,0.9500
695.30,162.5,169.9,163.0,79.0,1.0000,1.0000,1.0000,0.9500
696.31,162.7,170.2,163.2,79.1,1.0000,1.0000,1.0000,0.9500
697.32,163.0,170.4,163.5,79.2,1.0000,1.0000,1.0000,0.9500
698.33,163.2,170.7,163.6,79.3,1.0000,1.0000,1.0000,0.9500
699.34,163.4,170.9,163.9,79.4,1.0000,1.0000,0.9760,0.9500
700.35,163.6,171.2,164.1,79.5,1.0000,1.0000,0.9440,0.9500
701.36,163.9,171.5,164.3,79.6,1.0000,1.0000,0.9120,0.9500
702.36,164.1,171.7,164.5,79.7,1.0000,1.0000,0.8800,0.9500
703.37,164.3,172.0,164.8,79.8,1.0000,1.0000,0.8320,0.9500
704.38,164.5,172.3,165.0,79.9,1.0000,1.0000,0.8000,0.9500
705.39,164.8,172.5,165.2,80.0,1.0000,1.0000,0.7680,0.9500
706.40,165.0,172.7,165.4,80.1,1.0000,1.0000,0.7360,0.9500
707.41,165.2,173.0,165.7,80.2,1.0000,1.0000,0.6880,0.9500
708.42,165.4,173.2,165.9,80.3,1.0000,1.0000,0.6560,0.9500
709.43,165.6,173.5,166.1,80.4,1.0000,1.0000,0.6240,0.9500
710.44,165.9,173.8,166.4,80.5,1.0000,1.0000,0.5760,0.9500
711.45,166.1,174.0,166.6,80.6,1.0000,1.0000,0.5440,0.9500
712.46,166.3,174.3,166.8,80.7,1.0000,1.0000,0.5120,0.9500
713.47,166.6,174.5,167.0,80.8,1.0000,1.0000,0.4800,0.9500
714.48,166.7,174.8,167.2,80.9,1.0000,1.0000,0.4480,0.9500
715.48,167.0,175.0,167.5,81.0,1.0000,1.0000,0.4000,0.9500
716.49,167.2,175.3,167.7,81.1,1.0000,1.0000,0.3680,0.9500
717.50,167.4,175.6,167.9,81.2,1.0000,1.0000,0.3360,0.9500
718.51,167.7,175.8,168.2,81.3,1.0000,1.0000,0.2880,0.9500
719.52,167.9,176.1,168.3,81.4,1.0000,1.0000,0.2720,0.9500
720.53,168.1,176.3,168.6,81.5,1.0000,1.0000,0.2240,0.9500
721.54,168.3,176.6,168.8,81.6,1.0000,1.0000,0.1920,0.9500
722.55,168.5,176.9,169.0,81.7,1.0000,1.0000,0.1600,0.9500
723.56,168.8,177.1,169.2,81.8,1.0000,1.0000,0.1280,0.9500
724.57,169.0,177.4,169.5,81.9,1.0000,1.0000,0.0800,0.9500
725.58,169.2,177.6,169.7,82.0,1.0000,1.0000,0.0480,0.9500
726.58,169.4,177.9,169.9,82.1,1.0000,1.0000,0.0160,0.9500
727.59,169.7,178.1,170.1,82.2,1.0000,1.0000,0.0000,0.9500
728.60,169.9,178.4,170.3,82.3,1.0000,1.0000,0.0000,0.9500
729.61,170.1,178.6,170.5,82.4,1.0000,1.0000,0.0000,0.9500
730.62,170.3,178.9,170.8,82.5,1.0000,0.9760,0.0000,0.9500
731.63,170.5,179.2,171.0,82.6,1.0000,0.9280,0.0000,0.9500
732.64,170.8,179.4,171.2,82.7,1.0000,0.8960,0.0000,0.9500
733.65,171.0,179.7,171.4,82.8,1.0000,0.8480,0.0000,0.9500
734.66,171.2,179.9,171.6,82.9,1.0000,0.8160,0.0000,0.9500
735.67,171.4,180.2,171.8,83.0,1.0000,0.7680,0.0000,0.9500
736.68,171.6,180.4,172.0,83.1,1.0000,0.7360,0.0000,0.9500
737.68,171.9,180.7,172.2,83.2,1.0000,0.6880,0.0000,0.9500
738.69,172.1,181.0,172.5,83.3,1.0000,0.6400,0.0000,0.9500
739.70,172.3,181.2,172.7,83.4,1.0000,0.6080,0.0000,0.9500
740.71,172.5,181.5,172.9,83.5,1.0000,0.5600,0.0000,0.9500
741.72,172.8,181.7,173.1,83.6,1.0000,0.5280,0.0000,0.9500
742.73,173.0,181.9,173.3,83.7,1.0000,0.4960,0.0000,0.9500
743.74,173.2,182.2,173.5,83.8,1.0000,0.4480,0.0000,0.9500
744.75,173.4,182.5,173.7,83.9,1.0000,0.4000,0.0000,0.9500
745.76,173.6,182.7,173.9,84.0,1.0000,0.3680,0.0000,0.9500
746.77,173.9,183.0,174.1,84.1,0.9760,0.3200,0.0000,0.9500
747.78,174.1,183.2,174.3,84.2,0.9440,0.2880,0.0000,0.9500
748.79,174.3,183.5,174.4,84.3,0.9120,0.2400,0.0000,0.9500
749.80,174.6,183.7,174.6,84.4,0.8640,0.2080,0.0000,0.9500
750.80,174.7,184.0,174.8,84.5,0.8480,0.1600,0.0000,0.9500
751.81,175.0,184.2,175.0,84.6,0.8000,0.1280,0.0000,0.9500
752.82,175.2,184.5,175.2,84.7,0.7680,0.0800,0.0000,0.9500
753.83,175.4,184.8,175.4,84.8,0.7360,0.0320,0.0000,0.9500
754.84,175.6,185.0,175.6,84.9,0.7040,0.0000,0.0000,0.9500
755.85,175.8,185.3,175.8,85.0,0.6720,0.0000,0.0000,0.9500
756.86,176.1,185.5,175.9,85.1,0.6240,0.0000,0.0000,0.9500
757.87,176.2,185.7,176.1,85.2,0.6080,0.0000,0.0000,0.9500
758.88,176.5,186.0,176.3,85.3,0.5600,0.0000,0.0000,0.9500
759.89,176.7,186.3,176.5,85.4,0.5280,0.0000,0.0000,0.9500
760.90,176.9,186.5,176.7,85.5,0.4960,0.0000,0.0000,0.9500
761.91,177.1,186.8,176.8,85.6,0.4640,0.0000,0.0000,0.9500
762.91,177.4,187.0,177.0,85.7,0.4160,0.0000,0.0000,0.9500
763.92,177.6,187.3,177.1,85.8,0.3840,0.0000,0.0000,0.9500
764.93,177.8,187.5,177.3,85.9,0.3520,0.0000,0.0000,0.9500
765.94,178.0,187.7,177.5,86.0,0.3200,0.0000,0.0000,0.9500
766.95,178.2,188.0,177.6,86.1,0.2880,0.0000,0.0000,0.9500
767.96,178.5,188.2,177.8,86.2,0.2400,0.0000,0.0000,0.9500
768.97,178.7,188.4,177.9,86.3,0.2080,0.0000,0.0000,0.9500
769.98,178.9,188.7,178.1,86.3,0.1760,0.0000,0.0000,0.9500
770.99,179.1,188.9,178.2,86.4,0.1440,0.0000,0.0000,0.9500
772.00,179.3,189.1,178.4,86.6,0.1120,0.0000,0.0000,0.9500
773.01,179.5,189.4,178.5,86.7,0.0800,0.0000,0.0000,0.9500
774.01,179.7,189.6,178.7,86.8,0.0480,0.0000,0.0000,0.9500
775.02,179.9,189.8,178.8,86.8,0.0160,0.0000,0.0000,0.9500
776.03,180.2,190.1,179.0,87.0,0.0000,0.0000,0.0000,0.9500
777.04,180.4,190.3,179.1,87.0,0.0000,0.0000,0.0000,0.9500
778.05,180.6,190.5,179.2,87.1,0.0000,0.0000,0.0000,0.9500
779.06,180.8,190.7,179.4,87.2,0.0000,0.0000,0.0000,0.9500
780.07,181.0,190.9,179.5,87.3,0.0000,0.0000,0.0000,0.9500
781.08,181.2,191.2,179.6,87.4,0.0000,0.0000,0.0000,0.9500
782.09,181.4,191.4,179.8,87.5,0.0000,0.0000,0.0000,0.9500
783.10,181.6,191.6,179.9,87.7,0.0000,0.0000,0.0000,0.9500
784.11,181.9,191.8,180.0,87.7,0.0000,0.0000,0.0000,0.9500
785.12,182.1,192.0,180.1,87.8,0.0000,0.0000,0.0000,0.9500
786.13,182.3,192.2,180.3,87.9,0.0000,0.0000,0.0000,0.9500
787.13,182.4,192.4,180.4,88.0,0.0000,0.0000,0.0000,0.9500
788.14,182.7,192.6,180.5,88.1,0.0000,0.0000,0.0000,0.9500
789.15,182.9,192.8,180.6,88.2,0.0000,0.0000,0.0000,0.9500
790.16,183.1,193.0,180.7,88.3,0.0000,0.0000,0.0000,0.9500
791.17,183.3,193.2,180.9,88.4,0.0000,0.0000,0.0000,0.9500
792.18,183.5,193.4,181.0,88.5,0.0000,0.0000,0.0000,0.9500
793.19,183.6,193.6,181.1,88.6,0.0000,0.0000,0.0000,0.9500
794.20,183.8,193.8,181.2,88.7,0.0000,0.0000,0.0000,0.9500
795.21,184.0,194.0,181.3,88.8,0.0000,0.0000,0.0000,0.9500
796.22,184.2,194.2,181.4,88.9,0.0000,0.0000,0.0000,0.9500
797.23,184.4,194.4,181.5,89.0,0.0000,0.0000,0.0000,0.9500
798.24,184.6,194.6,181.6,89.1,0.0000,0.0000,0.0000,0.9500
799.24,184.8,194.7,181.7,89.2,0.0000,0.0000,0.0000,0.9500
800.25,184.9,194.9,181.8,89.3,0.0000,0.0000,0.0000,0.9500
801.26,185.1,195.1,181.9,89.4,0.0000,0.0000,0.0000,0.9500
802.27,185.3,195.2,182.0,89.5,0.0000,0.0000,0.0000,0.9500
803.28,185.5,195.4,182.1,89.7,0.0000,0.0000,0.0000,0.9500
804.29,185.6,195.6,182.2,89.8,0.0000,0.0000,0.0000,0.9500
805.30,185.8,195.8,182.3,89.9,0.0000,0.0000,0.0000,0.9500
806.31,186.0,196.0,182.4,90.0,0.0000,0.0000,0.0000,0.9500
807.32,186.1,196.1,182.5,90.0,0.0000,0.0000,0.0000,0.9500
808.33,186.3,196.3,182.5,90.1,0.0000,0.0000,0.0000,0.9500
809.34,186.4,196.4,182.7,90.2,0.0000,0.0000,0.0000,0.9500
810.34,186.6,196.6,182.7,90.4,0.0000,0.0000,0.0000,0.9500
811.35,186.7,196.7,182.8,90.5,0.0000,0.0000,0.0000,0.9500
812.36,186.9,196.9,182.9,90.6,0.0000,0.0000,0.0000,0.9500
813.37,187.0,197.1,183.0,90.6,0.0000,0.0000,0.0000,0.9500
814.38,187.2,197.2,183.1,90.8,0.0000,0.0000,0.0000,0.9500
815.39,187.3,197.3,183.1,90.9,0.0000,0.0000,0.0000,0.9500
816.40,187.5,197.5,183.2,91.0,0.0000,0.0000,0.0000,0.9500
817.41,187.6,197.7,183.3,91.1,0.0000,0.0000,0.0000,0.9500
818.42,187.7,197.8,183.4,91.2,0.0000,0.0000,0.0000,0.9500
819.43,187.9,198.0,183.4,91.3,0.0000,0.0000,0.0000,0.9500
820.44,188.0,198.1,183.5,91.4,0.0000,0.0000,0.0000,0.9500
821.45,188.2,198.3,183.6,91.5,0.0000,0.0000,0.0000,0.9500
822.46,188.3,198.4,183.7,91.6,0.0000,0.0000,0.0000,0.9500
823.47,188.4,198.5,183.7,91.7,0.0000,0.0000,0.0000,0.9500
824.47,188.5,198.7,183.8,91.8,0.0000,0.0000,0.0000,0.9500
825.48,188.7,198.8,183.9,91.9,0.0000,0.0000,0.0000,0.9500
826.49,188.8,198.9,183.9,92.0,0.0000,0.0000,0.0000,0.9500
827.50,188.9,199.1,184.0,92.1,0.0000,0.0000,0.0000,0.9500
828.51,189.0,199.2,184.1,92.2,0.0000,0.0000,0.0000,0.9500
829.52,189.2,199.3,184.1,92.3,0.0000,0.0000,0.0000,0.9500
830.53,189.3,199.5,184.2,92.4,0.0000,0.0000,0.0000,0.9500
831.54,189.4,199.6,184.2,92.5,0.0000,0.0000,0.0000,0.9500
832.55,189.5,199.7,184.3,92.6,0.0000,0.0000,0.0000,0.9500
833.56,189.6,199.8,184.4,92.7,0.0000,0.0000,0.0000,0.9500
834.57,189.7,200.0,184.4,92.8,0.0000,0.0000,0.0000,0.9500
835.58,189.8,200.1,184.5,92.9,0.0000,0.0000,0.0000,0.9500
836.58,189.9,200.2,184.5,93.0,0.0000,0.0000,0.0000,0.9500
837.59,190.0,200.3,184.6,93.1,0.0000,0.0000,0.0000,0.9500
838.60,190.1,200.4,184.6,93.2,0.0000,0.0000,0.0000,0.9500
839.61,190.2,200.6,184.7,93.3,0.0000,0.0000,0.0000,0.9500
840.62,190.3,200.7,184.7,93.4,0.0000,0.0000,0.0000,0.9500
841.63,190.4,200.8,184.8,93.5,0.0000,0.0000,0.0000,0.9500
842.64,190.5,200.9,184.8,93.6,0.0000,0.0000,0.0000,0.9500
843.65,190.6,201.0,184.9,93.7,0.0000,0.0000,0.0000,0.9500
844.66,190.7,201.1,184.9,93.8,0.0000,0.0000,0.0000,0.9500
845.67,190.8,201.2,185.0,93.9,0.0000,0.0000,0.0000,0.9500
846.68,190.9,201.3,185.0,94.0,0.0000,0.0000,0.0000,0.9500
847.68,191.0,201.5,185.1,94.2,0.0000,0.0000,0.0000,0.9500
848.69,191.0,201.6,185.1,94.3,0.0000,0.0000,0.0000,0.9500
849.70,191.1,201.7,185.2,94.4,0.0000,0.0000,0.0000,0.9500
850.71,191.2,201.8,185.2,94.5,0.0000,0.0000,0.0000,0.9500
851.72,191.3,201.9,185.3,94.6,0.0000,0.0000,0.0000,0.9500
852.73,191.4,202.0,185.3,94.7,0.0000,0.0000,0.0000,0.9500
853.74,191.4,202.1,185.3,94.8,0.0000,0.0000,0.0000,0.9500
854.75,191.5,202.2,185.4,94.9,0.0000,0.0000,0.0000,0.9500
855.76,191.6,202.3,185.4,95.0,0.0000,0.0000,0.0000,0.9500
856.77,191.7,202.4,185.4,95.1,0.0000,0.0000,0.0000,0.9500
857.78,191.7,202.5,185.5,95.2,0.0000,0.0000,0.0000,0.9500
858.79,191.8,202.6,185.5,95.3,0.0000,0.0000,0.0000,0.9500
859.80,191.9,202.7,185.5,95.4,0.0000,0.0000,0.0000,0.9500
860.80,191.9,202.8,185.6,95.5,0.0000,0.0000,0.0000,0.9500
861.81,192.0,202.9,185.6,95.6,0.0000,0.0000,0.0000,0.9500
862.82,192.1,203.0,185.7,95.7,0.0000,0.0000,0.0000,0.9500
863.83,192.1,203.1,185.7,95.8,0.0000,0.0000,0.0000,0.9500
864.84,192.2,203.1,185.7,95.9,0.0000,0.0000,0.0000,0.9500
865.85,192.3,203.2,185.7,96.0,0.0000,0.0000,0.0000,0.9500
866.86,192.3,203.3,185.8,96.1,0.0000,0.0000,0.0000,0.9500
867.87,192.4,203.4,185.8,96.2,0.0000,0.0000,0.0000,0.9500
868.88,192.4,203.5,185.8,96.3,0.0000,0.0000,0.0000,0.9500
869.89,192.5,203.6,185.9,96.4,0.0000,0.0000,0.0000,0.9500
870.90,192.6,203.7,185.9,96.5,0.0000,0.0000,0.0000,0.9500
871.91,192.6,203.8,185.9,96.6,0.0000,0.0000,0.0000,0.9500
872.92,192.7,203.8,186.0,96.7,0.0000,0.0000,0.0000,0.9500
873.92,192.7,203.9,186.0,96.8,0.0000,0.0000,0.0000,0.9500
874.93,192.8,204.0,186.0,96.9,0.0000,0.0000,0.0000,0.9500
875.94,192.8,204.1,186.0,97.0,0.0000,0.0000,0.0000,0.9500
876.95,192.9,204.2,186.1,97.1,0.0000,0.0000,0.0000,0.9500
877.96,192.9,204.2,186.1,97.2,0.0000,0.0000,0.0000,0.9500
878.97,193.0,204.3,186.1,97.3,0.0000,0.0000,0.0000,0.9500
879.98,193.0,204.4,186.1,97.4,0.0000,0.0000,0.0000,0.9500
880.99,193.1,204.5,186.1,97.5,0.0000,0.0000,0.0000,0.9500
882.00,193.1,204.5,186.2,97.6,0.0000,0.0000,0.0000,0.9500
883.01,193.1,204.6,186.2,97.7,0.0000,0.0000,0.0000,0.9500
884.02,193.2,204.7,186.2,97.8,0.0000,0.0000,0.0000,0.9500
885.02,193.2,204.8,186.2,98.0,0.0000,0.0000,0.0000,0.9500
886.03,193.3,204.9,186.2,98.0,0.0000,0.0000,0.0000,0.9500
887.04,193.3,204.9,186.3,98.2,0.0000,0.0000,0.0000,0.9500
888.05,193.4,205.0,186.3,98.3,0.0000,0.0000,0.0000,0.9500
889.06,193.4,205.1,186.3,98.4,0.0000,0.0000,0.0000,0.9500
890.07,193.4,205.1,186.3,98.5,0.0000,0.0000,0.0000,0.9500
891.08,193.5,205.2,186.3,98.6,0.0000,0.0000,0.0000,0.9500
892.09,193.5,205.3,186.4,98.7,0.0000,0.0000,0.0000,0.9500
893.10,193.5,205.3,186.4,98.8,0.0000,0.0000,0.0000,0.9500
894.11,193.6,205.4,186.4,98.8,0.0000,0.0000,0.0000,0.9500
895.12,193.6,205.5,186.4,99.0,0.0000,0.0000,0.0000,0.9500
896.13,193.6,205.5,186.4,99.1,0.0000,0.0000,0.0000,0.9500
897.14,193.6,205.6,186.4,99.2,0.0000,0.0000,0.0000,0.9500
898.14,193.7,205.7,186.4,99.3,0.0000,0.0000,0.0000,0.9500
899.15,193.7,205.8,186.4,99.4,0.0000,0.0000,0.0000,0.9500
900.16,193.8,205.8,186.5,99.5,0.0000,0.0000,0.0000,0.9500
901.17,193.8,205.9,186.5,99.6,0.0000,0.0000,0.0000,0.9500
902.18,193.8,205.9,186.5,99.7,0.0000,0.0000,0.0000,0.9500
903.19,193.8,206.0,186.5,99.8,0.0000,0.0000,0.0000,0.9500
904.20,193.8,206.1,186.5,99.9,0.0000,0.0000,0.0000,0.9500
905.21,193.9,206.1,186.5,100.0,0.0000,0.0000,0.0000,0.9500
906.22,193.9,206.2,186.5,100.1,0.0000,0.0000,0.0000,0.9500
907.23,193.9,206.3,186.5,100.2,0.0000,0.0000,0.0000,0.9500
908.24,194.0,206.3,186.5,100.3,0.0000,0.0000,0.0000,0.9500
909.25,194.0,206.4,186.5,100.4,0.0000,0.0000,0.0000,0.9500
910.26,194.0,206.4,186.6,100.5,0.0000,0.0000,0.0000,0.9500
911.26,194.0,206.5,186.5,100.6,0.0000,0.0000,0.0000,0.9500
912.27,194.0,206.5,186.6,100.7,0.0000,0.0000,0.0000,0.9500
913.28,194.1,206.6,186.6,100.8,0.0000,0.0000,0.0000,0.9500
914.29,194.1,206.7,186.6,100.9,0.0000,0.0000,0.0000,0.9500
915.30,194.1,206.7,186.6,101.0,0.0000,0.0000,0.0000,0.9500
916.31,194.1,206.8,186.6,101.1,0.0000,0.0000,0.0000,0.9500
917.32,194.1,206.8,186.6,101.2,0.0000,0.0000,0.0000,0.9500
918.33,194.1,206.8,186.6,101.3,0.0000,0.0000,0.0000,0.9500
919.34,194.2,206.9,186.6,101.4,0.0000,0.0000,0.0000,0.9500
920.35,194.2,207.0,186.6,101.5,0.0000,0.0000,0.0000,0.9500
921.36,194.2,207.0,186.6,101.6,0.0000,0.0000,0.0000,0.9500
922.36,194.2,207.1,186.6,101.7,0.0000,0.0000,0.0000,0.9500
923.37,194.2,207.1,186.6,101.8,0.0000,0.0000,0.0000,0.9500
924.38,194.3,207.2,186.6,101.9,0.0000,0.0000,0.0000,0.9500
925.39,194.3,207.2,186.6,102.0,0.0000,0.0000,0.0000,0.9500
926.40,194.3,207.3,186.6,102.1,0.0000,0.0000,0.0000,0.9500
927.41,194.3,207.3,186.6,102.2,0.0000,0.0000,0.0000,0.9500
928.42,194.3,207.4,186.6,102.3,0.0000,0.0000,0.0000,0.9500
929.43,194.3,207.4,186.6,102.4,0.0000,0.0000,0.0000,0.9500
930.44,194.3,207.5,186.6,102.5,0.0000,0.0000,0.0000,0.9500
931.45,194.3,207.5,186.6,102.6,0.0000,0.0000,0.0000,0.9500
932.46,194.3,207.6,186.6,102.7,0.0000,0.0000,0.0000,0.9500
933.47,194.3,207.6,186.6,102.8,0.0000,0.0000,0.0000,0.9500
934.48,194.4,207.7,186.6,102.9,0.0000,0.0000,0.0000,0.9500
935.49,194.4,207.7,186.6,103.0,0.0000,0.0000,0.0000,0.9500
936.49,194.4,207.8,186.6,103.0,0.0000,0.0000,0.0000,0.9500
937.50,194.4,207.8,186.6,103.2,0.0000,0.0000,0.0000,0.9500
938.51,194.4,207.8,186.6,103.2,0.0000,0.0000,0.0000,0.9500
939.52,194.4,207.9,186.6,103.3,0.0000,0.0000,0.0000,0.9500
940.53,194.4,207.9,186.6,103.4,0.0000,0.0000,0.0000,0.9500
941.54,194.4,208.0,186.6,103.5,0.0000,0.0000,0.0000,0.9500
942.55,194.4,208.0,186.6,103.6,0.0000,0.0000,0.0000,0.9500
943.56,194.4,208.1,186.6,103.7,0.0000,0.0000,0.0000,0.9500
944.57,194.4,208.1,186.6,103.8,0.0000,0.0000,0.0000,0.9500
945.58,194.4,208.2,186.6,103.9,0.0000,0.0000,0.0000,0.9500
946.59,194.4,208.2,186.6,104.0,0.0000,0.0000,0.0000,0.9500
947.60,194.4,208.2,186.6,104.1,0.0000,0.0000,0.0000,0.9500
948.60,194.4,208.3,186.6,104.2,0.0000,0.0000,0.0000,0.9500
949.61,194.4,208.3,186.6,104.3,0.0000,0.0000,0.0000,0.9500
950.62,194.4,208.4,186.5,104.4,0.0000,0.0000,0.0000,0.9500
951.63,194.4,208.4,186.5,104.5,0.0000,0.0000,0.0000,0.9500
952.64,194.4,208.5,186.5,104.6,0.0000,0.0000,0.0000,0.9500
953.65,194.4,208.5,186.5,104.7,0.0000,0.0000,0.0000,0.9500
954.66,194.4,208.5,186.5,104.8,0.0000,0.0000,0.0000,0.9500
955.67,194.4,208.6,186.5,104.9,0.0000,0.0000,0.0000,0.9500
956.68,194.4,208.6,186.5,105.0,0.0000,0.0000,0.0000,0.9500
957.69,194.4,208.6,186.5,105.1,0.0000,0.0000,0.0000,0.9500
958.70,194.4,208.7,186.5,105.2,0.0000,0.0000,0.0000,0.9500
959.70,194.4,208.7,186.5,105.3,0.0000,0.0000,0.0000,0.9500
960.71,194.4,208.7,186.5,105.4,0.0000,0.0000,0.0000,0.9500
961.72,194.4,208.8,186.5,105.5,0.0000,0.0000,0.0000,0.9500
962.73,194.4,208.8,186.5,105.6,0.0000,0.0000,0.0000,0.9500
963.74,194.4,208.8,186.5,105.7,0.0000,0.0000,0.0000,0.9500
964.75,194.4,208.9,186.4,105.8,0.0000,0.0000,0.0000,0.9500
965.76,194.4,208.9,186.4,105.9,0.0000,0.0000,0.0000,0.9500
966.77,194.4,209.0,186.4,106.0,0.0000,0.0000,0.0000,0.9500
967.78,194.4,209.0,186.4,106.1,0.0000,0.0000,0.0000,0.9500
968.79,194.4,209.0,186.4,106.2,0.0000,0.0000,0.0000,0.9500
969.80,194.4,209.1,186.4,106.3,0.0000,0.0000,0.0000,0.9500
970.81,194.4,209.1,186.4,106.4,0.0000,0.0000,0.0000,0.9500
971.82,194.4,209.1,186.4,106.5,0.0000,0.0000,0.0000,0.9500
972.82,194.4,209.1,186.4,106.6,0.0000,0.0000,0.0000,0.9500
973.83,194.4,209.2,186.3,106.7,0.0000,0.0000,0.0000,0.9500
974.84,194.4,209.2,186.3,106.8,0.0000,0.0000,0.0000,0.9500
975.85,194.4,209.2,186.3,106.8,0.0000,0.0000,0.0000,0.9500
976.86,194.4,209.3,186.3,106.9,0.0000,0.0000,0.0000,0.9500
977.87,194.3,209.3,186.3,107.0,0.0000,0.0000,0.0000,0.9500
978.88,194.3,209.3,186.3,107.2,0.0000,0.0000,0.0000,0.9500
979.89,194.3,209.4,186.3,107.3,0.0000,0.0000,0.0000,0.9500
980.90,194.3,209.4,186.3,107.4,0.0000,0.0000,0.0000,0.9500
981.91,194.3,209.4,186.2,107.4,0.0000,0.0000,0.0000,0.9500
982.92,194.3,209.5,186.2,107.5,0.0000,0.0000,0.0000,0.9500
983.93,194.3,209.5,186.2,107.6,0.0000,0.0000,0.0000,0.9500
984.93,194.3,209.5,186.2,107.7,0.0000,0.0000,0.0000,0.9500
985.94,194.3,209.6,186.2,107.8,0.0000,0.0000,0.0000,0.9500
986.95,194.3,209.6,186.2,107.9,0.0000,0.0000,0.0000,0.9500
987.96,194.3,209.6,186.2,108.0,0.0000,0.0000,0.0000,0.9500
988.97,194.3,209.6,186.1,108.1,0.0000,0.0000,0.0000,0.9500
989.98,194.2,209.7,186.1,108.2,0.0000,0.0000,0.0000,0.9500
990.99,194.2,209.7,186.1,108.3,0.0000,0.0000,0.0000,0.9500
992.00,194.2,209.7,186.1,108.4,0.0000,0.0000,0.0000,0.9500
993.01,194.2,209.7,186.1,108.5,0.0000,0.0000,0.0000,0.9500
994.02,194.2,209.8,186.1,108.6,0.0000,0.0000,0.0000,0.9500
995.03,194.2,209.8,186.0,108.7,0.0000,0.0000,0.0000,0.9500
996.03,194.2,209.8,186.0,108.8,0.0000,0.0000,0.0000,0.9500
997.04,194.2,209.8,186.0,108.9,0.0000,0.0000,0.0000,0.9500
998.05,194.1,209.9,186.0,109.0,0.0000,0.0000,0.0000,0.9500
999.06,194.1,209.9,186.0,109.1,0.0000,0.0000,0.0000,0.9500
1000.07,194.1,209.9,186.0,109.2,0.0000,0.0000,0.0000,0.9500
1001.08,194.1,209.9,186.0,109.3,0.0000,0.0000,0.0000,0.9500
1002.09,194.1,210.0,185.9,109.4,0.0000,0.0000,0.0000,0.9500
1003.10,194.1,210.0,185.9,109.5,0.0000,0.0000,0.0000,0.9500
1004.11,194.1,210.0,185.9,109.6,0.0000,0.0000,0.0000,0.9500
1005.12,194.0,210.1,185.9,109.7,0.0000,0.0000,0.0000,0.9500
1006.13,194.0,210.0,185.8,109.8,0.0000,0.0000,0.0000,0.9500
1007.14,194.0,210.1,185.8,109.9,0.0000,0.0000,0.0000,0.9500
1008.15,194.0,210.1,185.8,110.0,0.0000,0.0000,0.0000,0.9500
1009.16,194.0,210.1,185.8,110.0,0.0000,0.0000,0.0000,0.9500
1010.16,194.0,210.1,185.8,110.2,0.0000,0.0000,0.0000,0.9500
1011.17,194.0,210.2,185.7,110.3,0.0000,0.0000,0.0000,0.9500
1012.18,194.0,210.2,185.7,110.3,0.0000,0.0000,0.0000,0.9500
1013.19,193.9,210.2,185.7,110.4,0.0000,0.0000,0.0000,0.9500
1014.20,193.9,210.2,185.7,110.5,0.0000,0.0000,0.0000,0.9500
1015.21,193.9,210.3,185.7,110.6,0.0000,0.0000,0.0000,0.9500
1016.22,193.9,210.3,185.7,110.7,0.0000,0.0000,0.0000,0.9500
1017.23,193.9,210.3,185.7,110.8,0.0000,0.0000,0.0000,0.9500
1018.24,193.9,210.3,185.6,110.9,0.0000,0.0000,0.0000,0.9500
1019.25,193.9,210.3,185.6,111.0,0.0000,0.0000,0.0000,0.9500
1020.26,193.8,210.3,185.6,111.1,0.0000,0.0000,0.0000,0.9500
1021.27,193.8,210.4,185.6,111.2,0.0000,0.0000,0.0000,0.9500
1022.27,193.8,210.4,185.5,111.3,0.0000,0.0000,0.0000,0.9500
1023.28,193.8,210.4,185.5,111.4,0.0000,0.0000,0.0000,0.9500
1024.29,193.8,210.4,185.5,111.5,0.0000,0.0000,0.0000,0.9500
1025.30,193.8,210.5,185.5,111.6,0.0000,0.0000,0.0000,0.9500
1026.31,193.7,210.5,185.5,111.7,0.0000,0.0000,0.0000,0.9500
1027.32,193.7,210.5,185.4,111.7,0.0000,0.0000,0.0000,0.9500
1028.33,193.7,210.5,185.4,111.9,0.0000,0.0000,0.0000,0.9500
1029.34,193.7,210.5,185.4,112.0,0.0000,0.0000,0.0000,0.9500
1030.35,193.7,210.5,185.4,112.0,0.0000,0.0000,0.0000,0.9500
1031.36,193.6,210.6,185.3,112.2,0.0000,0.0000,0.0000,0.9500
1032.37,193.6,210.6,185.3,112.2,0.0000,0.0000,0.0000,0.9500
1033.37,193.6,210.6,185.3,112.3,0.0000,0.0000,0.0000,0.9500
1034.38,193.6,210.6,185.3,112.4,0.0000,0.0000,0.0000,0.9500
1035.39,193.6,210.6,185.3,112.5,0.0000,0.0000,0.0000,0.9500
1036.40,193.6,210.6,185.3,112.6,0.0000,0.0000,0.0000,0.9500
1037.41,193.5,210.7,185.2,112.7,0.0000,0.0000,0.0000,0.9500
1038.42,193.5,210.7,185.2,112.8,0.0000,0.0000,0.0000,0.9500
1039.43,193.5,210.7,185.2,112.9,0.0000,0.0000,0.0000,0.9500
1040.44,193.5,210.7,185.1,113.0,0.0000,0.0000,0.0000,0.9500
1041.45,193.5,210.7,185.1,113.1,0.0000,0.0000,0.0000,0.9500
1042.46,193.5,210.7,185.1,113.2,0.0000,0.0000,0.0000,0.9500
1043.47,193.4,210.7,185.1,113.3,0.0000,0.0000,0.0000,0.9500
1044.48,193.4,210.8,185.1,113.4,0.0000,0.0000,0.0000,0.9500
1045.49,193.4,210.8,185.0,113.4,0.0000,0.0000,0.0000,0.9500
1046.49,193.4,210.8,185.0,113.5,0.0000,0.0000,0.0000,0.9500
1047.50,193.3,210.8,185.0,113.6,0.0000,0.0000,0.0000,0.9500
1048.51,193.3,210.8,185.0,113.7,0.0000,0.0000,0.0000,0.9500
1049.52,193.3,210.9,184.9,113.8,0.0000,0.0000,0.0000,0.9500
1050.53,193.3,210.9,184.9,113.9,0.0000,0.0000,0.0000,0.9500
1051.54,193.3,210.9,184.9,114.0,0.0000,0.0000,0.0000,0.9500
1052.55,193.2,210.9,184.9,114.1,0.0000,0.0000,0.0000,0.9500
1053.56,193.2,210.9,184.8,114.1,0.0000,0.0000,0.0000,0.9500
1054.57,193.2,210.9,184.8,114.2,0.0000,0.0000,0.0000,0.9500
1055.58,193.2,210.9,184.8,114.3,0.0000,0.0000,0.0000,0.9500
1056.59,193.2,210.9,184.8,114.4,0.0000,0.0000,0.0000,0.9500
1057.60,193.2,211.0,184.8,114.5,0.0000,0.0000,0.0000,0.9500
1058.60,193.1,211.0,184.7,114.6,0.0000,0.0000,0.0000,0.9500
1059.61,193.1,211.0,184.7,114.7,0.0000,0.0000,0.0000,0.9500
1060.62,193.1,211.0,184.7,114.8,0.0000,0.0000,0.0000,0.9500
1061.63,193.1,211.0,184.6,114.8,0.0000,0.0000,0.0000,0.9500
1062.64,193.1,211.0,184.6,114.9,0.0000,0.0000,0.0000,0.9500
1063.65,193.0,211.0,184.6,115.0,0.0000,0.0000,0.0000,0.9500
1064.66,193.0,211.0,184.6,115.1,0.0000,0.0000,0.0000,0.9500
1065.67,193.0,211.0,184.5,115.2,0.0000,0.0000,0.0000,0.9500
1066.68,193.0,211.0,184.5,115.2,0.0000,0.0000,0.0000,0.9500
1067.69,192.9,211.1,184.5,115.3,0.0000,0.0000,0.0000,0.9500
1068.70,192.9,211.1,184.5,115.4,0.0000,0.0000,0.0000,0.9500
1069.70,192.9,211.1,184.5,115.5,0.0000,0.0000,0.0000,0.9500
1070.71,192.9,211.1,184.4,115.6,0.0000,0.0000,0.0000,0.9500
1071.72,192.8,211.1,184.4,115.7,0.0000,0.0000,0.0000,0.9500
1072.73,192.8,211.1,184.4,115.8,0.0000,0.0000,0.0000,0.9500
1073.74,192.8,211.1,184.4,115.8,0.0000,0.0000,0.0000,0.9500
1074.75,192.8,211.1,184.3,115.9,0.0000,0.0000,0.0000,0.9500
1075.76,192.8,211.2,184.3,116.0,0.0000,0.0000,0.0000,0.9500
1076.77,192.7,211.2,184.3,116.1,0.0000,0.0000,0.0000,0.9500
1077.78,192.7,211.2,184.2,116.2,0.0000,0.0000,0.0000,0.9500
1078.79,192.7,211.2,184.2,116.3,0.0000,0.0000,0.0000,0.9500
1079.80,192.7,211.2,184.2,116.3,0.0000,0.0000,0.0000,0.9500
1080.81,192.7,211.2,184.2,116.4,0.0000,0.0000,0.0000,0.9500
1081.82,192.6,211.2,184.1,116.5,0.0000,0.0000,0.0000,0.9500
1082.83,192.6,211.2,184.1,116.6,0.0000,0.0000,0.0000,0.9500
1083.83,192.6,211.2,184.1,116.7,0.0000,0.0000,0.0000,0.9500
1084.84,192.6,211.2,184.1,116.8,0.0000,0.0000,0.0000,0.9500
1085.85,192.5,211.2,184.0,116.8,0.0000,0.0000,0.0000,0.9500
1086.86,192.5,211.2,184.0,116.9,0.0000,0.0000,0.0000,0.9500
1087.87,192.5,211.3,184.0,117.0,0.0000,0.0000,0.0000,0.9500
1088.88,192.5,211.3,184.0,117.1,0.0000,0.0000,0.0000,0.9500
1089.89,192.4,211.3,183.9,117.2,0.0000,0.0000,0.0000,0.9500
1090.90,192.4,211.3,183.9,117.3,0.0000,0.0000,0.0000,0.9500
1091.91,192.4,211.3,183.9,117.3,0.0000,0.0000,0.0000,0.9500
1092.92,192.4,211.3,183.8,117.4,0.0000,0.0000,0.0000,0.9500
1093.93,192.3,211.3,183.8,117.5,0.0000,0.0000,0.0000,0.9500
1094.94,192.3,211.3,183.8,117.6,0.0000,0.0000,0.0000,0.9500
1095.94,192.3,211.3,183.8,117.7,0.0000,0.0000,0.0000,0.9500
1096.95,192.3,211.3,183.7,117.7,0.0000,0.0000,0.0000,0.9500
1097.96,192.3,211.3,183.7,117.8,0.0000,0.0000,0.0000,0.9500
1098.97,192.2,211.3,183.7,117.9,0.0000,0.0000,0.0000,0.9500
1099.98,192.2,211.3,183.6,118.0,0.0000,0.0000,0.0000,0.9500
1100.99,192.2,211.3,183.6,118.0,0.0000,0.0000,0.0000,0.9500
1102.00,192.2,211.4,183.6,118.1,0.0000,0.0000,0.0000,0.9500
1103.01,192.1,211.4,183.6,118.2,0.0000,0.0000,0.0000,0.9500
1104.02,192.1,211.4,183.5,118.3,0.0000,0.0000,0.0000,0.9500
1105.03,192.1,211.4,183.5,118.4,0.0000,0.0000,0.0000,0.9500
1106.04,192.1,211.4,183.5,118.4,0.0000,0.0000,0.0000,0.9500
1107.04,192.0,211.4,183.4,118.5,0.0000,0.0000,0.0000,0.9500
1108.05,192.0,211.4,183.4,118.6,0.0000,0.0000,0.0000,0.9500
1109.06,192.0,211.4,183.4,118.7,0.0000,0.0000,0.0000,0.9500
1110.07,192.0,211.4,183.4,118.8,0.0000,0.0000,0.0000,0.9500
1111.08,192.0,211.4,183.3,118.9,0.0000,0.0000,0.0000,0.9500
1112.09,191.9,211.4,183.3,118.9,0.0000,0.0000,0.0000,0.9500
1113.10,191.9,211.4,183.3,119.0,0.0000,0.0000,0.0000,0.9500
1114.11,191.9,211.4,183.2,119.1,0.0000,0.0000,0.0000,0.9500
1115.12,191.8,211.4,183.2,119.2,0.0000,0.0000,0.0000,0.9500
1116.13,191.8,211.4,183.2,119.3,0.0000,0.0000,0.0000,0.9500
1117.14,191.8,211.4,183.2,119.3,0.0000,0.0000,0.0000,0.9500
1118.15,191.8,211.4,183.1,119.4,0.0000,0.0000,0.0000,0.9500
1119.16,191.7,211.4,183.1,119.5,0.0000,0.0000,0.0000,0.9500
1120.17,191.7,211.4,183.1,119.6,0.0000,0.0000,0.0000,0.9500
1121.17,191.7,211.4,183.1,119.6,0.0000,0.0000,0.0000,0.9500
1122.18,191.7,211.4,183.0,119.7,0.0000,0.0000,0.0000,0.9500
1123.19,191.6,211.5,183.0,119.8,0.0000,0.0000,0.0000,0.9500
1124.20,191.6,211.4,183.0,119.9,0.0000,0.0000,0.0000,0.9500
1125.21,191.6,211.4,182.9,120.0,0.0000,0.0000,0.0000,0.9500
1126.22,191.6,211.5,182.9,120.0,0.0000,0.0000,0.0000,0.9500
1127.23,191.5,211.5,182.9,120.1,0.0000,0.0000,0.0000,0.9500
1128.24,191.5,211.4,182.8,120.2,0.0000,0.0000,0.0000,0.9500
1129.25,191.5,211.5,182.8,120.3,0.0000,0.0000,0.0000,0.9500
1130.26,191.5,211.5,182.8,120.4,0.0000,0.0000,0.0000,0.9500
1131.27,191.4,211.5,182.8,120.4,0.0000,0.0000,0.0000,0.9500
1132.28,191.4,211.5,182.7,120.5,0.0000,0.0000,0.0000,0.9500
1133.28,191.4,211.5,182.7,120.6,0.0000,0.0000,0.0000,0.9500
1134.29,191.4,211.5,182.7,120.7,0.0000,0.0000,0.0000,0.9500
1135.30,191.3,211.5,182.6,120.8,0.0000,0.0000,0.0000,0.9500
1136.31,191.3,211.5,182.6,120.8,0.0000,0.0000,0.0000,0.9500
1137.32,191.3,211.5,182.6,120.9,0.0000,0.0000,0.0000,0.9500
1138.33,191.3,211.5,182.5,121.0,0.0000,0.0000,0.0000,0.9500
1139.34,191.2,211.5,182.5,121.0,0.0000,0.0000,0.0000,0.9500
1140.35,191.2,211.5,182.5,121.1,0.0000,0.0000,0.0000,0.9500
1141.36,191.2,211.5,182.5,121.2,0.0000,0.0000,0.0000,0.9500
1142.37,191.2,211.5,182.4,121.3,0.0000,0.0000,0.0000,0.9500
1143.37,191.1,211.5,182.4,121.4,0.0000,0.0000,0.0000,0.9500
1144.38,191.1,211.5,182.4,121.4,0.0000,0.0000,0.0000,0.9500
1145.39,191.1,211.5,182.3,121.5,0.0000,0.0000,0.0000,0.9500
1146.40,191.1,211.5,182.3,121.6,0.0000,0.0000,0.0000,0.9500
1147.41,191.0,211.5,182.3,121.6,0.0000,0.0000,0.0000,0.9500
1148.42,191.0,211.5,182.2,121.7,0.0000,0.0000,0.0000,0.9500
1149.43,191.0,211.5,182.2,121.8,0.0000,0.0000,0.0000,0.9500
1150.44,191.0,211.5,182.2,121.9,0.0000,0.0000,0.0000,0.9500
1151.45,190.9,211.5,182.1,121.9,0.0000,0.0000,0.0000,0.9500
1152.46,190.9,211.5,182.1,122.0,0.0000,0.0000,0.0000,0.9500
1153.46,190.9,211.5,182.1,122.1,0.0000,0.0000,0.0000,0.9500
1154.47,190.8,211.5,182.1,122.1,0.0000,0.0000,0.0000,0.9500
1155.48,190.8,211.5,182.0,122.2,0.0000,0.0000,0.0000,0.9500
1156.49,190.8,211.5,182.0,122.3,0.0000,0.0000,0.0000,0.9500
1157.50,190.8,211.5,182.0,122.3,0.0000,0.0000,0.0000,0.9500
1158.51,190.7,211.5,181.9,122.4,0.0000,0.0000,0.0000,0.9500
1159.52,190.7,211.5,181.9,122.5,0.0000,0.0000,0.0000,0.9500
1160.53,190.7,211.5,181.9,122.5,0.0000,0.0000,0.0000,0.9500
1161.54,190.7,211.5,181.8,122.6,0.0000,0.0000,0.0000,0.9500
1162.54,190.6,211.5,181.8,122.7,0.0000,0.0000,0.0000,0.9500
1163.55,190.6,211.5,181.8,122.8,0.0000,0.0000,0.0000,0.9500
1164.56,190.6,211.5,181.8,122.8,0.0000,0.0000,0.0000,0.9500
1165.57,190.5,211.5,181.7,122.9,0.0000,0.0000,0.0000,0.9500
1166.58,190.5,211.5,181.7,122.9,0.0000,0.0000,0.0000,0.9500
1167.59,190.5,211.5,181.6,123.0,0.0000,0.0000,0.0000,0.9500
1168.60,190.5,211.5,181.6,123.1,0.0000,0.0000,0.0000,0.9500
1169.61,190.5,211.5,181.6,123.2,0.0000,0.0000,0.0000,0.9500
1170.62,190.4,211.5,181.6,123.2,0.0000,0.0000,0.0000,0.9500
1171.63,190.4,211.5,181.5,123.3,0.0000,0.0000,0.0000,0.9500
1172.64,190.3,211.5,181.5,123.4,0.0000,0.0000,0.0000,0.9500
1173.64,190.3,211.5,181.5,123.4,0.0000,0.0000,0.0000,0.9500
1174.65,190.3,211.5,181.4,123.5,0.0000,0.0000,0.0000,0.9500
1175.66,190.3,211.5,181.4,123.6,0.0000,0.0000,0.0000,0.9500
1176.67,190.3,211.5,181.4,123.6,0.0000,0.0000,0.0000,0.9500
1177.68,190.2,211.5,181.4,123.7,0.0000,0.0000,0.0000,0.9500
1178.69,190.2,211.5,181.3,123.8,0.0000,0.0000,0.0000,0.9500
1179.70,190.2,211.5,181.3,123.8,0.0000,0.0000,0.0000,0.9500
1180.71,190.2,211.5,181.2,123.9,0.0000,0.0000,0.0000,0.9500
1181.72,190.1,211.5,181.2,124.0,0.0000,0.0000,0.0000,0.9500
1182.73,190.1,211.5,181.2,124.0,0.0000,0.0000,0.0000,0.9500
1183.73,190.1,211.5,181.2,124.1,0.0000,0.0000,0.0000,0.9500
1184.74,190.1,211.5,181.1,124.2,0.0000,0.0000,0.0000,0.9500
1185.75,190.0,211.5,181.1,124.3,0.0000,0.0000,0.0000,0.9500
1186.76,190.0,211.5,181.1,124.3,0.0000,0.0000,0.0000,0.9500
1187.77,190.0,211.5,181.0,124.4,0.0000,0.0000,0.0000,0.9500
1188.78,189.9,211.4,181.0,124.4,0.0000,0.0000,0.0000,0.9500
1189.79,189.9,211.4,181.0,124.5,0.0000,0.0000,0.0000,0.9500
1190.80,189.9,211.4,181.0,124.6,0.0000,0.0000,0.0000,0.9500
1191.81,189.8,211.4,180.9,124.7,0.0000,0.0000,0.0000,0.9500
1192.81,189.8,211.4,180.9,124.7,0.0000,0.0000,0.0000,0.9500
1193.82,189.8,211.4,180.8,124.8,0.0000,0.0000,0.0000,0.9500
1194.83,189.8,211.4,180.8,124.8,0.0000,0.0000,0.0000,0.9500
1195.84,189.7,211.4,180.8,124.9,0.0000,0.0000,0.0000,0.9500
1196.85,189.7,211.4,180.8,125.0,0.0000,0.0000,0.0000,0.9500
1197.86,189.7,211.4,180.7,125.1,0.0000,0.0000,0.0000,0.9500
1198.87,189.7,211.4,180.7,125.1,0.0000,0.0000,0.0000,0.9500
1199.88,189.7,211.4,180.7,125.2,0.0000,0.0000,0.0000,0.9500
1200.89,189.6,211.4,180.6,125.3,0.0000,0.0000,0.0000,0.9500
1201.90,189.6,211.4,180.6,125.3,0.0000,0.0000,0.0000,0.9500
1202.90,189.6,211.4,180.6,125.4,0.0000,0.0000,0.0000,0.9500
1203.91,189.5,211.4,180.5,125.5,0.0000,0.0000,0.0000,0.9500
1204.92,189.5,211.4,180.5,125.5,0.0000,0.0000,0.0000,0.9500
1205.93,189.5,211.4,180.5,125.6,0.0000,0.0000,0.0000,0.9500
1206.94,189.5,211.4,180.4,125.7,0.0000,0.0000,0.0000,0.9500
1207.95,189.4,211.4,180.4,125.7,0.0000,0.0000,0.0000,0.9500
1208.96,189.4,211.4,180.4,125.8,0.0000,0.0000,0.0000,0.9500
1209.97,189.4,211.4,180.3,125.9,0.0000,0.0000,0.0000,0.9500
1210.98,189.4,211.4,180.3,125.9,0.0000,0.0000,0.0000,0.9500
1211.99,189.3,211.3,180.3,126.0,0.0000,0.0000,0.0000,0.9500
1212.99,189.3,211.4,180.2,126.1,0.0000,0.0000,0.0000,0.9500
1214.00,189.3,211.3,180.2,126.1,0.0000,0.0000,0.0000,0.9500
1215.01,189.3,211.3,180.2,126.2,0.0000,0.0000,0.0000,0.9500
1216.02,189.2,211.3,180.1,126.3,0.0000,0.0000,0.0000,0.9500
1217.03,189.2,211.3,180.1,126.3,0.0000,0.0000,0.0000,0.9500
1218.04,189.2,211.3,180.1,126.4,0.0000,0.0000,0.0000,0.9500
1219.05,189.1,211.3,180.0,126.5,0.0000,0.0000,0.0000,0.9500
1220.06,189.1,211.3,180.0,126.5,0.0000,0.0000,0.0000,0.9500
1221.07,189.1,211.3,180.0,126.6,0.0000,0.0000,0.0000,0.9500
1222.07,189.1,211.3,179.9,126.7,0.0000,0.0000,0.0000,0.9500
1223.08,189.0,211.3,179.9,126.7,0.0000,0.0000,0.0000,0.9500
1224.09,189.0,211.3,179.9,126.8,0.0000,0.0000,0.0000,0.9500
1225.10,189.0,211.3,179.8,126.9,0.0000,0.0000,0.0000,0.9500
1226.11,189.0,211.3,179.8,127.0,0.0000,0.0000,0.0000,0.9500
1227.12,188.9,211.3,179.8,127.0,0.0000,0.0000,0.0000,0.9500
1228.13,188.9,211.3,179.8,127.1,0.0000,0.0000,0.0000,0.9500
1229.14,188.9,211.3,179.7,127.2,0.0000,0.0000,0.0000,0.9500
1230.15,188.9,211.2,179.7,127.2,0.0000,0.0000,0.0000,0.9500
1231.15,188.8,211.2,179.7,127.3,0.0000,0.0000,0.0000,0.9500
1232.16,188.8,211.2,179.6,127.4,0.0000,0.0000,0.0000,0.9500
1233.17,188.8,211.2,179.6,127.5,0.0000,0.0000,0.0000,0.9500
1234.18,188.7,211.2,179.6,127.5,0.0000,0.0000,0.0000,0.9500
1235.19,188.7,211.2,179.5,127.6,0.0000,0.0000,0.0000,0.9500
1236.20,188.7,211.2,179.5,127.7,0.0000,0.0000,0.0000,0.9500
1237.21,188.7,211.2,179.5,127.7,0.0000,0.0000,0.0000,0.9500
1238.22,188.6,211.2,179.4,127.8,0.0000,0.0000,0.0000,0.9500
1239.23,188.6,211.2,179.4,127.9,0.0000,0.0000,0.0000,0.9500
1240.24,188.6,211.2,179.4,128.0,0.0000,0.0000,0.0000,0.9500
1241.24,188.5,211.2,179.3,128.0,0.0000,0.0000,0.0000,0.9500
1242.25,188.5,211.2,179.3,128.1,0.0000,0.0000,0.0000,0.9500
1243.26,188.5,211.2,179.3,128.2,0.0000,0.0000,0.0000,0.9500
1244.27,188.5,211.2,179.2,128.2,0.0000,0.0000,0.0000,0.9500
1245.28,188.5,211.2,179.2,128.3,0.0000,0.0000,0.0000,0.9500
1246.29,188.4,211.1,179.2,128.4,0.0000,0.0000,0.0000,0.9500
1247.30,188.4,211.1,179.1,128.5,0.0000,0.0000,0.0000,0.9500
1248.31,188.4,211.1,179.1,128.5,0.0000,0.0000,0.0000,0.9500
1249.32,188.4,211.1,179.1,128.6,0.0000,0.0000,0.0000,0.9500
1250.33,188.3,211.1,179.0,128.7,0.0000,0.0000,0.0000,0.9500
1251.34,188.3,211.1,179.0,128.7,0.0000,0.0000,0.0000,0.9500
1252.34,188.3,211.1,179.0,128.8,0.0000,0.0000,0.0000,0.9500
1253.35,188.3,211.1,178.9,128.9,0.0000,0.0000,0.0000,0.9500
1254.36,188.2,211.1,178.9,129.0,0.0000,0.0000,0.0000,0.9500
1255.37,188.2,211.1,178.9,129.0,0.0000,0.0000,0.0000,0.9500
1256.38,188.2,211.0,178.8,129.1,0.0000,0.0000,0.0000,0.9500
1257.39,188.1,211.1,178.8,129.2,0.0000,0.0000,0.0000,0.9500
1258.40,188.1,211.0,178.8,129.3,0.0000,0.0000,0.0000,0.9500
1259.41,188.1,211.0,178.7,129.3,0.0000,0.0000,0.0000,0.9500
1260.42,188.1,211.0,178.7,129.4,0.0000,0.0000,0.0000,0.9500
1261.43,188.0,211.0,178.7,129.4,0.0000,0.0000,0.0000,0.9500
1262.43,188.0,211.0,178.6,129.5,0.0000,0.0000,0.0000,0.9500
1263.44,188.0,211.0,178.6,129.6,0.0000,0.0000,0.0000,0.9500
1264.45,188.0,211.0,178.6,129.7,0.0000,0.0000,0.0000,0.9500
1265.46,187.9,211.0,178.5,129.7,0.0000,0.0000,0.0000,0.9500
1266.47,187.9,211.0,178.5,129.8,0.0000,0.0000,0.0000,0.9500
1267.48,187.9,211.0,178.5,129.9,0.0000,0.0000,0.0000,0.9500
1268.49,187.9,211.0,178.4,130.0,0.0000,0.0000,0.0000,0.9500
1269.50,187.8,211.0,178.4,130.0,0.0000,0.0000,0.0000,0.9500
1270.51,187.8,210.9,178.4,130.1,0.0000,0.0000,0.0000,0.9500
1271.51,187.8,211.0,178.3,130.2,0.0000,0.0000,0.0000,0.9500
1272.52,187.8,210.9,178.3,130.3,0.0000,0.0000,0.0000,0.9500
1273.53,187.7,210.9,178.3,130.3,0.0000,0.0000,0.0000,0.9500
1274.54,187.7,210.9,178.2,130.4,0.0000,0.0000,0.0000,0.9500
1275.55,187.7,210.9,178.2,130.5,0.0000,0.0000,0.0000,0.9500
1276.56,187.7,210.9,178.2,130.5,0.0000,0.0000,0.0000,0.9500
1277.57,187.6,210.9,178.1,130.6,0.0000,0.0000,0.0000,0.9500
1278.58,187.6,210.9,178.1,130.7,0.0000,0.0000,0.0000,0.9500
1279.59,187.6,210.9,178.1,130.8,0.0000,0.0000,0.0000,0.9500
1280.60,187.6,210.9,178.0,130.9,0.0000,0.0000,0.0000,0.9500
1281.60,187.5,210.9,178.0,130.9,0.0000,0.0000,0.0000,0.9500
1282.61,187.5,210.9,178.0,131.0,0.0000,0.0000,0.0000,0.9500
1283.62,187.5,210.8,178.0,131.1,0.0000,0.0000,0.0000,0.9500
1284.63,187.5,210.8,177.9,131.1,0.0000,0.0000,0.0000,0.9500
1285.64,187.4,210.8,177.9,131.2,0.0000,0.0000,0.0000,0.9500
1286.65,187.4,210.8,177.8,131.3,0.0000,0.0000,0.0000,0.9500
1287.66,187.4,210.8,177.8,131.3,0.0000,0.0000,0.0000,0.9500
1288.67,187.3,210.8,177.8,131.4,0.0000,0.0000,0.0000,0.9500
1289.68,187.3,210.8,177.7,131.5,0.0000,0.0000,0.0000,0.9500
1290.69,187.3,210.8,177.7,131.6,0.0000,0.0000,0.0000,0.9500
1291.69,187.3,210.8,177.7,131.6,0.0000,0.0000,0.0000,0.9500
1292.70,187.2,210.8,177.7,131.7,0.0000,0.0000,0.0000,0.9500
1293.71,187.2,210.7,177.6,131.8,0.0000,0.0000,0.0000,0.9500
1294.72,187.2,210.7,177.6,131.8,0.0000,0.0000,0.0000,0.9500
1295.73,187.2,210.7,177.6,131.9,0.0000,0.0000,0.0000,0.9500
1296.74,187.1,210.7,177.5,132.0,0.0000,0.0000,0.0000,0.9500
1297.75,187.1,210.7,177.5,132.0,0.0000,0.0000,0.0000,0.9500
1298.76,187.1,210.7,177.5,132.1,0.0000,0.0000,0.0000,0.9500
1299.77,187.1,210.7,177.4,132.2,0.0000,0.0000,0.0000,0.9500
1300.77,187.0,210.7,177.4,132.3,0.0000,0.0000,0.0000,0.9500
1301.78,187.0,210.7,177.4,132.3,0.0000,0.0000,0.0000,0.9500
1302.79,187.0,210.7,177.3,132.4,0.0000,0.0000,0.0000,0.9500
1303.80,187.0,210.7,177.3,132.5,0.0000,0.0000,0.0000,0.9500
1304.81,186.9,210.7,177.3,132.5,0.0000,0.0000,0.0000,0.9500
1305.82,186.9,210.6,177.2,132.6,0.0000,0.0000,0.0000,0.9500
1306.83,186.9,210.6,177.2,132.7,0.0000,0.0000,0.0000,0.9500
1307.84,186.9,210.6,177.2,132.8,0.0000,0.0000,0.0000,0.9500
1308.85,186.8,210.6,177.1,132.8,0.0000,0.0000,0.0000,0.9500
1309.85,186.8,210.6,177.1,132.9,0.0000,0.0000,0.0000,0.9500
1310.86,186.8,210.6,177.1,132.9,0.0000,0.0000,0.0000,0.9500
1311.87,186.8,210.6,177.0,133.0,0.0000,0.0000,0.0000,0.9500
1312.88,186.7,210.6,177.0,133.1,0.0000,0.0000,0.0000,0.9500
1313.89,186.7,210.6,177.0,133.2,0.0000,0.0000,0.0000,0.9500
1314.90,186.7,210.5,176.9,133.2,0.0000,0.0000,0.0000,0.9500
1315.91,186.7,210.5,176.9,133.3,0.0000,0.0000,0.0000,0.9500
1316.92,186.6,210.5,176.9,133.4,0.0000,0.0000,0.0000,0.9500
1317.93,186.6,210.5,176.8,133.4,0.0000,0.0000,0.0000,0.9500
1318.94,186.6,210.5,176.8,133.5,0.0000,0.0000,0.0000,0.9500
1319.94,186.6,210.5,176.7,133.6,0.0000,0.0000,0.0000,0.9500
1320.95,186.5,210.5,176.7,133.6,0.0000,0.0000,0.0000,0.9500
1321.96,186.5,210.4,176.7,133.7,0.0000,0.0000,0.0000,0.9500
1322.97,186.5,210.4,176.7,133.8,0.0000,0.0000,0.0000,0.9500
1323.98,186.5,210.4,176.6,133.8,0.0000,0.0000,0.0000,0.9500
1324.99,186.4,210.4,176.6,133.9,0.0000,0.0000,0.0000,0.9500
1326.00,186.4,210.4,176.6,134.0,0.0000,0.0000,0.0000,0.9500
1327.01,186.4,210.4,176.5,134.0,0.0000,0.0000,0.0000,0.9500
1328.02,186.4,210.4,176.5,134.1,0.0000,0.0000,0.0000,0.9500
1329.03,186.3,210.4,176.5,134.2,0.0000,0.0000,0.0000,0.9500
1330.04,186.3,210.4,176.4,134.2,0.0000,0.0000,0.0000,0.9500
1331.04,186.3,210.4,176.4,134.3,0.0000,0.0000,0.0000,0.9500
1332.05,186.3,210.3,176.4,134.4,0.0000,0.0000,0.0000,0.9500
1333.06,186.2,210.3,176.3,134.4,0.0000,0.0000,0.0000,0.9500
1334.07,186.2,210.3,176.3,134.5,0.0000,0.0000,0.0000,0.9500
1335.08,186.2,210.3,176.3,134.5,0.0000,0.0000,0.0000,0.9500
1336.09,186.1,210.3,176.2,134.6,0.0000,0.0000,0.0000,0.9500
1337.10,186.1,210.3,176.2,134.7,0.0000,0.0000,0.0000,0.9500
1338.11,186.1,210.3,176.2,134.8,0.0000,0.0000,0.0000,0.9500
1339.12,186.1,210.3,176.1,134.8,0.0000,0.0000,0.0000,0.9500
1340.12,186.0,210.3,176.1,134.9,0.0000,0.0000,0.0000,0.9500
1341.13,186.0,210.2,176.1,134.9,0.0000,0.0000,0.0000,0.9500
1342.14,186.0,210.2,176.0,135.0,0.0000,0.0000,0.0000,0.9500
1343.15,186.0,210.2,176.0,135.1,0.0000,0.0000,0.0000,0.9500
1344.16,186.0,210.2,176.0,135.2,0.0000,0.0000,0.0000,0.9500
1345.17,185.9,210.2,175.9,135.2,0.0000,0.0000,0.0000,0.9500
1346.18,185.9,210.2,175.9,135.3,0.0000,0.0000,0.0000,0.9500
1347.19,185.9,210.2,175.9,135.3,0.0000,0.0000,0.0000,0.9500
1348.20,185.9,210.2,175.8,135.4,0.0000,0.0000,0.0000,0.9500
1349.21,185.8,210.2,175.8,135.5,0.0000,0.0000,0.0000,0.9500
1350.21,185.8,210.1,175.8,135.5,0.0000,0.0000,0.0000,0.9500
1351.22,185.8,210.1,175.7,135.6,0.0000,0.0000,0.0000,0.9500
1352.23,185.7,210.1,175.7,135.7,0.0000,0.0000,0.0000,0.9500
1353.24,185.7,210.1,175.7,135.7,0.0000,0.0000,0.0000,0.9500
1354.25,185.7,210.1,175.6,135.8,0.0000,0.0000,0.0000,0.9500
1355.26,185.7,210.1,175.6,135.8,0.0000,0.0000,0.0000,0.9500
1356.27,185.7,210.1,175.6,135.9,0.0000,0.0000,0.0000,0.9500
1357.28,185.6,210.1,175.6,136.0,0.0000,0.0000,0.0000,0.9500
1358.29,185.6,210.0,175.5,136.0,0.0000,0.0000,0.0000,0.9500
1359.29,185.6,210.0,175.5,136.1,0.0000,0.0000,0.0000,0.9500
1360.30,185.5,210.0,175.4,136.1,0.0000,0.0000,0.0000,0.9500
1361.31,185.5,210.0,175.4,136.2,0.0000,0.0000,0.0000,0.9500
1362.32,185.5,210.0,175.4,136.3,0.0000,0.0000,0.0000,0.9500
1363.33,185.5,210.0,175.4,136.3,0.0000,0.0000,0.0000,0.9500
1364.34,185.5,210.0,175.3,136.4,0.0000,0.0000,0.0000,0.9500
1365.35,185.4,210.0,175.3,136.5,0.0000,0.0000,0.0000,0.9500
1366.36,185.4,210.0,175.3,136.5,0.0000,0.0000,0.0000,0.9500
1367.37,185.4,209.9,175.2,136.6,0.0000,0.0000,0.0000,0.9500
1368.38,185.4,209.9,175.2,136.6,0.0000,0.0000,0.0000,0.9500
1369.38,185.3,209.9,175.2,136.7,0.0000,0.0000,0.0000,0.9500
1370.39,185.3,209.9,175.1,136.8,0.0000,0.0000,0.0000,0.9500
1371.40,185.3,209.9,175.1,136.8,0.0000,0.0000,0.0000,0.9500
1372.41,185.3,209.9,175.1,136.9,0.0000,0.0000,0.0000,0.9500
1373.42,185.2,209.9,175.0,136.9,0.0000,0.0000,0.0000,0.9500
1374.43,185.2,209.8,175.0,137.0,0.0000,0.0000,0.0000,0.9500
1375.44,185.2,209.8,175.0,137.1,0.0000,0.0000,0.0000,0.9500
1376.45,185.2,209.8,174.9,137.1,0.0000,0.0000,0.0000,0.9500
1377.46,185.1,209.8,174.9,137.2,0.0000,0.0000,0.0000,0.9500
1378.47,185.1,209.8,174.9,137.2,0.0000,0.0000,0.0000,0.9500
1379.47,185.1,209.8,174.8,137.3,0.0000,0.0000,0.0000,0.9500
1380.48,185.0,209.8,174.8,137.3,0.0000,0.0000,0.0000,0.9500
1381.49,185.0,209.8,174.8,137.4,0.0000,0.0000,0.0000,0.9500
1382.50,185.0,209.7,174.7,137.5,0.0000,0.0000,0.0000,0.9500
1383.51,185.0,209.7,174.7,137.5,0.0000,0.0000,0.0000,0.9500
1384.52,185.0,209.7,174.7,137.6,0.0000,0.0000,0.0000,0.9500
1385.53,185.0,209.7,174.6,137.6,0.0000,0.0000,0.0000,0.9500
1386.54,184.9,209.7,174.6,137.7,0.0000,0.0000,0.0000,0.9500
1387.55,184.9,209.7,174.6,137.8,0.0000,0.0000,0.0000,0.9500
1388.56,184.9,209.7,174.5,137.8,0.0000,0.0000,0.0000,0.9500
1389.56,184.8,209.6,174.5,137.9,0.0000,0.0000,0.0000,0.9500
1390.57,184.8,209.6,174.5,137.9,0.0000,0.0000,0.0000,0.9500
1391.58,184.8,209.6,174.4,138.0,0.0000,0.0000,0.0000,0.9500
1392.59,184.8,209.6,174.4,138.1,0.0000,0.0000,0.0000,0.9500
1393.60,184.7,209.6,174.4,138.1,0.0000,0.0000,0.0000,0.9500
1394.61,184.7,209.6,174.3,138.2,0.0000,0.0000,0.0000,0.9500
1395.62,184.7,209.6,174.3,138.2,0.0000,0.0000,0.0000,0.9500
1396.63,184.7,209.6,174.3,138.3,0.0000,0.0000,0.0000,0.9500
1397.63,184.6,209.5,174.2,138.4,0.0000,0.0000,0.0000,0.9500
1398.64,184.6,209.5,174.2,138.4,0.0000,0.0000,0.0000,0.9500
1399.65,184.6,209.5,174.2,138.5,0.0000,0.0000,0.0000,0.9500
1400.66,184.6,209.5,174.2,138.5,0.0000,0.0000,0.0000,0.9500
1401.67,184.6,209.5,174.1,138.6,0.0000,0.0000,0.0000,0.9500
1402.68,184.5,209.5,174.1,138.7,0.0000,0.0000,0.0000,0.9500
1403.69,184.5,209.5,174.1,138.7,0.0000,0.0000,0.0000,0.9500
1404.70,184.5,209.4,174.0,138.8,0.0000,0.0000,0.0000,0.9500
1405.71,184.5,209.4,174.0,138.8,0.0000,0.0000,0.0000,0.9500
1406.72,184.4,209.4,174.0,138.9,0.0000,0.0000,0.0000,0.9500
1407.72,184.4,209.4,173.9,138.9,0.0000,0.0000,0.0000,0.9500
1408.73,184.4,209.4,173.9,139.0,0.0000,0.0000,0.0000,0.9500
1409.74,184.4,209.4,173.9,139.1,0.0000,0.0000,0.0000,0.9500
1410.75,184.3,209.4,173.8,139.1,0.0000,0.0000,0.0000,0.9500
1411.76,184.3,209.3,173.8,139.2,0.0000,0.0000,0.0000,0.9500
1412.77,184.3,209.3,173.8,139.2,0.0000,0.0000,0.0000,0.9500
1413.78,184.3,209.3,173.7,139.3,0.0000,0.0000,0.0000,0.9500
1414.79,184.3,209.3,173.7,139.4,0.0000,0.0000,0.0000,0.9500
1415.80,184.2,209.3,173.7,139.4,0.0000,0.0000,0.0000,0.9500
1416.81,184.2,209.3,173.7,139.5,0.0000,0.0000,0.0000,0.9500
1417.82,184.2,209.3,173.6,139.6,0.0000,0.0000,0.0000,0.9500
1418.82,184.2,209.2,173.6,139.6,0.0000,0.0000,0.0000,0.9500
1419.83,184.1,209.2,173.6,139.7,0.0000,0.0000,0.0000,0.9500
1420.84,184.1,209.2,173.5,139.7,0.0000,0.0000,0.0000,0.9500
1421.85,184.1,209.2,173.5,139.8,0.0000,0.0000,0.0000,0.9500
1422.86,184.1,209.2,173.5,139.9,0.0000,0.0000,0.0000,0.9500
1423.87,184.0,209.2,173.4,139.9,0.0000,0.0000,0.0000,0.9500
1424.88,184.0,209.2,173.4,140.0,0.0000,0.0000,0.0000,0.9500
1425.89,184.0,209.1,173.4,140.0,0.0000,0.0000,0.0000,0.9500
1426.90,184.0,209.1,173.3,140.1,0.0000,0.0000,0.0000,0.9500
1427.90,183.9,209.1,173.3,140.2,0.0000,0.0000,0.0000,0.9500
1428.91,183.9,209.1,173.3,140.2,0.0000,0.0000,0.0000,0.9500
1429.92,183.9,209.1,173.2,140.3,0.0000,0.0000,0.0000,0.9500
1430.93,183.9,209.1,173.2,140.3,0.0000,0.0000,0.0000,0.9500
1431.94,183.8,209.1,173.2,140.4,0.0000,0.0000,0.0000,0.9500
1432.95,183.8,209.1,173.2,140.4,0.0000,0.0000,0.0000,0.9500
1433.96,183.8,209.0,173.1,140.5,0.0000,0.0000,0.0000,0.9500
1434.97,183.8,209.0,173.1,140.6,0.0000,0.0000,0.0000,0.9500
1435.98,183.8,209.0,173.0,140.6,0.0000,0.0000,0.0000,0.9500
1436.99,183.7,209.0,173.0,140.7,0.0000,0.0000,0.0000,0.9500
1437.99,183.7,209.0,173.0,140.8,0.0000,0.0000,0.0000,0.9500
1439.00,183.7,208.9,173.0,140.8,0.0000,0.0000,0.0000,0.9500
1440.01,183.7,208.9,172.9,140.9,0.0000,0.0000,0.0000,0.9500
1441.02,183.7,208.9,172.9,140.9,0.0000,0.0000,0.0000,0.9500
1442.03,183.6,208.9,172.9,141.0,0.0000,0.0000,0.0000,0.9500
1443.04,183.6,208.9,172.8,141.0,0.0000,0.0000,0.0000,0.9500
1444.05,183.6,208.9,172.8,141.1,0.0000,0.0000,0.0000,0.9500
1445.06,183.5,208.9,172.8,141.1,0.0000,0.0000,0.0000,0.9500
1446.07,183.5,208.8,172.7,141.2,0.0000,0.0000,0.0000,0.9500
1447.08,183.5,208.8,172.7,141.3,0.0000,0.0000,0.0000,0.9500
1448.08,183.5,208.8,172.7,141.3,0.0000,0.0000,0.0000,0.9500
1449.09,183.5,208.8,172.6,141.4,0.0000,0.0000,0.0000,0.9500
1450.10,183.4,208.8,172.6,141.5,0.0000,0.0000,0.0000,0.9500
1451.11,183.4,208.8,172.6,141.5,0.0000,0.0000,0.0000,0.9500
1452.12,183.4,208.7,172.5,141.6,0.0000,0.0000,0.0000,0.9500
1453.13,183.4,208.7,172.5,141.6,0.0000,0.0000,0.0000,0.9500
1454.14,183.4,208.7,172.5,141.7,0.0000,0.0000,0.0000,0.9500
1455.15,183.3,208.7,172.4,141.8,0.0000,0.0000,0.0000,0.9500
1456.16,183.3,208.7,172.4,141.8,0.0000,0.0000,0.0000,0.9500
1457.17,183.3,208.7,172.4,141.9,0.0000,0.0000,0.0000,0.9500
1458.17,183.3,208.7,172.4,141.9,0.0000,0.0000,0.0000,0.9500
1459.18,183.2,208.6,172.3,142.0,0.0000,0.0000,0.0000,0.9500
1460.19,183.2,208.6,172.3,142.1,0.0000,0.0000,0.0000,0.9500
1461.20,183.2,208.6,172.3,142.1,0.0000,0.0000,0.0000,0.9500
1462.21,183.2,208.6,172.2,142.2,0.0000,0.0000,0.0000,0.9500
1463.22,183.2,208.6,172.2,142.2,0.0000,0.0000,0.0000,0.9500
1464.23,183.1,208.6,172.2,142.3,0.0000,0.0000,0.0000,0.9500
1465.24,183.1,208.6,172.1,142.4,0.0000,0.0000,0.0000,0.9500
1466.25,183.1,208.5,172.1,142.4,0.0000,0.0000,0.0000,0.9500
1467.25,183.0,208.5,172.1,142.5,0.0000,0.0000,0.0000,0.9500
1468.26,183.0,208.5,172.0,142.5,0.0000,0.0000,0.0000,0.9500
1469.27,183.0,208.5,172.0,142.6,0.0000,0.0000,0.0000,0.9500
1470.28,183.0,208.5,172.0,142.7,0.0000,0.0000,0.0000,0.9500
1471.29,183.0,208.5,171.9,142.7,0.0000,0.0000,0.0000,0.9500
1472.30,182.9,208.4,171.9,142.8,0.0000,0.0000,0.0000,0.9500
1473.31,182.9,208.4,171.9,142.8,0.0000,0.0000,0.0000,0.9500
1474.32,182.9,208.4,171.9,142.9,0.0000,0.0000,0.0000,0.9500
1475.33,182.9,208.4,171.8,142.9,0.0000,0.0000,0.0000,0.9500
1476.33,182.9,208.4,171.8,143.0,0.0000,0.0000,0.0000,0.9500
1477.34,182.8,208.4,171.8,143.1,0.0000,0.0000,0.0000,0.9500
1478.35,182.8,208.3,171.7,143.1,0.0000,0.0000,0.0000,0.9500
1479.36,182.8,208.3,171.7,143.2,0.0000,0.0000,0.0000,0.9500
1480.37,182.8,208.3,171.7,143.2,0.0000,0.0000,0.0000,0.9500
1481.38,182.8,208.3,171.6,143.3,0.0000,0.0000,0.0000,0.9500
1482.39,182.7,208.3,171.6,143.4,0.0000,0.0000,0.0000,0.9500
1483.40,182.7,208.3,171.6,143.4,0.0000,0.0000,0.0000,0.9500
1484.41,182.7,208.3,171.5,143.5,0.0000,0.0000,0.0000,0.9500
1485.42,182.7,208.2,171.5,143.5,0.0000,0.0000,0.0000,0.9500
1486.42,182.6,208.2,171.5,143.6,0.0000,0.0000,0.0000,0.9500
1487.43,182.6,208.2,171.4,143.6,0.0000,0.0000,0.0000,0.9500
1488.44,182.6,208.2,171.4,143.7,0.0000,0.0000,0.0000,0.9500
1489.45,182.6,208.2,171.4,143.8,0.0000,0.0000,0.0000,0.9500
1490.46,182.5,208.2,171.4,143.8,0.0000,0.0000,0.0000,0.9500
1491.47,182.5,208.1,171.3,143.9,0.0000,0.0000,0.0000,0.9500
1492.48,182.5,208.1,171.3,143.9,0.0000,0.0000,0.0000,0.9500
1493.49,182.5,208.1,171.3,144.0,0.0000,0.0000,0.0000,0.9500
1494.50,182.5,208.1,171.2,144.0,0.0000,0.0000,0.0000,0.9500
1495.50,182.4,208.1,171.2,144.1,0.0000,0.0000,0.0000,0.9500
1496.51,182.4,208.1,171.2,144.2,0.0000,0.0000,0.0000,0.9500
1497.52,182.4,208.0,171.1,144.2,0.0000,0.0000,0.0000,0.9500
1498.53,182.4,208.0,171.1,144.3,0.0000,0.0000,0.0000,0.9500
1499.54,182.4,208.0,171.1,144.3,0.0000,0.0000,0.0000,0.9500
1500.55,182.3,208.0,171.1,144.4,0.0000,0.0000,0.0000,0.9500
1501.56,182.3,208.0,171.0,144.5,0.0000,0.0000,0.0000,0.9500
1502.57,182.3,208.0,171.0,144.5,0.0000,0.0000,0.0000,0.9500
1503.58,182.3,207.9,171.0,144.6,0.0000,0.0000,0.0000,0.9500
1504.59,182.3,207.9,170.9,144.7,0.0000,0.0000,0.0000,0.9500
1505.60,182.2,207.9,170.9,144.7,0.0000,0.0000,0.0000,0.9500
1506.60,182.2,207.9,170.9,144.8,0.0000,0.0000,0.0000,0.9500
1507.61,182.2,207.9,170.8,144.8,0.0000,0.0000,0.0000,0.9500
1508.62,182.2,207.9,170.8,144.9,0.0000,0.0000,0.0000,0.9500
1509.63,182.1,207.8,170.8,144.9,0.0000,0.0000,0.0000,0.9500
1510.64,182.1,207.8,170.8,145.0,0.0000,0.0000,0.0000,0.9500
1511.65,182.1,207.8,170.7,145.1,0.0000,0.0000,0.0000,0.9500
1512.66,182.1,207.8,170.7,145.1,0.0000,0.0000,0.0000,0.9500
1513.67,182.1,207.8,170.7,145.2,0.0000,0.0000,0.0000,0.9500
1514.68,182.0,207.8,170.6,145.2,0.0000,0.0000,0.0000,0.9500
1515.69,182.0,207.8,170.6,145.3,0.0000,0.0000,0.0000,0.9500
1516.69,182.0,207.7,170.6,145.3,0.0000,0.0000,0.0000,0.9500
1517.70,182.0,207.7,170.5,145.4,0.0000,0.0000,0.0000,0.9500
1518.71,181.9,207.7,170.5,145.4,0.0000,0.0000,0.0000,0.9500
1519.72,181.9,207.7,170.5,145.5,0.0000,0.0000,0.0000,0.9500
1520.73,181.9,207.7,170.4,145.6,0.0000,0.0000,0.0000,0.9500
1521.74,181.9,207.7,170.4,145.6,0.0000,0.0000,0.0000,0.9500
1522.75,181.9,207.6,170.4,145.7,0.0000,0.0000,0.0000,0.9500
1523.76,181.8,207.6,170.4,145.7,0.0000,0.0000,0.0000,0.9500
1524.77,181.8,207.6,170.3,145.8,0.0000,0.0000,0.0000,0.9500
1525.78,181.8,207.6,170.3,145.9,0.0000,0.0000,0.0000,0.9500
1526.78,181.8,207.6,170.3,145.9,0.0000,0.0000,0.0000,0.9500
1527.79,181.8,207.6,170.2,146.0,0.0000,0.0000,0.0000,0.9500
1528.80,181.7,207.5,170.2,146.0,0.0000,0.0000,0.0000,0.9500
1529.81,181.7,207.5,170.2,146.1,0.0000,0.0000,0.0000,0.9500
1530.82,181.7,207.5,170.1,146.1,0.0000,0.0000,0.0000,0.9500
1531.83,181.7,207.5,170.1,146.2,0.0000,0.0000,0.0000,0.9500
1532.84,181.7,207.5,170.1,146.3,0.0000,0.0000,0.0000,0.9500
1533.85,181.6,207.5,170.1,146.3,0.0000,0.0000,0.0000,0.9500
1534.86,181.6,207.4,170.0,146.4,0.0000,0.0000,0.0000,0.9500
1535.86,181.6,207.4,170.0,146.4,0.0000,0.0000,0.0000,0.9500
1536.87,181.6,207.4,170.0,146.5,0.0000,0.0000,0.0000,0.9500
1537.88,181.6,207.4,169.9,146.5,0.0000,0.0000,0.0160,0.9500
1538.89,181.5,207.4,169.9,146.6,0.0000,0.0000,0.0160,0.9500
1539.90,181.5,207.4,169.9,146.6,0.0000,0.0000,0.0160,0.9500
1540.91,181.5,207.3,169.9,146.7,0.0000,0.0000,0.0160,0.9500
1541.92,181.5,207.3,169.8,146.7,0.0000,0.0000,0.0320,0.9500
1542.93,181.5,207.3,169.8,146.8,0.0000,0.0000,0.0320,0.9500
1543.94,181.4,207.3,169.7,146.8,0.0000,0.0000,0.0480,0.9500
1544.95,181.4,207.3,169.7,146.9,0.0000,0.0000,0.0480,0.9500
1545.95,181.4,207.3,169.7,146.9,0.0000,0.0000,0.0480,0.9500
1546.96,181.4,207.2,169.7,147.0,0.0000,0.0000,0.0480,0.9500
1547.97,181.4,207.2,169.6,147.0,0.0000,0.0000,0.0640,0.9500
1548.98,181.3,207.2,169.6,147.1,0.0000,0.0000,0.0640,0.9500
1549.99,181.3,207.2,169.6,147.2,0.0000,0.0000,0.0640,0.9500
1551.00,181.3,207.1,169.5,147.2,0.0000,0.0000,0.0800,0.9500
1552.01,181.3,207.1,169.5,147.3,0.0000,0.0000,0.0800,0.9500
1553.02,181.2,207.1,169.5,147.3,0.0000,0.0000,0.0800,0.9500
1554.03,181.2,207.1,169.5,147.4,0.0000,0.0000,0.0800,0.9500
1555.04,181.2,207.1,169.4,147.4,0.0000,0.0000,0.0960,0.9500
1556.04,181.2,207.1,169.4,147.5,0.0000,0.0000,0.0960,0.9500
1557.05,181.1,207.1,169.4,147.5,0.0000,0.0000,0.0960,0.9500
1558.06,181.1,207.0,169.3,147.6,0.0000,0.0000,0.1120,0.9500
1559.07,181.1,207.0,169.3,147.6,0.0000,0.0000,0.1120,0.9500
1560.08,181.1,207.0,169.3,147.7,0.0000,0.0000,0.1120,0.9500
1561.09,181.1,207.0,169.3,147.7,0.0000,0.0000,0.1120,0.9500
1562.10,181.1,207.0,169.3,147.7,0.0000,0.0000,0.1120,0.9500
1563.11,181.0,207.0,169.2,147.8,0.0000,0.0000,0.1280,0.9500
1564.11,181.0,206.9,169.2,147.9,0.0000,0.0000,0.1280,0.9500
1565.12,181.0,206.9,169.1,147.9,0.0000,0.0000,0.1440,0.9500
1566.13,181.0,206.9,169.1,148.0,0.0000,0.0000,0.1440,0.9500
1567.14,181.0,206.9,169.1,148.0,0.0000,0.0000,0.1440,0.9500
1568.15,181.0,206.9,169.0,148.0,0.0000,0.0000,0.1600,0.9500
1569.16,180.9,206.8,169.0,148.1,0.0000,0.0000,0.1600,0.9500
1570.17,180.9,206.8,169.0,148.2,0.0000,0.0000,0.1600,0.9500
1571.18,180.9,206.8,169.0,148.2,0.0000,0.0000,0.1600,0.9500
1572.19,180.9,206.8,168.9,148.3,0.0000,0.0000,0.1760,0.9500
1573.20,180.8,206.8,168.9,148.3,0.0000,0.0000,0.1760,0.9500
1574.20,180.8,206.8,168.9,148.4,0.0000,0.0000,0.1760,0.9500
1575.21,180.8,206.8,168.8,148.4,0.0000,0.0000,0.1920,0.9500
1576.22,180.8,206.7,168.8,148.4,0.0000,0.0000,0.1920,0.9500
1577.23,180.8,206.7,168.8,148.5,0.0000,0.0000,0.1920,0.9500
1578.24,180.7,206.7,168.8,148.5,0.0000,0.0000,0.1920,0.9500
1579.25,180.7,206.7,168.7,148.6,0.0000,0.0000,0.2080,0.9500
1580.26,180.7,206.7,168.7,148.7,0.0000,0.0000,0.2080,0.9500
1581.27,180.7,206.6,168.7,148.7,0.0000,0.0000,0.2080,0.9500
1582.28,180.7,206.6,168.7,148.7,0.0000,0.0000,0.2080,0.9500
1583.29,180.6,206.6,168.7,148.8,0.0000,0.0000,0.2080,0.9500
1584.30,180.6,206.6,168.6,148.8,0.0000,0.0000,0.2240,0.9500
1585.30,180.6,206.6,168.6,148.9,0.0000,0.0000,0.2240,0.9500
1586.31,180.6,206.6,168.6,148.9,0.0000,0.0000,0.2240,0.9500
1587.32,180.6,206.5,168.5,149.0,0.0000,0.0000,0.2400,0.9500
1588.33,180.6,206.5,168.5,149.0,0.0000,0.0000,0.2400,0.9500
1589.34,180.5,206.5,168.5,149.1,0.0000,0.0000,0.2400,0.9500
1590.35,180.5,206.5,168.5,149.1,0.0000,0.0000,0.2400,0.9500
1591.36,180.5,206.5,168.4,149.2,0.0000,0.0000,0.2560,0.9500
1592.37,180.5,206.4,168.4,149.2,0.0000,0.0000,0.2560,0.9500
1593.38,180.4,206.4,168.4,149.3,0.0000,0.0000,0.2560,0.9500
1594.38,180.4,206.4,168.4,149.3,0.0000,0.0000,0.2560,0.9500
1595.39,180.4,206.4,168.3,149.4,0.0000,0.0000,0.2720,0.9500
1596.40,180.4,206.4,168.3,149.4,0.0000,0.0000,0.2720,0.9500
1597.41,180.3,206.3,168.3,149.4,0.0000,0.0000,0.2720,0.9500
1598.42,180.3,206.3,168.3,149.5,0.0000,0.0000,0.2720,0.9500
1599.43,180.3,206.3,168.3,149.5,0.0000,0.0000,0.2720,0.9500
1600.44,180.3,206.3,168.2,149.6,0.0000,0.0000,0.2880,0.9500
1601.45,180.3,206.3,168.2,149.6,0.0000,0.0000,0.2880,0.9500
1602.46,180.3,206.3,168.3,149.7,0.0000,0.0000,0.2720,0.9500
1603.47,180.3,206.3,168.2,149.7,0.0000,0.0000,0.2880,0.9500
1604.48,180.2,206.2,168.2,149.8,0.0000,0.0000,0.2880,0.9500
1605.48,180.2,206.2,168.2,149.8,0.0000,0.0000,0.2880,0.9500
1606.49,180.2,206.2,168.1,149.9,0.0000,0.0000,0.3040,0.9500
1607.50,180.2,206.2,168.1,149.9,0.0000,0.0000,0.3040,0.9500
1608.51,180.2,206.2,168.1,149.9,0.0000,0.0000,0.3040,0.9500
1609.52,180.1,206.1,168.1,150.0,0.0000,0.0000,0.3040,0.9500
1610.53,180.1,206.1,168.1,150.0,0.0000,0.0000,0.3040,0.9500
1611.54,180.1,206.1,168.1,150.1,0.0000,0.0000,0.3040,0.9500
1612.55,180.1,206.1,168.0,150.1,0.0000,0.0000,0.3200,0.9500
1613.56,180.1,206.1,168.0,150.2,0.0000,0.0000,0.3200,0.9500
1614.57,180.0,206.1,168.0,150.2,0.0000,0.0000,0.3200,0.9500
1615.58,180.0,206.0,168.0,150.3,0.0000,0.0000,0.3200,0.9500
1616.59,180.0,206.0,168.0,150.3,0.0000,0.0000,0.3200,0.9500
1617.59,180.0,206.0,168.0,150.3,0.0000,0.0000,0.3200,0.9500
1618.60,180.0,206.0,168.0,150.4,0.0000,0.0000,0.3200,0.9500
1619.61,179.9,205.9,168.0,150.4,0.0160,0.0000,0.3200,0.9500
1620.62,179.9,205.9,168.0,150.5,0.0160,0.0000,0.3200,0.9500
1621.63,179.9,205.9,168.0,150.5,0.0160,0.0000,0.3200,0.9500
1622.64,179.9,205.9,167.9,150.6,0.0160,0.0000,0.3360,0.9500
1623.65,179.9,205.9,167.9,150.6,0.0160,0.0000,0.3360,0.9500
1624.66,179.9,205.9,167.9,150.7,0.0160,0.0000,0.3360,0.9500
1625.67,179.8,205.9,167.9,150.7,0.0320,0.0000,0.3360,0.9500
1626.68,179.8,205.8,167.9,150.7,0.0320,0.0000,0.3360,0.9500
1627.69,179.8,205.8,167.9,150.8,0.0320,0.0000,0.3360,0.9500
1628.70,179.8,205.8,167.9,150.8,0.0320,0.0000,0.3360,0.9500
1629.71,179.8,205.8,167.9,150.9,0.0320,0.0000,0.3360,0.9500
1630.72,179.7,205.8,167.9,150.9,0.0480,0.0000,0.3360,0.9500
1631.72,179.7,205.7,167.9,151.0,0.0480,0.0000,0.3360,0.9500
1632.73,179.7,205.7,167.9,151.0,0.0480,0.0000,0.3360,0.9500
1633.74,179.7,205.7,167.9,151.1,0.0480,0.0000,0.3360,0.9500
1634.75,179.7,205.7,167.8,151.1,0.0480,0.0000,0.3520,0.9500
1635.76,179.7,205.7,167.9,151.2,0.0480,0.0000,0.3360,0.9500
1636.77,179.6,205.6,167.9,151.2,0.0640,0.0000,0.3360,0.9500
1637.78,179.6,205.6,167.9,151.2,0.0640,0.0000,0.3360,0.9500
1638.79,179.6,205.6,167.9,151.3,0.0640,0.0000,0.3360,0.9500
1639.80,179.6,205.6,167.9,151.3,0.0640,0.0000,0.3360,0.9500
1640.81,179.6,205.6,167.9,151.4,0.0640,0.0000,0.3360,0.9500
1641.82,179.5,205.5,167.9,151.4,0.0800,0.0000,0.3360,0.9500
1642.83,179.5,205.5,167.9,151.5,0.0800,0.0000,0.3360,0.9500
1643.83,179.5,205.5,167.9,151.5,0.0800,0.0000,0.3360,0.9500
1644.84,179.5,205.5,167.9,151.5,0.0800,0.0000,0.3360,0.9500
1645.85,179.5,205.5,167.9,151.6,0.0800,0.0000,0.3360,0.9500
1646.86,179.5,205.5,167.9,151.6,0.0800,0.0000,0.3360,0.9500
1647.87,179.4,205.5,167.9,151.7,0.0960,0.0000,0.3360,0.9500
1648.88,179.4,205.4,167.9,151.7,0.0960,0.0000,0.3360,0.9500
1649.89,179.4,205.4,167.9,151.8,0.0960,0.0000,0.3360,0.9500
1650.90,179.4,205.4,167.9,151.8,0.0960,0.0000,0.3360,0.9500
1651.91,179.4,205.4,167.9,151.9,0.0960,0.0000,0.3360,0.9500
1652.92,179.4,205.4,167.9,151.9,0.0960,0.0000,0.3360,0.9500
1653.93,179.3,205.3,167.9,151.9,0.1120,0.0000,0.3360,0.9500
1654.94,179.3,205.3,167.9,152.0,0.1120,0.0000,0.3360,0.9500
1655.94,179.3,205.3,167.9,152.0,0.1120,0.0000,0.3360,0.9500
1656.95,179.3,205.3,168.0,152.0,0.1120,0.0000,0.3200,0.9500
1657.96,179.3,205.3,168.0,152.1,0.1120,0.0000,0.3200,0.9500
1658.97,179.3,205.2,168.0,152.1,0.1120,0.0000,0.3200,0.9500
1659.98,179.2,205.2,168.0,152.2,0.1280,0.0000,0.3200,0.9500
1660.99,179.2,205.2,168.0,152.2,0.1280,0.0000,0.3200,0.9500
1662.00,179.2,205.2,168.0,152.3,0.1280,0.0000,0.3200,0.9500
1663.01,179.2,205.2,168.0,152.3,0.1280,0.0000,0.3200,0.9500
1664.02,179.2,205.1,168.0,152.3,0.1280,0.0000,0.3200,0.9500
1665.03,179.2,205.1,168.1,152.4,0.1280,0.0000,0.3040,0.9500
1666.04,179.1,205.1,168.1,152.4,0.1440,0.0000,0.3040,0.9500
1667.05,179.1,205.1,168.1,152.5,0.1440,0.0000,0.3040,0.9500
1668.06,179.1,205.1,168.1,152.5,0.1440,0.0000,0.3040,0.9500
1669.06,179.1,205.1,168.1,152.5,0.1440,0.0000,0.3040,0.9500
1670.07,179.1,205.1,168.1,152.6,0.1440,0.0000,0.3040,0.9500
1671.08,179.1,205.0,168.1,152.6,0.1440,0.0000,0.3040,0.9500
1672.09,179.1,205.0,168.2,152.7,0.1440,0.0000,0.2880,0.9500
1673.10,179.0,205.0,168.2,152.7,0.1600,0.0000,0.2880,0.9500
1674.11,179.0,205.0,168.2,152.7,0.1600,0.0000,0.2880,0.9500
1675.12,179.0,205.0,168.2,152.8,0.1600,0.0000,0.2880,0.9500
1676.13,179.0,204.9,168.2,152.8,0.1600,0.0000,0.2880,0.9500
1677.14,179.0,204.9,168.3,152.9,0.1600,0.0000,0.2720,0.9500
1678.15,179.0,204.9,168.3,152.9,0.1600,0.0000,0.2720,0.9500
1679.16,179.0,204.9,168.3,152.9,0.1600,0.0000,0.2720,0.9500
1680.17,179.0,204.9,168.3,153.0,0.1600,0.0000,0.2720,0.9500
1681.17,178.9,204.8,168.3,153.0,0.1760,0.0000,0.2720,0.9500
1682.18,178.9,204.8,168.3,153.0,0.1760,0.0000,0.2720,0.9500
1683.19,178.9,204.8,168.4,153.1,0.1760,0.0000,0.2560,0.9500
1684.20,178.9,204.8,168.4,153.1,0.1760,0.0000,0.2560,0.9500
1685.21,178.9,204.8,168.4,153.1,0.1760,0.0000,0.2560,0.9500
1686.22,178.9,204.7,168.4,153.2,0.1760,0.0000,0.2560,0.9500
1687.23,178.9,204.7,168.4,153.2,0.1760,0.0000,0.2560,0.9500
1688.24,178.9,204.7,168.5,153.3,0.1760,0.0000,0.2400,0.9500
1689.25,178.8,204.7,168.5,153.3,0.1920,0.0000,0.2400,0.9500
1690.26,178.8,204.7,168.5,153.4,0.1920,0.0000,0.2400,0.9500
1691.27,178.8,204.6,168.5,153.4,0.1920,0.0000,0.2400,0.9500
1692.27,178.8,204.6,168.6,153.4,0.1920,0.0000,0.2240,0.9500
1693.28,178.8,204.6,168.6,153.4,0.1920,0.0000,0.2240,0.9500
1694.29,178.8,204.6,168.6,153.5,0.1920,0.0000,0.2240,0.9500
1695.30,178.8,204.6,168.6,153.5,0.1920,0.0000,0.2240,0.9500
1696.31,178.8,204.6,168.7,153.6,0.1920,0.0000,0.2080,0.9500
1697.32,178.8,204.5,168.7,153.6,0.1920,0.0000,0.2080,0.9500
1698.33,178.8,204.5,168.7,153.6,0.1920,0.0000,0.2080,0.9500
1699.34,178.8,204.5,168.7,153.7,0.1920,0.0000,0.2080,0.9500
1700.35,178.8,204.5,168.8,153.7,0.1920,0.0000,0.1920,0.9500
1701.36,178.8,204.5,168.8,153.8,0.1920,0.0000,0.1920,0.9500
1702.37,178.8,204.4,168.8,153.8,0.1920,0.0000,0.1920,0.9500
1703.38,178.8,204.4,168.8,153.8,0.1920,0.0000,0.1920,0.9500
1704.39,178.8,204.4,168.9,153.9,0.1920,0.0000,0.1760,0.9500
1705.40,178.8,204.4,168.9,153.9,0.1920,0.0000,0.1760,0.9500
1706.40,178.7,204.4,168.9,154.0,0.2080,0.0000,0.1760,0.9500
1707.41,178.7,204.3,168.9,154.0,0.2080,0.0000,0.1760,0.9500
1708.42,178.8,204.3,169.0,154.0,0.1920,0.0000,0.1600,0.9500
1709.43,178.8,204.3,169.0,154.1,0.1920,0.0000,0.1600,0.9500
1710.44,178.8,204.3,169.0,154.1,0.1920,0.0000,0.1600,0.9500
1711.45,178.7,204.3,169.1,154.2,0.2080,0.0000,0.1440,0.9500
1712.46,178.8,204.3,169.1,154.2,0.1920,0.0000,0.1440,0.9500
1713.47,178.7,204.2,169.1,154.3,0.2080,0.0000,0.1440,0.9500
1714.48,178.8,204.2,169.1,154.3,0.1920,0.0000,0.1440,0.9500
1715.49,178.7,204.2,169.2,154.3,0.2080,0.0000,0.1280,0.9500
1716.50,178.8,204.2,169.2,154.4,0.1920,0.0000,0.1280,0.9500
1717.51,178.8,204.2,169.2,154.4,0.1920,0.0000,0.1280,0.9500
1718.52,178.8,204.1,169.2,154.5,0.1920,0.0000,0.1280,0.9500
1719.52,178.8,204.1,169.3,154.5,0.1920,0.0000,0.1120,0.9500
1720.53,178.8,204.1,169.3,154.5,0.1920,0.0000,0.1120,0.9500
1721.54,178.7,204.1,169.3,154.6,0.2080,0.0000,0.1120,0.9500
1722.55,178.8,204.1,169.3,154.6,0.1920,0.0000,0.1120,0.9500
1723.56,178.8,204.0,169.4,154.7,0.1920,0.0000,0.0960,0.9500
1724.57,178.8,204.0,169.4,154.7,0.1920,0.0000,0.0960,0.9500
1725.58,178.8,204.0,169.4,154.7,0.1920,0.0000,0.0960,0.9500
1726.59,178.8,204.0,169.5,154.8,0.1920,0.0000,0.0800,0.9500
1727.60,178.7,204.0,169.5,154.8,0.2080,0.0000,0.0800,0.9500
1728.61,178.8,204.0,169.5,154.9,0.1920,0.0000,0.0800,0.9500
1729.62,178.8,203.9,169.5,154.9,0.1920,0.0000,0.0800,0.9500
1730.62,178.8,203.9,169.5,154.9,0.1920,0.0000,0.0800,0.9500
1731.63,178.8,203.9,169.6,155.0,0.1920,0.0000,0.0640,0.9500
1732.64,178.8,203.9,169.6,155.0,0.1920,0.0000,0.0640,0.9500
1733.65,178.8,203.9,169.6,155.1,0.1920,0.0000,0.0640,0.9500
1734.66,178.8,203.8,169.7,155.1,0.1920,0.0000,0.0480,0.9500
1735.67,178.8,203.8,169.7,155.2,0.1920,0.0000,0.0480,0.9500
1736.68,178.8,203.8,169.7,155.2,0.1920,0.0000,0.0480,0.9500
1737.69,178.9,203.8,169.7,155.3,0.1760,0.0000,0.0480,0.9500
1738.70,178.8,203.8,169.8,155.3,0.1920,0.0000,0.0320,0.9500
1739.71,178.9,203.7,169.8,155.3,0.1760,0.0000,0.0320,0.9500
1740.72,178.9,203.7,169.8,155.4,0.1760,0.0000,0.0320,0.9500
1741.73,178.9,203.7,169.8,155.4,0.1760,0.0000,0.0320,0.9500
1742.74,178.9,203.7,169.9,155.5,0.1760,0.0000,0.0160,0.9500
1743.75,178.9,203.7,169.9,155.5,0.1760,0.0000,0.0160,0.9500
1744.75,178.9,203.6,169.9,155.5,0.1760,0.0000,0.0160,0.9500
1745.76,178.9,203.6,169.9,155.6,0.1760,0.0000,0.0160,0.9500
1746.77,178.9,203.6,169.9,155.6,0.1760,0.0000,0.0160,0.9500
1747.78,179.0,203.6,170.0,155.7,0.1600,0.0000,0.0000,0.9500
1748.79,179.0,203.6,170.0,155.7,0.1600,0.0000,0.0000,0.9500
1749.80,179.0,203.5,170.0,155.8,0.1600,0.0000,0.0000,0.9500
1750.81,179.0,203.5,170.0,155.8,0.1600,0.0000,0.0000,0.9500
1751.82,179.0,203.5,170.1,155.8,0.1600,0.0000,0.0000,0.9500
1752.83,179.0,203.5,170.1,155.9,0.1600,0.0000,0.0000,0.9500
1753.84,179.0,203.5,170.1,155.9,0.1600,0.0000,0.0000,0.9500
1754.85,179.1,203.5,170.1,156.0,0.1440,0.0000,0.0000,0.9500
1755.86,179.1,203.4,170.1,156.0,0.1440,0.0000,0.0000,0.9500
1756.87,179.1,203.4,170.1,156.0,0.1440,0.0000,0.0000,0.9500
1757.87,179.1,203.4,170.2,156.1,0.1440,0.0000,0.0000,0.9500
1758.88,179.1,203.4,170.2,156.1,0.1440,0.0000,0.0000,0.9500
1759.89,179.1,203.4,170.2,156.2,0.1440,0.0000,0.0000,0.9500
1760.90,179.1,203.3,170.2,156.2,0.1440,0.0000,0.0000,0.9500
1761.91,179.2,203.3,170.2,156.2,0.1280,0.0000,0.0000,0.9500
1762.92,179.2,203.3,170.2,156.3,0.1280,0.0000,0.0000,0.9500
1763.93,179.2,203.3,170.3,156.3,0.1280,0.0000,0.0000,0.9500
1764.94,179.2,203.3,170.3,156.4,0.1280,0.0000,0.0000,0.9500
1765.95,179.2,203.2,170.3,156.4,0.1280,0.0000,0.0000,0.9500
1766.96,179.2,203.2,170.3,156.5,0.1280,0.0000,0.0000,0.9500
1767.97,179.2,203.2,170.3,156.5,0.1280,0.0000,0.0000,0.9500
1768.98,179.3,203.2,170.3,156.5,0.1120,0.0000,0.0000,0.9500
1769.99,179.3,203.2,170.4,156.6,0.1120,0.0000,0.0000,0.9500
1770.99,179.3,203.2,170.4,156.6,0.1120,0.0000,0.0000,0.9500
1772.00,179.3,203.1,170.4,156.7,0.1120,0.0000,0.0000,0.9500
1773.01,179.3,203.1,170.4,156.7,0.1120,0.0000,0.0000,0.9500
1774.02,179.3,203.1,170.4,156.7,0.1120,0.0000,0.0000,0.9500
1775.03,179.3,203.1,170.4,156.8,0.1120,0.0000,0.0000,0.9500
1776.04,179.4,203.1,170.4,156.8,0.0960,0.0000,0.0000,0.9500
1777.05,179.4,203.1,170.4,156.9,0.0960,0.0000,0.0000,0.9500
1778.06,179.4,203.0,170.4,156.9,0.0960,0.0000,0.0000,0.9500
1779.07,179.4,203.0,170.5,157.0,0.0960,0.0000,0.0000,0.9500
1780.08,179.4,203.0,170.5,157.0,0.0960,0.0000,0.0000,0.9500
1781.09,179.4,203.0,170.5,157.0,0.0960,0.0000,0.0000,0.9500
1782.10,179.5,203.0,170.5,157.1,0.0800,0.0000,0.0000,0.9500
1783.11,179.5,202.9,170.5,157.1,0.0800,0.0000,0.0000,0.9500
1784.11,179.5,202.9,170.5,157.2,0.0800,0.0000,0.0000,0.9500
1785.12,179.5,202.9,170.5,157.2,0.0800,0.0000,0.0000,0.9500
1786.13,179.5,202.9,170.5,157.3,0.0800,0.0000,0.0000,0.9500
1787.14,179.5,202.9,170.5,157.3,0.0800,0.0000,0.0000,0.9500
1788.15,179.5,202.8,170.5,157.3,0.0800,0.0000,0.0000,0.9500
1789.16,179.6,202.8,170.5,157.4,0.0640,0.0000,0.0000,0.9500
1790.17,179.6,202.8,170.5,157.4,0.0640,0.0000,0.0000,0.9500
1791.18,179.6,202.8,170.5,157.4,0.0640,0.0000,0.0000,0.9500
1792.19,179.7,202.8,170.5,157.5,0.0480,0.0000,0.0000,0.9500
1793.20,179.7,202.8,170.5,157.5,0.0480,0.0000,0.0000,0.9500
1794.20,179.7,202.7,170.5,157.6,0.0480,0.0000,0.0000,0.9500
1795.21,179.7,202.7,170.6,157.6,0.0480,0.0000,0.0000,0.9500
1796.22,179.7,202.7,170.6,157.7,0.0480,0.0000,0.0000,0.9500
1797.23,179.7,202.7,170.6,157.7,0.0480,0.0000,0.0000,0.9500
1798.24,179.7,202.7,170.6,157.7,0.0480,0.0000,0.0000,0.9500
1799.25,179.8,202.7,170.6,157.8,0.0320,0.0000,0.0000,0.9500
1800.26,179.8,202.6,170.6,157.8,0.0320,0.0000,0.0000,0.9500
1801.27,179.8,202.6,170.6,157.9,0.0320,0.0000,0.0000,0.9500
1802.28,179.8,202.6,170.6,157.9,0.0320,0.0000,0.0000,0.9500
1803.28,179.8,202.6,170.6,157.9,0.0320,0.0000,0.0000,0.9500
1804.29,179.8,202.6,170.6,158.0,0.0320,0.0000,0.0000,0.9500
1805.30,179.9,202.6,170.6,158.0,0.0160,0.0000,0.0000,0.9500
1806.31,179.9,202.5,170.6,158.1,0.0160,0.0000,0.0000,0.9500
1807.32,179.9,202.5,170.6,158.1,0.0160,0.0000,0.0000,0.9500
1808.33,179.9,202.5,170.6,158.2,0.0160,0.0000,0.0000,0.9500
1809.34,179.9,202.5,170.6,158.2,0.0160,0.0000,0.0000,0.9500
1810.35,179.9,202.4,170.6,158.2,0.0160,0.0000,0.0000,0.9500
1811.36,179.9,202.4,170.6,158.3,0.0160,0.0000,0.0000,0.9500
1812.37,180.0,202.4,170.6,158.3,0.0000,0.0000,0.0000,0.9500
1813.37,180.0,202.4,170.6,158.3,0.0000,0.0000,0.0000,0.9500
1814.38,180.0,202.4,170.6,158.4,0.0000,0.0000,0.0000,0.9500
1815.39,180.0,202.4,170.5,158.4,0.0000,0.0000,0.0000,0.9500
1816.40,180.0,202.3,170.5,158.5,0.0000,0.0000,0.0000,0.9500
1817.41,180.0,202.3,170.5,158.5,0.0000,0.0000,0.0000,0.9500
1818.42,180.1,202.3,170.5,158.6,0.0000,0.0000,0.0000,0.9500
1819.43,180.1,202.3,170.5,158.6,0.0000,0.0000,0.0000,0.9500
1820.44,180.1,202.3,170.5,158.6,0.0000,0.0000,0.0000,0.9500
1821.45,180.1,202.3,170.5,158.7,0.0000,0.0000,0.0000,0.9500
1822.46,180.1,202.2,170.5,158.7,0.0000,0.0000,0.0000,0.9500
1823.47,180.1,202.2,170.5,158.8,0.0000,0.0000,0.0000,0.9500
1824.47,180.1,202.2,170.5,158.8,0.0000,0.0000,0.0000,0.9500
1825.48,180.1,202.2,170.5,158.8,0.0000,0.0000,0.0000,0.9500
1826.49,180.2,202.2,170.5,158.9,0.0000,0.0000,0.0000,0.9500
1827.50,180.2,202.1,170.5,158.9,0.0000,0.0000,0.0000,0.9500
1828.51,180.2,202.1,170.5,158.9,0.0000,0.0000,0.0000,0.9500
1829.52,180.2,202.1,170.5,159.0,0.0000,0.0000,0.0000,0.9500
1830.53,180.2,202.1,170.5,159.0,0.0000,0.0000,0.0000,0.9500
1831.54,180.2,202.1,170.5,159.1,0.0000,0.0000,0.0000,0.9500
1832.55,180.2,202.1,170.5,159.1,0.0000,0.0000,0.0000,0.9500
1833.56,180.2,202.1,170.4,159.2,0.0000,0.0000,0.0000,0.9500
1834.56,180.3,202.1,170.4,159.2,0.0000,0.0000,0.0000,0.9500
1835.57,180.3,202.0,170.4,159.2,0.0000,0.0000,0.0000,0.9500
1836.58,180.3,202.0,170.4,159.3,0.0000,0.0000,0.0000,0.9500
1837.59,180.3,202.0,170.4,159.3,0.0000,0.0000,0.0000,0.9500
1838.60,180.3,202.0,170.4,159.3,0.0000,0.0000,0.0000,0.9500
1839.61,180.3,202.0,170.4,159.4,0.0000,0.0000,0.0000,0.9500
1840.62,180.3,201.9,170.4,159.4,0.0000,0.0000,0.0000,0.9500
1841.63,180.3,201.9,170.4,159.5,0.0000,0.0000,0.0000,0.9500
1842.64,180.3,201.9,170.4,159.5,0.0000,0.0000,0.0000,0.9500
1843.65,180.3,201.9,170.4,159.5,0.0000,0.0000,0.0000,0.9500
1844.65,180.3,201.9,170.3,159.6,0.0000,0.0000,0.0000,0.9500
1845.66,180.4,201.9,170.3,159.6,0.0000,0.0000,0.0000,0.9500
1846.67,180.4,201.8,170.3,159.7,0.0000,0.0000,0.0000,0.9500
1847.68,180.4,201.8,170.3,159.7,0.0000,0.0000,0.0000,0.9500
1848.69,180.4,201.8,170.3,159.8,0.0000,0.0000,0.0000,0.9500
1849.70,180.4,201.8,170.3,159.8,0.0000,0.0000,0.0000,0.9500
1850.71,180.4,201.8,170.3,159.8,0.0000,0.0000,0.0000,0.9500
1851.72,180.4,201.8,170.3,159.9,0.0000,0.0000,0.0000,0.9500
1852.73,180.4,201.7,170.3,159.9,0.0000,0.0000,0.0000,0.9500
1853.73,180.4,201.7,170.2,160.0,0.0000,0.0000,0.0000,0.9500
1854.74,180.4,201.7,170.2,160.0,0.0000,0.0000,0.0000,0.9500
1855.75,180.4,201.7,170.2,160.1,0.0000,0.0000,0.0000,0.9500
1856.76,180.4,201.7,170.2,160.1,0.0000,0.0000,0.0000,0.9500
1857.77,180.4,201.7,170.2,160.1,0.0000,0.0000,0.0000,0.9500
1858.78,180.4,201.6,170.2,160.2,0.0000,0.0000,0.0000,0.9500
1859.79,180.4,201.6,170.2,160.2,0.0000,0.0000,0.0000,0.9500
1860.80,180.4,201.6,170.1,160.3,0.0000,0.0000,0.0000,0.9500
1861.81,180.4,201.6,170.1,160.3,0.0000,0.0000,0.0000,0.9500
1862.82,180.4,201.6,170.1,160.4,0.0000,0.0000,0.0000,0.9500
1863.82,180.4,201.6,170.1,160.4,0.0000,0.0000,0.0000,0.9500
1864.83,180.4,201.5,170.1,160.4,0.0000,0.0000,0.0000,0.9500
1865.84,180.4,201.5,170.1,160.5,0.0000,0.0000,0.0000,0.9500
1866.85,180.4,201.5,170.1,160.5,0.0000,0.0000,0.0000,0.9500
1867.86,180.5,201.5,170.1,160.6,0.0000,0.0000,0.0000,0.9500
1868.87,180.4,201.5,170.0,160.6,0.0000,0.0000,0.0000,0.9500
1869.88,180.4,201.5,170.0,160.6,0.0000,0.0000,0.0000,0.9500
1870.89,180.4,201.4,170.0,160.7,0.0000,0.0000,0.0000,0.9500
1871.90,180.4,201.4,170.0,160.7,0.0000,0.0000,0.0000,0.9500
1872.91,180.4,201.4,170.0,160.8,0.0000,0.0000,0.0000,0.9500
1873.91,180.4,201.4,170.0,160.8,0.0000,0.0000,0.0000,0.9500
1874.92,180.4,201.4,169.9,160.9,0.0000,0.0000,0.0160,0.9500
1875.93,180.4,201.4,169.9,160.9,0.0000,0.0000,0.0160,0.9500
1876.94,180.4,201.3,169.9,160.9,0.0000,0.0000,0.0160,0.9500
1877.95,180.4,201.3,169.9,161.0,0.0000,0.0000,0.0160,0.9500
1878.96,180.4,201.3,169.9,161.0,0.0000,0.0000,0.0160,0.9500
1879.97,180.4,201.3,169.9,161.0,0.0000,0.0000,0.0160,0.9500
1880.98,180.4,201.3,169.8,161.1,0.0000,0.0000,0.0320,0.9500
1881.99,180.4,201.3,169.8,161.2,0.0000,0.0000,0.0320,0.9500
1882.99,180.4,201.2,169.8,161.2,0.0000,0.0000,0.0320,0.9500
1884.00,180.4,201.2,169.8,161.2,0.0000,0.0000,0.0320,0.9500
1885.01,180.4,201.2,169.8,161.3,0.0000,0.0000,0.0320,0.9500
1886.02,180.4,201.2,169.8,161.3,0.0000,0.0000,0.0320,0.9500
1887.03,180.4,201.2,169.7,161.4,0.0000,0.0000,0.0480,0.9500
1888.04,180.4,201.2,169.7,161.4,0.0000,0.0000,0.0480,0.9500
1889.05,180.4,201.1,169.7,161.4,0.0000,0.0000,0.0480,0.9500
1890.06,180.4,201.1,169.7,161.5,0.0000,0.0000,0.0480,0.9500
1891.07,180.4,201.1,169.7,161.5,0.0000,0.0000,0.0480,0.9500
1892.08,180.4,201.1,169.7,161.6,0.0000,0.0000,0.0480,0.9500
1893.08,180.4,201.1,169.6,161.6,0.0000,0.0000,0.0640,0.9500
1894.09,180.4,201.1,169.6,161.6,0.0000,0.0000,0.0640,0.9500
1895.10,180.4,201.1,169.6,161.7,0.0000,0.0000,0.0640,0.9500
1896.11,180.4,201.0,169.6,161.7,0.0000,0.0000,0.0640,0.9500
1897.12,180.4,201.0,169.6,161.8,0.0000,0.0000,0.0640,0.9500
1898.13,180.4,201.0,169.5,161.8,0.0000,0.0000,0.0800,0.9500
1899.14,180.4,201.0,169.5,161.8,0.0000,0.0000,0.0800,0.9500
1900.15,180.4,201.0,169.5,161.9,0.0000,0.0000,0.0800,0.9500
1901.16,180.4,201.0,169.5,161.9,0.0000,0.0000,0.0800,0.9500
1902.17,180.4,200.9,169.5,162.0,0.0000,0.0000,0.0800,0.9500
1903.17,180.4,200.9,169.4,162.0,0.0000,0.0000,0.0960,0.9500
1904.18,180.3,200.9,169.4,162.0,0.0000,0.0000,0.0960,0.9500
1905.19,180.4,200.9,169.4,162.1,0.0000,0.0000,0.0960,0.9500
1906.20,180.3,200.9,169.4,162.1,0.0000,0.0000,0.0960,0.9500
1907.21,180.3,200.8,169.4,162.2,0.0000,0.0000,0.0960,0.9500
1908.22,180.3,200.8,169.4,162.2,0.0000,0.0000,0.0960,0.9500
1909.23,180.3,200.8,169.3,162.3,0.0000,0.0000,0.1120,0.9500
1910.24,180.3,200.8,169.3,162.3,0.0000,0.0000,0.1120,0.9500
1911.25,180.3,200.8,169.3,162.3,0.0000,0.0000,0.1120,0.9500
1912.26,180.3,200.8,169.3,162.4,0.0000,0.0000,0.1120,0.9500
1913.26,180.3,200.8,169.3,162.4,0.0000,0.0000,0.1120,0.9500
1914.27,180.3,200.7,169.3,162.5,0.0000,0.0000,0.1120,0.9500
1915.28,180.3,200.7,169.2,162.5,0.0000,0.0000,0.1280,0.9500
1916.29,180.3,200.7,169.2,162.5,0.0000,0.0000,0.1280,0.9500
1917.30,180.3,200.7,169.2,162.6,0.0000,0.0000,0.1280,0.9500
1918.31,180.3,200.7,169.2,162.6,0.0000,0.0000,0.1280,0.9500
1919.32,180.3,200.7,169.1,162.7,0.0000,0.0000,0.1440,0.9500
1920.33,180.3,200.6,169.1,162.7,0.0000,0.0000,0.1440,0.9500
1921.34,180.3,200.6,169.1,162.8,0.0000,0.0000,0.1440,0.9500
1922.35,180.3,200.6,169.1,162.8,0.0000,0.0000,0.1440,0.9500
1923.35,180.2,200.6,169.1,162.8,0.0000,0.0000,0.1440,0.9500
1924.36,180.2,200.6,169.1,162.9,0.0000,0.0000,0.1440,0.9500
1925.37,180.2,200.6,169.1,162.9,0.0000,0.0000,0.1440,0.9500
1926.38,180.2,200.6,169.0,163.0,0.0000,0.0000,0.1600,0.9500
1927.39,180.2,200.6,169.0,163.0,0.0000,0.0000,0.1600,0.9500
1928.40,180.2,200.5,169.0,163.0,0.0000,0.0000,0.1600,0.9500
1929.41,180.2,200.5,169.0,163.1,0.0000,0.0000,0.1600,0.9500
1930.42,180.2,200.5,169.0,163.1,0.0000,0.0000,0.1600,0.9500
1931.43,180.2,200.5,168.9,163.2,0.0000,0.0000,0.1760,0.9500
1932.44,180.2,200.5,168.9,163.2,0.0000,0.0000,0.1760,0.9500
1933.44,180.2,200.4,168.9,163.2,0.0000,0.0000,0.1760,0.9500
1934.45,180.1,200.4,168.9,163.3,0.0000,0.0000,0.1760,0.9500
1935.46,180.2,200.4,168.9,163.3,0.0000,0.0000,0.1760,0.9500
1936.47,180.1,200.4,168.9,163.4,0.0000,0.0000,0.1760,0.9500
1937.48,180.1,200.4,168.9,163.4,0.0000,0.0000,0.1760,0.9500
1938.49,180.1,200.4,168.8,163.4,0.0000,0.0000,0.1920,0.9500
1939.50,180.1,200.3,168.8,163.5,0.0000,0.0000,0.1920,0.9500
1940.51,180.1,200.3,168.8,163.5,0.0000,0.0000,0.1920,0.9500
1941.52,180.1,200.3,168.8,163.5,0.0000,0.0000,0.1920,0.9500
1942.52,180.1,200.3,168.8,163.6,0.0000,0.0000,0.1920,0.9500
1943.53,180.1,200.3,168.7,163.6,0.0000,0.0000,0.2080,0.9500
1944.54,180.1,200.3,168.7,163.7,0.0000,0.0000,0.2080,0.9500
1945.55,180.1,200.3,168.7,163.7,0.0000,0.0000,0.2080,0.9500
1946.56,180.0,200.3,168.7,163.7,0.0000,0.0000,0.2080,0.9500
1947.57,180.0,200.2,168.7,163.8,0.0000,0.0000,0.2080,0.9500
1948.58,180.0,200.2,168.7,163.8,0.0000,0.0000,0.2080,0.9500
1949.59,180.0,200.2,168.7,163.8,0.0000,0.0000,0.2080,0.9500
1950.60,180.0,200.2,168.7,163.9,0.0000,0.0000,0.2080,0.9500
1951.61,180.0,200.2,168.6,163.9,0.0000,0.0000,0.2240,0.9500
1952.61,180.0,200.2,168.6,164.0,0.0000,0.0000,0.2240,0.9500
1953.62,180.0,200.1,168.6,164.0,0.0000,0.0000,0.2240,0.9500
1954.63,180.0,200.1,168.6,164.0,0.0000,0.0000,0.2240,0.9500
1955.64,180.0,200.1,168.6,164.1,0.0000,0.0000,0.2240,0.9500
1956.65,179.9,200.1,168.6,164.1,0.0160,0.0000,0.2240,0.9500
1957.66,180.0,200.1,168.6,164.1,0.0000,0.0000,0.2240,0.9500
1958.67,179.9,200.1,168.6,164.2,0.0160,0.0000,0.2240,0.9500
1959.68,179.9,200.0,168.6,164.2,0.0160,0.0000,0.2240,0.9500
1960.69,179.9,200.0,168.5,164.2,0.0160,0.0000,0.2400,0.9500
1961.69,179.9,200.0,168.5,164.3,0.0160,0.0000,0.2400,0.9500
1962.70,179.9,200.0,168.5,164.3,0.0160,0.0000,0.2400,0.9500
1963.71,179.8,200.0,168.5,164.3,0.0320,0.0000,0.2400,0.9500
1964.72,179.9,200.0,168.5,164.4,0.0160,0.0000,0.2400,0.9500
1965.73,179.9,200.0,168.5,164.4,0.0160,0.0000,0.2400,0.9500
1966.74,179.8,199.9,168.5,164.4,0.0320,0.0000,0.2400,0.9500
1967.75,179.8,199.9,168.5,164.5,0.0320,0.0000,0.2400,0.9500
1968.76,179.8,199.9,168.5,164.5,0.0320,0.0000,0.2400,0.9500
1969.77,179.8,199.9,168.5,164.6,0.0320,0.0000,0.2400,0.9500
1970.78,179.8,199.9,168.5,164.6,0.0320,0.0000,0.2400,0.9500
1971.78,179.8,199.9,168.5,164.6,0.0320,0.0000,0.2400,0.9500
1972.79,179.8,199.8,168.4,164.6,0.0320,0.0000,0.2560,0.9500
1973.80,179.8,199.8,168.4,164.7,0.0320,0.0000,0.2560,0.9500
1974.81,179.8,199.8,168.4,164.7,0.0320,0.0000,0.2560,0.9500
1975.82,179.8,199.8,168.4,164.7,0.0320,0.0000,0.2560,0.9500
1976.83,179.7,199.8,168.4,164.8,0.0480,0.0000,0.2560,0.9500
1977.84,179.8,199.8,168.4,164.8,0.0320,0.0000,0.2560,0.9500
1978.85,179.7,199.7,168.4,164.8,0.0480,0.0000,0.2560,0.9500
1979.86,179.7,199.7,168.4,164.9,0.0480,0.0000,0.2560,0.9500
1980.87,179.7,199.7,168.4,164.9,0.0480,0.0000,0.2560,0.9500
1981.88,179.7,199.7,168.4,164.9,0.0480,0.0000,0.2560,0.9500
1982.88,179.7,199.7,168.4,165.0,0.0480,0.0000,0.2560,0.9500
1983.89,179.7,199.7,168.4,165.0,0.0480,0.0000,0.2560,0.9500
1984.90,179.7,199.7,168.4,165.0,0.0480,0.0000,0.2560,0.9500
1985.91,179.6,199.6,168.4,165.1,0.0640,0.0000,0.2560,0.9500
1986.92,179.6,199.6,168.4,165.1,0.0640,0.0000,0.2560,0.9500
1987.93,179.6,199.6,168.4,165.1,0.0640,0.0000,0.2560,0.9500
1988.94,179.6,199.6,168.4,165.2,0.0640,0.0000,0.2560,0.9500
1989.95,179.6,199.6,168.4,165.2,0.0640,0.0000,0.2560,0.9500
1990.96,179.6,199.6,168.4,165.2,0.0640,0.0000,0.2560,0.9500
1991.96,179.6,199.5,168.4,165.3,0.0640,0.0000,0.2560,0.9500
1992.97,179.6,199.5,168.4,165.3,0.0640,0.0000,0.2560,0.9500
1993.98,179.6,199.5,168.4,165.3,0.0640,0.0000,0.2560,0.9500
1994.99,179.6,199.5,168.4,165.3,0.0640,0.0000,0.2560,0.9500
1996.00,179.5,199.5,168.4,165.4,0.0800,0.0000,0.2560,0.9500
1997.01,179.5,199.5,168.4,165.4,0.0800,0.0000,0.2560,0.9500
1998.02,179.5,199.5,168.4,165.4,0.0800,0.0000,0.2560,0.9500
1999.03,179.5,199.4,168.4,165.5,0.0800,0.0000,0.2560,0.9500
2000.04,179.5,199.4,168.4,165.5,0.0800,0.0000,0.2560,0.9500
2001.05,179.5,199.4,168.4,165.5,0.0800,0.0000,0.2560,0.9500
2002.05,179.5,199.4,168.5,165.5,0.0800,0.0000,0.2400,0.9500
2003.06,179.5,199.4,168.5,165.6,0.0800,0.0000,0.2400,0.9500
2004.07,179.5,199.4,168.5,165.6,0.0800,0.0000,0.2400,0.9500
2005.08,179.5,199.4,168.5,165.7,0.0800,0.0000,0.2400,0.9500
2006.09,179.4,199.3,168.5,165.7,0.0960,0.0000,0.2400,0.9500
2007.10,179.4,199.3,168.5,165.7,0.0960,0.0000,0.2400,0.9500
2008.11,179.4,199.3,168.5,165.7,0.0960,0.0000,0.2400,0.9500
2009.12,179.4,199.3,168.5,165.8,0.0960,0.0000,0.2400,0.9500
2010.13,179.4,199.3,168.5,165.8,0.0960,0.0000,0.2400,0.9500
2011.14,179.4,199.3,168.5,165.8,0.0960,0.0000,0.2400,0.9500
2012.14,179.4,199.2,168.5,165.9,0.0960,0.0000,0.2400,0.9500
2013.15,179.4,199.2,168.5,165.9,0.0960,0.0000,0.2400,0.9500
2014.16,179.4,199.2,168.5,165.9,0.0960,0.0000,0.2400,0.9500
2015.17,179.4,199.2,168.5,165.9,0.0960,0.0000,0.2400,0.9500
2016.18,179.4,199.2,168.5,166.0,0.0960,0.0000,0.2400,0.9500
2017.19,179.4,199.2,168.5,166.0,0.0960,0.0000,0.2400,0.9500
2018.20,179.4,199.1,168.6,166.0,0.0960,0.0000,0.2240,0.9500
2019.21,179.4,199.1,168.6,166.1,0.0960,0.0000,0.2240,0.9500
2020.22,179.3,199.1,168.6,166.1,0.1120,0.0000,0.2240,0.9500
2021.23,179.3,199.1,168.6,166.1,0.1120,0.0000,0.2240,0.9500
2022.23,179.3,199.1,168.6,166.2,0.1120,0.0000,0.2240,0.9500
2023.24,179.3,199.1,168.6,166.2,0.1120,0.0000,0.2240,0.9500
2024.25,179.3,199.0,168.6,166.2,0.1120,0.0000,0.2240,0.9500
2025.26,179.3,199.0,168.6,166.3,0.1120,0.0000,0.2240,0.9500
2026.27,179.3,199.0,168.7,166.3,0.1120,0.0000,0.2080,0.9500
2027.28,179.3,199.0,168.6,166.3,0.1120,0.0000,0.2240,0.9500
2028.29,179.3,199.0,168.7,166.4,0.1120,0.0000,0.2080,0.9500
2029.30,179.3,199.0,168.6,166.4,0.1120,0.0000,0.2240,0.9500
2030.31,179.3,199.0,168.7,166.4,0.1120,0.0000,0.2080,0.9500
2031.32,179.3,198.9,168.6,166.4,0.1120,0.0000,0.2240,0.9500
2032.32,179.3,198.9,168.7,166.5,0.1120,0.0000,0.2080,0.9500
2033.33,179.3,198.9,168.7,166.5,0.1120,0.0000,0.2080,0.9500
2034.34,179.3,198.9,168.7,166.5,0.1120,0.0000,0.2080,0.9500
2035.35,179.3,198.9,168.7,166.6,0.1120,0.0000,0.2080,0.9500
2036.36,179.3,198.9,168.7,166.6,0.1120,0.0000,0.2080,0.9500
2037.37,179.3,198.9,168.7,166.6,0.1120,0.0000,0.2080,0.9500
2038.38,179.3,198.8,168.7,166.6,0.1120,0.0000,0.2080,0.9500
2039.39,179.3,198.8,168.7,166.7,0.1120,0.0000,0.2080,0.9500
2040.39,179.3,198.8,168.8,166.7,0.1120,0.0000,0.1920,0.9500
2041.40,179.3,198.8,168.8,166.7,0.1120,0.0000,0.1920,0.9500
2042.41,179.3,198.8,168.8,166.7,0.1120,0.0000,0.1920,0.9500
2043.42,179.3,198.8,168.8,166.8,0.1120,0.0000,0.1920,0.9500
2044.43,179.3,198.7,168.8,166.8,0.1120,0.0000,0.1920,0.9500
2045.44,179.3,198.7,168.8,166.8,0.1120,0.0000,0.1920,0.9500
2046.45,179.3,198.7,168.8,166.8,0.1120,0.0000,0.1920,0.9500
2047.46,179.3,198.7,168.8,166.9,0.1120,0.0000,0.1920,0.9500
2048.47,179.3,198.7,168.9,166.9,0.1120,0.0000,0.1760,0.9500
2049.48,179.3,198.7,168.9,166.9,0.1120,0.0000,0.1760,0.9500
2050.48,179.3,198.7,168.9,166.9,0.1120,0.0000,0.1760,0.9500
2051.49,179.3,198.7,168.9,167.0,0.1120,0.0000,0.1760,0.9500
2052.50,179.3,198.6,168.9,167.0,0.1120,0.0000,0.1760,0.9500
2053.51,179.3,198.6,168.9,167.0,0.1120,0.0000,0.1760,0.9500
2054.52,179.3,198.6,168.9,167.0,0.1120,0.0000,0.1760,0.9500
2055.53,179.3,198.6,168.9,167.1,0.1120,0.0000,0.1760,0.9500
2056.54,179.3,198.6,168.9,167.1,0.1120,0.0000,0.1760,0.9500
2057.55,179.3,198.6,169.0,167.1,0.1120,0.0000,0.1600,0.9500
2058.56,179.3,198.5,169.0,167.1,0.1120,0.0000,0.1600,0.9500
2059.57,179.4,198.5,169.0,167.1,0.0960,0.0000,0.1600,0.9500
2060.58,179.4,198.5,169.0,167.2,0.0960,0.0000,0.1600,0.9500
2061.58,179.4,198.5,169.0,167.2,0.0960,0.0000,0.1600,0.9500
2062.59,179.4,198.5,169.0,167.2,0.0960,0.0000,0.1600,0.9500
2063.60,179.4,198.5,169.0,167.2,0.0960,0.0000,0.1600,0.9500
2064.61,179.4,198.5,169.0,167.2,0.0960,0.0000,0.1600,0.9500
2065.62,179.4,198.4,169.1,167.2,0.0960,0.0000,0.1440,0.9500
2066.63,179.4,198.4,169.1,167.3,0.0960,0.0000,0.1440,0.9500
2067.64,179.4,198.4,169.1,167.3,0.0960,0.0000,0.1440,0.9500
2068.65,179.4,198.4,169.1,167.3,0.0960,0.0000,0.1440,0.9500
2069.66,179.4,198.4,169.1,167.3,0.0960,0.0000,0.1440,0.9500
2070.67,179.4,198.4,169.1,167.4,0.0960,0.0000,0.1440,0.9500
2071.67,179.4,198.3,169.1,167.4,0.0960,0.0000,0.1440,0.9500
2072.68,179.4,198.3,169.1,167.4,0.0960,0.0000,0.1440,0.9500
2073.69,179.4,198.3,169.1,167.4,0.0960,0.0000,0.1440,0.9500
2074.70,179.4,198.3,169.1,167.4,0.0960,0.0000,0.1440,0.9500
2075.71,179.4,198.3,169.2,167.5,0.0960,0.0000,0.1280,0.9500
2076.72,179.4,198.3,169.1,167.5,0.0960,0.0000,0.1440,0.9500
2077.73,179.4,198.2,169.2,167.5,0.0960,0.0000,0.1280,0.9500
2078.74,179.4,198.2,169.2,167.5,0.0960,0.0000,0.1280,0.9500
2079.75,179.4,198.2,169.2,167.6,0.0960,0.0000,0.1280,0.9500
2080.76,179.5,198.2,169.2,167.6,0.0800,0.0000,0.1280,0.9500
2081.76,179.5,198.2,169.2,167.6,0.0800,0.0000,0.1280,0.9500
2082.77,179.5,198.2,169.2,167.6,0.0800,0.0000,0.1280,0.9500
2083.78,179.5,198.2,169.2,167.6,0.0800,0.0000,0.1280,0.9500
2084.79,179.5,198.1,169.3,167.7,0.0800,0.0000,0.1120,0.9500
2085.80,179.5,198.1,169.3,167.7,0.0800,0.0000,0.1120,0.9500
2086.81,179.5,198.1,169.3,167.7,0.0800,0.0000,0.1120,0.9500
2087.82,179.5,198.1,169.3,167.7,0.0800,0.0000,0.1120,0.9500
2088.83,179.5,198.1,169.3,167.8,0.0800,0.0000,0.1120,0.9500
2089.84,179.5,198.1,169.3,167.8,0.0800,0.0000,0.1120,0.9500
2090.84,179.5,198.0,169.3,167.8,0.0800,0.0000,0.1120,0.9500
2091.85,179.5,198.0,169.3,167.8,0.0800,0.0000,0.1120,0.9500
2092.86,179.6,198.0,169.3,167.9,0.0640,0.0000,0.1120,0.9500
2093.87,179.5,198.0,169.3,167.9,0.0800,0.0000,0.1120,0.9500
2094.88,179.5,198.0,169.4,167.9,0.0800,0.0000,0.0960,0.9500
2095.89,179.5,198.0,169.4,168.0,0.0800,0.0000,0.0960,0.9500
2096.90,179.5,198.0,169.4,168.0,0.0800,0.0000,0.0960,0.9500
2097.91,179.6,198.0,169.4,168.0,0.0640,0.0000,0.0960,0.9500
2098.92,179.6,197.9,169.4,168.0,0.0640,0.0000,0.0960,0.9500
2099.93,179.6,197.9,169.4,168.1,0.0640,0.0000,0.0960,0.9500
2100.93,179.6,197.9,169.4,168.1,0.0640,0.0000,0.0960,0.9500
2101.94,179.6,197.9,169.4,168.1,0.0640,0.0000,0.0960,0.9500
2102.95,179.6,197.9,169.4,168.1,0.0640,0.0000,0.0960,0.9500
2103.96,179.6,197.9,169.5,168.2,0.0640,0.0000,0.0800,0.9500
2104.97,179.6,197.8,169.5,168.2,0.0640,0.0000,0.0800,0.9500
2105.98,179.6,197.8,169.5,168.2,0.0640,0.0000,0.0800,0.9500
2106.99,179.6,197.8,169.5,168.3,0.0640,0.0000,0.0800,0.9500
2108.00,179.6,197.8,169.5,168.3,0.0640,0.0000,0.0800,0.9500
2109.01,179.7,197.8,169.5,168.3,0.0480,0.0000,0.0800,0.9500
2110.02,179.6,197.8,169.5,168.3,0.0640,0.0000,0.0800,0.9500
2111.02,179.7,197.8,169.5,168.3,0.0480,0.0000,0.0800,0.9500
2112.03,179.7,197.7,169.5,168.4,0.0480,0.0000,0.0800,0.9500
2113.04,179.7,197.7,169.5,168.4,0.0480,0.0000,0.0800,0.9500
2114.05,179.7,197.7,169.5,168.5,0.0480,0.0000,0.0800,0.9500
2115.06,179.7,197.7,169.5,168.5,0.0480,0.0000,0.0800,0.9500
2116.07,179.7,197.7,169.5,168.5,0.0480,0.0000,0.0800,0.9500
2117.08,179.7,197.7,169.5,168.5,0.0480,0.0000,0.0800,0.9500
2118.09,179.7,197.6,169.5,168.6,0.0480,0.0000,0.0800,0.9500
2119.10,179.7,197.6,169.5,168.6,0.0480,0.0000,0.0800,0.9500
2120.10,179.7,197.6,169.6,168.6,0.0480,0.0000,0.0640,0.9500
2121.11,179.8,197.6,169.6,168.6,0.0320,0.0000,0.0640,0.9500
2122.12,179.7,197.6,169.6,168.7,0.0480,0.0000,0.0640,0.9500
2123.13,179.8,197.6,169.6,168.7,0.0320,0.0000,0.0640,0.9500
2124.14,179.8,197.6,169.6,168.7,0.0320,0.0000,0.0640,0.9500
2125.15,179.8,197.6,169.6,168.8,0.0320,0.0000,0.0640,0.9500
2126.16,179.8,197.5,169.6,168.8,0.0320,0.0000,0.0640,0.9500
2127.17,179.8,197.5,169.6,168.8,0.0320,0.0000,0.0640,0.9500
2128.18,179.8,197.5,169.6,168.8,0.0320,0.0000,0.0640,0.9500
2129.18,179.8,197.5,169.6,168.9,0.0320,0.0000,0.0640,0.9500
2130.19,179.8,197.5,169.6,168.9,0.0320,0.0000,0.0640,0.9500
2131.20,179.8,197.5,169.6,168.9,0.0320,0.0000,0.0640,0.9500
2132.21,179.9,197.4,169.6,168.9,0.0160,0.0000,0.0640,0.9500
2133.22,179.9,197.4,169.6,169.0,0.0160,0.0000,0.0640,0.9500
2134.23,179.9,197.4,169.6,169.0,0.0160,0.0000,0.0640,0.9500
2135.24,179.9,197.4,169.6,169.0,0.0160,0.0000,0.0640,0.9500
2136.25,179.9,197.4,169.6,169.0,0.0160,0.0000,0.0640,0.9500
2137.26,179.9,197.4,169.6,169.1,0.0160,0.0000,0.0640,0.9440
2138.27,179.9,197.4,169.5,169.1,0.0160,0.0000,0.0800,0.9440
2139.28,179.9,197.3,169.6,169.1,0.0160,0.0000,0.0640,0.9440
2140.28,179.9,197.3,169.6,169.1,0.0160,0.0000,0.0640,0.9440
2141.29,179.9,197.3,169.6,169.1,0.0160,0.0000,0.0640,0.9440
2142.30,179.9,197.3,169.6,169.2,0.0160,0.0000,0.0640,0.9280
2143.31,179.9,197.3,169.5,169.2,0.0160,0.0000,0.0800,0.9280
2144.32,180.0,197.3,169.5,169.2,0.0000,0.0000,0.0800,0.9280
2145.33,180.0,197.2,169.6,169.2,0.0000,0.0000,0.0640,0.9280
2146.34,180.0,197.2,169.6,169.3,0.0000,0.0000,0.0640,0.9120
2147.35,180.0,197.2,169.6,169.3,0.0000,0.0000,0.0640,0.9120
2148.36,180.0,197.2,169.6,169.3,0.0000,0.0000,0.0640,0.9120
2149.37,180.0,197.2,169.5,169.3,0.0000,0.0000,0.0800,0.9120
2150.37,180.0,197.2,169.6,169.4,0.0000,0.0000,0.0640,0.8960
2151.38,180.0,197.2,169.6,169.4,0.0000,0.0000,0.0640,0.8960
2152.39,180.0,197.1,169.6,169.4,0.0000,0.0000,0.0640,0.8960
2153.40,180.0,197.1,169.6,169.4,0.0000,0.0000,0.0640,0.8960
2154.41,180.1,197.1,169.5,169.4,0.0000,0.0000,0.0800,0.8960
2155.42,180.1,197.1,169.6,169.5,0.0000,0.0000,0.0640,0.8800
2156.43,180.0,197.1,169.5,169.5,0.0000,0.0000,0.0800,0.8800
2157.44,180.1,197.1,169.5,169.5,0.0000,0.0000,0.0800,0.8800
2158.45,180.1,197.1,169.5,169.5,0.0000,0.0000,0.0800,0.8800
2159.46,180.1,197.1,169.5,169.5,0.0000,0.0000,0.0800,0.8800
2160.46,180.1,197.0,169.5,169.6,0.0000,0.0000,0.0800,0.8640
2161.47,180.1,197.0,169.5,169.6,0.0000,0.0000,0.0800,0.8640
2162.48,180.1,197.0,169.5,169.6,0.0000,0.0000,0.0800,0.8640
2163.49,180.1,197.0,169.5,169.6,0.0000,0.0000,0.0800,0.8640
2164.50,180.1,197.0,169.5,169.6,0.0000,0.0000,0.0800,0.8640
2165.51,180.1,196.9,169.5,169.7,0.0000,0.0000,0.0800,0.8480
2166.52,180.1,196.9,169.5,169.7,0.0000,0.0000,0.0800,0.8480
2167.53,180.1,196.9,169.5,169.7,0.0000,0.0000,0.0800,0.8480
2168.54,180.1,196.9,169.5,169.7,0.0000,0.0000,0.0800,0.8480
2169.55,180.1,196.9,169.5,169.7,0.0000,0.0000,0.0800,0.8480
2170.55,180.2,196.9,169.5,169.8,0.0000,0.0000,0.0800,0.8320
2171.56,180.2,196.9,169.4,169.8,0.0000,0.0000,0.0960,0.8320
2172.57,180.1,196.8,169.4,169.8,0.0000,0.0000,0.0960,0.8320
2173.58,180.2,196.8,169.4,169.8,0.0000,0.0000,0.0960,0.8320
2174.59,180.2,196.8,169.4,169.8,0.0000,0.0000,0.0960,0.8320
2175.60,180.2,196.8,169.4,169.9,0.0000,0.0000,0.0960,0.8160
2176.61,180.2,196.8,169.4,169.9,0.0000,0.0000,0.0960,0.8160
2177.62,180.2,196.8,169.4,169.9,0.0000,0.0000,0.0960,0.8160
2178.63,180.2,196.8,169.4,169.9,0.0000,0.0000,0.0960,0.8160
2179.63,180.2,196.7,169.3,169.9,0.0000,0.0000,0.1120,0.8160
2180.64,180.2,196.7,169.3,169.9,0.0000,0.0000,0.1120,0.8160
2181.65,180.2,196.7,169.3,169.9,0.0000,0.0000,0.1120,0.8160
2182.66,180.2,196.7,169.3,170.0,0.0000,0.0000,0.1120,0.8000
2183.67,180.2,196.7,169.3,170.0,0.0000,0.0000,0.1120,0.8000
2184.68,180.2,196.7,169.3,170.0,0.0000,0.0000,0.1120,0.8000
2185.69,180.2,196.7,169.3,170.0,0.0000,0.0000,0.1120,0.8000
2186.70,180.2,196.7,169.2,170.0,0.0000,0.0000,0.1280,0.8000
2187.71,180.2,196.6,169.2,170.0,0.0000,0.0000,0.1280,0.8000
2188.72,180.2,196.6,169.2,170.1,0.0000,0.0000,0.1280,0.7840
2189.72,180.2,196.6,169.2,170.1,0.0000,0.0000,0.1280,0.7840
2190.73,180.3,196.6,169.2,170.1,0.0000,0.0000,0.1280,0.7840
2191.74,180.2,196.6,169.2,170.1,0.0000,0.0000,0.1280,0.7840
2192.75,180.3,196.6,169.1,170.1,0.0000,0.0000,0.1440,0.7840
2193.76,180.3,196.5,169.1,170.1,0.0000,0.0000,0.1440,0.7840
2194.77,180.3,196.5,169.1,170.2,0.0000,0.0000,0.1440,0.7680
2195.78,180.2,196.5,169.1,170.2,0.0000,0.0000,0.1440,0.7680
2196.79,180.3,196.5,169.1,170.2,0.0000,0.0000,0.1440,0.7680
2197.80,180.3,196.5,169.1,170.2,0.0000,0.0000,0.1440,0.7680
2198.80,180.3,196.5,169.1,170.2,0.0000,0.0000,0.1440,0.7680
2199.81,180.3,196.5,169.0,170.2,0.0000,0.0000,0.1600,0.7680
2200.82,180.3,196.4,169.0,170.2,0.0000,0.0000,0.1600,0.7680
2201.83,180.3,196.4,169.0,170.3,0.0000,0.0000,0.1600,0.7520
2202.84,180.3,196.4,169.0,170.3,0.0000,0.0000,0.1600,0.7520
2203.85,180.3,196.4,169.0,170.3,0.0000,0.0000,0.1600,0.7520
2204.86,180.3,196.4,169.0,170.3,0.0000,0.0000,0.1600,0.7520
2205.87,180.3,196.4,168.9,170.3,0.0000,0.0000,0.1760,0.7520
2206.88,180.3,196.4,168.9,170.3,0.0000,0.0000,0.1760,0.7520
2207.89,180.3,196.4,168.9,170.3,0.0000,0.0000,0.1760,0.7520
2208.89,180.3,196.3,168.9,170.4,0.0000,0.0000,0.1760,0.7360
2209.90,180.3,196.3,168.9,170.4,0.0000,0.0000,0.1760,0.7360
2210.91,180.3,196.3,168.9,170.4,0.0000,0.0000,0.1760,0.7360
2211.92,180.3,196.3,168.8,170.4,0.0000,0.0000,0.1920,0.7360
2212.93,180.3,196.3,168.8,170.4,0.0000,0.0000,0.1920,0.7360
2213.94,180.3,196.3,168.8,170.4,0.0000,0.0000,0.1920,0.7360
2214.95,180.3,196.2,168.8,170.4,0.0000,0.0000,0.1920,0.7360
2215.96,180.3,196.2,168.7,170.5,0.0000,0.0000,0.2080,0.7200
2216.97,180.3,196.2,168.7,170.5,0.0000,0.0000,0.2080,0.7200
2217.98,180.3,196.2,168.7,170.5,0.0000,0.0000,0.2080,0.7200
2218.99,180.3,196.2,168.7,170.5,0.0000,0.0000,0.2080,0.7200
2219.99,180.3,196.2,168.7,170.5,0.0000,0.0000,0.2080,0.7200
2221.00,180.3,196.2,168.7,170.5,0.0000,0.0000,0.2080,0.7200
2222.01,180.3,196.2,168.6,170.5,0.0000,0.0000,0.2240,0.7200
2223.02,180.3,196.1,168.6,170.5,0.0000,0.0000,0.2240,0.7200
2224.03,180.3,196.1,168.6,170.5,0.0000,0.0000,0.2240,0.7200
2225.04,180.3,196.1,168.6,170.5,0.0000,0.0000,0.2240,0.7200
2226.05,180.3,196.1,168.6,170.6,0.0000,0.0000,0.2240,0.7040
2227.06,180.3,196.1,168.5,170.6,0.0000,0.0000,0.2400,0.7040
2228.07,180.3,196.1,168.5,170.6,0.0000,0.0000,0.2400,0.7040
2229.07,180.3,196.1,168.5,170.6,0.0000,0.0000,0.2400,0.7040
2230.08,180.3,196.0,168.5,170.6,0.0000,0.0000,0.2400,0.7040
2231.09,180.3,196.0,168.5,170.6,0.0000,0.0000,0.2400,0.7040
2232.10,180.3,196.0,168.5,170.6,0.0000,0.0000,0.2400,0.7040
2233.11,180.3,196.0,168.4,170.6,0.0000,0.0000,0.2560,0.7040
2234.12,180.3,196.0,168.4,170.6,0.0000,0.0000,0.2560,0.7040
2235.13,180.3,196.0,168.4,170.6,0.0000,0.0000,0.2560,0.7040
2236.14,180.3,196.0,168.4,170.6,0.0000,0.0000,0.2560,0.7040
2237.15,180.3,196.0,168.4,170.7,0.0000,0.0000,0.2560,0.6880
2238.16,180.3,195.9,168.4,170.7,0.0000,0.0000,0.2560,0.6880
2239.16,180.2,195.9,168.3,170.7,0.0000,0.0000,0.2720,0.6880
2240.17,180.3,195.9,168.3,170.7,0.0000,0.0000,0.2720,0.6880
2241.18,180.3,195.9,168.3,170.7,0.0000,0.0000,0.2720,0.6880
2242.19,180.2,195.9,168.3,170.7,0.0000,0.0000,0.2720,0.6880
2243.20,180.3,195.9,168.3,170.7,0.0000,0.0000,0.2720,0.6880
2244.21,180.3,195.9,168.3,170.7,0.0000,0.0000,0.2720,0.6880
2245.22,180.2,195.8,168.2,170.7,0.0000,0.0000,0.2880,0.6880
2246.23,180.2,195.8,168.2,170.7,0.0000,0.0000,0.2880,0.6880
2247.24,180.2,195.8,168.2,170.7,0.0000,0.0000,0.2880,0.6880
2248.25,180.2,195.8,168.2,170.7,0.0000,0.0000,0.2880,0.6880
2249.25,180.2,195.8,168.2,170.7,0.0000,0.0000,0.2880,0.6880
2250.26,180.2,195.8,168.2,170.7,0.0000,0.0000,0.2880,0.6880
2251.27,180.2,195.8,168.2,170.7,0.0000,0.0000,0.2880,0.6880
2252.28,180.2,195.7,168.2,170.8,0.0000,0.0000,0.2880,0.6720
2253.29,180.2,195.7,168.1,170.8,0.0000,0.0000,0.3040,0.6720
2254.30,180.2,195.7,168.1,170.8,0.0000,0.0000,0.3040,0.6720
2255.31,180.2,195.7,168.1,170.8,0.0000,0.0000,0.3040,0.6720
2256.32,180.2,195.7,168.1,170.8,0.0000,0.0000,0.3040,0.6720
2257.33,180.2,195.7,168.1,170.8,0.0000,0.0000,0.3040,0.6720
2258.34,180.2,195.7,168.1,170.8,0.0000,0.0000,0.3040,0.6720
2259.34,180.2,195.7,168.0,170.8,0.0000,0.0000,0.3200,0.6720
2260.35,180.2,195.6,168.0,170.8,0.0000,0.0000,0.3200,0.6720
2261.36,180.2,195.6,168.1,170.8,0.0000,0.0000,0.3040,0.6720
2262.37,180.2,195.6,168.0,170.8,0.0000,0.0000,0.3200,0.6720
2263.38,180.2,195.6,168.0,170.8,0.0000,0.0000,0.3200,0.6720
2264.39,180.2,195.6,168.0,170.8,0.0000,0.0000,0.3200,0.6720
2265.40,180.2,195.6,168.0,170.8,0.0000,0.0000,0.3200,0.6720
2266.41,180.2,195.6,168.0,170.8,0.0000,0.0000,0.3200,0.6720
2267.42,180.2,195.5,168.0,170.8,0.0000,0.0000,0.3200,0.6720
2268.42,180.2,195.5,167.9,170.8,0.0000,0.0000,0.3360,0.6720
2269.43,180.2,195.5,167.9,170.9,0.0000,0.0000,0.3360,0.6560
2270.44,180.2,195.5,167.9,170.9,0.0000,0.0000,0.3360,0.6560
2271.45,180.1,195.5,167.9,170.9,0.0000,0.0000,0.3360,0.6560
2272.46,180.2,195.5,167.9,170.9,0.0000,0.0000,0.3360,0.6560
2273.47,180.1,195.5,167.9,170.9,0.0000,0.0000,0.3360,0.6560
2274.48,180.1,195.5,167.9,170.9,0.0000,0.0000,0.3360,0.6560
2275.49,180.1,195.4,167.9,170.9,0.0000,0.0000,0.3360,0.6560
2276.50,180.1,195.4,167.9,170.9,0.0000,0.0000,0.3360,0.6560
2277.50,180.1,195.4,167.8,170.9,0.0000,0.0000,0.3520,0.6560
2278.51,180.1,195.4,167.8,170.9,0.0000,0.0000,0.3520,0.6560
2279.52,180.1,195.4,167.8,170.9,0.0000,0.0000,0.3520,0.6560
2280.53,180.1,195.4,167.8,170.9,0.0000,0.0000,0.3520,0.6560
2281.54,180.1,195.4,167.8,170.9,0.0000,0.0000,0.3520,0.6560
2282.55,180.1,195.3,167.8,170.9,0.0000,0.0000,0.3520,0.6560
2283.56,180.1,195.3,167.8,170.9,0.0000,0.0000,0.3520,0.6560
2284.57,180.1,195.3,167.8,170.9,0.0000,0.0000,0.3520,0.6560
2285.58,180.1,195.3,167.8,170.9,0.0000,0.0000,0.3520,0.6560
2286.59,180.1,195.3,167.8,170.9,0.0000,0.0000,0.3520,0.6560
2287.59,180.1,195.3,167.8,171.0,0.0000,0.0000,0.3520,0.6400
2288.60,180.1,195.3,167.8,171.0,0.0000,0.0000,0.3520,0.6400
2289.61,180.1,195.2,167.8,171.0,0.0000,0.0000,0.3520,0.6400
2290.62,180.1,195.2,167.8,171.0,0.0000,0.0000,0.3520,0.6400
2291.63,180.1,195.2,167.8,171.0,0.0000,0.0000,0.3520,0.6400
2292.64,180.1,195.2,167.8,171.0,0.0000,0.0000,0.3520,0.6400
2293.65,180.1,195.2,167.8,171.0,0.0000,0.0000,0.3520,0.6400
2294.66,180.1,195.2,167.8,171.0,0.0000,0.0000,0.3520,0.6400
2295.67,180.1,195.2,167.8,171.0,0.0000,0.0000,0.3520,0.6400
2296.68,180.1,195.1,167.8,171.0,0.0000,0.0000,0.3520,0.6400
2297.69,180.1,195.1,167.8,171.0,0.0000,0.0000,0.3520,0.6400
2298.69,180.0,195.1,167.8,171.0,0.0000,0.0000,0.3520,0.6400
2299.70,180.1,195.1,167.8,171.0,0.0000,0.0000,0.3520,0.6400
2300.71,180.0,195.1,167.8,171.0,0.0000,0.0000,0.3520,0.6400
2301.72,180.0,195.1,167.8,171.0,0.0000,0.0000,0.3520,0.6400
2302.73,180.0,195.1,167.8,171.0,0.0000,0.0000,0.3520,0.6400
2303.74,180.0,195.1,167.8,171.0,0.0000,0.0000,0.3520,0.6400
2304.75,180.0,195.1,167.8,171.0,0.0000,0.0000,0.3520,0.6400
2305.76,180.0,195.0,167.8,171.0,0.0000,0.0000,0.3520,0.6400
2306.77,180.0,195.0,167.8,171.0,0.0000,0.0000,0.3520,0.6400
2307.77,180.0,195.0,167.8,171.0,0.0000,0.0000,0.3520,0.6400
2308.78,180.0,195.0,167.8,171.0,0.0000,0.0000,0.3520,0.6400
2309.79,180.0,195.0,167.8,171.0,0.0000,0.0000,0.3520,0.6400
2310.80,180.0,195.0,167.8,171.0,0.0000,0.0000,0.3520,0.6400
2311.81,180.0,194.9,167.8,171.0,0.0000,0.0000,0.3520,0.6400
2312.82,180.0,194.9,167.8,171.0,0.0000,0.0000,0.3520,0.6400
2313.83,180.0,194.9,167.9,171.0,0.0000,0.0000,0.3360,0.6400
2314.84,180.0,194.9,167.9,171.0,0.0000,0.0000,0.3360,0.6400
2315.85,180.0,194.9,167.9,171.0,0.0000,0.0000,0.3360,0.6400
2316.86,180.0,194.9,167.9,171.0,0.0000,0.0000,0.3360,0.6400
2317.86,180.0,194.9,167.9,171.0,0.0000,0.0000,0.3360,0.6400
2318.87,179.9,194.8,167.9,171.0,0.0160,0.0000,0.3360,0.6400
2319.88,179.9,194.8,167.9,171.0,0.0160,0.0000,0.3360,0.6400
2320.89,179.9,194.8,167.9,171.0,0.0160,0.0000,0.3360,0.6400
2321.90,179.9,194.8,167.9,171.0,0.0160,0.0000,0.3360,0.6400
2322.91,179.9,194.8,167.9,171.0,0.0160,0.0000,0.3360,0.6400
2323.92,179.9,194.8,167.9,171.0,0.0160,0.0000,0.3360,0.6400
2324.93,179.9,194.8,167.9,171.0,0.0160,0.0000,0.3360,0.6400
2325.94,179.9,194.8,168.0,171.0,0.0160,0.0000,0.3200,0.6400
2326.95,179.9,194.7,168.0,171.0,0.0160,0.0000,0.3200,0.6400
2327.95,179.9,194.7,168.0,171.0,0.0160,0.0000,0.3200,0.6400
2328.96,179.9,194.7,168.0,171.0,0.0160,0.0000,0.3200,0.6400
2329.97,179.9,194.7,168.0,171.0,0.0160,0.0000,0.3200,0.6400
2330.98,179.9,194.7,168.0,171.0,0.0160,0.0000,0.3200,0.6400
2331.99,179.9,194.7,168.0,171.0,0.0160,0.0000,0.3200,0.6400
2333.00,179.9,194.7,168.0,171.1,0.0160,0.0000,0.3200,0.6240
2334.01,179.9,194.7,168.0,171.0,0.0160,0.0000,0.3200,0.6400
2335.02,179.9,194.6,168.1,171.0,0.0160,0.0000,0.3040,0.6400
2336.03,179.9,194.6,168.1,171.1,0.0160,0.0000,0.3040,0.6240
2337.04,179.9,194.6,168.1,171.1,0.0160,0.0000,0.3040,0.6240
2338.04,179.9,194.6,168.1,171.0,0.0160,0.0000,0.3040,0.6400
2339.05,179.9,194.6,168.1,171.1,0.0160,0.0000,0.3040,0.6240
2340.06,179.8,194.6,168.1,171.0,0.0320,0.0000,0.3040,0.6400
2341.07,179.9,194.6,168.2,171.0,0.0160,0.0000,0.2880,0.6400
2342.08,179.8,194.5,168.2,171.1,0.0320,0.0000,0.2880,0.6240
2343.09,179.8,194.5,168.2,171.0,0.0320,0.0000,0.2880,0.6400
2344.10,179.8,194.5,168.2,171.1,0.0320,0.0000,0.2880,0.6240
2345.11,179.8,194.5,168.2,171.1,0.0320,0.0000,0.2880,0.6240
2346.12,179.8,194.5,168.2,171.1,0.0320,0.0000,0.2880,0.6240
2347.12,179.8,194.5,168.2,171.0,0.0320,0.0000,0.2880,0.6400
2348.13,179.8,194.5,168.2,171.1,0.0320,0.0000,0.2880,0.6240
2349.14,179.8,194.5,168.3,171.1,0.0320,0.0000,0.2720,0.6240
2350.15,179.8,194.4,168.3,171.1,0.0320,0.0000,0.2720,0.6240
2351.16,179.8,194.4,168.3,171.1,0.0320,0.0000,0.2720,0.6240
2352.17,179.8,194.4,168.3,171.1,0.0320,0.0000,0.2720,0.6240
2353.18,179.8,194.4,168.3,171.1,0.0320,0.0000,0.2720,0.6240
2354.19,179.8,194.4,168.3,171.1,0.0320,0.0000,0.2720,0.6240
2355.20,179.8,194.4,168.4,171.1,0.0320,0.0000,0.2560,0.6240
2356.21,179.8,194.3,168.4,171.1,0.0320,0.0000,0.2560,0.6240
2357.21,179.8,194.3,168.4,171.1,0.0320,0.0000,0.2560,0.6240
2358.22,179.8,194.3,168.4,171.1,0.0320,0.0000,0.2560,0.6240
2359.23,179.8,194.3,168.4,171.1,0.0320,0.0000,0.2560,0.6240
2360.24,179.7,194.3,168.4,171.1,0.0480,0.0000,0.2560,0.6240
2361.25,179.8,194.3,168.5,171.1,0.0320,0.0000,0.2400,0.6240
2362.26,179.7,194.3,168.5,171.0,0.0480,0.0000,0.2400,0.6400
2363.27,179.7,194.3,168.5,171.1,0.0480,0.0000,0.2400,0.6240
2364.28,179.7,194.3,168.5,171.1,0.0480,0.0000,0.2400,0.6240
2365.29,179.7,194.2,168.5,171.1,0.0480,0.0000,0.2400,0.6240
2366.29,179.7,194.2,168.6,171.1,0.0480,0.0000,0.2240,0.6240
2367.30,179.7,194.2,168.6,171.1,0.0480,0.0000,0.2240,0.6240
2368.31,179.7,194.2,168.6,171.1,0.0480,0.0000,0.2240,0.6240
2369.32,179.7,194.2,168.6,171.1,0.0480,0.0000,0.2240,0.6240
2370.33,179.7,194.2,168.6,171.1,0.0480,0.0000,0.2240,0.6240
2371.34,179.7,194.2,168.7,171.1,0.0480,0.0000,0.2080,0.6240
2372.35,179.7,194.1,168.7,171.1,0.0480,0.0000,0.2080,0.6240
2373.36,179.7,194.1,168.7,171.1,0.0480,0.0000,0.2080,0.6240
2374.37,179.7,194.1,168.7,171.0,0.0480,0.0000,0.2080,0.6400
2375.38,179.7,194.1,168.7,171.0,0.0480,0.0000,0.2080,0.6400
2376.38,179.7,194.1,168.7,171.1,0.0480,0.0000,0.2080,0.6240
2377.39,179.7,194.1,168.8,171.0,0.0480,0.0000,0.1920,0.6400
2378.40,179.7,194.1,168.8,171.1,0.0480,0.0000,0.1920,0.6240
2379.41,179.7,194.1,168.9,171.0,0.0480,0.0000,0.1760,0.6400
2380.42,179.6,194.0,168.8,171.1,0.0640,0.0000,0.1920,0.6240
2381.43,179.6,194.0,168.8,171.1,0.0640,0.0000,0.1920,0.6240
2382.44,179.7,194.0,168.9,171.1,0.0480,0.0000,0.1760,0.6240
2383.45,179.7,194.0,168.9,171.0,0.0480,0.0000,0.1760,0.6400
2384.46,179.6,194.0,168.9,171.0,0.0640,0.0000,0.1760,0.6400
2385.47,179.6,194.0,168.9,171.0,0.0640,0.0000,0.1760,0.6400
2386.47,179.6,194.0,168.9,171.0,0.0640,0.0000,0.1760,0.6400
2387.48,179.6,194.0,168.9,171.0,0.0640,0.0000,0.1760,0.6400
2388.49,179.6,193.9,169.0,171.0,0.0640,0.0000,0.1600,0.6400
2389.50,179.6,193.9,169.0,171.0,0.0640,0.0000,0.1600,0.6400
2390.51,179.6,193.9,169.0,171.0,0.0640,0.0000,0.1600,0.6400
2391.52,179.7,193.9,169.0,171.0,0.0480,0.0000,0.1600,0.6400
2392.53,179.6,193.9,169.1,171.0,0.0640,0.0000,0.1440,0.6400
2393.54,179.6,193.9,169.1,171.0,0.0640,0.0000,0.1440,0.6400
2394.55,179.6,193.9,169.1,171.0,0.0640,0.0000,0.1440,0.6400
2395.56,179.6,193.8,169.1,171.0,0.0640,0.0000,0.1440,0.6400
2396.56,179.6,193.8,169.1,171.0,0.0640,0.0000,0.1440,0.6400
2397.57,179.6,193.8,169.1,171.0,0.0640,0.0000,0.1440,0.6400
2398.58,179.6,193.8,169.1,171.0,0.0640,0.0000,0.1440,0.6400
2399.59,179.6,193.8,169.1,171.0,0.0640,0.0000,0.1440,0.6400
2400.60,179.6,193.8,169.2,171.0,0.0640,0.0000,0.1280,0.6400
2401.61,179.6,193.8,169.2,171.0,0.0640,0.0000,0.1280,0.6400
2402.62,179.6,193.8,169.2,171.0,0.0640,0.0000,0.1280,0.6400
2403.63,179.6,193.7,169.2,171.0,0.0640,0.0000,0.1280,0.6400
2404.64,179.6,193.7,169.2,171.0,0.0640,0.0000,0.1280,0.6400
2405.65,179.6,193.7,169.3,170.9,0.0640,0.0000,0.1120,0.6560
2406.65,179.6,193.7,169.3,170.9,0.0640,0.0000,0.1120,0.6560
2407.66,179.6,193.7,169.3,170.9,0.0640,0.0000,0.1120,0.6560
2408.67,179.6,193.7,169.3,170.9,0.0640,0.0000,0.1120,0.6560
2409.68,179.6,193.7,169.3,170.9,0.0640,0.0000,0.1120,0.6560
2410.69,179.5,193.7,169.3,170.9,0.0800,0.0000,0.1120,0.6560
2411.70,179.6,193.6,169.3,170.9,0.0640,0.0000,0.1120,0.6560
2412.71,179.6,193.6,169.3,170.9,0.0640,0.0000,0.1120,0.6560
2413.72,179.6,193.6,169.4,170.9,0.0640,0.0000,0.0960,0.6560
2414.73,179.6,193.6,169.4,170.9,0.0640,0.0000,0.0960,0.6560
2415.74,179.6,193.6,169.4,170.9,0.0640,0.0000,0.0960,0.6560
2416.74,179.6,193.6,169.4,170.9,0.0640,0.0000,0.0960,0.6560
2417.75,179.6,193.6,169.4,170.9,0.0640,0.0000,0.0960,0.6560
2418.76,179.6,193.6,169.4,170.9,0.0640,0.0000,0.0960,0.6560
2419.77,179.6,193.5,169.4,170.9,0.0640,0.0000,0.0960,0.6560
2420.78,179.6,193.5,169.5,170.9,0.0640,0.0000,0.0800,0.6560
2421.79,179.5,193.5,169.5,170.9,0.0800,0.0000,0.0800,0.6560
2422.80,179.5,193.5,169.5,170.9,0.0800,0.0000,0.0800,0.6560
2423.81,179.5,193.5,169.5,170.9,0.0800,0.0000,0.0800,0.6560
2424.82,179.5,193.5,169.5,170.9,0.0800,0.0000,0.0800,0.6560
2425.82,179.5,193.5,169.5,170.9,0.0800,0.0000,0.0800,0.6560
2426.83,179.5,193.5,169.5,170.9,0.0800,0.0000,0.0800,0.6560
2427.84,179.6,193.5,169.5,170.9,0.0640,0.0000,0.0800,0.6560
2428.85,179.5,193.4,169.5,170.9,0.0800,0.0000,0.0800,0.6560
2429.86,179.6,193.4,169.5,170.9,0.0640,0.0000,0.0800,0.6560
2430.87,179.6,193.4,169.5,170.9,0.0640,0.0000,0.0800,0.6560
2431.88,179.6,193.4,169.6,170.9,0.0640,0.0000,0.0640,0.6560
2432.89,179.5,193.4,169.6,170.9,0.0800,0.0000,0.0640,0.6560
2433.90,179.6,193.4,169.6,170.9,0.0640,0.0000,0.0640,0.6560
2434.91,179.6,193.3,169.6,170.9,0.0640,0.0000,0.0640,0.6560
2435.91,179.6,193.3,169.6,170.8,0.0640,0.0000,0.0640,0.6720
2436.92,179.6,193.3,169.6,170.8,0.0640,0.0000,0.0640,0.6720
2437.93,179.6,193.3,169.6,170.8,0.0640,0.0000,0.0640,0.6720
2438.94,179.6,193.3,169.6,170.8,0.0640,0.0000,0.0640,0.6720
2439.95,179.5,193.3,169.6,170.8,0.0800,0.0000,0.0640,0.6720
2440.96,179.6,193.3,169.6,170.8,0.0640,0.0000,0.0640,0.6720
2441.97,179.6,193.3,169.6,170.8,0.0640,0.0000,0.0640,0.6720
2442.98,179.6,193.2,169.6,170.8,0.0640,0.0000,0.0640,0.6720
2443.99,179.6,193.2,169.6,170.8,0.0640,0.0000,0.0640,0.6720
2444.99,179.6,193.2,169.6,170.8,0.0640,0.0000,0.0640,0.6720
2446.00,179.6,193.2,169.6,170.8,0.0640,0.0000,0.0640,0.6720
2447.01,179.6,193.2,169.7,170.8,0.0640,0.0000,0.0480,0.6720
2448.02,179.6,193.2,169.7,170.8,0.0640,0.0000,0.0480,0.6720
2449.03,179.6,193.2,169.7,170.8,0.0640,0.0000,0.0480,0.6720
2450.04,179.6,193.1,169.7,170.8,0.0640,0.0000,0.0480,0.6720
2451.05,179.6,193.2,169.7,170.8,0.0640,0.0000,0.0480,0.6720
2452.06,179.6,193.1,169.7,170.8,0.0640,0.0000,0.0480,0.6720
2453.07,179.6,193.1,169.7,170.8,0.0640,0.0000,0.0480,0.6720
2454.08,179.6,193.1,169.7,170.8,0.0640,0.0000,0.0480,0.6720
2455.08,179.6,193.1,169.6,170.8,0.0640,0.0000,0.0640,0.6720
2456.09,179.6,193.1,169.7,170.8,0.0640,0.0000,0.0480,0.6720
2457.10,179.6,193.1,169.7,170.8,0.0640,0.0000,0.0480,0.6720
2458.11,179.6,193.1,169.7,170.8,0.0640,0.0000,0.0480,0.6720
2459.12,179.6,193.1,169.7,170.8,0.0640,0.0000,0.0480,0.6720
2460.13,179.6,193.1,169.7,170.8,0.0640,0.0000,0.0480,0.6720
2461.14,179.6,193.1,169.7,170.7,0.0640,0.0000,0.0480,0.6880
2462.15,179.6,193.0,169.7,170.7,0.0640,0.0000,0.0480,0.6880
2463.16,179.6,193.0,169.7,170.7,0.0640,0.0000,0.0480,0.6880
2464.17,179.6,193.0,169.7,170.7,0.0640,0.0000,0.0480,0.6880
2465.17,179.7,193.0,169.7,170.7,0.0480,0.0000,0.0480,0.6880
2466.18,179.6,193.0,169.7,170.7,0.0640,0.0000,0.0480,0.6880
2467.19,179.7,193.0,169.7,170.7,0.0480,0.0000,0.0480,0.6880
2468.20,179.7,193.0,169.6,170.7,0.0480,0.0000,0.0640,0.6880
2469.21,179.7,193.0,169.6,170.7,0.0480,0.0000,0.0640,0.6880
2470.22,179.7,193.0,169.6,170.7,0.0480,0.0000,0.0640,0.6880
2471.23,179.7,192.9,169.6,170.7,0.0480,0.0000,0.0640,0.6880
2472.24,179.7,192.9,169.6,170.7,0.0480,0.0000,0.0640,0.6880
2473.25,179.7,192.9,169.6,170.7,0.0480,0.0000,0.0640,0.6880
2474.26,179.7,192.9,169.6,170.7,0.0480,0.0000,0.0640,0.6880
2475.26,179.7,192.9,169.6,170.7,0.0480,0.0000,0.0640,0.6880
2476.27,179.7,192.9,169.6,170.7,0.0480,0.0000,0.0640,0.6880
2477.28,179.7,192.9,169.6,170.7,0.0480,0.0000,0.0640,0.6880
2478.29,179.7,192.8,169.6,170.7,0.0480,0.0000,0.0640,0.6880
2479.30,179.7,192.8,169.6,170.7,0.0480,0.0000,0.0640,0.6880
2480.31,179.7,192.8,169.6,170.7,0.0480,0.0000,0.0640,0.6880
2481.32,179.7,192.8,169.6,170.7,0.0480,0.0000,0.0640,0.6880
2482.33,179.7,192.8,169.6,170.7,0.0480,0.0000,0.0640,0.6880
2483.34,179.7,192.8,169.5,170.7,0.0480,0.0000,0.0800,0.6880
2484.35,179.7,192.8,169.5,170.7,0.0480,0.0000,0.0800,0.6880
2485.35,179.7,192.8,169.5,170.7,0.0480,0.0000,0.0800,0.6880
2486.36,179.7,192.8,169.5,170.7,0.0480,0.0000,0.0800,0.6880
2487.37,179.8,192.7,169.5,170.7,0.0320,0.0000,0.0800,0.6880
2488.38,179.8,192.7,169.5,170.7,0.0320,0.0000,0.0800,0.6880
2489.39,179.8,192.7,169.5,170.7,0.0320,0.0000,0.0800,0.6880
2490.40,179.8,192.7,169.5,170.7,0.0320,0.0000,0.0800,0.6880
2491.41,179.8,192.7,169.5,170.7,0.0320,0.0000,0.0800,0.6880
2492.42,179.8,192.7,169.5,170.7,0.0320,0.0000,0.0800,0.6880
2493.43,179.8,192.7,169.5,170.7,0.0320,0.0000,0.0800,0.6880
2494.44,179.8,192.7,169.4,170.7,0.0320,0.0000,0.0960,0.6880
2495.44,179.8,192.7,169.4,170.7,0.0320,0.0000,0.0960,0.6880
2496.45,179.8,192.7,169.4,170.7,0.0320,0.0000,0.0960,0.6880
2497.46,179.8,192.6,169.3,170.7,0.0320,0.0000,0.1120,0.6880
2498.47,179.8,192.6,169.4,170.7,0.0320,0.0000,0.0960,0.6880
2499.48,179.8,192.6,169.4,170.7,0.0320,0.0000,0.0960,0.6880
2500.49,179.8,192.6,169.4,170.7,0.0320,0.0000,0.0960,0.6880
2501.50,179.8,192.6,169.3,170.7,0.0320,0.0000,0.1120,0.6880
2502.51,179.8,192.6,169.3,170.7,0.0320,0.0000,0.1120,0.6880
2503.52,179.8,192.6,169.3,170.7,0.0320,0.0000,0.1120,0.6880
2504.53,179.9,192.6,169.3,170.7,0.0160,0.0000,0.1120,0.6880
2505.53,179.8,192.6,169.3,170.7,0.0320,0.0000,0.1120,0.6880
2506.54,179.9,192.5,169.3,170.7,0.0160,0.0000,0.1120,0.6880
2507.55,179.9,192.5,169.3,170.7,0.0160,0.0000,0.1120,0.6880
2508.56,179.9,192.5,169.3,170.7,0.0160,0.0000,0.1120,0.6880
2509.57,179.9,192.5,169.2,170.7,0.0160,0.0000,0.1280,0.6880
2510.58,179.9,192.5,169.2,170.7,0.0160,0.0000,0.1280,0.6880
2511.59,179.9,192.5,169.2,170.7,0.0160,0.0000,0.1280,0.6880
2512.60,179.9,192.5,169.2,170.7,0.0160,0.0000,0.1280,0.6880
2513.61,179.9,192.5,169.1,170.7,0.0160,0.0000,0.1440,0.6880
2514.62,179.9,192.5,169.1,170.7,0.0160,0.0000,0.1440,0.6880
2515.62,179.9,192.4,169.1,170.7,0.0160,0.0000,0.1440,0.6880
2516.63,179.9,192.4,169.1,170.7,0.0160,0.0000,0.1440,0.6880
2517.64,179.9,192.4,169.1,170.7,0.0160,0.0000,0.1440,0.6880
2518.65,179.9,192.4,169.1,170.7,0.0160,0.0000,0.1440,0.6880
2519.66,179.9,192.4,169.1,170.7,0.0160,0.0000,0.1440,0.6880
2520.67,179.9,192.4,169.1,170.7,0.0160,0.0000,0.1440,0.6880
2521.68,179.9,192.4,169.0,170.7,0.0160,0.0000,0.1600,0.6880
2522.69,180.0,192.4,169.0,170.7,0.0000,0.0000,0.1600,0.6880
2523.69,180.0,192.4,169.0,170.7,0.0000,0.0000,0.1600,0.6880
2524.70,179.9,192.3,169.0,170.7,0.0160,0.0000,0.1600,0.6880
2525.71,180.0,192.3,169.0,170.7,0.0000,0.0000,0.1600,0.6880
2526.72,180.0,192.3,169.0,170.7,0.0000,0.0000,0.1600,0.6880
2527.73,180.0,192.3,168.9,170.7,0.0000,0.0000,0.1760,0.6880
2528.74,180.0,192.3,168.9,170.7,0.0000,0.0000,0.1760,0.6880
2529.75,180.0,192.3,168.9,170.7,0.0000,0.0000,0.1760,0.6880
2530.76,180.0,192.3,168.9,170.7,0.0000,0.0000,0.1760,0.6880
2531.77,180.0,192.3,168.9,170.7,0.0000,0.0000,0.1760,0.6880
2532.78,180.0,192.3,168.9,170.7,0.0000,0.0000,0.1760,0.6880
2533.78,180.0,192.3,168.8,170.7,0.0000,0.0000,0.1920,0.6880
2534.79,180.0,192.2,168.8,170.7,0.0000,0.0000,0.1920,0.6880
2535.80,180.0,192.2,168.8,170.7,0.0000,0.0000,0.1920,0.6880
2536.81,180.0,192.2,168.8,170.7,0.0000,0.0000,0.1920,0.6880
2537.82,180.0,192.2,168.8,170.7,0.0000,0.0000,0.1920,0.6880
2538.83,180.0,192.2,168.7,170.7,0.0000,0.0000,0.2080,0.6880
2539.84,180.0,192.2,168.7,170.7,0.0000,0.0000,0.2080,0.6880
2540.85,180.0,192.2,168.7,170.7,0.0000,0.0000,0.2080,0.6880
2541.86,180.0,192.2,168.7,170.7,0.0000,0.0000,0.2080,0.6880
2542.87,180.0,192.2,168.7,170.7,0.0000,0.0000,0.2080,0.6880
2543.87,180.0,192.2,168.7,170.7,0.0000,0.0000,0.2080,0.6880
2544.88,180.0,192.1,168.6,170.7,0.0000,0.0000,0.2240,0.6880
2545.89,180.0,192.1,168.6,170.7,0.0000,0.0000,0.2240,0.6880
2546.90,180.0,192.1,168.6,170.7,0.0000,0.0000,0.2240,0.6880
2547.91,180.0,192.1,168.6,170.7,0.0000,0.0000,0.2240,0.6880
2548.92,180.0,192.1,168.6,170.7,0.0000,0.0000,0.2240,0.6880
2549.93,180.0,192.1,168.6,170.7,0.0000,0.0000,0.2240,0.6880
2550.94,180.0,192.1,168.5,170.7,0.0000,0.0000,0.2400,0.6880
2551.95,180.0,192.1,168.5,170.7,0.0000,0.0000,0.2400,0.6880
2552.96,180.0,192.0,168.5,170.7,0.0000,0.0000,0.2400,0.6880
2553.96,180.0,192.0,168.5,170.7,0.0000,0.0000,0.2400,0.6880
2554.97,180.0,192.0,168.5,170.7,0.0000,0.0000,0.2400,0.6880
2555.98,180.0,192.0,168.5,170.7,0.0000,0.0000,0.2400,0.6880
2556.99,180.0,192.0,168.4,170.7,0.0000,0.0000,0.2560,0.6880
2558.00,180.0,192.0,168.4,170.7,0.0000,0.0000,0.2560,0.6880
2559.01,180.0,192.0,168.4,170.7,0.0000,0.0000,0.2560,0.6880
2560.02,180.0,192.0,168.4,170.7,0.0000,0.0000,0.2560,0.6880
2561.03,180.0,192.0,168.4,170.7,0.0000,0.0000,0.2560,0.6880
2562.04,180.0,192.0,168.3,170.7,0.0000,0.0000,0.2720,0.6880
2563.05,180.1,191.9,168.3,170.7,0.0000,0.0000,0.2720,0.6880
2564.05,180.0,191.9,168.3,170.7,0.0000,0.0000,0.2720,0.6880
2565.06,180.0,191.9,168.3,170.7,0.0000,0.0000,0.2720,0.6880
2566.07,180.0,191.9,168.3,170.7,0.0000,0.0000,0.2720,0.6880
2567.08,180.0,191.9,168.3,170.7,0.0000,0.0000,0.2720,0.6880
2568.09,180.0,191.9,168.3,170.7,0.0000,0.0000,0.2720,0.6880
2569.10,180.0,191.9,168.3,170.7,0.0000,0.0000,0.2720,0.6880
2570.11,180.0,191.9,168.2,170.7,0.0000,0.0000,0.2880,0.6880
2571.12,180.0,191.9,168.2,170.7,0.0000,0.0000,0.2880,0.6880
2572.13,180.0,191.8,168.2,170.7,0.0000,0.0000,0.2880,0.6880
2573.14,180.0,191.9,168.2,170.7,0.0000,0.0000,0.2880,0.6880
2574.14,180.0,191.8,168.2,170.7,0.0000,0.0000,0.2880,0.6880
2575.15,180.0,191.8,168.2,170.7,0.0000,0.0000,0.2880,0.6880
2576.16,180.0,191.8,168.2,170.7,0.0000,0.0000,0.2880,0.6880
2577.17,180.0,191.8,168.2,170.7,0.0000,0.0000,0.2880,0.6880
2578.18,180.0,191.8,168.2,170.7,0.0000,0.0000,0.2880,0.6880
2579.19,180.0,191.8,168.2,170.7,0.0000,0.0000,0.2880,0.6880
2580.20,180.0,191.8,168.2,170.7,0.0000,0.0000,0.2880,0.6880
2581.21,180.0,191.7,168.1,170.7,0.0000,0.0000,0.3040,0.6880
2582.22,180.0,191.8,168.1,170.7,0.0000,0.0000,0.3040,0.6880
2583.23,180.0,191.7,168.1,170.7,0.0000,0.0000,0.3040,0.6880
2584.23,180.0,191.7,168.1,170.7,0.0000,0.0000,0.3040,0.6880
2585.24,180.0,191.7,168.1,170.7,0.0000,0.0000,0.3040,0.6880
2586.25,180.0,191.7,168.1,170.7,0.0000,0.0000,0.3040,0.6880
2587.26,180.0,191.7,168.1,170.7,0.0000,0.0000,0.3040,0.6880
2588.27,180.0,191.7,168.1,170.7,0.0000,0.0000,0.3040,0.6880
2589.28,180.0,191.7,168.1,170.7,0.0000,0.0000,0.3040,0.6880
2590.29,180.0,191.7,168.0,170.7,0.0000,0.0000,0.3200,0.6880
2591.30,180.0,191.7,168.1,170.7,0.0000,0.0000,0.3040,0.6880
2592.31,180.0,191.7,168.0,170.7,0.0000,0.0000,0.3200,0.6880
2593.31,180.0,191.6,168.0,170.7,0.0000,0.0000,0.3200,0.6880
2594.32,180.0,191.6,168.0,170.7,0.0000,0.0000,0.3200,0.6880
2595.33,180.0,191.6,168.0,170.7,0.0000,0.0000,0.3200,0.6880
2596.34,180.0,191.6,168.0,170.7,0.0000,0.0000,0.3200,0.6880
2597.35,180.0,191.6,168.0,170.7,0.0000,0.0000,0.3200,0.6880
2598.36,180.0,191.6,168.0,170.7,0.0000,0.0000,0.3200,0.6880
2599.37,180.0,191.6,168.0,170.7,0.0000,0.0000,0.3200,0.6880
2600.38,180.0,191.6,168.0,170.7,0.0000,0.0000,0.3200,0.6880
2601.39,180.0,191.6,168.0,170.7,0.0000,0.0000,0.3200,0.6880
2602.39,180.0,191.6,168.0,170.7,0.0000,0.0000,0.3200,0.6880
2603.40,180.0,191.5,168.0,170.7,0.0000,0.0000,0.3200,0.6880
2604.41,180.0,191.5,168.0,170.7,0.0000,0.0000,0.3200,0.6880
2605.42,180.0,191.5,168.0,170.7,0.0000,0.0000,0.3200,0.6880
2606.43,179.9,191.5,168.0,170.7,0.0160,0.0000,0.3200,0.6880
2607.44,179.9,191.5,168.0,170.7,0.0160,0.0000,0.3200,0.6880
2608.45,179.9,191.5,168.0,170.7,0.0160,0.0000,0.3200,0.6880
2609.46,179.9,191.5,168.0,170.7,0.0160,0.0000,0.3200,0.6880
2610.47,179.9,191.5,168.0,170.7,0.0160,0.0000,0.3200,0.6880
2611.48,179.9,191.5,168.0,170.7,0.0160,0.0000,0.3200,0.6880
2612.48,179.9,191.5,168.0,170.7,0.0160,0.0000,0.3200,0.6880
2613.49,179.9,191.5,168.0,170.7,0.0160,0.0000,0.3200,0.6880
2614.50,179.9,191.4,168.0,170.7,0.0160,0.0000,0.3200,0.6880
2615.51,179.9,191.4,168.0,170.7,0.0160,0.0000,0.3200,0.6880
2616.52,179.9,191.4,168.0,170.7,0.0160,0.0000,0.3200,0.6880
2617.53,179.9,191.4,168.0,170.7,0.0160,0.0000,0.3200,0.6880
2618.54,179.9,191.4,168.0,170.7,0.0160,0.0000,0.3200,0.6880
2619.55,179.9,191.4,168.0,170.7,0.0160,0.0000,0.3200,0.6880
2620.56,179.9,191.4,168.0,170.7,0.0160,0.0000,0.3200,0.6880
2621.57,179.9,191.4,168.0,170.7,0.0160,0.0000,0.3200,0.6880
2622.58,179.9,191.4,168.0,170.7,0.0160,0.0000,0.3200,0.6880
2623.58,179.9,191.4,168.0,170.7,0.0160,0.0000,0.3200,0.6880
2624.59,179.9,191.3,168.0,170.7,0.0160,0.0000,0.3200,0.6880
2625.60,179.9,191.3,168.0,170.7,0.0160,0.0000,0.3200,0.6880
2626.61,179.9,191.3,168.0,170.7,0.0160,0.0000,0.3200,0.6880
2627.62,179.8,191.3,168.0,170.6,0.0320,0.0000,0.3200,0.7040
2628.63,179.8,191.3,168.0,170.6,0.0320,0.0000,0.3200,0.7040
2629.64,179.9,191.3,168.0,170.7,0.0160,0.0000,0.3200,0.6880
2630.65,179.8,191.3,168.0,170.6,0.0320,0.0000,0.3200,0.7040
2631.66,179.8,191.3,168.0,170.6,0.0320,0.0000,0.3200,0.7040
2632.67,179.8,191.3,168.0,170.6,0.0320,0.0000,0.3200,0.7040
2633.68,179.9,191.2,168.0,170.6,0.0160,0.0000,0.3200,0.7040
2634.69,179.8,191.2,168.0,170.6,0.0320,0.0000,0.3200,0.7040
2635.70,179.8,191.2,168.0,170.6,0.0320,0.0000,0.3200,0.7040
2636.70,179.8,191.2,168.1,170.6,0.0320,0.0000,0.3040,0.7040
2637.71,179.8,191.2,168.1,170.6,0.0320,0.0000,0.3040,0.7040
2638.72,179.8,191.2,168.1,170.7,0.0320,0.0000,0.3040,0.6880
2639.73,179.8,191.2,168.1,170.6,0.0320,0.0000,0.3040,0.7040
2640.74,179.8,191.2,168.1,170.6,0.0320,0.0000,0.3040,0.7040
2641.75,179.8,191.2,168.1,170.6,0.0320,0.0000,0.3040,0.7040
2642.76,179.8,191.2,168.1,170.6,0.0320,0.0000,0.3040,0.7040
2643.77,179.8,191.1,168.1,170.6,0.0320,0.0000,0.3040,0.7040
2644.78,179.8,191.1,168.1,170.6,0.0320,0.0000,0.3040,0.7040
2645.79,179.8,191.1,168.1,170.6,0.0320,0.0000,0.3040,0.7040
2646.80,179.8,191.1,168.1,170.6,0.0320,0.0000,0.3040,0.7040
2647.81,179.8,191.1,168.2,170.6,0.0320,0.0000,0.2880,0.7040
2648.81,179.8,191.1,168.2,170.6,0.0320,0.0000,0.2880,0.7040
2649.82,179.8,191.1,168.2,170.6,0.0320,0.0000,0.2880,0.7040
2650.83,179.8,191.1,168.2,170.6,0.0320,0.0000,0.2880,0.7040
2651.84,179.8,191.1,168.2,170.6,0.0320,0.0000,0.2880,0.7040
2652.85,179.7,191.0,168.2,170.7,0.0480,0.0000,0.2880,0.6880
2653.86,179.8,191.0,168.2,170.7,0.0320,0.0000,0.2880,0.6880
2654.87,179.7,191.0,168.2,170.7,0.0480,0.0000,0.2880,0.6880
2655.88,179.7,191.0,168.2,170.6,0.0480,0.0000,0.2880,0.7040
2656.89,179.8,191.0,168.2,170.6,0.0320,0.0000,0.2880,0.7040
2657.90,179.7,191.0,168.2,170.7,0.0480,0.0000,0.2880,0.6880
2658.91,179.7,191.0,168.3,170.6,0.0480,0.0000,0.2720,0.7040
2659.92,179.7,191.0,168.3,170.7,0.0480,0.0000,0.2720,0.6880
2660.93,179.7,191.0,168.3,170.7,0.0480,0.0000,0.2720,0.6880
2661.93,179.7,191.0,168.3,170.7,0.0480,0.0000,0.2720,0.6880
2662.94,179.7,191.0,168.3,170.7,0.0480,0.0000,0.2720,0.6880
2663.95,179.7,190.9,168.3,170.7,0.0480,0.0000,0.2720,0.6880
2664.96,179.7,190.9,168.3,170.7,0.0480,0.0000,0.2720,0.6880
2665.97,179.7,190.9,168.4,170.7,0.0480,0.0000,0.2560,0.6880
2666.98,179.7,190.9,168.4,170.7,0.0480,0.0000,0.2560,0.6880
2667.99,179.7,190.9,168.4,170.7,0.0480,0.0000,0.2560,0.6880
2669.00,179.7,190.9,168.4,170.7,0.0480,0.0000,0.2560,0.6880
2670.01,179.7,190.9,168.4,170.7,0.0480,0.0000,0.2560,0.6880
2671.02,179.7,190.9,168.4,170.7,0.0480,0.0000,0.2560,0.6880
2672.03,179.7,190.9,168.4,170.7,0.0480,0.0000,0.2560,0.6880
2673.04,179.7,190.9,168.5,170.7,0.0480,0.0000,0.2400,0.6880
2674.05,179.7,190.8,168.5,170.7,0.0480,0.0000,0.2400,0.6880
2675.05,179.7,190.8,168.5,170.7,0.0480,0.0000,0.2400,0.6880
2676.06,179.7,190.8,168.5,170.7,0.0480,0.0000,0.2400,0.6880
2677.07,179.7,190.8,168.5,170.7,0.0480,0.0000,0.2400,0.6880
2678.08,179.7,190.8,168.5,170.7,0.0480,0.0000,0.2400,0.6880
2679.09,179.7,190.8,168.5,170.7,0.0480,0.0000,0.2400,0.6880
2680.10,179.7,190.8,168.6,170.7,0.0480,0.0000,0.2240,0.6880
2681.11,179.7,190.8,168.6,170.7,0.0480,0.0000,0.2240,0.6880
2682.12,179.6,190.8,168.6,170.7,0.0640,0.0000,0.2240,0.6880
2683.13,179.7,190.8,168.6,170.7,0.0480,0.0000,0.2240,0.6880
2684.14,179.6,190.7,168.6,170.7,0.0640,0.0000,0.2240,0.6880
2685.15,179.6,190.7,168.6,170.7,0.0640,0.0000,0.2240,0.6880
2686.15,179.6,190.7,168.6,170.7,0.0640,0.0000,0.2240,0.6880
2687.16,179.7,190.7,168.7,170.7,0.0480,0.0000,0.2080,0.6880
2688.17,179.7,190.7,168.7,170.7,0.0480,0.0000,0.2080,0.6880
2689.18,179.6,190.7,168.7,170.7,0.0640,0.0000,0.2080,0.6880
2690.19,179.6,190.7,168.7,170.7,0.0640,0.0000,0.2080,0.6880
2691.20,179.6,190.7,168.8,170.7,0.0640,0.0000,0.1920,0.6880
2692.21,179.6,190.7,168.7,170.7,0.0640,0.0000,0.2080,0.6880
2693.22,179.6,190.7,168.7,170.7,0.0640,0.0000,0.2080,0.6880
2694.23,179.6,190.7,168.8,170.7,0.0640,0.0000,0.1920,0.6880
2695.24,179.6,190.7,168.8,170.7,0.0640,0.0000,0.1920,0.6880
2696.25,179.6,190.6,168.8,170.7,0.0640,0.0000,0.1920,0.6880
2697.26,179.6,190.6,168.8,170.7,0.0640,0.0000,0.1920,0.6880
2698.27,179.6,190.6,168.8,170.7,0.0640,0.0000,0.1920,0.6880
2699.27,179.6,190.6,168.8,170.7,0.0640,0.0000,0.1920,0.6880
2700.28,179.6,190.6,168.9,170.7,0.0640,0.0000,0.1760,0.6880
2701.29,179.6,190.6,168.9,170.7,0.0640,0.0000,0.1760,0.6880
2702.30,179.6,190.6,168.9,170.7,0.0640,0.0000,0.1760,0.6880
2703.31,179.6,190.6,168.9,170.7,0.0640,0.0000,0.1760,0.6880
2704.32,179.6,190.5,168.9,170.7,0.0640,0.0000,0.1760,0.6880
2705.33,179.6,190.5,168.9,170.7,0.0640,0.0000,0.1760,0.6880
2706.34,179.6,190.5,168.9,170.7,0.0640,0.0000,0.1760,0.6880
2707.35,179.6,190.5,169.0,170.7,0.0640,0.0000,0.1600,0.6880
2708.36,179.6,190.5,169.0,170.7,0.0640,0.0000,0.1600,0.6880
2709.37,179.6,190.5,169.0,170.7,0.0640,0.0000,0.1600,0.6880
2710.38,179.6,190.5,169.0,170.7,0.0640,0.0000,0.1600,0.6880
2711.39,179.6,190.5,169.0,170.7,0.0640,0.0000,0.1600,0.6880
2712.39,179.6,190.5,169.0,170.7,0.0640,0.0000,0.1600,0.6880
2713.40,179.6,190.5,169.1,170.7,0.0640,0.0000,0.1440,0.6880
2714.41,179.6,190.5,169.1,170.7,0.0640,0.0000,0.1440,0.6880
2715.42,179.6,190.5,169.1,170.7,0.0640,0.0000,0.1440,0.6880
2716.43,179.6,190.4,169.1,170.7,0.0640,0.0000,0.1440,0.6880
2717.44,179.6,190.4,169.1,170.7,0.0640,0.0000,0.1440,0.6880
2718.45,179.6,190.4,169.1,170.7,0.0640,0.0000,0.1440,0.6880
2719.46,179.6,190.4,169.1,170.7,0.0640,0.0000,0.1440,0.6880
2720.47,179.6,190.4,169.1,170.7,0.0640,0.0000,0.1440,0.6880
2721.48,179.6,190.4,169.1,170.7,0.0640,0.0000,0.1440,0.6880
2722.49,179.6,190.4,169.2,170.7,0.0640,0.0000,0.1280,0.6880
2723.50,179.6,190.4,169.2,170.7,0.0640,0.0000,0.1280,0.6880
2724.50,179.6,190.4,169.2,170.7,0.0640,0.0000,0.1280,0.6880
2725.51,179.6,190.4,169.2,170.7,0.0640,0.0000,0.1280,0.6880
2726.52,179.6,190.3,169.2,170.7,0.0640,0.0000,0.1280,0.6880
2727.53,179.6,190.3,169.2,170.7,0.0640,0.0000,0.1280,0.6880
2728.54,179.6,190.3,169.2,170.7,0.0640,0.0000,0.1280,0.6880
2729.55,179.6,190.3,169.3,170.7,0.0640,0.0000,0.1120,0.6880
2730.56,179.6,190.3,169.3,170.7,0.0640,0.0000,0.1120,0.6880
2731.57,179.6,190.3,169.3,170.7,0.0640,0.0000,0.1120,0.6880
2732.58,179.6,190.3,169.3,170.7,0.0640,0.0000,0.1120,0.6880
2733.59,179.6,190.3,169.3,170.7,0.0640,0.0000,0.1120,0.6880
2734.60,179.6,190.3,169.3,170.7,0.0640,0.0000,0.1120,0.6880
2735.61,179.6,190.3,169.3,170.7,0.0640,0.0000,0.1120,0.6880
2736.62,179.6,190.3,169.3,170.7,0.0640,0.0000,0.1120,0.6880
2737.62,179.6,190.3,169.3,170.7,0.0640,0.0000,0.1120,0.6880
2738.63,179.6,190.2,169.3,170.7,0.0640,0.0000,0.1120,0.6880
2739.64,179.6,190.3,169.3,170.7,0.0640,0.0000,0.1120,0.6880
2740.65,179.6,190.3,169.4,170.7,0.0640,0.0000,0.0960,0.6880
2741.66,179.6,190.2,169.4,170.7,0.0640,0.0000,0.0960,0.6880
2742.67,179.6,190.2,169.4,170.7,0.0640,0.0000,0.0960,0.6880
2743.68,179.6,190.2,169.4,170.7,0.0640,0.0000,0.0960,0.6880
2744.69,179.6,190.2,169.4,170.7,0.0640,0.0000,0.0960,0.6880
2745.70,179.6,190.2,169.4,170.7,0.0640,0.0000,0.0960,0.6880
2746.71,179.6,190.2,169.4,170.7,0.0640,0.0000,0.0960,0.6880
2747.72,179.6,190.2,169.4,170.7,0.0640,0.0000,0.0960,0.6880
2748.73,179.6,190.2,169.4,170.7,0.0640,0.0000,0.0960,0.6880
2749.74,179.6,190.2,169.4,170.7,0.0640,0.0000,0.0960,0.6880
2750.74,179.6,190.1,169.4,170.7,0.0640,0.0000,0.0960,0.6880
2751.75,179.6,190.1,169.4,170.7,0.0640,0.0000,0.0960,0.6880
2752.76,179.6,190.1,169.4,170.7,0.0640,0.0000,0.0960,0.6880
2753.77,179.6,190.1,169.4,170.7,0.0640,0.0000,0.0960,0.6880
2754.78,179.6,190.1,169.5,170.7,0.0640,0.0000,0.0800,0.6880
2755.79,179.6,190.1,169.5,170.7,0.0640,0.0000,0.0800,0.6880
2756.80,179.6,190.1,169.5,170.7,0.0640,0.0000,0.0800,0.6880
2757.81,179.7,190.1,169.4,170.7,0.0480,0.0000,0.0960,0.6880
2758.82,179.7,190.1,169.5,170.8,0.0480,0.0000,0.0800,0.6720
2759.83,179.7,190.1,169.5,170.7,0.0480,0.0000,0.0800,0.6880
2760.84,179.6,190.1,169.5,170.7,0.0640,0.0000,0.0800,0.6880
2761.84,179.7,190.0,169.5,170.8,0.0480,0.0000,0.0800,0.6720
2762.85,179.6,190.0,169.5,170.8,0.0640,0.0000,0.0800,0.6720
2763.86,179.7,190.0,169.5,170.8,0.0480,0.0000,0.0800,0.6720
2764.87,179.7,190.0,169.5,170.8,0.0480,0.0000,0.0800,0.6720
2765.88,179.7,190.0,169.5,170.8,0.0480,0.0000,0.0800,0.6720
2766.89,179.7,190.0,169.5,170.8,0.0480,0.0000,0.0800,0.6720
2767.90,179.7,190.0,169.5,170.8,0.0480,0.0000,0.0800,0.6720
2768.91,179.7,190.0,169.5,170.8,0.0480,0.0000,0.0800,0.6720
2769.92,179.7,190.0,169.5,170.8,0.0480,0.0000,0.0800,0.6720
2770.93,179.7,190.0,169.5,170.8,0.0480,0.0000,0.0800,0.6720
2771.94,179.7,190.0,169.5,170.8,0.0480,0.0000,0.0800,0.6720
2772.95,179.7,189.9,169.5,170.8,0.0480,0.0000,0.0800,0.6720
2773.96,179.7,189.9,169.5,170.8,0.0480,0.0000,0.0800,0.6720
2774.96,179.7,189.9,169.5,170.8,0.0480,0.0000,0.0800,0.6720
2775.97,179.7,189.9,169.5,170.8,0.0480,0.0000,0.0800,0.6720
2776.98,179.7,189.9,169.5,170.8,0.0480,0.0000,0.0800,0.6720
2777.99,179.7,189.9,169.5,170.8,0.0480,0.0000,0.0800,0.6720
2779.00,179.7,189.9,169.5,170.8,0.0480,0.0000,0.0800,0.6720
2780.01,179.7,189.9,169.5,170.8,0.0480,0.0000,0.0800,0.6720
2781.02,179.7,189.9,169.5,170.8,0.0480,0.0000,0.0800,0.6720
2782.03,179.7,189.9,169.5,170.8,0.0480,0.0000,0.0800,0.6720
2783.04,179.7,189.9,169.5,170.8,0.0480,0.0000,0.0800,0.6720
2784.05,179.7,189.9,169.5,170.8,0.0480,0.0000,0.0800,0.6720
2785.06,179.7,189.8,169.5,170.8,0.0480,0.0000,0.0800,0.6720
2786.07,179.7,189.8,169.5,170.8,0.0480,0.0000,0.0800,0.6720
2787.08,179.7,189.8,169.4,170.9,0.0480,0.0000,0.0960,0.6560
2788.08,179.7,189.8,169.4,170.9,0.0480,0.0000,0.0960,0.6560
2789.09,179.8,189.8,169.4,170.8,0.0320,0.0000,0.0960,0.6720
2790.10,179.8,189.8,169.4,170.9,0.0320,0.0000,0.0960,0.6560
2791.11,179.8,189.8,169.4,170.9,0.0320,0.0000,0.0960,0.6560
2792.12,179.8,189.8,169.4,170.9,0.0320,0.0000,0.0960,0.6560
2793.13,179.8,189.8,169.4,170.9,0.0320,0.0000,0.0960,0.6560
2794.14,179.8,189.8,169.4,170.9,0.0320,0.0000,0.0960,0.6560
2795.15,179.8,189.7,169.4,170.9,0.0320,0.0000,0.0960,0.6560
2796.16,179.8,189.7,169.4,170.9,0.0320,0.0000,0.0960,0.6560
2797.17,179.8,189.7,169.4,170.9,0.0320,0.0000,0.0960,0.6560
2798.18,179.8,189.7,169.4,170.9,0.0320,0.0000,0.0960,0.6560
2799.19,179.8,189.7,169.4,170.9,0.0320,0.0000,0.0960,0.6560
2800.19,179.8,189.7,169.4,170.9,0.0320,0.0000,0.0960,0.6560
2801.20,179.8,189.7,169.3,170.9,0.0320,0.0000,0.1120,0.6560
2802.21,179.8,189.7,169.3,170.9,0.0320,0.0000,0.1120,0.6560
2803.22,179.8,189.7,169.3,170.9,0.0320,0.0000,0.1120,0.6560
2804.23,179.8,189.7,169.3,170.9,0.0320,0.0000,0.1120,0.6560
2805.24,179.8,189.7,169.3,170.9,0.0320,0.0000,0.1120,0.6560
2806.25,179.8,189.7,169.3,170.9,0.0320,0.0000,0.1120,0.6560
2807.26,179.8,189.6,169.3,170.9,0.0320,0.0000,0.1120,0.6560
2808.27,179.8,189.6,169.3,170.9,0.0320,0.0000,0.1120,0.6560
2809.28,179.8,189.6,169.3,170.9,0.0320,0.0000,0.1120,0.6560
2810.29,179.8,189.6,169.2,170.9,0.0320,0.0000,0.1280,0.6560
2811.30,179.8,189.6,169.2,170.9,0.0320,0.0000,0.1280,0.6560
2812.30,179.8,189.6,169.2,170.9,0.0320,0.0000,0.1280,0.6560
2813.31,179.9,189.6,169.2,170.9,0.0160,0.0000,0.1280,0.6560
2814.32,179.8,189.6,169.2,170.9,0.0320,0.0000,0.1280,0.6560
2815.33,179.9,189.6,169.3,170.9,0.0160,0.0000,0.1120,0.6560
2816.34,179.9,189.6,169.2,170.9,0.0160,0.0000,0.1280,0.6560
2817.35,179.9,189.6,169.2,170.9,0.0160,0.0000,0.1280,0.6560
2818.36,179.9,189.5,169.2,170.9,0.0160,0.0000,0.1280,0.6560
2819.37,179.9,189.6,169.1,170.9,0.0160,0.0000,0.1440,0.6560
2820.38,179.9,189.5,169.1,170.9,0.0160,0.0000,0.1440,0.6560
2821.39,179.9,189.5,169.1,170.9,0.0160,0.0000,0.1440,0.6560
2822.40,179.9,189.5,169.1,170.9,0.0160,0.0000,0.1440,0.6560
2823.41,179.9,189.5,169.1,170.9,0.0160,0.0000,0.1440,0.6560
2824.42,179.9,189.5,169.1,171.0,0.0160,0.0000,0.1440,0.6400
2825.42,179.9,189.5,169.1,171.0,0.0160,0.0000,0.1440,0.6400
2826.43,179.9,189.5,169.1,171.0,0.0160,0.0000,0.1440,0.6400
2827.44,179.9,189.5,169.1,171.0,0.0160,0.0000,0.1440,0.6400
2828.45,179.9,189.5,169.1,171.0,0.0160,0.0000,0.1440,0.6400
2829.46,179.9,189.5,169.0,171.0,0.0160,0.0000,0.1600,0.6400
2830.47,179.9,189.5,169.0,171.0,0.0160,0.0000,0.1600,0.6400
2831.48,179.9,189.5,169.0,171.0,0.0160,0.0000,0.1600,0.6400
2832.49,179.9,189.4,169.0,171.0,0.0160,0.0000,0.1600,0.6400
2833.50,179.9,189.4,169.0,171.0,0.0160,0.0000,0.1600,0.6400
2834.51,179.9,189.4,169.0,171.0,0.0160,0.0000,0.1600,0.6400
2835.52,179.9,189.4,168.9,171.0,0.0160,0.0000,0.1760,0.6400
2836.53,179.9,189.4,168.9,171.0,0.0160,0.0000,0.1760,0.6400
2837.53,179.9,189.4,168.9,171.0,0.0160,0.0000,0.1760,0.6400
2838.54,179.9,189.4,168.9,171.0,0.0160,0.0000,0.1760,0.6400
2839.55,179.9,189.4,168.9,171.0,0.0160,0.0000,0.1760,0.6400
2840.56,179.9,189.4,168.9,171.0,0.0160,0.0000,0.1760,0.6400
2841.57,179.9,189.4,168.9,171.0,0.0160,0.0000,0.1760,0.6400
2842.58,179.9,189.4,168.9,171.0,0.0160,0.0000,0.1760,0.6400
2843.59,179.9,189.4,168.8,171.0,0.0160,0.0000,0.1920,0.6400
2844.60,179.9,189.3,168.8,171.0,0.0160,0.0000,0.1920,0.6400
2845.61,179.9,189.3,168.8,171.0,0.0160,0.0000,0.1920,0.6400
2846.62,180.0,189.3,168.8,171.1,0.0000,0.0000,0.1920,0.6240
2847.63,179.9,189.3,168.8,171.0,0.0160,0.0000,0.1920,0.6400
2848.64,180.0,189.3,168.8,171.1,0.0000,0.0000,0.1920,0.6240
2849.65,179.9,189.3,168.8,171.1,0.0160,0.0000,0.1920,0.6240
2850.65,179.9,189.3,168.7,171.1,0.0160,0.0000,0.2080,0.6240
2851.66,179.9,189.3,168.7,171.1,0.0160,0.0000,0.2080,0.6240
2852.67,180.0,189.3,168.7,171.1,0.0000,0.0000,0.2080,0.6240
2853.68,180.0,189.3,168.7,171.1,0.0000,0.0000,0.2080,0.6240
2854.69,180.0,189.3,168.7,171.1,0.0000,0.0000,0.2080,0.6240
2855.70,180.0,189.3,168.7,171.1,0.0000,0.0000,0.2080,0.6240
2856.71,180.0,189.2,168.7,171.1,0.0000,0.0000,0.2080,0.6240
2857.72,180.0,189.2,168.7,171.1,0.0000,0.0000,0.2080,0.6240
2858.73,180.0,189.2,168.7,171.1,0.0000,0.0000,0.2080,0.6240
2859.74,180.0,189.2,168.6,171.1,0.0000,0.0000,0.2240,0.6240
2860.75,180.0,189.2,168.6,171.1,0.0000,0.0000,0.2240,0.6240
2861.75,180.0,189.2,168.6,171.1,0.0000,0.0000,0.2240,0.6240
2862.76,180.0,189.2,168.6,171.1,0.0000,0.0000,0.2240,0.6240
2863.77,180.0,189.2,168.5,171.1,0.0000,0.0000,0.2400,0.6240
2864.78,180.0,189.2,168.6,171.1,0.0000,0.0000,0.2240,0.6240
2865.79,180.0,189.2,168.6,171.1,0.0000,0.0000,0.2240,0.6240
2866.80,180.0,189.2,168.5,171.1,0.0000,0.0000,0.2400,0.6240
2867.81,180.0,189.2,168.5,171.1,0.0000,0.0000,0.2400,0.6240
2868.82,180.0,189.2,168.5,171.1,0.0000,0.0000,0.2400,0.6240
2869.83,180.0,189.1,168.5,171.1,0.0000,0.0000,0.2400,0.6240
2870.84,180.0,189.1,168.5,171.1,0.0000,0.0000,0.2400,0.6240
2871.85,180.0,189.1,168.5,171.1,0.0000,0.0000,0.2400,0.6240
2872.86,180.0,189.1,168.5,171.1,0.0000,0.0000,0.2400,0.6240
2873.87,180.0,189.1,168.5,171.2,0.0000,0.0000,0.2400,0.6080
2874.88,180.0,189.1,168.5,171.1,0.0000,0.0000,0.2400,0.6240
2875.88,180.0,189.1,168.4,171.2,0.0000,0.0000,0.2560,0.6080
2876.89,180.0,189.1,168.4,171.2,0.0000,0.0000,0.2560,0.6080
2877.90,180.0,189.1,168.4,171.1,0.0000,0.0000,0.2560,0.6240
2878.91,180.0,189.1,168.5,171.2,0.0000,0.0000,0.2400,0.6080
2879.92,180.0,189.1,168.4,171.2,0.0000,0.0000,0.2560,0.6080
2880.93,180.0,189.1,168.4,171.2,0.0000,0.0000,0.2560,0.6080
2881.94,180.0,189.0,168.4,171.2,0.0000,0.0000,0.2560,0.6080
2882.95,180.0,189.0,168.4,171.2,0.0000,0.0000,0.2560,0.6080
2883.96,180.0,189.0,168.4,171.2,0.0000,0.0000,0.2560,0.6080
2884.97,180.0,189.0,168.3,171.2,0.0000,0.0000,0.2720,0.6080
2885.98,180.0,189.0,168.3,171.2,0.0000,0.0000,0.2720,0.6080
2886.99,180.0,189.0,168.3,171.2,0.0000,0.0000,0.2720,0.6080
2887.99,180.0,189.0,168.3,171.2,0.0000,0.0000,0.2720,0.6080
2889.00,180.0,189.0,168.3,171.2,0.0000,0.0000,0.2720,0.6080
2890.01,180.0,189.0,168.3,171.2,0.0000,0.0000,0.2720,0.6080
2891.02,180.0,189.0,168.3,171.2,0.0000,0.0000,0.2720,0.6080
2892.03,180.0,189.0,168.3,171.2,0.0000,0.0000,0.2720,0.6080
2893.04,180.0,189.0,168.3,171.2,0.0000,0.0000,0.2720,0.6080
2894.05,180.0,188.9,168.3,171.2,0.0000,0.0000,0.2720,0.6080
2895.06,180.0,188.9,168.3,171.2,0.0000,0.0000,0.2720,0.6080
2896.07,180.0,188.9,168.3,171.2,0.0000,0.0000,0.2720,0.6080
2897.08,180.0,188.9,168.2,171.2,0.0000,0.0000,0.2880,0.6080
2898.09,180.0,188.9,168.2,171.2,0.0000,0.0000,0.2880,0.6080
2899.09,180.0,188.9,168.2,171.2,0.0000,0.0000,0.2880,0.6080
2900.10,180.0,188.9,168.2,171.2,0.0000,0.0000,0.2880,0.6080
2901.11,180.0,188.9,168.2,171.2,0.0000,0.0000,0.2880,0.6080
2902.12,180.0,188.9,168.2,171.2,0.0000,0.0000,0.2880,0.6080
2903.13,180.0,188.9,168.2,171.2,0.0000,0.0000,0.2880,0.6080
2904.14,179.9,188.9,168.2,171.2,0.0160,0.0000,0.2880,0.6080
2905.15,179.9,188.9,168.2,171.2,0.0160,0.0000,0.2880,0.6080
2906.16,179.9,188.9,168.2,171.2,0.0160,0.0000,0.2880,0.6080
2907.17,179.9,188.8,168.2,171.2,0.0160,0.0000,0.2880,0.6080
2908.18,179.9,188.8,168.2,171.2,0.0160,0.0000,0.2880,0.6080
2909.19,179.9,188.8,168.2,171.2,0.0160,0.0000,0.2880,0.6080
2910.20,179.9,188.8,168.2,171.2,0.0160,0.0000,0.2880,0.6080
2911.21,179.9,188.8,168.2,171.2,0.0160,0.0000,0.2880,0.6080
2912.22,179.9,188.8,168.2,171.2,0.0160,0.0000,0.2880,0.6080
2913.22,179.9,188.8,168.2,171.2,0.0160,0.0000,0.2880,0.6080
2914.23,179.9,188.8,168.2,171.2,0.0160,0.0000,0.2880,0.6080
2915.24,179.9,188.8,168.2,171.2,0.0160,0.0000,0.2880,0.6080
2916.25,179.9,188.8,168.2,171.2,0.0160,0.0000,0.2880,0.6080
2917.26,179.9,188.8,168.2,171.2,0.0160,0.0000,0.2880,0.6080
2918.27,179.9,188.7,168.2,171.2,0.0160,0.0000,0.2880,0.6080
2919.28,179.9,188.7,168.2,171.2,0.0160,0.0000,0.2880,0.6080
2920.29,179.9,188.7,168.2,171.2,0.0160,0.0000,0.2880,0.6080
2921.30,179.9,188.7,168.2,171.2,0.0160,0.0000,0.2880,0.6080
2922.31,179.9,188.7,168.2,171.2,0.0160,0.0000,0.2880,0.6080
2923.32,179.9,188.7,168.2,171.2,0.0160,0.0000,0.2880,0.6080
2924.33,179.9,188.7,168.2,171.2,0.0160,0.0000,0.2880,0.6080
2925.34,179.9,188.7,168.1,171.2,0.0160,0.0000,0.3040,0.6080
2926.34,179.9,188.7,168.2,171.2,0.0160,0.0000,0.2880,0.6080
2927.35,179.9,188.7,168.2,171.2,0.0160,0.0000,0.2880,0.6080
2928.36,179.9,188.7,168.2,171.2,0.0160,0.0000,0.2880,0.6080
2929.37,179.9,188.7,168.2,171.2,0.0160,0.0000,0.2880,0.6080
2930.38,179.8,188.7,168.2,171.2,0.0320,0.0000,0.2880,0.6080
2931.39,179.9,188.7,168.2,171.2,0.0160,0.0000,0.2880,0.6080
2932.40,179.9,188.7,168.2,171.2,0.0160,0.0000,0.2880,0.6080
2933.41,179.9,188.6,168.2,171.2,0.0160,0.0000,0.2880,0.6080
2934.42,179.9,188.6,168.2,171.2,0.0160,0.0000,0.2880,0.6080
2935.43,179.8,188.6,168.2,171.2,0.0320,0.0000,0.2880,0.6080
2936.43,179.8,188.6,168.2,171.2,0.0320,0.0000,0.2880,0.6080
2937.44,179.8,188.6,168.2,171.2,0.0320,0.0000,0.2880,0.6080
2938.45,179.8,188.6,168.2,171.2,0.0320,0.0000,0.2880,0.6080
2939.46,179.8,188.6,168.2,171.2,0.0320,0.0000,0.2880,0.6080
2940.47,179.8,188.6,168.2,171.2,0.0320,0.0000,0.2880,0.6080
2941.48,179.8,188.6,168.2,171.2,0.0320,0.0000,0.2880,0.6080
2942.49,179.8,188.6,168.2,171.2,0.0320,0.0000,0.2880,0.6080
2943.50,179.8,188.6,168.2,171.2,0.0320,0.0000,0.2880,0.6080
2944.51,179.8,188.5,168.2,171.2,0.0320,0.0000,0.2880,0.6080
2945.52,179.8,188.5,168.2,171.2,0.0320,0.0000,0.2880,0.6080
2946.52,179.8,188.5,168.2,171.2,0.0320,0.0000,0.2880,0.6080
2947.53,179.8,188.5,168.2,171.2,0.0320,0.0000,0.2880,0.6080
2948.54,179.8,188.5,168.2,171.2,0.0320,0.0000,0.2880,0.6080
2949.55,179.8,188.5,168.2,171.2,0.0320,0.0000,0.2880,0.6080
2950.56,179.8,188.5,168.2,171.2,0.0320,0.0000,0.2880,0.6080
2951.57,179.8,188.5,168.2,171.2,0.0320,0.0000,0.2880,0.6080
2952.58,179.8,188.5,168.2,171.2,0.0320,0.0000,0.2880,0.6080
2953.59,179.8,188.5,168.2,171.2,0.0320,0.0000,0.2880,0.6080
2954.60,179.8,188.5,168.2,171.2,0.0320,0.0000,0.2880,0.6080
2955.61,179.8,188.5,168.2,171.2,0.0320,0.0000,0.2880,0.6080
2956.62,179.8,188.5,168.2,171.2,0.0320,0.0000,0.2880,0.6080
2957.62,179.8,188.4,168.3,171.2,0.0320,0.0000,0.2720,0.6080
2958.63,179.8,188.4,168.3,171.2,0.0320,0.0000,0.2720,0.6080
2959.64,179.8,188.5,168.3,171.2,0.0320,0.0000,0.2720,0.6080
2960.65,179.8,188.4,168.3,171.2,0.0320,0.0000,0.2720,0.6080
2961.66,179.8,188.4,168.3,171.2,0.0320,0.0000,0.2720,0.6080
2962.67,179.8,188.4,168.3,171.2,0.0320,0.0000,0.2720,0.6080
2963.68,179.8,188.4,168.3,171.2,0.0320,0.0000,0.2720,0.6080
2964.69,179.8,188.4,168.3,171.2,0.0320,0.0000,0.2720,0.6080
2965.70,179.8,188.4,168.3,171.2,0.0320,0.0000,0.2720,0.6080
2966.71,179.8,188.4,168.3,171.2,0.0320,0.0000,0.2720,0.6080
2967.71,179.8,188.4,168.3,171.2,0.0320,0.0000,0.2720,0.6080
2968.72,179.8,188.4,168.3,171.2,0.0320,0.0000,0.2720,0.6080
2969.73,179.8,188.4,168.3,171.2,0.0320,0.0000,0.2720,0.6080
2970.74,179.8,188.4,168.3,171.2,0.0320,0.0000,0.2720,0.6080
2971.75,179.8,188.4,168.3,171.2,0.0320,0.0000,0.2720,0.6080
2972.76,179.8,188.4,168.4,171.2,0.0320,0.0000,0.2560,0.6080
2973.77,179.8,188.4,168.4,171.2,0.0320,0.0000,0.2560,0.6080
2974.78,179.8,188.4,168.4,171.2,0.0320,0.0000,0.2560,0.6080
2975.79,179.8,188.3,168.4,171.2,0.0320,0.0000,0.2560,0.6080
2976.80,179.8,188.4,168.4,171.2,0.0320,0.0000,0.2560,0.6080
2977.80,179.9,188.3,168.4,171.2,0.0160,0.0000,0.2560,0.6080
2978.81,179.8,188.3,168.4,171.2,0.0320,0.0000,0.2560,0.6080
2979.82,179.8,188.3,168.4,171.2,0.0320,0.0000,0.2560,0.6080
2980.83,179.9,188.3,168.4,171.2,0.0160,0.0000,0.2560,0.6080
2981.84,179.8,188.3,168.4,171.2,0.0320,0.0000,0.2560,0.6080
2982.85,179.9,188.3,168.5,171.2,0.0160,0.0000,0.2400,0.6080
2983.86,179.8,188.3,168.5,171.2,0.0320,0.0000,0.2400,0.6080
2984.87,179.9,188.3,168.5,171.2,0.0160,0.0000,0.2400,0.6080
2985.88,179.9,188.3,168.5,171.2,0.0160,0.0000,0.2400,0.6080
2986.89,179.9,188.3,168.5,171.2,0.0160,0.0000,0.2400,0.6080
2987.89,179.9,188.3,168.5,171.2,0.0160,0.0000,0.2400,0.6080
2988.90,179.9,188.3,168.5,171.2,0.0160,0.0000,0.2400,0.6080
2989.91,179.9,188.3,168.5,171.2,0.0160,0.0000,0.2400,0.6080
2990.92,179.9,188.3,168.5,171.2,0.0160,0.0000,0.2400,0.6080
2991.93,179.9,188.3,168.5,171.2,0.0160,0.0000,0.2400,0.6080
2992.94,179.9,188.3,168.5,171.2,0.0160,0.0000,0.2400,0.6080
2993.95,180.0,188.3,168.5,171.2,0.0000,0.0000,0.2400,0.6080
2994.96,179.9,188.2,168.6,171.2,0.0160,0.0000,0.2240,0.6080
2995.97,179.9,188.3,168.6,171.2,0.0160,0.0000,0.2240,0.6080
2996.98,179.9,188.3,168.6,171.2,0.0160,0.0000,0.2240,0.6080
2997.98,180.0,188.2,168.6,171.2,0.0000,0.0000,0.2240,0.6080
2998.99,179.9,188.2,168.6,171.2,0.0160,0.0000,0.2240,0.6080
3000.00,180.0,188.2,168.6,171.2,0.0000,0.0000,0.2240,0.6080
3001.01,180.0,188.2,168.6,171.1,0.0000,0.0000,0.2240,0.6240
3002.02,180.0,188.2,168.6,171.2,0.0000,0.0000,0.2240,0.6080
3003.03,180.0,188.2,168.6,171.1,0.0000,0.0000,0.2240,0.6240
3004.04,180.0,188.2,168.6,171.1,0.0000,0.0000,0.2240,0.6240
3005.05,180.0,188.2,168.6,171.2,0.0000,0.0000,0.2240,0.6080
3006.06,180.0,188.2,168.6,171.1,0.0000,0.0000,0.2240,0.6240
3007.06,180.0,188.2,168.6,171.1,0.0000,0.0000,0.2240,0.6240
3008.07,180.0,188.2,168.6,171.1,0.0000,0.0000,0.2240,0.6240
3009.08,180.0,188.2,168.7,171.1,0.0000,0.0000,0.2080,0.6240
3010.09,180.0,188.2,168.7,171.1,0.0000,0.0000,0.2080,0.6240
3011.10,180.1,188.1,168.7,171.1,0.0000,0.0000,0.2080,0.6240
3012.11,180.1,188.2,168.7,171.1,0.0000,0.0000,0.2080,0.6240
3013.12,180.1,188.2,168.7,171.1,0.0000,0.0000,0.2080,0.6240
3014.13,180.1,188.2,168.7,171.1,0.0000,0.0000,0.2080,0.6240
3015.14,180.1,188.1,168.7,171.1,0.0000,0.0000,0.2080,0.6240
3016.14,180.1,188.1,168.7,171.1,0.0000,0.0000,0.2080,0.6240
3017.15,180.1,188.1,168.7,171.1,0.0000,0.0000,0.2080,0.6240
3018.16,180.1,188.1,168.7,171.1,0.0000,0.0000,0.2080,0.6240
3019.17,180.1,188.1,168.7,171.1,0.0000,0.0000,0.2080,0.6240
3020.18,180.1,188.1,168.7,171.1,0.0000,0.0000,0.2080,0.6240
3021.19,180.1,188.1,168.7,171.1,0.0000,0.0000,0.2080,0.6240
3022.20,180.1,188.1,168.7,171.1,0.0000,0.0000,0.2080,0.6240
3023.21,180.1,188.1,168.7,171.1,0.0000,0.0000,0.2080,0.6240
3024.22,180.2,188.0,168.7,171.1,0.0000,0.0000,0.2080,0.6240
3025.23,180.2,188.0,168.7,171.1,0.0000,0.0000,0.2080,0.6240
3026.23,180.2,188.0,168.7,171.1,0.0000,0.0000,0.2080,0.6240
3027.24,180.2,188.0,168.7,171.1,0.0000,0.0000,0.2080,0.6240
3028.25,180.2,188.0,168.7,171.1,0.0000,0.0000,0.2080,0.6240
3029.26,180.2,188.0,168.7,171.1,0.0000,0.0000,0.2080,0.6240
3030.27,180.2,188.0,168.8,171.1,0.0000,0.0000,0.1920,0.6240
3031.28,180.2,188.0,168.7,171.1,0.0000,0.0000,0.2080,0.6240
3032.29,180.2,188.0,168.8,171.1,0.0000,0.0000,0.1920,0.6240
3033.30,180.2,188.0,168.7,171.1,0.0000,0.0000,0.2080,0.6240
3034.31,180.3,188.0,168.8,171.1,0.0000,0.0000,0.1920,0.6240
3035.32,180.3,187.9,168.8,171.1,0.0000,0.0000,0.1920,0.6240
3036.33,180.3,187.9,168.8,171.1,0.0000,0.0000,0.1920,0.6240
3037.33,180.3,187.9,168.8,171.1,0.0000,0.0000,0.1920,0.6240
3038.34,180.3,187.9,168.8,171.1,0.0000,0.0000,0.1920,0.6240
3039.35,180.3,187.9,168.8,171.1,0.0000,0.0000,0.1920,0.6240
3040.36,180.3,187.9,168.7,171.1,0.0000,0.0000,0.2080,0.6240
3041.37,180.3,187.9,168.8,171.1,0.0000,0.0000,0.1920,0.6240
3042.38,180.3,187.9,168.8,171.1,0.0000,0.0000,0.1920,0.6240
3043.39,180.3,187.9,168.8,171.1,0.0000,0.0000,0.1920,0.6240
3044.40,180.3,187.9,168.8,171.1,0.0000,0.0000,0.1920,0.6240
3045.41,180.3,187.9,168.8,171.1,0.0000,0.0000,0.1920,0.6240
3046.42,180.3,187.8,168.8,171.1,0.0000,0.0000,0.1920,0.6240
3047.42,180.3,187.8,168.8,171.1,0.0000,0.0000,0.1920,0.6240
3048.43,180.4,187.8,168.8,171.1,0.0000,0.0000,0.1920,0.6240
3049.44,180.4,187.8,168.8,171.0,0.0000,0.0000,0.1920,0.6400
3050.45,180.4,187.8,168.8,171.0,0.0000,0.0000,0.1920,0.6400
3051.46,180.4,187.8,168.7,171.0,0.0000,0.0000,0.2080,0.6400
3052.47,180.4,187.8,168.8,171.0,0.0000,0.0000,0.1920,0.6400
3053.48,180.4,187.8,168.8,171.0,0.0000,0.0000,0.1920,0.6400
3054.49,180.4,187.8,168.8,171.0,0.0000,0.0000,0.1920,0.6400
3055.50,180.4,187.8,168.8,171.0,0.0000,0.0000,0.1920,0.6400
3056.51,180.4,187.7,168.8,171.0,0.0000,0.0000,0.1920,0.6400
3057.51,180.4,187.7,168.8,171.0,0.0000,0.0000,0.1920,0.6400
3058.52,180.4,187.7,168.8,171.0,0.0000,0.0000,0.1920,0.6400
3059.53,180.5,187.7,168.7,171.0,0.0000,0.0000,0.2080,0.6400
3060.54,180.5,187.7,168.8,171.0,0.0000,0.0000,0.1920,0.6400
3061.55,180.5,187.7,168.8,171.0,0.0000,0.0000,0.1920,0.6400
3062.56,180.5,187.7,168.8,171.0,0.0000,0.0000,0.1920,0.6400
3063.57,180.5,187.7,168.8,171.0,0.0000,0.0000,0.1920,0.6400
3064.58,180.5,187.7,168.8,171.0,0.0000,0.0000,0.1920,0.6400
3065.59,180.5,187.7,168.8,171.0,0.0000,0.0000,0.1920,0.6400
3066.60,180.5,187.7,168.8,171.0,0.0000,0.0000,0.1920,0.6400
3067.60,180.5,187.7,168.8,171.0,0.0000,0.0000,0.1920,0.6400
3068.61,180.5,187.6,168.8,171.0,0.0000,0.0000,0.1920,0.6400
3069.62,180.5,187.6,168.8,171.0,0.0000,0.0000,0.1920,0.6400
3070.63,180.5,187.6,168.8,171.0,0.0000,0.0000,0.1920,0.6400
3071.64,180.6,187.6,168.8,171.0,0.0000,0.0000,0.1920,0.6400
3072.65,180.6,187.6,168.7,171.0,0.0000,0.0000,0.2080,0.6400
3073.66,180.6,187.6,168.7,171.0,0.0000,0.0000,0.2080,0.6400
3074.67,180.6,187.6,168.7,171.0,0.0000,0.0000,0.2080,0.6400
3075.68,180.6,187.6,168.7,171.0,0.0000,0.0000,0.2080,0.6400
3076.68,180.6,187.6,168.7,171.0,0.0000,0.0000,0.2080,0.6400
3077.69,180.6,187.5,168.7,171.0,0.0000,0.0000,0.2080,0.6400
3078.70,180.6,187.5,168.7,171.0,0.0000,0.0000,0.2080,0.6400
3079.71,180.6,187.5,168.7,171.0,0.0000,0.0000,0.2080,0.6400
3080.72,180.6,187.5,168.7,171.0,0.0000,0.0000,0.2080,0.6400
3081.73,180.6,187.5,168.7,171.0,0.0000,0.0000,0.2080,0.6400
3082.74,180.6,187.5,168.7,171.0,0.0000,0.0000,0.2080,0.6400
3083.75,180.7,187.5,168.7,171.0,0.0000,0.0000,0.2080,0.6400
3084.76,180.7,187.5,168.7,171.0,0.0000,0.0000,0.2080,0.6400
3085.76,180.7,187.5,168.7,171.0,0.0000,0.0000,0.2080,0.6400
3086.77,180.7,187.5,168.7,171.0,0.0000,0.0000,0.2080,0.6400
3087.78,180.7,187.5,168.7,171.0,0.0000,0.0000,0.2080,0.6400
3088.79,180.7,187.4,168.7,171.0,0.0000,0.0000,0.2080,0.6400
3089.80,180.7,187.4,168.7,170.9,0.0000,0.0000,0.2080,0.6560
3090.81,180.7,187.4,168.7,171.0,0.0000,0.0000,0.2080,0.6400
3091.82,180.7,187.4,168.7,171.0,0.0000,0.0000,0.2080,0.6400
3092.83,180.7,187.4,168.7,171.0,0.0000,0.0000,0.2080,0.6400
3093.84,180.7,187.4,168.7,171.0,0.0000,0.0000,0.2080,0.6400
3094.85,180.7,187.4,168.7,171.0,0.0000,0.0000,0.2080,0.6400
3095.85,180.8,187.4,168.7,170.9,0.0000,0.0000,0.2080,0.6560
3096.86,180.8,187.4,168.7,170.9,0.0000,0.0000,0.2080,0.6560
3097.87,180.8,187.3,168.7,170.9,0.0000,0.0000,0.2080,0.6560
3098.88,180.8,187.3,168.7,170.9,0.0000,0.0000,0.2080,0.6560
3099.89,180.8,187.4,168.7,170.9,0.0000,0.0000,0.2080,0.6560
3100.90,180.8,187.3,168.6,170.9,0.0000,0.0000,0.2240,0.6560
3101.91,180.8,187.3,168.6,170.9,0.0000,0.0000,0.2240,0.6560
3102.92,180.8,187.3,168.6,170.9,0.0000,0.0000,0.2240,0.6560
3103.93,180.8,187.3,168.6,170.9,0.0000,0.0000,0.2240,0.6560
3104.94,180.8,187.3,168.6,170.9,0.0000,0.0000,0.2240,0.6560
3105.95,180.8,187.3,168.6,170.9,0.0000,0.0000,0.2240,0.6560
3106.95,180.8,187.3,168.6,170.9,0.0000,0.0000,0.2240,0.6560
3107.96,180.8,187.3,168.6,170.9,0.0000,0.0000,0.2240,0.6560
3108.97,180.9,187.3,168.6,170.9,0.0000,0.0000,0.2240,0.6560
3109.98,180.8,187.3,168.6,170.9,0.0000,0.0000,0.2240,0.6560
3110.99,180.8,187.2,168.6,170.9,0.0000,0.0000,0.2240,0.6560
3112.00,180.9,187.2,168.6,170.9,0.0000,0.0000,0.2240,0.6560
3113.01,180.9,187.2,168.6,170.9,0.0000,0.0000,0.2240,0.6560
3114.02,180.9,187.2,168.6,170.9,0.0000,0.0000,0.2240,0.6560
3115.03,180.9,187.2,168.6,170.9,0.0000,0.0000,0.2240,0.6560
3116.04,180.9,187.2,168.6,170.9,0.0000,0.0000,0.2240,0.6560
3117.04,180.9,187.2,168.5,170.9,0.0000,0.0000,0.2400,0.6560
3118.05,180.9,187.2,168.5,170.9,0.0000,0.0000,0.2400,0.6560
3119.06,180.9,187.2,168.6,170.9,0.0000,0.0000,0.2240,0.6560
3120.07,180.9,187.1,168.5,170.9,0.0000,0.0000,0.2400,0.6560
3121.08,180.9,187.1,168.5,170.9,0.0000,0.0000,0.2400,0.6560
3122.09,180.9,187.1,168.5,170.9,0.0000,0.0000,0.2400,0.6560
3123.10,180.9,187.1,168.5,170.9,0.0000,0.0000,0.2400,0.6560
3124.11,181.0,187.1,168.5,170.9,0.0000,0.0000,0.2400,0.6560
3125.12,181.0,187.1,168.6,170.9,0.0000,0.0000,0.2240,0.6560
3126.12,181.0,187.1,168.5,170.9,0.0000,0.0000,0.2400,0.6560
3127.13,181.0,187.1,168.5,170.9,0.0000,0.0000,0.2400,0.6560
3128.14,181.0,187.0,168.5,170.9,0.0000,0.0000,0.2400,0.6560
3129.15,181.0,187.0,168.5,170.9,0.0000,0.0000,0.2400,0.6560
3130.16,181.0,187.0,168.4,170.9,0.0000,0.0000,0.2560,0.6560
3131.17,181.0,187.0,168.5,170.9,0.0000,0.0000,0.2400,0.6560
3132.18,181.0,187.0,168.5,170.9,0.0000,0.0000,0.2400,0.6560
3133.19,181.0,187.0,168.5,170.9,0.0000,0.0000,0.2400,0.6560
3134.20,181.0,187.0,168.4,170.9,0.0000,0.0000,0.2560,0.6560
3135.21,181.0,187.0,168.4,170.9,0.0000,0.0000,0.2560,0.6560
3136.21,181.0,187.0,168.4,170.9,0.0000,0.0000,0.2560,0.6560
3137.22,181.0,187.0,168.4,170.9,0.0000,0.0000,0.2560,0.6560
3138.23,181.0,187.0,168.4,170.9,0.0000,0.0000,0.2560,0.6560
3139.24,181.0,187.0,168.4,170.9,0.0000,0.0000,0.2560,0.6560
3140.25,181.1,187.0,168.4,170.9,0.0000,0.0000,0.2560,0.6560
3141.26,181.1,186.9,168.4,170.9,0.0000,0.0000,0.2560,0.6560
3142.27,181.1,186.9,168.4,170.9,0.0000,0.0000,0.2560,0.6560
3143.28,181.1,186.9,168.4,170.9,0.0000,0.0000,0.2560,0.6560
3144.29,181.1,186.9,168.4,170.9,0.0000,0.0000,0.2560,0.6560
3145.30,181.1,186.9,168.4,170.9,0.0000,0.0000,0.2560,0.6560
3146.30,181.1,186.9,168.4,170.9,0.0000,0.0000,0.2560,0.6560
3147.31,181.1,186.9,168.4,170.9,0.0000,0.0000,0.2560,0.6560
3148.32,181.1,186.9,168.3,170.9,0.0000,0.0000,0.2720,0.6560
3149.33,181.1,186.9,168.4,170.9,0.0000,0.0000,0.2560,0.6560
3150.34,181.1,186.8,168.3,170.9,0.0000,0.0000,0.2720,0.6560
3151.35,181.1,186.8,168.3,170.9,0.0000,0.0000,0.2720,0.6560
3152.36,181.1,186.8,168.3,170.9,0.0000,0.0000,0.2720,0.6560
3153.37,181.1,186.8,168.3,170.9,0.0000,0.0000,0.2720,0.6560
3154.38,181.1,186.8,168.3,170.9,0.0000,0.0000,0.2720,0.6560
3155.39,181.2,186.8,168.3,170.9,0.0000,0.0000,0.2720,0.6560
3156.39,181.2,186.8,168.3,170.9,0.0000,0.0000,0.2720,0.6560
3157.40,181.2,186.8,168.3,170.9,0.0000,0.0000,0.2720,0.6560
3158.41,181.2,186.8,168.3,170.9,0.0000,0.0000,0.2720,0.6560
3159.42,181.2,186.8,168.3,170.9,0.0000,0.0000,0.2720,0.6560
3160.43,181.2,186.7,168.3,170.9,0.0000,0.0000,0.2720,0.6560
3161.44,181.2,186.7,168.3,170.9,0.0000,0.0000,0.2720,0.6560
3162.45,181.2,186.7,168.3,170.9,0.0000,0.0000,0.2720,0.6560
3163.46,181.2,186.7,168.3,170.9,0.0000,0.0000,0.2720,0.6560
3164.47,181.2,186.7,168.3,170.9,0.0000,0.0000,0.2720,0.6560
3165.47,181.2,186.7,168.3,170.9,0.0000,0.0000,0.2720,0.6560
3166.48,181.2,186.7,168.3,170.9,0.0000,0.0000,0.2720,0.6560
3167.49,181.2,186.7,168.3,170.9,0.0000,0.0000,0.2720,0.6560
3168.50,181.2,186.6,168.3,170.9,0.0000,0.0000,0.2720,0.6560
3169.51,181.2,186.6,168.2,170.9,0.0000,0.0000,0.2880,0.6560
3170.52,181.3,186.6,168.2,170.9,0.0000,0.0000,0.2880,0.6560
3171.53,181.3,186.6,168.2,170.9,0.0000,0.0000,0.2880,0.6560
3172.54,181.3,186.6,168.2,170.9,0.0000,0.0000,0.2880,0.6560
3173.55,181.2,186.6,168.2,170.9,0.0000,0.0000,0.2880,0.6560
3174.56,181.3,186.6,168.3,170.9,0.0000,0.0000,0.2720,0.6560
3175.56,181.3,186.6,168.2,170.9,0.0000,0.0000,0.2880,0.6560
3176.57,181.3,186.6,168.2,170.9,0.0000,0.0000,0.2880,0.6560
3177.58,181.3,186.6,168.2,170.9,0.0000,0.0000,0.2880,0.6560
3178.59,181.3,186.6,168.2,170.9,0.0000,0.0000,0.2880,0.6560
3179.60,181.3,186.6,168.2,170.9,0.0000,0.0000,0.2880,0.6560
3180.61,181.3,186.5,168.2,170.9,0.0000,0.0000,0.2880,0.6560
3181.62,181.3,186.5,168.2,170.9,0.0000,0.0000,0.2880,0.6560
3182.63,181.3,186.5,168.2,170.9,0.0000,0.0000,0.2880,0.6560
3183.64,181.3,186.5,168.2,170.9,0.0000,0.0000,0.2880,0.6560
3184.65,181.3,186.5,168.1,170.9,0.0000,0.0000,0.3040,0.6560
3185.65,181.3,186.5,168.2,170.9,0.0000,0.0000,0.2880,0.6560
3186.66,181.3,186.5,168.2,170.9,0.0000,0.0000,0.2880,0.6560
3187.67,181.3,186.4,168.2,170.9,0.0000,0.0000,0.2880,0.6560
3188.68,181.3,186.4,168.2,170.9,0.0000,0.0000,0.2880,0.6560
3189.69,181.3,186.4,168.1,170.9,0.0000,0.0000,0.3040,0.6560
3190.70,181.3,186.4,168.1,170.9,0.0000,0.0000,0.3040,0.6560
3191.71,181.3,186.4,168.1,170.9,0.0000,0.0000,0.3040,0.6560
3192.72,181.3,186.4,168.1,170.9,0.0000,0.0000,0.3040,0.6560
3193.73,181.3,186.4,168.1,170.9,0.0000,0.0000,0.3040,0.6560
3194.73,181.3,186.4,168.1,170.9,0.0000,0.0000,0.3040,0.6560
3195.74,181.3,186.3,168.1,170.9,0.0000,0.0000,0.3040,0.6560
3196.75,181.3,186.3,168.1,170.9,0.0000,0.0000,0.3040,0.6560
3197.76,181.3,186.3,168.1,170.9,0.0000,0.0000,0.3040,0.6560
3198.77,181.3,186.3,168.1,170.9,0.0000,0.0000,0.3040,0.6560
3199.78,181.3,186.3,168.1,170.9,0.0000,0.0000,0.3040,0.6560
3200.79,181.3,186.3,168.1,170.9,0.0000,0.0000,0.3040,0.6560
3201.80,181.3,186.3,168.1,170.9,0.0000,0.0000,0.3040,0.6560
3202.80,181.3,186.3,168.1,170.9,0.0000,0.0000,0.3040,0.6560
3203.81,181.3,186.2,168.1,170.9,0.0000,0.0000,0.3040,0.6560
3204.82,181.3,186.2,168.1,170.9,0.0000,0.0000,0.3040,0.6560
3205.83,181.3,186.2,168.1,170.9,0.0000,0.0000,0.3040,0.6560
3206.84,181.3,186.2,168.1,170.9,0.0000,0.0000,0.3040,0.6560
3207.85,181.3,186.2,168.1,170.9,0.0000,0.0000,0.3040,0.6560
3208.86,181.3,186.2,168.1,170.9,0.0000,0.0000,0.3040,0.6560
3209.87,181.3,186.2,168.1,170.9,0.0000,0.0000,0.3040,0.6560
3210.88,181.3,186.2,168.1,170.9,0.0000,0.0000,0.3040,0.6560
3211.88,181.3,186.1,168.1,170.9,0.0000,0.0000,0.3040,0.6560
3212.89,181.3,186.1,168.1,170.9,0.0000,0.0000,0.3040,0.6560
3213.90,181.2,186.1,168.1,170.9,0.0000,0.0000,0.3040,0.6560
3214.91,181.2,186.1,168.1,171.0,0.0000,0.0000,0.3040,0.6400
3215.92,181.2,186.1,168.1,171.0,0.0000,0.0000,0.3040,0.6400
3216.93,181.2,186.1,168.1,171.0,0.0000,0.0000,0.3040,0.6400
3217.94,181.2,186.1,168.1,171.0,0.0000,0.0000,0.3040,0.6400
3218.95,181.2,186.1,168.1,171.0,0.0000,0.0000,0.3040,0.6400
3219.96,181.2,186.0,168.1,171.0,0.0000,0.0000,0.3040,0.6400
3220.96,181.2,186.0,168.1,171.0,0.0000,0.0000,0.3040,0.6400
3221.97,181.2,186.0,168.1,171.0,0.0000,0.0000,0.3040,0.6400
3222.98,181.2,186.0,168.1,171.0,0.0000,0.0000,0.3040,0.6400
3223.99,181.2,186.0,168.1,171.0,0.0000,0.0000,0.3040,0.6400
3225.00,181.2,186.0,168.1,171.0,0.0000,0.0000,0.3040,0.6400
3226.01,181.2,186.0,168.1,171.0,0.0000,0.0000,0.3040,0.6400
3227.02,181.2,186.0,168.1,171.0,0.0000,0.0000,0.3040,0.6400
3228.03,181.2,186.0,168.1,171.0,0.0000,0.0000,0.3040,0.6400
3229.03,181.2,185.9,168.1,171.0,0.0000,0.0000,0.3040,0.6400
3230.04,181.2,185.9,168.1,171.0,0.0000,0.0000,0.3040,0.6400
3231.05,181.2,185.9,168.1,171.0,0.0000,0.0000,0.3040,0.6400
3232.06,181.2,185.9,168.1,171.0,0.0000,0.0000,0.3040,0.6400
3233.07,181.2,185.9,168.1,171.0,0.0000,0.0000,0.3040,0.6400
3234.08,181.2,185.9,168.1,171.0,0.0000,0.0000,0.3040,0.6400
3235.09,181.2,185.9,168.1,171.1,0.0000,0.0000,0.3040,0.6240
3236.10,181.2,185.9,168.1,171.1,0.0000,0.0000,0.3040,0.6240
3237.11,181.2,185.9,168.1,171.1,0.0000,0.0000,0.3040,0.6240
3238.11,181.1,185.8,168.1,171.1,0.0000,0.0000,0.3040,0.6240
3239.12,181.2,185.8,168.1,171.1,0.0000,0.0000,0.3040,0.6240
3240.13,181.1,185.8,168.2,171.1,0.0000,0.0000,0.2880,0.6240
3241.14,181.1,185.8,168.2,171.1,0.0000,0.0000,0.2880,0.6240
3242.15,181.1,185.8,168.2,171.1,0.0000,0.0000,0.2880,0.6240
3243.16,181.1,185.8,168.2,171.1,0.0000,0.0000,0.2880,0.6240
3244.17,181.1,185.8,168.2,171.1,0.0000,0.0000,0.2880,0.6240
3245.18,181.1,185.8,168.2,171.1,0.0000,0.0000,0.2880,0.6240
3246.19,181.1,185.8,168.2,171.1,0.0000,0.0000,0.2880,0.6240
3247.19,181.1,185.7,168.2,171.1,0.0000,0.0000,0.2880,0.6240
3248.20,181.1,185.7,168.2,171.1,0.0000,0.0000,0.2880,0.6240
3249.21,181.1,185.7,168.2,171.1,0.0000,0.0000,0.2880,0.6240
3250.22,181.1,185.7,168.2,171.1,0.0000,0.0000,0.2880,0.6240
3251.23,181.1,185.7,168.2,171.1,0.0000,0.0000,0.2880,0.6240
3252.24,181.1,185.7,168.2,171.1,0.0000,0.0000,0.2880,0.6240
3253.25,181.1,185.7,168.3,171.1,0.0000,0.0000,0.2720,0.6240
3254.26,181.1,185.7,168.3,171.1,0.0000,0.0000,0.2720,0.6240
3255.27,181.0,185.7,168.3,171.1,0.0000,0.0000,0.2720,0.6240
3256.27,181.0,185.7,168.3,171.2,0.0000,0.0000,0.2720,0.6080
3257.28,181.0,185.6,168.3,171.2,0.0000,0.0000,0.2720,0.6080
3258.29,181.0,185.6,168.3,171.2,0.0000,0.0000,0.2720,0.6080
3259.30,181.0,185.6,168.3,171.2,0.0000,0.0000,0.2720,0.6080
3260.31,181.0,185.6,168.3,171.2,0.0000,0.0000,0.2720,0.6080
3261.32,181.0,185.6,168.3,171.2,0.0000,0.0000,0.2720,0.6080
3262.33,181.0,185.6,168.3,171.2,0.0000,0.0000,0.2720,0.6080
3263.34,181.0,185.6,168.4,171.2,0.0000,0.0000,0.2560,0.6080
